tick,lineage_id,population,frac,births_cum,mean_body_size,mean_light_absorption,mean_reproduction_investment,mean_mutation_rate
20,0,2,0.010309,2,1.005436,0.312919,0.390357,0.050916
20,2,2,0.010309,2,0.977233,0.294412,0.411546,0.046073
20,3,2,0.010309,2,0.99154,0.297008,0.400638,0.05235
20,4,2,0.010309,2,1.042721,0.299865,0.402979,0.047281
20,5,2,0.010309,2,0.936513,0.289842,0.406799,0.05523
20,6,2,0.010309,2,1.001933,0.303654,0.404138,0.048265
20,7,2,0.010309,2,1.057745,0.324077,0.416127,0.052826
20,8,2,0.010309,2,0.987718,0.292291,0.382099,0.050783
40,29,3,0.015228,3,0.982121,0.300079,0.411086,0.041808
40,37,3,0.015228,3,0.942098,0.305707,0.392363,0.048497
40,64,3,0.015228,3,0.973094,0.302303,0.391948,0.048418
40,0,2,0.010152,2,1.005436,0.312919,0.390357,0.050916
40,2,2,0.010152,2,0.977233,0.294412,0.411546,0.046073
40,3,2,0.010152,2,0.99154,0.297008,0.400638,0.05235
40,4,2,0.010152,2,1.042721,0.299865,0.402979,0.047281
40,5,2,0.010152,2,0.936513,0.289842,0.406799,0.05523
60,11,3,0.014851,3,1.019322,0.311098,0.392717,0.046933
60,21,3,0.014851,3,0.97642,0.313452,0.40524,0.049241
60,29,3,0.014851,3,0.982121,0.300079,0.411086,0.041808
60,37,3,0.014851,3,0.942098,0.305707,0.392363,0.048497
60,50,3,0.014851,3,0.959922,0.302457,0.419624,0.052394
60,64,3,0.014851,3,0.973094,0.302303,0.391948,0.048418
60,70,3,0.014851,3,1.04188,0.312346,0.386277,0.052006
60,73,3,0.014851,3,1.024291,0.325136,0.364446,0.055498
80,11,4,0.019512,4,1.009515,0.311262,0.390215,0.045176
80,29,4,0.019512,4,0.98835,0.297406,0.40944,0.042845
80,50,4,0.019512,4,0.990128,0.300855,0.413071,0.053915
80,21,3,0.014634,3,0.97642,0.313452,0.40524,0.049241
80,37,3,0.014634,3,0.942098,0.305707,0.392363,0.048497
80,64,3,0.014634,3,0.973094,0.302303,0.391948,0.048418
80,70,3,0.014634,3,1.04188,0.312346,0.386277,0.052006
80,73,3,0.014634,3,1.024291,0.325136,0.364446,0.055498
100,11,5,0.024876,5,1.010055,0.313088,0.38448,0.045241
100,21,5,0.024876,5,0.983555,0.313008,0.401394,0.051176
100,37,5,0.024876,5,0.947309,0.29177,0.388258,0.046848
100,29,4,0.0199,4,0.98835,0.297406,0.40944,0.042845
100,50,4,0.0199,4,0.990128,0.300855,0.413071,0.053915
100,64,4,0.0199,4,1.000751,0.298598,0.39335,0.048855
100,82,4,0.0199,4,1.029574,0.295177,0.393215,0.052663
100,70,3,0.014925,3,1.04188,0.312346,0.386277,0.052006
120,11,7,0.034653,7,1.028657,0.312214,0.384919,0.046574
120,21,6,0.029703,6,0.993102,0.309138,0.401381,0.050204
120,37,5,0.024752,5,0.947309,0.29177,0.388258,0.046848
120,50,5,0.024752,5,0.982852,0.301129,0.414514,0.053205
120,29,4,0.019802,4,0.98835,0.297406,0.40944,0.042845
120,48,4,0.019802,4,0.958459,0.303157,0.401329,0.053349
120,64,4,0.019802,4,1.000751,0.298598,0.39335,0.048855
120,82,4,0.019802,4,1.029574,0.295177,0.393215,0.052663
140,11,7,0.034314,7,1.028657,0.312214,0.384919,0.046574
140,21,6,0.029412,6,0.993102,0.309138,0.401381,0.050204
140,37,6,0.029412,6,0.945952,0.29111,0.38294,0.04678
140,29,5,0.02451,5,0.988391,0.299367,0.403667,0.043831
140,50,5,0.02451,5,0.982852,0.301129,0.414514,0.053205
140,22,4,0.019608,4,1.010389,0.290032,0.419427,0.049744
140,46,4,0.019608,4,0.971375,0.301875,0.389374,0.046133
140,48,4,0.019608,4,0.958459,0.303157,0.401329,0.053349
160,11,7,0.034826,7,1.028657,0.312214,0.384919,0.046574
160,21,6,0.029851,6,0.993102,0.309138,0.401381,0.050204
160,29,6,0.029851,6,1.003218,0.295408,0.398176,0.0437
160,37,6,0.029851,6,0.945952,0.29111,0.38294,0.04678
160,50,6,0.029851,6,0.990459,0.299729,0.411861,0.054337
160,82,6,0.029851,6,1.05559,0.30361,0.403539,0.051419
160,64,5,0.024876,5,1.006585,0.299691,0.394368,0.050126
160,22,4,0.0199,4,1.010389,0.290032,0.419427,0.049744
180,11,8,0.038278,8,1.032633,0.308013,0.381823,0.045757
180,37,8,0.038278,8,0.9327,0.287377,0.383459,0.046675
180,21,6,0.028708,6,0.993102,0.309138,0.401381,0.050204
180,29,6,0.028708,6,1.003218,0.295408,0.398176,0.0437
180,50,6,0.028708,6,0.990459,0.299729,0.411861,0.054337
180,82,6,0.028708,6,1.05559,0.30361,0.403539,0.051419
180,64,5,0.023923,5,1.006585,0.299691,0.394368,0.050126
180,99,5,0.023923,5,0.983819,0.300841,0.406012,0.047804
200,11,8,0.038462,8,1.032633,0.308013,0.381823,0.045757
200,37,8,0.038462,8,0.9327,0.287377,0.383459,0.046675
200,29,7,0.033654,7,1.004932,0.299988,0.400546,0.043797
200,21,6,0.028846,6,0.993102,0.309138,0.401381,0.050204
200,50,6,0.028846,6,0.990459,0.299729,0.411861,0.054337
200,82,6,0.028846,6,1.05559,0.30361,0.403539,0.051419
200,64,5,0.024038,5,1.006585,0.299691,0.394368,0.050126
200,99,5,0.024038,5,0.983819,0.300841,0.406012,0.047804
220,11,9,0.042654,9,1.024418,0.305913,0.383253,0.046038
220,29,8,0.037915,8,1.005941,0.300335,0.397507,0.044058
220,37,8,0.037915,8,0.9327,0.287377,0.383459,0.046675
220,82,7,0.033175,7,1.068981,0.304879,0.406966,0.052569
220,21,6,0.028436,6,0.993102,0.309138,0.401381,0.050204
220,50,6,0.028436,6,0.990459,0.299729,0.411861,0.054337
220,64,6,0.028436,6,1.019105,0.298586,0.392657,0.052513
220,46,5,0.023697,5,0.983647,0.30299,0.387555,0.045702
240,11,9,0.041667,9,1.024418,0.305913,0.383253,0.046038
240,37,9,0.041667,9,0.929966,0.287353,0.377898,0.046898
240,29,8,0.037037,8,1.005941,0.300335,0.397507,0.044058
240,82,7,0.032407,7,1.068981,0.304879,0.406966,0.052569
240,21,6,0.027778,6,0.993102,0.309138,0.401381,0.050204
240,46,6,0.027778,6,0.984377,0.303034,0.393552,0.044133
240,50,6,0.027778,6,0.990459,0.299729,0.411861,0.054337
240,64,6,0.027778,6,1.019105,0.298586,0.392657,0.052513
260,11,9,0.041475,9,1.024418,0.305913,0.383253,0.046038
260,29,9,0.041475,9,1.01449,0.298019,0.401112,0.045454
260,37,9,0.041475,9,0.929966,0.287353,0.377898,0.046898
260,82,7,0.032258,7,1.068981,0.304879,0.406966,0.052569
260,99,7,0.032258,7,0.979727,0.295967,0.402632,0.048172
260,21,6,0.02765,6,0.993102,0.309138,0.401381,0.050204
260,46,6,0.02765,6,0.984377,0.303034,0.393552,0.044133
260,50,6,0.02765,6,0.990459,0.299729,0.411861,0.054337
280,11,10,0.045662,10,1.020522,0.303128,0.382906,0.046276
280,29,10,0.045662,10,1.014905,0.297597,0.400581,0.046163
280,37,7,0.031963,10,0.928264,0.291235,0.374606,0.046376
280,82,7,0.031963,7,1.068981,0.304879,0.406966,0.052569
280,99,7,0.031963,7,0.979727,0.295967,0.402632,0.048172
280,21,6,0.027397,6,0.993102,0.309138,0.401381,0.050204
280,46,6,0.027397,6,0.984377,0.303034,0.393552,0.044133
280,50,6,0.027397,6,0.990459,0.299729,0.411861,0.054337
300,11,10,0.045455,10,1.020522,0.303128,0.382906,0.046276
300,29,9,0.040909,10,1.020808,0.297737,0.399003,0.04704
300,37,8,0.036364,11,0.934688,0.290809,0.38292,0.046434
300,82,7,0.031818,7,1.068981,0.304879,0.406966,0.052569
300,99,7,0.031818,7,0.979727,0.295967,0.402632,0.048172
300,21,6,0.027273,6,0.993102,0.309138,0.401381,0.050204
300,46,6,0.027273,6,0.984377,0.303034,0.393552,0.044133
300,50,6,0.027273,6,0.990459,0.299729,0.411861,0.054337
320,11,10,0.044843,11,1.023357,0.305116,0.387254,0.046621
320,29,9,0.040359,11,1.017133,0.297141,0.399179,0.047617
320,37,9,0.040359,12,0.927236,0.292216,0.379873,0.046061
320,46,7,0.03139,7,0.978841,0.304458,0.392757,0.045123
320,82,7,0.03139,7,1.068981,0.304879,0.406966,0.052569
320,21,6,0.026906,6,0.993102,0.309138,0.401381,0.050204
320,50,6,0.026906,6,0.990459,0.299729,0.411861,0.054337
320,64,6,0.026906,6,1.019105,0.298586,0.392657,0.052513
340,11,10,0.044843,11,1.023357,0.305116,0.387254,0.046621
340,29,9,0.040359,11,1.017133,0.297141,0.399179,0.047617
340,37,8,0.035874,12,0.927273,0.28865,0.378189,0.045799
340,99,7,0.03139,9,0.993234,0.282227,0.402237,0.04661
340,21,6,0.026906,6,0.993102,0.309138,0.401381,0.050204
340,50,6,0.026906,6,0.990459,0.299729,0.411861,0.054337
340,64,6,0.026906,6,1.019105,0.298586,0.392657,0.052513
340,82,6,0.026906,7,1.082526,0.307615,0.414268,0.051578
360,11,9,0.04,11,1.030542,0.306894,0.386427,0.046436
360,29,9,0.04,11,1.017133,0.297141,0.399179,0.047617
360,37,8,0.035556,13,0.935891,0.286766,0.379198,0.045125
360,99,8,0.035556,10,0.989548,0.286468,0.401426,0.046003
360,21,6,0.026667,6,0.993102,0.309138,0.401381,0.050204
360,50,6,0.026667,6,0.990459,0.299729,0.411861,0.054337
360,64,6,0.026667,6,1.019105,0.298586,0.392657,0.052513
360,82,6,0.026667,7,1.082526,0.307615,0.414268,0.051578
380,11,9,0.039823,12,1.032396,0.303625,0.389506,0.047783
380,29,9,0.039823,11,1.017133,0.297141,0.399179,0.047617
380,37,8,0.035398,13,0.935891,0.286766,0.379198,0.045125
380,99,8,0.035398,10,0.989548,0.286468,0.401426,0.046003
380,21,6,0.026549,6,0.993102,0.309138,0.401381,0.050204
380,50,6,0.026549,6,0.990459,0.299729,0.411861,0.054337
380,64,6,0.026549,6,1.019105,0.298586,0.392657,0.052513
380,82,6,0.026549,7,1.082526,0.307615,0.414268,0.051578
400,29,8,0.034934,11,1.017649,0.296438,0.402048,0.047833
400,37,8,0.034934,13,0.935891,0.286766,0.379198,0.045125
400,99,8,0.034934,10,0.989548,0.286468,0.401426,0.046003
400,11,7,0.030568,12,1.046573,0.306115,0.391866,0.048818
400,21,6,0.026201,6,0.993102,0.309138,0.401381,0.050204
400,46,6,0.026201,8,0.967407,0.304465,0.389691,0.047405
400,50,6,0.026201,6,0.990459,0.299729,0.411861,0.054337
400,64,6,0.026201,6,1.019105,0.298586,0.392657,0.052513
420,37,10,0.043668,15,0.925741,0.284763,0.379176,0.044278
420,99,9,0.039301,11,0.990385,0.281788,0.400908,0.045573
420,29,8,0.034934,11,1.017649,0.296438,0.402048,0.047833
420,11,7,0.030568,12,1.046573,0.306115,0.391866,0.048818
420,21,6,0.026201,6,0.993102,0.309138,0.401381,0.050204
420,46,6,0.026201,8,0.967407,0.304465,0.389691,0.047405
420,50,6,0.026201,6,0.990459,0.299729,0.411861,0.054337
420,64,6,0.026201,6,1.019105,0.298586,0.392657,0.052513
440,37,11,0.048035,16,0.925851,0.284979,0.379042,0.045031
440,11,8,0.034934,13,1.031577,0.303066,0.389226,0.048497
440,29,8,0.034934,11,1.017649,0.296438,0.402048,0.047833
440,99,8,0.034934,11,0.993966,0.279925,0.402382,0.045138
440,46,7,0.030568,9,0.965715,0.30523,0.390332,0.047718
440,21,6,0.026201,6,0.993102,0.309138,0.401381,0.050204
440,50,6,0.026201,6,0.990459,0.299729,0.411861,0.054337
440,64,6,0.026201,6,1.019105,0.298586,0.392657,0.052513
460,37,12,0.050847,17,0.92269,0.28372,0.378769,0.045414
460,11,8,0.033898,13,1.031577,0.303066,0.389226,0.048497
460,29,8,0.033898,11,1.017649,0.296438,0.402048,0.047833
460,50,7,0.029661,7,0.980639,0.299773,0.420104,0.053218
460,99,7,0.029661,11,0.99607,0.282308,0.402233,0.046496
460,21,6,0.025424,6,0.993102,0.309138,0.401381,0.050204
460,46,6,0.025424,9,0.961996,0.305559,0.384797,0.049623
460,64,6,0.025424,6,1.019105,0.298586,0.392657,0.052513
480,37,11,0.045643,17,0.917096,0.282097,0.377725,0.045073
480,11,9,0.037344,14,1.033121,0.306198,0.393396,0.049265
480,29,8,0.033195,11,1.017649,0.296438,0.402048,0.047833
480,99,8,0.033195,12,1.003916,0.278149,0.398991,0.046075
480,50,7,0.029046,7,0.980639,0.299773,0.420104,0.053218
480,21,6,0.024896,6,0.993102,0.309138,0.401381,0.050204
480,46,6,0.024896,9,0.961996,0.305559,0.384797,0.049623
480,64,6,0.024896,6,1.019105,0.298586,0.392657,0.052513
500,37,10,0.041322,17,0.911102,0.283097,0.38135,0.045251
500,11,9,0.03719,14,1.033121,0.306198,0.393396,0.049265
500,29,8,0.033058,11,1.017649,0.296438,0.402048,0.047833
500,46,7,0.028926,10,0.952305,0.302959,0.384623,0.048444
500,50,7,0.028926,7,0.980639,0.299773,0.420104,0.053218
500,99,7,0.028926,12,1.009655,0.27272,0.399454,0.046692
500,21,6,0.024793,6,0.993102,0.309138,0.401381,0.050204
500,64,6,0.024793,6,1.019105,0.298586,0.392657,0.052513
520,37,10,0.041667,17,0.911102,0.283097,0.38135,0.045251
520,11,9,0.0375,14,1.033121,0.306198,0.393396,0.049265
520,29,8,0.033333,11,1.017649,0.296438,0.402048,0.047833
520,46,7,0.029167,10,0.952305,0.302959,0.384623,0.048444
520,50,7,0.029167,7,0.980639,0.299773,0.420104,0.053218
520,21,6,0.025,6,0.993102,0.309138,0.401381,0.050204
520,64,6,0.025,6,1.019105,0.298586,0.392657,0.052513
520,82,6,0.025,7,1.082526,0.307615,0.414268,0.051578
540,37,10,0.041152,17,0.911102,0.283097,0.38135,0.045251
540,11,9,0.037037,14,1.033121,0.306198,0.393396,0.049265
540,29,8,0.032922,11,1.017649,0.296438,0.402048,0.047833
540,46,7,0.028807,10,0.952305,0.302959,0.384623,0.048444
540,50,7,0.028807,7,0.980639,0.299773,0.420104,0.053218
540,21,6,0.024691,6,0.993102,0.309138,0.401381,0.050204
540,64,6,0.024691,6,1.019105,0.298586,0.392657,0.052513
540,82,6,0.024691,7,1.082526,0.307615,0.414268,0.051578
560,37,10,0.041494,17,0.911102,0.283097,0.38135,0.045251
560,11,8,0.033195,14,1.026159,0.307163,0.392117,0.049988
560,29,8,0.033195,11,1.017649,0.296438,0.402048,0.047833
560,46,7,0.029046,10,0.952305,0.302959,0.384623,0.048444
560,50,7,0.029046,7,0.980639,0.299773,0.420104,0.053218
560,21,6,0.024896,6,0.993102,0.309138,0.401381,0.050204
560,26,6,0.024896,6,0.906298,0.30036,0.425476,0.048599
560,64,6,0.024896,6,1.019105,0.298586,0.392657,0.052513
580,37,9,0.03719,17,0.910961,0.285324,0.38514,0.045373
580,11,8,0.033058,14,1.026159,0.307163,0.392117,0.049988
580,29,8,0.033058,11,1.017649,0.296438,0.402048,0.047833
580,46,8,0.033058,11,0.945215,0.300729,0.385399,0.047112
580,50,7,0.028926,7,0.980639,0.299773,0.420104,0.053218
580,0,6,0.024793,7,0.979078,0.321472,0.405039,0.04469
580,21,6,0.024793,6,0.993102,0.309138,0.401381,0.050204
580,26,6,0.024793,6,0.906298,0.30036,0.425476,0.048599
600,37,10,0.04065,18,0.9193,0.285975,0.387193,0.044852
600,11,8,0.03252,14,1.026159,0.307163,0.392117,0.049988
600,29,8,0.03252,11,1.017649,0.296438,0.402048,0.047833
600,46,7,0.028455,11,0.94588,0.298346,0.388199,0.046288
600,50,7,0.028455,7,0.980639,0.299773,0.420104,0.053218
600,99,7,0.028455,14,0.973334,0.280224,0.396127,0.047397
600,0,6,0.02439,7,0.979078,0.321472,0.405039,0.04469
600,21,6,0.02439,6,0.993102,0.309138,0.401381,0.050204
620,37,10,0.040161,19,0.923015,0.287239,0.38479,0.044245
620,11,8,0.032129,14,1.026159,0.307163,0.392117,0.049988
620,29,8,0.032129,11,1.017649,0.296438,0.402048,0.047833
620,0,7,0.028112,8,0.988331,0.324427,0.407401,0.046807
620,46,7,0.028112,11,0.94588,0.298346,0.388199,0.046288
620,50,7,0.028112,7,0.980639,0.299773,0.420104,0.053218
620,99,7,0.028112,14,0.973334,0.280224,0.396127,0.047397
620,21,6,0.024096,6,0.993102,0.309138,0.401381,0.050204
640,37,10,0.039526,19,0.923015,0.287239,0.38479,0.044245
640,11,8,0.031621,14,1.026159,0.307163,0.392117,0.049988
640,29,8,0.031621,11,1.017649,0.296438,0.402048,0.047833
640,0,7,0.027668,8,0.988331,0.324427,0.407401,0.046807
640,50,7,0.027668,7,0.980639,0.299773,0.420104,0.053218
640,99,7,0.027668,14,0.973334,0.280224,0.396127,0.047397
640,21,6,0.023715,6,0.993102,0.309138,0.401381,0.050204
640,26,6,0.023715,6,0.906298,0.30036,0.425476,0.048599
660,37,10,0.039216,19,0.923015,0.287239,0.38479,0.044245
660,11,8,0.031373,14,1.026159,0.307163,0.392117,0.049988
660,29,8,0.031373,11,1.017649,0.296438,0.402048,0.047833
660,0,7,0.027451,8,0.988331,0.324427,0.407401,0.046807
660,46,7,0.027451,12,0.944903,0.295754,0.387305,0.046936
660,50,7,0.027451,7,0.980639,0.299773,0.420104,0.053218
660,99,7,0.027451,15,0.967201,0.288694,0.399096,0.048781
660,21,6,0.023529,6,0.993102,0.309138,0.401381,0.050204
680,37,10,0.039062,19,0.923015,0.287239,0.38479,0.044245
680,0,8,0.03125,9,0.978799,0.320973,0.409496,0.046534
680,11,8,0.03125,14,1.026159,0.307163,0.392117,0.049988
680,29,8,0.03125,11,1.017649,0.296438,0.402048,0.047833
680,46,7,0.027344,12,0.944903,0.295754,0.387305,0.046936
680,50,7,0.027344,7,0.980639,0.299773,0.420104,0.053218
680,99,7,0.027344,15,0.967201,0.288694,0.399096,0.048781
680,21,6,0.023438,6,0.993102,0.309138,0.401381,0.050204
700,37,10,0.03876,19,0.923015,0.287239,0.38479,0.044245
700,11,8,0.031008,14,1.026159,0.307163,0.392117,0.049988
700,29,8,0.031008,11,1.017649,0.296438,0.402048,0.047833
700,0,7,0.027132,9,0.968984,0.323118,0.40889,0.046139
700,99,7,0.027132,15,0.967201,0.288694,0.399096,0.048781
700,21,6,0.023256,6,0.993102,0.309138,0.401381,0.050204
700,26,6,0.023256,6,0.906298,0.30036,0.425476,0.048599
700,28,6,0.023256,6,1.051317,0.287568,0.376256,0.047459
720,37,9,0.035019,19,0.92917,0.285436,0.388044,0.044374
720,11,8,0.031128,14,1.026159,0.307163,0.392117,0.049988
720,29,8,0.031128,11,1.017649,0.296438,0.402048,0.047833
720,0,7,0.027237,9,0.968984,0.323118,0.40889,0.046139
720,99,7,0.027237,15,0.967201,0.288694,0.399096,0.048781
720,21,6,0.023346,6,0.993102,0.309138,0.401381,0.050204
720,28,6,0.023346,6,1.051317,0.287568,0.376256,0.047459
720,46,6,0.023346,12,0.943126,0.29341,0.386159,0.046493
740,37,9,0.034884,19,0.92917,0.285436,0.388044,0.044374
740,11,8,0.031008,14,1.026159,0.307163,0.392117,0.049988
740,29,8,0.031008,11,1.017649,0.296438,0.402048,0.047833
740,99,8,0.031008,16,0.964534,0.290176,0.400001,0.049721
740,90,7,0.027132,9,1.120697,0.317057,0.436358,0.051578
740,0,6,0.023256,9,0.959913,0.325211,0.409519,0.046412
740,21,6,0.023256,6,0.993102,0.309138,0.401381,0.050204
740,28,6,0.023256,6,1.051317,0.287568,0.376256,0.047459
760,37,9,0.034483,19,0.92917,0.285436,0.388044,0.044374
760,11,8,0.030651,14,1.026159,0.307163,0.392117,0.049988
760,29,8,0.030651,11,1.017649,0.296438,0.402048,0.047833
760,99,8,0.030651,16,0.964534,0.290176,0.400001,0.049721
760,90,7,0.02682,9,1.120697,0.317057,0.436358,0.051578
760,0,6,0.022989,9,0.959913,0.325211,0.409519,0.046412
760,21,6,0.022989,6,0.993102,0.309138,0.401381,0.050204
760,28,6,0.022989,6,1.051317,0.287568,0.376256,0.047459
780,37,11,0.041667,21,0.935794,0.286124,0.387214,0.045156
780,11,8,0.030303,14,1.026159,0.307163,0.392117,0.049988
780,29,8,0.030303,11,1.017649,0.296438,0.402048,0.047833
780,99,8,0.030303,16,0.964534,0.290176,0.400001,0.049721
780,46,7,0.026515,14,0.953196,0.298174,0.386002,0.045074
780,90,7,0.026515,9,1.120697,0.317057,0.436358,0.051578
780,0,6,0.022727,9,0.959913,0.325211,0.409519,0.046412
780,21,6,0.022727,6,0.993102,0.309138,0.401381,0.050204
800,37,10,0.03861,21,0.940582,0.287749,0.38836,0.044708
800,11,8,0.030888,14,1.026159,0.307163,0.392117,0.049988
800,29,8,0.030888,11,1.017649,0.296438,0.402048,0.047833
800,46,7,0.027027,14,0.953196,0.298174,0.386002,0.045074
800,99,7,0.027027,16,0.957195,0.287583,0.400419,0.049279
800,21,6,0.023166,6,0.993102,0.309138,0.401381,0.050204
800,50,6,0.023166,7,0.990459,0.299729,0.411861,0.054337
800,65,6,0.023166,8,0.979889,0.296089,0.389441,0.045315
820,37,10,0.038462,21,0.940582,0.287749,0.38836,0.044708
820,11,9,0.034615,15,1.022168,0.308882,0.386146,0.048869
820,29,8,0.030769,11,1.017649,0.296438,0.402048,0.047833
820,46,7,0.026923,14,0.953196,0.298174,0.386002,0.045074
820,50,7,0.026923,8,0.97754,0.300923,0.414221,0.05459
820,99,7,0.026923,16,0.957195,0.287583,0.400419,0.049279
820,21,6,0.023077,6,0.993102,0.309138,0.401381,0.050204
820,65,6,0.023077,8,0.979889,0.296089,0.389441,0.045315
840,37,10,0.038462,21,0.940582,0.287749,0.38836,0.044708
840,11,9,0.034615,15,1.022168,0.308882,0.386146,0.048869
840,29,8,0.030769,11,1.017649,0.296438,0.402048,0.047833
840,99,8,0.030769,17,0.969866,0.286209,0.403382,0.048244
840,46,7,0.026923,14,0.953196,0.298174,0.386002,0.045074
840,50,7,0.026923,8,0.97754,0.300923,0.414221,0.05459
840,90,7,0.026923,10,1.146143,0.3224,0.443356,0.051971
840,21,6,0.023077,6,0.993102,0.309138,0.401381,0.050204
860,37,10,0.03861,21,0.940582,0.287749,0.38836,0.044708
860,11,9,0.034749,15,1.022168,0.308882,0.386146,0.048869
860,29,8,0.030888,11,1.017649,0.296438,0.402048,0.047833
860,46,8,0.030888,15,0.949371,0.296178,0.385516,0.043677
860,99,8,0.030888,17,0.969866,0.286209,0.403382,0.048244
860,50,7,0.027027,8,0.97754,0.300923,0.414221,0.05459
860,21,6,0.023166,6,0.993102,0.309138,0.401381,0.050204
860,75,6,0.023166,7,1.006099,0.300585,0.403714,0.048969
880,37,10,0.038911,21,0.940582,0.287749,0.38836,0.044708
880,11,9,0.035019,15,1.022168,0.308882,0.386146,0.048869
880,29,8,0.031128,11,1.017649,0.296438,0.402048,0.047833
880,99,8,0.031128,17,0.969866,0.286209,0.403382,0.048244
880,46,7,0.027237,15,0.950305,0.295857,0.383096,0.042887
880,50,7,0.027237,8,0.97754,0.300923,0.414221,0.05459
880,21,6,0.023346,6,0.993102,0.309138,0.401381,0.050204
880,75,6,0.023346,7,1.006099,0.300585,0.403714,0.048969
900,37,10,0.039062,21,0.940582,0.287749,0.38836,0.044708
900,11,9,0.035156,15,1.022168,0.308882,0.386146,0.048869
900,29,8,0.03125,11,1.017649,0.296438,0.402048,0.047833
900,99,8,0.03125,17,0.969866,0.286209,0.403382,0.048244
900,46,7,0.027344,15,0.950305,0.295857,0.383096,0.042887
900,50,7,0.027344,8,0.97754,0.300923,0.414221,0.05459
900,75,7,0.027344,8,0.989249,0.30244,0.403906,0.048403
900,21,6,0.023438,6,0.993102,0.309138,0.401381,0.050204
920,37,10,0.03861,21,0.940582,0.287749,0.38836,0.044708
920,11,9,0.034749,15,1.022168,0.308882,0.386146,0.048869
920,29,8,0.030888,11,1.017649,0.296438,0.402048,0.047833
920,75,8,0.030888,9,0.975751,0.300708,0.405068,0.050182
920,46,7,0.027027,15,0.950305,0.295857,0.383096,0.042887
920,50,7,0.027027,8,0.97754,0.300923,0.414221,0.05459
920,99,7,0.027027,17,0.978321,0.293522,0.403384,0.049944
920,21,6,0.023166,6,0.993102,0.309138,0.401381,0.050204
940,37,10,0.038023,21,0.940582,0.287749,0.38836,0.044708
940,11,9,0.034221,15,1.022168,0.308882,0.386146,0.048869
940,75,9,0.034221,10,0.969591,0.300319,0.410142,0.049539
940,29,8,0.030418,11,1.017649,0.296438,0.402048,0.047833
940,46,7,0.026616,16,0.935225,0.295917,0.389933,0.040281
940,50,7,0.026616,8,0.97754,0.300923,0.414221,0.05459
940,90,7,0.026616,12,1.112708,0.325317,0.437545,0.05287
940,99,7,0.026616,17,0.978321,0.293522,0.403384,0.049944
960,37,10,0.037879,21,0.940582,0.287749,0.38836,0.044708
960,11,9,0.034091,15,1.022168,0.308882,0.386146,0.048869
960,75,9,0.034091,10,0.969591,0.300319,0.410142,0.049539
960,50,8,0.030303,9,0.982982,0.299146,0.41703,0.054317
960,29,7,0.026515,11,1.009121,0.299413,0.406522,0.048518
960,46,7,0.026515,16,0.935225,0.295917,0.389933,0.040281
960,90,7,0.026515,12,1.112708,0.325317,0.437545,0.05287
960,21,6,0.022727,6,0.993102,0.309138,0.401381,0.050204
980,75,10,0.037879,11,0.976471,0.300337,0.407038,0.049474
980,11,9,0.034091,15,1.022168,0.308882,0.386146,0.048869
980,37,9,0.034091,21,0.937066,0.28997,0.393077,0.044602
980,50,8,0.030303,9,0.982982,0.299146,0.41703,0.054317
980,90,8,0.030303,13,1.121032,0.327208,0.437488,0.05173
980,29,7,0.026515,11,1.009121,0.299413,0.406522,0.048518
980,46,7,0.026515,16,0.935225,0.295917,0.389933,0.040281
980,64,7,0.026515,9,1.029684,0.297055,0.389579,0.051829
1000,75,10,0.037736,11,0.976471,0.300337,0.407038,0.049474
1000,37,9,0.033962,21,0.937066,0.28997,0.393077,0.044602
1000,50,9,0.033962,11,1.01553,0.296668,0.417566,0.056413
1000,11,8,0.030189,15,1.026159,0.307163,0.392117,0.049988
1000,29,7,0.026415,11,1.009121,0.299413,0.406522,0.048518
1000,46,7,0.026415,16,0.935225,0.295917,0.389933,0.040281
1000,64,7,0.026415,9,1.029684,0.297055,0.389579,0.051829
1000,90,7,0.026415,13,1.111785,0.324891,0.435917,0.051374
1020,37,9,0.034221,21,0.937066,0.28997,0.393077,0.044602
1020,50,9,0.034221,11,1.01553,0.296668,0.417566,0.056413
1020,75,9,0.034221,11,0.970228,0.302894,0.410012,0.049177
1020,11,8,0.030418,15,1.026159,0.307163,0.392117,0.049988
1020,29,7,0.026616,11,1.009121,0.299413,0.406522,0.048518
1020,90,7,0.026616,13,1.111785,0.324891,0.435917,0.051374
1020,99,7,0.026616,18,0.986978,0.285191,0.409069,0.047098
1020,21,6,0.022814,6,0.993102,0.309138,0.401381,0.050204
1040,37,9,0.034483,21,0.937066,0.28997,0.393077,0.044602
1040,50,9,0.034483,11,1.01553,0.296668,0.417566,0.056413
1040,11,8,0.030651,15,1.026159,0.307163,0.392117,0.049988
1040,29,8,0.030651,12,1.012278,0.302759,0.405854,0.047556
1040,75,8,0.030651,11,0.980488,0.301559,0.410632,0.049699
1040,90,8,0.030651,14,1.131332,0.325536,0.432029,0.052391
1040,46,7,0.02682,17,0.929054,0.296269,0.389625,0.039402
1040,99,7,0.02682,18,0.986978,0.285191,0.409069,0.047098
1060,37,9,0.034091,21,0.937066,0.28997,0.393077,0.044602
1060,11,8,0.030303,15,1.026159,0.307163,0.392117,0.049988
1060,29,8,0.030303,12,1.012278,0.302759,0.405854,0.047556
1060,50,8,0.030303,11,1.029968,0.29524,0.416213,0.056451
1060,75,8,0.030303,11,0.980488,0.301559,0.410632,0.049699
1060,64,7,0.026515,10,1.048975,0.295335,0.392642,0.052042
1060,90,7,0.026515,14,1.127004,0.324072,0.427691,0.05242
1060,99,7,0.026515,18,0.986978,0.285191,0.409069,0.047098
1080,37,10,0.037453,22,0.944942,0.290344,0.395708,0.043881
1080,11,8,0.029963,15,1.026159,0.307163,0.392117,0.049988
1080,29,8,0.029963,12,1.012278,0.302759,0.405854,0.047556
1080,50,8,0.029963,11,1.029968,0.29524,0.416213,0.056451
1080,75,8,0.029963,11,0.980488,0.301559,0.410632,0.049699
1080,21,7,0.026217,7,0.99581,0.313406,0.404969,0.050024
1080,64,7,0.026217,10,1.048975,0.295335,0.392642,0.052042
1080,90,7,0.026217,14,1.127004,0.324072,0.427691,0.05242
1100,37,10,0.0369,22,0.944942,0.290344,0.395708,0.043881
1100,29,9,0.03321,13,1.005334,0.305524,0.406718,0.046831
1100,11,8,0.02952,15,1.026159,0.307163,0.392117,0.049988
1100,50,8,0.02952,11,1.029968,0.29524,0.416213,0.056451
1100,75,8,0.02952,11,0.980488,0.301559,0.410632,0.049699
1100,0,7,0.02583,12,0.969765,0.328279,0.40436,0.04539
1100,21,7,0.02583,7,0.99581,0.313406,0.404969,0.050024
1100,90,7,0.02583,14,1.127004,0.324072,0.427691,0.05242
1120,37,11,0.040441,23,0.940197,0.291052,0.396067,0.044224
1120,29,9,0.033088,13,1.005334,0.305524,0.406718,0.046831
1120,11,8,0.029412,15,1.026159,0.307163,0.392117,0.049988
1120,50,8,0.029412,11,1.029968,0.29524,0.416213,0.056451
1120,75,8,0.029412,11,0.980488,0.301559,0.410632,0.049699
1120,99,8,0.029412,19,0.988078,0.290807,0.408402,0.04768
1120,21,7,0.025735,7,0.99581,0.313406,0.404969,0.050024
1120,90,7,0.025735,14,1.127004,0.324072,0.427691,0.05242
1140,37,11,0.04059,23,0.940197,0.291052,0.396067,0.044224
1140,29,9,0.03321,13,1.005334,0.305524,0.406718,0.046831
1140,11,8,0.02952,15,1.026159,0.307163,0.392117,0.049988
1140,50,8,0.02952,11,1.029968,0.29524,0.416213,0.056451
1140,75,8,0.02952,11,0.980488,0.301559,0.410632,0.049699
1140,90,8,0.02952,15,1.136053,0.322659,0.430025,0.051858
1140,99,8,0.02952,19,0.988078,0.290807,0.408402,0.04768
1140,21,7,0.02583,7,0.99581,0.313406,0.404969,0.050024
1160,37,11,0.039855,23,0.940197,0.291052,0.396067,0.044224
1160,29,10,0.036232,14,1.006282,0.305826,0.409698,0.047174
1160,11,8,0.028986,15,1.026159,0.307163,0.392117,0.049988
1160,50,8,0.028986,11,1.029968,0.29524,0.416213,0.056451
1160,75,8,0.028986,11,0.980488,0.301559,0.410632,0.049699
1160,99,8,0.028986,19,0.988078,0.290807,0.408402,0.04768
1160,21,7,0.025362,7,0.99581,0.313406,0.404969,0.050024
1160,46,7,0.025362,18,0.91226,0.295396,0.389451,0.041406
1180,37,11,0.039286,23,0.940197,0.291052,0.396067,0.044224
1180,29,9,0.032143,14,0.997771,0.308753,0.407448,0.046125
1180,11,8,0.028571,15,1.026159,0.307163,0.392117,0.049988
1180,50,8,0.028571,11,1.029968,0.29524,0.416213,0.056451
1180,99,8,0.028571,19,0.988078,0.290807,0.408402,0.04768
1180,21,7,0.025,7,0.99581,0.313406,0.404969,0.050024
1180,32,7,0.025,12,1.037344,0.291075,0.398027,0.05111
1180,46,7,0.025,18,0.91226,0.295396,0.389451,0.041406
1200,37,11,0.039007,23,0.940197,0.291052,0.396067,0.044224
1200,11,8,0.028369,15,1.026159,0.307163,0.392117,0.049988
1200,50,8,0.028369,11,1.029968,0.29524,0.416213,0.056451
1200,21,7,0.024823,7,0.99581,0.313406,0.404969,0.050024
1200,29,7,0.024823,14,0.998583,0.307249,0.411955,0.045905
1200,32,7,0.024823,12,1.037344,0.291075,0.398027,0.05111
1200,46,7,0.024823,18,0.91226,0.295396,0.389451,0.041406
1200,65,7,0.024823,12,1.008774,0.290171,0.387365,0.049294
1220,37,11,0.039427,23,0.940197,0.291052,0.396067,0.044224
1220,11,8,0.028674,15,1.026159,0.307163,0.392117,0.049988
1220,50,8,0.028674,11,1.029968,0.29524,0.416213,0.056451
1220,21,7,0.02509,7,0.99581,0.313406,0.404969,0.050024
1220,29,7,0.02509,14,0.998583,0.307249,0.411955,0.045905
1220,46,7,0.02509,18,0.91226,0.295396,0.389451,0.041406
1220,65,7,0.02509,12,1.008774,0.290171,0.387365,0.049294
1220,75,7,0.02509,11,0.994662,0.303414,0.410264,0.047851
1240,37,11,0.039427,23,0.940197,0.291052,0.396067,0.044224
1240,11,8,0.028674,15,1.026159,0.307163,0.392117,0.049988
1240,50,8,0.028674,11,1.029968,0.29524,0.416213,0.056451
1240,21,7,0.02509,7,0.99581,0.313406,0.404969,0.050024
1240,29,7,0.02509,14,0.998583,0.307249,0.411955,0.045905
1240,46,7,0.02509,18,0.91226,0.295396,0.389451,0.041406
1240,65,7,0.02509,12,1.008774,0.290171,0.387365,0.049294
1240,75,7,0.02509,11,0.994662,0.303414,0.410264,0.047851
1260,37,11,0.039286,23,0.940197,0.291052,0.396067,0.044224
1260,11,8,0.028571,15,1.026159,0.307163,0.392117,0.049988
1260,46,8,0.028571,20,0.924397,0.300268,0.39015,0.043405
1260,50,8,0.028571,11,1.029968,0.29524,0.416213,0.056451
1260,9,7,0.025,10,1.013101,0.299028,0.415206,0.052986
1260,29,7,0.025,14,0.998583,0.307249,0.411955,0.045905
1260,65,7,0.025,13,1.044545,0.286382,0.375267,0.047947
1260,75,7,0.025,11,0.994662,0.303414,0.410264,0.047851
1280,37,11,0.039007,23,0.940197,0.291052,0.396067,0.044224
1280,11,8,0.028369,15,1.026159,0.307163,0.392117,0.049988
1280,29,8,0.028369,15,0.990123,0.306465,0.411602,0.045007
1280,50,8,0.028369,11,1.029968,0.29524,0.416213,0.056451
1280,65,8,0.028369,14,1.040778,0.287473,0.376376,0.049103
1280,32,7,0.024823,13,1.013029,0.293579,0.393671,0.049363
1280,46,7,0.024823,20,0.926683,0.303618,0.386669,0.044721
1280,75,7,0.024823,11,0.994662,0.303414,0.410264,0.047851
1300,11,9,0.032258,16,1.023589,0.305204,0.393072,0.051075
1300,37,9,0.032258,23,0.927049,0.292536,0.390014,0.044226
1300,29,8,0.028674,15,0.990123,0.306465,0.411602,0.045007
1300,50,8,0.028674,11,1.029968,0.29524,0.416213,0.056451
1300,65,8,0.028674,14,1.040778,0.287473,0.376376,0.049103
1300,75,8,0.028674,12,0.991173,0.301142,0.410392,0.047859
1300,32,7,0.02509,13,1.013029,0.293579,0.393671,0.049363
1300,90,7,0.02509,15,1.130739,0.321462,0.426894,0.052179
1320,11,10,0.036101,17,1.032637,0.311015,0.394257,0.051239
1320,37,9,0.032491,23,0.927049,0.292536,0.390014,0.044226
1320,29,8,0.028881,15,0.990123,0.306465,0.411602,0.045007
1320,50,8,0.028881,11,1.029968,0.29524,0.416213,0.056451
1320,75,8,0.028881,12,0.991173,0.301142,0.410392,0.047859
1320,91,8,0.028881,13,1.081639,0.311028,0.394216,0.046224
1320,21,7,0.025271,8,0.976452,0.315002,0.403958,0.048574
1320,32,7,0.025271,13,1.013029,0.293579,0.393671,0.049363
1340,11,10,0.035971,17,1.032637,0.311015,0.394257,0.051239
1340,37,9,0.032374,23,0.927049,0.292536,0.390014,0.044226
1340,50,9,0.032374,12,1.024988,0.297598,0.414515,0.056744
1340,29,8,0.028777,15,0.990123,0.306465,0.411602,0.045007
1340,75,8,0.028777,12,0.991173,0.301142,0.410392,0.047859
1340,91,8,0.028777,13,1.081639,0.311028,0.394216,0.046224
1340,21,7,0.02518,8,0.976452,0.315002,0.403958,0.048574
1340,65,7,0.02518,14,1.050902,0.28602,0.371489,0.050082
1360,11,10,0.035461,17,1.032637,0.311015,0.394257,0.051239
1360,37,9,0.031915,23,0.927049,0.292536,0.390014,0.044226
1360,50,9,0.031915,12,1.024988,0.297598,0.414515,0.056744
1360,29,8,0.028369,15,0.990123,0.306465,0.411602,0.045007
1360,75,8,0.028369,12,0.991173,0.301142,0.410392,0.047859
1360,91,8,0.028369,13,1.081639,0.311028,0.394216,0.046224
1360,65,7,0.024823,14,1.050902,0.28602,0.371489,0.050082
1360,82,7,0.024823,8,1.094868,0.313698,0.425729,0.050849
1380,11,10,0.035211,17,1.032637,0.311015,0.394257,0.051239
1380,37,9,0.03169,23,0.927049,0.292536,0.390014,0.044226
1380,50,9,0.03169,12,1.024988,0.297598,0.414515,0.056744
1380,29,8,0.028169,15,0.990123,0.306465,0.411602,0.045007
1380,75,8,0.028169,13,0.979468,0.294733,0.413252,0.047338
1380,90,8,0.028169,16,1.144208,0.322452,0.424903,0.053295
1380,65,7,0.024648,14,1.050902,0.28602,0.371489,0.050082
1380,82,7,0.024648,8,1.094868,0.313698,0.425729,0.050849
1400,11,10,0.035211,17,1.032637,0.311015,0.394257,0.051239
1400,37,9,0.03169,23,0.927049,0.292536,0.390014,0.044226
1400,50,9,0.03169,12,1.024988,0.297598,0.414515,0.056744
1400,29,8,0.028169,15,0.990123,0.306465,0.411602,0.045007
1400,75,8,0.028169,13,0.979468,0.294733,0.413252,0.047338
1400,99,8,0.028169,21,0.977876,0.28636,0.40637,0.048161
1400,65,7,0.024648,14,1.050902,0.28602,0.371489,0.050082
1400,90,7,0.024648,16,1.139195,0.319882,0.423162,0.054658
1420,11,10,0.035088,17,1.032637,0.311015,0.394257,0.051239
1420,37,9,0.031579,23,0.927049,0.292536,0.390014,0.044226
1420,50,9,0.031579,12,1.024988,0.297598,0.414515,0.056744
1420,29,8,0.02807,15,0.990123,0.306465,0.411602,0.045007
1420,75,8,0.02807,13,0.979468,0.294733,0.413252,0.047338
1420,99,8,0.02807,21,0.977876,0.28636,0.40637,0.048161
1420,90,7,0.024561,16,1.139195,0.319882,0.423162,0.054658
1420,0,6,0.021053,12,0.97938,0.333526,0.40106,0.045517
1440,11,10,0.035088,17,1.032637,0.311015,0.394257,0.051239
1440,37,9,0.031579,23,0.927049,0.292536,0.390014,0.044226
1440,50,9,0.031579,12,1.024988,0.297598,0.414515,0.056744
1440,29,8,0.02807,15,0.990123,0.306465,0.411602,0.045007
1440,99,8,0.02807,21,0.977876,0.28636,0.40637,0.048161
1440,46,7,0.024561,22,0.963447,0.302449,0.384559,0.044929
1440,75,7,0.024561,14,0.995499,0.2939,0.407587,0.048429
1440,90,7,0.024561,16,1.139195,0.319882,0.423162,0.054658
1460,11,10,0.034843,17,1.032637,0.311015,0.394257,0.051239
1460,37,9,0.031359,23,0.927049,0.292536,0.390014,0.044226
1460,50,9,0.031359,12,1.024988,0.297598,0.414515,0.056744
1460,29,8,0.027875,15,0.990123,0.306465,0.411602,0.045007
1460,46,8,0.027875,23,0.96175,0.299823,0.383709,0.043174
1460,99,8,0.027875,21,0.977876,0.28636,0.40637,0.048161
1460,75,7,0.02439,14,0.995499,0.2939,0.407587,0.048429
1460,0,6,0.020906,12,0.97938,0.333526,0.40106,0.045517
1480,11,10,0.034364,17,1.032637,0.311015,0.394257,0.051239
1480,37,9,0.030928,23,0.927049,0.292536,0.390014,0.044226
1480,50,9,0.030928,12,1.024988,0.297598,0.414515,0.056744
1480,29,8,0.027491,15,0.990123,0.306465,0.411602,0.045007
1480,46,8,0.027491,23,0.96175,0.299823,0.383709,0.043174
1480,99,8,0.027491,21,0.977876,0.28636,0.40637,0.048161
1480,67,7,0.024055,15,0.976845,0.303276,0.409874,0.045946
1480,75,7,0.024055,14,0.995499,0.2939,0.407587,0.048429
1500,11,10,0.034602,17,1.032637,0.311015,0.394257,0.051239
1500,37,9,0.031142,23,0.927049,0.292536,0.390014,0.044226
1500,50,9,0.031142,12,1.024988,0.297598,0.414515,0.056744
1500,29,8,0.027682,15,0.990123,0.306465,0.411602,0.045007
1500,46,8,0.027682,23,0.96175,0.299823,0.383709,0.043174
1500,99,8,0.027682,21,0.977876,0.28636,0.40637,0.048161
1500,61,7,0.024221,12,0.958672,0.303461,0.391387,0.046064
1500,75,7,0.024221,14,0.995499,0.2939,0.407587,0.048429
1520,11,10,0.035336,17,1.032637,0.311015,0.394257,0.051239
1520,37,9,0.031802,23,0.927049,0.292536,0.390014,0.044226
1520,50,9,0.031802,12,1.024988,0.297598,0.414515,0.056744
1520,29,8,0.028269,15,0.990123,0.306465,0.411602,0.045007
1520,75,8,0.028269,15,0.990874,0.297061,0.406429,0.049045
1520,99,8,0.028269,21,0.977876,0.28636,0.40637,0.048161
1520,0,6,0.021201,12,0.97938,0.333526,0.40106,0.045517
1520,21,6,0.021201,8,0.970518,0.311001,0.400201,0.048513
1540,11,9,0.032374,17,1.035928,0.313402,0.393539,0.050291
1540,37,9,0.032374,23,0.927049,0.292536,0.390014,0.044226
1540,50,9,0.032374,12,1.024988,0.297598,0.414515,0.056744
1540,29,8,0.028777,15,0.990123,0.306465,0.411602,0.045007
1540,75,8,0.028777,15,0.990874,0.297061,0.406429,0.049045
1540,99,8,0.028777,21,0.977876,0.28636,0.40637,0.048161
1540,46,7,0.02518,24,0.954437,0.295194,0.384196,0.040152
1540,0,6,0.021583,12,0.97938,0.333526,0.40106,0.045517
1560,37,9,0.032847,23,0.927049,0.292536,0.390014,0.044226
1560,50,9,0.032847,12,1.024988,0.297598,0.414515,0.056744
1560,11,8,0.029197,17,1.026159,0.307163,0.392117,0.049988
1560,29,8,0.029197,15,0.990123,0.306465,0.411602,0.045007
1560,75,8,0.029197,15,0.990874,0.297061,0.406429,0.049045
1560,99,7,0.025547,21,0.979586,0.287512,0.404421,0.049708
1560,0,6,0.021898,12,0.97938,0.333526,0.40106,0.045517
1560,21,6,0.021898,8,0.970518,0.311001,0.400201,0.048513
1580,11,9,0.031915,18,1.029894,0.309382,0.388896,0.049731
1580,37,9,0.031915,23,0.927049,0.292536,0.390014,0.044226
1580,29,8,0.028369,15,0.990123,0.306465,0.411602,0.045007
1580,50,8,0.028369,12,1.029968,0.29524,0.416213,0.056451
1580,75,8,0.028369,15,0.990874,0.297061,0.406429,0.049045
1580,99,7,0.024823,21,0.979586,0.287512,0.404421,0.049708
1580,0,6,0.021277,12,0.97938,0.333526,0.40106,0.045517
1580,21,6,0.021277,8,0.970518,0.311001,0.400201,0.048513
1600,11,9,0.03169,18,1.029894,0.309382,0.388896,0.049731
1600,37,9,0.03169,23,0.927049,0.292536,0.390014,0.044226
1600,29,8,0.028169,15,0.990123,0.306465,0.411602,0.045007
1600,50,8,0.028169,12,1.029968,0.29524,0.416213,0.056451
1600,75,8,0.028169,15,0.990874,0.297061,0.406429,0.049045
1600,32,7,0.024648,16,1.020862,0.290933,0.372722,0.049148
1600,90,7,0.024648,18,1.183225,0.320032,0.404174,0.05678
1600,99,7,0.024648,21,0.979586,0.287512,0.404421,0.049708
1620,11,9,0.032028,18,1.029894,0.309382,0.388896,0.049731
1620,37,9,0.032028,23,0.927049,0.292536,0.390014,0.044226
1620,29,8,0.02847,15,0.990123,0.306465,0.411602,0.045007
1620,50,8,0.02847,12,1.029968,0.29524,0.416213,0.056451
1620,75,8,0.02847,15,0.990874,0.297061,0.406429,0.049045
1620,32,7,0.024911,16,1.020862,0.290933,0.372722,0.049148
1620,46,7,0.024911,25,0.948612,0.290559,0.38604,0.039349
1620,90,7,0.024911,18,1.183225,0.320032,0.404174,0.05678
1640,11,9,0.032028,18,1.029894,0.309382,0.388896,0.049731
1640,37,9,0.032028,23,0.927049,0.292536,0.390014,0.044226
1640,29,8,0.02847,15,0.990123,0.306465,0.411602,0.045007
1640,50,8,0.02847,12,1.029968,0.29524,0.416213,0.056451
1640,75,8,0.02847,15,0.990874,0.297061,0.406429,0.049045
1640,46,7,0.024911,25,0.948612,0.290559,0.38604,0.039349
1640,67,7,0.024911,17,0.987044,0.30441,0.408411,0.044595
1640,90,7,0.024911,18,1.183225,0.320032,0.404174,0.05678
1660,11,9,0.032028,18,1.029894,0.309382,0.388896,0.049731
1660,37,9,0.032028,23,0.927049,0.292536,0.390014,0.044226
1660,29,8,0.02847,15,0.990123,0.306465,0.411602,0.045007
1660,50,8,0.02847,12,1.029968,0.29524,0.416213,0.056451
1660,75,8,0.02847,15,0.990874,0.297061,0.406429,0.049045
1660,46,7,0.024911,25,0.948612,0.290559,0.38604,0.039349
1660,82,7,0.024911,11,1.119386,0.32191,0.449212,0.053676
1660,90,7,0.024911,18,1.183225,0.320032,0.404174,0.05678
1680,11,9,0.032258,18,1.029894,0.309382,0.388896,0.049731
1680,37,9,0.032258,23,0.927049,0.292536,0.390014,0.044226
1680,29,8,0.028674,15,0.990123,0.306465,0.411602,0.045007
1680,50,8,0.028674,12,1.029968,0.29524,0.416213,0.056451
1680,75,8,0.028674,15,0.990874,0.297061,0.406429,0.049045
1680,71,7,0.02509,8,1.056031,0.301333,0.395551,0.053767
1680,82,7,0.02509,11,1.119386,0.32191,0.449212,0.053676
1680,90,7,0.02509,18,1.183225,0.320032,0.404174,0.05678
1700,11,9,0.032143,18,1.029894,0.309382,0.388896,0.049731
1700,37,9,0.032143,23,0.927049,0.292536,0.390014,0.044226
1700,29,8,0.028571,15,0.990123,0.306465,0.411602,0.045007
1700,50,8,0.028571,12,1.029968,0.29524,0.416213,0.056451
1700,71,8,0.028571,9,1.061015,0.300795,0.400958,0.05364
1700,75,8,0.028571,15,0.990874,0.297061,0.406429,0.049045
1700,32,7,0.025,17,1.025742,0.288269,0.382354,0.048475
1700,65,7,0.025,17,1.053046,0.28604,0.366606,0.050201
1720,37,9,0.032374,23,0.927049,0.292536,0.390014,0.044226
1720,11,8,0.028777,18,1.042805,0.312839,0.391166,0.050166
1720,29,8,0.028777,15,0.990123,0.306465,0.411602,0.045007
1720,32,8,0.028777,18,1.015013,0.289053,0.381022,0.048822
1720,50,8,0.028777,12,1.029968,0.29524,0.416213,0.056451
1720,65,8,0.028777,18,1.050838,0.285685,0.368543,0.050578
1720,71,8,0.028777,9,1.061015,0.300795,0.400958,0.05364
1720,82,8,0.028777,12,1.128134,0.327458,0.45838,0.052928
1740,37,9,0.031915,23,0.927049,0.292536,0.390014,0.044226
1740,11,8,0.028369,18,1.042805,0.312839,0.391166,0.050166
1740,29,8,0.028369,15,0.990123,0.306465,0.411602,0.045007
1740,32,8,0.028369,18,1.015013,0.289053,0.381022,0.048822
1740,50,8,0.028369,12,1.029968,0.29524,0.416213,0.056451
1740,71,8,0.028369,9,1.061015,0.300795,0.400958,0.05364
1740,82,8,0.028369,12,1.128134,0.327458,0.45838,0.052928
1740,90,8,0.028369,19,1.206901,0.320708,0.407515,0.057341
1760,37,9,0.032491,23,0.927049,0.292536,0.390014,0.044226
1760,71,9,0.032491,10,1.068083,0.300468,0.406283,0.053796
1760,11,8,0.028881,18,1.042805,0.312839,0.391166,0.050166
1760,29,8,0.028881,15,0.990123,0.306465,0.411602,0.045007
1760,50,8,0.028881,12,1.029968,0.29524,0.416213,0.056451
1760,82,8,0.028881,12,1.128134,0.327458,0.45838,0.052928
1760,32,7,0.025271,18,1.018619,0.290488,0.374782,0.049757
1760,65,7,0.025271,18,1.047274,0.285975,0.373164,0.050481
1780,37,9,0.031915,23,0.927049,0.292536,0.390014,0.044226
1780,71,9,0.031915,10,1.068083,0.300468,0.406283,0.053796
1780,11,8,0.028369,18,1.042805,0.312839,0.391166,0.050166
1780,29,8,0.028369,15,0.990123,0.306465,0.411602,0.045007
1780,50,8,0.028369,12,1.029968,0.29524,0.416213,0.056451
1780,65,7,0.024823,18,1.047274,0.285975,0.373164,0.050481
1780,75,7,0.024823,15,0.988495,0.301397,0.403665,0.050259
1780,82,7,0.024823,12,1.146745,0.33231,0.46843,0.053465
1800,71,10,0.034364,11,1.074657,0.299584,0.404788,0.054226
1800,37,9,0.030928,23,0.927049,0.292536,0.390014,0.044226
1800,11,8,0.027491,18,1.042805,0.312839,0.391166,0.050166
1800,29,8,0.027491,15,0.990123,0.306465,0.411602,0.045007
1800,50,8,0.027491,12,1.029968,0.29524,0.416213,0.056451
1800,65,8,0.027491,19,1.041369,0.286541,0.370336,0.051125
1800,75,8,0.027491,16,0.973137,0.303421,0.402447,0.049917
1800,82,8,0.027491,13,1.134924,0.333676,0.470422,0.052968
1820,71,10,0.034247,11,1.074657,0.299584,0.404788,0.054226
1820,37,9,0.030822,23,0.927049,0.292536,0.390014,0.044226
1820,11,8,0.027397,18,1.042805,0.312839,0.391166,0.050166
1820,29,8,0.027397,15,0.990123,0.306465,0.411602,0.045007
1820,50,8,0.027397,12,1.029968,0.29524,0.416213,0.056451
1820,75,8,0.027397,16,0.973137,0.303421,0.402447,0.049917
1820,82,8,0.027397,13,1.134924,0.333676,0.470422,0.052968
1820,13,7,0.023973,14,0.981147,0.292597,0.436075,0.043781
1840,37,10,0.03367,24,0.920318,0.293124,0.39193,0.044604
1840,71,10,0.03367,11,1.074657,0.299584,0.404788,0.054226
1840,75,9,0.030303,17,0.974475,0.300935,0.401025,0.049899
1840,11,8,0.026936,18,1.042805,0.312839,0.391166,0.050166
1840,29,8,0.026936,15,0.990123,0.306465,0.411602,0.045007
1840,50,8,0.026936,12,1.029968,0.29524,0.416213,0.056451
1840,82,8,0.026936,13,1.134924,0.333676,0.470422,0.052968
1840,13,7,0.023569,14,0.981147,0.292597,0.436075,0.043781
1860,37,10,0.033003,24,0.920318,0.293124,0.39193,0.044604
1860,71,9,0.029703,11,1.069701,0.297589,0.406292,0.053466
1860,75,9,0.029703,17,0.974475,0.300935,0.401025,0.049899
1860,11,8,0.026403,18,1.042805,0.312839,0.391166,0.050166
1860,29,8,0.026403,15,0.990123,0.306465,0.411602,0.045007
1860,50,8,0.026403,12,1.029968,0.29524,0.416213,0.056451
1860,82,8,0.026403,13,1.134924,0.333676,0.470422,0.052968
1860,13,7,0.023102,14,0.981147,0.292597,0.436075,0.043781
1880,37,10,0.032154,24,0.920318,0.293124,0.39193,0.044604
1880,71,9,0.028939,11,1.069701,0.297589,0.406292,0.053466
1880,75,9,0.028939,17,0.974475,0.300935,0.401025,0.049899
1880,11,8,0.025723,18,1.042805,0.312839,0.391166,0.050166
1880,29,8,0.025723,15,0.990123,0.306465,0.411602,0.045007
1880,50,8,0.025723,12,1.029968,0.29524,0.416213,0.056451
1880,82,8,0.025723,13,1.134924,0.333676,0.470422,0.052968
1880,99,8,0.025723,25,0.961637,0.281032,0.394229,0.047577
1900,75,10,0.032154,18,0.969409,0.302275,0.398985,0.049551
1900,11,9,0.028939,19,1.03599,0.312632,0.389792,0.051203
1900,37,9,0.028939,24,0.913725,0.293713,0.386465,0.044355
1900,71,9,0.028939,11,1.069701,0.297589,0.406292,0.053466
1900,29,8,0.025723,15,0.990123,0.306465,0.411602,0.045007
1900,50,8,0.025723,12,1.029968,0.29524,0.416213,0.056451
1900,82,8,0.025723,13,1.134924,0.333676,0.470422,0.052968
1900,99,8,0.025723,25,0.961637,0.281032,0.394229,0.047577
1920,11,9,0.028481,19,1.03599,0.312632,0.389792,0.051203
1920,37,9,0.028481,24,0.913725,0.293713,0.386465,0.044355
1920,50,9,0.028481,13,1.037135,0.293723,0.421704,0.05742
1920,71,9,0.028481,11,1.069701,0.297589,0.406292,0.053466
1920,75,9,0.028481,18,0.961745,0.302472,0.401194,0.049624
1920,29,8,0.025316,15,0.990123,0.306465,0.411602,0.045007
1920,82,8,0.025316,13,1.134924,0.333676,0.470422,0.052968
1920,99,8,0.025316,25,0.961637,0.281032,0.394229,0.047577
1940,11,9,0.028213,19,1.03599,0.312632,0.389792,0.051203
1940,37,9,0.028213,24,0.913725,0.293713,0.386465,0.044355
1940,50,9,0.028213,13,1.037135,0.293723,0.421704,0.05742
1940,99,9,0.028213,26,0.960667,0.28346,0.396024,0.049209
1940,29,8,0.025078,15,0.990123,0.306465,0.411602,0.045007
1940,46,8,0.025078,29,0.939744,0.293959,0.387896,0.044897
1940,71,8,0.025078,11,1.062835,0.297556,0.400968,0.053268
1940,82,8,0.025078,13,1.134924,0.333676,0.470422,0.052968
1960,11,9,0.028481,19,1.03599,0.312632,0.389792,0.051203
1960,37,9,0.028481,24,0.913725,0.293713,0.386465,0.044355
1960,50,9,0.028481,13,1.037135,0.293723,0.421704,0.05742
1960,99,9,0.028481,26,0.960667,0.28346,0.396024,0.049209
1960,29,8,0.025316,15,0.990123,0.306465,0.411602,0.045007
1960,46,8,0.025316,29,0.939744,0.293959,0.387896,0.044897
1960,71,8,0.025316,11,1.062835,0.297556,0.400968,0.053268
1960,75,8,0.025316,19,0.960314,0.303237,0.399951,0.048714
1980,37,9,0.028662,24,0.913725,0.293713,0.386465,0.044355
1980,50,9,0.028662,13,1.037135,0.293723,0.421704,0.05742
1980,99,9,0.028662,26,0.960667,0.28346,0.396024,0.049209
1980,11,8,0.025478,19,1.037846,0.314101,0.38879,0.051551
1980,29,8,0.025478,15,0.990123,0.306465,0.411602,0.045007
1980,46,8,0.025478,29,0.939744,0.293959,0.387896,0.044897
1980,71,8,0.025478,11,1.062835,0.297556,0.400968,0.053268
1980,75,8,0.025478,19,0.960314,0.303237,0.399951,0.048714
2000,37,10,0.031847,25,0.916235,0.293305,0.383666,0.044672
2000,50,9,0.028662,13,1.037135,0.293723,0.421704,0.05742
2000,11,8,0.025478,19,1.037846,0.314101,0.38879,0.051551
2000,29,8,0.025478,15,0.990123,0.306465,0.411602,0.045007
2000,46,8,0.025478,29,0.939744,0.293959,0.387896,0.044897
2000,65,8,0.025478,23,1.023014,0.291049,0.37817,0.048483
2000,71,8,0.025478,11,1.062835,0.297556,0.400968,0.053268
2000,82,8,0.025478,13,1.134924,0.333676,0.470422,0.052968
2020,37,10,0.032258,25,0.916235,0.293305,0.383666,0.044672
2020,11,9,0.029032,20,1.026908,0.316587,0.391085,0.050786
2020,50,9,0.029032,13,1.037135,0.293723,0.421704,0.05742
2020,29,8,0.025806,15,0.990123,0.306465,0.411602,0.045007
2020,65,8,0.025806,23,1.023014,0.291049,0.37817,0.048483
2020,71,8,0.025806,11,1.062835,0.297556,0.400968,0.053268
2020,75,8,0.025806,20,0.97587,0.303403,0.401062,0.049339
2020,82,8,0.025806,13,1.134924,0.333676,0.470422,0.052968
2040,37,11,0.035948,26,0.921331,0.292592,0.379534,0.045297
2040,50,9,0.029412,13,1.037135,0.293723,0.421704,0.05742
2040,11,8,0.026144,20,1.027462,0.319831,0.389388,0.050108
2040,29,8,0.026144,15,0.990123,0.306465,0.411602,0.045007
2040,65,8,0.026144,23,1.023014,0.291049,0.37817,0.048483
2040,71,8,0.026144,11,1.062835,0.297556,0.400968,0.053268
2040,75,8,0.026144,20,0.97587,0.303403,0.401062,0.049339
2040,82,8,0.026144,13,1.134924,0.333676,0.470422,0.052968
2060,37,11,0.036304,26,0.921331,0.292592,0.379534,0.045297
2060,50,9,0.029703,13,1.037135,0.293723,0.421704,0.05742
2060,11,8,0.026403,20,1.027462,0.319831,0.389388,0.050108
2060,29,8,0.026403,15,0.990123,0.306465,0.411602,0.045007
2060,71,8,0.026403,11,1.062835,0.297556,0.400968,0.053268
2060,75,8,0.026403,20,0.97587,0.303403,0.401062,0.049339
2060,82,8,0.026403,13,1.134924,0.333676,0.470422,0.052968
2060,99,8,0.026403,27,0.982185,0.283868,0.396854,0.05193
2080,37,10,0.033003,26,0.918635,0.291512,0.383514,0.045196
2080,50,9,0.029703,13,1.037135,0.293723,0.421704,0.05742
2080,11,8,0.026403,20,1.027462,0.319831,0.389388,0.050108
2080,29,8,0.026403,15,0.990123,0.306465,0.411602,0.045007
2080,71,8,0.026403,11,1.062835,0.297556,0.400968,0.053268
2080,75,8,0.026403,20,0.97587,0.303403,0.401062,0.049339
2080,82,8,0.026403,13,1.134924,0.333676,0.470422,0.052968
2080,99,8,0.026403,27,0.982185,0.283868,0.396854,0.05193
2100,37,11,0.036545,27,0.918686,0.289299,0.382217,0.044931
2100,50,9,0.0299,13,1.037135,0.293723,0.421704,0.05742
2100,99,9,0.0299,28,0.97969,0.284469,0.399142,0.052462
2100,11,8,0.026578,20,1.027462,0.319831,0.389388,0.050108
2100,29,8,0.026578,15,0.990123,0.306465,0.411602,0.045007
2100,71,8,0.026578,11,1.062835,0.297556,0.400968,0.053268
2100,75,8,0.026578,20,0.97587,0.303403,0.401062,0.049339
2100,82,8,0.026578,13,1.134924,0.333676,0.470422,0.052968
2120,37,11,0.037037,27,0.918686,0.289299,0.382217,0.044931
2120,99,9,0.030303,28,0.97969,0.284469,0.399142,0.052462
2120,11,8,0.026936,20,1.027462,0.319831,0.389388,0.050108
2120,29,8,0.026936,15,0.990123,0.306465,0.411602,0.045007
2120,50,8,0.026936,13,1.029968,0.29524,0.416213,0.056451
2120,71,8,0.026936,11,1.062835,0.297556,0.400968,0.053268
2120,75,8,0.026936,20,0.97587,0.303403,0.401062,0.049339
2120,82,8,0.026936,13,1.134924,0.333676,0.470422,0.052968
2140,37,12,0.040134,28,0.916322,0.291691,0.381704,0.045046
2140,99,10,0.033445,29,0.98788,0.289036,0.400265,0.054888
2140,11,8,0.026756,20,1.027462,0.319831,0.389388,0.050108
2140,29,8,0.026756,15,0.990123,0.306465,0.411602,0.045007
2140,50,8,0.026756,13,1.029968,0.29524,0.416213,0.056451
2140,71,8,0.026756,11,1.062835,0.297556,0.400968,0.053268
2140,82,8,0.026756,13,1.134924,0.333676,0.470422,0.052968
2140,32,7,0.023411,21,1.034332,0.29338,0.370717,0.051894
2160,37,10,0.033557,28,0.91973,0.291223,0.381279,0.044503
2160,99,9,0.030201,29,0.989303,0.292435,0.402332,0.056356
2160,11,8,0.026846,20,1.027462,0.319831,0.389388,0.050108
2160,29,8,0.026846,15,0.990123,0.306465,0.411602,0.045007
2160,50,8,0.026846,13,1.029968,0.29524,0.416213,0.056451
2160,71,8,0.026846,11,1.062835,0.297556,0.400968,0.053268
2160,82,8,0.026846,13,1.134924,0.333676,0.470422,0.052968
2160,32,7,0.02349,21,1.034332,0.29338,0.370717,0.051894
2180,37,9,0.030508,28,0.913889,0.291864,0.386064,0.043721
2180,11,8,0.027119,20,1.027462,0.319831,0.389388,0.050108
2180,29,8,0.027119,15,0.990123,0.306465,0.411602,0.045007
2180,50,8,0.027119,14,0.99258,0.295224,0.427115,0.054211
2180,71,8,0.027119,11,1.062835,0.297556,0.400968,0.053268
2180,82,8,0.027119,13,1.134924,0.333676,0.470422,0.052968
2180,99,8,0.027119,29,0.993853,0.291129,0.401326,0.055618
2180,32,7,0.023729,21,1.034332,0.29338,0.370717,0.051894
2200,37,10,0.033784,29,0.913709,0.291754,0.382203,0.04389
2200,11,8,0.027027,20,1.027462,0.319831,0.389388,0.050108
2200,29,8,0.027027,15,0.990123,0.306465,0.411602,0.045007
2200,50,8,0.027027,14,0.99258,0.295224,0.427115,0.054211
2200,71,8,0.027027,11,1.062835,0.297556,0.400968,0.053268
2200,82,8,0.027027,13,1.134924,0.333676,0.470422,0.052968
2200,99,8,0.027027,29,0.993853,0.291129,0.401326,0.055618
2200,75,7,0.023649,20,0.972542,0.303205,0.40278,0.049136
2220,37,9,0.03,29,0.913099,0.294485,0.383642,0.044069
2220,50,9,0.03,15,0.994594,0.297751,0.425352,0.053429
2220,99,9,0.03,30,0.999248,0.289533,0.398075,0.057125
2220,11,8,0.026667,20,1.027462,0.319831,0.389388,0.050108
2220,29,8,0.026667,15,0.990123,0.306465,0.411602,0.045007
2220,71,8,0.026667,11,1.062835,0.297556,0.400968,0.053268
2220,82,8,0.026667,13,1.134924,0.333676,0.470422,0.052968
2220,21,7,0.023333,9,0.975731,0.311342,0.39746,0.04884
2240,37,9,0.029801,29,0.913099,0.294485,0.383642,0.044069
2240,50,9,0.029801,15,0.994594,0.297751,0.425352,0.053429
2240,99,9,0.029801,30,0.999248,0.289533,0.398075,0.057125
2240,11,8,0.02649,20,1.027462,0.319831,0.389388,0.050108
2240,29,8,0.02649,15,0.990123,0.306465,0.411602,0.045007
2240,71,8,0.02649,11,1.062835,0.297556,0.400968,0.053268
2240,21,7,0.023179,9,0.975731,0.311342,0.39746,0.04884
2240,32,7,0.023179,22,1.019303,0.295796,0.365573,0.05438
2260,37,9,0.029605,29,0.913099,0.294485,0.383642,0.044069
2260,50,9,0.029605,15,0.994594,0.297751,0.425352,0.053429
2260,11,8,0.026316,20,1.027462,0.319831,0.389388,0.050108
2260,29,8,0.026316,15,0.990123,0.306465,0.411602,0.045007
2260,71,8,0.026316,11,1.062835,0.297556,0.400968,0.053268
2260,90,8,0.026316,24,1.194171,0.319162,0.406778,0.056963
2260,99,8,0.026316,30,1.004188,0.289565,0.395654,0.057176
2260,21,7,0.023026,9,0.975731,0.311342,0.39746,0.04884
2280,50,10,0.032468,16,1.001586,0.297848,0.423051,0.053371
2280,29,9,0.029221,16,0.994439,0.309324,0.414745,0.044867
2280,11,8,0.025974,20,1.027462,0.319831,0.389388,0.050108
2280,37,8,0.025974,29,0.920729,0.296447,0.380412,0.044784
2280,71,8,0.025974,11,1.062835,0.297556,0.400968,0.053268
2280,75,8,0.025974,21,0.97799,0.305567,0.403618,0.0494
2280,90,8,0.025974,24,1.194171,0.319162,0.406778,0.056963
2280,99,8,0.025974,30,1.004188,0.289565,0.395654,0.057176
2300,50,10,0.031546,16,1.001586,0.297848,0.423051,0.053371
2300,29,9,0.028391,16,0.994439,0.309324,0.414745,0.044867
2300,99,9,0.028391,31,0.994309,0.286087,0.395016,0.055921
2300,0,8,0.025237,17,0.96035,0.337242,0.4053,0.041164
2300,11,8,0.025237,20,1.027462,0.319831,0.389388,0.050108
2300,37,8,0.025237,29,0.920729,0.296447,0.380412,0.044784
2300,71,8,0.025237,11,1.062835,0.297556,0.400968,0.053268
2300,75,8,0.025237,21,0.97799,0.305567,0.403618,0.0494
2320,50,11,0.034483,17,0.99863,0.300854,0.423626,0.053649
2320,29,10,0.031348,17,0.991823,0.308969,0.413308,0.044782
2320,0,8,0.025078,17,0.96035,0.337242,0.4053,0.041164
2320,11,8,0.025078,20,1.027462,0.319831,0.389388,0.050108
2320,21,8,0.025078,10,0.967235,0.311492,0.398403,0.049068
2320,37,8,0.025078,29,0.920729,0.296447,0.380412,0.044784
2320,71,8,0.025078,11,1.062835,0.297556,0.400968,0.053268
2320,75,8,0.025078,21,0.97799,0.305567,0.403618,0.0494
2340,29,10,0.031949,17,0.991823,0.308969,0.413308,0.044782
2340,50,10,0.031949,17,1.009458,0.303419,0.419214,0.054621
2340,0,8,0.025559,17,0.96035,0.337242,0.4053,0.041164
2340,11,8,0.025559,20,1.027462,0.319831,0.389388,0.050108
2340,21,8,0.025559,10,0.967235,0.311492,0.398403,0.049068
2340,37,8,0.025559,29,0.920729,0.296447,0.380412,0.044784
2340,71,8,0.025559,11,1.062835,0.297556,0.400968,0.053268
2340,75,8,0.025559,21,0.97799,0.305567,0.403618,0.0494
2360,29,10,0.031949,17,0.991823,0.308969,0.413308,0.044782
2360,0,9,0.028754,18,0.958875,0.336939,0.405371,0.04109
2360,11,9,0.028754,21,1.027348,0.319489,0.386393,0.049343
2360,50,9,0.028754,17,1.009319,0.301803,0.420098,0.055449
2360,37,8,0.025559,29,0.920729,0.296447,0.380412,0.044784
2360,71,8,0.025559,11,1.062835,0.297556,0.400968,0.053268
2360,75,8,0.025559,21,0.97799,0.305567,0.403618,0.0494
2360,21,7,0.022364,10,0.95672,0.314592,0.397986,0.0496
2380,29,10,0.031746,17,0.991823,0.308969,0.413308,0.044782
2380,50,10,0.031746,18,1.01177,0.303877,0.420222,0.05529
2380,11,9,0.028571,21,1.027348,0.319489,0.386393,0.049343
2380,0,8,0.025397,18,0.958134,0.337536,0.404142,0.040921
2380,37,8,0.025397,29,0.920729,0.296447,0.380412,0.044784
2380,71,8,0.025397,11,1.062835,0.297556,0.400968,0.053268
2380,75,8,0.025397,21,0.97799,0.305567,0.403618,0.0494
2380,99,8,0.025397,32,1.001914,0.277981,0.389601,0.052596
2400,29,10,0.031546,17,0.991823,0.308969,0.413308,0.044782
2400,50,10,0.031546,18,1.01177,0.303877,0.420222,0.05529
2400,11,9,0.028391,21,1.027348,0.319489,0.386393,0.049343
2400,0,8,0.025237,18,0.958134,0.337536,0.404142,0.040921
2400,37,8,0.025237,29,0.920729,0.296447,0.380412,0.044784
2400,71,8,0.025237,11,1.062835,0.297556,0.400968,0.053268
2400,75,8,0.025237,21,0.97799,0.305567,0.403618,0.0494
2400,99,8,0.025237,32,1.001914,0.277981,0.389601,0.052596
2420,29,10,0.03096,17,0.991823,0.308969,0.413308,0.044782
2420,50,10,0.03096,19,1.022253,0.30125,0.413253,0.055826
2420,11,9,0.027864,21,1.027348,0.319489,0.386393,0.049343
2420,0,8,0.024768,18,0.958134,0.337536,0.404142,0.040921
2420,37,8,0.024768,29,0.920729,0.296447,0.380412,0.044784
2420,71,8,0.024768,11,1.062835,0.297556,0.400968,0.053268
2420,75,8,0.024768,21,0.97799,0.305567,0.403618,0.0494
2420,99,8,0.024768,32,1.001914,0.277981,0.389601,0.052596
2440,50,10,0.031447,19,1.022253,0.30125,0.413253,0.055826
2440,11,9,0.028302,21,1.027348,0.319489,0.386393,0.049343
2440,29,9,0.028302,17,0.989397,0.309387,0.414629,0.044232
2440,0,8,0.025157,18,0.958134,0.337536,0.404142,0.040921
2440,37,8,0.025157,29,0.920729,0.296447,0.380412,0.044784
2440,71,8,0.025157,11,1.062835,0.297556,0.400968,0.053268
2440,75,8,0.025157,21,0.97799,0.305567,0.403618,0.0494
2440,99,8,0.025157,32,1.001914,0.277981,0.389601,0.052596
2460,11,9,0.028754,21,1.027348,0.319489,0.386393,0.049343
2460,29,9,0.028754,17,0.989397,0.309387,0.414629,0.044232
2460,50,9,0.028754,19,1.017557,0.301531,0.414466,0.056157
2460,0,8,0.025559,18,0.958134,0.337536,0.404142,0.040921
2460,32,8,0.025559,25,0.988194,0.29531,0.372667,0.051195
2460,37,8,0.025559,29,0.920729,0.296447,0.380412,0.044784
2460,71,8,0.025559,11,1.062835,0.297556,0.400968,0.053268
2460,99,8,0.025559,32,1.001914,0.277981,0.389601,0.052596
2480,99,10,0.031546,34,0.998647,0.279748,0.394039,0.052681
2480,11,9,0.028391,21,1.027348,0.319489,0.386393,0.049343
2480,29,9,0.028391,17,0.989397,0.309387,0.414629,0.044232
2480,50,9,0.028391,19,1.017557,0.301531,0.414466,0.056157
2480,32,8,0.025237,25,0.988194,0.29531,0.372667,0.051195
2480,37,8,0.025237,29,0.920729,0.296447,0.380412,0.044784
2480,71,8,0.025237,11,1.062835,0.297556,0.400968,0.053268
2480,0,7,0.022082,18,0.952625,0.335218,0.403755,0.040701
2500,11,9,0.028754,21,1.027348,0.319489,0.386393,0.049343
2500,50,9,0.028754,19,1.017557,0.301531,0.414466,0.056157
2500,99,9,0.028754,34,0.993784,0.28008,0.39648,0.050848
2500,29,8,0.025559,17,0.98445,0.306536,0.411471,0.044292
2500,37,8,0.025559,29,0.920729,0.296447,0.380412,0.044784
2500,71,8,0.025559,11,1.062835,0.297556,0.400968,0.053268
2500,0,7,0.022364,18,0.952625,0.335218,0.403755,0.040701
2500,32,7,0.022364,25,1.000405,0.292417,0.375931,0.050432
2520,50,9,0.028481,19,1.017557,0.301531,0.414466,0.056157
2520,71,9,0.028481,12,1.059453,0.298257,0.401384,0.053026
2520,99,9,0.028481,34,0.993784,0.28008,0.39648,0.050848
2520,11,8,0.025316,21,1.027462,0.319831,0.389388,0.050108
2520,29,8,0.025316,17,0.98445,0.306536,0.411471,0.044292
2520,37,8,0.025316,29,0.920729,0.296447,0.380412,0.044784
2520,82,8,0.025316,16,1.140234,0.33753,0.465244,0.050227
2520,0,7,0.022152,18,0.952625,0.335218,0.403755,0.040701
2540,50,9,0.028754,19,1.017557,0.301531,0.414466,0.056157
2540,71,9,0.028754,12,1.059453,0.298257,0.401384,0.053026
2540,99,9,0.028754,34,0.993784,0.28008,0.39648,0.050848
2540,11,8,0.025559,21,1.027462,0.319831,0.389388,0.050108
2540,29,8,0.025559,17,0.98445,0.306536,0.411471,0.044292
2540,46,8,0.025559,38,0.957154,0.293882,0.378494,0.050607
2540,82,8,0.025559,16,1.140234,0.33753,0.465244,0.050227
2540,0,7,0.022364,18,0.952625,0.335218,0.403755,0.040701
2560,71,10,0.031746,13,1.059477,0.297112,0.405549,0.0534
2560,50,9,0.028571,19,1.017557,0.301531,0.414466,0.056157
2560,99,9,0.028571,34,0.993784,0.28008,0.39648,0.050848
2560,11,8,0.025397,21,1.027462,0.319831,0.389388,0.050108
2560,29,8,0.025397,17,0.98445,0.306536,0.411471,0.044292
2560,46,8,0.025397,38,0.957154,0.293882,0.378494,0.050607
2560,82,8,0.025397,16,1.140234,0.33753,0.465244,0.050227
2560,0,7,0.022222,18,0.952625,0.335218,0.403755,0.040701
2580,71,10,0.032051,13,1.059477,0.297112,0.405549,0.0534
2580,99,9,0.028846,35,1.015774,0.28086,0.395488,0.05107
2580,11,8,0.025641,21,1.027462,0.319831,0.389388,0.050108
2580,29,8,0.025641,17,0.98445,0.306536,0.411471,0.044292
2580,50,8,0.025641,19,1.015524,0.298905,0.413607,0.056444
2580,75,8,0.025641,22,0.984475,0.306123,0.401767,0.049294
2580,82,8,0.025641,16,1.140234,0.33753,0.465244,0.050227
2580,0,7,0.022436,18,0.952625,0.335218,0.403755,0.040701
2600,71,10,0.031949,13,1.059477,0.297112,0.405549,0.0534
2600,99,9,0.028754,35,1.015774,0.28086,0.395488,0.05107
2600,0,8,0.025559,19,0.951879,0.339179,0.404134,0.042027
2600,11,8,0.025559,21,1.027462,0.319831,0.389388,0.050108
2600,29,8,0.025559,17,0.98445,0.306536,0.411471,0.044292
2600,50,8,0.025559,19,1.015524,0.298905,0.413607,0.056444
2600,75,8,0.025559,22,0.984475,0.306123,0.401767,0.049294
2600,82,8,0.025559,16,1.140234,0.33753,0.465244,0.050227
2620,71,11,0.035144,14,1.065625,0.297971,0.411938,0.053511
2620,0,8,0.025559,19,0.951879,0.339179,0.404134,0.042027
2620,11,8,0.025559,21,1.027462,0.319831,0.389388,0.050108
2620,29,8,0.025559,17,0.98445,0.306536,0.411471,0.044292
2620,37,8,0.025559,30,0.926979,0.296498,0.379898,0.044203
2620,50,8,0.025559,19,1.015524,0.298905,0.413607,0.056444
2620,75,8,0.025559,22,0.984475,0.306123,0.401767,0.049294
2620,82,8,0.025559,16,1.140234,0.33753,0.465244,0.050227
2640,71,11,0.0347,14,1.065625,0.297971,0.411938,0.053511
2640,75,9,0.028391,23,0.978147,0.304203,0.401476,0.04957
2640,99,9,0.028391,37,1.014165,0.294108,0.392841,0.05332
2640,0,8,0.025237,19,0.951879,0.339179,0.404134,0.042027
2640,11,8,0.025237,21,1.027462,0.319831,0.389388,0.050108
2640,29,8,0.025237,17,0.98445,0.306536,0.411471,0.044292
2640,37,8,0.025237,30,0.926979,0.296498,0.379898,0.044203
2640,50,8,0.025237,19,1.015524,0.298905,0.413607,0.056444
2660,71,11,0.0347,14,1.065625,0.297971,0.411938,0.053511
2660,75,9,0.028391,23,0.978147,0.304203,0.401476,0.04957
2660,99,9,0.028391,38,1.02654,0.287252,0.394044,0.051589
2660,11,8,0.025237,21,1.027462,0.319831,0.389388,0.050108
2660,29,8,0.025237,17,0.98445,0.306536,0.411471,0.044292
2660,37,8,0.025237,30,0.926979,0.296498,0.379898,0.044203
2660,50,8,0.025237,19,1.015524,0.298905,0.413607,0.056444
2660,82,8,0.025237,16,1.140234,0.33753,0.465244,0.050227
2680,71,11,0.03481,14,1.065625,0.297971,0.411938,0.053511
2680,37,9,0.028481,31,0.931476,0.294923,0.385561,0.04391
2680,75,9,0.028481,23,0.978147,0.304203,0.401476,0.04957
2680,99,9,0.028481,38,1.02654,0.287252,0.394044,0.051589
2680,0,8,0.025316,20,0.977214,0.342214,0.407076,0.045044
2680,11,8,0.025316,21,1.027462,0.319831,0.389388,0.050108
2680,29,8,0.025316,17,0.98445,0.306536,0.411471,0.044292
2680,50,8,0.025316,19,1.015524,0.298905,0.413607,0.056444
2700,71,10,0.031847,14,1.068947,0.297382,0.412659,0.053753
2700,37,9,0.028662,31,0.931476,0.294923,0.385561,0.04391
2700,99,9,0.028662,38,1.02654,0.287252,0.394044,0.051589
2700,0,8,0.025478,20,0.977214,0.342214,0.407076,0.045044
2700,11,8,0.025478,21,1.027462,0.319831,0.389388,0.050108
2700,29,8,0.025478,17,0.98445,0.306536,0.411471,0.044292
2700,50,8,0.025478,19,1.015524,0.298905,0.413607,0.056444
2700,76,8,0.025478,18,0.957906,0.274235,0.420717,0.048589
2720,71,10,0.031348,14,1.068947,0.297382,0.412659,0.053753
2720,99,10,0.031348,39,1.043322,0.288941,0.393443,0.054307
2720,0,8,0.025078,20,0.977214,0.342214,0.407076,0.045044
2720,11,8,0.025078,21,1.027462,0.319831,0.389388,0.050108
2720,29,8,0.025078,17,0.98445,0.306536,0.411471,0.044292
2720,37,8,0.025078,31,0.940671,0.295484,0.38239,0.044695
2720,50,8,0.025078,19,1.015524,0.298905,0.413607,0.056444
2720,76,8,0.025078,18,0.957906,0.274235,0.420717,0.048589
2740,71,10,0.031056,14,1.068947,0.297382,0.412659,0.053753
2740,99,9,0.02795,39,1.051945,0.286536,0.393015,0.053757
2740,0,8,0.024845,20,0.977214,0.342214,0.407076,0.045044
2740,11,8,0.024845,21,1.027462,0.319831,0.389388,0.050108
2740,29,8,0.024845,17,0.98445,0.306536,0.411471,0.044292
2740,37,8,0.024845,31,0.940671,0.295484,0.38239,0.044695
2740,50,8,0.024845,19,1.015524,0.298905,0.413607,0.056444
2740,82,8,0.024845,16,1.140234,0.33753,0.465244,0.050227
2760,71,10,0.030864,14,1.068947,0.297382,0.412659,0.053753
2760,99,9,0.027778,40,1.049679,0.289291,0.390963,0.054541
2760,0,8,0.024691,20,0.977214,0.342214,0.407076,0.045044
2760,11,8,0.024691,21,1.027462,0.319831,0.389388,0.050108
2760,29,8,0.024691,17,0.98445,0.306536,0.411471,0.044292
2760,37,8,0.024691,32,0.940357,0.293936,0.38944,0.044301
2760,50,8,0.024691,19,1.015524,0.298905,0.413607,0.056444
2760,82,8,0.024691,16,1.140234,0.33753,0.465244,0.050227
2780,71,10,0.030864,15,1.06454,0.303045,0.398794,0.053389
2780,11,9,0.027778,22,1.019332,0.324905,0.397137,0.049893
2780,29,9,0.027778,18,0.975198,0.307816,0.41194,0.043638
2780,0,8,0.024691,20,0.977214,0.342214,0.407076,0.045044
2780,37,8,0.024691,32,0.940357,0.293936,0.38944,0.044301
2780,50,8,0.024691,19,1.015524,0.298905,0.413607,0.056444
2780,76,8,0.024691,19,0.959753,0.272003,0.426609,0.047263
2780,82,8,0.024691,16,1.140234,0.33753,0.465244,0.050227
2800,11,9,0.027692,22,1.019332,0.324905,0.397137,0.049893
2800,29,9,0.027692,18,0.975198,0.307816,0.41194,0.043638
2800,99,9,0.027692,41,1.061022,0.286769,0.387746,0.05865
2800,0,8,0.024615,20,0.977214,0.342214,0.407076,0.045044
2800,37,8,0.024615,32,0.940357,0.293936,0.38944,0.044301
2800,50,8,0.024615,19,1.015524,0.298905,0.413607,0.056444
2800,71,8,0.024615,15,1.062105,0.303223,0.388425,0.053757
2800,76,8,0.024615,19,0.959753,0.272003,0.426609,0.047263
2820,11,9,0.027108,22,1.019332,0.324905,0.397137,0.049893
2820,29,9,0.027108,18,0.975198,0.307816,0.41194,0.043638
2820,37,9,0.027108,33,0.938074,0.293515,0.390531,0.04418
2820,99,9,0.027108,41,1.061022,0.286769,0.387746,0.05865
2820,0,8,0.024096,20,0.977214,0.342214,0.407076,0.045044
2820,50,8,0.024096,19,1.015524,0.298905,0.413607,0.056444
2820,71,8,0.024096,15,1.062105,0.303223,0.388425,0.053757
2820,76,8,0.024096,19,0.959753,0.272003,0.426609,0.047263
2840,11,9,0.027356,22,1.019332,0.324905,0.397137,0.049893
2840,29,9,0.027356,18,0.975198,0.307816,0.41194,0.043638
2840,37,9,0.027356,33,0.938074,0.293515,0.390531,0.04418
2840,50,9,0.027356,20,1.008862,0.300441,0.415522,0.055634
2840,0,8,0.024316,20,0.977214,0.342214,0.407076,0.045044
2840,46,8,0.024316,42,0.955862,0.299305,0.371355,0.053347
2840,71,8,0.024316,15,1.062105,0.303223,0.388425,0.053757
2840,76,8,0.024316,19,0.959753,0.272003,0.426609,0.047263
2860,11,9,0.026946,22,1.019332,0.324905,0.397137,0.049893
2860,29,9,0.026946,18,0.975198,0.307816,0.41194,0.043638
2860,37,9,0.026946,33,0.938074,0.293515,0.390531,0.04418
2860,50,9,0.026946,20,1.008862,0.300441,0.415522,0.055634
2860,76,9,0.026946,20,0.959265,0.272778,0.421237,0.047124
2860,0,8,0.023952,20,0.977214,0.342214,0.407076,0.045044
2860,71,8,0.023952,15,1.062105,0.303223,0.388425,0.053757
2860,82,8,0.023952,16,1.140234,0.33753,0.465244,0.050227
2880,11,9,0.027027,22,1.019332,0.324905,0.397137,0.049893
2880,29,9,0.027027,18,0.975198,0.307816,0.41194,0.043638
2880,50,9,0.027027,20,1.008862,0.300441,0.415522,0.055634
2880,0,8,0.024024,20,0.977214,0.342214,0.407076,0.045044
2880,37,8,0.024024,33,0.941322,0.293859,0.395916,0.044025
2880,71,8,0.024024,15,1.062105,0.303223,0.388425,0.053757
2880,82,8,0.024024,16,1.140234,0.33753,0.465244,0.050227
2880,99,8,0.024024,41,1.07199,0.290492,0.38733,0.061115
2900,11,9,0.027027,22,1.019332,0.324905,0.397137,0.049893
2900,29,9,0.027027,18,0.975198,0.307816,0.41194,0.043638
2900,50,9,0.027027,20,1.008862,0.300441,0.415522,0.055634
2900,0,8,0.024024,20,0.977214,0.342214,0.407076,0.045044
2900,37,8,0.024024,33,0.941322,0.293859,0.395916,0.044025
2900,71,8,0.024024,15,1.062105,0.303223,0.388425,0.053757
2900,75,8,0.024024,25,0.963262,0.305168,0.392464,0.048106
2900,82,8,0.024024,16,1.140234,0.33753,0.465244,0.050227
2920,11,9,0.02719,22,1.019332,0.324905,0.397137,0.049893
2920,29,9,0.02719,18,0.975198,0.307816,0.41194,0.043638
2920,50,9,0.02719,20,1.008862,0.300441,0.415522,0.055634
2920,37,8,0.024169,33,0.941322,0.293859,0.395916,0.044025
2920,71,8,0.024169,15,1.062105,0.303223,0.388425,0.053757
2920,75,8,0.024169,25,0.963262,0.305168,0.392464,0.048106
2920,82,8,0.024169,16,1.140234,0.33753,0.465244,0.050227
2920,99,8,0.024169,41,1.07199,0.290492,0.38733,0.061115
2940,11,9,0.026549,22,1.019332,0.324905,0.397137,0.049893
2940,29,9,0.026549,18,0.975198,0.307816,0.41194,0.043638
2940,50,9,0.026549,20,1.008862,0.300441,0.415522,0.055634
2940,37,8,0.023599,33,0.941322,0.293859,0.395916,0.044025
2940,46,8,0.023599,44,0.945899,0.300333,0.379172,0.051377
2940,71,8,0.023599,15,1.062105,0.303223,0.388425,0.053757
2940,75,8,0.023599,25,0.963262,0.305168,0.392464,0.048106
2940,82,8,0.023599,16,1.140234,0.33753,0.465244,0.050227
2960,11,9,0.026706,22,1.019332,0.324905,0.397137,0.049893
2960,29,9,0.026706,18,0.975198,0.307816,0.41194,0.043638
2960,50,9,0.026706,20,1.008862,0.300441,0.415522,0.055634
2960,75,9,0.026706,26,0.964739,0.305918,0.391988,0.048036
2960,37,8,0.023739,33,0.941322,0.293859,0.395916,0.044025
2960,46,8,0.023739,44,0.945899,0.300333,0.379172,0.051377
2960,71,8,0.023739,15,1.062105,0.303223,0.388425,0.053757
2960,76,8,0.023739,21,0.961667,0.273385,0.411939,0.047581
2980,11,9,0.026946,22,1.019332,0.324905,0.397137,0.049893
2980,29,9,0.026946,18,0.975198,0.307816,0.41194,0.043638
2980,50,9,0.026946,20,1.008862,0.300441,0.415522,0.055634
2980,75,9,0.026946,26,0.964739,0.305918,0.391988,0.048036
2980,37,8,0.023952,33,0.941322,0.293859,0.395916,0.044025
2980,46,8,0.023952,45,0.947627,0.30506,0.386021,0.051386
2980,71,8,0.023952,15,1.062105,0.303223,0.388425,0.053757
2980,82,8,0.023952,16,1.140234,0.33753,0.465244,0.050227
3000,11,9,0.027027,22,1.019332,0.324905,0.397137,0.049893
3000,50,9,0.027027,20,1.008862,0.300441,0.415522,0.055634
3000,75,9,0.027027,26,0.964739,0.305918,0.391988,0.048036
3000,9,8,0.024024,23,1.033384,0.310095,0.370853,0.052432
3000,29,8,0.024024,18,0.98445,0.306536,0.411471,0.044292
3000,37,8,0.024024,33,0.941322,0.293859,0.395916,0.044025
3000,46,8,0.024024,45,0.947627,0.30506,0.386021,0.051386
3000,71,8,0.024024,15,1.062105,0.303223,0.388425,0.053757
3020,11,10,0.030395,23,1.005438,0.326345,0.405968,0.050764
3020,50,9,0.027356,20,1.008862,0.300441,0.415522,0.055634
3020,75,9,0.027356,26,0.964739,0.305918,0.391988,0.048036
3020,9,8,0.024316,23,1.033384,0.310095,0.370853,0.052432
3020,29,8,0.024316,18,0.98445,0.306536,0.411471,0.044292
3020,37,8,0.024316,33,0.941322,0.293859,0.395916,0.044025
3020,71,8,0.024316,15,1.062105,0.303223,0.388425,0.053757
3020,90,8,0.024316,31,1.20253,0.316315,0.413304,0.059104
3040,11,10,0.03012,23,1.005438,0.326345,0.405968,0.050764
3040,50,9,0.027108,20,1.008862,0.300441,0.415522,0.055634
3040,0,8,0.024096,21,0.975824,0.346318,0.410373,0.04632
3040,9,8,0.024096,23,1.033384,0.310095,0.370853,0.052432
3040,29,8,0.024096,18,0.98445,0.306536,0.411471,0.044292
3040,37,8,0.024096,33,0.941322,0.293859,0.395916,0.044025
3040,40,8,0.024096,16,1.123317,0.281383,0.463902,0.046865
3040,71,8,0.024096,15,1.062105,0.303223,0.388425,0.053757
3060,11,9,0.027356,23,1.01112,0.321995,0.400061,0.051052
3060,0,8,0.024316,21,0.975824,0.346318,0.410373,0.04632
3060,9,8,0.024316,23,1.033384,0.310095,0.370853,0.052432
3060,29,8,0.024316,18,0.98445,0.306536,0.411471,0.044292
3060,37,8,0.024316,33,0.941322,0.293859,0.395916,0.044025
3060,40,8,0.024316,16,1.123317,0.281383,0.463902,0.046865
3060,50,8,0.024316,20,1.00685,0.303152,0.420592,0.055741
3060,71,8,0.024316,15,1.062105,0.303223,0.388425,0.053757
3080,11,9,0.026866,23,1.01112,0.321995,0.400061,0.051052
3080,0,8,0.023881,21,0.975824,0.346318,0.410373,0.04632
3080,9,8,0.023881,23,1.033384,0.310095,0.370853,0.052432
3080,29,8,0.023881,18,0.98445,0.306536,0.411471,0.044292
3080,37,8,0.023881,33,0.941322,0.293859,0.395916,0.044025
3080,40,8,0.023881,16,1.123317,0.281383,0.463902,0.046865
3080,50,8,0.023881,20,1.00685,0.303152,0.420592,0.055741
3080,70,8,0.023881,16,1.064379,0.324836,0.37375,0.049423
3100,11,9,0.026706,23,1.01112,0.321995,0.400061,0.051052
3100,40,9,0.026706,17,1.125998,0.28341,0.461204,0.047163
3100,0,8,0.023739,21,0.975824,0.346318,0.410373,0.04632
3100,9,8,0.023739,23,1.033384,0.310095,0.370853,0.052432
3100,29,8,0.023739,18,0.98445,0.306536,0.411471,0.044292
3100,37,8,0.023739,33,0.941322,0.293859,0.395916,0.044025
3100,44,8,0.023739,26,0.973673,0.301203,0.347284,0.04933
3100,50,8,0.023739,20,1.00685,0.303152,0.420592,0.055741
3120,11,10,0.029412,24,1.011352,0.32152,0.39776,0.050036
3120,0,8,0.023529,21,0.975824,0.346318,0.410373,0.04632
3120,29,8,0.023529,18,0.98445,0.306536,0.411471,0.044292
3120,37,8,0.023529,33,0.941322,0.293859,0.395916,0.044025
3120,40,8,0.023529,17,1.1321,0.288158,0.457018,0.047085
3120,44,8,0.023529,26,0.973673,0.301203,0.347284,0.04933
3120,50,8,0.023529,20,1.00685,0.303152,0.420592,0.055741
3120,70,8,0.023529,16,1.064379,0.324836,0.37375,0.049423
3140,11,10,0.029586,24,1.011352,0.32152,0.39776,0.050036
3140,50,9,0.026627,21,1.007285,0.305213,0.424297,0.05649
3140,71,9,0.026627,16,1.064346,0.306074,0.381966,0.053268
3140,29,8,0.023669,18,0.98445,0.306536,0.411471,0.044292
3140,37,8,0.023669,33,0.941322,0.293859,0.395916,0.044025
3140,40,8,0.023669,18,1.145546,0.286612,0.446284,0.045758
3140,44,8,0.023669,26,0.973673,0.301203,0.347284,0.04933
3140,70,8,0.023669,16,1.064379,0.324836,0.37375,0.049423
3160,11,10,0.029326,24,1.011352,0.32152,0.39776,0.050036
3160,50,9,0.026393,21,1.007285,0.305213,0.424297,0.05649
3160,71,9,0.026393,16,1.064346,0.306074,0.381966,0.053268
3160,29,8,0.02346,18,0.98445,0.306536,0.411471,0.044292
3160,37,8,0.02346,33,0.941322,0.293859,0.395916,0.044025
3160,39,8,0.02346,18,1.009394,0.299675,0.433165,0.063816
3160,44,8,0.02346,27,0.964849,0.300036,0.34504,0.049663
3160,70,8,0.02346,16,1.064379,0.324836,0.37375,0.049423
3180,11,10,0.029326,24,1.011352,0.32152,0.39776,0.050036
3180,50,9,0.026393,21,1.007285,0.305213,0.424297,0.05649
3180,71,9,0.026393,16,1.064346,0.306074,0.381966,0.053268
3180,29,8,0.02346,18,0.98445,0.306536,0.411471,0.044292
3180,37,8,0.02346,33,0.941322,0.293859,0.395916,0.044025
3180,39,8,0.02346,18,1.009394,0.299675,0.433165,0.063816
3180,70,8,0.02346,16,1.064379,0.324836,0.37375,0.049423
3180,75,8,0.02346,27,0.950894,0.306666,0.397054,0.04835
3200,11,9,0.026627,24,1.014671,0.322692,0.399866,0.048985
3200,71,9,0.026627,16,1.064346,0.306074,0.381966,0.053268
3200,99,9,0.026627,46,1.056516,0.294112,0.382418,0.058578
3200,29,8,0.023669,18,0.98445,0.306536,0.411471,0.044292
3200,37,8,0.023669,33,0.941322,0.293859,0.395916,0.044025
3200,39,8,0.023669,18,1.009394,0.299675,0.433165,0.063816
3200,50,8,0.023669,21,1.01375,0.304274,0.423478,0.057407
3200,70,8,0.023669,16,1.064379,0.324836,0.37375,0.049423
3220,11,9,0.026706,24,1.014671,0.322692,0.399866,0.048985
3220,71,9,0.026706,16,1.064346,0.306074,0.381966,0.053268
3220,75,9,0.026706,28,0.95009,0.307699,0.399051,0.048901
3220,99,9,0.026706,46,1.056516,0.294112,0.382418,0.058578
3220,29,8,0.023739,18,0.98445,0.306536,0.411471,0.044292
3220,37,8,0.023739,33,0.941322,0.293859,0.395916,0.044025
3220,39,8,0.023739,18,1.009394,0.299675,0.433165,0.063816
3220,50,8,0.023739,21,1.01375,0.304274,0.423478,0.057407
3240,11,9,0.026087,24,1.014671,0.322692,0.399866,0.048985
3240,71,9,0.026087,16,1.064346,0.306074,0.381966,0.053268
3240,75,9,0.026087,28,0.95009,0.307699,0.399051,0.048901
3240,99,9,0.026087,46,1.056516,0.294112,0.382418,0.058578
3240,29,8,0.023188,18,0.98445,0.306536,0.411471,0.044292
3240,39,8,0.023188,18,1.009394,0.299675,0.433165,0.063816
3240,50,8,0.023188,21,1.01375,0.304274,0.423478,0.057407
3240,70,8,0.023188,16,1.064379,0.324836,0.37375,0.049423
3260,99,10,0.029412,47,1.050765,0.295376,0.385588,0.057388
3260,11,9,0.026471,24,1.014671,0.322692,0.399866,0.048985
3260,71,9,0.026471,16,1.064346,0.306074,0.381966,0.053268
3260,75,9,0.026471,28,0.95009,0.307699,0.399051,0.048901
3260,29,8,0.023529,18,0.98445,0.306536,0.411471,0.044292
3260,50,8,0.023529,21,1.01375,0.304274,0.423478,0.057407
3260,82,8,0.023529,18,1.141894,0.338131,0.462824,0.052801
3260,0,7,0.020588,22,0.959234,0.35341,0.405049,0.045066
3280,11,10,0.029586,25,1.016951,0.323882,0.399239,0.049678
3280,99,10,0.029586,47,1.050765,0.295376,0.385588,0.057388
3280,75,9,0.026627,28,0.95009,0.307699,0.399051,0.048901
3280,0,8,0.023669,23,0.959866,0.349092,0.404965,0.044719
3280,29,8,0.023669,18,0.98445,0.306536,0.411471,0.044292
3280,50,8,0.023669,21,1.01375,0.304274,0.423478,0.057407
3280,71,8,0.023669,16,1.066972,0.307739,0.385654,0.053241
3280,9,7,0.02071,25,1.007198,0.316305,0.374482,0.050174
3300,11,9,0.026316,25,1.017341,0.324619,0.401705,0.050654
3300,75,9,0.026316,28,0.95009,0.307699,0.399051,0.048901
3300,99,9,0.026316,47,1.06158,0.293661,0.38529,0.057922
3300,0,8,0.023392,23,0.959866,0.349092,0.404965,0.044719
3300,29,8,0.023392,18,0.98445,0.306536,0.411471,0.044292
3300,37,8,0.023392,34,0.935692,0.291436,0.386203,0.043811
3300,44,8,0.023392,29,0.943338,0.301933,0.354984,0.051833
3300,50,8,0.023392,21,1.01375,0.304274,0.423478,0.057407
3320,11,9,0.026866,25,1.017341,0.324619,0.401705,0.050654
3320,99,9,0.026866,48,1.061979,0.298797,0.393729,0.054267
3320,0,8,0.023881,23,0.959866,0.349092,0.404965,0.044719
3320,29,8,0.023881,18,0.98445,0.306536,0.411471,0.044292
3320,37,8,0.023881,34,0.935692,0.291436,0.386203,0.043811
3320,50,8,0.023881,21,1.01375,0.304274,0.423478,0.057407
3320,71,8,0.023881,16,1.066972,0.307739,0.385654,0.053241
3320,75,8,0.023881,28,0.957929,0.307892,0.402152,0.050077
3340,0,9,0.027027,24,0.970189,0.351251,0.406343,0.045387
3340,11,9,0.027027,25,1.017341,0.324619,0.401705,0.050654
3340,99,9,0.027027,48,1.061979,0.298797,0.393729,0.054267
3340,29,8,0.024024,18,0.98445,0.306536,0.411471,0.044292
3340,37,8,0.024024,34,0.935692,0.291436,0.386203,0.043811
3340,40,8,0.024024,21,1.178133,0.279085,0.438035,0.043118
3340,50,8,0.024024,21,1.01375,0.304274,0.423478,0.057407
3340,71,8,0.024024,16,1.066972,0.307739,0.385654,0.053241
3360,0,9,0.026786,24,0.970189,0.351251,0.406343,0.045387
3360,11,9,0.026786,25,1.017341,0.324619,0.401705,0.050654
3360,37,9,0.026786,35,0.941288,0.290737,0.380323,0.045094
3360,50,9,0.026786,22,1.024118,0.301304,0.424209,0.057672
3360,99,9,0.026786,48,1.061979,0.298797,0.393729,0.054267
3360,29,8,0.02381,18,0.98445,0.306536,0.411471,0.044292
3360,40,8,0.02381,21,1.178133,0.279085,0.438035,0.043118
3360,71,8,0.02381,16,1.066972,0.307739,0.385654,0.053241
3380,11,9,0.026786,25,1.017341,0.324619,0.401705,0.050654
3380,50,9,0.026786,22,1.024118,0.301304,0.424209,0.057672
3380,0,8,0.02381,24,0.969562,0.349198,0.405291,0.043733
3380,29,8,0.02381,18,0.98445,0.306536,0.411471,0.044292
3380,37,8,0.02381,35,0.938017,0.291789,0.374005,0.045536
3380,40,8,0.02381,21,1.178133,0.279085,0.438035,0.043118
3380,46,8,0.02381,50,0.965556,0.308612,0.400409,0.052303
3380,71,8,0.02381,16,1.066972,0.307739,0.385654,0.053241
3400,0,9,0.026706,25,0.972697,0.346458,0.404372,0.043861
3400,11,9,0.026706,25,1.017341,0.324619,0.401705,0.050654
3400,50,9,0.026706,22,1.024118,0.301304,0.424209,0.057672
3400,9,8,0.023739,27,1.031267,0.314795,0.386171,0.050504
3400,29,8,0.023739,18,0.98445,0.306536,0.411471,0.044292
3400,37,8,0.023739,36,0.945098,0.292564,0.372658,0.046772
3400,40,8,0.023739,21,1.178133,0.279085,0.438035,0.043118
3400,70,8,0.023739,18,1.087024,0.331703,0.374936,0.046567
3420,0,9,0.026316,25,0.972697,0.346458,0.404372,0.043861
3420,11,9,0.026316,25,1.017341,0.324619,0.401705,0.050654
3420,50,9,0.026316,22,1.024118,0.301304,0.424209,0.057672
3420,29,8,0.023392,18,0.98445,0.306536,0.411471,0.044292
3420,37,8,0.023392,36,0.945098,0.292564,0.372658,0.046772
3420,40,8,0.023392,21,1.178133,0.279085,0.438035,0.043118
3420,70,8,0.023392,18,1.087024,0.331703,0.374936,0.046567
3420,71,8,0.023392,16,1.066972,0.307739,0.385654,0.053241
3440,0,9,0.026393,25,0.972697,0.346458,0.404372,0.043861
3440,11,9,0.026393,25,1.017341,0.324619,0.401705,0.050654
3440,50,9,0.026393,22,1.024118,0.301304,0.424209,0.057672
3440,29,8,0.02346,18,0.98445,0.306536,0.411471,0.044292
3440,40,8,0.02346,21,1.178133,0.279085,0.438035,0.043118
3440,70,8,0.02346,18,1.087024,0.331703,0.374936,0.046567
3440,71,8,0.02346,16,1.066972,0.307739,0.385654,0.053241
3440,82,8,0.02346,19,1.14003,0.341141,0.467459,0.053618
3460,11,9,0.026393,25,1.017341,0.324619,0.401705,0.050654
3460,40,9,0.026393,22,1.193871,0.277757,0.433555,0.04223
3460,50,9,0.026393,22,1.024118,0.301304,0.424209,0.057672
3460,0,8,0.02346,25,0.973748,0.349907,0.404372,0.044058
3460,9,8,0.02346,28,1.043673,0.312936,0.391094,0.05216
3460,29,8,0.02346,18,0.98445,0.306536,0.411471,0.044292
3460,32,8,0.02346,35,1.003406,0.295412,0.393213,0.053718
3460,37,8,0.02346,37,0.9528,0.292911,0.375088,0.047082
3480,50,9,0.026549,22,1.024118,0.301304,0.424209,0.057672
3480,70,9,0.026549,19,1.086984,0.332039,0.376505,0.046532
3480,71,9,0.026549,17,1.070679,0.308683,0.37955,0.051929
3480,0,8,0.023599,25,0.973748,0.349907,0.404372,0.044058
3480,11,8,0.023599,25,1.014826,0.323373,0.402718,0.049996
3480,29,8,0.023599,18,0.98445,0.306536,0.411471,0.044292
3480,37,8,0.023599,37,0.9528,0.292911,0.375088,0.047082
3480,40,8,0.023599,22,1.180435,0.280839,0.433644,0.042335
3500,50,9,0.026706,22,1.024118,0.301304,0.424209,0.057672
3500,70,9,0.026706,19,1.086984,0.332039,0.376505,0.046532
3500,71,9,0.026706,17,1.070679,0.308683,0.37955,0.051929
3500,99,9,0.026706,50,1.075752,0.296561,0.389945,0.054712
3500,11,8,0.023739,25,1.014826,0.323373,0.402718,0.049996
3500,29,8,0.023739,18,0.98445,0.306536,0.411471,0.044292
3500,37,8,0.023739,37,0.9528,0.292911,0.375088,0.047082
3500,75,8,0.023739,29,0.96363,0.308545,0.403909,0.049819
3520,37,9,0.026471,38,0.954611,0.297023,0.376122,0.046316
3520,50,9,0.026471,22,1.024118,0.301304,0.424209,0.057672
3520,71,9,0.026471,17,1.070679,0.308683,0.37955,0.051929
3520,99,9,0.026471,51,1.06928,0.301747,0.390825,0.057847
3520,11,8,0.023529,25,1.014826,0.323373,0.402718,0.049996
3520,29,8,0.023529,18,0.98445,0.306536,0.411471,0.044292
3520,75,8,0.023529,29,0.96363,0.308545,0.403909,0.049819
3520,82,8,0.023529,19,1.14003,0.341141,0.467459,0.053618
3540,86,10,0.029499,19,1.043405,0.322219,0.369093,0.048915
3540,37,9,0.026549,38,0.954611,0.297023,0.376122,0.046316
3540,50,9,0.026549,22,1.024118,0.301304,0.424209,0.057672
3540,71,9,0.026549,17,1.070679,0.308683,0.37955,0.051929
3540,75,9,0.026549,30,0.968376,0.311149,0.402293,0.049114
3540,99,9,0.026549,51,1.06928,0.301747,0.390825,0.057847
3540,11,8,0.023599,25,1.014826,0.323373,0.402718,0.049996
3540,29,8,0.023599,18,0.98445,0.306536,0.411471,0.044292
3560,86,11,0.032258,20,1.047719,0.323638,0.366676,0.048565
3560,50,9,0.026393,23,1.00042,0.311101,0.424831,0.056686
3560,71,9,0.026393,17,1.070679,0.308683,0.37955,0.051929
3560,75,9,0.026393,30,0.968376,0.311149,0.402293,0.049114
3560,99,9,0.026393,51,1.06928,0.301747,0.390825,0.057847
3560,11,8,0.02346,25,1.014826,0.323373,0.402718,0.049996
3560,29,8,0.02346,18,0.98445,0.306536,0.411471,0.044292
3560,37,8,0.02346,39,0.958171,0.297298,0.36788,0.04669
3580,50,9,0.026316,23,1.00042,0.311101,0.424831,0.056686
3580,71,9,0.026316,17,1.070679,0.308683,0.37955,0.051929
3580,75,9,0.026316,30,0.968376,0.311149,0.402293,0.049114
3580,86,9,0.026316,20,1.052548,0.327114,0.368388,0.048769
3580,99,9,0.026316,52,1.061234,0.300226,0.394785,0.058295
3580,11,8,0.023392,25,1.014826,0.323373,0.402718,0.049996
3580,29,8,0.023392,18,0.98445,0.306536,0.411471,0.044292
3580,37,8,0.023392,39,0.958171,0.297298,0.36788,0.04669
3600,50,9,0.026549,23,1.00042,0.311101,0.424831,0.056686
3600,71,9,0.026549,17,1.070679,0.308683,0.37955,0.051929
3600,75,9,0.026549,31,0.975929,0.312233,0.39986,0.049023
3600,99,9,0.026549,52,1.061234,0.300226,0.394785,0.058295
3600,0,8,0.023599,26,0.965968,0.348449,0.402888,0.043565
3600,11,8,0.023599,25,1.014826,0.323373,0.402718,0.049996
3600,29,8,0.023599,18,0.98445,0.306536,0.411471,0.044292
3600,39,8,0.023599,20,0.983009,0.303405,0.4211,0.059078
3620,71,10,0.028986,18,1.07716,0.307013,0.380071,0.053338
3620,50,9,0.026087,23,1.00042,0.311101,0.424831,0.056686
3620,75,9,0.026087,31,0.975929,0.312233,0.39986,0.049023
3620,86,9,0.026087,21,1.05804,0.33289,0.358924,0.049524
3620,99,9,0.026087,52,1.061234,0.300226,0.394785,0.058295
3620,0,8,0.023188,26,0.965968,0.348449,0.402888,0.043565
3620,11,8,0.023188,25,1.014826,0.323373,0.402718,0.049996
3620,29,8,0.023188,18,0.98445,0.306536,0.411471,0.044292
3640,71,10,0.029326,18,1.07716,0.307013,0.380071,0.053338
3640,86,9,0.026393,21,1.05804,0.33289,0.358924,0.049524
3640,0,8,0.02346,26,0.965968,0.348449,0.402888,0.043565
3640,11,8,0.02346,25,1.014826,0.323373,0.402718,0.049996
3640,29,8,0.02346,18,0.98445,0.306536,0.411471,0.044292
3640,39,8,0.02346,20,0.983009,0.303405,0.4211,0.059078
3640,50,8,0.02346,23,1.002849,0.312069,0.428201,0.057344
3640,75,8,0.02346,31,0.98198,0.315156,0.39995,0.048679
3660,71,9,0.026012,18,1.074585,0.305987,0.385555,0.054661
3660,86,9,0.026012,22,1.060437,0.332346,0.359428,0.049889
3660,0,8,0.023121,26,0.965968,0.348449,0.402888,0.043565
3660,11,8,0.023121,25,1.014826,0.323373,0.402718,0.049996
3660,29,8,0.023121,19,0.978558,0.311497,0.406051,0.043921
3660,37,8,0.023121,41,0.952103,0.301742,0.373095,0.046882
3660,39,8,0.023121,20,0.983009,0.303405,0.4211,0.059078
3660,50,8,0.023121,23,1.002849,0.312069,0.428201,0.057344
3680,71,9,0.026239,18,1.074585,0.305987,0.385555,0.054661
3680,86,9,0.026239,22,1.060437,0.332346,0.359428,0.049889
3680,11,8,0.023324,25,1.014826,0.323373,0.402718,0.049996
3680,29,8,0.023324,19,0.978558,0.311497,0.406051,0.043921
3680,37,8,0.023324,41,0.952103,0.301742,0.373095,0.046882
3680,39,8,0.023324,20,0.983009,0.303405,0.4211,0.059078
3680,50,8,0.023324,23,1.002849,0.312069,0.428201,0.057344
3680,75,8,0.023324,32,0.983749,0.312568,0.403071,0.047696
3700,71,9,0.026239,18,1.074585,0.305987,0.385555,0.054661
3700,11,8,0.023324,25,1.014826,0.323373,0.402718,0.049996
3700,29,8,0.023324,19,0.978558,0.311497,0.406051,0.043921
3700,37,8,0.023324,41,0.952103,0.301742,0.373095,0.046882
3700,39,8,0.023324,20,0.983009,0.303405,0.4211,0.059078
3700,50,8,0.023324,23,1.002849,0.312069,0.428201,0.057344
3700,70,8,0.023324,23,1.127639,0.32779,0.382725,0.044828
3700,76,8,0.023324,29,0.973505,0.278755,0.399131,0.050742
3720,29,9,0.026012,20,0.980084,0.313904,0.406474,0.044807
3720,37,9,0.026012,42,0.956891,0.299353,0.371113,0.047183
3720,71,9,0.026012,18,1.074585,0.305987,0.385555,0.054661
3720,11,8,0.023121,25,1.014826,0.323373,0.402718,0.049996
3720,39,8,0.023121,20,0.983009,0.303405,0.4211,0.059078
3720,50,8,0.023121,23,1.002849,0.312069,0.428201,0.057344
3720,70,8,0.023121,23,1.127639,0.32779,0.382725,0.044828
3720,86,8,0.023121,22,1.076987,0.339881,0.353018,0.050158
3740,70,9,0.025862,24,1.120839,0.327947,0.378053,0.045528
3740,71,9,0.025862,18,1.074585,0.305987,0.385555,0.054661
3740,99,9,0.025862,54,1.074848,0.300867,0.39024,0.057419
3740,11,8,0.022989,25,1.014826,0.323373,0.402718,0.049996
3740,29,8,0.022989,20,0.98156,0.314921,0.407237,0.044906
3740,37,8,0.022989,42,0.955365,0.295533,0.369453,0.048058
3740,39,8,0.022989,20,0.983009,0.303405,0.4211,0.059078
3740,50,8,0.022989,23,1.002849,0.312069,0.428201,0.057344
3760,71,9,0.026239,18,1.074585,0.305987,0.385555,0.054661
3760,99,9,0.026239,54,1.074848,0.300867,0.39024,0.057419
3760,11,8,0.023324,25,1.014826,0.323373,0.402718,0.049996
3760,29,8,0.023324,20,0.98156,0.314921,0.407237,0.044906
3760,37,8,0.023324,42,0.955365,0.295533,0.369453,0.048058
3760,39,8,0.023324,20,0.983009,0.303405,0.4211,0.059078
3760,46,8,0.023324,54,0.949447,0.310673,0.387723,0.051045
3760,50,8,0.023324,23,1.002849,0.312069,0.428201,0.057344
3780,29,9,0.026239,21,0.983023,0.316701,0.403592,0.045236
3780,71,9,0.026239,18,1.074585,0.305987,0.385555,0.054661
3780,99,9,0.026239,54,1.074848,0.300867,0.39024,0.057419
3780,11,8,0.023324,25,1.014826,0.323373,0.402718,0.049996
3780,37,8,0.023324,42,0.955365,0.295533,0.369453,0.048058
3780,39,8,0.023324,20,0.983009,0.303405,0.4211,0.059078
3780,50,8,0.023324,23,1.002849,0.312069,0.428201,0.057344
3780,59,8,0.023324,16,1.020154,0.347965,0.41495,0.052867
3800,29,9,0.026393,21,0.983023,0.316701,0.403592,0.045236
3800,99,9,0.026393,54,1.074848,0.300867,0.39024,0.057419
3800,11,8,0.02346,25,1.014826,0.323373,0.402718,0.049996
3800,37,8,0.02346,42,0.955365,0.295533,0.369453,0.048058
3800,50,8,0.02346,23,1.002849,0.312069,0.428201,0.057344
3800,59,8,0.02346,16,1.020154,0.347965,0.41495,0.052867
3800,71,8,0.02346,18,1.066972,0.307739,0.385654,0.053241
3800,86,8,0.02346,22,1.076987,0.339881,0.353018,0.050158
3820,29,9,0.026239,21,0.983023,0.316701,0.403592,0.045236
3820,99,9,0.026239,54,1.074848,0.300867,0.39024,0.057419
3820,11,8,0.023324,25,1.014826,0.323373,0.402718,0.049996
3820,37,8,0.023324,42,0.955365,0.295533,0.369453,0.048058
3820,46,8,0.023324,55,0.95996,0.31185,0.389869,0.050865
3820,50,8,0.023324,23,1.002849,0.312069,0.428201,0.057344
3820,59,8,0.023324,16,1.020154,0.347965,0.41495,0.052867
3820,71,8,0.023324,18,1.066972,0.307739,0.385654,0.053241
3840,29,10,0.028571,22,0.986008,0.318351,0.406099,0.044651
3840,71,9,0.025714,19,1.067156,0.308637,0.376954,0.052428
3840,11,8,0.022857,25,1.014826,0.323373,0.402718,0.049996
3840,37,8,0.022857,42,0.955365,0.295533,0.369453,0.048058
3840,46,8,0.022857,55,0.95996,0.31185,0.389869,0.050865
3840,50,8,0.022857,23,1.002849,0.312069,0.428201,0.057344
3840,75,8,0.022857,34,0.985947,0.312716,0.404718,0.047377
3840,76,8,0.022857,32,0.975141,0.271611,0.403984,0.051285
3860,29,10,0.028653,22,0.986008,0.318351,0.406099,0.044651
3860,71,9,0.025788,19,1.067156,0.308637,0.376954,0.052428
3860,11,8,0.022923,25,1.014826,0.323373,0.402718,0.049996
3860,37,8,0.022923,42,0.955365,0.295533,0.369453,0.048058
3860,50,8,0.022923,23,1.002849,0.312069,0.428201,0.057344
3860,75,8,0.022923,34,0.985947,0.312716,0.404718,0.047377
3860,86,8,0.022923,22,1.076987,0.339881,0.353018,0.050158
3860,99,8,0.022923,55,1.083707,0.314157,0.394505,0.056443
3880,29,10,0.028249,22,0.986008,0.318351,0.406099,0.044651
3880,71,9,0.025424,19,1.067156,0.308637,0.376954,0.052428
3880,11,8,0.022599,25,1.014826,0.323373,0.402718,0.049996
3880,37,8,0.022599,42,0.955365,0.295533,0.369453,0.048058
3880,50,8,0.022599,23,1.002849,0.312069,0.428201,0.057344
3880,75,8,0.022599,34,0.985947,0.312716,0.404718,0.047377
3880,86,8,0.022599,22,1.076987,0.339881,0.353018,0.050158
3880,9,7,0.019774,31,1.03489,0.317868,0.36839,0.050942
3900,29,9,0.025568,22,0.992131,0.320282,0.405763,0.045311
3900,71,9,0.025568,19,1.067156,0.308637,0.376954,0.052428
3900,11,8,0.022727,25,1.014826,0.323373,0.402718,0.049996
3900,37,8,0.022727,42,0.955365,0.295533,0.369453,0.048058
3900,50,8,0.022727,23,1.002849,0.312069,0.428201,0.057344
3900,75,8,0.022727,34,0.985947,0.312716,0.404718,0.047377
3900,82,8,0.022727,21,1.132034,0.346138,0.46838,0.0537
3900,86,8,0.022727,22,1.076987,0.339881,0.353018,0.050158
3920,71,10,0.028409,20,1.070666,0.308312,0.383672,0.051731
3920,29,9,0.025568,22,0.992131,0.320282,0.405763,0.045311
3920,11,8,0.022727,25,1.014826,0.323373,0.402718,0.049996
3920,37,8,0.022727,42,0.955365,0.295533,0.369453,0.048058
3920,50,8,0.022727,23,1.002849,0.312069,0.428201,0.057344
3920,75,8,0.022727,34,0.985947,0.312716,0.404718,0.047377
3920,82,8,0.022727,21,1.132034,0.346138,0.46838,0.0537
3920,86,8,0.022727,22,1.076987,0.339881,0.353018,0.050158
3940,71,10,0.02809,20,1.070666,0.308312,0.383672,0.051731
3940,0,8,0.022472,29,0.97905,0.363729,0.399443,0.044893
3940,11,8,0.022472,25,1.014826,0.323373,0.402718,0.049996
3940,29,8,0.022472,22,0.995188,0.316788,0.407339,0.045064
3940,37,8,0.022472,42,0.955365,0.295533,0.369453,0.048058
3940,50,8,0.022472,23,1.002849,0.312069,0.428201,0.057344
3940,75,8,0.022472,34,0.985947,0.312716,0.404718,0.047377
3940,82,8,0.022472,21,1.132034,0.346138,0.46838,0.0537
3960,11,9,0.02507,26,1.012991,0.32202,0.399891,0.049621
3960,71,9,0.02507,20,1.06365,0.310167,0.382821,0.051024
3960,0,8,0.022284,29,0.97905,0.363729,0.399443,0.044893
3960,9,8,0.022284,33,1.045052,0.319382,0.376193,0.051755
3960,29,8,0.022284,22,0.995188,0.316788,0.407339,0.045064
3960,37,8,0.022284,42,0.955365,0.295533,0.369453,0.048058
3960,39,8,0.022284,22,0.966025,0.300235,0.407829,0.06003
3960,50,8,0.022284,23,1.002849,0.312069,0.428201,0.057344
3980,0,9,0.02514,30,0.976486,0.364318,0.401616,0.044046
3980,11,9,0.02514,26,1.012991,0.32202,0.399891,0.049621
3980,50,9,0.02514,24,1.016425,0.315246,0.429168,0.05742
3980,9,8,0.022346,33,1.045052,0.319382,0.376193,0.051755
3980,29,8,0.022346,22,0.995188,0.316788,0.407339,0.045064
3980,37,8,0.022346,42,0.955365,0.295533,0.369453,0.048058
3980,39,8,0.022346,22,0.966025,0.300235,0.407829,0.06003
3980,40,8,0.022346,27,1.140898,0.290273,0.451419,0.044455
4000,0,9,0.024931,30,0.976486,0.364318,0.401616,0.044046
4000,11,9,0.024931,26,1.012991,0.32202,0.399891,0.049621
4000,50,9,0.024931,24,1.016425,0.315246,0.429168,0.05742
4000,99,9,0.024931,58,1.108657,0.313589,0.392273,0.061456
4000,9,8,0.022161,33,1.045052,0.319382,0.376193,0.051755
4000,29,8,0.022161,22,0.995188,0.316788,0.407339,0.045064
4000,37,8,0.022161,42,0.955365,0.295533,0.369453,0.048058
4000,39,8,0.022161,22,0.966025,0.300235,0.407829,0.06003
4020,0,9,0.025,30,0.976486,0.364318,0.401616,0.044046
4020,11,9,0.025,26,1.012991,0.32202,0.399891,0.049621
4020,50,9,0.025,24,1.016425,0.315246,0.429168,0.05742
4020,99,9,0.025,58,1.108657,0.313589,0.392273,0.061456
4020,9,8,0.022222,33,1.045052,0.319382,0.376193,0.051755
4020,29,8,0.022222,22,0.995188,0.316788,0.407339,0.045064
4020,37,8,0.022222,42,0.955365,0.295533,0.369453,0.048058
4020,39,8,0.022222,22,0.966025,0.300235,0.407829,0.06003
4040,0,9,0.024931,30,0.976486,0.364318,0.401616,0.044046
4040,11,9,0.024931,26,1.012991,0.32202,0.399891,0.049621
4040,50,9,0.024931,24,1.016425,0.315246,0.429168,0.05742
4040,71,9,0.024931,21,1.057784,0.305525,0.396045,0.051434
4040,86,9,0.024931,23,1.078491,0.340337,0.352566,0.051119
4040,99,9,0.024931,58,1.108657,0.313589,0.392273,0.061456
4040,9,8,0.022161,33,1.045052,0.319382,0.376193,0.051755
4040,29,8,0.022161,22,0.995188,0.316788,0.407339,0.045064
4060,99,10,0.027624,59,1.137635,0.312183,0.390047,0.065081
4060,0,9,0.024862,30,0.976486,0.364318,0.401616,0.044046
4060,11,9,0.024862,26,1.012991,0.32202,0.399891,0.049621
4060,50,9,0.024862,24,1.016425,0.315246,0.429168,0.05742
4060,71,9,0.024862,21,1.057784,0.305525,0.396045,0.051434
4060,86,9,0.024862,23,1.078491,0.340337,0.352566,0.051119
4060,9,8,0.022099,33,1.045052,0.319382,0.376193,0.051755
4060,29,8,0.022099,22,0.995188,0.316788,0.407339,0.045064
4080,99,10,0.027322,59,1.137635,0.312183,0.390047,0.065081
4080,11,9,0.02459,26,1.012991,0.32202,0.399891,0.049621
4080,44,9,0.02459,37,0.962644,0.313219,0.353544,0.04989
4080,50,9,0.02459,24,1.016425,0.315246,0.429168,0.05742
4080,71,9,0.02459,21,1.057784,0.305525,0.396045,0.051434
4080,86,9,0.02459,23,1.078491,0.340337,0.352566,0.051119
4080,0,8,0.021858,30,0.973419,0.363201,0.404856,0.043
4080,29,8,0.021858,22,0.995188,0.316788,0.407339,0.045064
4100,99,10,0.027473,59,1.137635,0.312183,0.390047,0.065081
4100,11,9,0.024725,26,1.012991,0.32202,0.399891,0.049621
4100,71,9,0.024725,21,1.057784,0.305525,0.396045,0.051434
4100,86,9,0.024725,23,1.078491,0.340337,0.352566,0.051119
4100,0,8,0.021978,30,0.973419,0.363201,0.404856,0.043
4100,29,8,0.021978,22,0.995188,0.316788,0.407339,0.045064
4100,37,8,0.021978,42,0.955365,0.295533,0.369453,0.048058
4100,39,8,0.021978,22,0.966025,0.300235,0.407829,0.06003
4120,99,11,0.030556,60,1.130756,0.310127,0.392949,0.066077
4120,11,9,0.025,26,1.012991,0.32202,0.399891,0.049621
4120,71,9,0.025,21,1.057784,0.305525,0.396045,0.051434
4120,86,9,0.025,23,1.078491,0.340337,0.352566,0.051119
4120,0,8,0.022222,30,0.973419,0.363201,0.404856,0.043
4120,29,8,0.022222,22,0.995188,0.316788,0.407339,0.045064
4120,37,8,0.022222,42,0.955365,0.295533,0.369453,0.048058
4120,40,8,0.022222,28,1.145992,0.287061,0.444764,0.042673
4140,99,11,0.030387,60,1.130756,0.310127,0.392949,0.066077
4140,50,9,0.024862,25,1.023217,0.315724,0.421602,0.058228
4140,71,9,0.024862,21,1.057784,0.305525,0.396045,0.051434
4140,86,9,0.024862,23,1.078491,0.340337,0.352566,0.051119
4140,0,8,0.022099,30,0.973419,0.363201,0.404856,0.043
4140,11,8,0.022099,26,1.014826,0.323373,0.402718,0.049996
4140,29,8,0.022099,22,0.995188,0.316788,0.407339,0.045064
4140,37,8,0.022099,42,0.955365,0.295533,0.369453,0.048058
4160,99,10,0.027933,61,1.080074,0.311973,0.391687,0.060187
4160,50,9,0.02514,25,1.023217,0.315724,0.421602,0.058228
4160,71,9,0.02514,21,1.057784,0.305525,0.396045,0.051434
4160,86,9,0.02514,23,1.078491,0.340337,0.352566,0.051119
4160,0,8,0.022346,30,0.973419,0.363201,0.404856,0.043
4160,11,8,0.022346,26,1.014826,0.323373,0.402718,0.049996
4160,29,8,0.022346,22,0.995188,0.316788,0.407339,0.045064
4160,37,8,0.022346,42,0.955365,0.295533,0.369453,0.048058
4180,11,9,0.02521,27,1.003539,0.32463,0.401377,0.049102
4180,50,9,0.02521,25,1.023217,0.315724,0.421602,0.058228
4180,71,9,0.02521,21,1.057784,0.305525,0.396045,0.051434
4180,86,9,0.02521,23,1.078491,0.340337,0.352566,0.051119
4180,99,9,0.02521,61,1.080731,0.306234,0.38672,0.062014
4180,0,8,0.022409,30,0.973419,0.363201,0.404856,0.043
4180,29,8,0.022409,22,0.995188,0.316788,0.407339,0.045064
4180,32,8,0.022409,41,1.029934,0.298931,0.397888,0.052441
4200,11,9,0.025496,27,1.003539,0.32463,0.401377,0.049102
4200,50,9,0.025496,25,1.023217,0.315724,0.421602,0.058228
4200,71,9,0.025496,21,1.057784,0.305525,0.396045,0.051434
4200,76,9,0.025496,37,0.931274,0.284015,0.407758,0.057418
4200,86,9,0.025496,23,1.078491,0.340337,0.352566,0.051119
4200,99,9,0.025496,61,1.080731,0.306234,0.38672,0.062014
4200,0,8,0.022663,30,0.973419,0.363201,0.404856,0.043
4200,29,8,0.022663,22,0.995188,0.316788,0.407339,0.045064
4220,11,9,0.026316,27,1.003539,0.32463,0.401377,0.049102
4220,50,9,0.026316,25,1.023217,0.315724,0.421602,0.058228
4220,99,9,0.026316,61,1.080731,0.306234,0.38672,0.062014
4220,0,8,0.023392,30,0.973419,0.363201,0.404856,0.043
4220,29,8,0.023392,22,0.995188,0.316788,0.407339,0.045064
4220,39,8,0.023392,24,0.980188,0.297129,0.414386,0.060859
4220,71,8,0.023392,21,1.063027,0.30946,0.392254,0.051662
4220,75,8,0.023392,34,0.985947,0.312716,0.404718,0.047377
4240,99,10,0.028902,62,1.09383,0.30527,0.385931,0.064482
4240,11,9,0.026012,27,1.003539,0.32463,0.401377,0.049102
4240,50,9,0.026012,25,1.023217,0.315724,0.421602,0.058228
4240,0,8,0.023121,30,0.973419,0.363201,0.404856,0.043
4240,29,8,0.023121,22,0.995188,0.316788,0.407339,0.045064
4240,39,8,0.023121,24,0.980188,0.297129,0.414386,0.060859
4240,71,8,0.023121,21,1.063027,0.30946,0.392254,0.051662
4240,75,8,0.023121,34,0.985947,0.312716,0.404718,0.047377
4260,99,10,0.028736,62,1.09383,0.30527,0.385931,0.064482
4260,11,9,0.025862,27,1.003539,0.32463,0.401377,0.049102
4260,44,9,0.025862,41,0.940731,0.315991,0.348418,0.053745
4260,50,9,0.025862,25,1.023217,0.315724,0.421602,0.058228
4260,71,9,0.025862,22,1.062654,0.310773,0.381644,0.051531
4260,0,8,0.022989,30,0.973419,0.363201,0.404856,0.043
4260,29,8,0.022989,22,0.995188,0.316788,0.407339,0.045064
4260,75,8,0.022989,34,0.985947,0.312716,0.404718,0.047377
4280,99,10,0.02907,62,1.09383,0.30527,0.385931,0.064482
4280,11,9,0.026163,27,1.003539,0.32463,0.401377,0.049102
4280,50,9,0.026163,25,1.023217,0.315724,0.421602,0.058228
4280,71,9,0.026163,22,1.062654,0.310773,0.381644,0.051531
4280,29,8,0.023256,22,0.995188,0.316788,0.407339,0.045064
4280,75,8,0.023256,34,0.985947,0.312716,0.404718,0.047377
4280,86,8,0.023256,23,1.076987,0.339881,0.353018,0.050158
4280,0,7,0.020349,30,0.95153,0.363196,0.403611,0.041485
4300,99,10,0.028902,63,1.086963,0.306043,0.380458,0.064998
4300,11,9,0.026012,27,1.003539,0.32463,0.401377,0.049102
4300,29,8,0.023121,22,0.995188,0.316788,0.407339,0.045064
4300,50,8,0.023121,25,1.015843,0.318813,0.428228,0.058046
4300,71,8,0.023121,22,1.067636,0.313305,0.377311,0.051504
4300,76,8,0.023121,38,0.952734,0.289308,0.408489,0.057726
4300,86,8,0.023121,23,1.076987,0.339881,0.353018,0.050158
4300,37,7,0.020231,43,0.931847,0.301689,0.372549,0.046964
4320,99,10,0.028818,63,1.086963,0.306043,0.380458,0.064998
4320,11,9,0.025937,27,1.003539,0.32463,0.401377,0.049102
4320,29,8,0.023055,22,0.995188,0.316788,0.407339,0.045064
4320,50,8,0.023055,25,1.015843,0.318813,0.428228,0.058046
4320,71,8,0.023055,22,1.067636,0.313305,0.377311,0.051504
4320,76,8,0.023055,38,0.952734,0.289308,0.408489,0.057726
4320,86,8,0.023055,23,1.076987,0.339881,0.353018,0.050158
4320,37,7,0.020173,43,0.931847,0.301689,0.372549,0.046964
4340,99,10,0.028409,63,1.086963,0.306043,0.380458,0.064998
4340,11,9,0.025568,27,1.003539,0.32463,0.401377,0.049102
4340,29,8,0.022727,22,0.995188,0.316788,0.407339,0.045064
4340,37,8,0.022727,44,0.95431,0.298665,0.369408,0.047551
4340,44,8,0.022727,42,0.919112,0.317265,0.349937,0.055923
4340,50,8,0.022727,25,1.015843,0.318813,0.428228,0.058046
4340,71,8,0.022727,22,1.067636,0.313305,0.377311,0.051504
4340,76,8,0.022727,38,0.952734,0.289308,0.408489,0.057726
4360,99,11,0.031161,64,1.111293,0.304461,0.382098,0.065961
4360,11,9,0.025496,27,1.003539,0.32463,0.401377,0.049102
4360,29,8,0.022663,22,0.995188,0.316788,0.407339,0.045064
4360,37,8,0.022663,44,0.95431,0.298665,0.369408,0.047551
4360,50,8,0.022663,25,1.015843,0.318813,0.428228,0.058046
4360,71,8,0.022663,22,1.067636,0.313305,0.377311,0.051504
4360,76,8,0.022663,38,0.952734,0.289308,0.408489,0.057726
4360,86,8,0.022663,23,1.076987,0.339881,0.353018,0.050158
4380,99,11,0.030726,64,1.111293,0.304461,0.382098,0.065961
4380,11,9,0.02514,27,1.003539,0.32463,0.401377,0.049102
4380,29,8,0.022346,22,0.995188,0.316788,0.407339,0.045064
4380,37,8,0.022346,44,0.95431,0.298665,0.369408,0.047551
4380,50,8,0.022346,25,1.015843,0.318813,0.428228,0.058046
4380,70,8,0.022346,32,1.138917,0.336437,0.360707,0.045107
4380,71,8,0.022346,22,1.067636,0.313305,0.377311,0.051504
4380,86,8,0.022346,23,1.076987,0.339881,0.353018,0.050158
4400,99,10,0.027701,64,1.10125,0.305248,0.382425,0.063888
4400,11,9,0.024931,27,1.003539,0.32463,0.401377,0.049102
4400,50,9,0.024931,26,1.019621,0.323916,0.431664,0.05855
4400,29,8,0.022161,22,0.995188,0.316788,0.407339,0.045064
4400,37,8,0.022161,44,0.95431,0.298665,0.369408,0.047551
4400,70,8,0.022161,32,1.138917,0.336437,0.360707,0.045107
4400,71,8,0.022161,22,1.067636,0.313305,0.377311,0.051504
4400,78,8,0.022161,39,0.975764,0.309468,0.391676,0.057169
4420,99,11,0.030812,65,1.099911,0.30807,0.383196,0.06203
4420,50,9,0.02521,26,1.019621,0.323916,0.431664,0.05855
4420,11,8,0.022409,27,1.014826,0.323373,0.402718,0.049996
4420,29,8,0.022409,22,0.995188,0.316788,0.407339,0.045064
4420,37,8,0.022409,44,0.95431,0.298665,0.369408,0.047551
4420,70,8,0.022409,32,1.138917,0.336437,0.360707,0.045107
4420,71,8,0.022409,22,1.067636,0.313305,0.377311,0.051504
4420,78,8,0.022409,39,0.975764,0.309468,0.391676,0.057169
4440,99,11,0.030556,65,1.099911,0.30807,0.383196,0.06203
4440,50,9,0.025,26,1.019621,0.323916,0.431664,0.05855
4440,11,8,0.022222,27,1.014826,0.323373,0.402718,0.049996
4440,29,8,0.022222,22,0.995188,0.316788,0.407339,0.045064
4440,37,8,0.022222,44,0.95431,0.298665,0.369408,0.047551
4440,70,8,0.022222,32,1.138917,0.336437,0.360707,0.045107
4440,71,8,0.022222,22,1.067636,0.313305,0.377311,0.051504
4440,78,8,0.022222,39,0.975764,0.309468,0.391676,0.057169
4460,99,11,0.029891,65,1.099911,0.30807,0.383196,0.06203
4460,50,9,0.024457,26,1.019621,0.323916,0.431664,0.05855
4460,0,8,0.021739,32,0.921042,0.3778,0.403278,0.039178
4460,11,8,0.021739,27,1.014826,0.323373,0.402718,0.049996
4460,29,8,0.021739,22,0.995188,0.316788,0.407339,0.045064
4460,37,8,0.021739,44,0.95431,0.298665,0.369408,0.047551
4460,70,8,0.021739,32,1.138917,0.336437,0.360707,0.045107
4460,71,8,0.021739,22,1.067636,0.313305,0.377311,0.051504
4480,99,10,0.02681,65,1.105522,0.306953,0.38526,0.063129
4480,50,9,0.024129,26,1.019621,0.323916,0.431664,0.05855
4480,86,9,0.024129,24,1.088185,0.337001,0.353046,0.049024
4480,0,8,0.021448,32,0.921042,0.3778,0.403278,0.039178
4480,11,8,0.021448,27,1.014826,0.323373,0.402718,0.049996
4480,13,8,0.021448,37,0.958971,0.295884,0.411158,0.048412
4480,29,8,0.021448,22,0.995188,0.316788,0.407339,0.045064
4480,37,8,0.021448,44,0.95431,0.298665,0.369408,0.047551
4500,99,10,0.026525,65,1.105522,0.306953,0.38526,0.063129
4500,0,9,0.023873,33,0.919994,0.382783,0.403189,0.038926
4500,13,9,0.023873,38,0.950633,0.293956,0.413624,0.048882
4500,50,9,0.023873,26,1.019621,0.323916,0.431664,0.05855
4500,86,9,0.023873,24,1.088185,0.337001,0.353046,0.049024
4500,9,8,0.02122,37,1.10205,0.316851,0.37277,0.051323
4500,11,8,0.02122,27,1.014826,0.323373,0.402718,0.049996
4500,39,8,0.02122,26,0.965895,0.292014,0.415848,0.063174
4520,0,9,0.023377,33,0.919994,0.382783,0.403189,0.038926
4520,9,9,0.023377,38,1.099952,0.31668,0.37285,0.051129
4520,13,9,0.023377,38,0.950633,0.293956,0.413624,0.048882
4520,50,9,0.023377,26,1.019621,0.323916,0.431664,0.05855
4520,86,9,0.023377,24,1.088185,0.337001,0.353046,0.049024
4520,99,9,0.023377,66,1.125724,0.31024,0.387144,0.063742
4520,11,8,0.020779,27,1.014826,0.323373,0.402718,0.049996
4520,37,8,0.020779,45,0.943687,0.299557,0.370603,0.046718
4540,0,9,0.023684,33,0.919994,0.382783,0.403189,0.038926
4540,13,9,0.023684,38,0.950633,0.293956,0.413624,0.048882
4540,50,9,0.023684,26,1.019621,0.323916,0.431664,0.05855
4540,71,9,0.023684,23,1.070361,0.31089,0.384729,0.052531
4540,86,9,0.023684,24,1.088185,0.337001,0.353046,0.049024
4540,9,8,0.021053,38,1.106412,0.318867,0.375583,0.051867
4540,11,8,0.021053,27,1.014826,0.323373,0.402718,0.049996
4540,37,8,0.021053,45,0.943687,0.299557,0.370603,0.046718
4560,0,9,0.023684,33,0.919994,0.382783,0.403189,0.038926
4560,13,9,0.023684,38,0.950633,0.293956,0.413624,0.048882
4560,50,9,0.023684,26,1.019621,0.323916,0.431664,0.05855
4560,71,9,0.023684,23,1.070361,0.31089,0.384729,0.052531
4560,86,9,0.023684,24,1.088185,0.337001,0.353046,0.049024
4560,11,8,0.021053,27,1.014826,0.323373,0.402718,0.049996
4560,37,8,0.021053,45,0.943687,0.299557,0.370603,0.046718
4560,39,8,0.021053,26,0.965895,0.292014,0.415848,0.063174
4580,0,9,0.023438,33,0.919994,0.382783,0.403189,0.038926
4580,13,9,0.023438,38,0.950633,0.293956,0.413624,0.048882
4580,37,9,0.023438,46,0.94872,0.299643,0.369613,0.046118
4580,50,9,0.023438,26,1.019621,0.323916,0.431664,0.05855
4580,71,9,0.023438,23,1.070361,0.31089,0.384729,0.052531
4580,86,9,0.023438,24,1.088185,0.337001,0.353046,0.049024
4580,11,8,0.020833,27,1.014826,0.323373,0.402718,0.049996
4580,29,8,0.020833,23,0.996826,0.320352,0.402869,0.046977
4600,13,10,0.025907,39,0.95234,0.289461,0.416026,0.049009
4600,11,9,0.023316,28,1.00964,0.321841,0.403424,0.05029
4600,37,9,0.023316,46,0.94872,0.299643,0.369613,0.046118
4600,50,9,0.023316,26,1.019621,0.323916,0.431664,0.05855
4600,71,9,0.023316,23,1.070361,0.31089,0.384729,0.052531
4600,86,9,0.023316,24,1.088185,0.337001,0.353046,0.049024
4600,99,9,0.023316,67,1.105807,0.308466,0.381108,0.065483
4600,0,8,0.020725,33,0.924931,0.381018,0.402003,0.039382
4620,13,10,0.02584,39,0.95234,0.289461,0.416026,0.049009
4620,11,9,0.023256,28,1.00964,0.321841,0.403424,0.05029
4620,37,9,0.023256,46,0.94872,0.299643,0.369613,0.046118
4620,50,9,0.023256,26,1.019621,0.323916,0.431664,0.05855
4620,71,9,0.023256,23,1.070361,0.31089,0.384729,0.052531
4620,99,9,0.023256,67,1.105807,0.308466,0.381108,0.065483
4620,0,8,0.020672,33,0.924931,0.381018,0.402003,0.039382
4620,29,8,0.020672,23,0.996826,0.320352,0.402869,0.046977
4640,13,10,0.025974,40,0.950594,0.290624,0.410028,0.049689
4640,37,10,0.025974,47,0.952023,0.301977,0.367864,0.045662
4640,11,9,0.023377,28,1.00964,0.321841,0.403424,0.05029
4640,29,9,0.023377,24,0.991683,0.321537,0.407009,0.047357
4640,50,9,0.023377,26,1.019621,0.323916,0.431664,0.05855
4640,71,9,0.023377,23,1.070361,0.31089,0.384729,0.052531
4640,0,8,0.020779,33,0.924931,0.381018,0.402003,0.039382
4640,59,8,0.020779,22,1.022226,0.347942,0.43602,0.056112
4660,13,10,0.026178,40,0.950594,0.290624,0.410028,0.049689
4660,37,10,0.026178,47,0.952023,0.301977,0.367864,0.045662
4660,71,10,0.026178,24,1.069602,0.312233,0.379467,0.053193
4660,11,9,0.02356,28,1.00964,0.321841,0.403424,0.05029
4660,29,9,0.02356,24,0.991683,0.321537,0.407009,0.047357
4660,50,9,0.02356,27,1.000722,0.322786,0.426186,0.056533
4660,86,9,0.02356,25,1.089944,0.339826,0.353413,0.049238
4660,0,8,0.020942,33,0.924931,0.381018,0.402003,0.039382
4680,71,11,0.028796,25,1.062184,0.316097,0.37235,0.053477
4680,11,10,0.026178,29,1.01908,0.322528,0.401294,0.049802
4680,29,10,0.026178,25,0.981661,0.319062,0.40867,0.048629
4680,50,9,0.02356,27,1.000722,0.322786,0.426186,0.056533
4680,86,9,0.02356,25,1.089944,0.339826,0.353413,0.049238
4680,0,8,0.020942,33,0.924931,0.381018,0.402003,0.039382
4680,13,8,0.020942,40,0.960375,0.291978,0.405758,0.047707
4680,32,8,0.020942,48,0.993455,0.298444,0.408177,0.050528
4700,71,11,0.028796,25,1.062184,0.316097,0.37235,0.053477
4700,11,10,0.026178,29,1.01908,0.322528,0.401294,0.049802
4700,29,10,0.026178,25,0.981661,0.319062,0.40867,0.048629
4700,99,10,0.026178,69,1.0883,0.313032,0.385514,0.059868
4700,50,9,0.02356,27,1.000722,0.322786,0.426186,0.056533
4700,86,9,0.02356,25,1.089944,0.339826,0.353413,0.049238
4700,0,8,0.020942,33,0.924931,0.381018,0.402003,0.039382
4700,9,8,0.020942,40,1.086748,0.311662,0.378195,0.053167
4720,99,11,0.028871,70,1.128672,0.313461,0.38015,0.063564
4720,11,10,0.026247,29,1.01908,0.322528,0.401294,0.049802
4720,71,10,0.026247,25,1.059186,0.31855,0.365178,0.05275
4720,86,10,0.026247,26,1.085748,0.340495,0.352882,0.049125
4720,29,9,0.023622,25,0.981398,0.318157,0.411712,0.048173
4720,50,9,0.023622,27,1.000722,0.322786,0.426186,0.056533
4720,0,8,0.020997,33,0.924931,0.381018,0.402003,0.039382
4720,9,8,0.020997,40,1.086748,0.311662,0.378195,0.053167
4740,99,11,0.028424,70,1.128672,0.313461,0.38015,0.063564
4740,11,10,0.02584,29,1.01908,0.322528,0.401294,0.049802
4740,29,10,0.02584,26,0.979387,0.318062,0.411804,0.048459
4740,71,10,0.02584,25,1.059186,0.31855,0.365178,0.05275
4740,86,10,0.02584,26,1.085748,0.340495,0.352882,0.049125
4740,46,9,0.023256,66,0.939504,0.322949,0.395168,0.054375
4740,50,9,0.023256,27,1.000722,0.322786,0.426186,0.056533
4740,32,8,0.020672,48,0.993455,0.298444,0.408177,0.050528
4760,99,13,0.033943,72,1.120774,0.312686,0.378381,0.063922
4760,11,10,0.02611,29,1.01908,0.322528,0.401294,0.049802
4760,29,10,0.02611,26,0.979387,0.318062,0.411804,0.048459
4760,86,10,0.02611,26,1.085748,0.340495,0.352882,0.049125
4760,50,9,0.023499,27,1.000722,0.322786,0.426186,0.056533
4760,71,9,0.023499,25,1.056916,0.320935,0.358347,0.052161
4760,32,8,0.020888,48,0.993455,0.298444,0.408177,0.050528
4760,40,8,0.020888,36,1.116496,0.289512,0.446342,0.042891
4780,99,13,0.034574,73,1.104308,0.308826,0.376032,0.066427
4780,86,10,0.026596,26,1.085748,0.340495,0.352882,0.049125
4780,11,9,0.023936,29,1.024738,0.323966,0.40043,0.049487
4780,29,9,0.023936,26,0.982593,0.316623,0.408657,0.048244
4780,37,8,0.021277,48,0.954326,0.309649,0.365751,0.046847
4780,40,8,0.021277,36,1.116496,0.289512,0.446342,0.042891
4780,44,8,0.021277,44,0.925846,0.320607,0.352652,0.056502
4780,50,8,0.021277,27,0.999468,0.322922,0.422718,0.05579
4800,99,14,0.037037,74,1.107597,0.311826,0.376268,0.064909
4800,86,10,0.026455,26,1.085748,0.340495,0.352882,0.049125
4800,11,9,0.02381,29,1.024738,0.323966,0.40043,0.049487
4800,29,9,0.02381,26,0.982593,0.316623,0.408657,0.048244
4800,44,8,0.021164,45,0.933857,0.319251,0.35679,0.057281
4800,46,8,0.021164,67,0.9477,0.318289,0.397339,0.053351
4800,50,8,0.021164,27,0.999468,0.322922,0.422718,0.05579
4800,71,8,0.021164,25,1.056184,0.320511,0.361627,0.051286
4820,99,15,0.039267,75,1.098743,0.313156,0.377257,0.064003
4820,29,9,0.02356,26,0.982593,0.316623,0.408657,0.048244
4820,86,9,0.02356,26,1.073764,0.340619,0.352471,0.049931
4820,0,8,0.020942,34,0.926508,0.380396,0.401481,0.039248
4820,11,8,0.020942,29,1.014826,0.323373,0.402718,0.049996
4820,13,8,0.020942,42,0.954934,0.295067,0.410028,0.046465
4820,44,8,0.020942,45,0.933857,0.319251,0.35679,0.057281
4820,50,8,0.020942,27,0.999468,0.322922,0.422718,0.05579
4840,99,16,0.041885,76,1.088306,0.310717,0.376284,0.065673
4840,86,9,0.02356,26,1.073764,0.340619,0.352471,0.049931
4840,0,8,0.020942,34,0.926508,0.380396,0.401481,0.039248
4840,11,8,0.020942,29,1.014826,0.323373,0.402718,0.049996
4840,13,8,0.020942,42,0.954934,0.295067,0.410028,0.046465
4840,29,8,0.020942,26,0.981076,0.314834,0.412935,0.04829
4840,37,8,0.020942,49,0.959299,0.306142,0.364826,0.047457
4840,50,8,0.020942,27,0.999468,0.322922,0.422718,0.05579
4860,99,15,0.039894,76,1.099883,0.310945,0.376048,0.066875
4860,11,9,0.023936,30,1.014757,0.325445,0.401743,0.051469
4860,86,9,0.023936,26,1.073764,0.340619,0.352471,0.049931
4860,13,8,0.021277,42,0.954934,0.295067,0.410028,0.046465
4860,29,8,0.021277,26,0.981076,0.314834,0.412935,0.04829
4860,37,8,0.021277,49,0.959299,0.306142,0.364826,0.047457
4860,44,8,0.021277,46,0.927848,0.31965,0.361742,0.055498
4860,50,8,0.021277,27,0.999468,0.322922,0.422718,0.05579
4880,99,14,0.037534,77,1.061181,0.314577,0.384091,0.061756
4880,11,9,0.024129,30,1.014757,0.325445,0.401743,0.051469
4880,86,9,0.024129,26,1.073764,0.340619,0.352471,0.049931
4880,0,8,0.021448,35,0.937157,0.388446,0.40401,0.040124
4880,13,8,0.021448,42,0.954934,0.295067,0.410028,0.046465
4880,29,8,0.021448,26,0.981076,0.314834,0.412935,0.04829
4880,37,8,0.021448,49,0.959299,0.306142,0.364826,0.047457
4880,50,8,0.021448,27,0.999468,0.322922,0.422718,0.05579
4900,99,15,0.040323,78,1.057294,0.317158,0.387071,0.060513
4900,11,9,0.024194,30,1.014757,0.325445,0.401743,0.051469
4900,86,9,0.024194,26,1.073764,0.340619,0.352471,0.049931
4900,0,8,0.021505,35,0.937157,0.388446,0.40401,0.040124
4900,13,8,0.021505,42,0.954934,0.295067,0.410028,0.046465
4900,29,8,0.021505,26,0.981076,0.314834,0.412935,0.04829
4900,37,8,0.021505,49,0.959299,0.306142,0.364826,0.047457
4900,50,8,0.021505,27,0.999468,0.322922,0.422718,0.05579
4920,99,15,0.039788,78,1.057294,0.317158,0.387071,0.060513
4920,11,9,0.023873,30,1.014757,0.325445,0.401743,0.051469
4920,0,8,0.02122,35,0.937157,0.388446,0.40401,0.040124
4920,13,8,0.02122,42,0.954934,0.295067,0.410028,0.046465
4920,29,8,0.02122,26,0.981076,0.314834,0.412935,0.04829
4920,37,8,0.02122,49,0.959299,0.306142,0.364826,0.047457
4920,44,8,0.02122,47,0.930119,0.320852,0.362253,0.056849
4920,50,8,0.02122,27,0.999468,0.322922,0.422718,0.05579
4940,99,16,0.042781,79,1.068854,0.313969,0.383989,0.062396
4940,11,9,0.024064,30,1.014757,0.325445,0.401743,0.051469
4940,0,8,0.02139,35,0.937157,0.388446,0.40401,0.040124
4940,29,8,0.02139,26,0.981076,0.314834,0.412935,0.04829
4940,37,8,0.02139,49,0.959299,0.306142,0.364826,0.047457
4940,44,8,0.02139,47,0.930119,0.320852,0.362253,0.056849
4940,50,8,0.02139,27,0.999468,0.322922,0.422718,0.05579
4940,70,8,0.02139,37,1.168941,0.337145,0.368752,0.041829
4960,99,15,0.039578,79,1.079711,0.316687,0.38514,0.061525
4960,0,9,0.023747,36,0.938576,0.387521,0.408382,0.040501
4960,11,9,0.023747,30,1.014757,0.325445,0.401743,0.051469
4960,29,8,0.021108,26,0.981076,0.314834,0.412935,0.04829
4960,34,8,0.021108,11,0.930331,0.283874,0.372546,0.058614
4960,37,8,0.021108,49,0.959299,0.306142,0.364826,0.047457
4960,44,8,0.021108,47,0.930119,0.320852,0.362253,0.056849
4960,50,8,0.021108,27,0.999468,0.322922,0.422718,0.05579
4980,99,16,0.042216,80,1.080295,0.319346,0.385187,0.06033
4980,0,9,0.023747,36,0.938576,0.387521,0.408382,0.040501
4980,11,9,0.023747,30,1.014757,0.325445,0.401743,0.051469
4980,29,8,0.021108,26,0.981076,0.314834,0.412935,0.04829
4980,34,8,0.021108,11,0.930331,0.283874,0.372546,0.058614
4980,37,8,0.021108,49,0.959299,0.306142,0.364826,0.047457
4980,44,8,0.021108,47,0.930119,0.320852,0.362253,0.056849
4980,50,8,0.021108,27,0.999468,0.322922,0.422718,0.05579
5000,99,15,0.039894,80,1.090199,0.32236,0.386753,0.058305
5000,0,9,0.023936,36,0.938576,0.387521,0.408382,0.040501
5000,11,9,0.023936,30,1.014757,0.325445,0.401743,0.051469
5000,13,9,0.023936,44,0.950866,0.294554,0.412859,0.048199
5000,29,8,0.021277,26,0.981076,0.314834,0.412935,0.04829
5000,34,8,0.021277,11,0.930331,0.283874,0.372546,0.058614
5000,37,8,0.021277,49,0.959299,0.306142,0.364826,0.047457
5000,44,8,0.021277,47,0.930119,0.320852,0.362253,0.056849
5020,99,15,0.03937,81,1.094051,0.325784,0.385377,0.061604
5020,0,9,0.023622,37,0.933587,0.387734,0.404998,0.040999
5020,11,9,0.023622,30,1.014757,0.325445,0.401743,0.051469
5020,13,9,0.023622,45,0.959533,0.297157,0.414875,0.048586
5020,37,9,0.023622,50,0.948848,0.3101,0.364768,0.048006
5020,67,9,0.023622,51,0.927132,0.298355,0.383133,0.045699
5020,29,8,0.020997,26,0.981076,0.314834,0.412935,0.04829
5020,50,8,0.020997,27,0.999468,0.322922,0.422718,0.05579
5040,99,16,0.041451,82,1.089907,0.322612,0.380052,0.063449
5040,11,9,0.023316,30,1.014757,0.325445,0.401743,0.051469
5040,13,9,0.023316,45,0.959533,0.297157,0.414875,0.048586
5040,37,9,0.023316,50,0.948848,0.3101,0.364768,0.048006
5040,67,9,0.023316,51,0.927132,0.298355,0.383133,0.045699
5040,0,8,0.020725,37,0.929032,0.387794,0.403836,0.040679
5040,29,8,0.020725,26,0.981076,0.314834,0.412935,0.04829
5040,50,8,0.020725,27,0.999468,0.322922,0.422718,0.05579
5060,99,16,0.041237,82,1.089907,0.322612,0.380052,0.063449
5060,11,9,0.023196,30,1.014757,0.325445,0.401743,0.051469
5060,13,9,0.023196,45,0.959533,0.297157,0.414875,0.048586
5060,37,9,0.023196,50,0.948848,0.3101,0.364768,0.048006
5060,67,9,0.023196,52,0.935665,0.300357,0.389062,0.044322
5060,0,8,0.020619,37,0.929032,0.387794,0.403836,0.040679
5060,29,8,0.020619,26,0.981076,0.314834,0.412935,0.04829
5060,50,8,0.020619,27,0.999468,0.322922,0.422718,0.05579
5080,99,16,0.040609,83,1.093679,0.321066,0.378271,0.063211
5080,13,9,0.022843,45,0.959533,0.297157,0.414875,0.048586
5080,37,9,0.022843,50,0.948848,0.3101,0.364768,0.048006
5080,67,9,0.022843,52,0.935665,0.300357,0.389062,0.044322
5080,0,8,0.020305,38,0.930835,0.395482,0.405101,0.041166
5080,4,8,0.020305,41,0.987234,0.320221,0.369939,0.059908
5080,9,8,0.020305,44,1.114418,0.31368,0.387462,0.053093
5080,11,8,0.020305,30,1.014826,0.323373,0.402718,0.049996
5100,99,17,0.042929,84,1.092233,0.318149,0.38009,0.06452
5100,13,9,0.022727,45,0.959533,0.297157,0.414875,0.048586
5100,37,9,0.022727,50,0.948848,0.3101,0.364768,0.048006
5100,67,9,0.022727,52,0.935665,0.300357,0.389062,0.044322
5100,71,9,0.022727,26,1.053201,0.324076,0.354809,0.052224
5100,0,8,0.020202,38,0.930835,0.395482,0.405101,0.041166
5100,4,8,0.020202,41,0.987234,0.320221,0.369939,0.059908
5100,9,8,0.020202,44,1.114418,0.31368,0.387462,0.053093
5120,99,15,0.0375,84,1.082443,0.318877,0.382526,0.064252
5120,13,9,0.0225,45,0.959533,0.297157,0.414875,0.048586
5120,37,9,0.0225,50,0.948848,0.3101,0.364768,0.048006
5120,67,9,0.0225,52,0.935665,0.300357,0.389062,0.044322
5120,71,9,0.0225,26,1.053201,0.324076,0.354809,0.052224
5120,0,8,0.02,38,0.930835,0.395482,0.405101,0.041166
5120,9,8,0.02,44,1.114418,0.31368,0.387462,0.053093
5120,11,8,0.02,30,1.014826,0.323373,0.402718,0.049996
5140,99,15,0.0375,84,1.082443,0.318877,0.382526,0.064252
5140,13,9,0.0225,45,0.959533,0.297157,0.414875,0.048586
5140,37,9,0.0225,50,0.948848,0.3101,0.364768,0.048006
5140,67,9,0.0225,52,0.935665,0.300357,0.389062,0.044322
5140,70,9,0.0225,41,1.15711,0.338113,0.357679,0.041533
5140,71,9,0.0225,26,1.053201,0.324076,0.354809,0.052224
5140,0,8,0.02,38,0.930835,0.395482,0.405101,0.041166
5140,9,8,0.02,44,1.114418,0.31368,0.387462,0.053093
5160,99,15,0.037313,84,1.082443,0.318877,0.382526,0.064252
5160,13,10,0.024876,46,0.964007,0.298226,0.416613,0.048936
5160,37,9,0.022388,50,0.948848,0.3101,0.364768,0.048006
5160,67,9,0.022388,52,0.935665,0.300357,0.389062,0.044322
5160,70,9,0.022388,41,1.15711,0.338113,0.357679,0.041533
5160,71,9,0.022388,27,1.065879,0.325278,0.354628,0.053725
5160,0,8,0.0199,38,0.930835,0.395482,0.405101,0.041166
5160,11,8,0.0199,30,1.014826,0.323373,0.402718,0.049996
5180,99,16,0.0399,85,1.086512,0.320531,0.381879,0.063198
5180,71,11,0.027431,29,1.074472,0.324221,0.348124,0.05284
5180,37,9,0.022444,50,0.948848,0.3101,0.364768,0.048006
5180,50,9,0.022444,29,1.01937,0.324372,0.415083,0.057163
5180,70,9,0.022444,41,1.15711,0.338113,0.357679,0.041533
5180,0,8,0.01995,38,0.930835,0.395482,0.405101,0.041166
5180,9,8,0.01995,45,1.074357,0.310031,0.395003,0.054654
5180,11,8,0.01995,30,1.014826,0.323373,0.402718,0.049996
5200,99,15,0.038071,85,1.087672,0.323801,0.380058,0.061713
5200,71,11,0.027919,29,1.074472,0.324221,0.348124,0.05284
5200,37,9,0.022843,50,0.948848,0.3101,0.364768,0.048006
5200,50,9,0.022843,29,1.01937,0.324372,0.415083,0.057163
5200,70,9,0.022843,41,1.15711,0.338113,0.357679,0.041533
5200,9,8,0.020305,45,1.074357,0.310031,0.395003,0.054654
5200,11,8,0.020305,30,1.014826,0.323373,0.402718,0.049996
5200,29,8,0.020305,26,0.981076,0.314834,0.412935,0.04829
5220,99,16,0.040816,86,1.104256,0.317566,0.377696,0.064105
5220,71,11,0.028061,29,1.074472,0.324221,0.348124,0.05284
5220,50,9,0.022959,29,1.01937,0.324372,0.415083,0.057163
5220,70,9,0.022959,41,1.15711,0.338113,0.357679,0.041533
5220,11,8,0.020408,30,1.014826,0.323373,0.402718,0.049996
5220,29,8,0.020408,26,0.981076,0.314834,0.412935,0.04829
5220,37,8,0.020408,50,0.959299,0.306142,0.364826,0.047457
5220,39,8,0.020408,28,0.969908,0.304063,0.41157,0.064131
5240,99,16,0.040302,86,1.104256,0.317566,0.377696,0.064105
5240,71,11,0.027708,29,1.074472,0.324221,0.348124,0.05284
5240,70,10,0.025189,43,1.140475,0.337024,0.342646,0.041365
5240,50,9,0.02267,29,1.01937,0.324372,0.415083,0.057163
5240,11,8,0.020151,30,1.014826,0.323373,0.402718,0.049996
5240,29,8,0.020151,26,0.981076,0.314834,0.412935,0.04829
5240,39,8,0.020151,28,0.969908,0.304063,0.41157,0.064131
5240,59,8,0.020151,26,1.020552,0.330866,0.419196,0.053174
5260,99,14,0.035354,86,1.105061,0.315972,0.373308,0.064557
5260,71,11,0.027778,29,1.074472,0.324221,0.348124,0.05284
5260,70,10,0.025253,43,1.140475,0.337024,0.342646,0.041365
5260,50,9,0.022727,29,1.01937,0.324372,0.415083,0.057163
5260,11,8,0.020202,30,1.014826,0.323373,0.402718,0.049996
5260,29,8,0.020202,26,0.981076,0.314834,0.412935,0.04829
5260,39,8,0.020202,29,0.972052,0.304164,0.421481,0.06526
5260,59,8,0.020202,26,1.020552,0.330866,0.419196,0.053174
5280,99,14,0.035176,87,1.102257,0.32005,0.37419,0.065259
5280,71,11,0.027638,29,1.074472,0.324221,0.348124,0.05284
5280,70,10,0.025126,43,1.140475,0.337024,0.342646,0.041365
5280,50,9,0.022613,29,1.01937,0.324372,0.415083,0.057163
5280,86,9,0.022613,27,1.071034,0.341797,0.355646,0.049705
5280,11,8,0.020101,30,1.014826,0.323373,0.402718,0.049996
5280,21,8,0.020101,17,0.912043,0.314707,0.402377,0.04874
5280,29,8,0.020101,26,0.981076,0.314834,0.412935,0.04829
5300,99,14,0.035,87,1.102257,0.32005,0.37419,0.065259
5300,71,11,0.0275,29,1.074472,0.324221,0.348124,0.05284
5300,70,10,0.025,43,1.140475,0.337024,0.342646,0.041365
5300,39,9,0.0225,30,0.990803,0.311584,0.419758,0.064952
5300,50,9,0.0225,29,1.01937,0.324372,0.415083,0.057163
5300,86,9,0.0225,27,1.071034,0.341797,0.355646,0.049705
5300,11,8,0.02,30,1.014826,0.323373,0.402718,0.049996
5300,21,8,0.02,17,0.912043,0.314707,0.402377,0.04874
5320,99,15,0.037879,88,1.130442,0.320366,0.373105,0.067486
5320,71,10,0.025253,29,1.07031,0.324663,0.350369,0.053354
5320,21,9,0.022727,18,0.913391,0.312267,0.401351,0.049219
5320,39,9,0.022727,30,0.990803,0.311584,0.419758,0.064952
5320,50,9,0.022727,29,1.01937,0.324372,0.415083,0.057163
5320,70,9,0.022727,43,1.144564,0.339915,0.345471,0.041893
5320,86,9,0.022727,27,1.071034,0.341797,0.355646,0.049705
5320,11,8,0.020202,30,1.014826,0.323373,0.402718,0.049996
5340,99,15,0.037594,88,1.130442,0.320366,0.373105,0.067486
5340,11,9,0.022556,31,1.023793,0.3262,0.397071,0.049993
5340,13,9,0.022556,48,0.952656,0.297746,0.409866,0.046869
5340,21,9,0.022556,18,0.913391,0.312267,0.401351,0.049219
5340,50,9,0.022556,29,1.01937,0.324372,0.415083,0.057163
5340,70,9,0.022556,43,1.144564,0.339915,0.345471,0.041893
5340,71,9,0.022556,29,1.065879,0.325278,0.354628,0.053725
5340,75,9,0.022556,39,0.97446,0.318176,0.413435,0.044627
5360,99,14,0.035264,88,1.137778,0.323604,0.378314,0.065797
5360,11,9,0.02267,31,1.023793,0.3262,0.397071,0.049993
5360,21,9,0.02267,18,0.913391,0.312267,0.401351,0.049219
5360,70,9,0.02267,43,1.144564,0.339915,0.345471,0.041893
5360,71,9,0.02267,29,1.065879,0.325278,0.354628,0.053725
5360,75,9,0.02267,39,0.97446,0.318176,0.413435,0.044627
5360,86,9,0.02267,27,1.071034,0.341797,0.355646,0.049705
5360,0,8,0.020151,39,0.90778,0.399741,0.406294,0.039623
5380,99,13,0.032995,88,1.121221,0.331263,0.381088,0.063168
5380,11,9,0.022843,31,1.023793,0.3262,0.397071,0.049993
5380,21,9,0.022843,18,0.913391,0.312267,0.401351,0.049219
5380,39,9,0.022843,31,1.021743,0.321703,0.419748,0.064098
5380,70,9,0.022843,43,1.144564,0.339915,0.345471,0.041893
5380,71,9,0.022843,29,1.065879,0.325278,0.354628,0.053725
5380,75,9,0.022843,39,0.97446,0.318176,0.413435,0.044627
5380,86,9,0.022843,27,1.071034,0.341797,0.355646,0.049705
5400,99,13,0.033419,88,1.121221,0.331263,0.381088,0.063168
5400,11,9,0.023136,31,1.023793,0.3262,0.397071,0.049993
5400,37,9,0.023136,52,0.967711,0.308678,0.360368,0.047225
5400,39,9,0.023136,31,1.021743,0.321703,0.419748,0.064098
5400,86,9,0.023136,27,1.071034,0.341797,0.355646,0.049705
5400,0,8,0.020566,40,0.899933,0.407228,0.399658,0.038608
5400,13,8,0.020566,48,0.946204,0.296483,0.407068,0.046217
5400,21,8,0.020566,18,0.906365,0.312461,0.403672,0.049021
5420,99,12,0.030534,88,1.137766,0.332511,0.378051,0.064096
5420,86,10,0.025445,28,1.064747,0.340336,0.35362,0.049573
5420,11,9,0.022901,31,1.023793,0.3262,0.397071,0.049993
5420,39,9,0.022901,31,1.021743,0.321703,0.419748,0.064098
5420,70,9,0.022901,44,1.13421,0.334267,0.348429,0.041611
5420,0,8,0.020356,40,0.899933,0.407228,0.399658,0.038608
5420,13,8,0.020356,48,0.946204,0.296483,0.407068,0.046217
5420,21,8,0.020356,18,0.906365,0.312461,0.403672,0.049021
5440,99,12,0.030151,89,1.12498,0.330949,0.380303,0.063627
5440,39,10,0.025126,32,1.029231,0.323127,0.420613,0.063957
5440,86,10,0.025126,28,1.064747,0.340336,0.35362,0.049573
5440,11,9,0.022613,31,1.023793,0.3262,0.397071,0.049993
5440,21,9,0.022613,19,0.912029,0.310774,0.405034,0.048062
5440,70,9,0.022613,44,1.13421,0.334267,0.348429,0.041611
5440,0,8,0.020101,40,0.899933,0.407228,0.399658,0.038608
5440,13,8,0.020101,48,0.946204,0.296483,0.407068,0.046217
5460,99,12,0.030075,89,1.12498,0.330949,0.380303,0.063627
5460,39,10,0.025063,32,1.029231,0.323127,0.420613,0.063957
5460,11,9,0.022556,31,1.023793,0.3262,0.397071,0.049993
5460,21,9,0.022556,19,0.912029,0.310774,0.405034,0.048062
5460,37,9,0.022556,53,0.993225,0.307979,0.35285,0.046968
5460,67,9,0.022556,57,0.942626,0.296219,0.386134,0.045928
5460,86,9,0.022556,28,1.06934,0.33847,0.351059,0.049961
5460,0,8,0.02005,40,0.899933,0.407228,0.399658,0.038608
5480,99,12,0.030151,90,1.080731,0.330543,0.382026,0.062238
5480,39,10,0.025126,32,1.029231,0.323127,0.420613,0.063957
5480,11,9,0.022613,31,1.023793,0.3262,0.397071,0.049993
5480,21,9,0.022613,19,0.912029,0.310774,0.405034,0.048062
5480,37,9,0.022613,53,0.993225,0.307979,0.35285,0.046968
5480,86,9,0.022613,28,1.06934,0.33847,0.351059,0.049961
5480,9,8,0.020101,48,1.072557,0.315653,0.386032,0.053663
5480,29,8,0.020101,26,0.981076,0.314834,0.412935,0.04829
5500,99,12,0.029925,90,1.080731,0.330543,0.382026,0.062238
5500,39,11,0.027431,33,1.028222,0.329639,0.421604,0.063893
5500,11,9,0.022444,31,1.023793,0.3262,0.397071,0.049993
5500,21,9,0.022444,19,0.912029,0.310774,0.405034,0.048062
5500,29,9,0.022444,27,0.987992,0.318227,0.411393,0.04723
5500,37,9,0.022444,53,0.993225,0.307979,0.35285,0.046968
5500,86,9,0.022444,28,1.06934,0.33847,0.351059,0.049961
5500,13,8,0.01995,49,0.947532,0.298721,0.407461,0.046886
5520,99,13,0.031941,91,1.091311,0.335373,0.375904,0.064627
5520,39,11,0.027027,33,1.028222,0.329639,0.421604,0.063893
5520,45,10,0.02457,27,1.048868,0.310883,0.375457,0.063069
5520,11,9,0.022113,31,1.023793,0.3262,0.397071,0.049993
5520,13,9,0.022113,50,0.955752,0.298549,0.409744,0.046714
5520,29,9,0.022113,27,0.987992,0.318227,0.411393,0.04723
5520,37,9,0.022113,54,0.985452,0.304856,0.354912,0.047745
5520,86,9,0.022113,28,1.06934,0.33847,0.351059,0.049961
5540,99,15,0.037129,93,1.103241,0.330057,0.378564,0.065359
5540,39,10,0.024752,34,1.040509,0.329707,0.415976,0.063349
5540,29,9,0.022277,27,0.987992,0.318227,0.411393,0.04723
5540,45,9,0.022277,27,1.046601,0.312403,0.374367,0.063507
5540,75,9,0.022277,42,0.977561,0.310455,0.41391,0.046178
5540,86,9,0.022277,28,1.06934,0.33847,0.351059,0.049961
5540,0,8,0.019802,41,0.906415,0.402711,0.394139,0.03858
5540,11,8,0.019802,31,1.014826,0.323373,0.402718,0.049996
5560,99,14,0.034483,93,1.100347,0.325735,0.379412,0.066618
5560,39,10,0.024631,34,1.040509,0.329707,0.415976,0.063349
5560,50,10,0.024631,31,0.992137,0.334348,0.419621,0.05468
5560,29,9,0.022167,27,0.987992,0.318227,0.411393,0.04723
5560,45,9,0.022167,27,1.046601,0.312403,0.374367,0.063507
5560,67,9,0.022167,58,0.942849,0.296792,0.394747,0.045343
5560,86,9,0.022167,28,1.06934,0.33847,0.351059,0.049961
5560,0,8,0.019704,41,0.906415,0.402711,0.394139,0.03858
5580,99,14,0.034826,93,1.100347,0.325735,0.379412,0.066618
5580,13,10,0.024876,52,0.972434,0.300446,0.411445,0.045142
5580,50,10,0.024876,31,0.992137,0.334348,0.419621,0.05468
5580,0,9,0.022388,42,0.90702,0.39891,0.396645,0.039236
5580,11,9,0.022388,32,1.015568,0.324408,0.400748,0.050021
5580,29,9,0.022388,27,0.987992,0.318227,0.411393,0.04723
5580,67,9,0.022388,58,0.942849,0.296792,0.394747,0.045343
5580,21,8,0.0199,19,0.914257,0.30775,0.40752,0.048029
5600,99,14,0.034314,93,1.100347,0.325735,0.379412,0.066618
5600,13,10,0.02451,52,0.972434,0.300446,0.411445,0.045142
5600,50,10,0.02451,31,0.992137,0.334348,0.419621,0.05468
5600,67,10,0.02451,59,0.942193,0.296618,0.393273,0.045395
5600,0,9,0.022059,42,0.90702,0.39891,0.396645,0.039236
5600,11,9,0.022059,32,1.015568,0.324408,0.400748,0.050021
5600,29,9,0.022059,27,0.987992,0.318227,0.411393,0.04723
5600,70,9,0.022059,47,1.153475,0.340313,0.362828,0.041516
5620,99,16,0.038369,95,1.112037,0.325458,0.375068,0.066304
5620,11,10,0.023981,33,1.001761,0.326824,0.407715,0.051513
5620,13,10,0.023981,52,0.972434,0.300446,0.411445,0.045142
5620,50,10,0.023981,31,0.992137,0.334348,0.419621,0.05468
5620,0,9,0.021583,42,0.90702,0.39891,0.396645,0.039236
5620,29,9,0.021583,27,0.987992,0.318227,0.411393,0.04723
5620,75,9,0.021583,43,0.976479,0.31007,0.416012,0.046769
5620,9,8,0.019185,49,1.109139,0.320311,0.380986,0.05246
5640,99,17,0.041162,96,1.107364,0.329916,0.375586,0.06709
5640,11,10,0.024213,33,1.001761,0.326824,0.407715,0.051513
5640,13,10,0.024213,52,0.972434,0.300446,0.411445,0.045142
5640,50,10,0.024213,31,0.992137,0.334348,0.419621,0.05468
5640,0,9,0.021792,43,0.909553,0.3944,0.396864,0.038829
5640,29,9,0.021792,27,0.987992,0.318227,0.411393,0.04723
5640,9,8,0.01937,49,1.109139,0.320311,0.380986,0.05246
5640,21,8,0.01937,19,0.914257,0.30775,0.40752,0.048029
5660,99,17,0.041363,96,1.107364,0.329916,0.375586,0.06709
5660,70,12,0.029197,51,1.164815,0.340633,0.359132,0.042678
5660,11,10,0.024331,33,1.001761,0.326824,0.407715,0.051513
5660,13,10,0.024331,52,0.972434,0.300446,0.411445,0.045142
5660,50,10,0.024331,31,0.992137,0.334348,0.419621,0.05468
5660,21,9,0.021898,20,0.91322,0.309952,0.407684,0.047701
5660,29,9,0.021898,27,0.987992,0.318227,0.411393,0.04723
5660,0,8,0.019465,43,0.908223,0.397893,0.398627,0.038911
5680,99,16,0.039216,96,1.094765,0.333424,0.376757,0.065072
5680,70,12,0.029412,51,1.164815,0.340633,0.359132,0.042678
5680,11,10,0.02451,34,0.996493,0.325174,0.412247,0.051695
5680,50,10,0.02451,31,0.992137,0.334348,0.419621,0.05468
5680,21,9,0.022059,20,0.91322,0.309952,0.407684,0.047701
5680,59,9,0.022059,31,1.009045,0.344119,0.419357,0.054995
5680,75,9,0.022059,44,0.976144,0.312351,0.416213,0.048318
5680,0,8,0.019608,43,0.908223,0.397893,0.398627,0.038911
5700,99,15,0.037221,96,1.101476,0.33388,0.375261,0.066627
5700,70,12,0.029777,51,1.164815,0.340633,0.359132,0.042678
5700,11,10,0.024814,34,0.996493,0.325174,0.412247,0.051695
5700,50,10,0.024814,31,0.992137,0.334348,0.419621,0.05468
5700,21,9,0.022333,20,0.91322,0.309952,0.407684,0.047701
5700,59,9,0.022333,31,1.009045,0.344119,0.419357,0.054995
5700,75,9,0.022333,44,0.976144,0.312351,0.416213,0.048318
5700,0,8,0.019851,43,0.908223,0.397893,0.398627,0.038911
5720,99,17,0.0425,98,1.102494,0.329228,0.375777,0.066672
5720,70,12,0.03,51,1.164815,0.340633,0.359132,0.042678
5720,50,10,0.025,31,0.992137,0.334348,0.419621,0.05468
5720,11,9,0.0225,34,0.993714,0.324339,0.415276,0.051859
5720,21,9,0.0225,20,0.91322,0.309952,0.407684,0.047701
5720,59,9,0.0225,31,1.009045,0.344119,0.419357,0.054995
5720,0,8,0.02,43,0.908223,0.397893,0.398627,0.038911
5720,29,8,0.02,27,0.981076,0.314834,0.412935,0.04829
5740,99,16,0.040201,98,1.083843,0.332321,0.380504,0.065193
5740,70,11,0.027638,51,1.167436,0.341063,0.364218,0.042351
5740,11,9,0.022613,34,0.993714,0.324339,0.415276,0.051859
5740,21,9,0.022613,20,0.91322,0.309952,0.407684,0.047701
5740,50,9,0.022613,31,0.993635,0.338277,0.419984,0.054495
5740,0,8,0.020101,43,0.908223,0.397893,0.398627,0.038911
5740,29,8,0.020101,27,0.981076,0.314834,0.412935,0.04829
5740,37,8,0.020101,57,1.016299,0.298056,0.354735,0.04853
5760,99,16,0.039702,98,1.083843,0.332321,0.380504,0.065193
5760,70,12,0.029777,52,1.161839,0.345063,0.369468,0.041875
5760,11,9,0.022333,34,0.993714,0.324339,0.415276,0.051859
5760,21,9,0.022333,20,0.91322,0.309952,0.407684,0.047701
5760,50,9,0.022333,31,0.993635,0.338277,0.419984,0.054495
5760,0,8,0.019851,43,0.908223,0.397893,0.398627,0.038911
5760,29,8,0.019851,27,0.981076,0.314834,0.412935,0.04829
5760,37,8,0.019851,57,1.016299,0.298056,0.354735,0.04853
5780,99,16,0.0399,98,1.083843,0.332321,0.380504,0.065193
5780,70,11,0.027431,52,1.165823,0.345477,0.370193,0.041959
5780,11,9,0.022444,34,0.993714,0.324339,0.415276,0.051859
5780,21,9,0.022444,20,0.91322,0.309952,0.407684,0.047701
5780,50,9,0.022444,31,0.993635,0.338277,0.419984,0.054495
5780,0,8,0.01995,43,0.908223,0.397893,0.398627,0.038911
5780,29,8,0.01995,27,0.981076,0.314834,0.412935,0.04829
5780,37,8,0.01995,57,1.016299,0.298056,0.354735,0.04853
5800,99,15,0.037129,99,1.10026,0.332628,0.377823,0.067379
5800,70,11,0.027228,52,1.165823,0.345477,0.370193,0.041959
5800,11,9,0.022277,34,0.993714,0.324339,0.415276,0.051859
5800,21,9,0.022277,20,0.91322,0.309952,0.407684,0.047701
5800,50,9,0.022277,31,0.993635,0.338277,0.419984,0.054495
5800,0,8,0.019802,43,0.908223,0.397893,0.398627,0.038911
5800,29,8,0.019802,27,0.981076,0.314834,0.412935,0.04829
5800,37,8,0.019802,57,1.016299,0.298056,0.354735,0.04853
5820,99,15,0.037129,99,1.10026,0.332628,0.377823,0.067379
5820,70,11,0.027228,52,1.165823,0.345477,0.370193,0.041959
5820,21,9,0.022277,20,0.91322,0.309952,0.407684,0.047701
5820,50,9,0.022277,31,0.993635,0.338277,0.419984,0.054495
5820,0,8,0.019802,43,0.908223,0.397893,0.398627,0.038911
5820,11,8,0.019802,34,1.00824,0.32131,0.408382,0.050225
5820,29,8,0.019802,27,0.981076,0.314834,0.412935,0.04829
5820,37,8,0.019802,57,1.016299,0.298056,0.354735,0.04853
5840,99,15,0.036765,99,1.10026,0.332628,0.377823,0.067379
5840,70,11,0.026961,53,1.172243,0.347186,0.370213,0.041321
5840,21,9,0.022059,20,0.91322,0.309952,0.407684,0.047701
5840,50,9,0.022059,31,0.993635,0.338277,0.419984,0.054495
5840,0,8,0.019608,43,0.908223,0.397893,0.398627,0.038911
5840,11,8,0.019608,34,1.00824,0.32131,0.408382,0.050225
5840,13,8,0.019608,54,0.944833,0.300252,0.417567,0.047368
5840,29,8,0.019608,27,0.981076,0.314834,0.412935,0.04829
5860,99,15,0.036855,99,1.10026,0.332628,0.377823,0.067379
5860,70,11,0.027027,53,1.172243,0.347186,0.370213,0.041321
5860,21,9,0.022113,20,0.91322,0.309952,0.407684,0.047701
5860,39,9,0.022113,35,1.040084,0.339139,0.412622,0.06575
5860,50,9,0.022113,31,0.993635,0.338277,0.419984,0.054495
5860,0,8,0.019656,43,0.908223,0.397893,0.398627,0.038911
5860,11,8,0.019656,34,1.00824,0.32131,0.408382,0.050225
5860,13,8,0.019656,54,0.944833,0.300252,0.417567,0.047368
5880,99,14,0.034063,99,1.107846,0.333535,0.377769,0.066335
5880,70,10,0.024331,53,1.175255,0.349552,0.365959,0.041483
5880,11,9,0.021898,35,1.006346,0.318747,0.410042,0.050716
5880,13,9,0.021898,55,0.947229,0.302429,0.418177,0.046671
5880,39,9,0.021898,35,1.040084,0.339139,0.412622,0.06575
5880,0,8,0.019465,43,0.908223,0.397893,0.398627,0.038911
5880,21,8,0.019465,20,0.914257,0.30775,0.40752,0.048029
5880,29,8,0.019465,27,0.981076,0.314834,0.412935,0.04829
5900,99,12,0.029268,99,1.1094,0.34269,0.377568,0.065614
5900,11,9,0.021951,35,1.006346,0.318747,0.410042,0.050716
5900,39,9,0.021951,35,1.040084,0.339139,0.412622,0.06575
5900,70,9,0.021951,53,1.183587,0.345162,0.359153,0.042022
5900,71,9,0.021951,30,1.047123,0.334155,0.337923,0.053769
5900,0,8,0.019512,43,0.908223,0.397893,0.398627,0.038911
5900,13,8,0.019512,55,0.956124,0.300594,0.415411,0.046399
5900,21,8,0.019512,20,0.914257,0.30775,0.40752,0.048029
5920,99,13,0.03202,100,1.111544,0.343474,0.376619,0.064226
5920,86,10,0.024631,30,1.086704,0.338533,0.352285,0.050525
5920,11,9,0.022167,35,1.006346,0.318747,0.410042,0.050716
5920,39,9,0.022167,35,1.040084,0.339139,0.412622,0.06575
5920,70,9,0.022167,53,1.183587,0.345162,0.359153,0.042022
5920,71,9,0.022167,30,1.047123,0.334155,0.337923,0.053769
5920,0,8,0.019704,43,0.908223,0.397893,0.398627,0.038911
5920,13,8,0.019704,55,0.956124,0.300594,0.415411,0.046399
5940,99,14,0.034314,101,1.10932,0.343485,0.376894,0.062468
5940,39,10,0.02451,36,1.029117,0.339104,0.406558,0.065356
5940,70,10,0.02451,54,1.182055,0.346384,0.365406,0.041798
5940,86,10,0.02451,30,1.086704,0.338533,0.352285,0.050525
5940,11,9,0.022059,35,1.006346,0.318747,0.410042,0.050716
5940,29,9,0.022059,28,0.976007,0.314495,0.411955,0.04739
5940,44,9,0.022059,54,0.908341,0.32457,0.360973,0.057154
5940,71,9,0.022059,30,1.047123,0.334155,0.337923,0.053769
5960,99,12,0.029484,101,1.124573,0.338842,0.373331,0.062714
5960,39,10,0.02457,36,1.029117,0.339104,0.406558,0.065356
5960,70,10,0.02457,54,1.182055,0.346384,0.365406,0.041798
5960,86,10,0.02457,30,1.086704,0.338533,0.352285,0.050525
5960,11,9,0.022113,35,1.006346,0.318747,0.410042,0.050716
5960,29,9,0.022113,28,0.976007,0.314495,0.411955,0.04739
5960,71,9,0.022113,30,1.047123,0.334155,0.337923,0.053769
5960,0,8,0.019656,43,0.908223,0.397893,0.398627,0.038911
5980,99,12,0.029484,101,1.124573,0.338842,0.373331,0.062714
5980,39,11,0.027027,37,1.025943,0.335159,0.409262,0.064994
5980,13,10,0.02457,57,0.957215,0.301551,0.414437,0.046688
5980,70,10,0.02457,54,1.182055,0.346384,0.365406,0.041798
5980,86,10,0.02457,31,1.07127,0.338643,0.356592,0.047852
5980,11,9,0.022113,35,1.006346,0.318747,0.410042,0.050716
5980,29,9,0.022113,28,0.976007,0.314495,0.411955,0.04739
5980,67,9,0.022113,63,0.956786,0.302954,0.391454,0.044068
6000,99,12,0.02963,101,1.124573,0.338842,0.373331,0.062714
6000,13,10,0.024691,57,0.957215,0.301551,0.414437,0.046688
6000,39,10,0.024691,37,1.033292,0.338661,0.409317,0.064992
6000,70,10,0.024691,56,1.195777,0.351338,0.362193,0.040545
6000,86,10,0.024691,31,1.07127,0.338643,0.356592,0.047852
6000,11,9,0.022222,35,1.006346,0.318747,0.410042,0.050716
6000,29,9,0.022222,28,0.976007,0.314495,0.411955,0.04739
6000,67,9,0.022222,63,0.956786,0.302954,0.391454,0.044068
6020,99,12,0.029484,101,1.124573,0.338842,0.373331,0.062714
6020,39,10,0.02457,37,1.033292,0.338661,0.409317,0.064992
6020,70,10,0.02457,56,1.195777,0.351338,0.362193,0.040545
6020,86,10,0.02457,31,1.07127,0.338643,0.356592,0.047852
6020,11,9,0.022113,35,1.006346,0.318747,0.410042,0.050716
6020,13,9,0.022113,57,0.966168,0.3035,0.412987,0.046024
6020,21,9,0.022113,21,0.908596,0.307451,0.40629,0.049292
6020,29,9,0.022113,28,0.976007,0.314495,0.411955,0.04739
6040,99,13,0.032581,102,1.115691,0.337409,0.374132,0.066151
6040,39,10,0.025063,37,1.033292,0.338661,0.409317,0.064992
6040,70,10,0.025063,57,1.182748,0.351523,0.359936,0.040681
6040,11,9,0.022556,35,1.006346,0.318747,0.410042,0.050716
6040,13,9,0.022556,57,0.966168,0.3035,0.412987,0.046024
6040,21,9,0.022556,21,0.908596,0.307451,0.40629,0.049292
6040,29,9,0.022556,28,0.976007,0.314495,0.411955,0.04739
6040,67,9,0.022556,64,0.974983,0.304527,0.388178,0.046726
6060,99,14,0.034146,104,1.111683,0.324826,0.367527,0.069786
6060,39,10,0.02439,37,1.033292,0.338661,0.409317,0.064992
6060,70,10,0.02439,57,1.182748,0.351523,0.359936,0.040681
6060,11,9,0.021951,35,1.006346,0.318747,0.410042,0.050716
6060,13,9,0.021951,58,0.97139,0.301921,0.410187,0.046895
6060,21,9,0.021951,21,0.908596,0.307451,0.40629,0.049292
6060,29,9,0.021951,28,0.976007,0.314495,0.411955,0.04739
6060,44,9,0.021951,56,0.893235,0.32792,0.35295,0.060666
6080,99,14,0.034653,104,1.111683,0.324826,0.367527,0.069786
6080,70,11,0.027228,58,1.172791,0.351924,0.359531,0.04179
6080,13,9,0.022277,58,0.97139,0.301921,0.410187,0.046895
6080,21,9,0.022277,21,0.908596,0.307451,0.40629,0.049292
6080,29,9,0.022277,28,0.976007,0.314495,0.411955,0.04739
6080,71,9,0.022277,30,1.047123,0.334155,0.337923,0.053769
6080,86,9,0.022277,31,1.066867,0.34011,0.360201,0.046646
6080,11,8,0.019802,35,1.00824,0.32131,0.408382,0.050225
6100,99,14,0.034483,104,1.111683,0.324826,0.367527,0.069786
6100,70,11,0.027094,58,1.172791,0.351924,0.359531,0.04179
6100,13,9,0.022167,58,0.97139,0.301921,0.410187,0.046895
6100,21,9,0.022167,21,0.908596,0.307451,0.40629,0.049292
6100,86,9,0.022167,31,1.066867,0.34011,0.360201,0.046646
6100,11,8,0.019704,35,1.00824,0.32131,0.408382,0.050225
6100,29,8,0.019704,28,0.986575,0.316708,0.410496,0.045804
6100,37,8,0.019704,58,1.029138,0.304075,0.355022,0.047349
6120,70,14,0.033981,61,1.174229,0.348709,0.351775,0.041998
6120,99,14,0.033981,104,1.111683,0.324826,0.367527,0.069786
6120,71,10,0.024272,32,1.043414,0.329866,0.333735,0.055083
6120,13,9,0.021845,58,0.97139,0.301921,0.410187,0.046895
6120,21,9,0.021845,21,0.908596,0.307451,0.40629,0.049292
6120,0,8,0.019417,44,0.920872,0.401402,0.400022,0.03814
6120,11,8,0.019417,35,1.00824,0.32131,0.408382,0.050225
6120,29,8,0.019417,28,0.986575,0.316708,0.410496,0.045804
6140,99,16,0.038647,106,1.104432,0.323198,0.368403,0.069275
6140,70,15,0.036232,62,1.179536,0.348915,0.351979,0.04222
6140,71,10,0.024155,32,1.043414,0.329866,0.333735,0.055083
6140,13,9,0.021739,58,0.97139,0.301921,0.410187,0.046895
6140,21,9,0.021739,21,0.908596,0.307451,0.40629,0.049292
6140,0,8,0.019324,44,0.920872,0.401402,0.400022,0.03814
6140,11,8,0.019324,35,1.00824,0.32131,0.408382,0.050225
6140,29,8,0.019324,28,0.986575,0.316708,0.410496,0.045804
6160,70,15,0.036675,62,1.179536,0.348915,0.351979,0.04222
6160,99,14,0.03423,106,1.097656,0.326794,0.372264,0.068848
6160,71,10,0.02445,32,1.043414,0.329866,0.333735,0.055083
6160,13,9,0.022005,59,0.970658,0.299183,0.40761,0.04622
6160,21,9,0.022005,21,0.908596,0.307451,0.40629,0.049292
6160,0,8,0.01956,44,0.920872,0.401402,0.400022,0.03814
6160,11,8,0.01956,35,1.00824,0.32131,0.408382,0.050225
6160,29,8,0.01956,28,0.986575,0.316708,0.410496,0.045804
6180,99,16,0.039409,109,1.114949,0.347973,0.364128,0.073583
6180,70,13,0.03202,62,1.180411,0.352635,0.360349,0.042369
6180,71,10,0.024631,32,1.043414,0.329866,0.333735,0.055083
6180,21,9,0.022167,21,0.908596,0.307451,0.40629,0.049292
6180,0,8,0.019704,44,0.920872,0.401402,0.400022,0.03814
6180,11,8,0.019704,35,1.00824,0.32131,0.408382,0.050225
6180,13,8,0.019704,59,0.973123,0.297659,0.410357,0.046885
6180,29,8,0.019704,28,0.986575,0.316708,0.410496,0.045804
6200,99,16,0.039506,109,1.114949,0.347973,0.364128,0.073583
6200,70,13,0.032099,63,1.173681,0.349361,0.356251,0.043198
6200,71,10,0.024691,33,1.055956,0.328111,0.335307,0.053951
6200,39,9,0.022222,38,1.037634,0.327926,0.411587,0.062729
6200,50,9,0.022222,32,1.002673,0.328581,0.416099,0.054974
6200,0,8,0.019753,44,0.920872,0.401402,0.400022,0.03814
6200,11,8,0.019753,35,1.00824,0.32131,0.408382,0.050225
6200,13,8,0.019753,59,0.973123,0.297659,0.410357,0.046885
6220,99,17,0.041975,110,1.10924,0.346966,0.364745,0.072236
6220,70,13,0.032099,63,1.173681,0.349361,0.356251,0.043198
6220,39,9,0.022222,38,1.037634,0.327926,0.411587,0.062729
6220,50,9,0.022222,32,1.002673,0.328581,0.416099,0.054974
6220,71,9,0.022222,33,1.051783,0.329142,0.339761,0.052884
6220,0,8,0.019753,44,0.920872,0.401402,0.400022,0.03814
6220,11,8,0.019753,35,1.00824,0.32131,0.408382,0.050225
6220,21,8,0.019753,21,0.914257,0.30775,0.40752,0.048029
6240,99,16,0.039024,111,1.124115,0.344359,0.360877,0.073947
6240,70,11,0.026829,63,1.175527,0.348543,0.356449,0.042124
6240,39,9,0.021951,38,1.037634,0.327926,0.411587,0.062729
6240,50,9,0.021951,32,1.002673,0.328581,0.416099,0.054974
6240,71,9,0.021951,33,1.051783,0.329142,0.339761,0.052884
6240,0,8,0.019512,44,0.920872,0.401402,0.400022,0.03814
6240,11,8,0.019512,35,1.00824,0.32131,0.408382,0.050225
6240,21,8,0.019512,21,0.914257,0.30775,0.40752,0.048029
6260,99,13,0.031785,111,1.109121,0.33653,0.371827,0.07049
6260,70,11,0.026895,63,1.175527,0.348543,0.356449,0.042124
6260,39,9,0.022005,38,1.037634,0.327926,0.411587,0.062729
6260,50,9,0.022005,32,1.002673,0.328581,0.416099,0.054974
6260,71,9,0.022005,33,1.051783,0.329142,0.339761,0.052884
6260,0,8,0.01956,44,0.920872,0.401402,0.400022,0.03814
6260,11,8,0.01956,35,1.00824,0.32131,0.408382,0.050225
6260,21,8,0.01956,21,0.914257,0.30775,0.40752,0.048029
6280,99,13,0.031553,111,1.109121,0.33653,0.371827,0.07049
6280,70,11,0.026699,63,1.175527,0.348543,0.356449,0.042124
6280,11,9,0.021845,36,1.009561,0.320322,0.406074,0.051315
6280,21,9,0.021845,22,0.908034,0.304571,0.404421,0.048923
6280,39,9,0.021845,38,1.037634,0.327926,0.411587,0.062729
6280,50,9,0.021845,32,1.002673,0.328581,0.416099,0.054974
6280,71,9,0.021845,33,1.051783,0.329142,0.339761,0.052884
6280,0,8,0.019417,44,0.920872,0.401402,0.400022,0.03814
6300,99,15,0.036765,113,1.110726,0.338484,0.373244,0.069982
6300,70,11,0.026961,63,1.175527,0.348543,0.356449,0.042124
6300,11,9,0.022059,36,1.009561,0.320322,0.406074,0.051315
6300,21,9,0.022059,22,0.908034,0.304571,0.404421,0.048923
6300,39,9,0.022059,38,1.037634,0.327926,0.411587,0.062729
6300,50,9,0.022059,32,1.002673,0.328581,0.416099,0.054974
6300,71,9,0.022059,33,1.051783,0.329142,0.339761,0.052884
6300,0,8,0.019608,44,0.920872,0.401402,0.400022,0.03814
6320,99,15,0.037129,114,1.111414,0.325453,0.370697,0.069614
6320,70,11,0.027228,63,1.175527,0.348543,0.356449,0.042124
6320,11,9,0.022277,36,1.009561,0.320322,0.406074,0.051315
6320,21,9,0.022277,22,0.908034,0.304571,0.404421,0.048923
6320,39,9,0.022277,38,1.037634,0.327926,0.411587,0.062729
6320,50,9,0.022277,32,1.002673,0.328581,0.416099,0.054974
6320,71,9,0.022277,33,1.051783,0.329142,0.339761,0.052884
6320,29,8,0.019802,28,0.986575,0.316708,0.410496,0.045804
6340,99,16,0.039312,115,1.113197,0.326872,0.371007,0.06971
6340,70,15,0.036855,67,1.188671,0.347534,0.342277,0.042018
6340,11,9,0.022113,36,1.009561,0.320322,0.406074,0.051315
6340,21,9,0.022113,22,0.908034,0.304571,0.404421,0.048923
6340,39,9,0.022113,38,1.037634,0.327926,0.411587,0.062729
6340,50,9,0.022113,32,1.002673,0.328581,0.416099,0.054974
6340,29,8,0.019656,28,0.986575,0.316708,0.410496,0.045804
6340,46,8,0.019656,85,0.9298,0.338505,0.441469,0.056082
6360,99,16,0.039409,116,1.102781,0.330314,0.373852,0.066857
6360,70,15,0.036946,67,1.188671,0.347534,0.342277,0.042018
6360,82,10,0.024631,32,1.172528,0.378899,0.462264,0.049914
6360,11,9,0.022167,36,1.009561,0.320322,0.406074,0.051315
6360,21,9,0.022167,22,0.908034,0.304571,0.404421,0.048923
6360,39,9,0.022167,38,1.037634,0.327926,0.411587,0.062729
6360,50,9,0.022167,32,1.002673,0.328581,0.416099,0.054974
6360,29,8,0.019704,28,0.986575,0.316708,0.410496,0.045804
6380,99,16,0.038647,116,1.102781,0.330314,0.373852,0.066857
6380,70,15,0.036232,68,1.192191,0.353755,0.347975,0.042403
6380,82,10,0.024155,32,1.172528,0.378899,0.462264,0.049914
6380,11,9,0.021739,36,1.009561,0.320322,0.406074,0.051315
6380,21,9,0.021739,22,0.908034,0.304571,0.404421,0.048923
6380,39,9,0.021739,38,1.037634,0.327926,0.411587,0.062729
6380,50,9,0.021739,32,1.002673,0.328581,0.416099,0.054974
6380,67,9,0.021739,68,0.959439,0.301812,0.387376,0.043607
6400,99,16,0.038835,116,1.102781,0.330314,0.373852,0.066857
6400,70,14,0.033981,68,1.193506,0.355827,0.342819,0.042725
6400,82,10,0.024272,32,1.172528,0.378899,0.462264,0.049914
6400,11,9,0.021845,36,1.009561,0.320322,0.406074,0.051315
6400,21,9,0.021845,22,0.908034,0.304571,0.404421,0.048923
6400,39,9,0.021845,38,1.037634,0.327926,0.411587,0.062729
6400,50,9,0.021845,32,1.002673,0.328581,0.416099,0.054974
6400,67,9,0.021845,68,0.959439,0.301812,0.387376,0.043607
6420,99,15,0.037037,116,1.114631,0.329809,0.372522,0.068044
6420,70,12,0.02963,68,1.182012,0.353811,0.341166,0.042954
6420,82,10,0.024691,32,1.172528,0.378899,0.462264,0.049914
6420,11,9,0.022222,36,1.009561,0.320322,0.406074,0.051315
6420,21,9,0.022222,22,0.908034,0.304571,0.404421,0.048923
6420,39,9,0.022222,38,1.037634,0.327926,0.411587,0.062729
6420,67,9,0.022222,68,0.959439,0.301812,0.387376,0.043607
6420,86,9,0.022222,32,1.078747,0.342226,0.350929,0.048894
6440,70,14,0.033898,70,1.184375,0.354112,0.334026,0.043181
6440,99,14,0.033898,116,1.116639,0.329346,0.371209,0.069801
6440,82,10,0.024213,32,1.172528,0.378899,0.462264,0.049914
6440,11,9,0.021792,36,1.009561,0.320322,0.406074,0.051315
6440,39,9,0.021792,39,1.04623,0.342402,0.41898,0.063877
6440,86,9,0.021792,32,1.078747,0.342226,0.350929,0.048894
6440,90,9,0.021792,65,1.240542,0.358725,0.4025,0.058877
6440,0,8,0.01937,45,0.917434,0.400688,0.396644,0.039416
6460,70,15,0.036058,71,1.182127,0.358477,0.337597,0.04284
6460,99,15,0.036058,117,1.119698,0.327493,0.371679,0.068236
6460,82,10,0.024038,32,1.172528,0.378899,0.462264,0.049914
6460,0,9,0.021635,46,0.914578,0.397776,0.393309,0.040126
6460,39,9,0.021635,39,1.04623,0.342402,0.41898,0.063877
6460,67,9,0.021635,69,0.967844,0.301944,0.387474,0.046418
6460,86,9,0.021635,32,1.078747,0.342226,0.350929,0.048894
6460,90,9,0.021635,65,1.240542,0.358725,0.4025,0.058877
6480,70,15,0.035461,71,1.182127,0.358477,0.337597,0.04284
6480,99,15,0.035461,117,1.119698,0.327493,0.371679,0.068236
6480,82,11,0.026005,33,1.180289,0.384529,0.461066,0.049514
6480,0,9,0.021277,46,0.914578,0.397776,0.393309,0.040126
6480,13,9,0.021277,62,0.974715,0.302128,0.410083,0.046134
6480,39,9,0.021277,39,1.04623,0.342402,0.41898,0.063877
6480,67,9,0.021277,69,0.967844,0.301944,0.387474,0.046418
6480,86,9,0.021277,32,1.078747,0.342226,0.350929,0.048894
6500,70,14,0.032941,71,1.178234,0.357861,0.333069,0.042961
6500,99,14,0.032941,117,1.114509,0.334977,0.372616,0.066688
6500,82,10,0.023529,33,1.173314,0.379992,0.46224,0.050437
6500,0,9,0.021176,46,0.914578,0.397776,0.393309,0.040126
6500,11,9,0.021176,37,1.004911,0.320077,0.401108,0.050314
6500,13,9,0.021176,62,0.974715,0.302128,0.410083,0.046134
6500,32,9,0.021176,67,1.007611,0.311836,0.413227,0.050611
6500,39,9,0.021176,39,1.04623,0.342402,0.41898,0.063877
6520,70,15,0.035629,73,1.182727,0.35536,0.332425,0.042526
6520,99,13,0.030879,117,1.102659,0.330946,0.371651,0.064746
6520,11,9,0.021378,37,1.004911,0.320077,0.401108,0.050314
6520,13,9,0.021378,62,0.974715,0.302128,0.410083,0.046134
6520,21,9,0.021378,23,0.912675,0.306987,0.409614,0.04757
6520,39,9,0.021378,39,1.04623,0.342402,0.41898,0.063877
6520,67,9,0.021378,69,0.967844,0.301944,0.387474,0.046418
6520,82,9,0.021378,33,1.16367,0.370221,0.462363,0.050408
6540,70,13,0.031026,73,1.185035,0.357272,0.337821,0.041745
6540,99,12,0.02864,117,1.1134,0.332275,0.370977,0.06669
6540,90,11,0.026253,67,1.24842,0.362184,0.402488,0.060712
6540,11,10,0.023866,38,1.003763,0.323464,0.402069,0.050227
6540,13,9,0.02148,62,0.974715,0.302128,0.410083,0.046134
6540,21,9,0.02148,23,0.912675,0.306987,0.409614,0.04757
6540,39,9,0.02148,39,1.04623,0.342402,0.41898,0.063877
6540,50,9,0.02148,33,0.994855,0.333142,0.426453,0.054824
6560,70,13,0.030952,73,1.185035,0.357272,0.337821,0.041745
6560,99,12,0.028571,117,1.1134,0.332275,0.370977,0.06669
6560,90,11,0.02619,67,1.24842,0.362184,0.402488,0.060712
6560,11,10,0.02381,38,1.003763,0.323464,0.402069,0.050227
6560,13,10,0.02381,63,0.97349,0.297287,0.409247,0.046497
6560,21,9,0.021429,23,0.912675,0.306987,0.409614,0.04757
6560,37,9,0.021429,64,1.007274,0.308351,0.345158,0.046163
6560,39,9,0.021429,39,1.04623,0.342402,0.41898,0.063877
6580,70,14,0.033573,74,1.189087,0.35767,0.341358,0.041894
6580,99,13,0.031175,118,1.11474,0.335052,0.372507,0.064753
6580,13,11,0.026379,64,0.962627,0.2971,0.409751,0.047347
6580,11,10,0.023981,38,1.003763,0.323464,0.402069,0.050227
6580,90,10,0.023981,67,1.262953,0.367881,0.401157,0.061329
6580,21,9,0.021583,23,0.912675,0.306987,0.409614,0.04757
6580,39,9,0.021583,39,1.04623,0.342402,0.41898,0.063877
6580,50,9,0.021583,33,0.994855,0.333142,0.426453,0.054824
6600,70,14,0.033898,74,1.189087,0.35767,0.341358,0.041894
6600,99,12,0.029056,118,1.119889,0.333798,0.370395,0.066422
6600,13,11,0.026634,64,0.962627,0.2971,0.409751,0.047347
6600,11,10,0.024213,38,1.003763,0.323464,0.402069,0.050227
6600,21,10,0.024213,24,0.920738,0.309681,0.407106,0.047963
6600,90,10,0.024213,67,1.262953,0.367881,0.401157,0.061329
6600,39,9,0.021792,39,1.04623,0.342402,0.41898,0.063877
6600,50,9,0.021792,33,0.994855,0.333142,0.426453,0.054824
6620,99,15,0.036058,121,1.153475,0.336233,0.360709,0.069284
6620,70,13,0.03125,74,1.186436,0.357828,0.344755,0.041671
6620,11,10,0.024038,38,1.003763,0.323464,0.402069,0.050227
6620,13,10,0.024038,64,0.964229,0.296017,0.410336,0.047236
6620,21,10,0.024038,24,0.920738,0.309681,0.407106,0.047963
6620,90,10,0.024038,67,1.262953,0.367881,0.401157,0.061329
6620,39,9,0.021635,39,1.04623,0.342402,0.41898,0.063877
6620,50,9,0.021635,33,0.994855,0.333142,0.426453,0.054824
6640,99,14,0.034063,121,1.152829,0.33871,0.359455,0.070923
6640,70,12,0.029197,74,1.191678,0.358983,0.344103,0.041019
6640,11,10,0.024331,38,1.003763,0.323464,0.402069,0.050227
6640,21,10,0.024331,24,0.920738,0.309681,0.407106,0.047963
6640,39,10,0.024331,40,1.037553,0.34712,0.418864,0.063738
6640,90,10,0.024331,67,1.262953,0.367881,0.401157,0.061329
6640,13,9,0.021898,65,0.951811,0.294803,0.40995,0.048194
6640,50,9,0.021898,33,0.994855,0.333142,0.426453,0.054824
6660,99,14,0.034063,121,1.152829,0.33871,0.359455,0.070923
6660,70,13,0.03163,75,1.191555,0.360051,0.349888,0.041099
6660,11,10,0.024331,38,1.003763,0.323464,0.402069,0.050227
6660,21,10,0.024331,24,0.920738,0.309681,0.407106,0.047963
6660,13,9,0.021898,65,0.951811,0.294803,0.40995,0.048194
6660,39,9,0.021898,40,1.039273,0.353211,0.421222,0.063895
6660,50,9,0.021898,33,0.994855,0.333142,0.426453,0.054824
6660,71,9,0.021898,34,1.050718,0.325469,0.343628,0.052374
6680,99,14,0.033654,122,1.134183,0.336358,0.365602,0.067927
6680,70,13,0.03125,75,1.191555,0.360051,0.349888,0.041099
6680,21,11,0.026442,25,0.916366,0.307855,0.405275,0.048866
6680,11,9,0.021635,38,1.006594,0.324936,0.408642,0.050138
6680,13,9,0.021635,65,0.951811,0.294803,0.40995,0.048194
6680,39,9,0.021635,40,1.039273,0.353211,0.421222,0.063895
6680,50,9,0.021635,33,0.994855,0.333142,0.426453,0.054824
6680,71,9,0.021635,34,1.050718,0.325469,0.343628,0.052374
6700,70,14,0.033493,77,1.179167,0.357829,0.344978,0.041533
6700,99,13,0.0311,122,1.138671,0.338998,0.365072,0.067842
6700,21,10,0.023923,25,0.917226,0.307386,0.405302,0.048686
6700,11,9,0.021531,38,1.006594,0.324936,0.408642,0.050138
6700,50,9,0.021531,33,0.994855,0.333142,0.426453,0.054824
6700,71,9,0.021531,34,1.050718,0.325469,0.343628,0.052374
6700,86,9,0.021531,33,1.075236,0.340229,0.358986,0.047885
6700,0,8,0.019139,46,0.912625,0.403812,0.395254,0.039126
6720,99,15,0.035714,124,1.149115,0.33582,0.367088,0.071166
6720,70,14,0.033333,78,1.188204,0.359576,0.353429,0.041723
6720,21,10,0.02381,25,0.917226,0.307386,0.405302,0.048686
6720,50,10,0.02381,34,0.997119,0.334241,0.425665,0.054682
6720,71,10,0.02381,35,1.054682,0.326587,0.341412,0.052409
6720,11,9,0.021429,38,1.006594,0.324936,0.408642,0.050138
6720,82,9,0.021429,35,1.176702,0.367367,0.460927,0.049468
6720,86,9,0.021429,33,1.075236,0.340229,0.358986,0.047885
6740,70,15,0.0358,79,1.186973,0.363064,0.355105,0.041942
6740,99,15,0.0358,125,1.12854,0.332249,0.373696,0.069018
6740,21,10,0.023866,25,0.917226,0.307386,0.405302,0.048686
6740,50,10,0.023866,34,0.997119,0.334241,0.425665,0.054682
6740,82,10,0.023866,36,1.191168,0.374482,0.45939,0.048412
6740,11,9,0.02148,38,1.006594,0.324936,0.408642,0.050138
6740,71,9,0.02148,35,1.051878,0.327548,0.341179,0.053031
6740,86,9,0.02148,33,1.075236,0.340229,0.358986,0.047885
6760,70,16,0.038462,80,1.188018,0.360123,0.353649,0.042423
6760,99,14,0.033654,125,1.127725,0.331112,0.373556,0.068865
6760,50,10,0.024038,34,0.997119,0.334241,0.425665,0.054682
6760,82,10,0.024038,36,1.191168,0.374482,0.45939,0.048412
6760,11,9,0.021635,38,1.006594,0.324936,0.408642,0.050138
6760,21,9,0.021635,25,0.912769,0.308509,0.404121,0.049607
6760,71,9,0.021635,35,1.051878,0.327548,0.341179,0.053031
6760,86,9,0.021635,33,1.075236,0.340229,0.358986,0.047885
6780,70,16,0.038462,80,1.188018,0.360123,0.353649,0.042423
6780,99,12,0.028846,125,1.118143,0.334846,0.373483,0.070375
6780,82,10,0.024038,36,1.191168,0.374482,0.45939,0.048412
6780,11,9,0.021635,38,1.006594,0.324936,0.408642,0.050138
6780,21,9,0.021635,25,0.912769,0.308509,0.404121,0.049607
6780,39,9,0.021635,41,1.055767,0.360186,0.414796,0.065943
6780,71,9,0.021635,35,1.051878,0.327548,0.341179,0.053031
6780,86,9,0.021635,33,1.075236,0.340229,0.358986,0.047885
6800,70,16,0.038005,80,1.188018,0.360123,0.353649,0.042423
6800,99,13,0.030879,126,1.114203,0.335203,0.377368,0.068299
6800,82,10,0.023753,36,1.191168,0.374482,0.45939,0.048412
6800,11,9,0.021378,38,1.006594,0.324936,0.408642,0.050138
6800,21,9,0.021378,25,0.912769,0.308509,0.404121,0.049607
6800,39,9,0.021378,41,1.055767,0.360186,0.414796,0.065943
6800,71,9,0.021378,35,1.051878,0.327548,0.341179,0.053031
6800,86,9,0.021378,33,1.075236,0.340229,0.358986,0.047885
6820,70,16,0.037915,80,1.188018,0.360123,0.353649,0.042423
6820,99,16,0.037915,129,1.101737,0.33417,0.374877,0.069795
6820,16,9,0.021327,46,1.01962,0.312779,0.386021,0.044085
6820,21,9,0.021327,25,0.912769,0.308509,0.404121,0.049607
6820,29,9,0.021327,29,0.993587,0.317563,0.411412,0.047282
6820,39,9,0.021327,41,1.055767,0.360186,0.414796,0.065943
6820,50,9,0.021327,35,0.999196,0.333314,0.419603,0.053448
6820,71,9,0.021327,35,1.051878,0.327548,0.341179,0.053031
6840,70,16,0.037915,80,1.188018,0.360123,0.353649,0.042423
6840,99,15,0.035545,129,1.092801,0.337681,0.376715,0.068629
6840,82,10,0.023697,37,1.180165,0.37752,0.465029,0.048112
6840,21,9,0.021327,25,0.912769,0.308509,0.404121,0.049607
6840,29,9,0.021327,29,0.993587,0.317563,0.411412,0.047282
6840,39,9,0.021327,41,1.055767,0.360186,0.414796,0.065943
6840,44,9,0.021327,64,0.887319,0.319733,0.344876,0.067119
6840,50,9,0.021327,35,0.999196,0.333314,0.419603,0.053448
6860,99,16,0.037559,130,1.10689,0.334562,0.370466,0.06979
6860,70,15,0.035211,80,1.18967,0.361635,0.358145,0.041968
6860,21,9,0.021127,25,0.912769,0.308509,0.404121,0.049607
6860,29,9,0.021127,29,0.993587,0.317563,0.411412,0.047282
6860,39,9,0.021127,41,1.055767,0.360186,0.414796,0.065943
6860,44,9,0.021127,64,0.887319,0.319733,0.344876,0.067119
6860,50,9,0.021127,35,0.999196,0.333314,0.419603,0.053448
6860,67,9,0.021127,73,0.961175,0.303831,0.387204,0.046113
6880,70,16,0.037647,81,1.194142,0.361323,0.353209,0.041862
6880,99,15,0.035294,130,1.109626,0.333308,0.368735,0.071909
6880,29,9,0.021176,29,0.993587,0.317563,0.411412,0.047282
6880,39,9,0.021176,41,1.055767,0.360186,0.414796,0.065943
6880,50,9,0.021176,35,0.999196,0.333314,0.419603,0.053448
6880,67,9,0.021176,74,0.968023,0.302906,0.385497,0.046186
6880,75,9,0.021176,52,0.992595,0.314037,0.427693,0.043758
6880,82,9,0.021176,37,1.163356,0.371634,0.465706,0.048681
6900,70,17,0.040284,82,1.199142,0.362055,0.350137,0.042013
6900,99,16,0.037915,133,1.112992,0.33046,0.362166,0.074019
6900,29,9,0.021327,29,0.993587,0.317563,0.411412,0.047282
6900,39,9,0.021327,41,1.055767,0.360186,0.414796,0.065943
6900,50,9,0.021327,35,0.999196,0.333314,0.419603,0.053448
6900,67,9,0.021327,74,0.968023,0.302906,0.385497,0.046186
6900,82,9,0.021327,37,1.163356,0.371634,0.465706,0.048681
6900,0,8,0.018957,46,0.912625,0.403812,0.395254,0.039126
6920,70,16,0.037915,82,1.20236,0.36098,0.347786,0.04206
6920,99,16,0.037915,133,1.112992,0.33046,0.362166,0.074019
6920,29,9,0.021327,29,0.993587,0.317563,0.411412,0.047282
6920,39,9,0.021327,41,1.055767,0.360186,0.414796,0.065943
6920,44,9,0.021327,65,0.886194,0.323006,0.340628,0.066445
6920,50,9,0.021327,35,0.999196,0.333314,0.419603,0.053448
6920,67,9,0.021327,74,0.968023,0.302906,0.385497,0.046186
6920,75,9,0.021327,53,0.991396,0.313551,0.422453,0.042434
6940,70,16,0.038741,82,1.20236,0.36098,0.347786,0.04206
6940,99,15,0.03632,133,1.120846,0.32921,0.357423,0.075593
6940,39,10,0.024213,42,1.057203,0.369715,0.421043,0.065589
6940,50,9,0.021792,35,0.999196,0.333314,0.419603,0.053448
6940,67,9,0.021792,74,0.968023,0.302906,0.385497,0.046186
6940,82,9,0.021792,38,1.150403,0.372023,0.467764,0.049825
6940,90,9,0.021792,71,1.23254,0.370528,0.402495,0.051474
6940,0,8,0.01937,46,0.912625,0.403812,0.395254,0.039126
6960,70,16,0.038647,82,1.20236,0.36098,0.347786,0.04206
6960,99,14,0.033816,133,1.119126,0.334752,0.360645,0.074208
6960,39,10,0.024155,42,1.057203,0.369715,0.421043,0.065589
6960,50,9,0.021739,35,0.999196,0.333314,0.419603,0.053448
6960,82,9,0.021739,38,1.150403,0.372023,0.467764,0.049825
6960,90,9,0.021739,71,1.23254,0.370528,0.402495,0.051474
6960,0,8,0.019324,46,0.912625,0.403812,0.395254,0.039126
6960,11,8,0.019324,38,1.00824,0.32131,0.408382,0.050225
6980,70,18,0.042654,84,1.208935,0.357853,0.344569,0.041812
6980,99,14,0.033175,134,1.114872,0.334038,0.361072,0.0739
6980,39,10,0.023697,42,1.057203,0.369715,0.421043,0.065589
6980,90,10,0.023697,72,1.225038,0.367768,0.400751,0.051471
6980,50,9,0.021327,35,0.999196,0.333314,0.419603,0.053448
6980,82,9,0.021327,38,1.150403,0.372023,0.467764,0.049825
6980,86,9,0.021327,34,1.069321,0.342705,0.358855,0.048181
6980,11,8,0.018957,38,1.00824,0.32131,0.408382,0.050225
7000,70,17,0.040865,84,1.201814,0.356466,0.3402,0.041933
7000,99,17,0.040865,137,1.146195,0.34156,0.354631,0.074276
7000,90,10,0.024038,74,1.240675,0.3697,0.394409,0.053541
7000,39,9,0.021635,42,1.04771,0.370963,0.425774,0.064009
7000,50,9,0.021635,35,0.999196,0.333314,0.419603,0.053448
7000,82,9,0.021635,38,1.150403,0.372023,0.467764,0.049825
7000,86,9,0.021635,34,1.069321,0.342705,0.358855,0.048181
7000,11,8,0.019231,38,1.00824,0.32131,0.408382,0.050225
7020,70,17,0.040964,84,1.201814,0.356466,0.3402,0.041933
7020,99,17,0.040964,137,1.146195,0.34156,0.354631,0.074276
7020,82,10,0.024096,39,1.167051,0.381443,0.466298,0.049108
7020,90,10,0.024096,74,1.240675,0.3697,0.394409,0.053541
7020,21,9,0.021687,26,0.918329,0.314966,0.402406,0.048676
7020,39,9,0.021687,42,1.04771,0.370963,0.425774,0.064009
7020,86,9,0.021687,34,1.069321,0.342705,0.358855,0.048181
7020,11,8,0.019277,38,1.00824,0.32131,0.408382,0.050225
7040,99,16,0.038186,137,1.135443,0.344921,0.3595,0.073468
7040,70,15,0.0358,84,1.203669,0.358323,0.346613,0.042311
7040,13,10,0.023866,70,0.929775,0.306054,0.4011,0.047089
7040,82,10,0.023866,39,1.167051,0.381443,0.466298,0.049108
7040,90,10,0.023866,74,1.240675,0.3697,0.394409,0.053541
7040,21,9,0.02148,26,0.918329,0.314966,0.402406,0.048676
7040,39,9,0.02148,43,1.036748,0.375255,0.419214,0.064105
7040,86,9,0.02148,34,1.069321,0.342705,0.358855,0.048181
7060,99,14,0.034314,137,1.161362,0.342019,0.358981,0.07421
7060,70,13,0.031863,84,1.204711,0.360459,0.34216,0.041767
7060,90,11,0.026961,75,1.238134,0.370128,0.392298,0.052725
7060,13,10,0.02451,70,0.929775,0.306054,0.4011,0.047089
7060,39,10,0.02451,44,1.037787,0.376669,0.421819,0.062739
7060,82,10,0.02451,39,1.167051,0.381443,0.466298,0.049108
7060,21,9,0.022059,26,0.918329,0.314966,0.402406,0.048676
7060,86,9,0.022059,34,1.069321,0.342705,0.358855,0.048181
7080,70,14,0.033898,85,1.198875,0.361017,0.338669,0.041684
7080,99,13,0.031477,137,1.159499,0.340025,0.357443,0.076437
7080,90,11,0.026634,75,1.238134,0.370128,0.392298,0.052725
7080,13,10,0.024213,70,0.929775,0.306054,0.4011,0.047089
7080,39,10,0.024213,44,1.037787,0.376669,0.421819,0.062739
7080,82,10,0.024213,39,1.167051,0.381443,0.466298,0.049108
7080,21,9,0.021792,26,0.918329,0.314966,0.402406,0.048676
7080,86,9,0.021792,34,1.069321,0.342705,0.358855,0.048181
7100,70,13,0.032099,86,1.185434,0.36191,0.339811,0.043278
7100,90,11,0.02716,75,1.238134,0.370128,0.392298,0.052725
7100,99,11,0.02716,137,1.120599,0.330762,0.369136,0.07327
7100,13,10,0.024691,70,0.929775,0.306054,0.4011,0.047089
7100,39,10,0.024691,44,1.037787,0.376669,0.421819,0.062739
7100,82,10,0.024691,39,1.167051,0.381443,0.466298,0.049108
7100,21,9,0.022222,26,0.918329,0.314966,0.402406,0.048676
7100,86,9,0.022222,34,1.069321,0.342705,0.358855,0.048181
7120,70,13,0.03163,87,1.183721,0.366809,0.347731,0.042287
7120,90,12,0.029197,76,1.245673,0.367165,0.391358,0.053379
7120,99,12,0.029197,138,1.121298,0.33396,0.367892,0.07097
7120,82,11,0.026764,40,1.171841,0.386247,0.462484,0.0487
7120,13,10,0.024331,70,0.929775,0.306054,0.4011,0.047089
7120,39,10,0.024331,44,1.037787,0.376669,0.421819,0.062739
7120,21,9,0.021898,26,0.918329,0.314966,0.402406,0.048676
7120,86,9,0.021898,34,1.069321,0.342705,0.358855,0.048181
7140,70,13,0.0311,87,1.183721,0.366809,0.347731,0.042287
7140,90,12,0.028708,76,1.245673,0.367165,0.391358,0.053379
7140,99,11,0.026316,138,1.120672,0.340132,0.371651,0.068094
7140,13,10,0.023923,70,0.929775,0.306054,0.4011,0.047089
7140,39,10,0.023923,44,1.037787,0.376669,0.421819,0.062739
7140,21,9,0.021531,26,0.918329,0.314966,0.402406,0.048676
7140,71,9,0.021531,36,1.04091,0.32288,0.354879,0.053318
7140,82,9,0.021531,40,1.163983,0.372314,0.461581,0.049445
7160,70,14,0.033413,89,1.179779,0.359718,0.349646,0.041962
7160,90,12,0.02864,76,1.245673,0.367165,0.391358,0.053379
7160,13,11,0.026253,71,0.94121,0.3048,0.40307,0.046562
7160,99,11,0.026253,138,1.120672,0.340132,0.371651,0.068094
7160,39,10,0.023866,45,1.031294,0.382654,0.417945,0.061655
7160,71,10,0.023866,37,1.032133,0.326195,0.348515,0.053508
7160,21,9,0.02148,26,0.918329,0.314966,0.402406,0.048676
7160,82,9,0.02148,40,1.163983,0.372314,0.461581,0.049445
7180,70,15,0.035885,90,1.191483,0.359095,0.353078,0.042045
7180,90,12,0.028708,76,1.245673,0.367165,0.391358,0.053379
7180,99,11,0.026316,138,1.120672,0.340132,0.371651,0.068094
7180,13,10,0.023923,71,0.944388,0.30386,0.405587,0.046834
7180,71,10,0.023923,37,1.032133,0.326195,0.348515,0.053508
7180,21,9,0.021531,26,0.918329,0.314966,0.402406,0.048676
7180,39,9,0.021531,45,1.010789,0.386682,0.418393,0.061996
7180,82,9,0.021531,40,1.163983,0.372314,0.461581,0.049445
7200,70,16,0.038278,92,1.201438,0.357514,0.349843,0.039945
7200,99,12,0.028708,139,1.133259,0.339813,0.379539,0.070165
7200,90,11,0.026316,76,1.2362,0.367516,0.393619,0.05357
7200,71,10,0.023923,37,1.032133,0.326195,0.348515,0.053508
7200,13,9,0.021531,71,0.950406,0.303479,0.404979,0.04709
7200,21,9,0.021531,26,0.918329,0.314966,0.402406,0.048676
7200,29,9,0.021531,30,0.977911,0.316288,0.410737,0.047664
7200,39,9,0.021531,45,1.010789,0.386682,0.418393,0.061996
7220,70,17,0.040094,93,1.196779,0.35592,0.347826,0.040457
7220,99,13,0.03066,140,1.133842,0.341218,0.379402,0.067993
7220,90,11,0.025943,76,1.2362,0.367516,0.393619,0.05357
7220,39,10,0.023585,46,0.998535,0.392894,0.41441,0.061665
7220,71,10,0.023585,37,1.032133,0.326195,0.348515,0.053508
7220,21,9,0.021226,26,0.918329,0.314966,0.402406,0.048676
7220,29,9,0.021226,30,0.977911,0.316288,0.410737,0.047664
7220,82,9,0.021226,41,1.157399,0.372947,0.45946,0.049633
7240,70,17,0.03972,93,1.196779,0.35592,0.347826,0.040457
7240,99,14,0.03271,141,1.134056,0.335569,0.375126,0.070602
7240,39,10,0.023364,46,0.998535,0.392894,0.41441,0.061665
7240,71,10,0.023364,37,1.032133,0.326195,0.348515,0.053508
7240,90,10,0.023364,76,1.240001,0.362028,0.389612,0.053465
7240,21,9,0.021028,26,0.918329,0.314966,0.402406,0.048676
7240,82,9,0.021028,41,1.157399,0.372947,0.45946,0.049633
7240,0,8,0.018692,47,0.906004,0.403167,0.394136,0.038784
7260,70,16,0.037471,93,1.19044,0.356082,0.351221,0.040771
7260,99,14,0.032787,141,1.134056,0.335569,0.375126,0.070602
7260,39,10,0.023419,46,0.998535,0.392894,0.41441,0.061665
7260,71,10,0.023419,37,1.032133,0.326195,0.348515,0.053508
7260,11,9,0.021077,39,1.01132,0.320882,0.400942,0.049161
7260,82,9,0.021077,41,1.157399,0.372947,0.45946,0.049633
7260,90,9,0.021077,76,1.237336,0.361362,0.393274,0.053123
7260,0,8,0.018735,47,0.906004,0.403167,0.394136,0.038784
7280,70,18,0.041379,96,1.183434,0.353295,0.346398,0.041328
7280,99,14,0.032184,141,1.134056,0.335569,0.375126,0.070602
7280,71,10,0.022989,37,1.032133,0.326195,0.348515,0.053508
7280,11,9,0.02069,39,1.01132,0.320882,0.400942,0.049161
7280,39,9,0.02069,46,0.993135,0.393283,0.410982,0.062911
7280,50,9,0.02069,36,0.978023,0.338231,0.419221,0.052182
7280,82,9,0.02069,41,1.157399,0.372947,0.45946,0.049633
7280,90,9,0.02069,76,1.237336,0.361362,0.393274,0.053123
7300,70,18,0.041002,96,1.183434,0.353295,0.346398,0.041328
7300,99,18,0.041002,145,1.139115,0.337682,0.362231,0.075539
7300,71,10,0.022779,37,1.032133,0.326195,0.348515,0.053508
7300,11,9,0.020501,39,1.01132,0.320882,0.400942,0.049161
7300,37,9,0.020501,69,1.021694,0.311725,0.352154,0.046002
7300,39,9,0.020501,46,0.993135,0.393283,0.410982,0.062911
7300,50,9,0.020501,36,0.978023,0.338231,0.419221,0.052182
7300,82,9,0.020501,41,1.157399,0.372947,0.45946,0.049633
7320,70,17,0.03908,97,1.170332,0.359153,0.354617,0.041925
7320,99,16,0.036782,145,1.151047,0.336767,0.361585,0.079227
7320,71,10,0.022989,37,1.032133,0.326195,0.348515,0.053508
7320,11,9,0.02069,39,1.01132,0.320882,0.400942,0.049161
7320,39,9,0.02069,46,0.993135,0.393283,0.410982,0.062911
7320,50,9,0.02069,36,0.978023,0.338231,0.419221,0.052182
7320,82,9,0.02069,41,1.157399,0.372947,0.45946,0.049633
7320,0,8,0.018391,47,0.906004,0.403167,0.394136,0.038784
7340,70,17,0.039352,97,1.170332,0.359153,0.354617,0.041925
7340,99,17,0.039352,146,1.15054,0.338533,0.362193,0.077149
7340,11,9,0.020833,39,1.01132,0.320882,0.400942,0.049161
7340,50,9,0.020833,36,0.978023,0.338231,0.419221,0.052182
7340,71,9,0.020833,37,1.04091,0.32288,0.354879,0.053318
7340,75,9,0.020833,58,1.007401,0.327842,0.421189,0.045037
7340,82,9,0.020833,41,1.157399,0.372947,0.45946,0.049633
7340,0,8,0.018519,47,0.906004,0.403167,0.394136,0.038784
7360,70,17,0.038991,97,1.170332,0.359153,0.354617,0.041925
7360,99,17,0.038991,146,1.15054,0.338533,0.362193,0.077149
7360,71,10,0.022936,38,1.032697,0.325371,0.350061,0.054357
7360,11,9,0.020642,39,1.01132,0.320882,0.400942,0.049161
7360,37,9,0.020642,70,1.027598,0.304808,0.352005,0.047244
7360,39,9,0.020642,47,1.007405,0.395981,0.423876,0.062534
7360,45,9,0.020642,43,1.106326,0.333329,0.364893,0.064807
7360,50,9,0.020642,36,0.978023,0.338231,0.419221,0.052182
7380,70,17,0.038902,97,1.170332,0.359153,0.354617,0.041925
7380,99,16,0.036613,147,1.145512,0.331304,0.352663,0.078224
7380,11,10,0.022883,40,1.004648,0.324771,0.411965,0.049536
7380,71,10,0.022883,38,1.032697,0.325371,0.350061,0.054357
7380,82,10,0.022883,42,1.162224,0.378648,0.455478,0.049186
7380,39,9,0.020595,47,1.007405,0.395981,0.423876,0.062534
7380,45,9,0.020595,43,1.106326,0.333329,0.364893,0.064807
7380,50,9,0.020595,36,0.978023,0.338231,0.419221,0.052182
7400,70,15,0.035377,97,1.172091,0.361175,0.36124,0.041388
7400,99,15,0.035377,147,1.139055,0.334846,0.35312,0.076091
7400,11,10,0.023585,40,1.004648,0.324771,0.411965,0.049536
7400,82,10,0.023585,42,1.162224,0.378648,0.455478,0.049186
7400,39,9,0.021226,47,1.007405,0.395981,0.423876,0.062534
7400,50,9,0.021226,36,0.978023,0.338231,0.419221,0.052182
7400,71,9,0.021226,38,1.03726,0.328787,0.339538,0.054251
7400,0,8,0.018868,47,0.906004,0.403167,0.394136,0.038784
7420,99,15,0.035377,147,1.139055,0.334846,0.35312,0.076091
7420,70,13,0.03066,97,1.156915,0.358862,0.354107,0.042054
7420,11,10,0.023585,40,1.004648,0.324771,0.411965,0.049536
7420,39,10,0.023585,48,1.003221,0.393442,0.422715,0.062632
7420,50,9,0.021226,36,0.978023,0.338231,0.419221,0.052182
7420,71,9,0.021226,38,1.03726,0.328787,0.339538,0.054251
7420,82,9,0.021226,42,1.167259,0.38108,0.446144,0.048438
7420,86,9,0.021226,35,1.076439,0.341493,0.354397,0.047304
7440,99,15,0.035129,149,1.117662,0.331947,0.350966,0.077024
7440,70,13,0.030445,97,1.156915,0.358862,0.354107,0.042054
7440,11,9,0.021077,40,1.00117,0.325584,0.419804,0.050523
7440,21,9,0.021077,27,0.919077,0.307319,0.40459,0.049983
7440,39,9,0.021077,48,1.011284,0.401216,0.425631,0.062646
7440,50,9,0.021077,36,0.978023,0.338231,0.419221,0.052182
7440,67,9,0.021077,80,0.955969,0.295199,0.390407,0.045442
7440,71,9,0.021077,38,1.03726,0.328787,0.339538,0.054251
7460,99,18,0.042453,152,1.117104,0.342573,0.351791,0.077092
7460,70,13,0.03066,97,1.156915,0.358862,0.354107,0.042054
7460,82,10,0.023585,43,1.176907,0.384616,0.443599,0.048451
7460,11,9,0.021226,40,1.00117,0.325584,0.419804,0.050523
7460,21,9,0.021226,27,0.919077,0.307319,0.40459,0.049983
7460,39,9,0.021226,48,1.011284,0.401216,0.425631,0.062646
7460,50,9,0.021226,36,0.978023,0.338231,0.419221,0.052182
7460,71,9,0.021226,38,1.03726,0.328787,0.339538,0.054251
7480,99,18,0.042959,153,1.114752,0.345147,0.352864,0.077567
7480,70,13,0.031026,97,1.156915,0.358862,0.354107,0.042054
7480,82,10,0.023866,43,1.176907,0.384616,0.443599,0.048451
7480,86,10,0.023866,36,1.07438,0.341459,0.354066,0.048737
7480,11,9,0.02148,40,1.00117,0.325584,0.419804,0.050523
7480,21,9,0.02148,27,0.919077,0.307319,0.40459,0.049983
7480,39,9,0.02148,48,1.011284,0.401216,0.425631,0.062646
7480,50,9,0.02148,36,0.978023,0.338231,0.419221,0.052182
7500,99,18,0.042453,153,1.114752,0.345147,0.352864,0.077567
7500,70,13,0.03066,97,1.156915,0.358862,0.354107,0.042054
7500,86,10,0.023585,36,1.07438,0.341459,0.354066,0.048737
7500,90,10,0.023585,80,1.23397,0.376154,0.406131,0.054585
7500,11,9,0.021226,40,1.00117,0.325584,0.419804,0.050523
7500,21,9,0.021226,27,0.919077,0.307319,0.40459,0.049983
7500,50,9,0.021226,36,0.978023,0.338231,0.419221,0.052182
7500,71,9,0.021226,38,1.03726,0.328787,0.339538,0.054251
7520,99,16,0.037736,153,1.12142,0.346908,0.354194,0.077488
7520,70,15,0.035377,99,1.163607,0.358559,0.348502,0.041387
7520,90,11,0.025943,81,1.237901,0.373843,0.403193,0.054752
7520,11,10,0.023585,41,0.99541,0.325301,0.415889,0.050412
7520,86,10,0.023585,36,1.07438,0.341459,0.354066,0.048737
7520,13,9,0.021226,75,0.946703,0.295602,0.412783,0.049492
7520,21,9,0.021226,27,0.919077,0.307319,0.40459,0.049983
7520,50,9,0.021226,36,0.978023,0.338231,0.419221,0.052182
7540,99,19,0.044393,156,1.127967,0.346515,0.350538,0.080304
7540,70,15,0.035047,99,1.163607,0.358559,0.348502,0.041387
7540,90,11,0.025701,81,1.237901,0.373843,0.403193,0.054752
7540,11,10,0.023364,41,0.99541,0.325301,0.415889,0.050412
7540,86,10,0.023364,36,1.07438,0.341459,0.354066,0.048737
7540,13,9,0.021028,75,0.946703,0.295602,0.412783,0.049492
7540,21,9,0.021028,27,0.919077,0.307319,0.40459,0.049983
7540,50,9,0.021028,36,0.978023,0.338231,0.419221,0.052182
7560,99,19,0.044084,156,1.127967,0.346515,0.350538,0.080304
7560,70,16,0.037123,100,1.1649,0.363381,0.350976,0.041656
7560,90,11,0.025522,81,1.237901,0.373843,0.403193,0.054752
7560,11,10,0.023202,41,0.99541,0.325301,0.415889,0.050412
7560,86,10,0.023202,36,1.07438,0.341459,0.354066,0.048737
7560,13,9,0.020882,75,0.946703,0.295602,0.412783,0.049492
7560,21,9,0.020882,27,0.919077,0.307319,0.40459,0.049983
7560,0,8,0.018561,48,0.907502,0.407535,0.394409,0.03845
7580,99,19,0.044601,157,1.131697,0.345424,0.346747,0.082985
7580,70,18,0.042254,103,1.160818,0.362157,0.343595,0.043491
7580,90,11,0.025822,81,1.237901,0.373843,0.403193,0.054752
7580,11,10,0.023474,41,0.99541,0.325301,0.415889,0.050412
7580,86,10,0.023474,36,1.07438,0.341459,0.354066,0.048737
7580,13,9,0.021127,75,0.946703,0.295602,0.412783,0.049492
7580,21,9,0.021127,27,0.919077,0.307319,0.40459,0.049983
7580,0,8,0.018779,48,0.907502,0.407535,0.394409,0.03845
7600,70,17,0.040476,103,1.156965,0.362684,0.345298,0.043913
7600,99,16,0.038095,157,1.132817,0.337669,0.356513,0.081038
7600,11,10,0.02381,41,0.99541,0.325301,0.415889,0.050412
7600,13,10,0.02381,76,0.9499,0.296909,0.414087,0.049203
7600,90,10,0.02381,82,1.239245,0.37259,0.398708,0.0556
7600,21,9,0.021429,27,0.919077,0.307319,0.40459,0.049983
7600,86,9,0.021429,36,1.078747,0.342014,0.354882,0.049589
7600,0,8,0.019048,48,0.907502,0.407535,0.394409,0.03845
7620,70,17,0.040865,103,1.156965,0.362684,0.345298,0.043913
7620,99,15,0.036058,158,1.109155,0.332257,0.367556,0.074596
7620,11,10,0.024038,41,0.99541,0.325301,0.415889,0.050412
7620,13,10,0.024038,76,0.9499,0.296909,0.414087,0.049203
7620,90,10,0.024038,82,1.239245,0.37259,0.398708,0.0556
7620,21,9,0.021635,27,0.919077,0.307319,0.40459,0.049983
7620,39,9,0.021635,49,1.020342,0.400668,0.428539,0.062739
7620,86,9,0.021635,36,1.078747,0.342014,0.354882,0.049589
7640,70,19,0.045024,105,1.170567,0.360495,0.339648,0.042764
7640,99,16,0.037915,159,1.107342,0.329296,0.360979,0.077733
7640,90,11,0.026066,83,1.253603,0.369517,0.402962,0.055371
7640,11,9,0.021327,41,1.008191,0.323745,0.40816,0.049501
7640,13,9,0.021327,76,0.952797,0.297703,0.41223,0.04855
7640,39,9,0.021327,49,1.020342,0.400668,0.428539,0.062739
7640,44,9,0.021327,72,0.905654,0.333374,0.352352,0.062068
7640,86,9,0.021327,36,1.078747,0.342014,0.354882,0.049589
7660,70,18,0.04186,105,1.173321,0.361951,0.342204,0.041897
7660,99,18,0.04186,161,1.104531,0.319118,0.353211,0.0812
7660,90,11,0.025581,83,1.253603,0.369517,0.402962,0.055371
7660,13,10,0.023256,77,0.959694,0.299812,0.412774,0.047945
7660,11,9,0.02093,41,1.008191,0.323745,0.40816,0.049501
7660,39,9,0.02093,49,1.020342,0.400668,0.428539,0.062739
7660,44,9,0.02093,72,0.905654,0.333374,0.352352,0.062068
7660,0,8,0.018605,48,0.907502,0.407535,0.394409,0.03845
7680,99,17,0.039813,161,1.10249,0.321036,0.353477,0.081067
7680,70,16,0.037471,105,1.174482,0.363859,0.344671,0.04193
7680,90,12,0.028103,84,1.251119,0.371655,0.400066,0.054136
7680,11,9,0.021077,41,1.008191,0.323745,0.40816,0.049501
7680,13,9,0.021077,78,0.959817,0.302801,0.409473,0.046836
7680,39,9,0.021077,49,1.020342,0.400668,0.428539,0.062739
7680,0,8,0.018735,48,0.907502,0.407535,0.394409,0.03845
7680,18,8,0.018735,20,1.039591,0.305415,0.398275,0.050406
7700,70,15,0.034884,105,1.177925,0.367056,0.346931,0.041966
7700,99,15,0.034884,161,1.088721,0.317514,0.353076,0.079003
7700,90,12,0.027907,84,1.251119,0.371655,0.400066,0.054136
7700,11,9,0.02093,41,1.008191,0.323745,0.40816,0.049501
7700,13,9,0.02093,78,0.959817,0.302801,0.409473,0.046836
7700,39,9,0.02093,49,1.020342,0.400668,0.428539,0.062739
7700,82,9,0.02093,45,1.161862,0.367446,0.451377,0.050513
7700,0,8,0.018605,48,0.907502,0.407535,0.394409,0.03845
7720,70,15,0.034562,105,1.177925,0.367056,0.346931,0.041966
7720,99,14,0.032258,161,1.092137,0.322724,0.36119,0.075266
7720,90,10,0.023041,84,1.245626,0.374261,0.402946,0.053612
7720,13,9,0.020737,78,0.959817,0.302801,0.409473,0.046836
7720,18,9,0.020737,21,1.044772,0.305172,0.398994,0.050814
7720,39,9,0.020737,49,1.020342,0.400668,0.428539,0.062739
7720,82,9,0.020737,45,1.161862,0.367446,0.451377,0.050513
7720,86,9,0.020737,37,1.101889,0.342454,0.353788,0.049001
7740,70,16,0.036866,106,1.175831,0.365347,0.350406,0.041941
7740,99,14,0.032258,161,1.092137,0.322724,0.36119,0.075266
7740,82,10,0.023041,46,1.180132,0.374139,0.448012,0.050642
7740,13,9,0.020737,78,0.959817,0.302801,0.409473,0.046836
7740,18,9,0.020737,21,1.044772,0.305172,0.398994,0.050814
7740,39,9,0.020737,49,1.020342,0.400668,0.428539,0.062739
7740,86,9,0.020737,37,1.101889,0.342454,0.353788,0.049001
7740,90,9,0.020737,84,1.232551,0.367556,0.402283,0.052278
7760,70,16,0.036613,106,1.175831,0.365347,0.350406,0.041941
7760,99,15,0.034325,164,1.130691,0.323175,0.354444,0.080344
7760,82,10,0.022883,46,1.180132,0.374139,0.448012,0.050642
7760,90,10,0.022883,85,1.236566,0.365634,0.399903,0.051812
7760,13,9,0.020595,78,0.959817,0.302801,0.409473,0.046836
7760,18,9,0.020595,22,1.047144,0.304957,0.39602,0.049788
7760,39,9,0.020595,49,1.020342,0.400668,0.428539,0.062739
7760,86,9,0.020595,37,1.101889,0.342454,0.353788,0.049001
7780,70,16,0.036952,107,1.164217,0.364992,0.357461,0.04269
7780,99,15,0.034642,164,1.130691,0.323175,0.354444,0.080344
7780,18,10,0.023095,23,1.048003,0.302196,0.398599,0.05098
7780,39,10,0.023095,50,1.016727,0.399697,0.427459,0.06403
7780,82,10,0.023095,46,1.180132,0.374139,0.448012,0.050642
7780,90,10,0.023095,86,1.23567,0.370257,0.399567,0.052278
7780,21,9,0.020785,28,0.926313,0.312607,0.408376,0.048155
7780,86,9,0.020785,37,1.101889,0.342454,0.353788,0.049001
7800,70,15,0.034965,107,1.171019,0.366727,0.361168,0.042016
7800,99,15,0.034965,164,1.130691,0.323175,0.354444,0.080344
7800,18,9,0.020979,23,1.047857,0.301713,0.398472,0.051301
7800,21,9,0.020979,28,0.926313,0.312607,0.408376,0.048155
7800,82,9,0.020979,46,1.170843,0.369439,0.451047,0.050872
7800,86,9,0.020979,37,1.101889,0.342454,0.353788,0.049001
7800,90,9,0.020979,86,1.217724,0.373753,0.394463,0.052189
7800,0,8,0.018648,48,0.907502,0.407535,0.394409,0.03845
7820,70,14,0.032407,107,1.165064,0.364958,0.359069,0.041859
7820,99,14,0.032407,165,1.13708,0.325368,0.358572,0.076647
7820,18,9,0.020833,23,1.047857,0.301713,0.398472,0.051301
7820,21,9,0.020833,28,0.926313,0.312607,0.408376,0.048155
7820,82,9,0.020833,46,1.170843,0.369439,0.451047,0.050872
7820,86,9,0.020833,37,1.101889,0.342454,0.353788,0.049001
7820,0,8,0.018519,48,0.907502,0.407535,0.394409,0.03845
7820,11,8,0.018519,41,1.016268,0.323869,0.411598,0.049513
7840,70,18,0.041379,111,1.152322,0.35909,0.356937,0.041556
7840,99,13,0.029885,166,1.130337,0.323132,0.361695,0.073536
7840,18,10,0.022989,24,1.055416,0.301648,0.395173,0.051157
7840,21,9,0.02069,28,0.926313,0.312607,0.408376,0.048155
7840,50,9,0.02069,37,0.993745,0.333366,0.418118,0.051594
7840,82,9,0.02069,46,1.170843,0.369439,0.451047,0.050872
7840,0,8,0.018391,48,0.907502,0.407535,0.394409,0.03845
7840,11,8,0.018391,41,1.016268,0.323869,0.411598,0.049513
7860,70,16,0.036866,111,1.150866,0.356232,0.357486,0.041965
7860,99,15,0.034562,168,1.146745,0.330179,0.357941,0.078373
7860,18,9,0.020737,24,1.051994,0.301473,0.39411,0.050833
7860,21,9,0.020737,28,0.926313,0.312607,0.408376,0.048155
7860,40,9,0.020737,68,1.269597,0.269313,0.393188,0.03722
7860,50,9,0.020737,37,0.993745,0.333366,0.418118,0.051594
7860,67,9,0.020737,86,0.965474,0.304726,0.389535,0.042963
7860,71,9,0.020737,39,1.051472,0.326853,0.339966,0.053054
7880,70,17,0.038813,113,1.140752,0.357798,0.35265,0.041769
7880,99,15,0.034247,168,1.146745,0.330179,0.357941,0.078373
7880,50,10,0.022831,38,0.986719,0.335868,0.417848,0.051081
7880,11,9,0.020548,42,1.010263,0.32533,0.411429,0.049821
7880,18,9,0.020548,24,1.051994,0.301473,0.39411,0.050833
7880,21,9,0.020548,28,0.926313,0.312607,0.408376,0.048155
7880,40,9,0.020548,68,1.269597,0.269313,0.393188,0.03722
7880,67,9,0.020548,86,0.965474,0.304726,0.389535,0.042963
7900,70,17,0.038991,113,1.140752,0.357798,0.35265,0.041769
7900,99,16,0.036697,169,1.150994,0.326487,0.355731,0.079008
7900,50,10,0.022936,38,0.986719,0.335868,0.417848,0.051081
7900,11,9,0.020642,42,1.010263,0.32533,0.411429,0.049821
7900,18,9,0.020642,25,1.061719,0.299745,0.396401,0.052462
7900,21,9,0.020642,28,0.926313,0.312607,0.408376,0.048155
7900,29,9,0.020642,31,0.962986,0.318868,0.412542,0.044828
7900,40,9,0.020642,68,1.269597,0.269313,0.393188,0.03722
7920,70,17,0.038813,115,1.136226,0.353591,0.360133,0.041811
7920,99,17,0.038813,171,1.159509,0.325914,0.35008,0.079659
7920,50,11,0.025114,39,0.998804,0.331127,0.421115,0.051866
7920,29,10,0.022831,32,0.967889,0.320888,0.41377,0.044834
7920,11,9,0.020548,42,1.010263,0.32533,0.411429,0.049821
7920,18,9,0.020548,25,1.061719,0.299745,0.396401,0.052462
7920,21,9,0.020548,28,0.926313,0.312607,0.408376,0.048155
7920,39,9,0.020548,51,1.001892,0.411303,0.436834,0.063205
7940,99,17,0.038636,171,1.159509,0.325914,0.35008,0.079659
7940,70,16,0.036364,115,1.138442,0.355271,0.362136,0.0423
7940,50,11,0.025,39,0.998804,0.331127,0.421115,0.051866
7940,29,10,0.022727,32,0.967889,0.320888,0.41377,0.044834
7940,40,10,0.022727,70,1.266218,0.267797,0.390108,0.037335
7940,11,9,0.020455,42,1.010263,0.32533,0.411429,0.049821
7940,18,9,0.020455,25,1.061719,0.299745,0.396401,0.052462
7940,34,9,0.020455,21,0.94332,0.287261,0.375975,0.058605
7960,99,16,0.036446,171,1.15507,0.329743,0.351178,0.079103
7960,70,15,0.034169,115,1.138043,0.356308,0.359443,0.042349
7960,50,11,0.025057,39,0.998804,0.331127,0.421115,0.051866
7960,18,10,0.022779,26,1.072788,0.300978,0.396983,0.053436
7960,29,10,0.022779,32,0.967889,0.320888,0.41377,0.044834
7960,82,10,0.022779,47,1.182323,0.376379,0.44542,0.04995
7960,11,9,0.020501,42,1.010263,0.32533,0.411429,0.049821
7960,34,9,0.020501,21,0.94332,0.287261,0.375975,0.058605
7980,70,15,0.033632,115,1.138043,0.356308,0.359443,0.042349
7980,99,15,0.033632,171,1.147094,0.325146,0.353759,0.077509
7980,50,11,0.024664,39,0.998804,0.331127,0.421115,0.051866
7980,18,10,0.022422,26,1.072788,0.300978,0.396983,0.053436
7980,29,10,0.022422,32,0.967889,0.320888,0.41377,0.044834
7980,40,10,0.022422,71,1.275337,0.267337,0.3917,0.036807
7980,82,10,0.022422,47,1.182323,0.376379,0.44542,0.04995
7980,90,10,0.022422,89,1.209293,0.37681,0.392247,0.051888
8000,70,15,0.034247,115,1.138043,0.356308,0.359443,0.042349
8000,99,14,0.031963,171,1.15693,0.32379,0.349558,0.079982
8000,29,10,0.022831,32,0.967889,0.320888,0.41377,0.044834
8000,39,10,0.022831,53,0.991231,0.416244,0.432449,0.062578
8000,50,10,0.022831,39,0.997811,0.331047,0.422639,0.053455
8000,71,10,0.022831,40,1.051109,0.32604,0.341113,0.0519
8000,82,10,0.022831,47,1.182323,0.376379,0.44542,0.04995
8000,90,10,0.022831,89,1.209293,0.37681,0.392247,0.051888
8020,99,16,0.036036,173,1.144147,0.323968,0.353998,0.079766
8020,70,15,0.033784,115,1.138043,0.356308,0.359443,0.042349
8020,39,11,0.024775,54,1.000385,0.419997,0.438935,0.062345
8020,29,10,0.022523,32,0.967889,0.320888,0.41377,0.044834
8020,50,10,0.022523,39,0.997811,0.331047,0.422639,0.053455
8020,82,10,0.022523,47,1.182323,0.376379,0.44542,0.04995
8020,90,10,0.022523,89,1.209293,0.37681,0.392247,0.051888
8020,11,9,0.02027,42,1.010263,0.32533,0.411429,0.049821
8040,99,16,0.036036,174,1.127145,0.3216,0.357481,0.075856
8040,70,15,0.033784,115,1.138043,0.356308,0.359443,0.042349
8040,39,11,0.024775,54,1.000385,0.419997,0.438935,0.062345
8040,29,10,0.022523,32,0.967889,0.320888,0.41377,0.044834
8040,40,10,0.022523,72,1.265241,0.267095,0.387458,0.036124
8040,50,10,0.022523,39,0.997811,0.331047,0.422639,0.053455
8040,82,10,0.022523,47,1.182323,0.376379,0.44542,0.04995
8040,90,10,0.022523,89,1.209293,0.37681,0.392247,0.051888
8060,70,16,0.036281,117,1.159005,0.35261,0.353463,0.042392
8060,99,16,0.036281,174,1.127145,0.3216,0.357481,0.075856
8060,39,11,0.024943,54,1.000385,0.419997,0.438935,0.062345
8060,13,10,0.022676,83,0.954416,0.302814,0.40624,0.04863
8060,29,10,0.022676,32,0.967889,0.320888,0.41377,0.044834
8060,82,10,0.022676,47,1.182323,0.376379,0.44542,0.04995
8060,90,10,0.022676,89,1.209293,0.37681,0.392247,0.051888
8060,11,9,0.020408,42,1.010263,0.32533,0.411429,0.049821
8080,99,16,0.036199,174,1.127145,0.3216,0.357481,0.075856
8080,70,15,0.033937,118,1.155838,0.354386,0.351366,0.041783
8080,90,12,0.027149,91,1.207853,0.373053,0.398521,0.052493
8080,39,11,0.024887,54,1.000385,0.419997,0.438935,0.062345
8080,13,10,0.022624,83,0.954416,0.302814,0.40624,0.04863
8080,29,10,0.022624,32,0.967889,0.320888,0.41377,0.044834
8080,82,10,0.022624,47,1.182323,0.376379,0.44542,0.04995
8080,11,9,0.020362,42,1.010263,0.32533,0.411429,0.049821
8100,99,16,0.036199,174,1.127145,0.3216,0.357481,0.075856
8100,70,15,0.033937,118,1.155838,0.354386,0.351366,0.041783
8100,39,11,0.024887,54,1.000385,0.419997,0.438935,0.062345
8100,71,11,0.024887,42,1.031119,0.330492,0.336514,0.053613
8100,90,11,0.024887,91,1.211844,0.378582,0.399817,0.052849
8100,13,10,0.022624,83,0.954416,0.302814,0.40624,0.04863
8100,29,10,0.022624,32,0.967889,0.320888,0.41377,0.044834
8100,21,9,0.020362,29,0.929622,0.316083,0.415481,0.046642
8120,99,17,0.038462,175,1.122284,0.327747,0.35952,0.076508
8120,70,14,0.031674,118,1.161375,0.356638,0.352184,0.041502
8120,39,11,0.024887,54,1.000385,0.419997,0.438935,0.062345
8120,71,11,0.024887,42,1.031119,0.330492,0.336514,0.053613
8120,13,10,0.022624,83,0.954416,0.302814,0.40624,0.04863
8120,90,10,0.022624,91,1.220529,0.378953,0.402353,0.052901
8120,21,9,0.020362,29,0.929622,0.316083,0.415481,0.046642
8120,29,9,0.020362,32,0.978307,0.321432,0.414334,0.044502
8140,99,17,0.038902,176,1.11961,0.331896,0.361338,0.073083
8140,70,14,0.032037,118,1.161375,0.356638,0.352184,0.041502
8140,71,11,0.025172,42,1.031119,0.330492,0.336514,0.053613
8140,39,10,0.022883,54,1.004975,0.422809,0.440514,0.062229
8140,90,10,0.022883,91,1.220529,0.378953,0.402353,0.052901
8140,13,9,0.020595,83,0.957769,0.305124,0.41072,0.048244
8140,21,9,0.020595,29,0.929622,0.316083,0.415481,0.046642
8140,40,9,0.020595,73,1.269584,0.269886,0.387581,0.036462
8160,99,15,0.034325,176,1.105439,0.333799,0.363117,0.074373
8160,70,14,0.032037,118,1.161375,0.356638,0.352184,0.041502
8160,39,10,0.022883,54,1.004975,0.422809,0.440514,0.062229
8160,71,10,0.022883,42,1.029447,0.331669,0.335022,0.054823
8160,96,10,0.022883,68,0.887581,0.391435,0.438778,0.033938
8160,11,9,0.020595,43,1.004325,0.321441,0.411752,0.049162
8160,21,9,0.020595,29,0.929622,0.316083,0.415481,0.046642
8160,40,9,0.020595,73,1.269584,0.269886,0.387581,0.036462
8180,70,15,0.034803,119,1.161457,0.354482,0.35358,0.04138
8180,99,14,0.032483,176,1.10091,0.331221,0.362961,0.076201
8180,67,10,0.023202,91,0.974735,0.306961,0.391852,0.043797
8180,71,10,0.023202,42,1.029447,0.331669,0.335022,0.054823
8180,90,10,0.023202,93,1.21707,0.364273,0.402848,0.05241
8180,96,10,0.023202,68,0.887581,0.391435,0.438778,0.033938
8180,11,9,0.020882,43,1.004325,0.321441,0.411752,0.049162
8180,21,9,0.020882,29,0.929622,0.316083,0.415481,0.046642
8200,99,16,0.036782,178,1.113513,0.337919,0.350918,0.081447
8200,70,14,0.032184,119,1.154093,0.356468,0.35878,0.041379
8200,90,11,0.025287,94,1.236674,0.364533,0.398549,0.053415
8200,39,10,0.022989,55,1.012376,0.419124,0.438135,0.063438
8200,67,10,0.022989,92,0.969134,0.303179,0.389847,0.044282
8200,71,10,0.022989,42,1.029447,0.331669,0.335022,0.054823
8200,96,10,0.022989,68,0.887581,0.391435,0.438778,0.033938
8200,21,9,0.02069,29,0.929622,0.316083,0.415481,0.046642
8220,99,18,0.04119,181,1.140136,0.347908,0.346526,0.08397
8220,70,17,0.038902,122,1.14783,0.355026,0.355681,0.040916
8220,90,11,0.025172,94,1.236674,0.364533,0.398549,0.053415
8220,39,10,0.022883,55,1.012376,0.419124,0.438135,0.063438
8220,67,10,0.022883,92,0.969134,0.303179,0.389847,0.044282
8220,96,10,0.022883,68,0.887581,0.391435,0.438778,0.033938
8220,11,9,0.020595,44,0.976568,0.324173,0.41309,0.048818
8220,21,9,0.020595,29,0.929622,0.316083,0.415481,0.046642
8240,99,19,0.042697,182,1.13789,0.348128,0.347072,0.082251
8240,70,17,0.038202,122,1.14783,0.355026,0.355681,0.040916
8240,39,10,0.022472,55,1.012376,0.419124,0.438135,0.063438
8240,67,10,0.022472,92,0.969134,0.303179,0.389847,0.044282
8240,96,10,0.022472,69,0.899623,0.388473,0.439766,0.034081
8240,11,9,0.020225,44,0.976568,0.324173,0.41309,0.048818
8240,21,9,0.020225,29,0.929622,0.316083,0.415481,0.046642
8240,71,9,0.020225,42,1.026987,0.329617,0.338265,0.053878
8260,99,18,0.040449,182,1.141713,0.348161,0.341827,0.084333
8260,70,17,0.038202,122,1.14783,0.355026,0.355681,0.040916
8260,39,10,0.022472,55,1.012376,0.419124,0.438135,0.063438
8260,90,10,0.022472,95,1.245955,0.358356,0.393611,0.052907
8260,11,9,0.020225,44,0.976568,0.324173,0.41309,0.048818
8260,21,9,0.020225,29,0.929622,0.316083,0.415481,0.046642
8260,67,9,0.020225,92,0.972355,0.304017,0.390822,0.044116
8260,71,9,0.020225,42,1.026987,0.329617,0.338265,0.053878
8280,99,17,0.038724,182,1.139861,0.34618,0.345223,0.083638
8280,70,16,0.036446,122,1.148407,0.354697,0.349327,0.041159
8280,90,10,0.022779,95,1.245955,0.358356,0.393611,0.052907
8280,11,9,0.020501,44,0.976568,0.324173,0.41309,0.048818
8280,21,9,0.020501,29,0.929622,0.316083,0.415481,0.046642
8280,39,9,0.020501,55,1.003538,0.414857,0.43084,0.063818
8280,67,9,0.020501,92,0.972355,0.304017,0.390822,0.044116
8280,71,9,0.020501,42,1.026987,0.329617,0.338265,0.053878
8300,70,18,0.040724,124,1.154855,0.354504,0.350312,0.041748
8300,99,16,0.036199,183,1.136198,0.339097,0.34274,0.084044
8300,90,10,0.022624,95,1.245955,0.358356,0.393611,0.052907
8300,11,9,0.020362,44,0.976568,0.324173,0.41309,0.048818
8300,39,9,0.020362,55,1.003538,0.414857,0.43084,0.063818
8300,67,9,0.020362,92,0.972355,0.304017,0.390822,0.044116
8300,71,9,0.020362,42,1.026987,0.329617,0.338265,0.053878
8300,96,9,0.020362,69,0.90245,0.387258,0.440025,0.033988
8320,70,17,0.038549,125,1.164035,0.35489,0.354027,0.041861
8320,99,16,0.036281,184,1.139836,0.342307,0.346049,0.079751
8320,67,10,0.022676,93,0.983206,0.304288,0.38974,0.045394
8320,11,9,0.020408,44,0.976568,0.324173,0.41309,0.048818
8320,39,9,0.020408,55,1.003538,0.414857,0.43084,0.063818
8320,71,9,0.020408,42,1.026987,0.329617,0.338265,0.053878
8320,90,9,0.020408,95,1.249595,0.362659,0.393488,0.054672
8320,96,9,0.020408,69,0.90245,0.387258,0.440025,0.033988
8340,70,16,0.036613,125,1.165573,0.355339,0.3541,0.041286
8340,99,14,0.032037,184,1.12086,0.342712,0.350477,0.074977
8340,11,9,0.020595,44,0.976568,0.324173,0.41309,0.048818
8340,37,9,0.020595,82,0.99679,0.308664,0.354461,0.046171
8340,39,9,0.020595,55,1.003538,0.414857,0.43084,0.063818
8340,40,9,0.020595,76,1.288397,0.275834,0.384689,0.034036
8340,82,9,0.020595,49,1.15978,0.378125,0.437782,0.048049
8340,90,9,0.020595,96,1.245035,0.356114,0.398837,0.054912
8360,70,15,0.034562,125,1.165393,0.355203,0.349595,0.041385
8360,99,14,0.032258,184,1.12086,0.342712,0.350477,0.074977
8360,11,9,0.020737,44,0.976568,0.324173,0.41309,0.048818
8360,37,9,0.020737,82,0.99679,0.308664,0.354461,0.046171
8360,39,9,0.020737,55,1.003538,0.414857,0.43084,0.063818
8360,40,9,0.020737,76,1.288397,0.275834,0.384689,0.034036
8360,82,9,0.020737,49,1.15978,0.378125,0.437782,0.048049
8360,90,9,0.020737,96,1.245035,0.356114,0.398837,0.054912
8380,70,18,0.040816,128,1.173695,0.354994,0.348961,0.041127
8380,99,15,0.034014,186,1.125507,0.342956,0.348678,0.0763
8380,11,9,0.020408,44,0.976568,0.324173,0.41309,0.048818
8380,21,9,0.020408,31,0.941453,0.315699,0.41854,0.047479
8380,37,9,0.020408,82,0.99679,0.308664,0.354461,0.046171
8380,39,9,0.020408,55,1.003538,0.414857,0.43084,0.063818
8380,44,9,0.020408,78,0.893125,0.336514,0.367944,0.06402
8380,67,9,0.020408,95,0.993529,0.301441,0.386545,0.047322
8400,70,18,0.040816,128,1.173695,0.354994,0.348961,0.041127
8400,99,16,0.036281,187,1.129515,0.339544,0.350123,0.076865
8400,82,10,0.022676,50,1.148411,0.378588,0.453646,0.050182
8400,21,9,0.020408,31,0.941453,0.315699,0.41854,0.047479
8400,37,9,0.020408,82,0.99679,0.308664,0.354461,0.046171
8400,39,9,0.020408,55,1.003538,0.414857,0.43084,0.063818
8400,45,9,0.020408,51,1.108709,0.333883,0.34516,0.064529
8400,67,9,0.020408,95,0.993529,0.301441,0.386545,0.047322
8420,99,17,0.03908,188,1.131303,0.341544,0.351349,0.074766
8420,70,16,0.036782,128,1.181423,0.355705,0.347608,0.041368
8420,82,10,0.022989,51,1.130646,0.384286,0.47111,0.053016
8420,21,9,0.02069,31,0.941453,0.315699,0.41854,0.047479
8420,29,9,0.02069,33,0.992502,0.317545,0.406708,0.046213
8420,39,9,0.02069,55,1.003538,0.414857,0.43084,0.063818
8420,45,9,0.02069,51,1.108709,0.333883,0.34516,0.064529
8420,67,9,0.02069,95,0.993529,0.301441,0.386545,0.047322
8440,99,17,0.039535,188,1.131303,0.341544,0.351349,0.074766
8440,70,15,0.034884,129,1.165121,0.353697,0.352949,0.041635
8440,21,10,0.023256,32,0.949208,0.318538,0.419553,0.047313
8440,29,9,0.02093,33,0.992502,0.317545,0.406708,0.046213
8440,67,9,0.02093,95,0.993529,0.301441,0.386545,0.047322
8440,71,9,0.02093,43,1.023382,0.336359,0.326462,0.05457
8440,82,9,0.02093,51,1.120746,0.378731,0.476306,0.053948
8440,90,9,0.02093,97,1.223451,0.350559,0.405211,0.053066
8460,70,15,0.034884,130,1.156776,0.354528,0.351587,0.04229
8460,99,14,0.032558,189,1.142988,0.344833,0.353659,0.074181
8460,21,10,0.023256,32,0.949208,0.318538,0.419553,0.047313
8460,90,10,0.023256,98,1.225337,0.357236,0.404549,0.053609
8460,29,9,0.02093,33,0.992502,0.317545,0.406708,0.046213
8460,40,9,0.02093,77,1.29904,0.280224,0.388843,0.032596
8460,45,9,0.02093,52,1.148098,0.336114,0.35121,0.065164
8460,67,9,0.02093,95,0.993529,0.301441,0.386545,0.047322
8480,70,15,0.034965,130,1.156776,0.354528,0.351587,0.04229
8480,99,15,0.034965,190,1.131145,0.337898,0.350569,0.075057
8480,21,10,0.02331,32,0.949208,0.318538,0.419553,0.047313
8480,90,10,0.02331,98,1.225337,0.357236,0.404549,0.053609
8480,40,9,0.020979,77,1.29904,0.280224,0.388843,0.032596
8480,67,9,0.020979,95,0.993529,0.301441,0.386545,0.047322
8480,71,9,0.020979,43,1.023382,0.336359,0.326462,0.05457
8480,82,9,0.020979,51,1.120746,0.378731,0.476306,0.053948
8500,70,14,0.032407,130,1.145903,0.354163,0.355949,0.042283
8500,99,14,0.032407,190,1.123132,0.334365,0.355546,0.073272
8500,82,11,0.025463,53,1.113258,0.378364,0.49626,0.055031
8500,13,9,0.020833,88,0.941888,0.299746,0.406402,0.049465
8500,21,9,0.020833,32,0.950623,0.320741,0.41606,0.046931
8500,40,9,0.020833,77,1.29904,0.280224,0.388843,0.032596
8500,50,9,0.020833,40,1.007193,0.326172,0.41204,0.054445
8500,71,9,0.020833,43,1.023382,0.336359,0.326462,0.05457
8520,99,16,0.036782,192,1.150636,0.33512,0.354721,0.073397
8520,70,13,0.029885,130,1.146091,0.354528,0.36103,0.041968
8520,82,11,0.025287,53,1.113258,0.378364,0.49626,0.055031
8520,90,10,0.022989,99,1.233608,0.350826,0.401836,0.050564
8520,13,9,0.02069,88,0.941888,0.299746,0.406402,0.049465
8520,21,9,0.02069,32,0.950623,0.320741,0.41606,0.046931
8520,40,9,0.02069,77,1.29904,0.280224,0.388843,0.032596
8520,50,9,0.02069,40,1.007193,0.326172,0.41204,0.054445
8540,99,18,0.041763,195,1.150198,0.344716,0.339898,0.076954
8540,70,12,0.027842,130,1.139563,0.356498,0.365331,0.042805
8540,82,11,0.025522,53,1.113258,0.378364,0.49626,0.055031
8540,13,10,0.023202,89,0.938197,0.299866,0.406384,0.048797
8540,90,10,0.023202,99,1.233608,0.350826,0.401836,0.050564
8540,40,9,0.020882,77,1.29904,0.280224,0.388843,0.032596
8540,50,9,0.020882,40,1.007193,0.326172,0.41204,0.054445
8540,86,9,0.020882,39,1.049857,0.347087,0.357779,0.047253
8560,99,19,0.043182,196,1.147885,0.343085,0.341229,0.075647
8560,70,14,0.031818,132,1.125026,0.351888,0.357692,0.04227
8560,82,12,0.027273,54,1.113069,0.372902,0.490573,0.054892
8560,13,10,0.022727,89,0.938197,0.299866,0.406384,0.048797
8560,90,10,0.022727,99,1.233608,0.350826,0.401836,0.050564
8560,11,9,0.020455,45,0.983062,0.327276,0.417492,0.049021
8560,40,9,0.020455,77,1.29904,0.280224,0.388843,0.032596
8560,50,9,0.020455,40,1.007193,0.326172,0.41204,0.054445
8580,99,17,0.038724,196,1.155659,0.344055,0.336643,0.079041
8580,70,15,0.034169,133,1.125098,0.355241,0.359772,0.042067
8580,82,13,0.029613,55,1.117601,0.380468,0.485013,0.053889
8580,86,10,0.022779,40,1.061689,0.345753,0.35887,0.047992
8580,90,10,0.022779,99,1.233608,0.350826,0.401836,0.050564
8580,11,9,0.020501,45,0.983062,0.327276,0.417492,0.049021
8580,40,9,0.020501,78,1.302286,0.281361,0.389659,0.03276
8580,50,9,0.020501,40,1.007193,0.326172,0.41204,0.054445
8600,99,16,0.036117,196,1.155393,0.342211,0.334498,0.081407
8600,70,15,0.03386,134,1.130787,0.35536,0.357517,0.041774
8600,82,13,0.029345,55,1.117601,0.380468,0.485013,0.053889
8600,90,11,0.024831,100,1.24878,0.356116,0.398725,0.050339
8600,86,10,0.022573,40,1.061689,0.345753,0.35887,0.047992
8600,11,9,0.020316,45,0.983062,0.327276,0.417492,0.049021
8600,13,9,0.020316,90,0.929313,0.302584,0.411115,0.049611
8600,50,9,0.020316,40,1.007193,0.326172,0.41204,0.054445
8620,70,15,0.034169,134,1.130787,0.35536,0.357517,0.041774
8620,99,15,0.034169,196,1.139979,0.336158,0.337032,0.081854
8620,82,13,0.029613,55,1.117601,0.380468,0.485013,0.053889
8620,90,11,0.025057,101,1.24888,0.35538,0.398019,0.050175
8620,11,10,0.022779,46,0.985933,0.326735,0.411838,0.049191
8620,86,10,0.022779,40,1.061689,0.345753,0.35887,0.047992
8620,96,10,0.022779,74,0.928546,0.38275,0.435093,0.035504
8620,13,9,0.020501,90,0.929313,0.302584,0.411115,0.049611
8640,99,16,0.036036,198,1.130282,0.334785,0.3453,0.075844
8640,70,15,0.033784,134,1.130787,0.35536,0.357517,0.041774
8640,82,13,0.029279,55,1.117601,0.380468,0.485013,0.053889
8640,90,11,0.024775,101,1.24888,0.35538,0.398019,0.050175
8640,11,10,0.022523,46,0.985933,0.326735,0.411838,0.049191
8640,13,10,0.022523,91,0.930101,0.301469,0.411288,0.048914
8640,86,10,0.022523,40,1.061689,0.345753,0.35887,0.047992
8640,96,10,0.022523,74,0.928546,0.38275,0.435093,0.035504
8660,70,15,0.034014,134,1.130787,0.35536,0.357517,0.041774
8660,82,13,0.029478,55,1.117601,0.380468,0.485013,0.053889
8660,99,13,0.029478,198,1.09938,0.33554,0.343209,0.07791
8660,11,10,0.022676,46,0.985933,0.326735,0.411838,0.049191
8660,13,10,0.022676,91,0.930101,0.301469,0.411288,0.048914
8660,96,10,0.022676,74,0.928546,0.38275,0.435093,0.035504
8660,18,9,0.020408,27,1.069583,0.301731,0.392946,0.053859
8660,39,9,0.020408,56,1.011372,0.412238,0.438782,0.063075
8680,70,18,0.040541,137,1.140127,0.354858,0.350612,0.041651
8680,82,13,0.029279,55,1.117601,0.380468,0.485013,0.053889
8680,99,12,0.027027,198,1.113576,0.33491,0.353124,0.074082
8680,11,10,0.022523,46,0.985933,0.326735,0.411838,0.049191
8680,13,10,0.022523,91,0.930101,0.301469,0.411288,0.048914
8680,40,10,0.022523,80,1.301025,0.274616,0.390982,0.033691
8680,18,9,0.02027,27,1.069583,0.301731,0.392946,0.053859
8680,37,9,0.02027,85,0.971174,0.311523,0.357885,0.046903
8700,70,20,0.044444,139,1.151203,0.352827,0.344636,0.041161
8700,99,15,0.033333,201,1.115911,0.343723,0.348341,0.075141
8700,82,13,0.028889,55,1.117601,0.380468,0.485013,0.053889
8700,11,10,0.022222,46,0.985933,0.326735,0.411838,0.049191
8700,13,9,0.02,91,0.931492,0.300834,0.41273,0.049354
8700,18,9,0.02,27,1.069583,0.301731,0.392946,0.053859
8700,21,9,0.02,33,0.940007,0.321374,0.414742,0.046399
8700,37,9,0.02,85,0.971174,0.311523,0.357885,0.046903
8720,70,18,0.040268,139,1.154013,0.354192,0.344437,0.04077
8720,99,15,0.033557,201,1.115911,0.343723,0.348341,0.075141
8720,82,13,0.029083,55,1.117601,0.380468,0.485013,0.053889
8720,11,10,0.022371,46,0.985933,0.326735,0.411838,0.049191
8720,90,10,0.022371,103,1.234472,0.369178,0.405526,0.051644
8720,13,9,0.020134,91,0.931492,0.300834,0.41273,0.049354
8720,18,9,0.020134,27,1.069583,0.301731,0.392946,0.053859
8720,21,9,0.020134,33,0.940007,0.321374,0.414742,0.046399
8740,70,16,0.035714,139,1.154876,0.351015,0.345116,0.040985
8740,99,15,0.033482,202,1.122142,0.348664,0.352147,0.072336
8740,82,13,0.029018,55,1.117601,0.380468,0.485013,0.053889
8740,11,10,0.022321,46,0.985933,0.326735,0.411838,0.049191
8740,90,10,0.022321,103,1.234472,0.369178,0.405526,0.051644
8740,18,9,0.020089,27,1.069583,0.301731,0.392946,0.053859
8740,21,9,0.020089,33,0.940007,0.321374,0.414742,0.046399
8740,39,9,0.020089,56,1.011372,0.412238,0.438782,0.063075
8760,99,17,0.038031,204,1.136082,0.347735,0.354065,0.075711
8760,70,16,0.035794,139,1.154876,0.351015,0.345116,0.040985
8760,82,13,0.029083,55,1.117601,0.380468,0.485013,0.053889
8760,11,9,0.020134,46,0.990525,0.323064,0.400801,0.048778
8760,18,9,0.020134,27,1.069583,0.301731,0.392946,0.053859
8760,21,9,0.020134,33,0.940007,0.321374,0.414742,0.046399
8760,39,9,0.020134,56,1.011372,0.412238,0.438782,0.063075
8760,50,9,0.020134,41,0.996818,0.338407,0.421312,0.053056
8780,99,16,0.036364,204,1.142741,0.346494,0.358966,0.074451
8780,70,15,0.034091,140,1.178061,0.353514,0.352898,0.041443
8780,82,13,0.029545,55,1.117601,0.380468,0.485013,0.053889
8780,67,10,0.022727,100,0.983787,0.305017,0.386901,0.042491
8780,96,10,0.022727,75,0.913306,0.391016,0.43259,0.03499
8780,11,9,0.020455,46,0.990525,0.323064,0.400801,0.048778
8780,18,9,0.020455,27,1.069583,0.301731,0.392946,0.053859
8780,21,9,0.020455,33,0.940007,0.321374,0.414742,0.046399
8800,70,15,0.034169,140,1.178061,0.353514,0.352898,0.041443
8800,99,15,0.034169,204,1.136615,0.340701,0.358773,0.072889
8800,82,13,0.029613,55,1.117601,0.380468,0.485013,0.053889
8800,11,9,0.020501,46,0.990525,0.323064,0.400801,0.048778
8800,18,9,0.020501,27,1.069583,0.301731,0.392946,0.053859
8800,21,9,0.020501,33,0.940007,0.321374,0.414742,0.046399
8800,39,9,0.020501,56,1.011372,0.412238,0.438782,0.063075
8800,50,9,0.020501,41,0.996818,0.338407,0.421312,0.053056
8820,99,16,0.03653,205,1.136364,0.343668,0.361537,0.071316
8820,70,15,0.034247,140,1.178061,0.353514,0.352898,0.041443
8820,82,12,0.027397,55,1.111287,0.376993,0.489305,0.05469
8820,18,10,0.022831,28,1.06187,0.301377,0.394378,0.053209
8820,21,9,0.020548,33,0.940007,0.321374,0.414742,0.046399
8820,39,9,0.020548,56,1.011372,0.412238,0.438782,0.063075
8820,50,9,0.020548,41,0.996818,0.338407,0.421312,0.053056
8820,71,9,0.020548,44,1.027932,0.337704,0.323087,0.053475
8840,99,17,0.038462,206,1.131407,0.345158,0.365221,0.072773
8840,70,15,0.033937,140,1.178061,0.353514,0.352898,0.041443
8840,82,12,0.027149,55,1.111287,0.376993,0.489305,0.05469
8840,18,9,0.020362,28,1.070398,0.30281,0.396165,0.052395
8840,21,9,0.020362,33,0.940007,0.321374,0.414742,0.046399
8840,39,9,0.020362,56,1.011372,0.412238,0.438782,0.063075
8840,50,9,0.020362,41,0.996818,0.338407,0.421312,0.053056
8840,71,9,0.020362,44,1.027932,0.337704,0.323087,0.053475
8860,99,19,0.042222,209,1.137718,0.348983,0.356468,0.073534
8860,70,14,0.031111,140,1.168682,0.354945,0.357572,0.041772
8860,82,12,0.026667,55,1.111287,0.376993,0.489305,0.05469
8860,96,10,0.022222,76,0.904738,0.395802,0.435263,0.034708
8860,18,9,0.02,28,1.070398,0.30281,0.396165,0.052395
8860,21,9,0.02,33,0.940007,0.321374,0.414742,0.046399
8860,39,9,0.02,56,1.011372,0.412238,0.438782,0.063075
8860,50,9,0.02,41,0.996818,0.338407,0.421312,0.053056
8880,99,18,0.039911,210,1.145385,0.346895,0.352965,0.078526
8880,70,17,0.037694,143,1.179686,0.354803,0.349924,0.041586
8880,82,12,0.026608,55,1.111287,0.376993,0.489305,0.05469
8880,96,10,0.022173,76,0.904738,0.395802,0.435263,0.034708
8880,18,9,0.019956,28,1.070398,0.30281,0.396165,0.052395
8880,21,9,0.019956,33,0.940007,0.321374,0.414742,0.046399
8880,44,9,0.019956,83,0.895776,0.337953,0.3766,0.063977
8880,50,9,0.019956,41,0.996818,0.338407,0.421312,0.053056
8900,99,18,0.039823,210,1.145385,0.346895,0.352965,0.078526
8900,70,17,0.037611,143,1.179686,0.354803,0.349924,0.041586
8900,82,12,0.026549,55,1.111287,0.376993,0.489305,0.05469
8900,13,9,0.019912,94,0.944643,0.298831,0.410095,0.0522
8900,18,9,0.019912,28,1.070398,0.30281,0.396165,0.052395
8900,21,9,0.019912,33,0.940007,0.321374,0.414742,0.046399
8900,37,9,0.019912,87,0.974014,0.309842,0.358009,0.046718
8900,44,9,0.019912,83,0.895776,0.337953,0.3766,0.063977
8920,70,19,0.041943,145,1.180394,0.351988,0.344694,0.041484
8920,99,19,0.041943,212,1.136201,0.349899,0.352288,0.076918
8920,82,12,0.02649,55,1.111287,0.376993,0.489305,0.05469
8920,11,9,0.019868,47,0.979012,0.322008,0.400832,0.048073
8920,13,9,0.019868,94,0.944643,0.298831,0.410095,0.0522
8920,18,9,0.019868,28,1.070398,0.30281,0.396165,0.052395
8920,40,9,0.019868,83,1.281204,0.278968,0.389293,0.033335
8920,44,9,0.019868,83,0.895776,0.337953,0.3766,0.063977
8940,70,18,0.03913,145,1.179726,0.352897,0.347498,0.041753
8940,99,18,0.03913,212,1.130508,0.347536,0.354502,0.076022
8940,82,12,0.026087,55,1.111287,0.376993,0.489305,0.05469
8940,40,10,0.021739,84,1.278194,0.278266,0.38855,0.03309
8940,90,10,0.021739,106,1.189226,0.359133,0.40789,0.051477
8940,11,9,0.019565,47,0.979012,0.322008,0.400832,0.048073
8940,13,9,0.019565,94,0.944643,0.298831,0.410095,0.0522
8940,18,9,0.019565,28,1.070398,0.30281,0.396165,0.052395
8960,70,19,0.041575,146,1.176001,0.356885,0.350795,0.041312
8960,99,18,0.039387,212,1.130508,0.347536,0.354502,0.076022
8960,82,13,0.028446,56,1.11746,0.381118,0.483606,0.054123
8960,90,11,0.02407,107,1.190874,0.365937,0.409301,0.051746
8960,11,9,0.019694,47,0.979012,0.322008,0.400832,0.048073
8960,18,9,0.019694,28,1.070398,0.30281,0.396165,0.052395
8960,39,9,0.019694,57,1.003595,0.412231,0.43747,0.063568
8960,44,9,0.019694,84,0.902371,0.340771,0.376928,0.062544
8980,70,17,0.037528,146,1.179181,0.357159,0.344947,0.0412
8980,99,16,0.03532,213,1.128671,0.343854,0.348886,0.080654
8980,82,13,0.028698,56,1.11746,0.381118,0.483606,0.054123
8980,90,11,0.024283,107,1.190874,0.365937,0.409301,0.051746
8980,11,9,0.019868,47,0.979012,0.322008,0.400832,0.048073
8980,18,9,0.019868,28,1.070398,0.30281,0.396165,0.052395
8980,39,9,0.019868,57,1.003595,0.412231,0.43747,0.063568
8980,44,9,0.019868,84,0.902371,0.340771,0.376928,0.062544
9000,70,15,0.033557,146,1.169405,0.361112,0.351888,0.041152
9000,82,13,0.029083,56,1.11746,0.381118,0.483606,0.054123
9000,99,13,0.029083,213,1.114245,0.348316,0.35396,0.080741
9000,90,11,0.024609,107,1.190874,0.365937,0.409301,0.051746
9000,39,10,0.022371,58,1.007159,0.416169,0.436077,0.062626
9000,50,10,0.022371,43,0.961674,0.335807,0.423154,0.052514
9000,86,10,0.022371,42,1.050334,0.342603,0.355658,0.047491
9000,11,9,0.020134,47,0.979012,0.322008,0.400832,0.048073
9020,70,14,0.031042,146,1.175712,0.361131,0.345952,0.041191
9020,82,13,0.028825,56,1.11746,0.381118,0.483606,0.054123
9020,99,13,0.028825,213,1.114245,0.348316,0.35396,0.080741
9020,90,11,0.02439,107,1.190874,0.365937,0.409301,0.051746
9020,39,10,0.022173,58,1.007159,0.416169,0.436077,0.062626
9020,50,10,0.022173,43,0.961674,0.335807,0.423154,0.052514
9020,71,10,0.022173,46,1.009702,0.341734,0.324273,0.055555
9020,86,10,0.022173,42,1.050334,0.342603,0.355658,0.047491
9040,82,14,0.030837,57,1.121536,0.385552,0.479189,0.053516
9040,99,14,0.030837,214,1.119335,0.347575,0.354747,0.078485
9040,70,13,0.028634,147,1.171911,0.36644,0.351086,0.041161
9040,90,12,0.026432,108,1.198769,0.36681,0.410741,0.053377
9040,39,11,0.024229,59,1.001366,0.417899,0.430643,0.061259
9040,40,11,0.024229,87,1.288155,0.278706,0.387511,0.033688
9040,50,10,0.022026,43,0.961674,0.335807,0.423154,0.052514
9040,71,10,0.022026,46,1.009702,0.341734,0.324273,0.055555
9060,82,14,0.030837,58,1.12796,0.39208,0.471137,0.052755
9060,99,14,0.030837,214,1.119335,0.347575,0.354747,0.078485
9060,90,13,0.028634,109,1.201151,0.369873,0.409984,0.053361
9060,39,11,0.024229,59,1.001366,0.417899,0.430643,0.061259
9060,70,11,0.024229,147,1.173392,0.368606,0.348022,0.040436
9060,13,10,0.022026,97,0.947104,0.297625,0.416765,0.053798
9060,40,10,0.022026,87,1.284994,0.279864,0.386491,0.033544
9060,50,10,0.022026,43,0.961674,0.335807,0.423154,0.052514
9080,99,15,0.03304,215,1.126062,0.347674,0.357887,0.075765
9080,82,13,0.028634,58,1.124573,0.385989,0.475202,0.053593
9080,70,12,0.026432,148,1.166686,0.368571,0.353967,0.040677
9080,90,12,0.026432,109,1.205773,0.371089,0.40896,0.052564
9080,39,11,0.024229,59,1.001366,0.417899,0.430643,0.061259
9080,13,10,0.022026,97,0.947104,0.297625,0.416765,0.053798
9080,40,10,0.022026,87,1.284994,0.279864,0.386491,0.033544
9080,50,10,0.022026,43,0.961674,0.335807,0.423154,0.052514
9100,99,15,0.033482,215,1.126062,0.347674,0.357887,0.075765
9100,82,13,0.029018,58,1.124573,0.385989,0.475202,0.053593
9100,70,12,0.026786,148,1.166686,0.368571,0.353967,0.040677
9100,90,12,0.026786,109,1.205773,0.371089,0.40896,0.052564
9100,39,11,0.024554,59,1.001366,0.417899,0.430643,0.061259
9100,40,10,0.022321,87,1.284994,0.279864,0.386491,0.033544
9100,50,10,0.022321,43,0.961674,0.335807,0.423154,0.052514
9100,71,10,0.022321,46,1.009702,0.341734,0.324273,0.055555
9120,99,15,0.033186,215,1.126062,0.347674,0.357887,0.075765
9120,70,14,0.030973,150,1.165855,0.370592,0.34461,0.040487
9120,82,14,0.030973,59,1.131026,0.388672,0.472062,0.053626
9120,90,12,0.026549,109,1.205773,0.371089,0.40896,0.052564
9120,39,11,0.024336,59,1.001366,0.417899,0.430643,0.061259
9120,40,10,0.022124,87,1.284994,0.279864,0.386491,0.033544
9120,50,10,0.022124,43,0.961674,0.335807,0.423154,0.052514
9120,71,10,0.022124,46,1.009702,0.341734,0.324273,0.055555
9140,99,15,0.033113,216,1.122887,0.356701,0.366997,0.073383
9140,70,14,0.030905,150,1.165855,0.370592,0.34461,0.040487
9140,82,13,0.028698,59,1.130082,0.383701,0.475834,0.054691
9140,39,10,0.022075,59,1.003413,0.421794,0.431908,0.060707
9140,40,10,0.022075,87,1.284994,0.279864,0.386491,0.033544
9140,50,10,0.022075,43,0.961674,0.335807,0.423154,0.052514
9140,86,10,0.022075,43,1.066295,0.339952,0.357236,0.04867
9140,90,10,0.022075,109,1.219266,0.368687,0.410075,0.053755
9160,70,17,0.036717,153,1.18065,0.364852,0.33921,0.040568
9160,99,15,0.032397,216,1.122887,0.356701,0.366997,0.073383
9160,82,13,0.028078,59,1.130082,0.383701,0.475834,0.054691
9160,90,11,0.023758,110,1.219377,0.371484,0.411098,0.054193
9160,39,10,0.021598,59,1.003413,0.421794,0.431908,0.060707
9160,40,10,0.021598,88,1.292396,0.281656,0.387025,0.033452
9160,50,10,0.021598,43,0.961674,0.335807,0.423154,0.052514
9160,86,10,0.021598,43,1.066295,0.339952,0.357236,0.04867
9180,70,19,0.041758,155,1.181105,0.365565,0.339741,0.040173
9180,99,15,0.032967,216,1.122887,0.356701,0.366997,0.073383
9180,82,14,0.030769,60,1.126192,0.383335,0.478333,0.055063
9180,86,10,0.021978,43,1.066295,0.339952,0.357236,0.04867
9180,90,10,0.021978,110,1.212754,0.370991,0.40955,0.052481
9180,96,10,0.021978,79,0.887371,0.400632,0.439107,0.034324
9180,11,9,0.01978,48,0.987802,0.321078,0.404158,0.04803
9180,18,9,0.01978,29,1.06417,0.303681,0.401774,0.052617
9200,70,19,0.042222,156,1.192802,0.362336,0.339997,0.03966
9200,82,15,0.033333,61,1.134557,0.387022,0.47452,0.05435
9200,99,14,0.031111,216,1.125542,0.358394,0.373119,0.070006
9200,96,10,0.022222,79,0.887371,0.400632,0.439107,0.034324
9200,11,9,0.02,48,0.987802,0.321078,0.404158,0.04803
9200,18,9,0.02,29,1.06417,0.303681,0.401774,0.052617
9200,39,9,0.02,59,0.993193,0.425576,0.427518,0.059876
9200,40,9,0.02,88,1.295204,0.280256,0.387743,0.033915
9220,70,17,0.037363,156,1.186772,0.362616,0.344211,0.040146
9220,82,15,0.032967,61,1.134557,0.387022,0.47452,0.05435
9220,99,14,0.030769,217,1.129252,0.349196,0.372035,0.067107
9220,11,10,0.021978,49,0.992047,0.321658,0.40038,0.048207
9220,96,10,0.021978,79,0.887371,0.400632,0.439107,0.034324
9220,18,9,0.01978,29,1.06417,0.303681,0.401774,0.052617
9220,39,9,0.01978,59,0.993193,0.425576,0.427518,0.059876
9220,44,9,0.01978,89,0.845395,0.366074,0.38095,0.062625
9240,70,16,0.035088,156,1.177705,0.365504,0.347954,0.040586
9240,99,16,0.035088,220,1.134767,0.358443,0.367236,0.074204
9240,82,15,0.032895,61,1.134557,0.387022,0.47452,0.05435
9240,11,10,0.02193,49,0.992047,0.321658,0.40038,0.048207
9240,96,10,0.02193,79,0.887371,0.400632,0.439107,0.034324
9240,18,9,0.019737,29,1.06417,0.303681,0.401774,0.052617
9240,29,9,0.019737,35,0.984626,0.323783,0.40739,0.047261
9240,39,9,0.019737,60,0.985056,0.430157,0.423949,0.059404
9260,70,16,0.035088,157,1.176109,0.369094,0.355019,0.040981
9260,99,16,0.035088,220,1.134767,0.358443,0.367236,0.074204
9260,82,15,0.032895,61,1.134557,0.387022,0.47452,0.05435
9260,11,10,0.02193,49,0.992047,0.321658,0.40038,0.048207
9260,96,10,0.02193,79,0.887371,0.400632,0.439107,0.034324
9260,18,9,0.019737,29,1.06417,0.303681,0.401774,0.052617
9260,29,9,0.019737,35,0.984626,0.323783,0.40739,0.047261
9260,37,9,0.019737,91,0.991056,0.31077,0.351982,0.046288
9280,70,16,0.03532,157,1.176109,0.369094,0.355019,0.040981
9280,99,15,0.033113,220,1.139423,0.357649,0.362076,0.074195
9280,82,14,0.030905,61,1.131703,0.383011,0.478287,0.054973
9280,11,10,0.022075,49,0.992047,0.321658,0.40038,0.048207
9280,29,10,0.022075,36,0.991248,0.323368,0.407461,0.047785
9280,96,10,0.022075,79,0.887371,0.400632,0.439107,0.034324
9280,37,9,0.019868,91,0.991056,0.31077,0.351982,0.046288
9280,39,9,0.019868,60,0.985056,0.430157,0.423949,0.059404
9300,99,16,0.035398,222,1.127396,0.351158,0.357123,0.077339
9300,70,15,0.033186,157,1.176005,0.372187,0.357659,0.040894
9300,82,15,0.033186,62,1.130811,0.3875,0.47298,0.053856
9300,11,10,0.022124,49,0.992047,0.321658,0.40038,0.048207
9300,96,10,0.022124,79,0.887371,0.400632,0.439107,0.034324
9300,29,9,0.019912,36,0.988941,0.321624,0.405532,0.048107
9300,37,9,0.019912,91,0.991056,0.31077,0.351982,0.046288
9300,39,9,0.019912,60,0.985056,0.430157,0.423949,0.059404
9320,70,17,0.037862,159,1.186923,0.367346,0.35034,0.040454
9320,82,15,0.033408,62,1.130811,0.3875,0.47298,0.053856
9320,99,15,0.033408,223,1.126457,0.345131,0.365845,0.076735
9320,96,10,0.022272,79,0.887371,0.400632,0.439107,0.034324
9320,11,9,0.020045,49,0.992579,0.323621,0.401404,0.048676
9320,29,9,0.020045,36,0.988941,0.321624,0.405532,0.048107
9320,37,9,0.020045,92,0.98987,0.309738,0.350167,0.0466
9320,39,9,0.020045,60,0.985056,0.430157,0.423949,0.059404
9340,70,16,0.03532,159,1.181653,0.370218,0.354388,0.040727
9340,82,15,0.033113,62,1.130811,0.3875,0.47298,0.053856
9340,99,15,0.033113,223,1.126457,0.345131,0.365845,0.076735
9340,29,10,0.022075,37,0.983194,0.321137,0.408456,0.048562
9340,67,10,0.022075,108,1.002022,0.311344,0.389573,0.043835
9340,96,10,0.022075,79,0.887371,0.400632,0.439107,0.034324
9340,11,9,0.019868,49,0.992579,0.323621,0.401404,0.048676
9340,39,9,0.019868,60,0.985056,0.430157,0.423949,0.059404
9360,70,16,0.035714,159,1.181653,0.370218,0.354388,0.040727
9360,82,14,0.03125,62,1.124804,0.384924,0.475961,0.053842
9360,99,14,0.03125,223,1.115405,0.340902,0.369754,0.075308
9360,29,10,0.022321,37,0.983194,0.321137,0.408456,0.048562
9360,96,10,0.022321,79,0.887371,0.400632,0.439107,0.034324
9360,11,9,0.020089,49,0.992579,0.323621,0.401404,0.048676
9360,37,9,0.020089,93,0.958084,0.309688,0.352274,0.045997
9360,39,9,0.020089,60,0.985056,0.430157,0.423949,0.059404
9380,70,16,0.035477,159,1.181653,0.370218,0.354388,0.040727
9380,99,15,0.033259,224,1.110128,0.341618,0.368255,0.073892
9380,82,14,0.031042,62,1.124804,0.384924,0.475961,0.053842
9380,29,10,0.022173,37,0.983194,0.321137,0.408456,0.048562
9380,39,10,0.022173,61,0.991833,0.429474,0.433019,0.05836
9380,67,10,0.022173,109,0.996023,0.311697,0.390426,0.045541
9380,90,10,0.022173,113,1.193024,0.386981,0.413183,0.054311
9380,96,10,0.022173,79,0.887371,0.400632,0.439107,0.034324
9400,70,16,0.035556,159,1.181653,0.370218,0.354388,0.040727
9400,99,15,0.033333,224,1.110128,0.341618,0.368255,0.073892
9400,82,14,0.031111,62,1.124804,0.384924,0.475961,0.053842
9400,13,10,0.022222,101,0.952334,0.299499,0.417788,0.052481
9400,39,10,0.022222,61,0.991833,0.429474,0.433019,0.05836
9400,67,10,0.022222,109,0.996023,0.311697,0.390426,0.045541
9400,90,10,0.022222,113,1.193024,0.386981,0.413183,0.054311
9400,11,9,0.02,49,0.992579,0.323621,0.401404,0.048676
9420,99,16,0.035635,226,1.110001,0.346429,0.374232,0.076986
9420,70,15,0.033408,159,1.185563,0.370348,0.358462,0.040735
9420,82,14,0.03118,62,1.124804,0.384924,0.475961,0.053842
9420,90,11,0.024499,114,1.198359,0.382483,0.413182,0.053893
9420,67,10,0.022272,109,0.996023,0.311697,0.390426,0.045541
9420,13,9,0.020045,102,0.954945,0.29981,0.424922,0.054257
9420,40,9,0.020045,90,1.283881,0.275269,0.387108,0.034855
9420,72,9,0.020045,66,1.062802,0.303453,0.430431,0.057307
9440,70,19,0.042222,163,1.179947,0.361449,0.344025,0.04044
9440,99,16,0.035556,226,1.110001,0.346429,0.374232,0.076986
9440,82,14,0.031111,62,1.124804,0.384924,0.475961,0.053842
9440,90,11,0.024444,115,1.205138,0.380547,0.416453,0.054948
9440,13,9,0.02,102,0.954945,0.29981,0.424922,0.054257
9440,39,9,0.02,62,1.00701,0.432827,0.433716,0.058476
9440,40,9,0.02,90,1.283881,0.275269,0.387108,0.034855
9440,98,9,0.02,32,0.984842,0.332126,0.415407,0.051822
9460,70,17,0.037946,163,1.175513,0.357845,0.34552,0.040738
9460,99,15,0.033482,226,1.11907,0.347126,0.37654,0.078907
9460,82,14,0.03125,62,1.124804,0.384924,0.475961,0.053842
9460,90,11,0.024554,115,1.205138,0.380547,0.416453,0.054948
9460,39,10,0.022321,63,1.000321,0.429769,0.429655,0.060181
9460,40,9,0.020089,90,1.283881,0.275269,0.387108,0.034855
9460,67,9,0.020089,110,0.990392,0.304673,0.390274,0.044429
9460,0,8,0.017857,52,0.917021,0.401769,0.391191,0.038659
9480,70,17,0.037778,163,1.175513,0.357845,0.34552,0.040738
9480,99,16,0.035556,227,1.11246,0.346149,0.372118,0.077121
9480,82,14,0.031111,62,1.124804,0.384924,0.475961,0.053842
9480,67,11,0.024444,112,0.97765,0.30803,0.389449,0.044891
9480,90,11,0.024444,115,1.205138,0.380547,0.416453,0.054948
9480,39,10,0.022222,63,1.000321,0.429769,0.429655,0.060181
9480,71,10,0.022222,49,1.021385,0.339657,0.322389,0.056593
9480,13,9,0.02,103,0.954052,0.299236,0.423204,0.054189
9500,99,17,0.037363,229,1.111125,0.35409,0.376815,0.072186
9500,70,16,0.035165,163,1.171673,0.358376,0.35019,0.04069
9500,82,14,0.030769,62,1.124804,0.384924,0.475961,0.053842
9500,67,11,0.024176,112,0.97765,0.30803,0.389449,0.044891
9500,90,11,0.024176,116,1.209964,0.373571,0.42134,0.053814
9500,39,10,0.021978,63,1.000321,0.429769,0.429655,0.060181
9500,71,10,0.021978,49,1.021385,0.339657,0.322389,0.056593
9500,13,9,0.01978,103,0.954052,0.299236,0.423204,0.054189
9520,99,18,0.039735,230,1.104777,0.352253,0.376199,0.071065
9520,70,15,0.033113,163,1.179119,0.361682,0.353808,0.040496
9520,82,14,0.030905,62,1.124804,0.384924,0.475961,0.053842
9520,39,10,0.022075,63,1.000321,0.429769,0.429655,0.060181
9520,67,10,0.022075,112,0.981521,0.310077,0.395434,0.043659
9520,71,10,0.022075,49,1.021385,0.339657,0.322389,0.056593
9520,90,10,0.022075,116,1.20579,0.377178,0.422156,0.054224
9520,13,9,0.019868,103,0.954052,0.299236,0.423204,0.054189
9540,99,17,0.037611,230,1.108808,0.352289,0.377901,0.072065
9540,82,15,0.033186,63,1.131946,0.388706,0.472673,0.053246
9540,70,14,0.030973,163,1.171138,0.363518,0.357914,0.040806
9540,90,11,0.024336,117,1.20213,0.376924,0.424557,0.054752
9540,13,10,0.022124,104,0.951479,0.296771,0.42503,0.054813
9540,39,10,0.022124,63,1.000321,0.429769,0.429655,0.060181
9540,67,10,0.022124,112,0.981521,0.310077,0.395434,0.043659
9540,71,10,0.022124,49,1.021385,0.339657,0.322389,0.056593
9560,70,15,0.034091,165,1.175315,0.359408,0.348025,0.039906
9560,99,15,0.034091,230,1.113042,0.348296,0.369154,0.068291
9560,82,14,0.031818,63,1.12769,0.385713,0.476777,0.05367
9560,13,10,0.022727,104,0.951479,0.296771,0.42503,0.054813
9560,39,10,0.022727,63,1.000321,0.429769,0.429655,0.060181
9560,67,10,0.022727,112,0.981521,0.310077,0.395434,0.043659
9560,90,10,0.022727,117,1.192837,0.3768,0.421282,0.053209
9560,18,9,0.020455,30,1.050939,0.308276,0.398132,0.05286
9580,99,15,0.034014,230,1.113042,0.348296,0.369154,0.068291
9580,70,14,0.031746,165,1.174888,0.360024,0.347601,0.039682
9580,82,14,0.031746,63,1.12769,0.385713,0.476777,0.05367
9580,39,10,0.022676,63,1.000321,0.429769,0.429655,0.060181
9580,13,9,0.020408,104,0.953182,0.293881,0.426751,0.056234
9580,18,9,0.020408,30,1.050939,0.308276,0.398132,0.05286
9580,29,9,0.020408,38,0.97563,0.317865,0.414584,0.046002
9580,67,9,0.020408,112,0.984494,0.311285,0.392436,0.042797
9600,99,17,0.038462,232,1.111897,0.348992,0.366101,0.069351
9600,82,14,0.031674,63,1.12769,0.385713,0.476777,0.05367
9600,70,13,0.029412,165,1.181666,0.363136,0.352877,0.039697
9600,39,10,0.022624,63,1.000321,0.429769,0.429655,0.060181
9600,90,10,0.022624,118,1.206278,0.374047,0.425749,0.054485
9600,13,9,0.020362,104,0.953182,0.293881,0.426751,0.056234
9600,18,9,0.020362,30,1.050939,0.308276,0.398132,0.05286
9600,29,9,0.020362,38,0.97563,0.317865,0.414584,0.046002
9620,99,17,0.038636,232,1.111897,0.348992,0.366101,0.069351
9620,82,14,0.031818,63,1.12769,0.385713,0.476777,0.05367
9620,70,13,0.029545,165,1.181666,0.363136,0.352877,0.039697
9620,39,10,0.022727,63,1.000321,0.429769,0.429655,0.060181
9620,90,10,0.022727,118,1.206278,0.374047,0.425749,0.054485
9620,13,9,0.020455,104,0.953182,0.293881,0.426751,0.056234
9620,29,9,0.020455,38,0.97563,0.317865,0.414584,0.046002
9620,86,9,0.020455,44,1.050944,0.337339,0.3548,0.046793
9640,99,17,0.038031,233,1.115949,0.34776,0.364134,0.068568
9640,70,15,0.033557,167,1.200962,0.359082,0.344072,0.038924
9640,82,15,0.033557,64,1.134786,0.388498,0.473766,0.052788
9640,39,10,0.022371,63,1.000321,0.429769,0.429655,0.060181
9640,86,10,0.022371,45,1.049157,0.338002,0.355163,0.046923
9640,90,10,0.022371,119,1.187857,0.377696,0.433272,0.056225
9640,29,9,0.020134,38,0.97563,0.317865,0.414584,0.046002
9640,0,8,0.017897,53,0.913209,0.410556,0.389166,0.038159
9660,99,16,0.035398,233,1.117537,0.347245,0.363608,0.066841
9660,82,15,0.033186,64,1.134786,0.388498,0.473766,0.052788
9660,70,14,0.030973,168,1.185261,0.364614,0.353033,0.039029
9660,71,10,0.022124,51,0.986695,0.334528,0.317675,0.055088
9660,86,10,0.022124,45,1.049157,0.338002,0.355163,0.046923
9660,29,9,0.019912,38,0.97563,0.317865,0.414584,0.046002
9660,39,9,0.019912,63,1.00664,0.429166,0.435584,0.06158
9660,90,9,0.019912,119,1.183784,0.384239,0.43557,0.057401
9680,99,17,0.037281,235,1.118857,0.35143,0.366982,0.070017
9680,70,15,0.032895,170,1.208517,0.35887,0.342091,0.039107
9680,82,15,0.032895,64,1.134786,0.388498,0.473766,0.052788
9680,71,10,0.02193,51,0.986695,0.334528,0.317675,0.055088
9680,86,10,0.02193,45,1.049157,0.338002,0.355163,0.046923
9680,90,10,0.02193,120,1.182832,0.378125,0.430729,0.056452
9680,29,9,0.019737,38,0.97563,0.317865,0.414584,0.046002
9680,39,9,0.019737,63,1.00664,0.429166,0.435584,0.06158
9700,99,17,0.037037,235,1.118857,0.35143,0.366982,0.070017
9700,70,16,0.034858,171,1.202345,0.359716,0.343034,0.03966
9700,82,15,0.03268,64,1.134786,0.388498,0.473766,0.052788
9700,71,10,0.021786,51,0.986695,0.334528,0.317675,0.055088
9700,86,10,0.021786,45,1.049157,0.338002,0.355163,0.046923
9700,90,10,0.021786,120,1.182832,0.378125,0.430729,0.056452
9700,21,9,0.019608,35,0.976295,0.322814,0.405706,0.047507
9700,29,9,0.019608,38,0.97563,0.317865,0.414584,0.046002
9720,99,16,0.034557,235,1.116888,0.351468,0.366211,0.071569
9720,82,15,0.032397,64,1.134786,0.388498,0.473766,0.052788
9720,70,13,0.028078,171,1.206743,0.365057,0.345113,0.039927
9720,71,10,0.021598,51,0.986695,0.334528,0.317675,0.055088
9720,86,10,0.021598,45,1.049157,0.338002,0.355163,0.046923
9720,90,10,0.021598,120,1.182832,0.378125,0.430729,0.056452
9720,96,10,0.021598,83,0.890356,0.397921,0.438081,0.034364
9720,11,9,0.019438,50,0.978198,0.322985,0.406653,0.048059
9740,99,17,0.035941,237,1.12012,0.358438,0.368277,0.071031
9740,82,16,0.033827,65,1.143057,0.391942,0.470157,0.052017
9740,70,13,0.027484,171,1.206743,0.365057,0.345113,0.039927
9740,50,10,0.021142,45,0.976071,0.336336,0.42259,0.052865
9740,90,10,0.021142,121,1.178567,0.388718,0.418871,0.055159
9740,96,10,0.021142,83,0.890356,0.397921,0.438081,0.034364
9740,11,9,0.019027,50,0.978198,0.322985,0.406653,0.048059
9740,21,9,0.019027,35,0.976295,0.322814,0.405706,0.047507
9760,82,17,0.035343,66,1.152306,0.395189,0.467287,0.051728
9760,99,17,0.035343,237,1.12012,0.358438,0.368277,0.071031
9760,70,13,0.027027,172,1.207914,0.365391,0.35005,0.041031
9760,90,11,0.022869,122,1.190085,0.391125,0.416381,0.056478
9760,50,10,0.02079,45,0.976071,0.336336,0.42259,0.052865
9760,86,10,0.02079,46,1.044541,0.338375,0.358213,0.047554
9760,96,10,0.02079,83,0.890356,0.397921,0.438081,0.034364
9760,11,9,0.018711,50,0.978198,0.322985,0.406653,0.048059
9780,82,17,0.035714,66,1.152306,0.395189,0.467287,0.051728
9780,99,17,0.035714,237,1.12012,0.358438,0.368277,0.071031
9780,70,14,0.029412,173,1.205164,0.366145,0.34807,0.04125
9780,50,10,0.021008,45,0.976071,0.336336,0.42259,0.052865
9780,90,10,0.021008,123,1.19867,0.375579,0.401966,0.053564
9780,96,10,0.021008,83,0.890356,0.397921,0.438081,0.034364
9780,11,9,0.018908,50,0.978198,0.322985,0.406653,0.048059
9780,21,9,0.018908,35,0.976295,0.322814,0.405706,0.047507
9800,99,17,0.035789,237,1.12012,0.358438,0.368277,0.071031
9800,82,16,0.033684,66,1.15443,0.391741,0.471575,0.052572
9800,70,14,0.029474,173,1.205164,0.366145,0.34807,0.04125
9800,50,11,0.023158,46,0.969066,0.342696,0.424032,0.052492
9800,90,10,0.021053,123,1.19867,0.375579,0.401966,0.053564
9800,96,10,0.021053,83,0.890356,0.397921,0.438081,0.034364
9800,11,9,0.018947,50,0.978198,0.322985,0.406653,0.048059
9800,21,9,0.018947,35,0.976295,0.322814,0.405706,0.047507
9820,82,17,0.036017,67,1.158246,0.39534,0.467565,0.052294
9820,70,15,0.03178,174,1.199715,0.369904,0.35306,0.040651
9820,99,15,0.03178,237,1.117585,0.362896,0.366372,0.068705
9820,50,10,0.021186,46,0.952629,0.346237,0.420988,0.051476
9820,96,10,0.021186,83,0.890356,0.397921,0.438081,0.034364
9820,11,9,0.019068,50,0.978198,0.322985,0.406653,0.048059
9820,21,9,0.019068,35,0.976295,0.322814,0.405706,0.047507
9820,39,9,0.019068,64,1.023751,0.434603,0.449679,0.060803
9840,82,17,0.036247,67,1.158246,0.39534,0.467565,0.052294
9840,70,16,0.034115,175,1.197139,0.367377,0.351572,0.040951
9840,99,15,0.031983,237,1.117585,0.362896,0.366372,0.068705
9840,50,10,0.021322,46,0.952629,0.346237,0.420988,0.051476
9840,96,10,0.021322,83,0.890356,0.397921,0.438081,0.034364
9840,11,9,0.01919,50,0.978198,0.322985,0.406653,0.048059
9840,21,9,0.01919,35,0.976295,0.322814,0.405706,0.047507
9840,39,9,0.01919,64,1.023751,0.434603,0.449679,0.060803
9860,70,16,0.034335,175,1.197139,0.367377,0.351572,0.040951
9860,82,16,0.034335,67,1.155284,0.393176,0.47056,0.052739
9860,99,14,0.030043,237,1.122316,0.365219,0.368963,0.070221
9860,90,10,0.021459,124,1.200736,0.375636,0.402478,0.051848
9860,96,10,0.021459,83,0.890356,0.397921,0.438081,0.034364
9860,11,9,0.019313,50,0.978198,0.322985,0.406653,0.048059
9860,39,9,0.019313,64,1.023751,0.434603,0.449679,0.060803
9860,45,9,0.019313,62,1.099524,0.34345,0.367772,0.068817
9880,82,16,0.035011,67,1.155284,0.393176,0.47056,0.052739
9880,70,14,0.030635,175,1.205361,0.366405,0.353261,0.040227
9880,99,14,0.030635,237,1.122316,0.365219,0.368963,0.070221
9880,67,10,0.021882,117,1.018806,0.309396,0.397164,0.04191
9880,96,10,0.021882,83,0.890356,0.397921,0.438081,0.034364
9880,11,9,0.019694,50,0.978198,0.322985,0.406653,0.048059
9880,50,9,0.019694,46,0.956701,0.347277,0.422359,0.05134
9880,74,9,0.019694,73,1.031469,0.305146,0.377612,0.051464
9900,70,15,0.033113,177,1.187308,0.37006,0.35908,0.039502
9900,99,15,0.033113,238,1.109799,0.362979,0.370683,0.069187
9900,82,14,0.030905,67,1.158953,0.401171,0.474278,0.052243
9900,50,10,0.022075,47,0.955569,0.34949,0.419106,0.050827
9900,67,10,0.022075,117,1.018806,0.309396,0.397164,0.04191
9900,71,10,0.022075,53,1.022984,0.333221,0.317192,0.052939
9900,96,10,0.022075,83,0.890356,0.397921,0.438081,0.034364
9900,11,9,0.019868,50,0.978198,0.322985,0.406653,0.048059
9920,99,16,0.035398,239,1.111989,0.362225,0.370522,0.067745
9920,70,15,0.033186,177,1.187308,0.37006,0.35908,0.039502
9920,82,14,0.030973,67,1.158953,0.401171,0.474278,0.052243
9920,50,10,0.022124,47,0.955569,0.34949,0.419106,0.050827
9920,67,10,0.022124,117,1.018806,0.309396,0.397164,0.04191
9920,71,10,0.022124,53,1.022984,0.333221,0.317192,0.052939
9920,96,10,0.022124,83,0.890356,0.397921,0.438081,0.034364
9920,11,9,0.019912,50,0.978198,0.322985,0.406653,0.048059
9940,70,16,0.035477,179,1.203498,0.36489,0.352661,0.03909
9940,99,15,0.033259,239,1.112842,0.366517,0.371279,0.065479
9940,82,14,0.031042,67,1.158953,0.401171,0.474278,0.052243
9940,11,10,0.022173,51,0.977088,0.322675,0.405713,0.048681
9940,50,10,0.022173,47,0.955569,0.34949,0.419106,0.050827
9940,71,10,0.022173,53,1.022984,0.333221,0.317192,0.052939
9940,96,10,0.022173,83,0.890356,0.397921,0.438081,0.034364
9940,90,9,0.019956,124,1.198827,0.383394,0.398893,0.051651
9960,70,17,0.037281,181,1.195514,0.368212,0.357232,0.038744
9960,99,17,0.037281,241,1.139904,0.36942,0.364257,0.067637
9960,82,14,0.030702,67,1.158953,0.401171,0.474278,0.052243
9960,50,10,0.02193,47,0.955569,0.34949,0.419106,0.050827
9960,71,10,0.02193,53,1.022984,0.333221,0.317192,0.052939
9960,90,10,0.02193,125,1.211915,0.385513,0.401318,0.054791
9960,96,10,0.02193,83,0.890356,0.397921,0.438081,0.034364
9960,11,9,0.019737,51,0.984677,0.32497,0.404906,0.048939
9980,99,17,0.037528,241,1.139904,0.36942,0.364257,0.067637
9980,70,16,0.03532,181,1.189833,0.370329,0.361381,0.038642
9980,82,13,0.028698,67,1.15317,0.399147,0.477561,0.053151
9980,71,11,0.024283,54,1.010782,0.33358,0.317239,0.053297
9980,50,10,0.022075,47,0.955569,0.34949,0.419106,0.050827
9980,90,10,0.022075,125,1.211915,0.385513,0.401318,0.054791
9980,96,10,0.022075,83,0.890356,0.397921,0.438081,0.034364
9980,11,9,0.019868,51,0.984677,0.32497,0.404906,0.048939
10000,70,18,0.039474,183,1.202888,0.369648,0.353659,0.038486
10000,99,17,0.037281,242,1.151948,0.368442,0.364076,0.069352
10000,82,13,0.028509,67,1.15317,0.399147,0.477561,0.053151
10000,50,10,0.02193,47,0.955569,0.34949,0.419106,0.050827
10000,71,10,0.02193,54,1.011936,0.334823,0.320342,0.053606
10000,90,10,0.02193,125,1.211915,0.385513,0.401318,0.054791
10000,11,9,0.019737,51,0.984677,0.32497,0.404906,0.048939
10000,37,9,0.019737,96,0.950929,0.314966,0.351311,0.044621
10020,99,18,0.039474,243,1.155242,0.367089,0.366497,0.067412
10020,70,16,0.035088,183,1.198794,0.371919,0.354722,0.037913
10020,82,13,0.028509,67,1.15317,0.399147,0.477561,0.053151
10020,50,10,0.02193,47,0.955569,0.34949,0.419106,0.050827
10020,71,10,0.02193,54,1.011936,0.334823,0.320342,0.053606
10020,90,10,0.02193,125,1.211915,0.385513,0.401318,0.054791
10020,11,9,0.019737,51,0.984677,0.32497,0.404906,0.048939
10020,13,9,0.019737,109,0.944424,0.296488,0.409993,0.053482
10040,70,17,0.037281,184,1.193969,0.37675,0.358873,0.03768
10040,99,17,0.037281,243,1.168224,0.369176,0.364834,0.068159
10040,82,16,0.035088,70,1.161897,0.396232,0.480079,0.05295
10040,50,10,0.02193,47,0.955569,0.34949,0.419106,0.050827
10040,90,10,0.02193,125,1.211915,0.385513,0.401318,0.054791
10040,11,9,0.019737,51,0.984677,0.32497,0.404906,0.048939
10040,18,9,0.019737,31,1.030062,0.313285,0.39355,0.051891
10040,29,9,0.019737,39,0.985056,0.322612,0.409804,0.048383
10060,70,18,0.039648,186,1.199178,0.374567,0.353359,0.037716
10060,82,17,0.037445,71,1.16427,0.398721,0.47455,0.052934
10060,99,14,0.030837,243,1.160372,0.364262,0.364595,0.069417
10060,11,10,0.022026,52,0.98604,0.324809,0.40452,0.049565
10060,50,10,0.022026,47,0.955569,0.34949,0.419106,0.050827
10060,90,10,0.022026,125,1.211915,0.385513,0.401318,0.054791
10060,13,9,0.019824,110,0.943798,0.291186,0.410142,0.054145
10060,18,9,0.019824,31,1.030062,0.313285,0.39355,0.051891
10080,70,17,0.037528,186,1.196711,0.375652,0.357317,0.037506
10080,82,16,0.03532,71,1.155768,0.395695,0.477874,0.053298
10080,99,14,0.030905,243,1.160372,0.364262,0.364595,0.069417
10080,11,11,0.024283,53,0.989875,0.324644,0.403676,0.048914
10080,50,10,0.022075,47,0.955569,0.34949,0.419106,0.050827
10080,90,10,0.022075,126,1.210245,0.386451,0.398436,0.054844
10080,13,9,0.019868,110,0.943798,0.291186,0.410142,0.054145
10080,18,9,0.019868,31,1.030062,0.313285,0.39355,0.051891
10100,82,17,0.037199,72,1.154702,0.391151,0.477129,0.054174
10100,70,16,0.035011,186,1.201291,0.372723,0.353217,0.037834
10100,99,13,0.028446,244,1.144785,0.346783,0.366412,0.070936
10100,11,11,0.02407,53,0.989875,0.324644,0.403676,0.048914
10100,50,11,0.02407,48,0.951638,0.350582,0.420764,0.050798
10100,13,10,0.021882,111,0.942684,0.291151,0.409658,0.053406
10100,90,10,0.021882,126,1.210245,0.386451,0.398436,0.054844
10100,18,9,0.019694,31,1.030062,0.313285,0.39355,0.051891
10120,70,16,0.034557,187,1.197248,0.374127,0.353773,0.037551
10120,82,15,0.032397,72,1.15814,0.38947,0.472312,0.054104
10120,99,15,0.032397,246,1.147233,0.348286,0.36896,0.067928
10120,50,11,0.023758,48,0.951638,0.350582,0.420764,0.050798
10120,90,11,0.023758,127,1.209098,0.390743,0.40198,0.055656
10120,11,10,0.021598,53,0.992153,0.32512,0.404319,0.048377
10120,86,10,0.021598,48,1.060748,0.336381,0.34948,0.048808
10120,13,9,0.019438,111,0.944222,0.286085,0.416155,0.053498
10140,82,16,0.034409,73,1.150767,0.387571,0.480999,0.054523
10140,70,15,0.032258,188,1.194954,0.369725,0.35549,0.03818
10140,99,14,0.030108,246,1.137225,0.349082,0.36993,0.066983
10140,50,11,0.023656,48,0.951638,0.350582,0.420764,0.050798
10140,90,11,0.023656,127,1.209098,0.390743,0.40198,0.055656
10140,11,10,0.021505,53,0.992153,0.32512,0.404319,0.048377
10140,13,9,0.019355,111,0.944222,0.286085,0.416155,0.053498
10140,29,9,0.019355,39,0.985056,0.322612,0.409804,0.048383
10160,82,17,0.037281,75,1.146072,0.390027,0.47755,0.054206
10160,70,14,0.030702,188,1.181694,0.371229,0.360386,0.038104
10160,99,13,0.028509,246,1.148023,0.351241,0.370254,0.068136
10160,90,11,0.024123,127,1.209098,0.390743,0.40198,0.055656
10160,11,10,0.02193,53,0.992153,0.32512,0.404319,0.048377
10160,13,9,0.019737,111,0.944222,0.286085,0.416155,0.053498
10160,29,9,0.019737,39,0.985056,0.322612,0.409804,0.048383
10160,39,9,0.019737,65,1.008907,0.440968,0.441679,0.059879
10180,82,18,0.039301,76,1.139044,0.385121,0.480463,0.056014
10180,70,14,0.030568,188,1.181694,0.371229,0.360386,0.038104
10180,99,14,0.030568,247,1.160448,0.345561,0.36503,0.070623
10180,90,11,0.024017,128,1.2148,0.382035,0.409979,0.05524
10180,11,10,0.021834,53,0.992153,0.32512,0.404319,0.048377
10180,13,9,0.019651,111,0.944222,0.286085,0.416155,0.053498
10180,29,9,0.019651,39,0.985056,0.322612,0.409804,0.048383
10180,39,9,0.019651,65,1.008907,0.440968,0.441679,0.059879
10200,82,18,0.03871,76,1.139044,0.385121,0.480463,0.056014
10200,99,16,0.034409,249,1.136026,0.344525,0.36692,0.072223
10200,70,15,0.032258,189,1.184548,0.371624,0.362316,0.038107
10200,11,10,0.021505,53,0.992153,0.32512,0.404319,0.048377
10200,39,10,0.021505,66,1.00286,0.443984,0.435401,0.060319
10200,13,9,0.019355,112,0.951692,0.289212,0.421435,0.053919
10200,18,9,0.019355,32,1.026189,0.313554,0.390041,0.05245
10200,29,9,0.019355,39,0.985056,0.322612,0.409804,0.048383
10220,82,18,0.038544,76,1.139044,0.385121,0.480463,0.056014
10220,70,15,0.03212,189,1.184548,0.371624,0.362316,0.038107
10220,99,15,0.03212,249,1.136212,0.34943,0.368131,0.070282
10220,11,10,0.021413,53,0.992153,0.32512,0.404319,0.048377
10220,18,9,0.019272,32,1.026189,0.313554,0.390041,0.05245
10220,29,9,0.019272,39,0.985056,0.322612,0.409804,0.048383
10220,39,9,0.019272,66,1.016006,0.443088,0.443833,0.060917
10220,40,9,0.019272,98,1.280197,0.277419,0.383782,0.034035
10240,82,19,0.040084,77,1.136813,0.382157,0.48009,0.055758
10240,99,16,0.033755,251,1.131419,0.350547,0.370776,0.069264
10240,70,15,0.031646,189,1.184548,0.371624,0.362316,0.038107
10240,11,10,0.021097,53,0.992153,0.32512,0.404319,0.048377
10240,18,10,0.021097,33,1.016755,0.312028,0.39152,0.05243
10240,67,10,0.021097,124,0.990918,0.305173,0.392158,0.042778
10240,39,9,0.018987,66,1.016006,0.443088,0.443833,0.060917
10240,72,9,0.018987,78,1.023882,0.296199,0.43906,0.061388
10260,82,17,0.036403,77,1.130008,0.382581,0.484433,0.055697
10260,99,17,0.036403,252,1.127677,0.356446,0.368618,0.069717
10260,70,15,0.03212,189,1.184548,0.371624,0.362316,0.038107
10260,18,10,0.021413,33,1.016755,0.312028,0.39152,0.05243
10260,67,10,0.021413,124,0.990918,0.305173,0.392158,0.042778
10260,11,9,0.019272,53,0.99147,0.325316,0.404682,0.047618
10260,37,9,0.019272,100,0.992001,0.312514,0.350171,0.043803
10260,39,9,0.019272,66,1.016006,0.443088,0.443833,0.060917
10280,82,17,0.036957,77,1.130008,0.382581,0.484433,0.055697
10280,99,16,0.034783,253,1.107138,0.354014,0.370171,0.069549
10280,70,14,0.030435,190,1.189114,0.375468,0.363514,0.038333
10280,73,11,0.023913,36,1.013811,0.373924,0.347331,0.061533
10280,18,10,0.021739,33,1.016755,0.312028,0.39152,0.05243
10280,67,10,0.021739,124,0.990918,0.305173,0.392158,0.042778
10280,21,9,0.019565,37,0.990952,0.321526,0.401921,0.048728
10280,37,9,0.019565,100,0.992001,0.312514,0.350171,0.043803
10300,82,18,0.03913,78,1.126281,0.377245,0.479777,0.055589
10300,99,16,0.034783,253,1.107138,0.354014,0.370171,0.069549
10300,70,14,0.030435,190,1.189114,0.375468,0.363514,0.038333
10300,73,11,0.023913,36,1.013811,0.373924,0.347331,0.061533
10300,18,9,0.019565,33,1.028528,0.309031,0.39331,0.052993
10300,21,9,0.019565,37,0.990952,0.321526,0.401921,0.048728
10300,37,9,0.019565,100,0.992001,0.312514,0.350171,0.043803
10300,39,9,0.019565,66,1.016006,0.443088,0.443833,0.060917
10320,82,17,0.036797,78,1.132838,0.381331,0.481889,0.055561
10320,99,17,0.036797,254,1.099718,0.357536,0.370094,0.070075
10320,70,14,0.030303,190,1.189114,0.375468,0.363514,0.038333
10320,73,11,0.02381,36,1.013811,0.373924,0.347331,0.061533
10320,18,9,0.019481,33,1.028528,0.309031,0.39331,0.052993
10320,21,9,0.019481,37,0.990952,0.321526,0.401921,0.048728
10320,37,9,0.019481,100,0.992001,0.312514,0.350171,0.043803
10320,39,9,0.019481,66,1.016006,0.443088,0.443833,0.060917
10340,99,18,0.03838,256,1.098677,0.357028,0.371277,0.069421
10340,82,17,0.036247,78,1.132838,0.381331,0.481889,0.055561
10340,70,16,0.034115,192,1.20775,0.373989,0.354132,0.037061
10340,71,11,0.023454,57,0.979203,0.342525,0.319923,0.055267
10340,73,11,0.023454,36,1.013811,0.373924,0.347331,0.061533
10340,18,9,0.01919,33,1.028528,0.309031,0.39331,0.052993
10340,21,9,0.01919,37,0.990952,0.321526,0.401921,0.048728
10340,37,9,0.01919,100,0.992001,0.312514,0.350171,0.043803
10360,82,18,0.038793,79,1.131083,0.378289,0.479541,0.055311
10360,99,17,0.036638,256,1.094753,0.357781,0.368742,0.071115
10360,70,15,0.032328,192,1.211945,0.377088,0.356338,0.03677
10360,71,11,0.023707,57,0.979203,0.342525,0.319923,0.055267
10360,73,11,0.023707,36,1.013811,0.373924,0.347331,0.061533
10360,18,9,0.019397,33,1.028528,0.309031,0.39331,0.052993
10360,21,9,0.019397,37,0.990952,0.321526,0.401921,0.048728
10360,39,9,0.019397,66,1.016006,0.443088,0.443833,0.060917
10380,82,17,0.036717,79,1.135725,0.38035,0.479257,0.055654
10380,99,16,0.034557,256,1.106058,0.353991,0.369071,0.070755
10380,70,15,0.032397,192,1.211945,0.377088,0.356338,0.03677
10380,71,11,0.023758,57,0.979203,0.342525,0.319923,0.055267
10380,73,11,0.023758,36,1.013811,0.373924,0.347331,0.061533
10380,13,10,0.021598,116,0.948957,0.293277,0.428076,0.056353
10380,18,9,0.019438,33,1.028528,0.309031,0.39331,0.052993
10380,39,9,0.019438,66,1.016006,0.443088,0.443833,0.060917
10400,70,16,0.034043,194,1.203988,0.374731,0.353457,0.037098
10400,82,16,0.034043,79,1.127816,0.375775,0.482781,0.056446
10400,99,16,0.034043,257,1.112951,0.36394,0.367628,0.069506
10400,71,11,0.023404,57,0.979203,0.342525,0.319923,0.055267
10400,73,11,0.023404,36,1.013811,0.373924,0.347331,0.061533
10400,90,11,0.023404,131,1.232698,0.393295,0.397086,0.055743
10400,13,10,0.021277,116,0.948957,0.293277,0.428076,0.056353
10400,18,9,0.019149,33,1.028528,0.309031,0.39331,0.052993
10420,82,16,0.034261,79,1.127816,0.375775,0.482781,0.056446
10420,99,16,0.034261,257,1.112951,0.36394,0.367628,0.069506
10420,70,15,0.03212,194,1.205459,0.375597,0.353295,0.037008
10420,90,11,0.023555,131,1.232698,0.393295,0.397086,0.055743
10420,13,10,0.021413,116,0.948957,0.293277,0.428076,0.056353
10420,71,10,0.021413,57,0.995517,0.342868,0.323784,0.054761
10420,73,10,0.021413,36,1.030509,0.376361,0.351187,0.060855
10420,18,9,0.019272,33,1.028528,0.309031,0.39331,0.052993
10440,82,17,0.036559,81,1.141104,0.378962,0.47415,0.056005
10440,99,17,0.036559,258,1.117781,0.361409,0.369993,0.06759
10440,70,15,0.032258,195,1.192016,0.380034,0.356492,0.036884
10440,71,10,0.021505,57,0.995517,0.342868,0.323784,0.054761
10440,73,10,0.021505,36,1.030509,0.376361,0.351187,0.060855
10440,90,10,0.021505,131,1.232262,0.400683,0.39164,0.056769
10440,96,10,0.021505,86,0.901578,0.399942,0.439829,0.033837
10440,13,9,0.019355,116,0.940433,0.294682,0.431271,0.056646
10460,70,17,0.036638,197,1.199573,0.374052,0.348171,0.036388
10460,82,17,0.036638,81,1.141104,0.378962,0.47415,0.056005
10460,99,17,0.036638,258,1.117781,0.361409,0.369993,0.06759
10460,71,10,0.021552,57,0.995517,0.342868,0.323784,0.054761
10460,73,10,0.021552,36,1.030509,0.376361,0.351187,0.060855
10460,13,9,0.019397,116,0.940433,0.294682,0.431271,0.056646
10460,39,9,0.019397,67,1.017308,0.437806,0.442395,0.060038
10460,50,9,0.019397,49,0.926879,0.355511,0.423623,0.048994
10480,70,17,0.036717,198,1.192507,0.371184,0.350804,0.0372
10480,82,16,0.034557,81,1.132959,0.375815,0.477565,0.056884
10480,99,16,0.034557,258,1.1115,0.359415,0.374215,0.065984
10480,71,10,0.021598,57,0.995517,0.342868,0.323784,0.054761
10480,73,10,0.021598,36,1.030509,0.376361,0.351187,0.060855
10480,13,9,0.019438,116,0.940433,0.294682,0.431271,0.056646
10480,39,9,0.019438,67,1.017308,0.437806,0.442395,0.060038
10480,50,9,0.019438,49,0.926879,0.355511,0.423623,0.048994
10500,99,17,0.036876,259,1.110768,0.365577,0.373973,0.065455
10500,70,16,0.034707,198,1.183613,0.371243,0.355404,0.037794
10500,82,16,0.034707,82,1.134697,0.3777,0.47764,0.056917
10500,13,10,0.021692,117,0.945165,0.291506,0.434112,0.056376
10500,39,10,0.021692,68,1.016845,0.436845,0.43924,0.060151
10500,71,10,0.021692,57,0.995517,0.342868,0.323784,0.054761
10500,73,10,0.021692,36,1.030509,0.376361,0.351187,0.060855
10500,74,9,0.019523,81,1.037168,0.315969,0.38366,0.051277
10520,82,17,0.037199,83,1.136274,0.382007,0.472731,0.056561
10520,99,17,0.037199,259,1.110768,0.365577,0.373973,0.065455
10520,70,14,0.030635,199,1.164026,0.381179,0.368411,0.037262
10520,13,10,0.021882,117,0.945165,0.291506,0.434112,0.056376
10520,39,10,0.021882,68,1.016845,0.436845,0.43924,0.060151
10520,96,10,0.021882,87,0.90544,0.397054,0.442274,0.034262
10520,71,9,0.019694,57,1.001276,0.340898,0.322774,0.054216
10520,73,9,0.019694,36,1.024152,0.379701,0.349404,0.060856
10540,82,17,0.036957,83,1.136274,0.382007,0.472731,0.056561
10540,70,15,0.032609,200,1.161539,0.386523,0.372613,0.037034
10540,99,15,0.032609,259,1.108072,0.359584,0.374418,0.066462
10540,13,10,0.021739,117,0.945165,0.291506,0.434112,0.056376
10540,39,10,0.021739,68,1.016845,0.436845,0.43924,0.060151
10540,11,9,0.019565,54,0.988355,0.324107,0.401063,0.04744
10540,71,9,0.019565,57,1.001276,0.340898,0.322774,0.054216
10540,73,9,0.019565,36,1.024152,0.379701,0.349404,0.060856
10560,82,18,0.03956,84,1.130157,0.379176,0.471435,0.055906
10560,70,15,0.032967,200,1.161539,0.386523,0.372613,0.037034
10560,99,14,0.030769,260,1.109419,0.37021,0.375046,0.069051
10560,11,9,0.01978,54,0.988355,0.324107,0.401063,0.04744
10560,39,9,0.01978,68,1.023145,0.438318,0.447383,0.06057
10560,67,9,0.01978,127,0.994481,0.305591,0.389106,0.044867
10560,73,9,0.01978,36,1.024152,0.379701,0.349404,0.060856
10560,86,9,0.01978,49,1.047628,0.341165,0.356989,0.046806
10580,82,17,0.037037,84,1.131857,0.382271,0.473306,0.056191
10580,70,16,0.034858,201,1.162652,0.384021,0.372394,0.037411
10580,99,15,0.03268,261,1.107652,0.369607,0.374773,0.067503
10580,11,9,0.019608,54,0.988355,0.324107,0.401063,0.04744
10580,18,9,0.019608,34,1.044142,0.31383,0.397085,0.052707
10580,39,9,0.019608,68,1.023145,0.438318,0.447383,0.06057
10580,50,9,0.019608,50,0.941928,0.358041,0.426565,0.049183
10580,67,9,0.019608,127,0.994481,0.305591,0.389106,0.044867
10600,82,18,0.038793,85,1.133525,0.383942,0.46749,0.056615
10600,99,16,0.034483,262,1.116885,0.371759,0.378116,0.067293
10600,70,15,0.032328,201,1.167764,0.380152,0.370787,0.037668
10600,86,10,0.021552,50,1.052103,0.339192,0.354218,0.046952
10600,90,10,0.021552,134,1.239091,0.381416,0.38879,0.054667
10600,11,9,0.019397,54,0.988355,0.324107,0.401063,0.04744
10600,18,9,0.019397,34,1.044142,0.31383,0.397085,0.052707
10600,39,9,0.019397,68,1.023145,0.438318,0.447383,0.06057
10620,82,18,0.03913,85,1.133525,0.383942,0.46749,0.056615
10620,99,16,0.034783,262,1.116885,0.371759,0.378116,0.067293
10620,70,15,0.032609,201,1.167764,0.380152,0.370787,0.037668
10620,67,10,0.021739,128,0.992282,0.304348,0.389273,0.044404
10620,86,10,0.021739,50,1.052103,0.339192,0.354218,0.046952
10620,90,10,0.021739,134,1.239091,0.381416,0.38879,0.054667
10620,11,9,0.019565,54,0.988355,0.324107,0.401063,0.04744
10620,18,9,0.019565,34,1.044142,0.31383,0.397085,0.052707
10640,70,16,0.034557,202,1.165432,0.386173,0.373263,0.037296
10640,82,16,0.034557,86,1.121165,0.381484,0.470144,0.058324
10640,99,15,0.032397,262,1.111673,0.375147,0.376135,0.069317
10640,67,11,0.023758,129,0.989749,0.305746,0.386439,0.044229
10640,11,10,0.021598,55,0.983048,0.326987,0.403271,0.046914
10640,86,10,0.021598,50,1.052103,0.339192,0.354218,0.046952
10640,90,10,0.021598,134,1.239091,0.381416,0.38879,0.054667
10640,18,9,0.019438,34,1.044142,0.31383,0.397085,0.052707
10660,99,17,0.036559,264,1.093184,0.374374,0.374999,0.068578
10660,82,16,0.034409,86,1.121165,0.381484,0.470144,0.058324
10660,70,14,0.030108,202,1.164015,0.384805,0.369623,0.037109
10660,73,11,0.023656,38,1.003569,0.376553,0.336988,0.060885
10660,11,10,0.021505,55,0.983048,0.326987,0.403271,0.046914
10660,67,10,0.021505,129,0.984922,0.305689,0.386869,0.042879
10660,86,10,0.021505,50,1.052103,0.339192,0.354218,0.046952
10660,90,10,0.021505,135,1.230911,0.391777,0.379613,0.052963
10680,82,17,0.036247,87,1.122055,0.38715,0.464212,0.057935
10680,99,17,0.036247,265,1.088805,0.368927,0.375921,0.070054
10680,70,13,0.027719,202,1.160013,0.389719,0.375404,0.037472
10680,73,13,0.027719,40,1.041671,0.369783,0.344035,0.061194
10680,90,11,0.023454,136,1.233533,0.394779,0.381734,0.053471
10680,11,10,0.021322,55,0.983048,0.326987,0.403271,0.046914
10680,86,10,0.021322,50,1.052103,0.339192,0.354218,0.046952
10680,18,9,0.01919,34,1.044142,0.31383,0.397085,0.052707
10700,82,16,0.033898,87,1.113709,0.384606,0.47075,0.058455
10700,99,16,0.033898,265,1.095577,0.365273,0.377826,0.069824
10700,70,13,0.027542,202,1.160013,0.389719,0.375404,0.037472
10700,73,12,0.025424,40,1.048375,0.369897,0.349612,0.061326
10700,90,11,0.023305,136,1.233533,0.394779,0.381734,0.053471
10700,11,10,0.021186,55,0.983048,0.326987,0.403271,0.046914
10700,18,9,0.019068,34,1.044142,0.31383,0.397085,0.052707
10700,39,9,0.019068,68,1.023145,0.438318,0.447383,0.06057
10720,99,17,0.035565,266,1.080585,0.36451,0.376646,0.070574
10720,70,16,0.033473,205,1.168485,0.389688,0.369609,0.036666
10720,82,16,0.033473,87,1.113709,0.384606,0.47075,0.058455
10720,73,11,0.023013,40,1.06017,0.373162,0.35621,0.061194
10720,90,11,0.023013,136,1.233533,0.394779,0.381734,0.053471
10720,86,10,0.020921,51,1.034984,0.334616,0.353695,0.046938
10720,11,9,0.018828,55,0.981143,0.32864,0.407783,0.047595
10720,18,9,0.018828,34,1.044142,0.31383,0.397085,0.052707
10740,70,18,0.0375,207,1.186379,0.385466,0.359859,0.036003
10740,82,16,0.033333,87,1.113709,0.384606,0.47075,0.058455
10740,99,16,0.033333,266,1.074663,0.37025,0.378675,0.069281
10740,73,11,0.022917,40,1.06017,0.373162,0.35621,0.061194
10740,90,11,0.022917,136,1.233533,0.394779,0.381734,0.053471
10740,50,10,0.020833,51,0.933322,0.363447,0.427065,0.04946
10740,86,10,0.020833,51,1.034984,0.334616,0.353695,0.046938
10740,11,9,0.01875,55,0.981143,0.32864,0.407783,0.047595
10760,70,17,0.035491,207,1.189888,0.381002,0.355649,0.03613
10760,82,17,0.035491,88,1.128628,0.387155,0.468314,0.057511
10760,99,16,0.033403,266,1.074663,0.37025,0.378675,0.069281
10760,50,10,0.020877,51,0.933322,0.363447,0.427065,0.04946
10760,90,10,0.020877,136,1.220306,0.395159,0.375771,0.053229
10760,11,9,0.018789,55,0.981143,0.32864,0.407783,0.047595
10760,18,9,0.018789,34,1.044142,0.31383,0.397085,0.052707
10760,39,9,0.018789,68,1.023145,0.438318,0.447383,0.06057
10780,70,16,0.033403,207,1.187379,0.38341,0.358953,0.036169
10780,82,16,0.033403,88,1.129069,0.38701,0.459516,0.057082
10780,99,16,0.033403,267,1.069742,0.36954,0.37687,0.072367
10780,50,10,0.020877,51,0.933322,0.363447,0.427065,0.04946
10780,90,10,0.020877,136,1.220306,0.395159,0.375771,0.053229
10780,11,9,0.018789,55,0.981143,0.32864,0.407783,0.047595
10780,18,9,0.018789,34,1.044142,0.31383,0.397085,0.052707
10780,37,9,0.018789,103,1.00524,0.309415,0.357949,0.046181
10800,70,18,0.037344,209,1.171445,0.388555,0.366549,0.036617
10800,99,17,0.03527,269,1.060358,0.375962,0.375073,0.073597
10800,82,16,0.033195,88,1.129069,0.38701,0.459516,0.057082
10800,50,10,0.020747,51,0.933322,0.363447,0.427065,0.04946
10800,90,10,0.020747,136,1.220306,0.395159,0.375771,0.053229
10800,11,9,0.018672,55,0.981143,0.32864,0.407783,0.047595
10800,18,9,0.018672,34,1.044142,0.31383,0.397085,0.052707
10800,45,9,0.018672,69,1.102979,0.326934,0.349774,0.061014
10820,99,17,0.035052,270,1.064387,0.378531,0.37524,0.070256
10820,70,16,0.03299,209,1.165506,0.393121,0.372357,0.036819
10820,82,16,0.03299,88,1.129069,0.38701,0.459516,0.057082
10820,50,11,0.02268,52,0.935113,0.361648,0.42826,0.048994
10820,98,10,0.020619,39,0.976524,0.345003,0.407141,0.05148
10820,11,9,0.018557,55,0.981143,0.32864,0.407783,0.047595
10820,18,9,0.018557,34,1.044142,0.31383,0.397085,0.052707
10820,45,9,0.018557,69,1.102979,0.326934,0.349774,0.061014
10840,82,17,0.035565,89,1.133396,0.389684,0.455459,0.057433
10840,99,17,0.035565,270,1.064387,0.378531,0.37524,0.070256
10840,70,15,0.031381,209,1.16892,0.397539,0.374257,0.03592
10840,50,11,0.023013,52,0.935113,0.361648,0.42826,0.048994
10840,98,10,0.020921,39,0.976524,0.345003,0.407141,0.05148
10840,11,9,0.018828,55,0.981143,0.32864,0.407783,0.047595
10840,18,9,0.018828,35,1.026546,0.314919,0.386575,0.053641
10840,37,9,0.018828,104,1.003146,0.305085,0.35697,0.047305
10860,82,17,0.035714,89,1.133396,0.389684,0.455459,0.057433
10860,99,17,0.035714,270,1.064387,0.378531,0.37524,0.070256
10860,70,15,0.031513,211,1.187855,0.38996,0.365842,0.035755
10860,50,11,0.023109,52,0.935113,0.361648,0.42826,0.048994
10860,67,10,0.021008,133,1.01682,0.309523,0.392035,0.043787
10860,98,10,0.021008,39,0.976524,0.345003,0.407141,0.05148
10860,11,9,0.018908,55,0.981143,0.32864,0.407783,0.047595
10860,13,9,0.018908,120,0.949165,0.29084,0.428195,0.056326
10880,99,17,0.036481,271,1.058639,0.369355,0.375089,0.070404
10880,70,16,0.034335,212,1.182125,0.394947,0.36905,0.035566
10880,82,16,0.034335,89,1.131639,0.385857,0.459288,0.057843
10880,13,10,0.021459,121,0.944639,0.290539,0.42624,0.055457
10880,50,10,0.021459,52,0.933397,0.361912,0.428238,0.049242
10880,96,10,0.021459,91,0.878959,0.392488,0.429647,0.036955
10880,98,10,0.021459,39,0.976524,0.345003,0.407141,0.05148
10880,11,9,0.019313,56,0.990918,0.328147,0.406542,0.047883
10900,82,17,0.036797,90,1.137181,0.385618,0.454897,0.058058
10900,70,15,0.032468,212,1.167568,0.398223,0.374141,0.035639
10900,99,15,0.032468,271,1.081697,0.37072,0.377915,0.069798
10900,13,11,0.02381,122,0.94064,0.290736,0.430944,0.056453
10900,50,10,0.021645,52,0.933397,0.361912,0.428238,0.049242
10900,96,10,0.021645,91,0.878959,0.392488,0.429647,0.036955
10900,98,10,0.021645,39,0.976524,0.345003,0.407141,0.05148
10900,11,9,0.019481,56,0.990918,0.328147,0.406542,0.047883
10920,82,18,0.038961,91,1.136111,0.385705,0.459307,0.059796
10920,99,16,0.034632,272,1.091046,0.376898,0.377791,0.068939
10920,70,14,0.030303,212,1.170019,0.393804,0.369963,0.036138
10920,13,11,0.02381,122,0.94064,0.290736,0.430944,0.056453
10920,50,10,0.021645,52,0.933397,0.361912,0.428238,0.049242
10920,98,10,0.021645,39,0.976524,0.345003,0.407141,0.05148
10920,11,9,0.019481,56,0.990918,0.328147,0.406542,0.047883
10920,18,9,0.019481,35,1.026546,0.314919,0.386575,0.053641
10940,82,20,0.043478,93,1.140027,0.390908,0.467193,0.06146
10940,99,16,0.034783,272,1.091046,0.376898,0.377791,0.068939
10940,70,15,0.032609,213,1.167163,0.390604,0.367396,0.036424
10940,50,10,0.021739,52,0.933397,0.361912,0.428238,0.049242
10940,98,10,0.021739,39,0.976524,0.345003,0.407141,0.05148
10940,13,9,0.019565,122,0.932565,0.290553,0.428572,0.057564
10940,18,9,0.019565,35,1.026546,0.314919,0.386575,0.053641
10940,39,9,0.019565,69,1.037817,0.438246,0.453578,0.061216
10960,82,18,0.039216,93,1.136757,0.383772,0.47689,0.061912
10960,99,16,0.034858,272,1.091046,0.376898,0.377791,0.068939
10960,70,15,0.03268,214,1.156997,0.400209,0.376891,0.036316
10960,13,10,0.021786,123,0.938683,0.287267,0.433578,0.05789
10960,98,10,0.021786,39,0.976524,0.345003,0.407141,0.05148
10960,18,9,0.019608,35,1.026546,0.314919,0.386575,0.053641
10960,29,9,0.019608,40,0.973722,0.320656,0.407138,0.046443
10960,39,9,0.019608,69,1.037817,0.438246,0.453578,0.061216
10980,82,18,0.038877,93,1.136757,0.383772,0.47689,0.061912
10980,70,17,0.036717,216,1.182121,0.395406,0.36704,0.035532
10980,99,16,0.034557,272,1.091046,0.376898,0.377791,0.068939
10980,98,11,0.023758,40,0.982985,0.342402,0.408469,0.051118
10980,13,10,0.021598,123,0.938683,0.287267,0.433578,0.05789
10980,18,10,0.021598,36,1.031576,0.311641,0.388996,0.05351
10980,73,10,0.021598,42,1.090843,0.365636,0.369359,0.05904
10980,29,9,0.019438,40,0.973722,0.320656,0.407138,0.046443
11000,82,18,0.038877,93,1.136757,0.383772,0.47689,0.061912
11000,99,16,0.034557,273,1.094086,0.366995,0.378457,0.070341
11000,70,15,0.032397,216,1.178807,0.395674,0.36872,0.035667
11000,73,12,0.025918,44,1.057122,0.367787,0.352799,0.05794
11000,98,11,0.023758,41,0.997815,0.336069,0.400285,0.050087
11000,13,10,0.021598,123,0.938683,0.287267,0.433578,0.05789
11000,18,10,0.021598,36,1.031576,0.311641,0.388996,0.05351
11000,29,9,0.019438,40,0.973722,0.320656,0.407138,0.046443
11020,82,18,0.038298,94,1.153876,0.392943,0.469384,0.059672
11020,70,15,0.031915,216,1.178807,0.395674,0.36872,0.035667
11020,99,15,0.031915,273,1.103858,0.3769,0.379505,0.06729
11020,73,12,0.025532,44,1.057122,0.367787,0.352799,0.05794
11020,98,12,0.025532,42,1.003965,0.333425,0.403589,0.049664
11020,90,11,0.023404,141,1.20945,0.38029,0.391815,0.0557
11020,13,10,0.021277,123,0.938683,0.287267,0.433578,0.05789
11020,18,10,0.021277,36,1.031576,0.311641,0.388996,0.05351
11040,82,17,0.036093,94,1.141319,0.390884,0.47174,0.060688
11040,99,16,0.03397,274,1.101353,0.375794,0.378167,0.065458
11040,70,15,0.031847,216,1.178807,0.395674,0.36872,0.035667
11040,73,12,0.025478,44,1.057122,0.367787,0.352799,0.05794
11040,98,12,0.025478,42,1.003965,0.333425,0.403589,0.049664
11040,39,10,0.021231,70,1.024604,0.442505,0.449439,0.061155
11040,67,10,0.021231,136,0.99289,0.311886,0.390278,0.044886
11040,90,10,0.021231,141,1.206401,0.380357,0.39183,0.05523
11060,82,17,0.035639,94,1.141319,0.390884,0.47174,0.060688
11060,99,17,0.035639,275,1.096932,0.374446,0.37432,0.068418
11060,70,16,0.033543,217,1.173866,0.399784,0.371718,0.035414
11060,73,12,0.025157,44,1.057122,0.367787,0.352799,0.05794
11060,98,12,0.025157,42,1.003965,0.333425,0.403589,0.049664
11060,39,10,0.020964,70,1.024604,0.442505,0.449439,0.061155
11060,90,10,0.020964,141,1.206401,0.380357,0.39183,0.05523
11060,96,10,0.020964,93,0.865906,0.39483,0.428724,0.035893
11080,70,18,0.037736,219,1.190525,0.393963,0.362319,0.036125
11080,82,18,0.037736,95,1.129519,0.393062,0.474261,0.062052
11080,99,15,0.031447,276,1.11265,0.378738,0.374619,0.070731
11080,98,13,0.027254,43,1.008282,0.328418,0.403028,0.04895
11080,73,11,0.023061,44,1.070774,0.364277,0.359399,0.058238
11080,90,10,0.020964,141,1.206401,0.380357,0.39183,0.05523
11080,96,10,0.020964,93,0.865906,0.39483,0.428724,0.035893
11080,18,9,0.018868,36,1.044639,0.307236,0.393971,0.053002
11100,70,18,0.037578,219,1.190525,0.393963,0.362319,0.036125
11100,82,18,0.037578,95,1.129519,0.393062,0.474261,0.062052
11100,99,14,0.029228,276,1.113896,0.376694,0.372147,0.071098
11100,98,13,0.02714,43,1.008282,0.328418,0.403028,0.04895
11100,64,10,0.020877,79,1.240751,0.312702,0.369633,0.037663
11100,73,10,0.020877,44,1.090843,0.365636,0.369359,0.05904
11100,90,10,0.020877,141,1.206401,0.380357,0.39183,0.05523
11100,96,10,0.020877,93,0.865906,0.39483,0.428724,0.035893
11120,70,18,0.037344,219,1.190525,0.393963,0.362319,0.036125
11120,82,18,0.037344,95,1.129519,0.393062,0.474261,0.062052
11120,99,15,0.03112,277,1.10553,0.376692,0.378367,0.072133
11120,98,12,0.024896,43,1.014848,0.324424,0.407229,0.049441
11120,64,10,0.020747,79,1.240751,0.312702,0.369633,0.037663
11120,73,10,0.020747,44,1.090843,0.365636,0.369359,0.05904
11120,90,10,0.020747,141,1.206401,0.380357,0.39183,0.05523
11120,21,9,0.018672,40,0.993221,0.331148,0.395664,0.050459
11140,82,19,0.039916,96,1.139066,0.394686,0.469188,0.061454
11140,70,15,0.031513,219,1.157946,0.401077,0.376721,0.036575
11140,99,15,0.031513,278,1.102521,0.380207,0.375081,0.071633
11140,98,11,0.023109,43,1.012665,0.327176,0.41114,0.04979
11140,64,10,0.021008,79,1.240751,0.312702,0.369633,0.037663
11140,73,10,0.021008,44,1.090843,0.365636,0.369359,0.05904
11140,90,10,0.021008,141,1.206401,0.380357,0.39183,0.05523
11140,29,9,0.018908,40,0.973722,0.320656,0.407138,0.046443
11160,82,20,0.042194,97,1.145165,0.391507,0.475126,0.062742
11160,70,15,0.031646,219,1.157946,0.401077,0.376721,0.036575
11160,99,15,0.031646,278,1.102521,0.380207,0.375081,0.071633
11160,64,10,0.021097,79,1.240751,0.312702,0.369633,0.037663
11160,71,10,0.021097,60,1.028509,0.33892,0.321899,0.053712
11160,73,10,0.021097,44,1.090843,0.365636,0.369359,0.05904
11160,90,10,0.021097,141,1.206401,0.380357,0.39183,0.05523
11160,98,10,0.021097,43,1.00677,0.32946,0.40826,0.050269
11180,82,20,0.042553,97,1.145165,0.391507,0.475126,0.062742
11180,70,15,0.031915,219,1.157946,0.401077,0.376721,0.036575
11180,99,15,0.031915,278,1.102521,0.380207,0.375081,0.071633
11180,71,11,0.023404,61,1.02743,0.337632,0.322635,0.054628
11180,90,11,0.023404,142,1.216422,0.385786,0.391458,0.054669
11180,98,10,0.021277,43,1.00677,0.32946,0.40826,0.050269
11180,39,9,0.019149,71,1.014624,0.440145,0.438163,0.058273
11180,64,9,0.019149,79,1.255572,0.309488,0.367325,0.036649
11200,82,20,0.042283,98,1.147218,0.393014,0.476458,0.062012
11200,70,16,0.033827,221,1.169354,0.399654,0.373296,0.035366
11200,99,16,0.033827,279,1.100767,0.383941,0.374006,0.071772
11200,71,11,0.023256,61,1.02743,0.337632,0.322635,0.054628
11200,90,11,0.023256,143,1.190432,0.394517,0.384461,0.051975
11200,98,10,0.021142,43,1.00677,0.32946,0.40826,0.050269
11200,39,9,0.019027,71,1.014624,0.440145,0.438163,0.058273
11200,64,9,0.019027,79,1.255572,0.309488,0.367325,0.036649
11220,82,20,0.042194,98,1.147218,0.393014,0.476458,0.062012
11220,70,16,0.033755,221,1.169354,0.399654,0.373296,0.035366
11220,99,16,0.033755,280,1.110669,0.389327,0.368505,0.07028
11220,71,11,0.023207,61,1.02743,0.337632,0.322635,0.054628
11220,90,11,0.023207,143,1.190432,0.394517,0.384461,0.051975
11220,39,10,0.021097,72,1.002255,0.439762,0.433122,0.057849
11220,98,10,0.021097,43,1.00677,0.32946,0.40826,0.050269
11220,67,9,0.018987,139,0.991894,0.318776,0.38422,0.046833
11240,82,18,0.037578,98,1.154793,0.395223,0.465755,0.060562
11240,70,16,0.033403,221,1.169354,0.399654,0.373296,0.035366
11240,99,16,0.033403,280,1.110669,0.389327,0.368505,0.07028
11240,71,11,0.022965,61,1.02743,0.337632,0.322635,0.054628
11240,90,11,0.022965,143,1.190432,0.394517,0.384461,0.051975
11240,39,10,0.020877,72,1.002255,0.439762,0.433122,0.057849
11240,98,10,0.020877,43,1.00677,0.32946,0.40826,0.050269
11240,0,9,0.018789,58,0.92414,0.414528,0.392665,0.03903
11260,82,18,0.037815,98,1.154793,0.395223,0.465755,0.060562
11260,70,16,0.033613,221,1.169354,0.399654,0.373296,0.035366
11260,99,16,0.033613,281,1.104767,0.382606,0.368406,0.069206
11260,71,11,0.023109,61,1.02743,0.337632,0.322635,0.054628
11260,39,10,0.021008,72,1.002255,0.439762,0.433122,0.057849
11260,90,10,0.021008,143,1.189868,0.39245,0.379013,0.050328
11260,98,10,0.021008,43,1.00677,0.32946,0.40826,0.050269
11260,0,9,0.018908,58,0.92414,0.414528,0.392665,0.03903
11280,82,18,0.037895,98,1.154793,0.395223,0.465755,0.060562
11280,70,15,0.031579,221,1.174232,0.394981,0.370372,0.035542
11280,99,14,0.029474,281,1.104743,0.382262,0.366083,0.071883
11280,39,10,0.021053,72,1.002255,0.439762,0.433122,0.057849
11280,71,10,0.021053,61,1.025141,0.335761,0.323566,0.055516
11280,96,10,0.021053,95,0.862798,0.401026,0.431893,0.034047
11280,98,10,0.021053,43,1.00677,0.32946,0.40826,0.050269
11280,0,9,0.018947,58,0.92414,0.414528,0.392665,0.03903
11300,82,18,0.0375,98,1.154793,0.395223,0.465755,0.060562
11300,70,15,0.03125,221,1.174232,0.394981,0.370372,0.035542
11300,99,15,0.03125,282,1.101877,0.382275,0.368645,0.072673
11300,39,10,0.020833,72,1.002255,0.439762,0.433122,0.057849
11300,71,10,0.020833,61,1.025141,0.335761,0.323566,0.055516
11300,90,10,0.020833,144,1.206089,0.394335,0.379033,0.050571
11300,96,10,0.020833,95,0.862798,0.401026,0.431893,0.034047
11300,98,10,0.020833,43,1.00677,0.32946,0.40826,0.050269
11320,82,19,0.039916,99,1.159996,0.395253,0.459878,0.061146
11320,70,16,0.033613,222,1.176922,0.388967,0.369177,0.03635
11320,99,16,0.033613,283,1.097744,0.386986,0.367285,0.071415
11320,39,10,0.021008,72,1.002255,0.439762,0.433122,0.057849
11320,96,10,0.021008,95,0.862798,0.401026,0.431893,0.034047
11320,98,10,0.021008,43,1.00677,0.32946,0.40826,0.050269
11320,0,9,0.018908,58,0.92414,0.414528,0.392665,0.03903
11320,11,9,0.018908,57,0.978414,0.330568,0.406595,0.047
11340,82,19,0.039832,99,1.159996,0.395253,0.459878,0.061146
11340,99,17,0.035639,285,1.099094,0.378132,0.368619,0.069744
11340,70,15,0.031447,222,1.168925,0.390879,0.373701,0.036864
11340,86,10,0.020964,54,1.051403,0.336864,0.357955,0.047543
11340,96,10,0.020964,95,0.862798,0.401026,0.431893,0.034047
11340,98,10,0.020964,43,1.00677,0.32946,0.40826,0.050269
11340,11,9,0.018868,57,0.978414,0.330568,0.406595,0.047
11340,13,9,0.018868,126,0.96677,0.293759,0.426418,0.055257
11360,82,18,0.037657,99,1.150677,0.391279,0.46349,0.061964
11360,99,17,0.035565,285,1.099094,0.378132,0.368619,0.069744
11360,70,15,0.031381,222,1.168925,0.390879,0.373701,0.036864
11360,11,11,0.023013,59,0.972508,0.328989,0.402066,0.046221
11360,50,10,0.020921,54,0.925015,0.364726,0.426563,0.049581
11360,86,10,0.020921,54,1.051403,0.336864,0.357955,0.047543
11360,96,10,0.020921,95,0.862798,0.401026,0.431893,0.034047
11360,98,10,0.020921,43,1.00677,0.32946,0.40826,0.050269
11380,82,19,0.040169,100,1.162104,0.395908,0.468287,0.062815
11380,99,18,0.038055,286,1.101959,0.379926,0.369092,0.070902
11380,70,12,0.02537,222,1.163977,0.394298,0.376232,0.03789
11380,11,11,0.023256,59,0.972508,0.328989,0.402066,0.046221
11380,13,10,0.021142,127,0.964422,0.295501,0.425901,0.053818
11380,50,10,0.021142,54,0.925015,0.364726,0.426563,0.049581
11380,86,10,0.021142,54,1.051403,0.336864,0.357955,0.047543
11380,96,10,0.021142,95,0.862798,0.401026,0.431893,0.034047
11400,82,18,0.037113,100,1.153838,0.394352,0.47331,0.063489
11400,99,17,0.035052,287,1.106846,0.380021,0.372816,0.067494
11400,70,14,0.028866,224,1.18615,0.388887,0.363973,0.037908
11400,11,11,0.02268,59,0.972508,0.328989,0.402066,0.046221
11400,98,11,0.02268,44,1.00998,0.330443,0.409842,0.049547
11400,13,10,0.020619,127,0.964422,0.295501,0.425901,0.053818
11400,50,10,0.020619,54,0.925015,0.364726,0.426563,0.049581
11400,86,10,0.020619,54,1.051403,0.336864,0.357955,0.047543
11420,82,18,0.036437,100,1.153838,0.394352,0.47331,0.063489
11420,99,17,0.034413,287,1.106846,0.380021,0.372816,0.067494
11420,70,14,0.02834,224,1.18615,0.388887,0.363973,0.037908
11420,11,11,0.022267,59,0.972508,0.328989,0.402066,0.046221
11420,98,11,0.022267,44,1.00998,0.330443,0.409842,0.049547
11420,13,10,0.020243,128,0.966783,0.295566,0.426652,0.055212
11420,39,10,0.020243,73,0.971211,0.444801,0.425782,0.057442
11420,50,10,0.020243,54,0.925015,0.364726,0.426563,0.049581
11440,82,18,0.03666,100,1.153838,0.394352,0.47331,0.063489
11440,99,18,0.03666,288,1.10471,0.376832,0.374101,0.06687
11440,70,15,0.03055,225,1.182645,0.395298,0.370061,0.037533
11440,98,11,0.022403,44,1.00998,0.330443,0.409842,0.049547
11440,11,10,0.020367,59,0.976465,0.326584,0.399548,0.046097
11440,13,10,0.020367,128,0.966783,0.295566,0.426652,0.055212
11440,50,10,0.020367,54,0.925015,0.364726,0.426563,0.049581
11440,86,10,0.020367,54,1.051403,0.336864,0.357955,0.047543
11460,82,18,0.036735,100,1.153838,0.394352,0.47331,0.063489
11460,99,18,0.036735,288,1.10471,0.376832,0.374101,0.06687
11460,70,14,0.028571,225,1.176629,0.397685,0.376089,0.037952
11460,13,12,0.02449,130,0.958503,0.297925,0.421267,0.055677
11460,98,11,0.022449,44,1.00998,0.330443,0.409842,0.049547
11460,11,10,0.020408,59,0.976465,0.326584,0.399548,0.046097
11460,73,10,0.020408,46,1.090596,0.373815,0.375807,0.058651
11460,86,10,0.020408,54,1.051403,0.336864,0.357955,0.047543
11480,82,18,0.036511,100,1.153838,0.394352,0.47331,0.063489
11480,99,18,0.036511,289,1.103388,0.37736,0.374048,0.067206
11480,70,14,0.028398,227,1.199092,0.3943,0.362353,0.036274
11480,13,12,0.024341,130,0.958503,0.297925,0.421267,0.055677
11480,73,12,0.024341,48,1.062343,0.376087,0.360311,0.059285
11480,98,12,0.024341,45,0.996405,0.333217,0.415855,0.049386
11480,11,10,0.020284,59,0.976465,0.326584,0.399548,0.046097
11480,86,10,0.020284,54,1.051403,0.336864,0.357955,0.047543
11500,82,18,0.03681,100,1.153838,0.394352,0.47331,0.063489
11500,99,17,0.034765,289,1.107858,0.378415,0.372621,0.067853
11500,70,14,0.02863,227,1.199092,0.3943,0.362353,0.036274
11500,13,12,0.02454,131,0.934943,0.299451,0.413263,0.055671
11500,73,12,0.02454,48,1.062343,0.376087,0.360311,0.059285
11500,98,12,0.02454,45,0.996405,0.333217,0.415855,0.049386
11500,11,10,0.02045,59,0.976465,0.326584,0.399548,0.046097
11500,50,10,0.02045,55,0.925739,0.373957,0.429407,0.050267
11520,99,18,0.03681,290,1.10107,0.377192,0.373506,0.066764
11520,82,17,0.034765,100,1.147186,0.393318,0.476959,0.064465
11520,70,16,0.03272,229,1.195171,0.396035,0.364865,0.036706
11520,73,12,0.02454,48,1.062343,0.376087,0.360311,0.059285
11520,98,12,0.02454,45,0.996405,0.333217,0.415855,0.049386
11520,13,11,0.022495,131,0.934184,0.298384,0.412536,0.057017
11520,90,11,0.022495,148,1.233444,0.395021,0.37241,0.053536
11520,50,10,0.02045,55,0.925739,0.373957,0.429407,0.050267
11540,82,19,0.038462,102,1.158337,0.40115,0.468578,0.063342
11540,70,17,0.034413,230,1.190492,0.398111,0.369171,0.037079
11540,99,17,0.034413,290,1.102667,0.377635,0.376257,0.064411
11540,73,12,0.024291,48,1.062343,0.376087,0.360311,0.059285
11540,98,12,0.024291,45,0.996405,0.333217,0.415855,0.049386
11540,90,11,0.022267,148,1.233444,0.395021,0.37241,0.053536
11540,67,10,0.020243,143,0.992319,0.317549,0.393293,0.04605
11540,96,10,0.020243,96,0.864955,0.398824,0.43135,0.034723
11560,82,19,0.038229,102,1.158337,0.40115,0.468578,0.063342
11560,99,15,0.030181,290,1.103347,0.382892,0.376569,0.065208
11560,70,14,0.028169,230,1.172503,0.400427,0.3765,0.037584
11560,73,12,0.024145,48,1.062343,0.376087,0.360311,0.059285
11560,98,12,0.024145,45,0.996405,0.333217,0.415855,0.049386
11560,90,11,0.022133,148,1.233444,0.395021,0.37241,0.053536
11560,96,10,0.020121,96,0.864955,0.398824,0.43135,0.034723
11560,13,9,0.018109,131,0.924848,0.299762,0.405166,0.05658
11580,82,18,0.03629,102,1.153042,0.401448,0.474938,0.062879
11580,70,17,0.034274,233,1.185606,0.39297,0.36646,0.037617
11580,99,15,0.030242,290,1.103347,0.382892,0.376569,0.065208
11580,73,12,0.024194,48,1.062343,0.376087,0.360311,0.059285
11580,98,12,0.024194,45,0.996405,0.333217,0.415855,0.049386
11580,90,11,0.022177,148,1.233444,0.395021,0.37241,0.053536
11580,13,10,0.020161,132,0.921661,0.296037,0.411917,0.057181
11580,18,9,0.018145,37,1.030192,0.311329,0.392276,0.05317
11600,82,18,0.036364,102,1.153042,0.401448,0.474938,0.062879
11600,70,17,0.034343,233,1.185606,0.39297,0.36646,0.037617
11600,99,15,0.030303,291,1.103965,0.38544,0.375589,0.06476
11600,73,12,0.024242,48,1.062343,0.376087,0.360311,0.059285
11600,98,11,0.022222,45,0.992252,0.332575,0.414964,0.050027
11600,50,10,0.020202,56,0.933895,0.373655,0.430178,0.04929
11600,71,10,0.020202,64,1.007531,0.342185,0.314307,0.054862
11600,90,10,0.020202,148,1.254037,0.385385,0.378486,0.054571
11620,82,19,0.038384,103,1.157599,0.403549,0.46941,0.062665
11620,70,16,0.032323,234,1.182479,0.394893,0.371649,0.037559
11620,99,13,0.026263,291,1.105349,0.375888,0.377118,0.066861
11620,50,11,0.022222,57,0.931994,0.371566,0.431638,0.048951
11620,73,11,0.022222,48,1.076302,0.374922,0.366968,0.059006
11620,98,11,0.022222,45,0.992252,0.332575,0.414964,0.050027
11620,64,10,0.020202,84,1.232571,0.31535,0.360772,0.037031
11620,71,10,0.020202,64,1.007531,0.342185,0.314307,0.054862
11640,82,20,0.040161,104,1.165871,0.408536,0.467507,0.062156
11640,70,16,0.032129,234,1.182479,0.394893,0.371649,0.037559
11640,99,14,0.028112,292,1.113373,0.3719,0.373857,0.069632
11640,13,11,0.022088,134,0.932071,0.293077,0.416077,0.057027
11640,50,11,0.022088,57,0.931994,0.371566,0.431638,0.048951
11640,73,11,0.022088,48,1.076302,0.374922,0.366968,0.059006
11640,98,11,0.022088,45,0.992252,0.332575,0.414964,0.050027
11640,64,10,0.02008,84,1.232571,0.31535,0.360772,0.037031
11660,82,20,0.041237,104,1.165871,0.408536,0.467507,0.062156
11660,70,15,0.030928,234,1.173711,0.396135,0.377563,0.038252
11660,99,14,0.028866,292,1.113373,0.3719,0.373857,0.069632
11660,50,11,0.02268,57,0.931994,0.371566,0.431638,0.048951
11660,98,11,0.02268,45,0.992252,0.332575,0.414964,0.050027
11660,13,10,0.020619,134,0.942686,0.291501,0.420913,0.05638
11660,71,10,0.020619,64,1.007531,0.342185,0.314307,0.054862
11660,73,10,0.020619,48,1.090596,0.373815,0.375807,0.058651
11680,82,20,0.04065,104,1.165871,0.408536,0.467507,0.062156
11680,70,16,0.03252,235,1.169866,0.395318,0.382935,0.037925
11680,99,14,0.028455,292,1.113373,0.3719,0.373857,0.069632
11680,13,11,0.022358,135,0.937781,0.29427,0.419148,0.056104
11680,50,11,0.022358,57,0.931994,0.371566,0.431638,0.048951
11680,98,11,0.022358,45,0.992252,0.332575,0.414964,0.050027
11680,71,10,0.020325,64,1.007531,0.342185,0.314307,0.054862
11680,73,10,0.020325,48,1.090596,0.373815,0.375807,0.058651
11700,82,22,0.044898,106,1.166922,0.406299,0.460669,0.061039
11700,70,16,0.032653,235,1.169866,0.395318,0.382935,0.037925
11700,99,14,0.028571,292,1.113373,0.3719,0.373857,0.069632
11700,13,11,0.022449,135,0.937781,0.29427,0.419148,0.056104
11700,50,11,0.022449,57,0.931994,0.371566,0.431638,0.048951
11700,98,11,0.022449,45,0.992252,0.332575,0.414964,0.050027
11700,71,10,0.020408,64,1.007531,0.342185,0.314307,0.054862
11700,73,10,0.020408,48,1.090596,0.373815,0.375807,0.058651
11720,82,20,0.041667,106,1.148379,0.400026,0.460742,0.060293
11720,70,15,0.03125,235,1.158815,0.396826,0.388247,0.038055
11720,99,14,0.029167,292,1.113373,0.3719,0.373857,0.069632
11720,98,12,0.025,46,0.993805,0.329767,0.412112,0.049919
11720,13,11,0.022917,135,0.937781,0.29427,0.419148,0.056104
11720,50,11,0.022917,57,0.931994,0.371566,0.431638,0.048951
11720,71,10,0.020833,64,1.007531,0.342185,0.314307,0.054862
11720,73,10,0.020833,48,1.090596,0.373815,0.375807,0.058651
11740,82,20,0.041237,106,1.148379,0.400026,0.460742,0.060293
11740,99,17,0.035052,295,1.103048,0.36164,0.366993,0.073131
11740,70,15,0.030928,235,1.158815,0.396826,0.388247,0.038055
11740,98,12,0.024742,46,0.993805,0.329767,0.412112,0.049919
11740,13,11,0.02268,135,0.937781,0.29427,0.419148,0.056104
11740,50,11,0.02268,57,0.931994,0.371566,0.431638,0.048951
11740,73,10,0.020619,48,1.090596,0.373815,0.375807,0.058651
11740,94,10,0.020619,34,0.940983,0.31962,0.463769,0.049665
11760,82,18,0.037344,106,1.141369,0.403169,0.458794,0.058601
11760,70,17,0.03527,237,1.172623,0.390722,0.376352,0.038678
11760,99,17,0.03527,296,1.104251,0.361276,0.368361,0.072728
11760,98,12,0.024896,46,0.993805,0.329767,0.412112,0.049919
11760,13,11,0.022822,135,0.937781,0.29427,0.419148,0.056104
11760,50,11,0.022822,57,0.931994,0.371566,0.431638,0.048951
11760,73,11,0.022822,49,1.115448,0.375368,0.386391,0.057714
11760,94,10,0.020747,34,0.940983,0.31962,0.463769,0.049665
11780,82,19,0.039095,107,1.143288,0.405971,0.456042,0.05799
11780,99,18,0.037037,297,1.112564,0.364921,0.368259,0.072
11780,70,17,0.034979,237,1.172623,0.390722,0.376352,0.038678
11780,50,11,0.022634,57,0.931994,0.371566,0.431638,0.048951
11780,73,11,0.022634,49,1.115448,0.375368,0.386391,0.057714
11780,98,11,0.022634,46,1.007143,0.32668,0.405758,0.050129
11780,13,10,0.020576,135,0.942262,0.297446,0.413795,0.055455
11780,35,10,0.020576,74,1.005634,0.28915,0.388624,0.046753
11800,82,18,0.036735,107,1.137937,0.404005,0.460828,0.057944
11800,70,17,0.034694,237,1.172623,0.390722,0.376352,0.038678
11800,99,16,0.032653,297,1.110658,0.366035,0.368353,0.068784
11800,98,12,0.02449,47,1.010862,0.326325,0.406717,0.049797
11800,35,11,0.022449,75,1.004779,0.288069,0.387838,0.047182
11800,73,11,0.022449,49,1.115448,0.375368,0.386391,0.057714
11800,13,10,0.020408,136,0.935059,0.296955,0.410233,0.05702
11800,50,10,0.020408,57,0.932002,0.365355,0.430032,0.049189
11820,70,18,0.036885,239,1.194468,0.384582,0.363128,0.037474
11820,82,18,0.036885,107,1.137937,0.404005,0.460828,0.057944
11820,99,17,0.034836,298,1.115806,0.372525,0.368292,0.068411
11820,98,12,0.02459,47,1.010862,0.326325,0.406717,0.049797
11820,35,11,0.022541,75,1.004779,0.288069,0.387838,0.047182
11820,50,10,0.020492,57,0.932002,0.365355,0.430032,0.049189
11820,72,10,0.020492,100,1.070498,0.302029,0.438645,0.050993
11820,73,10,0.020492,49,1.094908,0.37399,0.375976,0.057745
11840,70,18,0.036585,239,1.194468,0.384582,0.363128,0.037474
11840,82,17,0.034553,107,1.141207,0.404674,0.45577,0.057979
11840,99,17,0.034553,298,1.115806,0.372525,0.368292,0.068411
11840,98,12,0.02439,47,1.010862,0.326325,0.406717,0.049797
11840,11,10,0.020325,61,0.997354,0.329135,0.400599,0.047754
11840,35,10,0.020325,75,1.009887,0.285841,0.386409,0.047288
11840,39,10,0.020325,74,0.984627,0.447342,0.432086,0.05902
11840,50,10,0.020325,57,0.932002,0.365355,0.430032,0.049189
11860,82,17,0.034979,108,1.147268,0.405703,0.462004,0.060487
11860,99,17,0.034979,298,1.115806,0.372525,0.368292,0.068411
11860,70,16,0.032922,239,1.189432,0.38976,0.369864,0.0365
11860,98,12,0.024691,47,1.010862,0.326325,0.406717,0.049797
11860,11,10,0.020576,61,0.997354,0.329135,0.400599,0.047754
11860,35,10,0.020576,75,1.009887,0.285841,0.386409,0.047288
11860,39,10,0.020576,74,0.984627,0.447342,0.432086,0.05902
11860,94,10,0.020576,34,0.940983,0.31962,0.463769,0.049665
11880,99,18,0.03629,299,1.115831,0.372958,0.370238,0.070095
11880,70,16,0.032258,239,1.189432,0.38976,0.369864,0.0365
11880,82,16,0.032258,108,1.153183,0.413432,0.466769,0.06028
11880,98,12,0.024194,47,1.010862,0.326325,0.406717,0.049797
11880,73,11,0.022177,51,1.092696,0.372357,0.372216,0.057989
11880,11,10,0.020161,61,0.997354,0.329135,0.400599,0.047754
11880,35,10,0.020161,75,1.009887,0.285841,0.386409,0.047288
11880,94,10,0.020161,34,0.940983,0.31962,0.463769,0.049665
11900,99,18,0.036364,299,1.115831,0.372958,0.370238,0.070095
11900,82,16,0.032323,108,1.153183,0.413432,0.466769,0.06028
11900,70,15,0.030303,239,1.178354,0.391317,0.375612,0.036631
11900,73,12,0.024242,52,1.120421,0.369197,0.378204,0.057816
11900,98,12,0.024242,47,1.010862,0.326325,0.406717,0.049797
11900,11,10,0.020202,61,0.997354,0.329135,0.400599,0.047754
11900,64,10,0.020202,89,1.260045,0.308527,0.357755,0.037675
11900,74,10,0.020202,96,1.045544,0.31598,0.379828,0.050024
11920,99,17,0.034483,299,1.118076,0.37367,0.369591,0.071303
11920,82,16,0.032454,109,1.159711,0.416347,0.468921,0.063561
11920,70,15,0.030426,239,1.178354,0.391317,0.375612,0.036631
11920,73,12,0.024341,52,1.120421,0.369197,0.378204,0.057816
11920,98,11,0.022312,47,1.010861,0.32882,0.409079,0.049894
11920,64,10,0.020284,90,1.251391,0.311473,0.362122,0.036657
11920,74,10,0.020284,96,1.045544,0.31598,0.379828,0.050024
11920,90,10,0.020284,152,1.24524,0.408815,0.38734,0.056743
11940,82,17,0.034413,111,1.143956,0.415622,0.474674,0.065193
11940,99,17,0.034413,299,1.118076,0.37367,0.369591,0.071303
11940,70,14,0.02834,239,1.171976,0.394253,0.382231,0.036383
11940,73,12,0.024291,52,1.120421,0.369197,0.378204,0.057816
11940,90,12,0.024291,154,1.240099,0.393254,0.384434,0.054615
11940,74,11,0.022267,97,1.03643,0.317256,0.382624,0.049754
11940,98,11,0.022267,47,1.010861,0.32882,0.409079,0.049894
11940,67,10,0.020243,150,0.986158,0.317206,0.39779,0.046698
11960,99,18,0.035644,301,1.118858,0.381672,0.376005,0.068021
11960,82,17,0.033663,111,1.143956,0.415622,0.474674,0.065193
11960,70,14,0.027723,239,1.171976,0.394253,0.382231,0.036383
11960,73,12,0.023762,52,1.120421,0.369197,0.378204,0.057816
11960,90,12,0.023762,154,1.240099,0.393254,0.384434,0.054615
11960,98,11,0.021782,47,1.010861,0.32882,0.409079,0.049894
11960,0,10,0.019802,61,0.922924,0.410358,0.389476,0.039674
11960,36,10,0.019802,104,1.048969,0.323167,0.340697,0.048151
11980,82,17,0.034,111,1.143956,0.415622,0.474674,0.065193
11980,99,17,0.034,301,1.110916,0.379012,0.376563,0.068515
11980,70,12,0.024,239,1.180532,0.39369,0.378403,0.035305
11980,73,12,0.024,52,1.120421,0.369197,0.378204,0.057816
11980,90,12,0.024,154,1.240099,0.393254,0.384434,0.054615
11980,0,10,0.02,61,0.922924,0.410358,0.389476,0.039674
11980,39,10,0.02,75,1.007165,0.443351,0.443969,0.059096
11980,74,10,0.02,97,1.046571,0.312791,0.382566,0.050557
12000,82,19,0.038306,113,1.150454,0.412732,0.469183,0.063223
12000,99,16,0.032258,301,1.110508,0.379495,0.378204,0.068976
12000,70,13,0.02621,241,1.1665,0.399681,0.389428,0.037171
12000,73,11,0.022177,52,1.132077,0.372287,0.384356,0.057634
12000,90,11,0.022177,154,1.247603,0.387717,0.388863,0.05506
12000,0,10,0.020161,61,0.922924,0.410358,0.389476,0.039674
12000,39,10,0.020161,75,1.007165,0.443351,0.443969,0.059096
12000,74,10,0.020161,97,1.046571,0.312791,0.382566,0.050557
12020,82,19,0.03854,114,1.146367,0.407008,0.472191,0.064775
12020,99,14,0.028398,301,1.112212,0.376918,0.382642,0.066593
12020,70,13,0.026369,241,1.1665,0.399681,0.389428,0.037171
12020,73,12,0.024341,53,1.150374,0.37602,0.401628,0.05806
12020,90,12,0.024341,155,1.240552,0.381691,0.389184,0.053798
12020,0,10,0.020284,62,0.920263,0.414093,0.383429,0.040267
12020,13,10,0.020284,139,0.974357,0.303193,0.403642,0.05553
12020,39,10,0.020284,75,1.007165,0.443351,0.443969,0.059096
12040,82,19,0.03854,114,1.146367,0.407008,0.472191,0.064775
12040,70,13,0.026369,241,1.1665,0.399681,0.389428,0.037171
12040,99,13,0.026369,301,1.112893,0.378606,0.381752,0.068716
12040,73,12,0.024341,53,1.150374,0.37602,0.401628,0.05806
12040,90,11,0.022312,155,1.232037,0.380979,0.387617,0.052717
12040,0,10,0.020284,62,0.920263,0.414093,0.383429,0.040267
12040,39,10,0.020284,75,1.007165,0.443351,0.443969,0.059096
12040,64,10,0.020284,92,1.231289,0.310926,0.366507,0.035439
12060,82,20,0.040486,115,1.145024,0.403378,0.469223,0.063941
12060,99,14,0.02834,302,1.109215,0.383475,0.382352,0.069319
12060,70,13,0.026316,241,1.1665,0.399681,0.389428,0.037171
12060,73,12,0.024291,53,1.150374,0.37602,0.401628,0.05806
12060,0,10,0.020243,62,0.920263,0.414093,0.383429,0.040267
12060,29,10,0.020243,45,0.983906,0.338372,0.397312,0.050445
12060,39,10,0.020243,75,1.007165,0.443351,0.443969,0.059096
12060,64,10,0.020243,92,1.231289,0.310926,0.366507,0.035439
12080,82,18,0.03666,115,1.148697,0.401578,0.46564,0.06458
12080,70,16,0.032587,244,1.181353,0.388765,0.377054,0.037815
12080,73,14,0.028513,55,1.115368,0.373253,0.386463,0.059264
12080,99,14,0.028513,303,1.102589,0.37609,0.379672,0.068317
12080,13,10,0.020367,141,0.960236,0.300585,0.400576,0.057052
12080,29,10,0.020367,45,0.983906,0.338372,0.397312,0.050445
12080,39,10,0.020367,75,1.007165,0.443351,0.443969,0.059096
12080,64,10,0.020367,92,1.231289,0.310926,0.366507,0.035439
12100,82,18,0.036735,116,1.139652,0.398202,0.465981,0.063979
12100,70,16,0.032653,244,1.181353,0.388765,0.377054,0.037815
12100,73,14,0.028571,55,1.115368,0.373253,0.386463,0.059264
12100,99,13,0.026531,303,1.101538,0.375766,0.377852,0.065978
12100,64,11,0.022449,93,1.242577,0.309073,0.367103,0.035011
12100,98,11,0.022449,48,0.987259,0.336281,0.416689,0.050488
12100,13,10,0.020408,141,0.960236,0.300585,0.400576,0.057052
12100,29,10,0.020408,45,0.983906,0.338372,0.397312,0.050445
12120,82,18,0.03666,116,1.139652,0.398202,0.465981,0.063979
12120,70,17,0.034623,245,1.174255,0.394558,0.381592,0.037645
12120,73,14,0.028513,55,1.115368,0.373253,0.386463,0.059264
12120,99,14,0.028513,304,1.105976,0.379719,0.379446,0.06582
12120,64,11,0.022403,93,1.242577,0.309073,0.367103,0.035011
12120,98,11,0.022403,48,0.987259,0.336281,0.416689,0.050488
12120,13,10,0.020367,141,0.960236,0.300585,0.400576,0.057052
12120,39,10,0.020367,75,1.007165,0.443351,0.443969,0.059096
12140,82,20,0.040161,118,1.148339,0.397712,0.459632,0.062385
12140,70,16,0.032129,245,1.178133,0.395276,0.376472,0.037934
12140,99,16,0.032129,306,1.104364,0.375787,0.370893,0.068424
12140,73,14,0.028112,55,1.115368,0.373253,0.386463,0.059264
12140,64,12,0.024096,94,1.247874,0.311024,0.366514,0.035772
12140,98,12,0.024096,49,0.996542,0.337562,0.414331,0.051222
12140,13,11,0.022088,142,0.9568,0.300457,0.401614,0.05644
12140,18,10,0.02008,40,1.042843,0.308629,0.384855,0.053812
12160,82,19,0.038076,118,1.145502,0.395563,0.463502,0.062897
12160,70,16,0.032064,247,1.197089,0.393898,0.366173,0.037034
12160,99,15,0.03006,306,1.095903,0.369535,0.370557,0.069249
12160,73,13,0.026052,55,1.13059,0.374381,0.395265,0.05816
12160,64,12,0.024048,94,1.247874,0.311024,0.366514,0.035772
12160,98,12,0.024048,49,0.996542,0.337562,0.414331,0.051222
12160,18,11,0.022044,41,1.03857,0.309225,0.387303,0.055029
12160,13,10,0.02004,142,0.94061,0.297906,0.402771,0.056865
12180,82,20,0.040568,119,1.154899,0.398376,0.461169,0.061981
12180,70,15,0.030426,247,1.208704,0.390578,0.361432,0.037083
12180,99,15,0.030426,306,1.095903,0.369535,0.370557,0.069249
12180,73,13,0.026369,55,1.13059,0.374381,0.395265,0.05816
12180,98,12,0.024341,49,0.996542,0.337562,0.414331,0.051222
12180,18,11,0.022312,41,1.03857,0.309225,0.387303,0.055029
12180,64,11,0.022312,94,1.251854,0.310795,0.369873,0.035547
12180,0,10,0.020284,63,0.928368,0.417136,0.39238,0.039808
12200,82,19,0.038776,119,1.150494,0.395449,0.463625,0.062834
12200,70,16,0.032653,248,1.20335,0.396699,0.367406,0.036748
12200,99,15,0.030612,306,1.095903,0.369535,0.370557,0.069249
12200,73,12,0.02449,55,1.150374,0.37602,0.401628,0.05806
12200,98,12,0.02449,49,0.996542,0.337562,0.414331,0.051222
12200,64,11,0.022449,95,1.25288,0.307421,0.366414,0.035275
12200,0,10,0.020408,63,0.928368,0.417136,0.39238,0.039808
12200,13,10,0.020408,143,0.939402,0.300889,0.402943,0.058544
12220,82,19,0.038618,119,1.150494,0.395449,0.463625,0.062834
12220,99,19,0.038618,310,1.113517,0.373371,0.375835,0.068149
12220,70,16,0.03252,248,1.20335,0.396699,0.367406,0.036748
12220,73,11,0.022358,55,1.125373,0.3798,0.39777,0.058255
12220,98,11,0.022358,49,0.989321,0.33797,0.41805,0.051039
12220,0,10,0.020325,63,0.928368,0.417136,0.39238,0.039808
12220,13,10,0.020325,143,0.939402,0.300889,0.402943,0.058544
12220,18,10,0.020325,41,1.035912,0.312286,0.388069,0.054998
12240,82,19,0.038934,119,1.150494,0.395449,0.463625,0.062834
12240,99,19,0.038934,310,1.113517,0.373371,0.375835,0.068149
12240,70,15,0.030738,248,1.197681,0.39861,0.372651,0.037179
12240,73,11,0.022541,55,1.125373,0.3798,0.39777,0.058255
12240,98,11,0.022541,49,0.989321,0.33797,0.41805,0.051039
12240,13,10,0.020492,143,0.939402,0.300889,0.402943,0.058544
12240,18,10,0.020492,41,1.035912,0.312286,0.388069,0.054998
12240,35,10,0.020492,80,0.995097,0.288145,0.380945,0.047324
12260,82,19,0.039095,119,1.150494,0.395449,0.463625,0.062834
12260,99,19,0.039095,310,1.113517,0.373371,0.375835,0.068149
12260,70,14,0.028807,248,1.189053,0.40288,0.378003,0.036885
12260,73,11,0.022634,55,1.125373,0.3798,0.39777,0.058255
12260,98,11,0.022634,49,0.989321,0.33797,0.41805,0.051039
12260,13,10,0.020576,143,0.939402,0.300889,0.402943,0.058544
12260,18,10,0.020576,41,1.035912,0.312286,0.388069,0.054998
12260,39,10,0.020576,77,1.014977,0.44627,0.426584,0.058559
12280,82,19,0.03854,120,1.152303,0.392749,0.457967,0.059808
12280,99,17,0.034483,310,1.110613,0.375099,0.379414,0.066756
12280,70,16,0.032454,250,1.178431,0.414539,0.387023,0.036242
12280,73,12,0.024341,57,1.061813,0.378262,0.365236,0.056497
12280,98,11,0.022312,49,0.989321,0.33797,0.41805,0.051039
12280,11,10,0.020284,63,0.976189,0.329034,0.397509,0.047989
12280,13,10,0.020284,144,0.936156,0.30713,0.402295,0.056716
12280,18,10,0.020284,41,1.035912,0.312286,0.388069,0.054998
12300,82,18,0.03666,120,1.151164,0.396659,0.459492,0.06051
12300,99,17,0.034623,312,1.101373,0.382224,0.375381,0.068259
12300,70,16,0.032587,252,1.187803,0.41658,0.382557,0.035184
12300,73,12,0.02444,57,1.061813,0.378262,0.365236,0.056497
12300,74,11,0.022403,102,1.04735,0.306054,0.372808,0.049996
12300,98,11,0.022403,49,0.989321,0.33797,0.41805,0.051039
12300,11,10,0.020367,63,0.976189,0.329034,0.397509,0.047989
12300,13,10,0.020367,144,0.936156,0.30713,0.402295,0.056716
12320,82,18,0.03666,120,1.151164,0.396659,0.459492,0.06051
12320,70,16,0.032587,252,1.187803,0.41658,0.382557,0.035184
12320,99,16,0.032587,312,1.100613,0.386576,0.374713,0.069276
12320,73,12,0.02444,57,1.061813,0.378262,0.365236,0.056497
12320,74,12,0.02444,103,1.051133,0.306821,0.374016,0.05049
12320,98,11,0.022403,49,0.989321,0.33797,0.41805,0.051039
12320,35,10,0.020367,82,0.990494,0.291265,0.385603,0.048529
12320,39,10,0.020367,77,1.014977,0.44627,0.426584,0.058559
12340,82,18,0.036364,120,1.151164,0.396659,0.459492,0.06051
12340,70,15,0.030303,252,1.19563,0.412667,0.376118,0.035324
12340,99,14,0.028283,313,1.081463,0.386285,0.36876,0.068504
12340,73,12,0.024242,57,1.061813,0.378262,0.365236,0.056497
12340,74,12,0.024242,103,1.051133,0.306821,0.374016,0.05049
12340,98,11,0.022222,49,0.989321,0.33797,0.41805,0.051039
12340,35,10,0.020202,82,0.990494,0.291265,0.385603,0.048529
12340,39,10,0.020202,77,1.014977,0.44627,0.426584,0.058559
12360,82,17,0.034836,120,1.152456,0.39949,0.453851,0.058928
12360,70,14,0.028689,253,1.169273,0.425001,0.391245,0.034085
12360,99,14,0.028689,313,1.081463,0.386285,0.36876,0.068504
12360,50,11,0.022541,60,0.911952,0.374038,0.422779,0.05016
12360,73,11,0.022541,57,1.079007,0.378541,0.374341,0.056984
12360,98,11,0.022541,49,0.989321,0.33797,0.41805,0.051039
12360,0,10,0.020492,65,0.944036,0.411661,0.391621,0.040144
12360,35,10,0.020492,82,0.990494,0.291265,0.385603,0.048529
12380,82,16,0.032653,120,1.151969,0.3968,0.454873,0.060008
12380,99,15,0.030612,314,1.079529,0.389585,0.365646,0.067768
12380,70,14,0.028571,253,1.169273,0.425001,0.391245,0.034085
12380,50,11,0.022449,60,0.911952,0.374038,0.422779,0.05016
12380,0,10,0.020408,65,0.944036,0.411661,0.391621,0.040144
12380,39,10,0.020408,77,1.014977,0.44627,0.426584,0.058559
12380,71,10,0.020408,69,0.991365,0.341843,0.316684,0.05712
12380,73,10,0.020408,57,1.048542,0.375707,0.360553,0.057143
12400,82,16,0.03252,120,1.151969,0.3968,0.454873,0.060008
12400,99,15,0.030488,314,1.079529,0.389585,0.365646,0.067768
12400,70,14,0.028455,253,1.169273,0.425001,0.391245,0.034085
12400,50,11,0.022358,60,0.911952,0.374038,0.422779,0.05016
12400,98,11,0.022358,50,0.990941,0.337075,0.418617,0.051101
12400,0,10,0.020325,66,0.947999,0.410454,0.393745,0.039745
12400,11,10,0.020325,64,0.982102,0.329264,0.399582,0.048228
12400,39,10,0.020325,77,1.014977,0.44627,0.426584,0.058559
12420,82,17,0.034343,121,1.145278,0.392804,0.452128,0.05955
12420,99,15,0.030303,314,1.079529,0.389585,0.365646,0.067768
12420,70,14,0.028283,255,1.188308,0.413563,0.379202,0.034279
12420,98,12,0.024242,51,0.975583,0.336665,0.423161,0.050885
12420,50,11,0.022222,60,0.911952,0.374038,0.422779,0.05016
12420,0,10,0.020202,66,0.947999,0.410454,0.393745,0.039745
12420,11,10,0.020202,64,0.982102,0.329264,0.399582,0.048228
12420,39,10,0.020202,77,1.014977,0.44627,0.426584,0.058559
12440,82,18,0.036735,122,1.155289,0.398149,0.452688,0.060936
12440,99,16,0.032653,316,1.079738,0.383999,0.369694,0.064847
12440,70,15,0.030612,256,1.177364,0.418801,0.383797,0.033871
12440,98,12,0.02449,51,0.975583,0.336665,0.423161,0.050885
12440,50,11,0.022449,60,0.911952,0.374038,0.422779,0.05016
12440,94,11,0.022449,39,0.939573,0.323767,0.464576,0.049883
12440,96,11,0.022449,105,0.830856,0.396519,0.415521,0.035225
12440,0,10,0.020408,66,0.947999,0.410454,0.393745,0.039745
12460,70,17,0.033932,258,1.18649,0.412271,0.374068,0.034011
12460,82,17,0.033932,122,1.146025,0.393578,0.456554,0.061858
12460,99,17,0.033932,317,1.070683,0.381333,0.369893,0.063812
12460,98,13,0.025948,52,0.963988,0.335407,0.424682,0.050527
12460,50,11,0.021956,60,0.911952,0.374038,0.422779,0.05016
12460,94,11,0.021956,39,0.939573,0.323767,0.464576,0.049883
12460,0,10,0.01996,66,0.947999,0.410454,0.393745,0.039745
12460,11,10,0.01996,64,0.982102,0.329264,0.399582,0.048228
12480,99,18,0.035433,318,1.074607,0.384863,0.369737,0.063623
12480,70,17,0.033465,258,1.18649,0.412271,0.374068,0.034011
12480,82,17,0.033465,122,1.146025,0.393578,0.456554,0.061858
12480,98,15,0.029528,54,0.946296,0.334321,0.427118,0.050019
12480,90,12,0.023622,162,1.219256,0.394621,0.386661,0.053887
12480,50,11,0.021654,60,0.911952,0.374038,0.422779,0.05016
12480,94,11,0.021654,39,0.939573,0.323767,0.464576,0.049883
12480,0,10,0.019685,66,0.947999,0.410454,0.393745,0.039745
12500,99,18,0.035928,318,1.074607,0.384863,0.369737,0.063623
12500,70,17,0.033932,259,1.186988,0.404553,0.366046,0.034753
12500,82,17,0.033932,122,1.146025,0.393578,0.456554,0.061858
12500,98,15,0.02994,54,0.946296,0.334321,0.427118,0.050019
12500,50,11,0.021956,60,0.911952,0.374038,0.422779,0.05016
12500,0,10,0.01996,66,0.947999,0.410454,0.393745,0.039745
12500,11,10,0.01996,64,0.982102,0.329264,0.399582,0.048228
12500,64,10,0.01996,99,1.229057,0.310088,0.372139,0.035727
12520,82,18,0.035644,123,1.137649,0.39313,0.461677,0.061529
12520,99,18,0.035644,319,1.080779,0.378567,0.365089,0.066211
12520,70,16,0.031683,259,1.176679,0.407355,0.370211,0.0351
12520,98,15,0.029703,54,0.946296,0.334321,0.427118,0.050019
12520,73,11,0.021782,59,1.133354,0.368199,0.400895,0.058504
12520,0,10,0.019802,66,0.947999,0.410454,0.393745,0.039745
12520,11,10,0.019802,64,0.982102,0.329264,0.399582,0.048228
12520,50,10,0.019802,60,0.91699,0.367364,0.422691,0.049667
12540,99,19,0.037549,320,1.077915,0.376581,0.364572,0.065299
12540,70,18,0.035573,261,1.188397,0.401443,0.36082,0.034977
12540,82,18,0.035573,123,1.137649,0.39313,0.461677,0.061529
12540,98,16,0.031621,55,0.938048,0.335149,0.430787,0.049495
12540,73,11,0.021739,59,1.133354,0.368199,0.400895,0.058504
12540,0,10,0.019763,66,0.947999,0.410454,0.393745,0.039745
12540,50,10,0.019763,60,0.91699,0.367364,0.422691,0.049667
12540,64,10,0.019763,99,1.229057,0.310088,0.372139,0.035727
12560,99,20,0.039683,321,1.081224,0.382062,0.36527,0.0646
12560,82,18,0.035714,123,1.137649,0.39313,0.461677,0.061529
12560,70,17,0.03373,262,1.176845,0.40259,0.368344,0.036326
12560,98,16,0.031746,55,0.938048,0.335149,0.430787,0.049495
12560,73,11,0.021825,59,1.133354,0.368199,0.400895,0.058504
12560,0,10,0.019841,66,0.947999,0.410454,0.393745,0.039745
12560,50,10,0.019841,60,0.91699,0.367364,0.422691,0.049667
12560,67,10,0.019841,160,0.98995,0.321077,0.397865,0.050884
12580,82,20,0.039216,125,1.13544,0.393997,0.462659,0.061929
12580,98,18,0.035294,57,0.940211,0.337697,0.429541,0.050001
12580,99,18,0.035294,321,1.081567,0.385042,0.363533,0.066326
12580,70,17,0.033333,262,1.176845,0.40259,0.368344,0.036326
12580,73,11,0.021569,59,1.133354,0.368199,0.400895,0.058504
12580,94,11,0.021569,40,0.928697,0.323565,0.474402,0.049478
12580,0,10,0.019608,66,0.947999,0.410454,0.393745,0.039745
12580,13,10,0.019608,148,0.937716,0.305977,0.395433,0.056349
12600,82,19,0.037924,125,1.126644,0.392021,0.464799,0.063187
12600,98,18,0.035928,57,0.940211,0.337697,0.429541,0.050001
12600,99,18,0.035928,321,1.081567,0.385042,0.363533,0.066326
12600,70,16,0.031936,262,1.1674,0.40619,0.372814,0.036647
12600,67,11,0.021956,162,0.978245,0.322188,0.394834,0.049757
12600,73,11,0.021956,59,1.133354,0.368199,0.400895,0.058504
12600,94,11,0.021956,40,0.928697,0.323565,0.474402,0.049478
12600,0,10,0.01996,66,0.947999,0.410454,0.393745,0.039745
12620,82,20,0.039761,126,1.131696,0.395985,0.46102,0.062127
12620,98,20,0.039761,59,0.941673,0.338126,0.428574,0.049662
12620,99,17,0.033797,321,1.083048,0.379038,0.364521,0.066879
12620,70,15,0.029821,262,1.159835,0.408453,0.377108,0.036673
12620,73,11,0.021869,59,1.133354,0.368199,0.400895,0.058504
12620,74,11,0.021869,107,1.052693,0.311062,0.384636,0.053264
12620,94,11,0.021869,40,0.928697,0.323565,0.474402,0.049478
12620,0,10,0.019881,66,0.947999,0.410454,0.393745,0.039745
12640,82,20,0.03992,126,1.131696,0.395985,0.46102,0.062127
12640,98,19,0.037924,59,0.947822,0.339064,0.427818,0.049843
12640,70,16,0.031936,263,1.156435,0.412325,0.381248,0.036051
12640,99,16,0.031936,321,1.08496,0.375491,0.367176,0.067467
12640,73,12,0.023952,60,1.156491,0.370408,0.410744,0.057105
12640,13,11,0.021956,150,0.934054,0.300955,0.388066,0.057277
12640,74,11,0.021956,107,1.052693,0.311062,0.384636,0.053264
12640,94,11,0.021956,40,0.928697,0.323565,0.474402,0.049478
12660,82,20,0.039841,126,1.131696,0.395985,0.46102,0.062127
12660,98,18,0.035857,60,0.949797,0.340878,0.429614,0.05037
12660,99,17,0.033865,322,1.080264,0.38036,0.367318,0.066846
12660,70,16,0.031873,263,1.156435,0.412325,0.381248,0.036051
12660,73,12,0.023904,60,1.156491,0.370408,0.410744,0.057105
12660,13,11,0.021912,151,0.941426,0.295104,0.393408,0.057544
12660,74,11,0.021912,107,1.052693,0.311062,0.384636,0.053264
12660,94,11,0.021912,40,0.928697,0.323565,0.474402,0.049478
12680,82,19,0.037328,126,1.121497,0.391089,0.460957,0.060949
12680,98,17,0.033399,60,0.957766,0.340484,0.426307,0.050885
12680,99,17,0.033399,322,1.080264,0.38036,0.367318,0.066846
12680,70,15,0.02947,263,1.154378,0.416122,0.384329,0.035609
12680,73,12,0.023576,60,1.156491,0.370408,0.410744,0.057105
12680,13,11,0.021611,151,0.941426,0.295104,0.393408,0.057544
12680,64,11,0.021611,102,1.231254,0.314831,0.367443,0.036971
12680,94,11,0.021611,40,0.928697,0.323565,0.474402,0.049478
12700,82,19,0.037624,126,1.121497,0.391089,0.460957,0.060949
12700,98,18,0.035644,61,0.946943,0.339809,0.429408,0.050708
12700,99,16,0.031683,322,1.070461,0.388228,0.370866,0.064298
12700,70,15,0.029703,263,1.154378,0.416122,0.384329,0.035609
12700,73,12,0.023762,60,1.156491,0.370408,0.410744,0.057105
12700,13,11,0.021782,151,0.941426,0.295104,0.393408,0.057544
12700,64,11,0.021782,102,1.231254,0.314831,0.367443,0.036971
12700,0,10,0.019802,66,0.947999,0.410454,0.393745,0.039745
12720,82,19,0.037849,126,1.121497,0.391089,0.460957,0.060949
12720,98,17,0.033865,61,0.954511,0.339765,0.426064,0.050891
12720,99,16,0.031873,322,1.070461,0.388228,0.370866,0.064298
12720,70,15,0.02988,263,1.154378,0.416122,0.384329,0.035609
12720,13,11,0.021912,152,0.93655,0.298505,0.39824,0.058075
12720,64,11,0.021912,102,1.231254,0.314831,0.367443,0.036971
12720,0,10,0.01992,66,0.947999,0.410454,0.393745,0.039745
12720,35,10,0.01992,86,0.99503,0.287462,0.382044,0.04749
12740,82,19,0.038076,126,1.121497,0.391089,0.460957,0.060949
12740,98,17,0.034068,61,0.954511,0.339765,0.426064,0.050891
12740,99,16,0.032064,323,1.06686,0.389323,0.370299,0.063406
12740,70,14,0.028056,263,1.144388,0.420641,0.391133,0.035581
12740,13,11,0.022044,152,0.93655,0.298505,0.39824,0.058075
12740,64,11,0.022044,103,1.233841,0.313942,0.369645,0.035583
12740,74,11,0.022044,108,1.067021,0.306101,0.381045,0.054707
12740,0,10,0.02004,66,0.947999,0.410454,0.393745,0.039745
12760,82,20,0.040323,127,1.128075,0.39331,0.460515,0.060126
12760,98,16,0.032258,61,0.94514,0.340541,0.425609,0.050981
12760,99,15,0.030242,323,1.067224,0.385493,0.368976,0.06249
12760,70,14,0.028226,263,1.144388,0.420641,0.391133,0.035581
12760,64,11,0.022177,103,1.233841,0.313942,0.369645,0.035583
12760,71,11,0.022177,72,1.010081,0.338184,0.326087,0.053191
12760,73,11,0.022177,61,1.085021,0.370914,0.380059,0.056933
12760,0,10,0.020161,66,0.947999,0.410454,0.393745,0.039745
12780,82,19,0.037924,127,1.138467,0.393683,0.457618,0.058942
12780,98,16,0.031936,61,0.94514,0.340541,0.425609,0.050981
12780,99,16,0.031936,324,1.071279,0.382815,0.369893,0.061194
12780,70,15,0.02994,264,1.148892,0.414818,0.38937,0.03564
12780,73,12,0.023952,62,1.102314,0.370647,0.389379,0.056055
12780,64,11,0.021956,103,1.233841,0.313942,0.369645,0.035583
12780,74,11,0.021956,110,1.037056,0.31709,0.383445,0.052711
12780,0,10,0.01996,66,0.947999,0.410454,0.393745,0.039745
12800,70,19,0.037328,268,1.169554,0.402976,0.368429,0.035295
12800,82,19,0.037328,127,1.138467,0.393683,0.457618,0.058942
12800,99,17,0.033399,325,1.073397,0.379638,0.37087,0.059693
12800,98,16,0.031434,61,0.94514,0.340541,0.425609,0.050981
12800,73,12,0.023576,62,1.102314,0.370647,0.389379,0.056055
12800,74,11,0.021611,110,1.037056,0.31709,0.383445,0.052711
12800,21,10,0.019646,44,1.011477,0.330903,0.407281,0.049213
12800,39,10,0.019646,80,0.988397,0.437704,0.433805,0.06425
12820,70,19,0.037549,268,1.169554,0.402976,0.368429,0.035295
12820,82,19,0.037549,127,1.138467,0.393683,0.457618,0.058942
12820,99,16,0.031621,325,1.082621,0.382198,0.370731,0.06047
12820,98,15,0.029644,61,0.935407,0.340363,0.427935,0.051289
12820,73,12,0.023715,62,1.102314,0.370647,0.389379,0.056055
12820,74,11,0.021739,110,1.037056,0.31709,0.383445,0.052711
12820,18,10,0.019763,45,1.046103,0.320762,0.377084,0.051871
12820,35,10,0.019763,88,1.009285,0.292824,0.38637,0.049888
12840,70,19,0.037402,268,1.169554,0.402976,0.368429,0.035295
12840,82,19,0.037402,127,1.138467,0.393683,0.457618,0.058942
12840,98,15,0.029528,61,0.935407,0.340363,0.427935,0.051289
12840,99,15,0.029528,326,1.074731,0.384945,0.371554,0.061397
12840,73,12,0.023622,62,1.102314,0.370647,0.389379,0.056055
12840,74,11,0.021654,110,1.037056,0.31709,0.383445,0.052711
12840,13,10,0.019685,154,0.928477,0.298043,0.386574,0.057667
12840,18,10,0.019685,45,1.046103,0.320762,0.377084,0.051871
12860,70,19,0.037255,268,1.169554,0.402976,0.368429,0.035295
12860,82,18,0.035294,127,1.129465,0.392366,0.459294,0.059526
12860,98,16,0.031373,62,0.927017,0.339385,0.431542,0.051148
12860,99,14,0.027451,326,1.069463,0.37779,0.37129,0.061377
12860,73,12,0.023529,62,1.102314,0.370647,0.389379,0.056055
12860,13,10,0.019608,154,0.928477,0.298043,0.386574,0.057667
12860,18,10,0.019608,45,1.046103,0.320762,0.377084,0.051871
12860,39,10,0.019608,81,0.979727,0.437981,0.429591,0.062209
12880,70,18,0.035363,268,1.16641,0.404433,0.373847,0.035416
12880,82,18,0.035363,127,1.129465,0.392366,0.459294,0.059526
12880,98,16,0.031434,62,0.927017,0.339385,0.431542,0.051148
12880,99,14,0.027505,327,1.09316,0.376161,0.369653,0.062406
12880,73,11,0.021611,62,1.074252,0.368459,0.377588,0.057359
12880,13,10,0.019646,154,0.928477,0.298043,0.386574,0.057667
12880,16,10,0.019646,122,0.970438,0.33933,0.351995,0.047971
12880,18,10,0.019646,45,1.046103,0.320762,0.377084,0.051871
12900,70,18,0.035088,268,1.16641,0.404433,0.373847,0.035416
12900,82,18,0.035088,127,1.129465,0.392366,0.459294,0.059526
12900,98,16,0.031189,62,0.927017,0.339385,0.431542,0.051148
12900,99,14,0.02729,327,1.09316,0.376161,0.369653,0.062406
12900,73,13,0.025341,64,1.045057,0.3696,0.36426,0.057694
12900,90,11,0.021442,168,1.259298,0.387408,0.379877,0.054442
12900,16,10,0.019493,122,0.970438,0.33933,0.351995,0.047971
12900,18,10,0.019493,45,1.046103,0.320762,0.377084,0.051871
12920,70,18,0.035363,268,1.16641,0.404433,0.373847,0.035416
12920,82,18,0.035363,127,1.129465,0.392366,0.459294,0.059526
12920,98,16,0.031434,62,0.927017,0.339385,0.431542,0.051148
12920,73,13,0.02554,65,1.07596,0.372544,0.376723,0.05754
12920,99,13,0.02554,328,1.095504,0.37933,0.367201,0.064509
12920,90,11,0.021611,168,1.259298,0.387408,0.379877,0.054442
12920,16,10,0.019646,122,0.970438,0.33933,0.351995,0.047971
12920,18,10,0.019646,45,1.046103,0.320762,0.377084,0.051871
12940,82,19,0.037549,128,1.132264,0.398535,0.458675,0.062081
12940,98,16,0.031621,62,0.927017,0.339385,0.431542,0.051148
12940,70,15,0.029644,268,1.151773,0.41661,0.386135,0.034047
12940,73,13,0.025692,65,1.07596,0.372544,0.376723,0.05754
12940,99,13,0.025692,328,1.095504,0.37933,0.367201,0.064509
12940,90,11,0.021739,168,1.259298,0.387408,0.379877,0.054442
12940,67,10,0.019763,166,0.979223,0.316012,0.391599,0.049156
12940,0,9,0.017787,68,0.927145,0.423212,0.401249,0.039705
12960,82,20,0.039841,129,1.126613,0.406164,0.457106,0.064452
12960,98,16,0.031873,62,0.927017,0.339385,0.431542,0.051148
12960,70,14,0.027888,268,1.156797,0.416129,0.382388,0.03382
12960,99,14,0.027888,329,1.095308,0.381961,0.366887,0.064148
12960,73,13,0.025896,65,1.07596,0.372544,0.376723,0.05754
12960,13,10,0.01992,155,0.919299,0.2984,0.386571,0.057603
12960,67,10,0.01992,166,0.979223,0.316012,0.391599,0.049156
12960,0,9,0.017928,68,0.927145,0.423212,0.401249,0.039705
12980,82,20,0.040161,129,1.126613,0.406164,0.457106,0.064452
12980,98,16,0.032129,62,0.927017,0.339385,0.431542,0.051148
12980,99,15,0.03012,330,1.099983,0.382276,0.369334,0.063043
12980,70,14,0.028112,268,1.156797,0.416129,0.382388,0.03382
12980,73,13,0.026104,65,1.07596,0.372544,0.376723,0.05754
12980,13,10,0.02008,155,0.919299,0.2984,0.386571,0.057603
12980,67,10,0.02008,166,0.979223,0.316012,0.391599,0.049156
12980,86,10,0.02008,61,1.04929,0.349791,0.359411,0.047236
13000,82,19,0.038855,129,1.121293,0.402736,0.460679,0.065633
13000,98,15,0.030675,62,0.938796,0.338804,0.427618,0.051019
13000,99,15,0.030675,330,1.099983,0.382276,0.369334,0.063043
13000,70,13,0.026585,268,1.15161,0.419893,0.388221,0.03426
13000,73,13,0.026585,65,1.07596,0.372544,0.376723,0.05754
13000,50,10,0.02045,62,0.916179,0.361629,0.427226,0.051168
13000,86,10,0.02045,61,1.04929,0.349791,0.359411,0.047236
13000,0,9,0.018405,69,0.912366,0.423554,0.386762,0.040586
13020,82,19,0.038229,129,1.121293,0.402736,0.460679,0.065633
13020,99,16,0.032193,331,1.093891,0.382125,0.369369,0.063005
13020,98,15,0.030181,62,0.938796,0.338804,0.427618,0.051019
13020,70,13,0.026157,268,1.15161,0.419893,0.388221,0.03426
13020,73,12,0.024145,65,1.090052,0.371698,0.385049,0.057543
13020,40,11,0.022133,131,1.278403,0.285107,0.413118,0.036623
13020,50,10,0.020121,62,0.916179,0.361629,0.427226,0.051168
13020,74,10,0.020121,112,1.04241,0.319511,0.384806,0.050952
13040,82,20,0.040323,130,1.131728,0.40431,0.458943,0.063992
13040,99,18,0.03629,333,1.091673,0.385531,0.368679,0.06195
13040,98,15,0.030242,62,0.938796,0.338804,0.427618,0.051019
13040,70,12,0.024194,268,1.159187,0.41428,0.382723,0.034205
13040,40,11,0.022177,131,1.278403,0.285107,0.413118,0.036623
13040,73,11,0.022177,65,1.110774,0.371938,0.392317,0.057176
13040,96,11,0.022177,109,0.824254,0.400143,0.416885,0.034664
13040,13,10,0.020161,156,0.928305,0.298164,0.390611,0.058494
13060,82,20,0.039841,130,1.131728,0.40431,0.458943,0.063992
13060,99,19,0.037849,334,1.091824,0.383973,0.366038,0.06454
13060,98,15,0.02988,62,0.938796,0.338804,0.427618,0.051019
13060,70,13,0.025896,269,1.155337,0.407135,0.380456,0.03511
13060,40,11,0.021912,131,1.278403,0.285107,0.413118,0.036623
13060,72,11,0.021912,118,1.027384,0.30558,0.432462,0.047873
13060,73,11,0.021912,65,1.110774,0.371938,0.392317,0.057176
13060,0,10,0.01992,70,0.908968,0.425882,0.379918,0.041449
13080,82,21,0.041339,131,1.134867,0.406651,0.457476,0.066395
13080,99,18,0.035433,334,1.09862,0.378303,0.365518,0.065147
13080,98,15,0.029528,62,0.938796,0.338804,0.427618,0.051019
13080,70,13,0.025591,269,1.155337,0.407135,0.380456,0.03511
13080,73,12,0.023622,66,1.133485,0.375508,0.413504,0.057222
13080,40,11,0.021654,131,1.278403,0.285107,0.413118,0.036623
13080,0,10,0.019685,70,0.908968,0.425882,0.379918,0.041449
13080,11,10,0.019685,66,0.980742,0.331688,0.405453,0.04701
13100,82,20,0.039604,131,1.132864,0.409191,0.455975,0.06576
13100,99,19,0.037624,335,1.09718,0.378723,0.366082,0.064592
13100,98,15,0.029703,62,0.938796,0.338804,0.427618,0.051019
13100,70,14,0.027723,271,1.167016,0.40212,0.369936,0.035547
13100,40,11,0.021782,131,1.278403,0.285107,0.413118,0.036623
13100,73,11,0.021782,66,1.119025,0.376218,0.406376,0.058205
13100,0,10,0.019802,70,0.908968,0.425882,0.379918,0.041449
13100,11,10,0.019802,66,0.980742,0.331688,0.405453,0.04701
13120,82,20,0.039526,131,1.132864,0.409191,0.455975,0.06576
13120,99,19,0.037549,336,1.103872,0.377873,0.367351,0.063644
13120,70,16,0.031621,273,1.169028,0.403116,0.368101,0.035373
13120,98,15,0.029644,62,0.938796,0.338804,0.427618,0.051019
13120,11,11,0.021739,67,0.97417,0.333149,0.405757,0.046931
13120,13,11,0.021739,158,0.938173,0.300944,0.39919,0.058484
13120,73,11,0.021739,66,1.119025,0.376218,0.406376,0.058205
13120,0,10,0.019763,72,0.925396,0.424899,0.384097,0.040171
13140,82,19,0.037475,131,1.126538,0.407806,0.456178,0.06688
13140,99,19,0.037475,337,1.095792,0.377659,0.366996,0.061879
13140,70,17,0.033531,274,1.176395,0.400576,0.362783,0.035102
13140,98,16,0.031558,63,0.934861,0.339214,0.431435,0.051512
13140,11,11,0.021696,67,0.97417,0.333149,0.405757,0.046931
13140,40,11,0.021696,132,1.274046,0.282681,0.413902,0.036448
13140,64,11,0.021696,109,1.246228,0.311358,0.36498,0.035766
13140,73,11,0.021696,66,1.119025,0.376218,0.406376,0.058205
13160,82,21,0.041667,133,1.123886,0.411115,0.454681,0.067317
13160,99,18,0.035714,337,1.091297,0.379946,0.366905,0.062963
13160,98,16,0.031746,63,0.934861,0.339214,0.431435,0.051512
13160,70,14,0.027778,274,1.197223,0.384039,0.345884,0.036325
13160,64,11,0.021825,109,1.246228,0.311358,0.36498,0.035766
13160,73,11,0.021825,66,1.119025,0.376218,0.406376,0.058205
13160,0,10,0.019841,72,0.925396,0.424899,0.384097,0.040171
13160,11,10,0.019841,67,0.964443,0.330916,0.404234,0.047471
13180,82,21,0.042254,133,1.123886,0.411115,0.454681,0.067317
13180,99,18,0.036217,337,1.091297,0.379946,0.366905,0.062963
13180,98,16,0.032193,63,0.934861,0.339214,0.431435,0.051512
13180,70,13,0.026157,274,1.194014,0.387692,0.349283,0.03568
13180,64,11,0.022133,109,1.246228,0.311358,0.36498,0.035766
13180,73,11,0.022133,66,1.119025,0.376218,0.406376,0.058205
13180,0,10,0.020121,73,0.935007,0.426112,0.385624,0.040334
13180,94,10,0.020121,42,0.932553,0.324842,0.463538,0.052256
13200,82,21,0.041502,133,1.123886,0.411115,0.454681,0.067317
13200,70,16,0.031621,278,1.189095,0.401745,0.359219,0.035271
13200,98,16,0.031621,63,0.934861,0.339214,0.431435,0.051512
13200,99,16,0.031621,337,1.093468,0.375842,0.367373,0.064145
13200,73,12,0.023715,68,1.058003,0.371926,0.374546,0.056643
13200,13,11,0.021739,160,0.952446,0.301795,0.406474,0.057614
13200,0,10,0.019763,73,0.935007,0.426112,0.385624,0.040334
13200,64,10,0.019763,110,1.238774,0.312176,0.366535,0.035002
13220,82,22,0.044177,134,1.12502,0.408526,0.460421,0.067704
13220,98,16,0.032129,63,0.934861,0.339214,0.431435,0.051512
13220,70,15,0.03012,278,1.182244,0.406285,0.363422,0.035423
13220,99,15,0.03012,337,1.093515,0.373153,0.367678,0.064457
13220,73,12,0.024096,68,1.058003,0.371926,0.374546,0.056643
13220,13,11,0.022088,160,0.952446,0.301795,0.406474,0.057614
13220,0,10,0.02008,73,0.935007,0.426112,0.385624,0.040334
13220,94,10,0.02008,42,0.932553,0.324842,0.463538,0.052256
13240,82,22,0.044444,134,1.12502,0.408526,0.460421,0.067704
13240,98,17,0.034343,64,0.935919,0.34178,0.433242,0.05257
13240,99,15,0.030303,338,1.098236,0.371974,0.372967,0.059428
13240,70,14,0.028283,278,1.176563,0.411174,0.369657,0.035382
13240,73,13,0.026263,69,1.077324,0.377133,0.391245,0.058287
13240,0,10,0.020202,73,0.935007,0.426112,0.385624,0.040334
13240,13,10,0.020202,160,0.956128,0.301991,0.412313,0.056992
13240,64,10,0.020202,111,1.25343,0.309873,0.367878,0.034552
13260,82,21,0.042683,134,1.130056,0.401736,0.461998,0.065714
13260,98,16,0.03252,64,0.944342,0.342847,0.429967,0.05279
13260,99,15,0.030488,339,1.08611,0.369488,0.371214,0.059659
13260,70,14,0.028455,278,1.176563,0.411174,0.369657,0.035382
13260,73,13,0.026423,69,1.077324,0.377133,0.391245,0.058287
13260,13,10,0.020325,160,0.956128,0.301991,0.412313,0.056992
13260,64,10,0.020325,111,1.25343,0.309873,0.367878,0.034552
13260,90,10,0.020325,172,1.261298,0.405156,0.390861,0.055006
13280,82,21,0.042339,134,1.130056,0.401736,0.461998,0.065714
13280,98,16,0.032258,64,0.944342,0.342847,0.429967,0.05279
13280,99,16,0.032258,340,1.081609,0.377666,0.372485,0.059364
13280,70,15,0.030242,279,1.173412,0.416915,0.37525,0.03517
13280,73,12,0.024194,69,1.091352,0.378659,0.401785,0.05902
13280,64,11,0.022177,112,1.257062,0.309643,0.367745,0.034425
13280,90,11,0.022177,173,1.259765,0.399554,0.389359,0.054353
13280,74,10,0.020161,114,1.053463,0.313826,0.380424,0.052169
13300,82,21,0.042169,135,1.121178,0.401992,0.46173,0.065579
13300,70,16,0.032129,280,1.167387,0.419995,0.380309,0.034657
13300,98,16,0.032129,64,0.944342,0.342847,0.429967,0.05279
13300,99,15,0.03012,340,1.078406,0.378597,0.371049,0.060359
13300,73,12,0.024096,69,1.091352,0.378659,0.401785,0.05902
13300,64,11,0.022088,113,1.250393,0.31125,0.362114,0.034927
13300,90,11,0.022088,173,1.259765,0.399554,0.389359,0.054353
13300,13,10,0.02008,161,0.966646,0.297407,0.416783,0.0556
13320,82,21,0.041339,135,1.121178,0.401992,0.46173,0.065579
13320,70,18,0.035433,282,1.193981,0.412534,0.369045,0.034521
13320,98,16,0.031496,64,0.944342,0.342847,0.429967,0.05279
13320,99,15,0.029528,340,1.078406,0.378597,0.371049,0.060359
13320,73,12,0.023622,71,1.071658,0.381267,0.392714,0.060063
13320,90,12,0.023622,174,1.263942,0.399516,0.387668,0.055321
13320,64,11,0.021654,113,1.250393,0.31125,0.362114,0.034927
13320,74,11,0.021654,115,1.048444,0.3113,0.381866,0.052248
13340,82,20,0.039216,135,1.124744,0.402211,0.45922,0.064592
13340,70,17,0.033333,282,1.188787,0.415395,0.374581,0.03438
13340,99,17,0.033333,342,1.070725,0.383156,0.371459,0.059363
13340,98,15,0.029412,64,0.953521,0.343559,0.427088,0.053075
13340,73,12,0.023529,71,1.071658,0.381267,0.392714,0.060063
13340,90,12,0.023529,174,1.263942,0.399516,0.387668,0.055321
13340,64,11,0.021569,113,1.250393,0.31125,0.362114,0.034927
13340,74,11,0.021569,115,1.048444,0.3113,0.381866,0.052248
13360,82,20,0.039293,135,1.124744,0.402211,0.45922,0.064592
13360,70,17,0.033399,283,1.176338,0.421921,0.382377,0.034031
13360,99,16,0.031434,342,1.072038,0.385066,0.370838,0.059901
13360,98,15,0.02947,64,0.953521,0.343559,0.427088,0.053075
13360,73,13,0.02554,72,1.097652,0.385956,0.409483,0.060005
13360,74,11,0.021611,115,1.048444,0.3113,0.381866,0.052248
13360,90,11,0.021611,174,1.275584,0.404466,0.38688,0.055715
13360,40,10,0.019646,134,1.296513,0.285331,0.411719,0.03701
13380,82,20,0.039448,135,1.124744,0.402211,0.45922,0.064592
13380,70,17,0.033531,283,1.176338,0.421921,0.382377,0.034031
13380,99,16,0.031558,343,1.076198,0.389796,0.369928,0.059711
13380,98,15,0.029586,64,0.953521,0.343559,0.427088,0.053075
13380,73,13,0.025641,72,1.097652,0.385956,0.409483,0.060005
13380,74,12,0.023669,116,1.043025,0.314249,0.383015,0.051868
13380,13,10,0.019724,163,0.957098,0.293758,0.417492,0.05557
13380,18,10,0.019724,48,1.057383,0.333011,0.382402,0.054006
13400,82,20,0.039526,135,1.124744,0.402211,0.45922,0.064592
13400,99,17,0.033597,344,1.081751,0.383182,0.369165,0.063096
13400,70,16,0.031621,283,1.164168,0.42677,0.388048,0.034159
13400,98,14,0.027668,64,0.959071,0.34343,0.422688,0.052658
13400,73,12,0.023715,72,1.113594,0.388186,0.416745,0.059941
13400,74,12,0.023715,116,1.043025,0.314249,0.383015,0.051868
13400,18,11,0.021739,49,1.047392,0.333108,0.380607,0.054238
13400,40,11,0.021739,135,1.295593,0.28567,0.408939,0.036173
13420,82,19,0.037549,135,1.120907,0.399513,0.460855,0.061967
13420,99,17,0.033597,344,1.081751,0.383182,0.369165,0.063096
13420,98,15,0.029644,65,0.952288,0.343337,0.423123,0.052417
13420,70,14,0.027668,283,1.170731,0.415742,0.377126,0.034598
13420,73,12,0.023715,72,1.113594,0.388186,0.416745,0.059941
13420,18,11,0.021739,49,1.047392,0.333108,0.380607,0.054238
13420,40,11,0.021739,135,1.295593,0.28567,0.408939,0.036173
13420,0,10,0.019763,74,0.942738,0.431291,0.382292,0.040814
13440,82,19,0.037549,135,1.120907,0.399513,0.460855,0.061967
13440,99,16,0.031621,344,1.080669,0.37812,0.369107,0.063478
13440,98,15,0.029644,65,0.952288,0.343337,0.423123,0.052417
13440,70,14,0.027668,284,1.169847,0.428644,0.383475,0.033764
13440,18,12,0.023715,50,1.036802,0.335909,0.379227,0.054153
13440,40,11,0.021739,135,1.295593,0.28567,0.408939,0.036173
13440,73,11,0.021739,72,1.125418,0.388434,0.427459,0.06112
13440,74,11,0.021739,117,1.026681,0.318525,0.383442,0.050714
13460,82,19,0.037624,135,1.120907,0.399513,0.460855,0.061967
13460,99,16,0.031683,345,1.091786,0.384409,0.371502,0.061427
13460,70,15,0.029703,286,1.184141,0.425174,0.37967,0.032926
13460,98,15,0.029703,65,0.952288,0.343337,0.423123,0.052417
13460,18,12,0.023762,50,1.036802,0.335909,0.379227,0.054153
13460,73,11,0.021782,72,1.125418,0.388434,0.427459,0.06112
13460,0,10,0.019802,74,0.942738,0.431291,0.382292,0.040814
13460,40,10,0.019802,135,1.305505,0.286668,0.406605,0.036539
13480,82,20,0.039683,136,1.125394,0.405404,0.460874,0.064041
13480,98,16,0.031746,66,0.960379,0.344377,0.418128,0.052358
13480,70,15,0.029762,286,1.184141,0.425174,0.37967,0.032926
13480,99,15,0.029762,345,1.086532,0.391546,0.372471,0.057704
13480,18,12,0.02381,50,1.036802,0.335909,0.379227,0.054153
13480,71,11,0.021825,76,0.987182,0.346943,0.302282,0.054255
13480,73,11,0.021825,72,1.125418,0.388434,0.427459,0.06112
13480,74,11,0.021825,118,1.035645,0.319694,0.380815,0.051436
13500,82,20,0.039683,137,1.140162,0.409114,0.454366,0.063391
13500,98,17,0.03373,67,0.952382,0.345342,0.422166,0.051991
13500,99,16,0.031746,347,1.0973,0.374815,0.366525,0.06057
13500,70,14,0.027778,286,1.191793,0.422243,0.374204,0.033353
13500,18,11,0.021825,50,1.04407,0.334396,0.37897,0.054445
13500,64,11,0.021825,116,1.253501,0.315234,0.366554,0.034633
13500,73,11,0.021825,72,1.125418,0.388434,0.427459,0.06112
13500,11,10,0.019841,70,0.975754,0.336245,0.401274,0.04642
13520,82,20,0.039526,137,1.140162,0.409114,0.454366,0.063391
13520,98,19,0.037549,69,0.963077,0.343114,0.421686,0.051362
13520,99,16,0.031621,347,1.0973,0.374815,0.366525,0.06057
13520,70,14,0.027668,287,1.194505,0.424547,0.374383,0.033598
13520,18,11,0.021739,50,1.04407,0.334396,0.37897,0.054445
13520,73,11,0.021739,72,1.125418,0.388434,0.427459,0.06112
13520,74,11,0.021739,119,1.051531,0.313872,0.382991,0.051954
13520,11,10,0.019763,70,0.975754,0.336245,0.401274,0.04642
13540,82,20,0.040161,137,1.140162,0.409114,0.454366,0.063391
13540,98,19,0.038153,69,0.963077,0.343114,0.421686,0.051362
13540,70,15,0.03012,288,1.191013,0.419511,0.371637,0.034574
13540,99,15,0.03012,347,1.094598,0.369004,0.366848,0.061171
13540,0,10,0.02008,75,0.939797,0.434821,0.382119,0.041459
13540,11,10,0.02008,70,0.975754,0.336245,0.401274,0.04642
13540,18,10,0.02008,50,1.053728,0.334428,0.3806,0.054234
13540,39,10,0.02008,84,0.990032,0.451313,0.431565,0.060881
13560,82,20,0.039841,137,1.140162,0.409114,0.454366,0.063391
13560,98,19,0.037849,69,0.963077,0.343114,0.421686,0.051362
13560,99,16,0.031873,348,1.098443,0.375462,0.367078,0.061068
13560,70,15,0.02988,288,1.191013,0.419511,0.371637,0.034574
13560,0,10,0.01992,75,0.939797,0.434821,0.382119,0.041459
13560,11,10,0.01992,70,0.975754,0.336245,0.401274,0.04642
13560,18,10,0.01992,50,1.053728,0.334428,0.3806,0.054234
13560,39,10,0.01992,84,0.990032,0.451313,0.431565,0.060881
13580,82,20,0.039761,138,1.148331,0.413506,0.454986,0.066834
13580,98,20,0.039761,70,0.962601,0.341203,0.422771,0.051599
13580,99,16,0.031809,349,1.106101,0.374973,0.366519,0.061031
13580,70,15,0.029821,289,1.191893,0.418595,0.371129,0.035059
13580,73,11,0.021869,73,1.132498,0.382965,0.417801,0.061249
13580,0,10,0.019881,75,0.939797,0.434821,0.382119,0.041459
13580,11,10,0.019881,70,0.975754,0.336245,0.401274,0.04642
13580,18,10,0.019881,50,1.053728,0.334428,0.3806,0.054234
13600,82,22,0.042885,140,1.158561,0.414239,0.457269,0.065497
13600,98,20,0.038986,70,0.962601,0.341203,0.422771,0.051599
13600,99,17,0.033138,351,1.113681,0.368589,0.367698,0.062903
13600,70,15,0.02924,289,1.191893,0.418595,0.371129,0.035059
13600,73,11,0.021442,73,1.132498,0.382965,0.417801,0.061249
13600,0,10,0.019493,75,0.939797,0.434821,0.382119,0.041459
13600,11,10,0.019493,70,0.975754,0.336245,0.401274,0.04642
13600,18,10,0.019493,50,1.053728,0.334428,0.3806,0.054234
13620,82,22,0.043307,140,1.158561,0.414239,0.457269,0.065497
13620,98,19,0.037402,70,0.956331,0.340215,0.426959,0.051606
13620,99,16,0.031496,351,1.106586,0.365397,0.368257,0.063384
13620,70,15,0.029528,289,1.191893,0.418595,0.371129,0.035059
13620,11,10,0.019685,70,0.975754,0.336245,0.401274,0.04642
13620,18,10,0.019685,50,1.053728,0.334428,0.3806,0.054234
13620,39,10,0.019685,84,0.990032,0.451313,0.431565,0.060881
13620,73,10,0.019685,73,1.107417,0.379784,0.394925,0.061602
13640,82,21,0.041502,140,1.159086,0.410752,0.461473,0.065872
13640,98,20,0.039526,72,0.950632,0.343876,0.425313,0.05301
13640,99,16,0.031621,352,1.099335,0.378319,0.37477,0.060587
13640,70,14,0.027668,289,1.196812,0.4136,0.364994,0.035297
13640,18,11,0.021739,51,1.041673,0.334655,0.376149,0.053954
13640,11,10,0.019763,70,0.975754,0.336245,0.401274,0.04642
13640,39,10,0.019763,84,0.990032,0.451313,0.431565,0.060881
13640,40,10,0.019763,136,1.281514,0.284006,0.410822,0.035601
13660,98,20,0.03876,72,0.950632,0.343876,0.425313,0.05301
13660,82,19,0.036822,140,1.146477,0.406445,0.466122,0.068418
13660,70,17,0.032946,292,1.20191,0.411255,0.360201,0.034816
13660,99,16,0.031008,352,1.099335,0.378319,0.37477,0.060587
13660,18,11,0.021318,51,1.041673,0.334655,0.376149,0.053954
13660,94,11,0.021318,45,0.908707,0.332274,0.474801,0.052101
13660,11,10,0.01938,70,0.975754,0.336245,0.401274,0.04642
13660,13,10,0.01938,166,0.940988,0.299858,0.415748,0.057516
13680,82,19,0.036893,140,1.146477,0.406445,0.466122,0.068418
13680,98,19,0.036893,72,0.955542,0.343973,0.425108,0.053219
13680,99,18,0.034951,354,1.105101,0.373538,0.374364,0.061065
13680,70,16,0.031068,292,1.191907,0.413398,0.363523,0.034999
13680,11,11,0.021359,71,0.97081,0.334894,0.40565,0.046715
13680,18,11,0.021359,51,1.041673,0.334655,0.376149,0.053954
13680,94,11,0.021359,45,0.908707,0.332274,0.474801,0.052101
13680,13,10,0.019417,166,0.940988,0.299858,0.415748,0.057516
13700,82,20,0.038986,141,1.142802,0.410029,0.469294,0.067639
13700,98,19,0.037037,72,0.955542,0.343973,0.425108,0.053219
13700,99,18,0.035088,354,1.105101,0.373538,0.374364,0.061065
13700,70,16,0.031189,292,1.191907,0.413398,0.363523,0.034999
13700,11,11,0.021442,71,0.97081,0.334894,0.40565,0.046715
13700,18,11,0.021442,51,1.041673,0.334655,0.376149,0.053954
13700,94,11,0.021442,45,0.908707,0.332274,0.474801,0.052101
13700,0,10,0.019493,76,0.945721,0.438846,0.378511,0.041427
13720,82,20,0.038986,142,1.154004,0.415707,0.468981,0.067435
13720,98,18,0.035088,72,0.949373,0.345889,0.425133,0.053529
13720,99,18,0.035088,354,1.105101,0.373538,0.374364,0.061065
13720,70,15,0.02924,292,1.178827,0.418433,0.368232,0.035
13720,13,11,0.021442,167,0.958517,0.299798,0.417173,0.056619
13720,73,11,0.021442,74,1.11492,0.386722,0.412178,0.063648
13720,94,11,0.021442,45,0.908707,0.332274,0.474801,0.052101
13720,96,11,0.021442,113,0.809547,0.407132,0.416754,0.033724
13740,82,20,0.038986,143,1.144813,0.420439,0.467498,0.067538
13740,99,18,0.035088,354,1.105101,0.373538,0.374364,0.061065
13740,98,17,0.033138,72,0.956914,0.344837,0.422605,0.053559
13740,70,15,0.02924,292,1.178827,0.418433,0.368232,0.035
13740,64,11,0.021442,119,1.255349,0.315577,0.368859,0.03427
13740,73,11,0.021442,74,1.11492,0.386722,0.412178,0.063648
13740,94,11,0.021442,45,0.908707,0.332274,0.474801,0.052101
13740,96,11,0.021442,113,0.809547,0.407132,0.416754,0.033724
13760,82,20,0.039604,143,1.144813,0.420439,0.467498,0.067538
13760,99,18,0.035644,355,1.090621,0.378022,0.373595,0.058823
13760,70,16,0.031683,293,1.173887,0.423771,0.373128,0.034887
13760,98,16,0.031683,72,0.948055,0.344411,0.424743,0.053201
13760,64,11,0.021782,119,1.255349,0.315577,0.368859,0.03427
13760,73,11,0.021782,74,1.11492,0.386722,0.412178,0.063648
13760,96,11,0.021782,113,0.809547,0.407132,0.416754,0.033724
13760,18,10,0.019802,51,1.029351,0.338489,0.374114,0.053868
13780,82,19,0.036965,143,1.148843,0.423461,0.463769,0.066916
13780,99,18,0.035019,355,1.090621,0.378022,0.373595,0.058823
13780,70,17,0.033074,294,1.17584,0.418946,0.373173,0.034835
13780,98,16,0.031128,72,0.948055,0.344411,0.424743,0.053201
13780,73,13,0.025292,76,1.079097,0.381469,0.392845,0.063301
13780,90,12,0.023346,181,1.252596,0.38137,0.383117,0.05862
13780,18,11,0.021401,52,1.044759,0.337952,0.377408,0.054393
13780,64,11,0.021401,119,1.255349,0.315577,0.368859,0.03427
13800,82,19,0.037328,143,1.148843,0.423461,0.463769,0.066916
13800,99,18,0.035363,355,1.090621,0.378022,0.373595,0.058823
13800,70,16,0.031434,294,1.158447,0.422203,0.379158,0.034963
13800,98,16,0.031434,72,0.948055,0.344411,0.424743,0.053201
13800,73,13,0.02554,76,1.079097,0.381469,0.392845,0.063301
13800,18,11,0.021611,52,1.044759,0.337952,0.377408,0.054393
13800,64,11,0.021611,119,1.255349,0.315577,0.368859,0.03427
13800,90,11,0.021611,181,1.259037,0.386847,0.382587,0.059466
13820,82,19,0.037402,143,1.148843,0.423461,0.463769,0.066916
13820,99,17,0.033465,356,1.083667,0.380298,0.374328,0.059229
13820,70,15,0.029528,294,1.166536,0.415086,0.374936,0.035134
13820,98,15,0.029528,72,0.947688,0.347045,0.4235,0.053007
13820,73,13,0.025591,76,1.079097,0.381469,0.392845,0.063301
13820,18,12,0.023622,53,1.032817,0.340795,0.377941,0.054113
13820,64,11,0.021654,120,1.261728,0.317097,0.365339,0.035279
13820,0,10,0.019685,77,0.942997,0.440028,0.379969,0.042044
13840,82,21,0.04142,145,1.152401,0.418255,0.458824,0.065387
13840,70,17,0.033531,297,1.207917,0.405595,0.366643,0.035082
13840,99,16,0.031558,356,1.085013,0.379761,0.373112,0.05958
13840,98,15,0.029586,72,0.947688,0.347045,0.4235,0.053007
13840,73,14,0.027613,77,1.115259,0.38429,0.408569,0.063928
13840,18,13,0.025641,54,1.04377,0.338187,0.382245,0.054177
13840,64,10,0.019724,120,1.257606,0.315395,0.367161,0.034749
13840,90,10,0.019724,182,1.260138,0.375462,0.377662,0.055046
13860,82,20,0.039683,145,1.15811,0.422725,0.461355,0.066045
13860,70,17,0.03373,297,1.207917,0.405595,0.366643,0.035082
13860,98,15,0.029762,72,0.947688,0.347045,0.4235,0.053007
13860,99,15,0.029762,356,1.075881,0.382897,0.372937,0.060747
13860,73,14,0.027778,77,1.115259,0.38429,0.408569,0.063928
13860,18,12,0.02381,54,1.053991,0.338292,0.386463,0.05443
13860,64,10,0.019841,120,1.257606,0.315395,0.367161,0.034749
13860,90,10,0.019841,182,1.260138,0.375462,0.377662,0.055046
13880,82,21,0.041584,146,1.168426,0.424528,0.458924,0.066042
13880,70,16,0.031683,297,1.207151,0.408762,0.372309,0.035403
13880,98,15,0.029703,73,0.952827,0.347826,0.423873,0.053796
13880,99,15,0.029703,356,1.075881,0.382897,0.372937,0.060747
13880,73,13,0.025743,77,1.091085,0.386395,0.40266,0.06391
13880,18,12,0.023762,55,1.028165,0.338534,0.381554,0.055322
13880,64,10,0.019802,120,1.257606,0.315395,0.367161,0.034749
13880,71,10,0.019802,80,0.976798,0.343886,0.302975,0.056862
13900,82,21,0.041584,146,1.168426,0.424528,0.458924,0.066042
13900,70,15,0.029703,297,1.187604,0.411876,0.378349,0.035458
13900,98,15,0.029703,73,0.952827,0.347826,0.423873,0.053796
13900,99,14,0.027723,356,1.070149,0.376509,0.373108,0.060834
13900,73,12,0.023762,77,1.061363,0.388988,0.396302,0.064098
13900,18,11,0.021782,55,1.029809,0.342069,0.380397,0.056113
13900,13,10,0.019802,170,0.948271,0.290795,0.411969,0.056246
13900,64,10,0.019802,120,1.257606,0.315395,0.367161,0.034749
13920,82,21,0.041502,146,1.168426,0.424528,0.458924,0.066042
13920,98,15,0.029644,73,0.952827,0.347826,0.423873,0.053796
13920,99,15,0.029644,357,1.067608,0.37328,0.374218,0.0597
13920,70,14,0.027668,298,1.157736,0.428865,0.39244,0.035852
13920,73,12,0.023715,77,1.061363,0.388988,0.396302,0.064098
13920,18,11,0.021739,55,1.029809,0.342069,0.380397,0.056113
13920,71,11,0.021739,81,0.980336,0.340833,0.306074,0.055573
13920,74,11,0.021739,124,1.034298,0.315873,0.379424,0.051175
13940,82,19,0.037924,146,1.158915,0.414228,0.460182,0.062349
13940,98,15,0.02994,73,0.952827,0.347826,0.423873,0.053796
13940,99,15,0.02994,357,1.067608,0.37328,0.374218,0.0597
13940,70,14,0.027944,298,1.157736,0.428865,0.39244,0.035852
13940,73,12,0.023952,77,1.061363,0.388988,0.396302,0.064098
13940,71,11,0.021956,81,0.980336,0.340833,0.306074,0.055573
13940,74,11,0.021956,124,1.034298,0.315873,0.379424,0.051175
13940,13,10,0.01996,170,0.948271,0.290795,0.411969,0.056246
13960,82,19,0.038384,146,1.158915,0.414228,0.460182,0.062349
13960,70,16,0.032323,300,1.178385,0.419578,0.379188,0.035235
13960,98,15,0.030303,73,0.952827,0.347826,0.423873,0.053796
13960,99,15,0.030303,358,1.0567,0.375284,0.373048,0.060181
13960,73,12,0.024242,77,1.061363,0.388988,0.396302,0.064098
13960,74,11,0.022222,124,1.034298,0.315873,0.379424,0.051175
13960,13,10,0.020202,170,0.948271,0.290795,0.411969,0.056246
13960,18,10,0.020202,55,1.012764,0.34202,0.379145,0.056041
13980,82,18,0.036364,146,1.147505,0.413668,0.462873,0.063217
13980,70,15,0.030303,300,1.180978,0.414719,0.375776,0.035299
13980,98,15,0.030303,73,0.952827,0.347826,0.423873,0.053796
13980,99,15,0.030303,358,1.0567,0.375284,0.373048,0.060181
13980,73,13,0.026263,78,1.048112,0.385376,0.387607,0.064204
13980,74,11,0.022222,124,1.034298,0.315873,0.379424,0.051175
13980,0,10,0.020202,79,0.956173,0.441917,0.383411,0.041626
13980,18,10,0.020202,55,1.012764,0.34202,0.379145,0.056041
14000,82,19,0.037109,147,1.161343,0.416595,0.464082,0.062718
14000,70,17,0.033203,302,1.21522,0.407682,0.364245,0.034268
14000,98,15,0.029297,73,0.952827,0.347826,0.423873,0.053796
14000,73,14,0.027344,79,1.066785,0.388614,0.400607,0.06344
14000,99,14,0.027344,359,1.067742,0.372865,0.367648,0.063031
14000,74,11,0.021484,124,1.034298,0.315873,0.379424,0.051175
14000,0,10,0.019531,79,0.956173,0.441917,0.383411,0.041626
14000,18,10,0.019531,55,1.012764,0.34202,0.379145,0.056041
14020,82,18,0.034884,147,1.164442,0.418412,0.4599,0.063318
14020,70,16,0.031008,302,1.219788,0.411349,0.366186,0.033394
14020,73,16,0.031008,81,1.043993,0.386078,0.385511,0.061706
14020,99,16,0.031008,361,1.064038,0.366081,0.371777,0.060212
14020,98,15,0.02907,73,0.952827,0.347826,0.423873,0.053796
14020,74,11,0.021318,124,1.034298,0.315873,0.379424,0.051175
14020,0,10,0.01938,79,0.956173,0.441917,0.383411,0.041626
14020,18,10,0.01938,55,1.012764,0.34202,0.379145,0.056041
14040,82,18,0.034286,147,1.164442,0.418412,0.4599,0.063318
14040,99,17,0.032381,362,1.063111,0.368699,0.372018,0.06002
14040,70,16,0.030476,302,1.219788,0.411349,0.366186,0.033394
14040,73,16,0.030476,81,1.043993,0.386078,0.385511,0.061706
14040,98,15,0.028571,73,0.952827,0.347826,0.423873,0.053796
14040,74,13,0.024762,126,1.041965,0.315019,0.377461,0.051893
14040,0,11,0.020952,80,0.959643,0.444552,0.380875,0.042379
14040,13,10,0.019048,172,0.95423,0.299612,0.406383,0.056098
14060,82,18,0.035156,147,1.164442,0.418412,0.4599,0.063318
14060,99,17,0.033203,362,1.063111,0.368699,0.372018,0.06002
14060,73,16,0.03125,81,1.043993,0.386078,0.385511,0.061706
14060,70,15,0.029297,302,1.21495,0.415502,0.371392,0.033276
14060,98,15,0.029297,73,0.952827,0.347826,0.423873,0.053796
14060,18,11,0.021484,56,1.034655,0.340069,0.380607,0.056762
14060,0,10,0.019531,80,0.950577,0.443672,0.382754,0.042134
14060,39,10,0.019531,87,0.992869,0.447876,0.434342,0.060631
14080,82,20,0.038835,149,1.160998,0.422187,0.464229,0.065591
14080,70,16,0.031068,303,1.220353,0.410539,0.370347,0.033527
14080,73,16,0.031068,81,1.043993,0.386078,0.385511,0.061706
14080,98,16,0.031068,74,0.964049,0.346248,0.419968,0.053345
14080,99,15,0.029126,362,1.056882,0.374797,0.376694,0.057178
14080,18,11,0.021359,56,1.034655,0.340069,0.380607,0.056762
14080,74,11,0.021359,127,1.044738,0.316213,0.382661,0.052782
14080,0,10,0.019417,80,0.950577,0.443672,0.382754,0.042134
14100,82,19,0.037109,149,1.149749,0.420165,0.467067,0.065571
14100,73,16,0.03125,81,1.043993,0.386078,0.385511,0.061706
14100,70,15,0.029297,303,1.201054,0.414998,0.376266,0.033818
14100,98,15,0.029297,74,0.961806,0.347734,0.420212,0.05335
14100,99,15,0.029297,363,1.055968,0.37219,0.371216,0.061137
14100,18,11,0.021484,56,1.034655,0.340069,0.380607,0.056762
14100,74,11,0.021484,127,1.044738,0.316213,0.382661,0.052782
14100,0,10,0.019531,80,0.950577,0.443672,0.382754,0.042134
14120,82,20,0.038911,150,1.164911,0.424364,0.467259,0.06489
14120,99,18,0.035019,366,1.060603,0.378147,0.37428,0.060829
14120,70,15,0.029183,303,1.201054,0.414998,0.376266,0.033818
14120,73,15,0.029183,81,1.026314,0.382509,0.37177,0.060618
14120,98,15,0.029183,74,0.961806,0.347734,0.420212,0.05335
14120,18,11,0.021401,57,1.03002,0.339434,0.382971,0.056047
14120,74,11,0.021401,127,1.044738,0.316213,0.382661,0.052782
14120,0,10,0.019455,80,0.950577,0.443672,0.382754,0.042134
14140,82,21,0.040462,152,1.165901,0.431579,0.470162,0.067355
14140,99,18,0.034682,367,1.073019,0.370648,0.374948,0.059615
14140,70,16,0.030829,304,1.196813,0.419046,0.38105,0.033889
14140,98,16,0.030829,75,0.954445,0.349643,0.421847,0.052992
14140,73,13,0.025048,81,1.049099,0.386903,0.386149,0.060855
14140,18,12,0.023121,58,1.04281,0.338955,0.385667,0.056238
14140,72,11,0.021195,131,1.041201,0.297472,0.435704,0.047296
14140,74,11,0.021195,127,1.044738,0.316213,0.382661,0.052782
14160,82,21,0.04023,152,1.165901,0.431579,0.470162,0.067355
14160,99,18,0.034483,368,1.076511,0.367081,0.371552,0.062332
14160,98,16,0.030651,75,0.954445,0.349643,0.421847,0.052992
14160,70,15,0.028736,305,1.162243,0.422404,0.391236,0.035795
14160,73,14,0.02682,82,1.074374,0.389898,0.399654,0.061369
14160,18,12,0.022989,58,1.04281,0.338955,0.385667,0.056238
14160,72,12,0.022989,132,1.032787,0.299233,0.431785,0.046749
14160,64,11,0.021073,125,1.233156,0.313747,0.36809,0.033799
14180,82,20,0.038168,152,1.168222,0.436438,0.473028,0.068318
14180,99,17,0.032443,368,1.074944,0.370805,0.369005,0.063788
14180,98,16,0.030534,75,0.954445,0.349643,0.421847,0.052992
14180,70,15,0.028626,305,1.162243,0.422404,0.391236,0.035795
14180,73,13,0.024809,82,1.087667,0.391366,0.408372,0.062518
14180,18,12,0.022901,58,1.04281,0.338955,0.385667,0.056238
14180,72,12,0.022901,133,1.031105,0.296954,0.428752,0.046384
14180,64,11,0.020992,125,1.233156,0.313747,0.36809,0.033799
14200,82,20,0.038023,153,1.152577,0.438489,0.474472,0.068376
14200,70,17,0.032319,307,1.178243,0.415031,0.379402,0.035318
14200,99,17,0.032319,369,1.075531,0.376269,0.366671,0.064393
14200,98,16,0.030418,75,0.954445,0.349643,0.421847,0.052992
14200,73,14,0.026616,83,1.136839,0.398107,0.424761,0.062176
14200,18,13,0.024715,59,1.055665,0.340833,0.388949,0.057323
14200,72,12,0.022814,134,1.031134,0.303015,0.437814,0.046727
14200,64,11,0.020913,125,1.233156,0.313747,0.36809,0.033799
14220,82,21,0.040619,154,1.145365,0.441658,0.478177,0.069176
14220,99,17,0.032882,369,1.075531,0.376269,0.366671,0.064393
14220,70,16,0.030948,307,1.183318,0.411574,0.373876,0.035129
14220,98,16,0.030948,75,0.954445,0.349643,0.421847,0.052992
14220,72,13,0.025145,135,1.025013,0.299657,0.435842,0.045922
14220,73,13,0.025145,83,1.155902,0.402383,0.435855,0.062382
14220,18,12,0.023211,59,1.045704,0.343661,0.385203,0.057521
14220,64,11,0.021277,125,1.233156,0.313747,0.36809,0.033799
14240,82,22,0.041905,156,1.178862,0.450587,0.476199,0.069207
14240,70,16,0.030476,308,1.179775,0.411877,0.372457,0.036119
14240,99,16,0.030476,369,1.079106,0.381726,0.370364,0.061966
14240,98,15,0.028571,75,0.942583,0.351448,0.425877,0.05342
14240,72,13,0.024762,135,1.025013,0.299657,0.435842,0.045922
14240,73,13,0.024762,83,1.155902,0.402383,0.435855,0.062382
14240,18,12,0.022857,59,1.045704,0.343661,0.385203,0.057521
14240,64,12,0.022857,127,1.250241,0.313985,0.365219,0.035099
14260,82,21,0.039773,156,1.171963,0.447443,0.476281,0.06768
14260,70,16,0.030303,308,1.179775,0.411877,0.372457,0.036119
14260,99,16,0.030303,369,1.079106,0.381726,0.370364,0.061966
14260,18,14,0.026515,61,1.035863,0.344284,0.385232,0.056996
14260,98,14,0.026515,75,0.949907,0.352262,0.42146,0.052982
14260,72,13,0.024621,135,1.025013,0.299657,0.435842,0.045922
14260,73,13,0.024621,83,1.155902,0.402383,0.435855,0.062382
14260,64,12,0.022727,127,1.250241,0.313985,0.365219,0.035099
14280,82,21,0.04,157,1.178161,0.449336,0.47607,0.067562
14280,99,16,0.030476,369,1.079106,0.381726,0.370364,0.061966
14280,70,15,0.028571,308,1.171531,0.416005,0.377256,0.036253
14280,18,14,0.026667,61,1.035863,0.344284,0.385232,0.056996
14280,98,14,0.026667,75,0.949907,0.352262,0.42146,0.052982
14280,72,13,0.024762,135,1.025013,0.299657,0.435842,0.045922
14280,73,13,0.024762,83,1.155902,0.402383,0.435855,0.062382
14280,13,11,0.020952,176,0.940055,0.300999,0.407707,0.05793
14300,82,21,0.039773,157,1.178161,0.449336,0.47607,0.067562
14300,99,16,0.030303,369,1.079106,0.381726,0.370364,0.061966
14300,70,15,0.028409,308,1.171531,0.416005,0.377256,0.036253
14300,73,15,0.028409,85,1.126656,0.401984,0.41505,0.062784
14300,18,14,0.026515,61,1.035863,0.344284,0.385232,0.056996
14300,98,14,0.026515,75,0.949907,0.352262,0.42146,0.052982
14300,72,13,0.024621,135,1.025013,0.299657,0.435842,0.045922
14300,13,11,0.020833,176,0.940055,0.300999,0.407707,0.05793
14320,82,21,0.039698,157,1.178161,0.449336,0.47607,0.067562
14320,70,17,0.032136,310,1.188244,0.407886,0.367648,0.036305
14320,99,16,0.030246,369,1.079106,0.381726,0.370364,0.061966
14320,73,15,0.028355,85,1.126656,0.401984,0.41505,0.062784
14320,98,15,0.028355,76,0.953715,0.350481,0.418396,0.052645
14320,18,14,0.026465,61,1.035863,0.344284,0.385232,0.056996
14320,72,13,0.024575,136,1.033337,0.299314,0.439498,0.044208
14320,74,12,0.022684,131,1.046907,0.310751,0.377442,0.052727
14340,82,22,0.041509,158,1.18894,0.447403,0.472445,0.066762
14340,99,17,0.032075,370,1.071073,0.385923,0.370525,0.06203
14340,70,16,0.030189,310,1.181694,0.410284,0.373074,0.036739
14340,18,15,0.028302,62,1.047124,0.344044,0.389435,0.057958
14340,73,15,0.028302,85,1.126656,0.401984,0.41505,0.062784
14340,98,15,0.028302,76,0.953715,0.350481,0.418396,0.052645
14340,72,14,0.026415,137,1.035828,0.300772,0.439368,0.044084
14340,74,12,0.022642,131,1.046907,0.310751,0.377442,0.052727
14360,82,21,0.039773,158,1.18924,0.444442,0.473632,0.064794
14360,70,16,0.030303,310,1.181694,0.410284,0.373074,0.036739
14360,73,16,0.030303,86,1.137602,0.405375,0.428234,0.062372
14360,99,16,0.030303,370,1.065851,0.388973,0.370321,0.063062
14360,18,15,0.028409,62,1.047124,0.344044,0.389435,0.057958
14360,98,15,0.028409,76,0.953715,0.350481,0.418396,0.052645
14360,72,13,0.024621,137,1.035609,0.301003,0.440672,0.044255
14360,74,12,0.022727,131,1.046907,0.310751,0.377442,0.052727
14380,82,21,0.040076,158,1.18924,0.444442,0.473632,0.064794
14380,99,18,0.034351,372,1.058837,0.391355,0.373604,0.062317
14380,73,16,0.030534,86,1.137602,0.405375,0.428234,0.062372
14380,70,15,0.028626,310,1.174053,0.41463,0.378015,0.036811
14380,98,15,0.028626,76,0.953715,0.350481,0.418396,0.052645
14380,18,13,0.024809,62,1.042192,0.34478,0.390232,0.057742
14380,72,13,0.024809,137,1.035609,0.301003,0.440672,0.044255
14380,13,12,0.022901,177,0.949418,0.302705,0.409504,0.058972
14400,82,20,0.03861,158,1.195054,0.442758,0.470835,0.065392
14400,98,17,0.032819,78,0.939968,0.35075,0.423763,0.052764
14400,99,17,0.032819,373,1.055187,0.382325,0.373201,0.060577
14400,73,16,0.030888,86,1.137602,0.405375,0.428234,0.062372
14400,70,14,0.027027,311,1.186248,0.419703,0.379879,0.035705
14400,18,13,0.025097,62,1.042192,0.34478,0.390232,0.057742
14400,74,13,0.025097,132,1.038673,0.312654,0.37876,0.052054
14400,0,11,0.021236,83,0.958794,0.449452,0.369608,0.042616
14420,82,20,0.03861,159,1.185427,0.438469,0.46667,0.065015
14420,73,17,0.032819,87,1.166524,0.404327,0.437083,0.062711
14420,98,17,0.032819,78,0.939968,0.35075,0.423763,0.052764
14420,99,16,0.030888,373,1.061198,0.384553,0.372141,0.061161
14420,70,14,0.027027,311,1.186248,0.419703,0.379879,0.035705
14420,18,13,0.025097,63,1.032445,0.348649,0.38812,0.056992
14420,74,13,0.025097,132,1.038673,0.312654,0.37876,0.052054
14420,40,12,0.023166,146,1.288914,0.283512,0.40366,0.03594
14440,82,20,0.038314,159,1.185427,0.438469,0.46667,0.065015
14440,73,17,0.032567,87,1.166524,0.404327,0.437083,0.062711
14440,98,17,0.032567,78,0.939968,0.35075,0.423763,0.052764
14440,99,16,0.030651,373,1.061198,0.384553,0.372141,0.061161
14440,70,15,0.028736,313,1.216053,0.413763,0.371761,0.034819
14440,18,13,0.024904,63,1.032445,0.348649,0.38812,0.056992
14440,74,13,0.024904,133,1.036328,0.312769,0.380054,0.051704
14440,40,12,0.022989,146,1.288914,0.283512,0.40366,0.03594
14460,82,20,0.03861,159,1.185427,0.438469,0.46667,0.065015
14460,73,17,0.032819,89,1.129449,0.403653,0.42084,0.063016
14460,98,17,0.032819,78,0.939968,0.35075,0.423763,0.052764
14460,70,15,0.028958,313,1.216053,0.413763,0.371761,0.034819
14460,99,15,0.028958,374,1.038924,0.3817,0.38001,0.058304
14460,74,14,0.027027,134,1.030837,0.312312,0.380027,0.052015
14460,18,13,0.025097,63,1.032445,0.348649,0.38812,0.056992
14460,0,11,0.021236,84,0.96176,0.453961,0.367052,0.042403
14480,82,20,0.03861,159,1.185427,0.438469,0.46667,0.065015
14480,73,17,0.032819,89,1.129449,0.403653,0.42084,0.063016
14480,70,16,0.030888,314,1.207095,0.419637,0.377512,0.034684
14480,98,16,0.030888,78,0.935776,0.352325,0.426779,0.053066
14480,99,15,0.028958,374,1.038924,0.3817,0.38001,0.058304
14480,18,13,0.025097,63,1.032445,0.348649,0.38812,0.056992
14480,74,13,0.025097,134,1.027135,0.312532,0.380852,0.052243
14480,0,11,0.021236,84,0.96176,0.453961,0.367052,0.042403
14500,82,19,0.036398,159,1.170812,0.436725,0.469799,0.065895
14500,73,17,0.032567,89,1.129449,0.403653,0.42084,0.063016
14500,98,16,0.030651,78,0.935776,0.352325,0.426779,0.053066
14500,70,15,0.028736,314,1.216247,0.413619,0.370605,0.034733
14500,99,15,0.028736,374,1.038924,0.3817,0.38001,0.058304
14500,18,14,0.02682,64,1.038563,0.34769,0.389623,0.057539
14500,74,13,0.024904,134,1.027135,0.312532,0.380852,0.052243
14500,21,11,0.021073,54,1.044496,0.34061,0.40202,0.050265
14520,82,18,0.034615,159,1.18024,0.43293,0.465217,0.064823
14520,73,17,0.032692,89,1.129449,0.403653,0.42084,0.063016
14520,98,16,0.030769,78,0.935776,0.352325,0.426779,0.053066
14520,99,16,0.030769,375,1.052959,0.377887,0.381391,0.056546
14520,70,15,0.028846,314,1.216247,0.413619,0.370605,0.034733
14520,18,14,0.026923,64,1.038563,0.34769,0.389623,0.057539
14520,74,13,0.025,134,1.027135,0.312532,0.380852,0.052243
14520,0,11,0.021154,85,0.959456,0.45037,0.379198,0.041942
14540,82,17,0.032755,159,1.166413,0.434467,0.46927,0.065698
14540,99,17,0.032755,377,1.061953,0.382032,0.382734,0.056699
14540,98,16,0.030829,78,0.935776,0.352325,0.426779,0.053066
14540,73,15,0.028902,89,1.074335,0.396378,0.396456,0.064001
14540,18,14,0.026975,64,1.038563,0.34769,0.389623,0.057539
14540,70,14,0.026975,314,1.214214,0.418811,0.373366,0.033419
14540,74,13,0.025048,134,1.027135,0.312532,0.380852,0.052243
14540,40,12,0.023121,148,1.299629,0.283891,0.402639,0.036101
14560,98,18,0.034749,80,0.927677,0.358315,0.426041,0.053141
14560,99,17,0.032819,377,1.061953,0.382032,0.382734,0.056699
14560,82,16,0.030888,159,1.152493,0.427294,0.464565,0.062873
14560,73,15,0.028958,89,1.074335,0.396378,0.396456,0.064001
14560,18,14,0.027027,64,1.038563,0.34769,0.389623,0.057539
14560,70,14,0.027027,315,1.191269,0.432498,0.387127,0.034097
14560,40,12,0.023166,148,1.299629,0.283891,0.402639,0.036101
14560,74,12,0.023166,134,1.034408,0.310619,0.379709,0.052931
14580,98,17,0.03301,80,0.9309,0.358113,0.424094,0.053073
14580,99,17,0.03301,377,1.061953,0.382032,0.382734,0.056699
14580,82,16,0.031068,159,1.152493,0.427294,0.464565,0.062873
14580,73,15,0.029126,89,1.074335,0.396378,0.396456,0.064001
14580,18,13,0.025243,64,1.051339,0.346155,0.389574,0.058278
14580,70,13,0.025243,315,1.195737,0.428862,0.382075,0.034031
14580,74,13,0.025243,136,1.025862,0.314201,0.377156,0.054387
14580,40,12,0.023301,148,1.299629,0.283891,0.402639,0.036101
14600,82,20,0.038314,163,1.168412,0.429935,0.454609,0.062303
14600,98,17,0.032567,80,0.9309,0.358113,0.424094,0.053073
14600,99,15,0.028736,377,1.074998,0.379005,0.38299,0.056839
14600,73,14,0.02682,89,1.088047,0.395427,0.400929,0.064819
14600,18,13,0.024904,64,1.051339,0.346155,0.389574,0.058278
14600,70,13,0.024904,317,1.210055,0.419944,0.368278,0.033346
14600,74,13,0.024904,136,1.025862,0.314201,0.377156,0.054387
14600,0,12,0.022989,87,0.952542,0.449985,0.384877,0.042944
14620,82,20,0.037951,163,1.168412,0.429935,0.454609,0.062303
14620,98,17,0.032258,80,0.9309,0.358113,0.424094,0.053073
14620,99,16,0.030361,378,1.080122,0.381996,0.381559,0.057232
14620,70,15,0.028463,319,1.22124,0.411061,0.355899,0.03381
14620,73,14,0.026565,89,1.088047,0.395427,0.400929,0.064819
14620,0,13,0.024668,88,0.945248,0.450423,0.380742,0.042905
14620,18,13,0.024668,64,1.051339,0.346155,0.389574,0.058278
14620,74,13,0.024668,136,1.025862,0.314201,0.377156,0.054387
14640,82,20,0.037951,163,1.168412,0.429935,0.454609,0.062303
14640,98,17,0.032258,80,0.9309,0.358113,0.424094,0.053073
14640,70,16,0.030361,320,1.213122,0.416527,0.364446,0.033568
14640,99,16,0.030361,379,1.070963,0.384949,0.377065,0.060841
14640,0,13,0.024668,88,0.945248,0.450423,0.380742,0.042905
14640,18,13,0.024668,64,1.051339,0.346155,0.389574,0.058278
14640,73,13,0.024668,90,1.08846,0.404377,0.415628,0.064297
14640,74,13,0.024668,136,1.025862,0.314201,0.377156,0.054387
14660,82,20,0.037313,163,1.168412,0.429935,0.454609,0.062303
14660,98,17,0.031716,80,0.9309,0.358113,0.424094,0.053073
14660,99,16,0.029851,379,1.070963,0.384949,0.377065,0.060841
14660,70,15,0.027985,320,1.200695,0.421329,0.370602,0.033908
14660,0,13,0.024254,88,0.945248,0.450423,0.380742,0.042905
14660,64,13,0.024254,134,1.23169,0.307929,0.368655,0.035323
14660,74,13,0.024254,136,1.025862,0.314201,0.377156,0.054387
14660,18,12,0.022388,64,1.038124,0.344721,0.386344,0.057272
14680,82,22,0.041045,165,1.166921,0.437713,0.454238,0.061336
14680,99,16,0.029851,379,1.070963,0.384949,0.377065,0.060841
14680,98,15,0.027985,80,0.933569,0.359746,0.424485,0.052909
14680,70,14,0.026119,321,1.199499,0.4122,0.370231,0.034539
14680,74,13,0.024254,137,1.029306,0.314558,0.379058,0.054215
14680,0,12,0.022388,88,0.940692,0.455025,0.374072,0.04286
14680,18,12,0.022388,64,1.038124,0.344721,0.386344,0.057272
14680,73,12,0.022388,90,1.070682,0.400057,0.398098,0.064972
14700,82,22,0.040665,165,1.166921,0.437713,0.454238,0.061336
14700,98,16,0.029575,81,0.925636,0.358777,0.429902,0.052563
14700,99,16,0.029575,380,1.071059,0.376524,0.375852,0.062193
14700,70,13,0.02403,321,1.182241,0.416806,0.377236,0.035321
14700,73,13,0.02403,91,1.0914,0.401147,0.408902,0.065497
14700,74,13,0.02403,137,1.029306,0.314558,0.379058,0.054215
14700,0,12,0.022181,88,0.940692,0.455025,0.374072,0.04286
14700,18,12,0.022181,64,1.038124,0.344721,0.386344,0.057272
14720,82,22,0.040367,165,1.166921,0.437713,0.454238,0.061336
14720,99,17,0.031193,381,1.074188,0.381282,0.376746,0.062482
14720,98,16,0.029358,81,0.925636,0.358777,0.429902,0.052563
14720,73,15,0.027523,93,1.127872,0.408738,0.433285,0.067366
14720,70,14,0.025688,323,1.179637,0.412201,0.369758,0.034411
14720,0,12,0.022018,88,0.940692,0.455025,0.374072,0.04286
14720,64,12,0.022018,136,1.236625,0.31271,0.368965,0.034768
14720,18,11,0.020183,64,1.04573,0.341633,0.389367,0.057933
14740,82,20,0.036832,166,1.161249,0.438822,0.463857,0.063251
14740,99,18,0.033149,383,1.046045,0.390142,0.376878,0.063152
14740,70,16,0.029466,325,1.171284,0.413464,0.369829,0.035344
14740,98,16,0.029466,81,0.925636,0.358777,0.429902,0.052563
14740,73,15,0.027624,93,1.127872,0.408738,0.433285,0.067366
14740,0,12,0.022099,88,0.940692,0.455025,0.374072,0.04286
14740,50,12,0.022099,74,0.901874,0.381207,0.43206,0.049685
14740,74,12,0.022099,138,1.029574,0.313618,0.380703,0.052798
14760,82,22,0.039927,168,1.161891,0.447188,0.465929,0.064776
14760,99,17,0.030853,383,1.039521,0.387982,0.377864,0.063153
14760,70,16,0.029038,325,1.171284,0.413464,0.369829,0.035344
14760,98,16,0.029038,81,0.925636,0.358777,0.429902,0.052563
14760,73,15,0.027223,93,1.127872,0.408738,0.433285,0.067366
14760,74,13,0.023593,139,1.027601,0.312821,0.381652,0.05329
14760,0,12,0.021779,88,0.940692,0.455025,0.374072,0.04286
14760,18,12,0.021779,65,1.059546,0.341007,0.390065,0.057724
14780,82,21,0.037906,168,1.166383,0.452626,0.466811,0.065296
14780,99,17,0.030686,383,1.039521,0.387982,0.377864,0.063153
14780,73,16,0.028881,94,1.147213,0.413132,0.449104,0.067692
14780,98,16,0.028881,81,0.925636,0.358777,0.429902,0.052563
14780,70,15,0.027076,325,1.17574,0.408871,0.365526,0.035547
14780,72,13,0.023466,143,1.040978,0.301351,0.44721,0.046091
14780,74,13,0.023466,139,1.027601,0.312821,0.381652,0.05329
14780,0,12,0.021661,88,0.940692,0.455025,0.374072,0.04286
14800,82,21,0.038113,168,1.166383,0.452626,0.466811,0.065296
14800,99,19,0.034483,385,1.044621,0.39433,0.376559,0.062978
14800,73,16,0.029038,94,1.147213,0.413132,0.449104,0.067692
14800,98,16,0.029038,81,0.925636,0.358777,0.429902,0.052563
14800,70,15,0.027223,326,1.172063,0.419123,0.37662,0.035473
14800,72,13,0.023593,143,1.040978,0.301351,0.44721,0.046091
14800,74,13,0.023593,139,1.027601,0.312821,0.381652,0.05329
14800,0,12,0.021779,88,0.940692,0.455025,0.374072,0.04286
14820,82,21,0.038182,168,1.166383,0.452626,0.466811,0.065296
14820,99,18,0.032727,385,1.044167,0.392819,0.376366,0.063052
14820,73,16,0.029091,94,1.147213,0.413132,0.449104,0.067692
14820,98,16,0.029091,81,0.925636,0.358777,0.429902,0.052563
14820,70,15,0.027273,326,1.172063,0.419123,0.37662,0.035473
14820,64,13,0.023636,138,1.232506,0.314051,0.363206,0.035482
14820,72,13,0.023636,143,1.040978,0.301351,0.44721,0.046091
14820,74,13,0.023636,139,1.027601,0.312821,0.381652,0.05329
14840,82,20,0.03643,169,1.173654,0.458591,0.462483,0.063634
14840,99,17,0.030965,385,1.049768,0.388111,0.373882,0.063025
14840,73,16,0.029144,94,1.147213,0.413132,0.449104,0.067692
14840,98,16,0.029144,82,0.93247,0.352618,0.426907,0.050835
14840,70,14,0.025501,326,1.163373,0.424355,0.384226,0.03586
14840,18,13,0.023679,66,1.066685,0.34086,0.394629,0.056528
14840,64,13,0.023679,138,1.232506,0.314051,0.363206,0.035482
14840,74,13,0.023679,139,1.027601,0.312821,0.381652,0.05329
14860,82,20,0.036101,169,1.173654,0.458591,0.462483,0.063634
14860,73,18,0.032491,96,1.195154,0.414002,0.45839,0.067538
14860,99,18,0.032491,386,1.054434,0.387167,0.374637,0.061403
14860,98,16,0.028881,82,0.93247,0.352618,0.426907,0.050835
14860,70,14,0.025271,326,1.163373,0.424355,0.384226,0.03586
14860,18,13,0.023466,66,1.066685,0.34086,0.394629,0.056528
14860,64,13,0.023466,139,1.217056,0.311473,0.363339,0.035355
14860,74,13,0.023466,139,1.027601,0.312821,0.381652,0.05329
14880,82,21,0.037838,170,1.178927,0.455401,0.458145,0.063257
14880,70,18,0.032432,330,1.173236,0.424932,0.382932,0.035268
14880,73,18,0.032432,96,1.195154,0.414002,0.45839,0.067538
14880,99,17,0.030631,386,1.057621,0.389639,0.373731,0.062432
14880,98,16,0.028829,82,0.93247,0.352618,0.426907,0.050835
14880,64,13,0.023423,139,1.217056,0.311473,0.363339,0.035355
14880,0,12,0.021622,88,0.940692,0.455025,0.374072,0.04286
14880,18,12,0.021622,66,1.055179,0.340874,0.390158,0.055286
14900,82,20,0.036232,170,1.170958,0.452877,0.459208,0.061869
14900,70,18,0.032609,330,1.173236,0.424932,0.382932,0.035268
14900,73,18,0.032609,96,1.195154,0.414002,0.45839,0.067538
14900,99,17,0.030797,387,1.053225,0.396838,0.372165,0.06094
14900,98,16,0.028986,82,0.93247,0.352618,0.426907,0.050835
14900,74,13,0.023551,141,1.035441,0.313735,0.381908,0.052967
14900,0,12,0.021739,88,0.940692,0.455025,0.374072,0.04286
14900,18,12,0.021739,66,1.055179,0.340874,0.390158,0.055286
14920,82,20,0.036832,170,1.170958,0.452877,0.459208,0.061869
14920,70,17,0.031308,330,1.178053,0.420603,0.376479,0.035581
14920,73,17,0.031308,96,1.19546,0.411526,0.45096,0.066563
14920,98,16,0.029466,82,0.93247,0.352618,0.426907,0.050835
14920,99,16,0.029466,387,1.048786,0.393053,0.370985,0.060554
14920,18,13,0.023941,67,1.048194,0.344748,0.391657,0.055311
14920,0,12,0.022099,88,0.940692,0.455025,0.374072,0.04286
14920,64,12,0.022099,139,1.223444,0.312484,0.362791,0.03535
14940,82,21,0.038745,171,1.176909,0.451532,0.457939,0.060839
14940,70,16,0.02952,330,1.180536,0.427469,0.379059,0.035177
14940,73,16,0.02952,96,1.178346,0.407769,0.438193,0.065356
14940,98,16,0.02952,82,0.93247,0.352618,0.426907,0.050835
14940,99,16,0.02952,387,1.048786,0.393053,0.370985,0.060554
14940,18,13,0.023985,67,1.048194,0.344748,0.391657,0.055311
14940,64,13,0.023985,140,1.224051,0.312039,0.364648,0.035278
14940,74,13,0.023985,142,1.033025,0.314933,0.380379,0.052085
14960,82,21,0.039548,171,1.176909,0.451532,0.457939,0.060839
14960,70,16,0.030132,330,1.180536,0.427469,0.379059,0.035177
14960,98,16,0.030132,82,0.93247,0.352618,0.426907,0.050835
14960,99,16,0.030132,387,1.048786,0.393053,0.370985,0.060554
14960,73,15,0.028249,96,1.167568,0.407338,0.431503,0.064927
14960,18,13,0.024482,67,1.048194,0.344748,0.391657,0.055311
14960,64,13,0.024482,141,1.229774,0.313238,0.364802,0.035621
14960,74,13,0.024482,142,1.033025,0.314933,0.380379,0.052085
14980,82,21,0.038961,171,1.176909,0.451532,0.457939,0.060839
14980,70,18,0.033395,332,1.211163,0.417635,0.368066,0.033975
14980,99,18,0.033395,389,1.049216,0.393199,0.370773,0.060051
14980,73,17,0.03154,98,1.132327,0.401641,0.414856,0.064117
14980,98,16,0.029685,82,0.93247,0.352618,0.426907,0.050835
14980,18,13,0.024119,67,1.048194,0.344748,0.391657,0.055311
14980,64,12,0.022263,141,1.225006,0.313376,0.366299,0.035131
14980,74,12,0.022263,142,1.027179,0.314332,0.3807,0.051903
15000,82,21,0.038745,171,1.176909,0.451532,0.457939,0.060839
15000,70,17,0.031365,332,1.204379,0.421152,0.372955,0.034005
15000,73,17,0.031365,98,1.132327,0.401641,0.414856,0.064117
15000,98,17,0.031365,83,0.942332,0.35259,0.422673,0.05116
15000,99,17,0.031365,389,1.046708,0.390633,0.370929,0.060295
15000,18,13,0.023985,67,1.048194,0.344748,0.391657,0.055311
15000,74,13,0.023985,143,1.033456,0.311509,0.380226,0.051446
15000,64,12,0.02214,141,1.225006,0.313376,0.366299,0.035131
15020,82,21,0.038889,171,1.176909,0.451532,0.457939,0.060839
15020,73,18,0.033333,99,1.14303,0.400596,0.423664,0.064181
15020,70,17,0.031481,332,1.204379,0.421152,0.372955,0.034005
15020,98,17,0.031481,83,0.942332,0.35259,0.422673,0.05116
15020,99,17,0.031481,389,1.046708,0.390633,0.370929,0.060295
15020,18,13,0.024074,67,1.048194,0.344748,0.391657,0.055311
15020,64,12,0.022222,141,1.225006,0.313376,0.366299,0.035131
15020,74,12,0.022222,143,1.036799,0.312761,0.379199,0.051587
15040,82,20,0.036832,171,1.166837,0.449965,0.460165,0.061129
15040,99,18,0.033149,390,1.049312,0.386203,0.366686,0.062679
15040,73,16,0.029466,99,1.102084,0.394618,0.400085,0.06435
15040,98,16,0.029466,83,0.950814,0.353111,0.417143,0.051396
15040,70,15,0.027624,332,1.190851,0.421687,0.374182,0.034759
15040,18,14,0.025783,68,1.046152,0.343745,0.391857,0.054946
15040,40,12,0.022099,152,1.306309,0.287052,0.402365,0.037271
15040,64,12,0.022099,141,1.225006,0.313376,0.366299,0.035131
15060,82,20,0.036832,171,1.166837,0.449965,0.460165,0.061129
15060,73,17,0.031308,100,1.145528,0.395493,0.415526,0.0662
15060,99,17,0.031308,390,1.039374,0.392734,0.368397,0.060358
15060,98,16,0.029466,83,0.950814,0.353111,0.417143,0.051396
15060,70,15,0.027624,332,1.190851,0.421687,0.374182,0.034759
15060,18,14,0.025783,68,1.046152,0.343745,0.391857,0.054946
15060,64,12,0.022099,141,1.225006,0.313376,0.366299,0.035131
15060,74,12,0.022099,143,1.036799,0.312761,0.379199,0.051587
15080,82,20,0.03643,171,1.166837,0.449965,0.460165,0.061129
15080,99,19,0.034608,392,1.04793,0.393389,0.369361,0.059468
15080,73,17,0.030965,102,1.092221,0.398636,0.399193,0.066327
15080,98,17,0.030965,84,0.944633,0.352957,0.419215,0.050823
15080,18,14,0.025501,68,1.046152,0.343745,0.391857,0.054946
15080,70,14,0.025501,333,1.165138,0.423932,0.385627,0.036628
15080,40,12,0.021858,153,1.30389,0.289156,0.40332,0.037298
15080,64,12,0.021858,141,1.225006,0.313376,0.366299,0.035131
15100,82,20,0.03663,172,1.174523,0.452899,0.466513,0.062989
15100,99,18,0.032967,392,1.058566,0.389307,0.36916,0.059465
15100,73,16,0.029304,102,1.108857,0.401124,0.406041,0.067097
15100,98,16,0.029304,84,0.941685,0.353679,0.422427,0.051575
15100,18,15,0.027473,69,1.043493,0.341224,0.390621,0.054219
15100,70,13,0.02381,333,1.163156,0.429742,0.393102,0.035782
15100,40,12,0.021978,153,1.30389,0.289156,0.40332,0.037298
15100,35,11,0.020147,119,0.988832,0.292978,0.375407,0.046495
15120,82,20,0.03643,172,1.174523,0.452899,0.466513,0.062989
15120,98,17,0.030965,85,0.946669,0.351898,0.421769,0.051388
15120,73,16,0.029144,102,1.108857,0.401124,0.406041,0.067097
15120,18,15,0.027322,69,1.043493,0.341224,0.390621,0.054219
15120,99,15,0.027322,392,1.051113,0.37981,0.370167,0.061768
15120,40,13,0.023679,154,1.302553,0.288927,0.402172,0.036963
15120,70,13,0.023679,333,1.163156,0.429742,0.393102,0.035782
15120,35,12,0.021858,120,0.984529,0.293259,0.37787,0.047207
15140,82,19,0.034799,172,1.168225,0.448175,0.468703,0.060318
15140,98,17,0.031136,85,0.946669,0.351898,0.421769,0.051388
15140,18,16,0.029304,70,1.035097,0.343667,0.390031,0.054814
15140,73,16,0.029304,102,1.108857,0.401124,0.406041,0.067097
15140,70,15,0.027473,335,1.204034,0.419372,0.378324,0.034279
15140,99,15,0.027473,392,1.051113,0.37981,0.370167,0.061768
15140,40,14,0.025641,155,1.297514,0.28853,0.402777,0.036716
15140,35,12,0.021978,121,0.984043,0.291662,0.374737,0.046664
15160,82,17,0.031079,172,1.168791,0.447334,0.469741,0.061412
15160,98,17,0.031079,85,0.946669,0.351898,0.421769,0.051388
15160,18,16,0.02925,70,1.035097,0.343667,0.390031,0.054814
15160,70,16,0.02925,336,1.203655,0.41446,0.376151,0.034576
15160,73,16,0.02925,103,1.147903,0.403367,0.418935,0.067041
15160,99,16,0.02925,393,1.059712,0.383871,0.370421,0.0614
15160,40,13,0.023766,155,1.287068,0.287012,0.40224,0.035664
15160,35,12,0.021938,122,0.993892,0.292573,0.373698,0.045534
15180,73,18,0.032727,105,1.117153,0.400766,0.40388,0.066574
15180,98,18,0.032727,86,0.953685,0.352432,0.414986,0.051645
15180,82,17,0.030909,172,1.168791,0.447334,0.469741,0.061412
15180,18,16,0.029091,70,1.035097,0.343667,0.390031,0.054814
15180,70,16,0.029091,336,1.203655,0.41446,0.376151,0.034576
15180,99,16,0.029091,393,1.059712,0.383871,0.370421,0.0614
15180,35,13,0.023636,123,0.996477,0.29182,0.371019,0.044914
15180,40,13,0.023636,155,1.287068,0.287012,0.40224,0.035664
15200,73,18,0.03321,106,1.136708,0.401291,0.418397,0.066902
15200,70,17,0.031365,337,1.197817,0.418705,0.379522,0.034015
15200,82,17,0.031365,172,1.168791,0.447334,0.469741,0.061412
15200,98,17,0.031365,86,0.94507,0.352449,0.418519,0.051367
15200,18,15,0.027675,70,1.023335,0.344303,0.389516,0.054773
15200,99,15,0.027675,393,1.058087,0.378813,0.370929,0.061022
15200,40,14,0.02583,156,1.280119,0.287909,0.402622,0.03531
15200,35,13,0.023985,123,0.996477,0.29182,0.371019,0.044914
15220,73,18,0.032967,106,1.136708,0.401291,0.418397,0.066902
15220,98,18,0.032967,87,0.939876,0.354893,0.418538,0.050622
15220,70,17,0.031136,338,1.201593,0.41909,0.38145,0.033884
15220,82,16,0.029304,172,1.160845,0.448753,0.472066,0.062735
15220,18,15,0.027473,70,1.023335,0.344303,0.389516,0.054773
15220,99,15,0.027473,393,1.058087,0.378813,0.370929,0.061022
15220,40,14,0.025641,156,1.280119,0.287909,0.402622,0.03531
15220,74,14,0.025641,147,1.03671,0.312304,0.378174,0.052676
15240,98,18,0.033457,87,0.939876,0.354893,0.418538,0.050622
15240,73,17,0.031599,106,1.157687,0.398827,0.426281,0.066527
15240,82,17,0.031599,173,1.168469,0.447802,0.467586,0.061883
15240,70,15,0.027881,338,1.181395,0.429566,0.389899,0.033897
15240,99,15,0.027881,393,1.058087,0.378813,0.370929,0.061022
15240,18,14,0.026022,70,1.027547,0.340951,0.388079,0.054713
15240,74,14,0.026022,147,1.03671,0.312304,0.378174,0.052676
15240,0,12,0.022305,91,0.953878,0.452347,0.376744,0.043296
15260,98,18,0.033395,87,0.939876,0.354893,0.418538,0.050622
15260,82,17,0.03154,173,1.168469,0.447802,0.467586,0.061883
15260,73,16,0.029685,106,1.130957,0.397443,0.414612,0.066179
15260,99,16,0.029685,394,1.056144,0.378564,0.368908,0.063806
15260,70,15,0.027829,338,1.181395,0.429566,0.389899,0.033897
15260,18,14,0.025974,70,1.027547,0.340951,0.388079,0.054713
15260,40,13,0.024119,158,1.271521,0.286815,0.401602,0.033574
15260,74,13,0.024119,147,1.035201,0.314116,0.378441,0.052842
15280,82,19,0.034991,175,1.186542,0.45057,0.459953,0.060704
15280,98,18,0.033149,87,0.939876,0.354893,0.418538,0.050622
15280,73,16,0.029466,107,1.157127,0.403507,0.432008,0.066307
15280,99,16,0.029466,395,1.050341,0.386747,0.370858,0.061959
15280,70,15,0.027624,338,1.181395,0.429566,0.389899,0.033897
15280,18,14,0.025783,70,1.027547,0.340951,0.388079,0.054713
15280,74,13,0.023941,147,1.035201,0.314116,0.378441,0.052842
15280,0,12,0.022099,91,0.953878,0.452347,0.376744,0.043296
15300,82,20,0.036697,176,1.164786,0.451316,0.460152,0.061588
15300,98,18,0.033028,87,0.939876,0.354893,0.418538,0.050622
15300,73,16,0.029358,107,1.157127,0.403507,0.432008,0.066307
15300,99,15,0.027523,395,1.046977,0.389387,0.369078,0.06332
15300,18,14,0.025688,70,1.027547,0.340951,0.388079,0.054713
15300,70,14,0.025688,339,1.198494,0.424041,0.385704,0.03355
15300,74,13,0.023853,147,1.035201,0.314116,0.378441,0.052842
15300,0,12,0.022018,91,0.953878,0.452347,0.376744,0.043296
15320,82,21,0.038251,177,1.158302,0.456166,0.462549,0.06111
15320,98,17,0.030965,87,0.935006,0.356028,0.421483,0.050537
15320,73,16,0.029144,107,1.157127,0.403507,0.432008,0.066307
15320,99,16,0.029144,396,1.052387,0.390833,0.369084,0.063355
15320,18,14,0.025501,70,1.027547,0.340951,0.388079,0.054713
15320,70,14,0.025501,339,1.198494,0.424041,0.385704,0.03355
15320,74,13,0.023679,148,1.034527,0.315354,0.380407,0.052592
15320,0,12,0.021858,91,0.953878,0.452347,0.376744,0.043296
15340,82,21,0.037975,177,1.158302,0.456166,0.462549,0.06111
15340,99,18,0.03255,398,1.046622,0.388805,0.369416,0.061739
15340,73,17,0.030741,108,1.173137,0.403236,0.437634,0.066459
15340,98,16,0.028933,87,0.929293,0.358067,0.422123,0.050671
15340,18,15,0.027125,71,1.033529,0.341343,0.389245,0.055324
15340,70,14,0.025316,339,1.198494,0.424041,0.385704,0.03355
15340,0,12,0.0217,91,0.953878,0.452347,0.376744,0.043296
15340,40,12,0.0217,159,1.278935,0.287215,0.399697,0.033106
15360,82,22,0.039927,178,1.160436,0.45449,0.459214,0.060351
15360,73,17,0.030853,108,1.173137,0.403236,0.437634,0.066459
15360,99,17,0.030853,398,1.042431,0.390465,0.367777,0.06263
15360,98,16,0.029038,87,0.929293,0.358067,0.422123,0.050671
15360,18,15,0.027223,71,1.033529,0.341343,0.389245,0.055324
15360,40,13,0.023593,160,1.278602,0.286924,0.400131,0.033102
15360,70,13,0.023593,339,1.20831,0.421629,0.376864,0.033586
15360,0,12,0.021779,91,0.953878,0.452347,0.376744,0.043296
15380,82,22,0.040219,178,1.160436,0.45449,0.459214,0.060351
15380,18,17,0.031079,73,1.023794,0.343088,0.391376,0.054822
15380,99,17,0.031079,398,1.042431,0.390465,0.367777,0.06263
15380,73,16,0.02925,108,1.156419,0.401966,0.435685,0.066755
15380,98,16,0.02925,88,0.944784,0.35955,0.417948,0.0521
15380,40,13,0.023766,161,1.273026,0.28823,0.401883,0.033939
15380,70,13,0.023766,339,1.20831,0.421629,0.376864,0.033586
15380,0,12,0.021938,91,0.953878,0.452347,0.376744,0.043296
15400,82,21,0.0375,179,1.154275,0.453016,0.458141,0.059287
15400,18,18,0.032143,74,1.036583,0.34294,0.392799,0.054804
15400,99,18,0.032143,399,1.046921,0.384209,0.369184,0.064444
15400,73,16,0.028571,108,1.156419,0.401966,0.435685,0.066755
15400,98,16,0.028571,88,0.944784,0.35955,0.417948,0.0521
15400,70,14,0.025,340,1.207166,0.415232,0.374355,0.034134
15400,40,13,0.023214,161,1.273026,0.28823,0.401883,0.033939
15400,0,12,0.021429,91,0.953878,0.452347,0.376744,0.043296
15420,82,21,0.037367,179,1.154275,0.453016,0.458141,0.059287
15420,18,18,0.032028,74,1.036583,0.34294,0.392799,0.054804
15420,99,17,0.030249,399,1.038581,0.380646,0.368888,0.064948
15420,73,16,0.02847,108,1.156419,0.401966,0.435685,0.066755
15420,98,16,0.02847,88,0.944784,0.35955,0.417948,0.0521
15420,70,14,0.024911,340,1.207166,0.415232,0.374355,0.034134
15420,64,13,0.023132,149,1.214889,0.310758,0.367244,0.033619
15420,0,12,0.021352,91,0.953878,0.452347,0.376744,0.043296
15440,82,21,0.037168,179,1.154275,0.453016,0.458141,0.059287
15440,18,18,0.031858,74,1.036583,0.34294,0.392799,0.054804
15440,99,17,0.030088,399,1.038581,0.380646,0.368888,0.064948
15440,73,16,0.028319,108,1.156419,0.401966,0.435685,0.066755
15440,98,16,0.028319,88,0.944784,0.35955,0.417948,0.0521
15440,70,15,0.026549,341,1.199978,0.421258,0.378038,0.034257
15440,64,13,0.023009,149,1.214889,0.310758,0.367244,0.033619
15440,0,12,0.021239,91,0.953878,0.452347,0.376744,0.043296
15460,82,21,0.037037,179,1.154275,0.453016,0.458141,0.059287
15460,18,18,0.031746,74,1.036583,0.34294,0.392799,0.054804
15460,99,18,0.031746,400,1.036854,0.377618,0.370383,0.064217
15460,98,16,0.028219,88,0.944784,0.35955,0.417948,0.0521
15460,70,15,0.026455,342,1.188985,0.432522,0.389834,0.034288
15460,73,15,0.026455,108,1.149381,0.404201,0.427951,0.066673
15460,40,13,0.022928,162,1.274049,0.288484,0.401222,0.033836
15460,74,13,0.022928,150,1.053408,0.314588,0.380654,0.053182
15480,82,20,0.034542,179,1.147467,0.454038,0.461253,0.05984
15480,99,19,0.032815,401,1.045949,0.379483,0.370166,0.065742
15480,73,18,0.031088,111,1.122253,0.399822,0.421443,0.065505
15480,18,17,0.029361,75,1.047379,0.341761,0.391338,0.054019
15480,70,17,0.029361,344,1.221765,0.421192,0.376754,0.033773
15480,98,16,0.027634,88,0.944784,0.35955,0.417948,0.0521
15480,40,14,0.02418,163,1.278974,0.287902,0.402446,0.034386
15480,64,12,0.020725,150,1.211455,0.309476,0.367512,0.033993
15500,82,20,0.035026,179,1.147467,0.454038,0.461253,0.05984
15500,73,18,0.031524,111,1.122253,0.399822,0.421443,0.065505
15500,99,18,0.031524,401,1.041655,0.385129,0.368892,0.064101
15500,70,17,0.029772,344,1.221765,0.421192,0.376754,0.033773
15500,18,16,0.028021,75,1.04301,0.341444,0.390449,0.053403
15500,98,16,0.028021,88,0.944784,0.35955,0.417948,0.0521
15500,40,13,0.022767,163,1.285836,0.287003,0.402051,0.034669
15500,64,12,0.021016,150,1.211455,0.309476,0.367512,0.033993
15520,82,20,0.035149,179,1.147467,0.454038,0.461253,0.05984
15520,73,18,0.031634,111,1.122253,0.399822,0.421443,0.065505
15520,99,18,0.031634,401,1.041655,0.385129,0.368892,0.064101
15520,70,17,0.029877,345,1.22436,0.423036,0.377859,0.034142
15520,18,16,0.02812,75,1.04301,0.341444,0.390449,0.053403
15520,98,16,0.02812,88,0.944784,0.35955,0.417948,0.0521
15520,74,13,0.022847,152,1.053516,0.314048,0.382433,0.054708
15520,40,12,0.02109,163,1.28578,0.287072,0.403188,0.034813
15540,73,20,0.035398,113,1.102049,0.398918,0.410458,0.064992
15540,82,20,0.035398,179,1.147467,0.454038,0.461253,0.05984
15540,18,16,0.028319,75,1.04301,0.341444,0.390449,0.053403
15540,99,16,0.028319,401,1.036828,0.38406,0.370768,0.061522
15540,70,15,0.026549,345,1.216815,0.421405,0.381054,0.034252
15540,98,15,0.026549,88,0.954006,0.359596,0.413255,0.052255
15540,74,13,0.023009,152,1.053516,0.314048,0.382433,0.054708
15540,0,12,0.021239,92,0.953711,0.454124,0.379211,0.042616
15560,82,20,0.035587,179,1.147467,0.454038,0.461253,0.05984
15560,73,19,0.033808,114,1.122285,0.398207,0.42525,0.065364
15560,18,16,0.02847,75,1.04301,0.341444,0.390449,0.053403
15560,99,16,0.02847,401,1.036828,0.38406,0.370768,0.061522
15560,98,15,0.02669,88,0.954006,0.359596,0.413255,0.052255
15560,70,14,0.024911,345,1.217692,0.426975,0.381452,0.033474
15560,74,14,0.024911,153,1.059031,0.314415,0.380212,0.054354
15560,40,13,0.023132,164,1.289847,0.288054,0.401029,0.034442
15580,82,18,0.031915,179,1.126055,0.451809,0.468607,0.060857
15580,73,17,0.030142,114,1.118199,0.40212,0.426783,0.065832
15580,99,17,0.030142,402,1.041554,0.382171,0.371116,0.060288
15580,18,16,0.028369,75,1.04301,0.341444,0.390449,0.053403
15580,98,15,0.026596,88,0.954006,0.359596,0.413255,0.052255
15580,74,14,0.024823,153,1.059031,0.314415,0.380212,0.054354
15580,40,13,0.02305,164,1.289847,0.288054,0.401029,0.034442
15580,70,13,0.02305,345,1.199315,0.434283,0.388757,0.033759
15600,82,19,0.033275,180,1.147202,0.456971,0.471195,0.062059
15600,73,17,0.029772,114,1.118199,0.40212,0.426783,0.065832
15600,99,17,0.029772,403,1.044784,0.386996,0.368563,0.061577
15600,18,16,0.028021,75,1.04301,0.341444,0.390449,0.053403
15600,98,15,0.02627,88,0.954006,0.359596,0.413255,0.052255
15600,70,14,0.024518,346,1.189933,0.439801,0.393156,0.033438
15600,40,13,0.022767,164,1.289847,0.288054,0.401029,0.034442
15600,74,13,0.022767,153,1.064133,0.31327,0.382137,0.05439
15620,82,19,0.033451,180,1.147202,0.456971,0.471195,0.062059
15620,70,16,0.028169,348,1.221751,0.428883,0.379765,0.032831
15620,73,16,0.028169,114,1.129223,0.404831,0.433747,0.065904
15620,18,15,0.026408,75,1.054735,0.341517,0.388484,0.053444
15620,98,15,0.026408,88,0.954006,0.359596,0.413255,0.052255
15620,99,15,0.026408,403,1.065161,0.387212,0.365176,0.062069
15620,40,13,0.022887,164,1.289847,0.288054,0.401029,0.034442
15620,74,13,0.022887,153,1.064133,0.31327,0.382137,0.05439
15640,82,19,0.033569,180,1.147202,0.456971,0.471195,0.062059
15640,70,16,0.028269,348,1.221751,0.428883,0.379765,0.032831
15640,73,16,0.028269,114,1.129223,0.404831,0.433747,0.065904
15640,18,14,0.024735,75,1.058196,0.34406,0.389567,0.054115
15640,64,14,0.024735,155,1.246219,0.31176,0.368981,0.03527
15640,98,14,0.024735,88,0.944035,0.358552,0.415232,0.051379
15640,99,14,0.024735,403,1.069763,0.383311,0.367992,0.061241
15640,35,13,0.022968,133,0.992514,0.29093,0.363534,0.044862
15660,82,19,0.033628,180,1.147202,0.456971,0.471195,0.062059
15660,70,16,0.028319,348,1.221751,0.428883,0.379765,0.032831
15660,73,15,0.026549,114,1.140775,0.403585,0.441753,0.066353
15660,99,15,0.026549,404,1.067539,0.381688,0.366459,0.06313
15660,18,14,0.024779,75,1.058196,0.34406,0.389567,0.054115
15660,74,14,0.024779,155,1.046319,0.316598,0.382204,0.053367
15660,98,14,0.024779,88,0.944035,0.358552,0.415232,0.051379
15660,35,13,0.023009,133,0.992514,0.29093,0.363534,0.044862
15680,82,20,0.035524,181,1.156939,0.458118,0.469188,0.06081
15680,70,16,0.028419,348,1.221751,0.428883,0.379765,0.032831
15680,73,15,0.026643,114,1.140775,0.403585,0.441753,0.066353
15680,98,15,0.026643,89,0.955848,0.35872,0.410437,0.051731
15680,99,15,0.026643,404,1.067539,0.381688,0.366459,0.06313
15680,18,14,0.024867,75,1.058196,0.34406,0.389567,0.054115
15680,74,13,0.023091,155,1.044729,0.316478,0.379056,0.053367
15680,35,12,0.021314,133,0.989072,0.294143,0.360957,0.044474
15700,82,19,0.033868,181,1.154397,0.460161,0.473398,0.061673
15700,98,16,0.02852,90,0.946869,0.364806,0.414656,0.052422
15700,70,15,0.026738,348,1.223715,0.435337,0.3823,0.032269
15700,73,15,0.026738,114,1.140775,0.403585,0.441753,0.066353
15700,99,15,0.026738,405,1.066863,0.382625,0.36568,0.060957
15700,18,14,0.024955,75,1.058196,0.34406,0.389567,0.054115
15700,35,12,0.02139,133,0.989072,0.294143,0.360957,0.044474
15700,64,12,0.02139,155,1.26313,0.314053,0.369675,0.035285
15720,82,19,0.034296,181,1.154397,0.460161,0.473398,0.061673
15720,99,17,0.030686,407,1.074166,0.390858,0.365124,0.06323
15720,98,16,0.028881,90,0.946869,0.364806,0.414656,0.052422
15720,73,15,0.027076,114,1.140775,0.403585,0.441753,0.066353
15720,18,14,0.025271,75,1.058196,0.34406,0.389567,0.054115
15720,70,14,0.025271,349,1.211536,0.430203,0.385029,0.033396
15720,35,12,0.021661,133,0.989072,0.294143,0.360957,0.044474
15720,50,12,0.021661,85,0.87542,0.395845,0.43315,0.047382
15740,82,19,0.03442,181,1.154397,0.460161,0.473398,0.061673
15740,99,17,0.030797,407,1.074166,0.390858,0.365124,0.06323
15740,98,16,0.028986,90,0.946869,0.364806,0.414656,0.052422
15740,18,15,0.027174,76,1.047661,0.342376,0.389657,0.05366
15740,73,15,0.027174,114,1.140775,0.403585,0.441753,0.066353
15740,70,14,0.025362,349,1.211536,0.430203,0.385029,0.033396
15740,50,12,0.021739,85,0.87542,0.395845,0.43315,0.047382
15740,74,12,0.021739,155,1.037563,0.316253,0.381365,0.053668
15760,82,19,0.033929,181,1.154397,0.460161,0.473398,0.061673
15760,99,19,0.033929,409,1.064304,0.391644,0.365327,0.062926
15760,98,16,0.028571,90,0.946869,0.364806,0.414656,0.052422
15760,18,15,0.026786,76,1.047661,0.342376,0.389657,0.05366
15760,73,15,0.026786,114,1.140775,0.403585,0.441753,0.066353
15760,70,14,0.025,349,1.211536,0.430203,0.385029,0.033396
15760,50,12,0.021429,85,0.87542,0.395845,0.43315,0.047382
15760,64,12,0.021429,156,1.281741,0.31375,0.364958,0.036274
15780,82,20,0.035714,182,1.162196,0.459779,0.470003,0.060746
15780,99,18,0.032143,410,1.059398,0.396774,0.36901,0.060301
15780,98,16,0.028571,90,0.946869,0.364806,0.414656,0.052422
15780,18,15,0.026786,76,1.047661,0.342376,0.389657,0.05366
15780,70,14,0.025,351,1.24553,0.417002,0.371033,0.032659
15780,73,14,0.025,114,1.127617,0.405068,0.43235,0.06643
15780,35,12,0.021429,136,0.98438,0.293689,0.359707,0.047871
15780,50,12,0.021429,85,0.87542,0.395845,0.43315,0.047382
15800,82,20,0.035971,182,1.162196,0.459779,0.470003,0.060746
15800,73,17,0.030576,117,1.209237,0.409039,0.465731,0.068036
15800,98,17,0.030576,91,0.942226,0.366026,0.419165,0.052765
15800,99,17,0.030576,410,1.062452,0.400929,0.367434,0.060802
15800,70,16,0.028777,353,1.273094,0.409336,0.359049,0.031896
15800,18,15,0.026978,76,1.047661,0.342376,0.389657,0.05366
15800,35,12,0.021583,137,0.993443,0.294105,0.354275,0.04718
15800,50,12,0.021583,85,0.87542,0.395845,0.43315,0.047382
15820,82,21,0.03777,183,1.17591,0.458908,0.467275,0.060442
15820,99,18,0.032374,411,1.066875,0.39813,0.369522,0.05914
15820,70,17,0.030576,354,1.268158,0.404024,0.356462,0.032403
15820,73,17,0.030576,117,1.209237,0.409039,0.465731,0.068036
15820,98,17,0.030576,91,0.942226,0.366026,0.419165,0.052765
15820,18,15,0.026978,76,1.047661,0.342376,0.389657,0.05366
15820,35,12,0.021583,137,0.993443,0.294105,0.354275,0.04718
15820,50,12,0.021583,85,0.87542,0.395845,0.43315,0.047382
15840,82,21,0.037975,183,1.17591,0.458908,0.467275,0.060442
15840,73,17,0.030741,117,1.209237,0.409039,0.465731,0.068036
15840,98,17,0.030741,91,0.942226,0.366026,0.419165,0.052765
15840,70,16,0.028933,354,1.257544,0.406913,0.361546,0.032496
15840,99,16,0.028933,411,1.055441,0.399206,0.370008,0.060212
15840,18,13,0.023508,76,1.0444,0.343823,0.387787,0.053081
15840,64,13,0.023508,158,1.257492,0.307387,0.365623,0.036152
15840,35,12,0.0217,137,0.993443,0.294105,0.354275,0.04718
15860,82,20,0.036232,184,1.178741,0.456877,0.464475,0.060861
15860,73,17,0.030797,117,1.209237,0.409039,0.465731,0.068036
15860,98,16,0.028986,91,0.931038,0.366336,0.423905,0.052522
15860,99,16,0.028986,411,1.055441,0.399206,0.370008,0.060212
15860,70,15,0.027174,354,1.245714,0.410241,0.367137,0.032976
15860,18,14,0.025362,77,1.034614,0.34545,0.385282,0.053009
15860,64,12,0.021739,158,1.252186,0.30811,0.365506,0.036713
15860,0,11,0.019928,94,0.947224,0.453132,0.377352,0.041611
15880,82,20,0.036697,184,1.178741,0.456877,0.464475,0.060861
15880,73,19,0.034862,119,1.191497,0.407531,0.446934,0.068208
15880,99,17,0.031193,412,1.06131,0.402022,0.369795,0.059689
15880,98,16,0.029358,91,0.931038,0.366336,0.423905,0.052522
15880,18,14,0.025688,77,1.034614,0.34545,0.385282,0.053009
15880,70,13,0.023853,354,1.246356,0.420382,0.372837,0.032469
15880,74,11,0.020183,157,1.032062,0.316178,0.376773,0.054076
15880,0,10,0.018349,94,0.948213,0.456857,0.368907,0.041571
15900,82,20,0.037244,185,1.174593,0.453736,0.464121,0.061188
15900,73,18,0.03352,119,1.181411,0.406935,0.433093,0.067919
15900,98,16,0.029795,91,0.931038,0.366336,0.423905,0.052522
15900,99,16,0.029795,412,1.061679,0.399492,0.368863,0.06024
15900,18,14,0.026071,77,1.034614,0.34545,0.385282,0.053009
15900,70,14,0.026071,355,1.234492,0.42518,0.3769,0.032598
15900,74,11,0.020484,157,1.032062,0.316178,0.376773,0.054076
15900,0,10,0.018622,94,0.948213,0.456857,0.368907,0.041571
15920,73,20,0.036765,121,1.15303,0.406224,0.418887,0.06664
15920,82,20,0.036765,185,1.174593,0.453736,0.464121,0.061188
15920,98,16,0.029412,91,0.931038,0.366336,0.423905,0.052522
15920,99,16,0.029412,412,1.061679,0.399492,0.368863,0.06024
15920,18,14,0.025735,77,1.034614,0.34545,0.385282,0.053009
15920,70,14,0.025735,355,1.234492,0.42518,0.3769,0.032598
15920,40,11,0.020221,168,1.275843,0.285847,0.405723,0.033369
15920,64,11,0.020221,159,1.231352,0.307908,0.363898,0.036075
15940,73,22,0.040741,123,1.160618,0.410581,0.433302,0.066418
15940,82,19,0.035185,186,1.186512,0.44927,0.461635,0.061987
15940,98,16,0.02963,91,0.931038,0.366336,0.423905,0.052522
15940,99,15,0.027778,414,1.05924,0.385216,0.373031,0.055065
15940,18,14,0.025926,77,1.034614,0.34545,0.385282,0.053009
15940,70,14,0.025926,357,1.225545,0.425443,0.374935,0.032944
15940,40,12,0.022222,169,1.276404,0.285379,0.405027,0.0339
15940,72,11,0.02037,161,1.052685,0.315466,0.448463,0.04742
15960,73,22,0.040741,123,1.160618,0.410581,0.433302,0.066418
15960,82,19,0.035185,186,1.186512,0.44927,0.461635,0.061987
15960,98,16,0.02963,91,0.931038,0.366336,0.423905,0.052522
15960,99,16,0.02963,416,1.057852,0.386111,0.367356,0.059522
15960,18,15,0.027778,78,1.025073,0.349886,0.384437,0.052787
15960,70,14,0.025926,357,1.225545,0.425443,0.374935,0.032944
15960,40,12,0.022222,169,1.276404,0.285379,0.405027,0.0339
15960,71,11,0.02037,96,1.012789,0.340632,0.307388,0.05102
15980,73,21,0.038391,123,1.128237,0.410633,0.422384,0.065019
15980,82,19,0.034735,186,1.186512,0.44927,0.461635,0.061987
15980,98,17,0.031079,92,0.929128,0.367257,0.423068,0.052488
15980,99,16,0.02925,416,1.057852,0.386111,0.367356,0.059522
15980,18,15,0.027422,78,1.025073,0.349886,0.384437,0.052787
15980,70,14,0.025594,357,1.225545,0.425443,0.374935,0.032944
15980,71,12,0.021938,97,1.012051,0.336471,0.309102,0.050492
15980,74,12,0.021938,160,1.040396,0.311902,0.377947,0.052678
16000,82,20,0.036232,187,1.193612,0.452193,0.458794,0.061213
16000,73,18,0.032609,123,1.147468,0.412886,0.443396,0.064923
16000,98,16,0.028986,92,0.932126,0.36464,0.422084,0.051627
16000,99,16,0.028986,416,1.057852,0.386111,0.367356,0.059522
16000,18,15,0.027174,78,1.025073,0.349886,0.384437,0.052787
16000,70,14,0.025362,357,1.225545,0.425443,0.374935,0.032944
16000,40,12,0.021739,170,1.288088,0.282971,0.4049,0.034478
16000,71,12,0.021739,97,1.012051,0.336471,0.309102,0.050492
16020,82,20,0.036036,187,1.193612,0.452193,0.458794,0.061213
16020,73,18,0.032432,123,1.147468,0.412886,0.443396,0.064923
16020,18,16,0.028829,79,1.034553,0.350331,0.387437,0.052954
16020,98,16,0.028829,92,0.932126,0.36464,0.422084,0.051627
16020,99,16,0.028829,416,1.057852,0.386111,0.367356,0.059522
16020,70,15,0.027027,358,1.224648,0.420331,0.375577,0.033053
16020,40,12,0.021622,170,1.288088,0.282971,0.4049,0.034478
16020,71,12,0.021622,97,1.012051,0.336471,0.309102,0.050492
16040,82,19,0.033688,187,1.180108,0.452756,0.461219,0.061574
16040,70,17,0.030142,360,1.247408,0.412624,0.365786,0.032102
16040,73,17,0.030142,123,1.132439,0.411949,0.435641,0.064739
16040,98,17,0.030142,93,0.927385,0.364791,0.429443,0.051253
16040,99,17,0.030142,418,1.066306,0.378044,0.366032,0.060064
16040,18,16,0.028369,79,1.034553,0.350331,0.387437,0.052954
16040,74,13,0.02305,161,1.046778,0.310388,0.380276,0.053512
16040,40,12,0.021277,170,1.288088,0.282971,0.4049,0.034478
16060,82,21,0.037367,189,1.180127,0.459417,0.462775,0.061237
16060,73,17,0.030249,124,1.160297,0.413848,0.454795,0.065401
16060,98,17,0.030249,93,0.927385,0.364791,0.429443,0.051253
16060,99,17,0.030249,418,1.066306,0.378044,0.366032,0.060064
16060,18,15,0.02669,79,1.026699,0.35108,0.383307,0.053672
16060,70,15,0.02669,360,1.222386,0.421088,0.377068,0.032428
16060,74,14,0.024911,162,1.047978,0.311241,0.382228,0.054172
16060,40,12,0.021352,170,1.288088,0.282971,0.4049,0.034478
16080,82,21,0.037102,190,1.1869,0.46604,0.46904,0.063211
16080,73,17,0.030035,124,1.160297,0.413848,0.454795,0.065401
16080,98,17,0.030035,93,0.927385,0.364791,0.429443,0.051253
16080,99,17,0.030035,418,1.066306,0.378044,0.366032,0.060064
16080,18,15,0.026502,79,1.026699,0.35108,0.383307,0.053672
16080,70,15,0.026502,360,1.222386,0.421088,0.377068,0.032428
16080,74,14,0.024735,162,1.047978,0.311241,0.382228,0.054172
16080,40,12,0.021201,170,1.288088,0.282971,0.4049,0.034478
16100,82,22,0.038938,192,1.166032,0.464848,0.469269,0.064076
16100,99,19,0.033628,420,1.056645,0.381043,0.369006,0.059231
16100,73,17,0.030088,124,1.160297,0.413848,0.454795,0.065401
16100,98,17,0.030088,93,0.927385,0.364791,0.429443,0.051253
16100,70,16,0.028319,361,1.212124,0.427379,0.38122,0.032795
16100,18,14,0.024779,79,1.035221,0.349973,0.385492,0.053787
16100,74,13,0.023009,162,1.052605,0.311704,0.384736,0.055157
16100,40,12,0.021239,170,1.288088,0.282971,0.4049,0.034478
16120,82,22,0.038938,192,1.166032,0.464848,0.469269,0.064076
16120,99,18,0.031858,420,1.051169,0.377374,0.369152,0.05967
16120,73,17,0.030088,124,1.160297,0.413848,0.454795,0.065401
16120,98,16,0.028319,93,0.934189,0.366293,0.42822,0.051528
16120,70,15,0.026549,361,1.213654,0.434602,0.38563,0.032281
16120,18,14,0.024779,79,1.035221,0.349973,0.385492,0.053787
16120,64,14,0.024779,165,1.234195,0.309929,0.366811,0.035049
16120,0,12,0.021239,97,0.959815,0.453347,0.37131,0.042427
16140,82,20,0.035651,192,1.164176,0.462734,0.473935,0.06259
16140,99,19,0.033868,421,1.049096,0.382427,0.36558,0.060348
16140,73,17,0.030303,125,1.157852,0.411538,0.451003,0.06507
16140,98,16,0.02852,93,0.934189,0.366293,0.42822,0.051528
16140,18,14,0.024955,79,1.035221,0.349973,0.385492,0.053787
16140,64,14,0.024955,165,1.234195,0.309929,0.366811,0.035049
16140,70,14,0.024955,361,1.199195,0.440476,0.392934,0.032676
16140,74,13,0.023173,163,1.032102,0.31086,0.382557,0.05398
16160,82,20,0.035149,192,1.164176,0.462734,0.473935,0.06259
16160,99,20,0.035149,422,1.040017,0.381551,0.36844,0.060473
16160,73,17,0.029877,125,1.157852,0.411538,0.451003,0.06507
16160,98,16,0.02812,93,0.934189,0.366293,0.42822,0.051528
16160,64,15,0.026362,166,1.23593,0.309955,0.366529,0.035283
16160,18,14,0.024605,79,1.035221,0.349973,0.385492,0.053787
16160,70,14,0.024605,361,1.199195,0.440476,0.392934,0.032676
16160,74,13,0.022847,163,1.032102,0.31086,0.382557,0.05398
16180,82,21,0.037168,193,1.17627,0.461348,0.470271,0.06223
16180,73,17,0.030088,126,1.160391,0.409957,0.449177,0.065108
16180,99,17,0.030088,422,1.02874,0.385337,0.369124,0.060051
16180,98,16,0.028319,93,0.934189,0.366293,0.42822,0.051528
16180,18,14,0.024779,79,1.035221,0.349973,0.385492,0.053787
16180,64,14,0.024779,166,1.231365,0.309778,0.365047,0.035798
16180,0,13,0.023009,98,0.958856,0.45481,0.371234,0.042999
16180,70,13,0.023009,361,1.209289,0.435009,0.388518,0.032938
16200,82,19,0.033569,193,1.179863,0.453375,0.467703,0.060942
16200,98,18,0.031802,95,0.948954,0.368603,0.414027,0.051617
16200,73,17,0.030035,126,1.160391,0.409957,0.449177,0.065108
16200,99,16,0.028269,422,1.033369,0.387901,0.366754,0.060943
16200,18,15,0.026502,80,1.041037,0.347037,0.385786,0.053886
16200,64,15,0.026502,167,1.240039,0.308839,0.367406,0.036021
16200,70,15,0.026502,363,1.243277,0.425291,0.375031,0.032061
16200,74,14,0.024735,164,1.027919,0.311691,0.38195,0.052929
16220,82,20,0.034904,194,1.180513,0.456738,0.466573,0.062563
16220,73,17,0.029668,126,1.160391,0.409957,0.449177,0.065108
16220,98,17,0.029668,95,0.951918,0.367816,0.414283,0.051597
16220,18,16,0.027923,81,1.035502,0.345545,0.387229,0.053852
16220,70,16,0.027923,364,1.238457,0.419579,0.372232,0.032706
16220,99,16,0.027923,422,1.033369,0.387901,0.366754,0.060943
16220,64,15,0.026178,167,1.240039,0.308839,0.367406,0.036021
16220,35,14,0.024433,145,0.985618,0.293893,0.360352,0.047826
16240,82,20,0.034483,194,1.180513,0.456738,0.466573,0.062563
16240,98,17,0.02931,95,0.951918,0.367816,0.414283,0.051597
16240,18,16,0.027586,81,1.035502,0.345545,0.387229,0.053852
16240,70,16,0.027586,364,1.238457,0.419579,0.372232,0.032706
16240,73,16,0.027586,126,1.149609,0.405656,0.441414,0.064985
16240,99,16,0.027586,423,1.018518,0.386993,0.368644,0.062465
16240,64,15,0.025862,167,1.240039,0.308839,0.367406,0.036021
16240,35,13,0.022414,145,0.985938,0.293242,0.359528,0.048036
16260,82,20,0.034423,194,1.180513,0.456738,0.466573,0.062563
16260,98,17,0.02926,95,0.951918,0.367816,0.414283,0.051597
16260,18,16,0.027539,81,1.035502,0.345545,0.387229,0.053852
16260,64,16,0.027539,168,1.241128,0.307364,0.367059,0.03591
16260,70,16,0.027539,364,1.238457,0.419579,0.372232,0.032706
16260,73,16,0.027539,126,1.149609,0.405656,0.441414,0.064985
16260,99,15,0.025818,423,1.015276,0.391067,0.372784,0.059925
16260,35,12,0.020654,145,0.991152,0.293842,0.356106,0.048611
16280,82,17,0.029772,194,1.183927,0.459867,0.47313,0.062819
16280,98,17,0.029772,95,0.951918,0.367816,0.414283,0.051597
16280,18,16,0.028021,81,1.035502,0.345545,0.387229,0.053852
16280,70,16,0.028021,364,1.238457,0.419579,0.372232,0.032706
16280,73,16,0.028021,126,1.149609,0.405656,0.441414,0.064985
16280,64,15,0.02627,168,1.238055,0.307162,0.369473,0.035559
16280,99,15,0.02627,423,1.015276,0.391067,0.372784,0.059925
16280,35,12,0.021016,145,0.991152,0.293842,0.356106,0.048611
16300,82,18,0.031524,195,1.201976,0.460481,0.471318,0.062086
16300,73,17,0.029772,127,1.147576,0.405576,0.447042,0.064992
16300,18,16,0.028021,81,1.035502,0.345545,0.387229,0.053852
16300,70,16,0.028021,364,1.238457,0.419579,0.372232,0.032706
16300,98,16,0.028021,95,0.944383,0.365916,0.422355,0.051818
16300,99,16,0.028021,424,1.01376,0.390964,0.369427,0.061792
16300,64,15,0.02627,168,1.238055,0.307162,0.369473,0.035559
16300,35,12,0.021016,145,0.991152,0.293842,0.356106,0.048611
16320,82,18,0.031802,196,1.173831,0.466896,0.476369,0.06156
16320,70,17,0.030035,366,1.247354,0.416974,0.369182,0.032067
16320,73,17,0.030035,127,1.147576,0.405576,0.447042,0.064992
16320,18,16,0.028269,81,1.035502,0.345545,0.387229,0.053852
16320,64,15,0.026502,169,1.23656,0.305195,0.370902,0.034326
16320,98,15,0.026502,95,0.938216,0.368771,0.425208,0.05216
16320,99,15,0.026502,424,1.023963,0.394881,0.364923,0.062831
16320,35,12,0.021201,146,0.99053,0.294683,0.353423,0.049523
16340,73,20,0.035088,130,1.138322,0.40144,0.438593,0.064778
16340,82,19,0.033333,197,1.178829,0.466934,0.471318,0.061171
16340,18,18,0.031579,83,1.030956,0.345196,0.387112,0.053017
16340,70,16,0.02807,366,1.234607,0.420391,0.374392,0.032335
16340,99,16,0.02807,425,1.028159,0.398016,0.365039,0.061821
16340,98,15,0.026316,95,0.938216,0.368771,0.425208,0.05216
16340,64,14,0.024561,169,1.230749,0.305269,0.370438,0.034429
16340,35,12,0.021053,146,0.99053,0.294683,0.353423,0.049523
16360,73,20,0.034904,130,1.138322,0.40144,0.438593,0.064778
16360,82,19,0.033159,197,1.178829,0.466934,0.471318,0.061171
16360,99,19,0.033159,428,1.036931,0.396215,0.366148,0.061107
16360,18,16,0.027923,83,1.046318,0.341686,0.389879,0.053115
16360,70,16,0.027923,367,1.237214,0.421509,0.374014,0.032233
16360,98,15,0.026178,95,0.938216,0.368771,0.425208,0.05216
16360,64,13,0.022688,169,1.237927,0.304348,0.371414,0.034801
16360,0,12,0.020942,99,0.962562,0.459784,0.376591,0.042352
16380,73,20,0.035211,130,1.138322,0.40144,0.438593,0.064778
16380,82,18,0.03169,197,1.17024,0.467773,0.474344,0.062093
16380,99,18,0.03169,428,1.046343,0.397954,0.363001,0.061009
16380,18,15,0.026408,83,1.054718,0.340017,0.391601,0.053109
16380,70,15,0.026408,367,1.238889,0.42636,0.373311,0.032076
16380,98,15,0.026408,95,0.938216,0.368771,0.425208,0.05216
16380,64,13,0.022887,169,1.237927,0.304348,0.371414,0.034801
16380,0,12,0.021127,99,0.962562,0.459784,0.376591,0.042352
16400,73,21,0.036778,131,1.144678,0.405813,0.445905,0.064524
16400,82,18,0.031524,197,1.17024,0.467773,0.474344,0.062093
16400,99,18,0.031524,428,1.046343,0.397954,0.363001,0.061009
16400,98,16,0.028021,96,0.936281,0.370812,0.425174,0.050949
16400,18,15,0.02627,83,1.054718,0.340017,0.391601,0.053109
16400,70,14,0.024518,367,1.244495,0.419161,0.36981,0.032109
16400,64,13,0.022767,169,1.237927,0.304348,0.371414,0.034801
16400,0,12,0.021016,99,0.962562,0.459784,0.376591,0.042352
16420,73,22,0.038664,133,1.131275,0.412674,0.437493,0.063746
16420,82,19,0.033392,198,1.180301,0.467731,0.470896,0.062086
16420,99,17,0.029877,428,1.039341,0.401467,0.360952,0.062498
16420,98,16,0.02812,96,0.936281,0.370812,0.425174,0.050949
16420,18,15,0.026362,83,1.054718,0.340017,0.391601,0.053109
16420,64,15,0.026362,171,1.241749,0.304529,0.369059,0.034986
16420,70,14,0.024605,367,1.244495,0.419161,0.36981,0.032109
16420,0,12,0.02109,99,0.962562,0.459784,0.376591,0.042352
16440,73,20,0.035398,133,1.130394,0.412532,0.435039,0.063561
16440,82,19,0.033628,198,1.180301,0.467731,0.470896,0.062086
16440,99,19,0.033628,430,1.040784,0.402343,0.36054,0.063324
16440,18,15,0.026549,84,1.029972,0.343985,0.392863,0.052473
16440,98,15,0.026549,96,0.94193,0.371052,0.41704,0.051327
16440,64,14,0.024779,171,1.250728,0.303471,0.367366,0.035519
16440,70,14,0.024779,368,1.219404,0.431691,0.379764,0.032603
16440,40,13,0.023009,178,1.272879,0.287907,0.400804,0.03526
16460,82,20,0.035336,200,1.185008,0.473772,0.467247,0.061109
16460,99,20,0.035336,431,1.046517,0.398555,0.362063,0.062391
16460,73,19,0.033569,133,1.114199,0.410332,0.425949,0.063187
16460,18,15,0.026502,84,1.029972,0.343985,0.392863,0.052473
16460,98,15,0.026502,96,0.94193,0.371052,0.41704,0.051327
16460,70,14,0.024735,368,1.219404,0.431691,0.379764,0.032603
16460,64,13,0.022968,171,1.261523,0.303738,0.367729,0.03566
16460,40,12,0.021201,178,1.278061,0.286018,0.401714,0.035542
16480,82,20,0.035778,200,1.185008,0.473772,0.467247,0.061109
16480,73,18,0.0322,133,1.103229,0.409238,0.416664,0.063138
16480,99,16,0.028623,431,1.051585,0.396312,0.364083,0.061029
16480,18,15,0.026834,84,1.029972,0.343985,0.392863,0.052473
16480,98,15,0.026834,96,0.94193,0.371052,0.41704,0.051327
16480,64,13,0.023256,171,1.261523,0.303738,0.367729,0.03566
16480,70,13,0.023256,368,1.200949,0.437992,0.386742,0.033053
16480,40,12,0.021467,178,1.278061,0.286018,0.401714,0.035542
16500,82,20,0.035907,200,1.185008,0.473772,0.467247,0.061109
16500,73,17,0.030521,133,1.116072,0.406668,0.424474,0.063886
16500,98,16,0.028725,97,0.933272,0.37573,0.420147,0.052131
16500,99,16,0.028725,432,1.046321,0.388753,0.367278,0.060098
16500,18,14,0.025135,84,1.037496,0.347129,0.39283,0.052679
16500,70,13,0.023339,368,1.200949,0.437992,0.386742,0.033053
16500,40,12,0.021544,178,1.278061,0.286018,0.401714,0.035542
16500,64,12,0.021544,171,1.261861,0.30528,0.368219,0.035778
16520,82,20,0.036036,200,1.185008,0.473772,0.467247,0.061109
16520,73,17,0.030631,134,1.132881,0.413309,0.446853,0.06396
16520,98,16,0.028829,97,0.933272,0.37573,0.420147,0.052131
16520,99,16,0.028829,432,1.046321,0.388753,0.367278,0.060098
16520,64,15,0.027027,174,1.255731,0.306576,0.366377,0.036815
16520,18,14,0.025225,84,1.037496,0.347129,0.39283,0.052679
16520,70,13,0.023423,368,1.200949,0.437992,0.386742,0.033053
16520,74,13,0.023423,169,1.03935,0.316235,0.376382,0.053891
16540,82,21,0.037567,202,1.213802,0.48284,0.470432,0.061612
16540,73,18,0.0322,135,1.149971,0.410934,0.457349,0.064304
16540,98,16,0.028623,97,0.933272,0.37573,0.420147,0.052131
16540,99,16,0.028623,432,1.046321,0.388753,0.367278,0.060098
16540,18,14,0.025045,84,1.037496,0.347129,0.39283,0.052679
16540,64,14,0.025045,174,1.249831,0.307913,0.365865,0.037347
16540,70,13,0.023256,369,1.205967,0.437193,0.387505,0.033305
16540,74,13,0.023256,169,1.03935,0.316235,0.376382,0.053891
16560,82,21,0.036972,203,1.217428,0.479019,0.46895,0.059624
16560,73,17,0.02993,135,1.165588,0.414046,0.466045,0.064464
16560,18,16,0.028169,86,1.05483,0.345673,0.39426,0.053017
16560,98,16,0.028169,97,0.933272,0.37573,0.420147,0.052131
16560,99,16,0.028169,432,1.046321,0.388753,0.367278,0.060098
16560,64,14,0.024648,174,1.249831,0.307913,0.365865,0.037347
16560,70,13,0.022887,369,1.205967,0.437193,0.387505,0.033305
16560,74,13,0.022887,169,1.03935,0.316235,0.376382,0.053891
16580,82,20,0.035211,203,1.206234,0.478841,0.469465,0.060413
16580,73,18,0.03169,136,1.20735,0.414352,0.477689,0.065978
16580,18,16,0.028169,86,1.05483,0.345673,0.39426,0.053017
16580,98,16,0.028169,97,0.933272,0.37573,0.420147,0.052131
16580,64,15,0.026408,175,1.243933,0.308706,0.36559,0.03672
16580,99,15,0.026408,432,1.048624,0.383112,0.371678,0.059269
16580,70,14,0.024648,370,1.203661,0.440973,0.392129,0.03321
16580,40,12,0.021127,178,1.278061,0.286018,0.401714,0.035542
16600,82,19,0.032872,203,1.199092,0.47368,0.474184,0.061049
16600,73,18,0.031142,136,1.20735,0.414352,0.477689,0.065978
16600,18,16,0.027682,86,1.05483,0.345673,0.39426,0.053017
16600,64,16,0.027682,176,1.245012,0.308807,0.366771,0.036396
16600,70,16,0.027682,372,1.239182,0.429415,0.377407,0.032321
16600,98,16,0.027682,97,0.933272,0.37573,0.420147,0.052131
16600,99,15,0.025952,433,1.05561,0.387635,0.367418,0.061305
16600,0,12,0.020761,102,0.960961,0.45977,0.371885,0.041791
16620,82,19,0.032479,203,1.199092,0.47368,0.474184,0.061049
16620,18,17,0.02906,87,1.057246,0.344326,0.394526,0.05346
16620,64,17,0.02906,177,1.248197,0.308628,0.364146,0.036968
16620,73,17,0.02906,136,1.225238,0.415738,0.489012,0.066374
16620,98,17,0.02906,98,0.938842,0.373502,0.420969,0.051646
16620,70,16,0.02735,372,1.239182,0.429415,0.377407,0.032321
16620,99,15,0.025641,433,1.05561,0.387635,0.367418,0.061305
16620,35,13,0.022222,152,0.968269,0.289011,0.356125,0.04469
16640,18,18,0.030822,88,1.049643,0.343809,0.392694,0.053106
16640,73,18,0.030822,138,1.185647,0.413226,0.460386,0.066516
16640,82,18,0.030822,203,1.190075,0.474052,0.477815,0.060998
16640,98,17,0.02911,98,0.938842,0.373502,0.420969,0.051646
16640,64,16,0.027397,177,1.244174,0.309755,0.363235,0.036964
16640,70,16,0.027397,372,1.239182,0.429415,0.377407,0.032321
16640,99,15,0.025685,433,1.05561,0.387635,0.367418,0.061305
16640,74,14,0.023973,171,1.037304,0.314625,0.383209,0.053619
16660,73,19,0.032702,139,1.184845,0.415137,0.468621,0.065657
16660,82,19,0.032702,204,1.190343,0.472244,0.477727,0.060304
16660,70,18,0.030981,375,1.260618,0.422853,0.369206,0.030727
16660,64,17,0.02926,178,1.239898,0.311143,0.364187,0.036497
16660,98,17,0.02926,98,0.938842,0.373502,0.420969,0.051646
16660,99,17,0.02926,435,1.06615,0.391491,0.368614,0.06118
16660,18,15,0.025818,88,1.05241,0.343429,0.395116,0.052836
16660,35,13,0.022375,152,0.968269,0.289011,0.356125,0.04469
16680,73,19,0.032815,139,1.184845,0.415137,0.468621,0.065657
16680,82,19,0.032815,204,1.190343,0.472244,0.477727,0.060304
16680,64,17,0.029361,178,1.239898,0.311143,0.364187,0.036497
16680,70,17,0.029361,375,1.271671,0.41786,0.363643,0.030613
16680,98,17,0.029361,98,0.938842,0.373502,0.420969,0.051646
16680,99,17,0.029361,437,1.056079,0.388861,0.370668,0.061477
16680,18,14,0.02418,88,1.038011,0.343643,0.393554,0.052718
16680,35,14,0.02418,153,0.96632,0.286792,0.360257,0.046054
16700,82,20,0.034783,205,1.199956,0.477309,0.479526,0.061607
16700,73,19,0.033043,140,1.171553,0.413864,0.462392,0.065714
16700,64,17,0.029565,179,1.251852,0.310619,0.366853,0.036389
16700,99,17,0.029565,437,1.056079,0.388861,0.370668,0.061477
16700,70,16,0.027826,375,1.282441,0.412375,0.359521,0.030277
16700,98,16,0.027826,98,0.940816,0.371756,0.420737,0.052825
16700,18,15,0.026087,89,1.044695,0.345999,0.398246,0.053594
16700,35,15,0.026087,154,0.971964,0.286531,0.362298,0.045854
16720,82,20,0.034783,205,1.199956,0.477309,0.479526,0.061607
16720,73,19,0.033043,141,1.200777,0.416315,0.474917,0.066423
16720,64,17,0.029565,180,1.257676,0.308962,0.368077,0.036486
16720,99,17,0.029565,437,1.056079,0.388861,0.370668,0.061477
16720,98,16,0.027826,98,0.940816,0.371756,0.420737,0.052825
16720,18,15,0.026087,89,1.044695,0.345999,0.398246,0.053594
16720,70,14,0.024348,375,1.257504,0.420429,0.370221,0.031185
16720,74,14,0.024348,173,1.05316,0.311144,0.386505,0.054756
16740,82,20,0.034783,205,1.199956,0.477309,0.479526,0.061607
16740,73,19,0.033043,141,1.200777,0.416315,0.474917,0.066423
16740,99,19,0.033043,439,1.04632,0.389926,0.370412,0.061363
16740,64,16,0.027826,180,1.255084,0.309163,0.370946,0.035885
16740,98,16,0.027826,98,0.940816,0.371756,0.420737,0.052825
16740,74,15,0.026087,174,1.045028,0.312369,0.385721,0.054347
16740,18,14,0.024348,89,1.058078,0.342934,0.399215,0.053975
16740,70,14,0.024348,375,1.257504,0.420429,0.370221,0.031185
16760,82,21,0.036842,206,1.199415,0.477809,0.477602,0.060925
16760,73,18,0.031579,141,1.198315,0.416298,0.469481,0.066396
16760,99,18,0.031579,439,1.048665,0.391593,0.368617,0.062372
16760,64,16,0.02807,180,1.255084,0.309163,0.370946,0.035885
16760,98,16,0.02807,98,0.940816,0.371756,0.420737,0.052825
16760,70,15,0.026316,377,1.267513,0.418849,0.365058,0.030905
16760,74,15,0.026316,174,1.045028,0.312369,0.385721,0.054347
16760,18,14,0.024561,89,1.058078,0.342934,0.399215,0.053975
16780,82,20,0.035398,206,1.195935,0.479679,0.480783,0.06139
16780,73,18,0.031858,141,1.198315,0.416298,0.469481,0.066396
16780,99,18,0.031858,439,1.048665,0.391593,0.368617,0.062372
16780,98,17,0.030088,100,0.936794,0.373352,0.422201,0.05307
16780,64,15,0.026549,180,1.251066,0.310694,0.369707,0.035584
16780,70,15,0.026549,377,1.267513,0.418849,0.365058,0.030905
16780,18,14,0.024779,89,1.058078,0.342934,0.399215,0.053975
16780,74,14,0.024779,174,1.046329,0.31422,0.380416,0.054725
16800,82,20,0.035907,206,1.195935,0.479679,0.480783,0.06139
16800,73,18,0.032316,143,1.215139,0.418446,0.479604,0.066668
16800,98,17,0.030521,100,0.936794,0.373352,0.422201,0.05307
16800,99,17,0.030521,440,1.048212,0.393958,0.369384,0.06004
16800,64,15,0.02693,180,1.251066,0.310694,0.369707,0.035584
16800,18,14,0.025135,90,1.028468,0.347868,0.395883,0.053447
16800,70,13,0.023339,377,1.25523,0.431923,0.374084,0.030114
16800,72,13,0.023339,177,1.02597,0.312478,0.466172,0.051188
16820,82,21,0.03777,208,1.185238,0.479869,0.474455,0.06256
16820,98,17,0.030576,100,0.936794,0.373352,0.422201,0.05307
16820,73,16,0.028777,143,1.177509,0.419262,0.463759,0.065201
16820,99,16,0.028777,440,1.052909,0.397741,0.368314,0.061082
16820,64,15,0.026978,180,1.251066,0.310694,0.369707,0.035584
16820,18,14,0.02518,90,1.028468,0.347868,0.395883,0.053447
16820,35,13,0.023381,156,0.963232,0.282797,0.359449,0.044515
16820,70,13,0.023381,377,1.25523,0.431923,0.374084,0.030114
16840,82,20,0.036364,208,1.188951,0.488222,0.476777,0.063019
16840,98,17,0.030909,100,0.936794,0.373352,0.422201,0.05307
16840,99,16,0.029091,440,1.052909,0.397741,0.368314,0.061082
16840,18,15,0.027273,91,1.019285,0.350059,0.394193,0.053145
16840,64,15,0.027273,180,1.251066,0.310694,0.369707,0.035584
16840,73,15,0.027273,143,1.177982,0.417243,0.453553,0.066201
16840,70,14,0.025455,378,1.246217,0.435527,0.380045,0.030477
16840,72,13,0.023636,178,1.029124,0.317906,0.474598,0.051763
16860,82,21,0.03777,209,1.192277,0.48475,0.476069,0.062377
16860,99,18,0.032374,442,1.059764,0.398094,0.367267,0.059138
16860,98,17,0.030576,100,0.936794,0.373352,0.422201,0.05307
16860,18,15,0.026978,91,1.019285,0.350059,0.394193,0.053145
16860,64,15,0.026978,181,1.253718,0.312943,0.369035,0.036062
16860,73,15,0.026978,143,1.177982,0.417243,0.453553,0.066201
16860,70,14,0.02518,379,1.230013,0.432981,0.387047,0.032183
16860,72,13,0.023381,178,1.029124,0.317906,0.474598,0.051763
16880,82,21,0.037102,209,1.192277,0.48475,0.476069,0.062377
16880,99,18,0.031802,443,1.045297,0.395194,0.365914,0.060375
16880,98,16,0.028269,100,0.943817,0.374138,0.418165,0.053504
16880,18,15,0.026502,91,1.019285,0.350059,0.394193,0.053145
16880,64,15,0.026502,182,1.259219,0.313625,0.368898,0.037131
16880,70,15,0.026502,380,1.223668,0.438136,0.38877,0.032034
16880,73,15,0.026502,143,1.177982,0.417243,0.453553,0.066201
16880,72,14,0.024735,179,1.031906,0.322757,0.476524,0.051178
16900,82,21,0.0373,209,1.192277,0.48475,0.476069,0.062377
16900,18,16,0.028419,92,1.024522,0.348867,0.395115,0.053775
16900,98,16,0.028419,100,0.943817,0.374138,0.418165,0.053504
16900,99,16,0.028419,443,1.036157,0.393694,0.367626,0.058848
16900,64,15,0.026643,182,1.259219,0.313625,0.368898,0.037131
16900,72,15,0.026643,180,1.047457,0.32064,0.471834,0.05055
16900,70,14,0.024867,380,1.210915,0.442027,0.395024,0.032498
16900,73,14,0.024867,143,1.171281,0.411813,0.443655,0.066683
16920,82,21,0.0373,209,1.192277,0.48475,0.476069,0.062377
16920,73,17,0.030195,146,1.193294,0.422403,0.471353,0.065685
16920,18,16,0.028419,92,1.024522,0.348867,0.395115,0.053775
16920,98,16,0.028419,100,0.943817,0.374138,0.418165,0.053504
16920,99,16,0.028419,443,1.036157,0.393694,0.367626,0.058848
16920,70,14,0.024867,380,1.210915,0.442027,0.395024,0.032498
16920,35,13,0.023091,158,0.959917,0.282959,0.344184,0.043869
16920,64,13,0.023091,182,1.254975,0.313988,0.36923,0.036539
16940,82,21,0.036778,209,1.192277,0.48475,0.476069,0.062377
16940,73,17,0.029772,146,1.193294,0.422403,0.471353,0.065685
16940,99,17,0.029772,445,1.02936,0.390895,0.363209,0.059947
16940,18,16,0.028021,92,1.024522,0.348867,0.395115,0.053775
16940,98,16,0.028021,100,0.943817,0.374138,0.418165,0.053504
16940,40,13,0.022767,185,1.275765,0.285179,0.405203,0.036221
16940,70,13,0.022767,380,1.219462,0.437272,0.391059,0.032444
16940,72,13,0.022767,180,1.057895,0.323011,0.473364,0.050157
16960,82,22,0.038328,211,1.185404,0.475027,0.477752,0.062251
16960,73,16,0.027875,146,1.193628,0.427154,0.468473,0.065339
16960,98,16,0.027875,100,0.943817,0.374138,0.418165,0.053504
16960,99,16,0.027875,445,1.025669,0.389292,0.361438,0.059654
16960,18,15,0.026132,92,1.017992,0.351729,0.395463,0.053675
16960,70,15,0.026132,382,1.253939,0.423774,0.376978,0.031612
16960,64,14,0.02439,184,1.246963,0.313418,0.369036,0.036908
16960,40,12,0.020906,185,1.281159,0.282948,0.406345,0.036734
16980,82,21,0.036842,211,1.187738,0.470386,0.476361,0.062451
16980,99,17,0.029825,446,1.029005,0.387404,0.361348,0.058822
16980,70,16,0.02807,383,1.251794,0.418396,0.374845,0.031477
16980,73,16,0.02807,146,1.193628,0.427154,0.468473,0.065339
16980,98,16,0.02807,100,0.943817,0.374138,0.418165,0.053504
16980,18,15,0.026316,92,1.017992,0.351729,0.395463,0.053675
16980,64,14,0.024561,184,1.246963,0.313418,0.369036,0.036908
16980,40,12,0.021053,185,1.281159,0.282948,0.406345,0.036734
17000,82,21,0.036713,211,1.187738,0.470386,0.476361,0.062451
17000,70,16,0.027972,383,1.251794,0.418396,0.374845,0.031477
17000,73,16,0.027972,146,1.193628,0.427154,0.468473,0.065339
17000,99,16,0.027972,447,1.008623,0.390912,0.363016,0.05968
17000,18,15,0.026224,92,1.017992,0.351729,0.395463,0.053675
17000,98,15,0.026224,100,0.940834,0.376989,0.420523,0.053963
17000,64,14,0.024476,184,1.246963,0.313418,0.369036,0.036908
17000,40,13,0.022727,186,1.282522,0.281608,0.406079,0.036655
17020,82,21,0.036332,211,1.187738,0.470386,0.476361,0.062451
17020,73,19,0.032872,149,1.20511,0.421767,0.46362,0.06494
17020,99,17,0.029412,448,1.015932,0.388207,0.362689,0.060898
17020,18,16,0.027682,93,1.038991,0.351233,0.397058,0.053959
17020,70,16,0.027682,383,1.251794,0.418396,0.374845,0.031477
17020,98,15,0.025952,100,0.940834,0.376989,0.420523,0.053963
17020,64,14,0.024221,184,1.246963,0.313418,0.369036,0.036908
17020,40,13,0.022491,186,1.282522,0.281608,0.406079,0.036655
17040,73,20,0.034843,150,1.210842,0.421485,0.467161,0.065101
17040,82,20,0.034843,211,1.177995,0.465228,0.474494,0.061255
17040,18,16,0.027875,93,1.038991,0.351233,0.397058,0.053959
17040,99,16,0.027875,448,1.008506,0.391639,0.361852,0.062476
17040,64,15,0.026132,185,1.244156,0.313369,0.368683,0.036329
17040,70,15,0.026132,383,1.255696,0.424846,0.373211,0.030437
17040,98,15,0.026132,100,0.940834,0.376989,0.420523,0.053963
17040,0,12,0.020906,106,0.965889,0.459662,0.373627,0.041593
17060,73,21,0.036082,151,1.229832,0.42475,0.470191,0.066291
17060,82,19,0.032646,212,1.19483,0.467107,0.47951,0.059677
17060,99,18,0.030928,450,1.022443,0.398259,0.363316,0.062234
17060,18,16,0.027491,93,1.038991,0.351233,0.397058,0.053959
17060,98,15,0.025773,100,0.940834,0.376989,0.420523,0.053963
17060,64,14,0.024055,185,1.249348,0.311942,0.367916,0.036851
17060,70,14,0.024055,383,1.2398,0.432525,0.379332,0.03088
17060,35,13,0.022337,162,0.979172,0.284388,0.341749,0.046154
17080,73,21,0.036021,151,1.229832,0.42475,0.470191,0.066291
17080,82,21,0.036021,214,1.233687,0.477241,0.481864,0.061468
17080,99,18,0.030875,451,1.028767,0.393715,0.364529,0.06042
17080,18,17,0.02916,94,1.046649,0.348695,0.401145,0.053653
17080,35,15,0.025729,164,0.978942,0.284874,0.347599,0.045834
17080,98,15,0.025729,100,0.940834,0.376989,0.420523,0.053963
17080,64,14,0.024014,186,1.235824,0.311098,0.366805,0.037035
17080,70,13,0.022298,383,1.221489,0.438509,0.386712,0.031088
17100,82,20,0.034423,214,1.232431,0.480337,0.482861,0.062065
17100,73,18,0.030981,151,1.236737,0.429558,0.471524,0.066883
17100,99,17,0.02926,451,1.04251,0.394822,0.362261,0.060918
17100,18,16,0.027539,94,1.055804,0.350564,0.401785,0.05405
17100,35,15,0.025818,164,0.978942,0.284874,0.347599,0.045834
17100,70,15,0.025818,385,1.242939,0.430246,0.375013,0.030162
17100,64,14,0.024096,186,1.235824,0.311098,0.366805,0.037035
17100,98,14,0.024096,100,0.952465,0.372795,0.412808,0.053327
17120,82,21,0.036145,215,1.228295,0.487856,0.484237,0.061823
17120,73,18,0.030981,151,1.236737,0.429558,0.471524,0.066883
17120,99,17,0.02926,451,1.04251,0.394822,0.362261,0.060918
17120,70,16,0.027539,386,1.236811,0.43759,0.379646,0.030316
17120,18,15,0.025818,94,1.062692,0.35239,0.401312,0.054097
17120,35,15,0.025818,164,0.978942,0.284874,0.347599,0.045834
17120,64,15,0.025818,187,1.24111,0.31241,0.364324,0.037029
17120,98,14,0.024096,100,0.952465,0.372795,0.412808,0.053327
17140,82,21,0.035714,215,1.228295,0.487856,0.484237,0.061823
17140,73,18,0.030612,151,1.236737,0.429558,0.471524,0.066883
17140,99,17,0.028912,451,1.04251,0.394822,0.362261,0.060918
17140,70,16,0.027211,386,1.236811,0.43759,0.379646,0.030316
17140,35,15,0.02551,164,0.978942,0.284874,0.347599,0.045834
17140,64,15,0.02551,187,1.24111,0.31241,0.364324,0.037029
17140,98,15,0.02551,101,0.946771,0.375505,0.413727,0.052072
17140,18,14,0.02381,94,1.041886,0.353003,0.399906,0.053803
17160,82,21,0.035897,215,1.228295,0.487856,0.484237,0.061823
17160,73,18,0.030769,152,1.266967,0.430198,0.483567,0.067748
17160,70,16,0.02735,386,1.236811,0.43759,0.379646,0.030316
17160,98,16,0.02735,102,0.938817,0.381563,0.413844,0.053386
17160,99,16,0.02735,451,1.039263,0.390214,0.363546,0.061505
17160,18,15,0.025641,95,1.046061,0.351347,0.400947,0.054144
17160,35,15,0.025641,164,0.978942,0.284874,0.347599,0.045834
17160,64,15,0.025641,188,1.240551,0.310054,0.365824,0.036741
17180,82,22,0.037671,216,1.228752,0.48825,0.482484,0.061335
17180,73,17,0.02911,152,1.255346,0.428069,0.473641,0.068568
17180,99,17,0.02911,452,1.046711,0.386844,0.365311,0.060316
17180,64,16,0.027397,189,1.245906,0.309274,0.367783,0.036841
17180,70,16,0.027397,386,1.236811,0.43759,0.379646,0.030316
17180,98,16,0.027397,102,0.938817,0.381563,0.413844,0.053386
17180,18,14,0.023973,95,1.041988,0.352801,0.400377,0.053495
17180,35,14,0.023973,164,0.975652,0.285279,0.35207,0.044955
17200,82,22,0.037866,216,1.228752,0.48825,0.482484,0.061335
17200,73,17,0.02926,152,1.255346,0.428069,0.473641,0.068568
17200,99,17,0.02926,453,1.045782,0.391361,0.36748,0.060148
17200,70,16,0.027539,387,1.240646,0.427788,0.374029,0.030872
17200,98,16,0.027539,102,0.938817,0.381563,0.413844,0.053386
17200,18,15,0.025818,96,1.041775,0.355487,0.400402,0.052661
17200,0,13,0.022375,107,0.956766,0.457917,0.374849,0.040835
17200,35,13,0.022375,166,0.967047,0.285198,0.358157,0.044215
17220,82,21,0.036522,216,1.223769,0.484705,0.481913,0.059923
17220,18,17,0.029565,98,1.045622,0.352858,0.403475,0.052873
17220,70,17,0.029565,388,1.231469,0.435126,0.378317,0.030847
17220,73,17,0.029565,152,1.255346,0.428069,0.473641,0.068568
17220,99,17,0.029565,454,1.062671,0.390857,0.365152,0.059444
17220,98,16,0.027826,102,0.938817,0.381563,0.413844,0.053386
17220,64,14,0.024348,190,1.247699,0.312712,0.368071,0.036786
17220,72,13,0.022609,184,1.033033,0.3083,0.466065,0.050289
17240,82,20,0.035461,216,1.225528,0.48455,0.484053,0.060555
17240,73,18,0.031915,154,1.167243,0.428599,0.439911,0.065494
17240,18,17,0.030142,98,1.045622,0.352858,0.403475,0.052873
17240,98,16,0.028369,102,0.938817,0.381563,0.413844,0.053386
17240,99,16,0.028369,454,1.058283,0.393727,0.365633,0.058134
17240,70,15,0.026596,388,1.225604,0.433445,0.378733,0.03119
17240,64,14,0.024823,190,1.247699,0.312712,0.368071,0.036786
17240,72,14,0.024823,185,1.03438,0.305653,0.461003,0.049492
17260,82,19,0.033569,216,1.224783,0.487607,0.48499,0.06097
17260,73,18,0.031802,155,1.170181,0.426653,0.440202,0.065348
17260,18,17,0.030035,98,1.045622,0.352858,0.403475,0.052873
17260,98,16,0.028269,102,0.938817,0.381563,0.413844,0.053386
17260,99,16,0.028269,454,1.058283,0.393727,0.365633,0.058134
17260,70,14,0.024735,388,1.215837,0.437577,0.384371,0.031772
17260,64,13,0.022968,190,1.248363,0.312006,0.369996,0.036938
17260,72,13,0.022968,185,1.031575,0.307056,0.464845,0.04995
17280,82,21,0.036458,219,1.251153,0.487891,0.472846,0.059227
17280,73,18,0.03125,156,1.187616,0.427345,0.436629,0.066984
17280,18,17,0.029514,98,1.045622,0.352858,0.403475,0.052873
17280,98,16,0.027778,102,0.938817,0.381563,0.413844,0.053386
17280,99,16,0.027778,454,1.058283,0.393727,0.365633,0.058134
17280,64,14,0.024306,191,1.254654,0.313457,0.370058,0.037637
17280,70,13,0.022569,388,1.215545,0.445258,0.387566,0.031951
17280,72,13,0.022569,186,1.0247,0.31318,0.474339,0.051183
17300,82,21,0.036332,219,1.251153,0.487891,0.472846,0.059227
17300,73,18,0.031142,156,1.187616,0.427345,0.436629,0.066984
17300,18,17,0.029412,98,1.045622,0.352858,0.403475,0.052873
17300,98,16,0.027682,102,0.938817,0.381563,0.413844,0.053386
17300,64,15,0.025952,192,1.26047,0.311257,0.372651,0.03768
17300,99,15,0.025952,454,1.04694,0.390239,0.366152,0.058482
17300,35,13,0.022491,168,0.960996,0.286056,0.349497,0.044782
17300,72,13,0.022491,186,1.0247,0.31318,0.474339,0.051183
17320,82,20,0.034602,219,1.248293,0.487593,0.474246,0.060062
17320,18,18,0.031142,99,1.043003,0.351668,0.403279,0.053042
17320,73,17,0.029412,156,1.17612,0.429206,0.433265,0.067346
17320,98,16,0.027682,102,0.938817,0.381563,0.413844,0.053386
17320,99,16,0.027682,455,1.050229,0.389392,0.365212,0.060127
17320,64,15,0.025952,192,1.26047,0.311257,0.372651,0.03768
17320,72,13,0.022491,186,1.0247,0.31318,0.474339,0.051183
17320,35,12,0.020761,168,0.971849,0.285769,0.351287,0.045378
17340,82,20,0.034423,219,1.248293,0.487593,0.474246,0.060062
17340,18,18,0.030981,99,1.043003,0.351668,0.403279,0.053042
17340,99,17,0.02926,456,1.040871,0.389033,0.361,0.061396
17340,73,16,0.027539,156,1.197557,0.428387,0.440162,0.068506
17340,98,16,0.027539,102,0.938817,0.381563,0.413844,0.053386
17340,64,14,0.024096,193,1.248157,0.311652,0.373466,0.037697
17340,72,14,0.024096,187,1.024635,0.312575,0.471431,0.050139
17340,74,14,0.024096,184,1.037775,0.312414,0.376515,0.053599
17360,82,19,0.03259,219,1.230233,0.480917,0.473718,0.059705
17360,99,18,0.030875,457,1.050534,0.39003,0.361114,0.061258
17360,18,17,0.02916,99,1.045655,0.351716,0.404055,0.052861
17360,73,17,0.02916,157,1.193414,0.432679,0.450851,0.067937
17360,64,16,0.027444,195,1.239425,0.312148,0.372257,0.037707
17360,98,16,0.027444,102,0.938817,0.381563,0.413844,0.053386
17360,74,15,0.025729,185,1.031993,0.312543,0.375178,0.053281
17360,72,14,0.024014,188,1.031095,0.31754,0.476195,0.049597
17380,82,19,0.032534,219,1.230233,0.480917,0.473718,0.059705
17380,18,18,0.030822,100,1.039898,0.350739,0.402218,0.052534
17380,99,18,0.030822,457,1.050534,0.39003,0.361114,0.061258
17380,73,17,0.02911,158,1.218361,0.428558,0.465119,0.069791
17380,98,16,0.027397,102,0.938817,0.381563,0.413844,0.053386
17380,64,15,0.025685,195,1.233637,0.313119,0.370597,0.037665
17380,70,14,0.023973,391,1.281156,0.419844,0.360856,0.030735
17380,74,14,0.023973,185,1.034152,0.311918,0.377305,0.052718
17400,82,20,0.034014,220,1.235719,0.480478,0.470439,0.059279
17400,18,18,0.030612,100,1.039898,0.350739,0.402218,0.052534
17400,99,17,0.028912,457,1.043749,0.393389,0.359206,0.062433
17400,73,16,0.027211,158,1.176246,0.431791,0.452262,0.0687
17400,98,16,0.027211,102,0.938817,0.381563,0.413844,0.053386
17400,64,15,0.02551,195,1.233637,0.313119,0.370597,0.037665
17400,70,15,0.02551,392,1.290917,0.416817,0.356533,0.030299
17400,74,15,0.02551,186,1.030851,0.311368,0.378453,0.052754
17420,82,20,0.03367,220,1.235719,0.480478,0.470439,0.059279
17420,18,18,0.030303,100,1.039898,0.350739,0.402218,0.052534
17420,70,17,0.02862,394,1.276478,0.419774,0.359171,0.03059
17420,99,17,0.02862,457,1.043749,0.393389,0.359206,0.062433
17420,73,16,0.026936,158,1.176246,0.431791,0.452262,0.0687
17420,98,16,0.026936,102,0.938817,0.381563,0.413844,0.053386
17420,64,15,0.025253,196,1.247822,0.312061,0.373089,0.038084
17420,74,15,0.025253,186,1.030851,0.311368,0.378453,0.052754
17440,82,20,0.034014,221,1.250962,0.480474,0.470616,0.059043
17440,18,18,0.030612,100,1.039898,0.350739,0.402218,0.052534
17440,73,17,0.028912,159,1.183318,0.435469,0.468172,0.068563
17440,99,17,0.028912,457,1.043749,0.393389,0.359206,0.062433
17440,64,16,0.027211,197,1.237666,0.312074,0.373225,0.037723
17440,70,15,0.02551,394,1.243887,0.427933,0.36881,0.031178
17440,74,15,0.02551,186,1.030851,0.311368,0.378453,0.052754
17440,98,15,0.02551,102,0.943543,0.381298,0.40868,0.053061
17460,82,20,0.034305,221,1.250962,0.480474,0.470616,0.059043
17460,18,18,0.030875,100,1.039898,0.350739,0.402218,0.052534
17460,73,18,0.030875,160,1.184077,0.440888,0.480983,0.068565
17460,99,18,0.030875,459,1.052625,0.388678,0.360721,0.060265
17460,64,17,0.02916,198,1.240701,0.312787,0.371191,0.038134
17460,74,15,0.025729,186,1.030851,0.311368,0.378453,0.052754
17460,98,15,0.025729,103,0.944708,0.378273,0.408767,0.053948
17460,35,13,0.022298,172,0.964602,0.285679,0.34647,0.046612
17480,82,21,0.036522,222,1.239168,0.477603,0.477748,0.060064
17480,18,17,0.029565,100,1.042334,0.351875,0.402353,0.052335
17480,73,17,0.029565,160,1.176844,0.442502,0.479679,0.068594
17480,99,17,0.029565,459,1.048657,0.390362,0.361387,0.061086
17480,64,15,0.026087,198,1.227572,0.313639,0.368695,0.037551
17480,70,15,0.026087,396,1.222611,0.449551,0.384332,0.031417
17480,98,15,0.026087,103,0.944708,0.378273,0.408767,0.053948
17480,74,14,0.024348,186,1.032996,0.307425,0.377214,0.052961
17500,82,22,0.038462,223,1.241511,0.486529,0.480938,0.060644
17500,73,18,0.031469,162,1.186561,0.433139,0.480793,0.067019
17500,18,17,0.02972,100,1.042334,0.351875,0.402353,0.052335
17500,70,16,0.027972,397,1.215631,0.443382,0.382796,0.0324
17500,99,16,0.027972,459,1.053126,0.388954,0.364239,0.060601
17500,64,15,0.026224,198,1.227572,0.313639,0.368695,0.037551
17500,98,15,0.026224,103,0.944708,0.378273,0.408767,0.053948
17500,35,13,0.022727,172,0.964602,0.285679,0.34647,0.046612
17520,82,22,0.037866,223,1.241511,0.486529,0.480938,0.060644
17520,73,18,0.030981,162,1.186561,0.433139,0.480793,0.067019
17520,18,17,0.02926,100,1.042334,0.351875,0.402353,0.052335
17520,70,16,0.027539,397,1.215631,0.443382,0.382796,0.0324
17520,99,16,0.027539,459,1.053126,0.388954,0.364239,0.060601
17520,35,15,0.025818,174,0.962667,0.28626,0.353225,0.04785
17520,64,15,0.025818,198,1.227572,0.313639,0.368695,0.037551
17520,98,15,0.025818,103,0.944708,0.378273,0.408767,0.053948
17540,82,23,0.038721,224,1.225937,0.484676,0.481863,0.061131
17540,73,19,0.031987,163,1.187003,0.437271,0.48957,0.06657
17540,18,17,0.02862,100,1.042334,0.351875,0.402353,0.052335
17540,64,17,0.02862,200,1.241241,0.315202,0.367094,0.038364
17540,35,16,0.026936,175,0.967862,0.285827,0.353379,0.046565
17540,70,16,0.026936,397,1.215631,0.443382,0.382796,0.0324
17540,99,16,0.026936,459,1.053126,0.388954,0.364239,0.060601
17540,98,15,0.025253,103,0.944708,0.378273,0.408767,0.053948
17560,82,24,0.040678,225,1.232674,0.487326,0.486056,0.062211
17560,73,19,0.032203,163,1.187003,0.437271,0.48957,0.06657
17560,18,18,0.030508,101,1.040638,0.351774,0.400258,0.052468
17560,64,17,0.028814,201,1.249476,0.315205,0.369688,0.038801
17560,98,17,0.028814,105,0.964423,0.373068,0.413733,0.053878
17560,35,15,0.025424,175,0.965147,0.286905,0.359496,0.046238
17560,70,15,0.025424,399,1.206908,0.448124,0.386775,0.033331
17560,99,15,0.025424,459,1.042348,0.387753,0.364317,0.060713
17580,82,25,0.042159,226,1.238344,0.48845,0.487817,0.063817
17580,73,19,0.03204,163,1.187003,0.437271,0.48957,0.06657
17580,18,18,0.030354,101,1.040638,0.351774,0.400258,0.052468
17580,98,18,0.030354,106,0.958702,0.376098,0.418082,0.05445
17580,70,17,0.028668,401,1.227356,0.440565,0.376619,0.031929
17580,64,16,0.026981,201,1.253825,0.31677,0.36931,0.039129
17580,99,16,0.026981,461,1.041433,0.386799,0.364208,0.057212
17580,0,14,0.023609,113,0.95258,0.466349,0.36777,0.042473
17600,82,24,0.040201,226,1.245854,0.484178,0.487123,0.063685
17600,73,20,0.033501,164,1.191527,0.436065,0.491986,0.066988
17600,18,18,0.030151,102,1.036553,0.355664,0.399574,0.052499
17600,98,18,0.030151,106,0.958702,0.376098,0.418082,0.05445
17600,70,17,0.028476,401,1.227356,0.440565,0.376619,0.031929
17600,99,17,0.028476,462,1.037533,0.39085,0.363205,0.058749
17600,64,14,0.023451,201,1.248246,0.316858,0.367715,0.038657
17600,0,13,0.021776,113,0.940493,0.465858,0.367735,0.041883
17620,82,24,0.041096,226,1.245854,0.484178,0.487123,0.063685
17620,73,21,0.035959,165,1.21134,0.441003,0.504177,0.067615
17620,18,18,0.030822,102,1.036553,0.355664,0.399574,0.052499
17620,98,17,0.02911,106,0.967838,0.371992,0.415219,0.053878
17620,99,17,0.02911,462,1.037533,0.39085,0.363205,0.058749
17620,70,16,0.027397,401,1.229092,0.446903,0.377648,0.031311
17620,0,13,0.02226,113,0.940493,0.465858,0.367735,0.041883
17620,64,13,0.02226,202,1.250801,0.31756,0.368517,0.039763
17640,73,23,0.039384,167,1.179999,0.440078,0.483173,0.066692
17640,82,23,0.039384,226,1.229005,0.483159,0.490547,0.064637
17640,18,18,0.030822,102,1.036553,0.355664,0.399574,0.052499
17640,98,17,0.02911,106,0.967838,0.371992,0.415219,0.053878
17640,99,17,0.02911,463,1.050643,0.390155,0.360349,0.058279
17640,70,16,0.027397,402,1.235182,0.432678,0.370675,0.032603
17640,0,13,0.02226,113,0.940493,0.465858,0.367735,0.041883
17640,64,13,0.02226,203,1.262246,0.317072,0.368929,0.039276
17660,73,24,0.040956,168,1.177844,0.444228,0.489825,0.066358
17660,82,22,0.037543,226,1.239266,0.486021,0.484645,0.063918
17660,18,18,0.030717,102,1.036553,0.355664,0.399574,0.052499
17660,98,17,0.02901,106,0.967838,0.371992,0.415219,0.053878
17660,99,17,0.02901,464,1.050359,0.392221,0.360201,0.058022
17660,70,14,0.023891,402,1.232691,0.44128,0.376701,0.032434
17660,0,13,0.022184,113,0.940493,0.465858,0.367735,0.041883
17660,64,13,0.022184,203,1.262246,0.317072,0.368929,0.039276
17680,73,23,0.039182,168,1.177012,0.440368,0.48074,0.066261
17680,82,23,0.039182,227,1.252969,0.489992,0.483302,0.065203
17680,18,18,0.030664,102,1.036553,0.355664,0.399574,0.052499
17680,98,17,0.028961,106,0.967838,0.371992,0.415219,0.053878
17680,99,16,0.027257,464,1.043429,0.395586,0.356918,0.059575
17680,64,14,0.02385,204,1.269166,0.315468,0.371357,0.039748
17680,70,14,0.02385,402,1.232691,0.44128,0.376701,0.032434
17680,0,13,0.022147,113,0.940493,0.465858,0.367735,0.041883
17700,82,23,0.038851,228,1.26014,0.49127,0.484945,0.065076
17700,73,22,0.037162,169,1.171836,0.444935,0.48189,0.065682
17700,18,18,0.030405,102,1.036553,0.355664,0.399574,0.052499
17700,98,17,0.028716,106,0.967838,0.371992,0.415219,0.053878
17700,99,17,0.028716,465,1.050969,0.394716,0.35846,0.058539
17700,64,14,0.023649,204,1.269166,0.315468,0.371357,0.039748
17700,70,14,0.023649,402,1.232691,0.44128,0.376701,0.032434
17700,0,13,0.021959,113,0.940493,0.465858,0.367735,0.041883
17720,73,23,0.038786,171,1.142608,0.435036,0.458826,0.065106
17720,82,23,0.038786,228,1.26014,0.49127,0.484945,0.065076
17720,18,18,0.030354,102,1.036553,0.355664,0.399574,0.052499
17720,99,18,0.030354,466,1.04829,0.399799,0.357695,0.058458
17720,98,17,0.028668,106,0.967838,0.371992,0.415219,0.053878
17720,64,15,0.025295,205,1.268105,0.316181,0.370769,0.039873
17720,0,13,0.021922,113,0.940493,0.465858,0.367735,0.041883
17720,70,13,0.021922,402,1.222349,0.446481,0.382319,0.033206
17740,73,23,0.038917,171,1.142608,0.435036,0.458826,0.065106
17740,82,21,0.035533,228,1.270016,0.495955,0.483945,0.06484
17740,18,18,0.030457,102,1.036553,0.355664,0.399574,0.052499
17740,99,17,0.028765,467,1.044995,0.397519,0.361013,0.058657
17740,98,16,0.027073,106,0.956796,0.374872,0.412259,0.053681
17740,64,15,0.025381,205,1.268105,0.316181,0.370769,0.039873
17740,0,14,0.023689,114,0.954597,0.467818,0.367751,0.04209
17740,70,13,0.021997,402,1.222349,0.446481,0.382319,0.033206
17760,73,23,0.038462,171,1.142608,0.435036,0.458826,0.065106
17760,82,20,0.033445,228,1.255858,0.488975,0.483912,0.064035
17760,64,17,0.028428,208,1.247851,0.314719,0.367052,0.038738
17760,99,17,0.028428,467,1.044995,0.397519,0.361013,0.058657
17760,18,16,0.026756,102,1.03367,0.358398,0.401276,0.052391
17760,98,16,0.026756,106,0.956796,0.374872,0.412259,0.053681
17760,70,15,0.025084,404,1.255323,0.433853,0.368737,0.032145
17760,0,14,0.023411,114,0.954597,0.467818,0.367751,0.04209
17780,73,22,0.036484,172,1.173297,0.442386,0.482959,0.064798
17780,82,20,0.033167,228,1.255858,0.488975,0.483912,0.064035
17780,64,18,0.029851,209,1.243963,0.316277,0.365973,0.038818
17780,18,17,0.028192,103,1.04393,0.356898,0.40091,0.052982
17780,99,17,0.028192,468,1.061525,0.403206,0.363259,0.058791
17780,98,16,0.026534,107,0.959809,0.372444,0.413085,0.052903
17780,70,15,0.024876,404,1.255323,0.433853,0.368737,0.032145
17780,0,14,0.023217,114,0.954597,0.467818,0.367751,0.04209
17800,82,21,0.034826,230,1.264758,0.504777,0.490578,0.065651
17800,73,20,0.033167,172,1.165185,0.444006,0.475684,0.065392
17800,18,17,0.028192,103,1.04393,0.356898,0.40091,0.052982
17800,64,17,0.028192,209,1.232547,0.316184,0.367265,0.038844
17800,98,16,0.026534,108,0.949273,0.372238,0.412282,0.050983
17800,99,16,0.026534,468,1.060566,0.399549,0.363248,0.059118
17800,70,15,0.024876,404,1.255323,0.433853,0.368737,0.032145
17800,0,14,0.023217,114,0.954597,0.467818,0.367751,0.04209
17820,82,20,0.033223,230,1.259275,0.504245,0.488602,0.063816
17820,18,18,0.0299,104,1.051489,0.357404,0.402695,0.053275
17820,73,18,0.0299,172,1.176766,0.445071,0.474553,0.066155
17820,64,17,0.028239,209,1.232547,0.316184,0.367265,0.038844
17820,70,17,0.028239,407,1.275067,0.430221,0.363892,0.030642
17820,98,16,0.026578,108,0.949273,0.372238,0.412282,0.050983
17820,99,16,0.026578,468,1.060566,0.399549,0.363248,0.059118
17820,0,13,0.021595,114,0.946305,0.467555,0.370195,0.041107
17840,82,21,0.03437,231,1.274004,0.503168,0.484685,0.062474
17840,18,18,0.02946,104,1.051489,0.357404,0.402695,0.053275
17840,64,18,0.02946,211,1.237121,0.314932,0.365226,0.039017
17840,70,16,0.026187,407,1.259601,0.435085,0.368847,0.031177
17840,73,16,0.026187,172,1.14549,0.442853,0.465993,0.064592
17840,98,16,0.026187,108,0.949273,0.372238,0.412282,0.050983
17840,99,15,0.02455,468,1.064421,0.393771,0.364485,0.059254
17840,77,14,0.022913,35,1.125032,0.310654,0.376972,0.054326
17860,82,21,0.034426,231,1.274004,0.503168,0.484685,0.062474
17860,18,18,0.029508,104,1.051489,0.357404,0.402695,0.053275
17860,64,18,0.029508,211,1.237121,0.314932,0.365226,0.039017
17860,73,16,0.02623,172,1.14549,0.442853,0.465993,0.064592
17860,99,16,0.02623,469,1.056778,0.398909,0.367188,0.059166
17860,70,15,0.02459,407,1.249122,0.440681,0.375016,0.031361
17860,72,15,0.02459,198,1.045956,0.321533,0.470285,0.048349
17860,98,15,0.02459,108,0.942718,0.375962,0.411651,0.051215
17880,82,21,0.034653,231,1.274004,0.503168,0.484685,0.062474
17880,64,18,0.029703,211,1.237121,0.314932,0.365226,0.039017
17880,73,18,0.029703,174,1.112224,0.442725,0.443384,0.063346
17880,18,17,0.028053,104,1.043723,0.358799,0.401952,0.052978
17880,99,17,0.028053,471,1.056074,0.401185,0.363356,0.060624
17880,72,16,0.026403,199,1.044552,0.320088,0.467612,0.047856
17880,70,15,0.024752,407,1.249122,0.440681,0.375016,0.031361
17880,98,15,0.024752,108,0.942718,0.375962,0.411651,0.051215
17900,82,22,0.036244,233,1.248123,0.498535,0.483136,0.062159
17900,73,21,0.034596,178,1.060325,0.43543,0.415357,0.061252
17900,18,17,0.028007,104,1.043723,0.358799,0.401952,0.052978
17900,64,17,0.028007,211,1.241238,0.313314,0.363766,0.03886
17900,99,17,0.028007,471,1.056074,0.401185,0.363356,0.060624
17900,72,15,0.024712,199,1.047421,0.315925,0.465127,0.04736
17900,98,15,0.024712,108,0.942718,0.375962,0.411651,0.051215
17900,70,14,0.023064,407,1.251481,0.449812,0.378043,0.029919
17920,82,23,0.038526,234,1.250808,0.497261,0.482343,0.061347
17920,73,22,0.036851,179,1.065611,0.442494,0.424444,0.061061
17920,18,17,0.028476,104,1.043723,0.358799,0.401952,0.052978
17920,99,17,0.028476,472,1.051492,0.407844,0.362196,0.061706
17920,64,16,0.026801,211,1.23387,0.314483,0.361319,0.038421
17920,98,15,0.025126,108,0.942718,0.375962,0.411651,0.051215
17920,70,14,0.023451,408,1.228711,0.460172,0.388706,0.031001
17920,72,14,0.023451,199,1.04615,0.319058,0.469361,0.048383
17940,82,23,0.038333,234,1.250808,0.497261,0.482343,0.061347
17940,73,22,0.036667,179,1.065611,0.442494,0.424444,0.061061
17940,18,17,0.028333,104,1.043723,0.358799,0.401952,0.052978
17940,99,17,0.028333,472,1.051492,0.407844,0.362196,0.061706
17940,64,15,0.025,211,1.235898,0.315774,0.360368,0.038797
17940,98,15,0.025,108,0.942718,0.375962,0.411651,0.051215
17940,0,14,0.023333,115,0.951162,0.470077,0.367668,0.04158
17940,70,14,0.023333,408,1.228711,0.460172,0.388706,0.031001
17960,82,23,0.038983,234,1.250808,0.497261,0.482343,0.061347
17960,73,21,0.035593,179,1.074618,0.442065,0.431694,0.061242
17960,18,17,0.028814,104,1.043723,0.358799,0.401952,0.052978
17960,98,16,0.027119,109,0.954831,0.375673,0.406009,0.051596
17960,64,15,0.025424,211,1.235898,0.315774,0.360368,0.038797
17960,70,15,0.025424,410,1.257575,0.4442,0.377021,0.030123
17960,99,15,0.025424,472,1.050187,0.401923,0.358384,0.060639
17960,74,14,0.023729,194,1.044818,0.310403,0.367525,0.053972
17980,82,26,0.044143,237,1.258713,0.505975,0.483594,0.060372
17980,73,19,0.032258,179,1.072867,0.448847,0.436177,0.06116
17980,98,17,0.028862,110,0.949484,0.380513,0.407394,0.052998
17980,18,16,0.027165,104,1.035883,0.361969,0.397916,0.053242
17980,64,15,0.025467,211,1.235898,0.315774,0.360368,0.038797
17980,70,15,0.025467,410,1.257575,0.4442,0.377021,0.030123
17980,99,15,0.025467,472,1.050187,0.401923,0.358384,0.060639
17980,74,14,0.023769,194,1.044818,0.310403,0.367525,0.053972
18000,82,26,0.043845,237,1.258713,0.505975,0.483594,0.060372
18000,70,18,0.030354,413,1.278061,0.430193,0.368683,0.029737
18000,73,18,0.030354,180,1.111199,0.456157,0.463498,0.063848
18000,98,17,0.028668,110,0.949484,0.380513,0.407394,0.052998
18000,99,16,0.026981,473,1.048616,0.405508,0.358293,0.060745
18000,18,15,0.025295,104,1.047042,0.359156,0.400532,0.053622
18000,64,15,0.025295,211,1.235898,0.315774,0.360368,0.038797
18000,72,14,0.023609,200,1.029788,0.327442,0.470202,0.048867
18020,82,26,0.043771,238,1.250717,0.504387,0.478268,0.058446
18020,73,20,0.03367,182,1.130853,0.465323,0.484449,0.063122
18020,70,17,0.02862,413,1.268975,0.432481,0.372096,0.030304
18020,98,17,0.02862,110,0.949484,0.380513,0.407394,0.052998
18020,99,16,0.026936,473,1.048616,0.405508,0.358293,0.060745
18020,18,15,0.025253,104,1.047042,0.359156,0.400532,0.053622
18020,64,15,0.025253,212,1.231452,0.316277,0.363351,0.038355
18020,0,13,0.021886,115,0.936794,0.468291,0.367646,0.041334
18040,82,26,0.043919,239,1.27312,0.50435,0.482152,0.060118
18040,73,20,0.033784,182,1.130853,0.465323,0.484449,0.063122
18040,98,17,0.028716,110,0.949484,0.380513,0.407394,0.052998
18040,99,17,0.028716,474,1.053725,0.403816,0.359373,0.059609
18040,70,16,0.027027,413,1.278952,0.425465,0.367483,0.030299
18040,18,15,0.025338,104,1.047042,0.359156,0.400532,0.053622
18040,64,15,0.025338,212,1.231452,0.316277,0.363351,0.038355
18040,0,13,0.021959,115,0.936794,0.468291,0.367646,0.041334
18060,82,27,0.045608,240,1.28331,0.502623,0.480319,0.059375
18060,73,20,0.033784,182,1.130853,0.465323,0.484449,0.063122
18060,98,17,0.028716,110,0.949484,0.380513,0.407394,0.052998
18060,99,17,0.028716,474,1.053725,0.403816,0.359373,0.059609
18060,18,15,0.025338,104,1.047042,0.359156,0.400532,0.053622
18060,64,15,0.025338,212,1.231452,0.316277,0.363351,0.038355
18060,70,15,0.025338,413,1.269679,0.428828,0.371325,0.030688
18060,35,13,0.021959,184,0.971227,0.291659,0.354212,0.044977
18080,82,27,0.045608,241,1.290655,0.503006,0.486972,0.06101
18080,73,20,0.033784,182,1.130853,0.465323,0.484449,0.063122
18080,99,18,0.030405,475,1.057252,0.400766,0.360205,0.057924
18080,98,17,0.028716,110,0.949484,0.380513,0.407394,0.052998
18080,18,15,0.025338,105,1.034439,0.361174,0.399973,0.053614
18080,70,14,0.023649,413,1.263004,0.43264,0.375623,0.031069
18080,74,13,0.021959,196,1.045325,0.31112,0.371649,0.053757
18080,0,12,0.02027,115,0.943188,0.464521,0.371826,0.041013
18100,82,27,0.04584,241,1.290655,0.503006,0.486972,0.06101
18100,73,19,0.032258,182,1.127852,0.462359,0.477771,0.063834
18100,99,17,0.028862,475,1.055985,0.40323,0.358649,0.059001
18100,18,15,0.025467,105,1.034439,0.361174,0.399973,0.053614
18100,98,14,0.023769,110,0.952565,0.382126,0.409079,0.054077
18100,70,13,0.022071,413,1.273853,0.42704,0.371927,0.030949
18100,74,13,0.022071,196,1.045325,0.31112,0.371649,0.053757
18100,0,12,0.020374,115,0.943188,0.464521,0.371826,0.041013
18120,82,27,0.045685,242,1.295496,0.501739,0.485951,0.061148
18120,73,19,0.032149,182,1.127852,0.462359,0.477771,0.063834
18120,18,15,0.025381,105,1.034439,0.361174,0.399973,0.053614
18120,99,15,0.025381,475,1.079427,0.404755,0.36088,0.056541
18120,98,14,0.023689,110,0.952565,0.382126,0.409079,0.054077
18120,0,13,0.021997,116,0.952102,0.465147,0.372306,0.041335
18120,64,13,0.021997,213,1.238234,0.31558,0.364139,0.039244
18120,70,13,0.021997,414,1.24335,0.438743,0.383755,0.031307
18140,82,27,0.045302,242,1.295496,0.501739,0.485951,0.061148
18140,73,21,0.035235,184,1.139834,0.461565,0.488183,0.063474
18140,99,16,0.026846,476,1.07805,0.40226,0.361143,0.055825
18140,18,15,0.025168,105,1.034439,0.361174,0.399973,0.053614
18140,64,14,0.02349,214,1.240074,0.315745,0.365678,0.038343
18140,98,14,0.02349,110,0.952565,0.382126,0.409079,0.054077
18140,0,13,0.021812,116,0.952102,0.465147,0.372306,0.041335
18140,62,13,0.021812,148,1.014388,0.303192,0.431806,0.061366
18160,82,26,0.043333,242,1.288107,0.501726,0.487664,0.061808
18160,73,21,0.035,184,1.139834,0.461565,0.488183,0.063474
18160,99,18,0.03,478,1.08067,0.404954,0.359505,0.054551
18160,18,15,0.025,105,1.034439,0.361174,0.399973,0.053614
18160,64,15,0.025,215,1.256829,0.314148,0.368682,0.038358
18160,98,15,0.025,111,0.944525,0.380118,0.410042,0.052655
18160,0,13,0.021667,116,0.952102,0.465147,0.372306,0.041335
18160,62,13,0.021667,148,1.014388,0.303192,0.431806,0.061366
18180,82,26,0.042553,242,1.288107,0.501726,0.487664,0.061808
18180,73,21,0.03437,184,1.139834,0.461565,0.488183,0.063474
18180,99,18,0.02946,478,1.08067,0.404954,0.359505,0.054551
18180,18,16,0.026187,106,1.028889,0.363123,0.399126,0.053453
18180,64,16,0.026187,216,1.265674,0.314761,0.367679,0.03902
18180,98,15,0.02455,111,0.944525,0.380118,0.410042,0.052655
18180,0,13,0.021277,116,0.952102,0.465147,0.372306,0.041335
18180,62,13,0.021277,149,1.026001,0.300946,0.427169,0.059746
18200,82,25,0.04085,242,1.263937,0.503065,0.484536,0.060802
18200,73,20,0.03268,184,1.141876,0.458597,0.479249,0.063105
18200,99,19,0.031046,479,1.076919,0.403558,0.358385,0.057068
18200,64,17,0.027778,217,1.265305,0.315089,0.368397,0.039524
18200,98,17,0.027778,113,0.949462,0.376257,0.40563,0.051954
18200,18,16,0.026144,106,1.028889,0.363123,0.399126,0.053453
18200,70,14,0.022876,416,1.21706,0.445374,0.390594,0.032856
18200,35,13,0.021242,188,0.980273,0.289464,0.357741,0.046572
18220,82,26,0.042484,244,1.272446,0.497251,0.482154,0.06073
18220,73,20,0.03268,184,1.141876,0.458597,0.479249,0.063105
18220,99,18,0.029412,479,1.073958,0.406642,0.356769,0.057995
18220,64,17,0.027778,218,1.270766,0.315203,0.365028,0.039929
18220,98,17,0.027778,113,0.949462,0.376257,0.40563,0.051954
18220,18,16,0.026144,106,1.028889,0.363123,0.399126,0.053453
18220,35,15,0.02451,190,0.98033,0.284998,0.350396,0.047399
18220,70,14,0.022876,416,1.21706,0.445374,0.390594,0.032856
18240,82,28,0.045381,246,1.283596,0.498015,0.480276,0.060901
18240,73,21,0.034036,187,1.113104,0.454462,0.44881,0.062182
18240,99,18,0.029173,479,1.073958,0.406642,0.356769,0.057995
18240,18,17,0.027553,107,1.037437,0.363324,0.400792,0.053847
18240,64,17,0.027553,218,1.270766,0.315203,0.365028,0.039929
18240,98,17,0.027553,113,0.949462,0.376257,0.40563,0.051954
18240,35,15,0.024311,190,0.98033,0.284998,0.350396,0.047399
18240,70,14,0.02269,416,1.21706,0.445374,0.390594,0.032856
18260,82,27,0.043974,246,1.28133,0.499247,0.481579,0.061257
18260,73,21,0.034202,188,1.104417,0.451138,0.448241,0.062225
18260,64,18,0.029316,219,1.278345,0.316371,0.365913,0.040199
18260,98,18,0.029316,114,0.941796,0.379919,0.409161,0.053194
18260,99,18,0.029316,480,1.080259,0.405317,0.355731,0.057624
18260,18,17,0.027687,107,1.037437,0.363324,0.400792,0.053847
18260,35,15,0.02443,190,0.98033,0.284998,0.350396,0.047399
18260,70,14,0.022801,416,1.21706,0.445374,0.390594,0.032856
18280,82,28,0.046358,247,1.291414,0.499562,0.479854,0.060733
18280,73,21,0.034768,188,1.104417,0.451138,0.448241,0.062225
18280,64,20,0.033113,221,1.282703,0.314907,0.369,0.040479
18280,98,19,0.031457,115,0.932161,0.380508,0.411663,0.053657
18280,18,17,0.028146,107,1.037437,0.363324,0.400792,0.053847
18280,99,16,0.02649,480,1.080436,0.407753,0.359598,0.057561
18280,35,14,0.023179,190,0.983922,0.284862,0.348621,0.047655
18280,72,14,0.023179,206,1.024555,0.324881,0.451219,0.048065
18300,82,28,0.046512,247,1.291414,0.499562,0.479854,0.060733
18300,73,21,0.034884,188,1.104417,0.451138,0.448241,0.062225
18300,64,19,0.031561,221,1.285637,0.314152,0.370155,0.040074
18300,98,18,0.0299,115,0.937728,0.382092,0.411004,0.054819
18300,18,17,0.028239,107,1.037437,0.363324,0.400792,0.053847
18300,99,16,0.026578,480,1.080436,0.407753,0.359598,0.057561
18300,72,15,0.024917,207,1.016878,0.325965,0.462599,0.048507
18300,74,14,0.023256,200,1.021397,0.30445,0.366834,0.053054
18320,82,27,0.045151,247,1.28848,0.496917,0.475122,0.059476
18320,73,21,0.035117,188,1.104417,0.451138,0.448241,0.062225
18320,64,18,0.0301,221,1.287094,0.313809,0.369614,0.039657
18320,98,18,0.0301,115,0.937728,0.382092,0.411004,0.054819
18320,18,17,0.028428,107,1.037437,0.363324,0.400792,0.053847
18320,99,17,0.028428,481,1.082438,0.412472,0.360629,0.057411
18320,70,15,0.025084,419,1.239511,0.446897,0.383334,0.031099
18320,72,14,0.023411,207,1.011899,0.326299,0.466351,0.048222
18340,82,27,0.045151,247,1.28848,0.496917,0.475122,0.059476
18340,73,21,0.035117,188,1.104417,0.451138,0.448241,0.062225
18340,98,19,0.031773,116,0.928754,0.383721,0.417688,0.055455
18340,18,17,0.028428,107,1.037437,0.363324,0.400792,0.053847
18340,70,17,0.028428,421,1.262472,0.438493,0.373416,0.030719
18340,99,17,0.028428,481,1.082438,0.412472,0.360629,0.057411
18340,64,16,0.026756,221,1.281806,0.315662,0.366606,0.039995
18340,72,14,0.023411,207,1.011899,0.326299,0.466351,0.048222
18360,82,26,0.042904,247,1.275951,0.495545,0.473236,0.058297
18360,73,21,0.034653,188,1.104417,0.451138,0.448241,0.062225
18360,98,20,0.033003,117,0.92195,0.384644,0.429481,0.055789
18360,70,18,0.029703,422,1.253885,0.445408,0.377577,0.030751
18360,18,17,0.028053,107,1.037437,0.363324,0.400792,0.053847
18360,64,17,0.028053,222,1.273986,0.31386,0.366953,0.039819
18360,99,16,0.026403,481,1.081671,0.40847,0.362186,0.05764
18360,0,14,0.023102,122,0.944665,0.463453,0.379848,0.043228
18380,82,25,0.041736,247,1.282685,0.49063,0.471844,0.058395
18380,98,22,0.036728,119,0.914483,0.388871,0.430322,0.056579
18380,73,21,0.035058,190,1.123328,0.457737,0.467253,0.062635
18380,18,17,0.028381,107,1.037437,0.363324,0.400792,0.053847
18380,64,17,0.028381,223,1.265681,0.31364,0.368279,0.039206
18380,70,16,0.026711,422,1.244756,0.455817,0.384864,0.030859
18380,99,16,0.026711,481,1.081671,0.40847,0.362186,0.05764
18380,0,14,0.023372,122,0.944665,0.463453,0.379848,0.043228
18400,82,26,0.043261,249,1.272812,0.48836,0.47201,0.057961
18400,73,21,0.034942,190,1.123328,0.457737,0.467253,0.062635
18400,98,21,0.034942,119,0.907794,0.390132,0.435415,0.056989
18400,18,17,0.028286,107,1.037437,0.363324,0.400792,0.053847
18400,64,17,0.028286,223,1.265681,0.31364,0.368279,0.039206
18400,70,16,0.026622,423,1.237345,0.455331,0.386379,0.031713
18400,99,15,0.024958,481,1.079879,0.4106,0.362526,0.059152
18400,0,14,0.023295,122,0.944665,0.463453,0.379848,0.043228
18420,82,26,0.043261,249,1.272812,0.48836,0.47201,0.057961
18420,73,20,0.033278,190,1.132177,0.455816,0.476792,0.063371
18420,98,20,0.033278,120,0.911829,0.389942,0.435081,0.056281
18420,70,17,0.028286,425,1.248869,0.450877,0.381746,0.031113
18420,18,16,0.026622,107,1.043174,0.36151,0.40169,0.054023
18420,64,16,0.026622,223,1.256836,0.312228,0.367487,0.038857
18420,0,14,0.023295,123,0.934052,0.461422,0.381886,0.042997
18420,99,14,0.023295,481,1.081485,0.413869,0.362342,0.060156
18440,82,25,0.041459,250,1.262819,0.488242,0.475471,0.059461
18440,73,20,0.033167,190,1.132177,0.455816,0.476792,0.063371
18440,98,20,0.033167,120,0.911829,0.389942,0.435081,0.056281
18440,18,17,0.028192,108,1.049342,0.360492,0.402579,0.054621
18440,70,16,0.026534,425,1.235325,0.455823,0.38722,0.031535
18440,64,15,0.024876,223,1.256359,0.311852,0.366274,0.039672
18440,0,14,0.023217,123,0.934052,0.461422,0.381886,0.042997
18440,99,14,0.023217,481,1.081485,0.413869,0.362342,0.060156
18460,82,26,0.042553,252,1.263094,0.499845,0.475707,0.059257
18460,98,20,0.032733,120,0.911829,0.389942,0.435081,0.056281
18460,18,18,0.02946,109,1.040546,0.360958,0.40104,0.054135
18460,73,17,0.027823,190,1.090548,0.450842,0.448282,0.063168
18460,70,16,0.026187,425,1.235325,0.455823,0.38722,0.031535
18460,64,15,0.02455,224,1.268112,0.313477,0.37021,0.040676
18460,99,15,0.02455,482,1.078376,0.410811,0.358203,0.063786
18460,0,14,0.022913,123,0.934052,0.461422,0.381886,0.042997
18480,82,26,0.042553,253,1.263366,0.500021,0.476452,0.059145
18480,98,19,0.031097,120,0.911503,0.392979,0.435785,0.056853
18480,18,18,0.02946,109,1.040546,0.360958,0.40104,0.054135
18480,73,17,0.027823,190,1.090548,0.450842,0.448282,0.063168
18480,99,16,0.026187,483,1.085777,0.408927,0.360058,0.062223
18480,72,15,0.02455,211,1.02038,0.32361,0.461041,0.048257
18480,0,14,0.022913,123,0.934052,0.461422,0.381886,0.042997
18480,64,14,0.022913,224,1.26485,0.31293,0.369662,0.040211
18500,82,26,0.042345,254,1.237222,0.503515,0.480036,0.058999
18500,73,19,0.030945,192,1.097869,0.453196,0.469658,0.064227
18500,98,19,0.030945,120,0.911503,0.392979,0.435785,0.056853
18500,18,18,0.029316,109,1.040546,0.360958,0.40104,0.054135
18500,64,15,0.02443,225,1.257617,0.311837,0.368857,0.040172
18500,0,14,0.022801,123,0.934052,0.461422,0.381886,0.042997
18500,70,14,0.022801,426,1.226112,0.454258,0.388395,0.031562
18500,72,14,0.022801,211,1.027565,0.320611,0.460289,0.047089
18520,82,27,0.044262,255,1.238564,0.504736,0.482392,0.060926
18520,73,19,0.031148,192,1.097869,0.453196,0.469658,0.064227
18520,98,19,0.031148,120,0.911503,0.392979,0.435785,0.056853
18520,18,18,0.029508,109,1.040546,0.360958,0.40104,0.054135
18520,0,14,0.022951,123,0.934052,0.461422,0.381886,0.042997
18520,64,14,0.022951,225,1.252442,0.313945,0.365512,0.04027
18520,70,14,0.022951,426,1.226112,0.454258,0.388395,0.031562
18520,99,14,0.022951,484,1.101593,0.398862,0.360331,0.057735
18540,82,26,0.042484,255,1.233546,0.506367,0.484864,0.061162
18540,73,19,0.031046,192,1.097869,0.453196,0.469658,0.064227
18540,98,19,0.031046,120,0.911503,0.392979,0.435785,0.056853
18540,18,18,0.029412,109,1.040546,0.360958,0.40104,0.054135
18540,70,15,0.02451,427,1.2257,0.446616,0.386182,0.032545
18540,99,15,0.02451,485,1.096951,0.396095,0.357168,0.060285
18540,64,14,0.022876,225,1.252442,0.313945,0.365512,0.04027
18540,40,13,0.021242,212,1.262805,0.294006,0.409122,0.034492
18560,82,27,0.044262,256,1.221972,0.508735,0.487003,0.06022
18560,98,21,0.034426,122,0.910299,0.400639,0.442054,0.057756
18560,73,18,0.029508,192,1.08789,0.455421,0.465868,0.063633
18560,18,17,0.027869,109,1.032344,0.360661,0.399158,0.053892
18560,64,15,0.02459,226,1.250916,0.314526,0.365791,0.041226
18560,70,15,0.02459,429,1.231244,0.449088,0.385712,0.0313
18560,99,15,0.02459,485,1.096951,0.396095,0.357168,0.060285
18560,40,14,0.022951,213,1.262547,0.295986,0.41058,0.035547
18580,82,28,0.045234,257,1.233699,0.506869,0.484007,0.059403
18580,98,21,0.033926,122,0.910299,0.400639,0.442054,0.057756
18580,73,20,0.03231,194,1.074647,0.447559,0.448313,0.063133
18580,18,18,0.029079,110,1.035965,0.359474,0.395265,0.054308
18580,64,15,0.024233,228,1.247957,0.313922,0.367413,0.040333
18580,99,15,0.024233,486,1.108113,0.391193,0.357287,0.061401
18580,40,14,0.022617,214,1.262209,0.293955,0.412568,0.035162
18580,70,14,0.022617,429,1.235978,0.443785,0.381349,0.030709
18600,82,29,0.046699,258,1.243981,0.507115,0.481861,0.058345
18600,73,22,0.035427,196,1.089708,0.458804,0.462746,0.061927
18600,98,21,0.033816,122,0.910299,0.400639,0.442054,0.057756
18600,18,18,0.028986,110,1.035965,0.359474,0.395265,0.054308
18600,64,16,0.025765,229,1.243602,0.313843,0.365192,0.040454
18600,99,16,0.025765,487,1.104042,0.388615,0.357662,0.060363
18600,40,14,0.022544,214,1.262209,0.293955,0.412568,0.035162
18600,35,13,0.020934,198,0.984507,0.289936,0.359096,0.044155
18620,82,26,0.041801,258,1.225752,0.510177,0.483342,0.058402
18620,73,22,0.03537,196,1.089708,0.458804,0.462746,0.061927
18620,98,22,0.03537,123,0.903017,0.400363,0.447304,0.057803
18620,18,18,0.028939,110,1.035965,0.359474,0.395265,0.054308
18620,99,16,0.025723,487,1.104042,0.388615,0.357662,0.060363
18620,64,15,0.024116,229,1.242698,0.313417,0.364527,0.040582
18620,70,15,0.024116,431,1.241996,0.438554,0.378393,0.03162
18620,35,14,0.022508,199,0.985967,0.292002,0.356228,0.044983
18640,82,27,0.043339,259,1.228134,0.513262,0.485544,0.060157
18640,73,22,0.035313,196,1.089708,0.458804,0.462746,0.061927
18640,98,22,0.035313,123,0.903017,0.400363,0.447304,0.057803
18640,18,18,0.028892,110,1.035965,0.359474,0.395265,0.054308
18640,99,16,0.025682,487,1.104042,0.388615,0.357662,0.060363
18640,64,15,0.024077,229,1.242698,0.313417,0.364527,0.040582
18640,70,15,0.024077,431,1.241996,0.438554,0.378393,0.03162
18640,35,14,0.022472,199,0.985967,0.292002,0.356228,0.044983
18660,82,27,0.043062,259,1.228134,0.513262,0.485544,0.060157
18660,73,21,0.033493,196,1.094184,0.464032,0.470409,0.062027
18660,98,21,0.033493,123,0.904586,0.400819,0.449007,0.058294
18660,18,18,0.028708,110,1.035965,0.359474,0.395265,0.054308
18660,99,18,0.028708,490,1.115416,0.39447,0.358966,0.057272
18660,35,15,0.023923,200,0.984221,0.29158,0.357314,0.044078
18660,64,15,0.023923,229,1.242698,0.313417,0.364527,0.040582
18660,40,14,0.022329,215,1.269913,0.292429,0.410815,0.036683
18680,82,27,0.043131,259,1.228134,0.513262,0.485544,0.060157
18680,73,21,0.033546,196,1.094184,0.464032,0.470409,0.062027
18680,98,21,0.033546,123,0.904586,0.400819,0.449007,0.058294
18680,99,18,0.028754,490,1.115416,0.39447,0.358966,0.057272
18680,18,17,0.027157,110,1.029373,0.360372,0.393998,0.053727
18680,64,16,0.025559,230,1.251201,0.314811,0.364343,0.040689
18680,35,15,0.023962,200,0.984221,0.29158,0.357314,0.044078
18680,40,14,0.022364,215,1.269913,0.292429,0.410815,0.036683
18700,82,28,0.045161,260,1.245064,0.518925,0.483738,0.061345
18700,98,22,0.035484,124,0.898286,0.401055,0.460855,0.058799
18700,73,21,0.033871,196,1.094184,0.464032,0.470409,0.062027
18700,18,17,0.027419,110,1.029373,0.360372,0.393998,0.053727
18700,99,17,0.027419,490,1.113977,0.398199,0.358441,0.058959
18700,35,15,0.024194,200,0.984221,0.29158,0.357314,0.044078
18700,40,14,0.022581,215,1.269913,0.292429,0.410815,0.036683
18700,70,14,0.022581,432,1.241157,0.442922,0.38169,0.032114
18720,82,28,0.045016,261,1.232032,0.511175,0.481521,0.061703
18720,73,22,0.03537,197,1.104162,0.465057,0.482421,0.061785
18720,98,22,0.03537,124,0.898286,0.401055,0.460855,0.058799
18720,18,17,0.027331,110,1.029373,0.360372,0.393998,0.053727
18720,99,17,0.027331,491,1.106165,0.403999,0.357769,0.059565
18720,35,15,0.024116,200,0.984221,0.29158,0.357314,0.044078
18720,70,15,0.024116,434,1.219677,0.462345,0.393447,0.031231
18720,40,14,0.022508,215,1.269913,0.292429,0.410815,0.036683
18740,82,27,0.043339,261,1.232635,0.510663,0.476565,0.060318
18740,73,22,0.035313,199,1.122309,0.463078,0.49233,0.061803
18740,98,21,0.033708,124,0.901042,0.397097,0.457069,0.058471
18740,70,18,0.028892,437,1.238387,0.45782,0.387957,0.030404
18740,18,16,0.025682,111,1.029523,0.359725,0.398195,0.053449
18740,99,16,0.025682,491,1.095182,0.403346,0.356449,0.058803
18740,0,14,0.022472,125,0.935322,0.461822,0.383229,0.042147
18740,22,14,0.022472,89,0.826612,0.520271,0.376646,0.062224
18760,82,27,0.043902,261,1.232635,0.510663,0.476565,0.060318
18760,73,20,0.03252,199,1.109473,0.462827,0.478966,0.06077
18760,98,20,0.03252,124,0.90859,0.397224,0.452045,0.058455
18760,70,17,0.027642,438,1.2193,0.461722,0.393403,0.030956
18760,18,16,0.026016,111,1.029523,0.359725,0.398195,0.053449
18760,99,16,0.026016,493,1.109362,0.403436,0.355897,0.058417
18760,72,15,0.02439,216,1.017591,0.333877,0.473381,0.049236
18760,0,14,0.022764,125,0.935322,0.461822,0.383229,0.042147
18780,82,28,0.045677,263,1.233023,0.513689,0.479313,0.061473
18780,73,20,0.032626,199,1.109473,0.462827,0.478966,0.06077
18780,98,20,0.032626,124,0.90859,0.397224,0.452045,0.058455
18780,18,17,0.027732,112,1.033381,0.36065,0.404864,0.053618
18780,70,17,0.027732,438,1.2193,0.461722,0.393403,0.030956
18780,72,15,0.02447,216,1.017591,0.333877,0.473381,0.049236
18780,0,14,0.022838,125,0.935322,0.461822,0.383229,0.042147
18780,64,14,0.022838,231,1.256371,0.315329,0.372416,0.040858
18800,82,29,0.047002,264,1.225667,0.507336,0.478129,0.060888
18800,73,20,0.032415,199,1.109473,0.462827,0.478966,0.06077
18800,98,20,0.032415,125,0.903095,0.399667,0.448856,0.059684
18800,70,19,0.030794,440,1.210578,0.470317,0.39913,0.031317
18800,18,17,0.027553,112,1.033381,0.36065,0.404864,0.053618
18800,72,15,0.024311,216,1.017591,0.333877,0.473381,0.049236
18800,0,14,0.02269,125,0.935322,0.461822,0.383229,0.042147
18800,99,14,0.02269,494,1.090719,0.412231,0.359473,0.057567
18820,82,27,0.043974,264,1.225431,0.508955,0.47993,0.061267
18820,73,20,0.032573,199,1.109473,0.462827,0.478966,0.06077
18820,98,20,0.032573,125,0.903095,0.399667,0.448856,0.059684
18820,70,19,0.030945,440,1.210578,0.470317,0.39913,0.031317
18820,18,17,0.027687,112,1.033381,0.36065,0.404864,0.053618
18820,72,16,0.026059,217,1.019448,0.338548,0.471124,0.049826
18820,0,14,0.022801,126,0.955268,0.461325,0.379332,0.042338
18820,64,14,0.022801,232,1.255765,0.316082,0.374866,0.040891
18840,82,27,0.043902,264,1.225431,0.508955,0.47993,0.061267
18840,98,21,0.034146,126,0.894972,0.399067,0.448422,0.060467
18840,73,20,0.03252,200,1.113999,0.456108,0.473641,0.060923
18840,70,18,0.029268,440,1.216283,0.465171,0.396398,0.031318
18840,18,17,0.027642,112,1.033381,0.36065,0.404864,0.053618
18840,72,16,0.026016,217,1.019448,0.338548,0.471124,0.049826
18840,64,15,0.02439,233,1.269738,0.316866,0.374251,0.041595
18840,0,14,0.022764,126,0.955268,0.461325,0.379332,0.042338
18860,82,27,0.043478,264,1.225431,0.508955,0.47993,0.061267
18860,73,21,0.033816,202,1.077123,0.443764,0.447153,0.061537
18860,98,20,0.032206,126,0.899941,0.396265,0.448635,0.060177
18860,18,18,0.028986,113,1.041016,0.363624,0.407564,0.053981
18860,70,17,0.027375,440,1.210845,0.472419,0.400616,0.0308
18860,72,17,0.027375,219,1.013393,0.335859,0.470186,0.049011
18860,99,16,0.025765,496,1.093273,0.398971,0.351217,0.063435
18860,64,15,0.024155,234,1.276899,0.314298,0.377654,0.040666
18880,82,27,0.043408,266,1.228858,0.497558,0.475742,0.058842
18880,73,21,0.033762,202,1.077123,0.443764,0.447153,0.061537
18880,98,20,0.032154,126,0.899941,0.396265,0.448635,0.060177
18880,18,18,0.028939,113,1.041016,0.363624,0.407564,0.053981
18880,72,17,0.027331,219,1.013393,0.335859,0.470186,0.049011
18880,99,17,0.027331,497,1.095189,0.396613,0.353384,0.061852
18880,70,16,0.025723,440,1.223596,0.469154,0.396638,0.030911
18880,64,15,0.024116,234,1.276899,0.314298,0.377654,0.040666
18900,82,28,0.044944,268,1.243197,0.514096,0.47449,0.0583
18900,73,21,0.033708,202,1.077123,0.443764,0.447153,0.061537
18900,98,20,0.032103,127,0.900567,0.397088,0.443538,0.060078
18900,99,19,0.030498,499,1.097811,0.394259,0.350769,0.062863
18900,18,18,0.028892,114,1.045545,0.363693,0.407653,0.054551
18900,70,18,0.028892,444,1.227873,0.469596,0.395517,0.030571
18900,72,16,0.025682,219,1.01507,0.340606,0.473731,0.049112
18900,0,14,0.022472,127,0.959658,0.461616,0.38021,0.042604
18920,82,29,0.046178,269,1.238412,0.51845,0.476272,0.058038
18920,73,22,0.035032,203,1.084419,0.447449,0.456854,0.062694
18920,98,20,0.031847,127,0.900567,0.397088,0.443538,0.060078
18920,18,19,0.030255,115,1.044908,0.363507,0.407557,0.054741
18920,70,18,0.028662,444,1.227873,0.469596,0.395517,0.030571
18920,99,18,0.028662,499,1.099689,0.389536,0.349341,0.063628
18920,72,15,0.023885,219,1.001691,0.343305,0.474445,0.048984
18920,0,14,0.022293,127,0.959658,0.461616,0.38021,0.042604
18940,82,28,0.045089,270,1.246683,0.514097,0.47424,0.059506
18940,73,22,0.035427,204,1.097433,0.452094,0.471002,0.062482
18940,98,20,0.032206,127,0.900567,0.397088,0.443538,0.060078
18940,18,19,0.030596,115,1.044908,0.363507,0.407557,0.054741
18940,99,19,0.030596,500,1.10056,0.393406,0.349428,0.063239
18940,70,18,0.028986,444,1.227873,0.469596,0.395517,0.030571
18940,0,14,0.022544,127,0.959658,0.461616,0.38021,0.042604
18940,64,13,0.020934,235,1.265607,0.312349,0.372469,0.040273
18960,82,29,0.046252,271,1.250006,0.509408,0.478572,0.061521
18960,73,22,0.035088,204,1.097433,0.452094,0.471002,0.062482
18960,70,20,0.031898,446,1.249476,0.459051,0.386091,0.030013
18960,98,20,0.031898,127,0.900567,0.397088,0.443538,0.060078
18960,18,19,0.030303,115,1.044908,0.363507,0.407557,0.054741
18960,99,19,0.030303,501,1.106735,0.397335,0.353315,0.061523
18960,0,14,0.022329,127,0.959658,0.461616,0.38021,0.042604
18960,64,14,0.022329,237,1.239645,0.309458,0.370503,0.040234
18980,82,29,0.046474,271,1.250006,0.509408,0.478572,0.061521
18980,73,21,0.033654,205,1.110119,0.459129,0.479423,0.062558
18980,70,20,0.032051,446,1.249476,0.459051,0.386091,0.030013
18980,98,20,0.032051,127,0.900567,0.397088,0.443538,0.060078
18980,18,19,0.030449,115,1.044908,0.363507,0.407557,0.054741
18980,99,18,0.028846,502,1.091791,0.401487,0.350224,0.060566
18980,0,13,0.020833,127,0.946043,0.463828,0.382153,0.042367
18980,62,13,0.020833,161,1.007979,0.309394,0.444092,0.068023
19000,82,29,0.046252,272,1.231965,0.504781,0.477489,0.062404
19000,73,21,0.033493,205,1.110119,0.459129,0.479423,0.062558
19000,70,20,0.031898,447,1.233164,0.470181,0.391776,0.030415
19000,98,20,0.031898,127,0.900567,0.397088,0.443538,0.060078
19000,18,18,0.028708,115,1.049229,0.366531,0.406579,0.054649
19000,99,18,0.028708,502,1.091791,0.401487,0.350224,0.060566
19000,64,14,0.022329,238,1.238297,0.310696,0.370581,0.040099
19000,62,13,0.020734,161,1.007979,0.309394,0.444092,0.068023
19020,82,30,0.047393,273,1.234744,0.513477,0.476819,0.062245
19020,73,21,0.033175,205,1.110119,0.459129,0.479423,0.062558
19020,98,21,0.033175,128,0.898303,0.394841,0.443518,0.059614
19020,18,19,0.030016,116,1.038349,0.365449,0.404837,0.054343
19020,70,19,0.030016,447,1.222237,0.476133,0.396271,0.030768
19020,99,17,0.026856,502,1.086169,0.398826,0.350211,0.060526
19020,64,15,0.023697,239,1.239525,0.311787,0.369386,0.040461
19020,40,13,0.020537,220,1.256884,0.288338,0.408126,0.036116
19040,82,31,0.048973,274,1.24219,0.51364,0.474792,0.061292
19040,73,22,0.034755,207,1.11684,0.47261,0.490313,0.063121
19040,98,20,0.031596,128,0.906592,0.395228,0.443706,0.058788
19040,18,19,0.030016,116,1.038349,0.365449,0.404837,0.054343
19040,70,18,0.028436,447,1.211567,0.481039,0.401573,0.031298
19040,99,17,0.026856,502,1.086169,0.398826,0.350211,0.060526
19040,64,14,0.022117,239,1.246072,0.312122,0.367779,0.040487
19040,40,13,0.020537,220,1.256884,0.288338,0.408126,0.036116
19060,82,32,0.050314,275,1.241137,0.511751,0.47636,0.06218
19060,73,23,0.036164,209,1.086773,0.467754,0.460522,0.063044
19060,98,20,0.031447,128,0.906592,0.395228,0.443706,0.058788
19060,18,19,0.029874,116,1.038349,0.365449,0.404837,0.054343
19060,70,19,0.029874,448,1.208611,0.483674,0.405552,0.030906
19060,99,16,0.025157,503,1.079944,0.399795,0.353608,0.057771
19060,64,15,0.023585,240,1.241535,0.311401,0.368517,0.040184
19060,40,14,0.022013,221,1.256956,0.288229,0.408837,0.035669
19080,82,33,0.051969,276,1.237749,0.509512,0.478812,0.06364
19080,73,23,0.03622,209,1.086773,0.467754,0.460522,0.063044
19080,98,21,0.033071,129,0.904612,0.394021,0.442597,0.05799
19080,18,19,0.029921,117,1.034764,0.367534,0.403633,0.053631
19080,70,17,0.026772,448,1.199089,0.486434,0.409433,0.030871
19080,64,16,0.025197,241,1.244184,0.309456,0.368421,0.040685
19080,99,16,0.025197,504,1.077367,0.405923,0.355284,0.057724
19080,35,15,0.023622,210,0.962909,0.288255,0.355069,0.045497
19100,82,32,0.050314,276,1.234305,0.510338,0.48025,0.064048
19100,73,23,0.036164,209,1.086773,0.467754,0.460522,0.063044
19100,98,21,0.033019,129,0.904612,0.394021,0.442597,0.05799
19100,18,19,0.029874,117,1.034764,0.367534,0.403633,0.053631
19100,70,17,0.02673,448,1.199089,0.486434,0.409433,0.030871
19100,64,16,0.025157,242,1.23634,0.308803,0.371099,0.039732
19100,35,15,0.023585,210,0.962909,0.288255,0.355069,0.045497
19100,99,15,0.023585,504,1.074135,0.40906,0.353099,0.059138
19120,82,30,0.04717,276,1.219349,0.512917,0.484213,0.066002
19120,73,23,0.036164,209,1.086773,0.467754,0.460522,0.063044
19120,98,21,0.033019,129,0.904612,0.394021,0.442597,0.05799
19120,18,18,0.028302,117,1.034837,0.367943,0.403512,0.05338
19120,70,17,0.02673,448,1.199089,0.486434,0.409433,0.030871
19120,35,16,0.025157,211,0.969315,0.289437,0.354854,0.045663
19120,64,16,0.025157,242,1.23634,0.308803,0.371099,0.039732
19120,99,15,0.023585,504,1.074135,0.40906,0.353099,0.059138
19140,82,30,0.047544,277,1.22033,0.522173,0.481879,0.06604
19140,73,23,0.03645,209,1.086773,0.467754,0.460522,0.063044
19140,98,22,0.034865,130,0.906474,0.391659,0.436098,0.05768
19140,70,19,0.030111,450,1.214672,0.475893,0.398377,0.030244
19140,18,18,0.028526,117,1.034837,0.367943,0.403512,0.05338
19140,64,16,0.025357,242,1.23634,0.308803,0.371099,0.039732
19140,99,16,0.025357,505,1.077794,0.4061,0.351679,0.058278
19140,35,15,0.023772,211,0.968048,0.291122,0.358941,0.04518
19160,82,31,0.049206,278,1.227516,0.521682,0.479188,0.064853
19160,73,22,0.034921,209,1.095316,0.470003,0.469342,0.063288
19160,98,22,0.034921,130,0.906474,0.391659,0.436098,0.05768
19160,18,18,0.028571,117,1.034837,0.367943,0.403512,0.05338
19160,70,18,0.028571,451,1.218199,0.483606,0.399126,0.029933
19160,64,17,0.026984,243,1.243078,0.309705,0.368928,0.040397
19160,40,16,0.025397,224,1.262662,0.28896,0.413373,0.036867
19160,35,15,0.02381,211,0.968048,0.291122,0.358941,0.04518
19180,82,32,0.050473,279,1.228272,0.531144,0.480413,0.064994
19180,73,24,0.037855,211,1.103453,0.475132,0.482228,0.062539
19180,98,22,0.0347,130,0.906474,0.391659,0.436098,0.05768
19180,70,19,0.029968,452,1.212942,0.485703,0.401186,0.030066
19180,18,18,0.028391,117,1.034837,0.367943,0.403512,0.05338
19180,64,17,0.026814,243,1.243078,0.309705,0.368928,0.040397
19180,40,16,0.025237,224,1.262662,0.28896,0.413373,0.036867
19180,72,16,0.025237,227,0.978429,0.352247,0.470752,0.04866
19200,82,34,0.053883,281,1.217969,0.532713,0.486165,0.065441
19200,73,23,0.03645,211,1.088876,0.478392,0.481216,0.061683
19200,98,23,0.03645,131,0.89979,0.397643,0.434076,0.058968
19200,18,18,0.028526,117,1.034837,0.367943,0.403512,0.05338
19200,64,17,0.026941,244,1.243808,0.310664,0.369632,0.040597
19200,70,17,0.026941,452,1.220203,0.479544,0.392376,0.030274
19200,99,17,0.026941,507,1.082055,0.401865,0.350463,0.057386
19200,72,16,0.025357,227,0.978429,0.352247,0.470752,0.04866
19220,82,34,0.054054,282,1.201353,0.534518,0.489068,0.065536
19220,73,24,0.038156,213,1.118545,0.477061,0.497606,0.061578
19220,98,23,0.036566,131,0.89979,0.397643,0.434076,0.058968
19220,18,17,0.027027,117,1.046151,0.369236,0.405279,0.053647
19220,64,17,0.027027,244,1.243808,0.310664,0.369632,0.040597
19220,72,17,0.027027,228,0.993539,0.346597,0.469071,0.048643
19220,70,16,0.025437,452,1.227452,0.473983,0.387938,0.029957
19220,99,16,0.025437,507,1.089564,0.405547,0.354611,0.055733
19240,82,32,0.050394,282,1.192996,0.529957,0.49192,0.066184
19240,73,24,0.037795,213,1.118545,0.477061,0.497606,0.061578
19240,98,22,0.034646,131,0.905815,0.396943,0.429352,0.058607
19240,18,17,0.026772,117,1.046151,0.369236,0.405279,0.053647
19240,70,17,0.026772,453,1.22401,0.479668,0.391357,0.03017
19240,72,17,0.026772,228,0.993539,0.346597,0.469071,0.048643
19240,99,17,0.026772,509,1.081081,0.405413,0.346903,0.062849
19240,64,15,0.023622,244,1.242551,0.31194,0.365755,0.041487
19260,82,30,0.047319,282,1.203922,0.536356,0.488901,0.064076
19260,73,25,0.039432,215,1.095669,0.471465,0.477417,0.061003
19260,98,21,0.033123,132,0.915692,0.396763,0.427993,0.0588
19260,70,18,0.028391,455,1.237217,0.473591,0.388376,0.030054
19260,18,17,0.026814,117,1.046151,0.369236,0.405279,0.053647
19260,72,17,0.026814,228,0.993539,0.346597,0.469071,0.048643
19260,99,17,0.026814,509,1.081081,0.405413,0.346903,0.062849
19260,64,14,0.022082,244,1.252211,0.313417,0.365788,0.04204
19280,82,30,0.04717,283,1.211419,0.535609,0.495734,0.065215
19280,73,25,0.039308,215,1.095669,0.471465,0.477417,0.061003
19280,98,20,0.031447,132,0.914198,0.399499,0.434411,0.059181
19280,18,17,0.02673,117,1.046151,0.369236,0.405279,0.053647
19280,70,17,0.02673,456,1.223392,0.479472,0.392694,0.03026
19280,99,17,0.02673,509,1.081081,0.405413,0.346903,0.062849
19280,72,16,0.025157,229,0.985967,0.350945,0.46774,0.048709
19280,40,15,0.023585,227,1.281251,0.28861,0.41401,0.036678
19300,82,33,0.051402,286,1.221475,0.540208,0.496701,0.064965
19300,73,25,0.038941,215,1.095669,0.471465,0.477417,0.061003
19300,98,20,0.031153,132,0.914198,0.399499,0.434411,0.059181
19300,70,18,0.028037,457,1.215826,0.471754,0.390486,0.030582
19300,99,18,0.028037,510,1.080412,0.41096,0.347978,0.06284
19300,18,17,0.02648,117,1.046151,0.369236,0.405279,0.053647
19300,72,17,0.02648,230,0.985238,0.353651,0.471894,0.048495
19300,64,14,0.021807,245,1.252269,0.316374,0.365724,0.042266
19320,82,34,0.05255,287,1.238624,0.541082,0.494645,0.065607
19320,73,25,0.03864,215,1.095669,0.471465,0.477417,0.061003
19320,98,20,0.030912,132,0.914198,0.399499,0.434411,0.059181
19320,99,20,0.030912,512,1.084134,0.406235,0.344955,0.062623
19320,70,18,0.027821,459,1.215862,0.469831,0.389201,0.030443
19320,18,17,0.026275,117,1.046151,0.369236,0.405279,0.053647
19320,72,16,0.02473,230,0.989118,0.358438,0.477833,0.048467
19320,0,14,0.021638,134,0.961468,0.475337,0.379689,0.043082
19340,82,34,0.052713,287,1.238624,0.541082,0.494645,0.065607
19340,73,26,0.04031,217,1.100004,0.467369,0.480455,0.061244
19340,98,20,0.031008,132,0.914198,0.399499,0.434411,0.059181
19340,99,19,0.029457,512,1.089335,0.407867,0.348585,0.060629
19340,70,18,0.027907,459,1.215862,0.469831,0.389201,0.030443
19340,18,16,0.024806,117,1.0506,0.36867,0.408367,0.054136
19340,72,16,0.024806,230,0.989118,0.358438,0.477833,0.048467
19340,0,14,0.021705,134,0.961468,0.475337,0.379689,0.043082
19360,82,32,0.049689,287,1.231338,0.54418,0.497522,0.064859
19360,73,28,0.043478,220,1.081607,0.465802,0.468311,0.060118
19360,98,20,0.031056,132,0.914198,0.399499,0.434411,0.059181
19360,70,18,0.02795,459,1.215862,0.469831,0.389201,0.030443
19360,99,18,0.02795,512,1.088713,0.404568,0.347003,0.061148
19360,18,17,0.026398,118,1.042778,0.369617,0.408025,0.053519
19360,72,16,0.024845,231,0.997466,0.365543,0.475761,0.047765
19360,0,13,0.020186,134,0.950689,0.474177,0.381937,0.042817
19380,82,32,0.049383,287,1.231338,0.54418,0.497522,0.064859
19380,73,28,0.04321,221,1.095952,0.470201,0.480463,0.060014
19380,98,20,0.030864,132,0.914198,0.399499,0.434411,0.059181
19380,70,18,0.027778,460,1.204935,0.481809,0.397159,0.031238
19380,18,17,0.026235,118,1.042778,0.369617,0.408025,0.053519
19380,99,17,0.026235,512,1.08254,0.408341,0.346243,0.06247
19380,72,15,0.023148,231,0.98161,0.372832,0.477999,0.047725
19380,0,13,0.020062,135,0.952348,0.471219,0.377214,0.042682
19400,82,32,0.050794,287,1.231338,0.54418,0.497522,0.064859
19400,73,26,0.04127,221,1.100888,0.469147,0.482834,0.060306
19400,98,20,0.031746,132,0.914198,0.399499,0.434411,0.059181
19400,70,19,0.030159,461,1.213201,0.475921,0.392277,0.030923
19400,18,18,0.028571,119,1.04494,0.372158,0.407154,0.052963
19400,72,15,0.02381,231,0.98161,0.372832,0.477999,0.047725
19400,99,15,0.02381,513,1.088482,0.411993,0.347607,0.063248
19400,0,13,0.020635,135,0.952348,0.471219,0.377214,0.042682
19420,82,32,0.050157,288,1.214942,0.549879,0.501723,0.063867
19420,73,26,0.040752,221,1.100888,0.469147,0.482834,0.060306
19420,98,22,0.034483,134,0.921904,0.396199,0.430464,0.058314
19420,18,18,0.028213,119,1.04494,0.372158,0.407154,0.052963
19420,70,18,0.028213,461,1.217664,0.471892,0.389034,0.030615
19420,72,16,0.025078,232,0.98353,0.367203,0.471109,0.04722
19420,99,15,0.023511,513,1.088482,0.411993,0.347607,0.063248
19420,0,13,0.020376,135,0.952348,0.471219,0.377214,0.042682
19440,82,34,0.05296,290,1.209331,0.549304,0.500749,0.062649
19440,73,27,0.042056,223,1.110948,0.464097,0.485085,0.060501
19440,98,22,0.034268,134,0.921904,0.396199,0.430464,0.058314
19440,70,19,0.029595,462,1.209918,0.475561,0.391415,0.030565
19440,18,18,0.028037,119,1.04494,0.372158,0.407154,0.052963
19440,72,16,0.024922,233,0.99203,0.36316,0.475902,0.046061
19440,99,15,0.023364,514,1.09407,0.408113,0.349778,0.057817
19440,0,13,0.020249,135,0.952348,0.471219,0.377214,0.042682
19460,82,34,0.052632,291,1.225129,0.545957,0.498491,0.062929
19460,73,26,0.040248,224,1.115101,0.466866,0.499282,0.061923
19460,98,22,0.034056,134,0.921904,0.396199,0.430464,0.058314
19460,18,18,0.027864,119,1.04494,0.372158,0.407154,0.052963
19460,70,18,0.027864,462,1.201854,0.480849,0.396187,0.03095
19460,72,16,0.024768,233,0.99203,0.36316,0.475902,0.046061
19460,99,15,0.02322,514,1.09407,0.408113,0.349778,0.057817
19460,64,14,0.021672,248,1.237056,0.311428,0.366395,0.040173
19480,82,33,0.052381,292,1.231744,0.536039,0.492631,0.060798
19480,73,26,0.04127,224,1.115101,0.466866,0.499282,0.061923
19480,98,21,0.033333,134,0.912077,0.400622,0.42941,0.059318
19480,18,18,0.028571,119,1.04494,0.372158,0.407154,0.052963
19480,70,17,0.026984,462,1.208511,0.47686,0.392549,0.030708
19480,99,16,0.025397,515,1.089619,0.415779,0.349987,0.058195
19480,64,15,0.02381,250,1.249129,0.311965,0.365101,0.042491
19480,72,15,0.02381,233,1.004299,0.364573,0.466667,0.045527
19500,82,33,0.051887,292,1.231744,0.536039,0.492631,0.060798
19500,73,26,0.040881,225,1.125686,0.469058,0.512625,0.062309
19500,98,22,0.034591,135,0.920134,0.397729,0.425954,0.059507
19500,70,19,0.029874,464,1.229137,0.467376,0.385277,0.029783
19500,18,18,0.028302,119,1.04494,0.372158,0.407154,0.052963
19500,64,16,0.025157,251,1.255018,0.311875,0.365418,0.042716
19500,99,16,0.025157,515,1.089619,0.415779,0.349987,0.058195
19500,72,15,0.023585,233,1.004299,0.364573,0.466667,0.045527
19520,82,35,0.055031,294,1.24332,0.542524,0.495356,0.062294
19520,73,25,0.039308,225,1.120491,0.462615,0.508602,0.062856
19520,98,21,0.033019,135,0.915396,0.401475,0.426922,0.06054
19520,70,19,0.029874,465,1.223203,0.466409,0.385343,0.029347
19520,18,18,0.028302,119,1.04494,0.372158,0.407154,0.052963
19520,64,16,0.025157,251,1.255018,0.311875,0.365418,0.042716
19520,72,16,0.025157,234,1.014051,0.356954,0.466045,0.044673
19520,35,15,0.023585,220,0.984419,0.29454,0.347769,0.048323
19540,82,34,0.053883,294,1.252871,0.542196,0.495006,0.062872
19540,73,26,0.041204,226,1.120939,0.467478,0.513065,0.063124
19540,98,20,0.031696,135,0.920592,0.39944,0.424809,0.059853
19540,18,18,0.028526,119,1.04494,0.372158,0.407154,0.052963
19540,70,17,0.026941,465,1.204263,0.477941,0.394275,0.029659
19540,99,16,0.025357,516,1.093147,0.40547,0.348867,0.056267
19540,64,15,0.023772,251,1.253037,0.311221,0.365373,0.042141
19540,72,15,0.023772,234,1.012376,0.34542,0.468041,0.044985
19560,82,34,0.053543,294,1.252871,0.542196,0.495006,0.062872
19560,73,27,0.04252,227,1.133138,0.464189,0.514595,0.063333
19560,98,20,0.031496,135,0.920592,0.39944,0.424809,0.059853
19560,18,18,0.028346,119,1.04494,0.372158,0.407154,0.052963
19560,70,17,0.026772,465,1.204263,0.477941,0.394275,0.029659
19560,64,15,0.023622,251,1.253037,0.311221,0.365373,0.042141
19560,72,15,0.023622,235,1.009068,0.336201,0.458376,0.045776
19560,99,15,0.023622,517,1.091057,0.419171,0.35388,0.057196
19580,82,32,0.05,294,1.246408,0.542883,0.495706,0.062418
19580,73,28,0.04375,228,1.137622,0.465936,0.517183,0.063129
19580,98,19,0.029687,135,0.911034,0.401702,0.428151,0.059883
19580,18,17,0.026562,119,1.036888,0.373036,0.405933,0.052988
19580,64,17,0.026562,253,1.25148,0.311624,0.363382,0.041854
19580,70,17,0.026562,465,1.204263,0.477941,0.394275,0.029659
19580,35,14,0.021875,220,0.988705,0.293969,0.349805,0.047959
19580,72,14,0.021875,235,1.008836,0.340018,0.464848,0.046214
19600,82,31,0.048137,295,1.270995,0.536523,0.491387,0.062378
19600,73,28,0.043478,228,1.137622,0.465936,0.517183,0.063129
19600,98,20,0.031056,136,0.902528,0.406153,0.429321,0.060343
19600,70,19,0.029503,467,1.214174,0.479828,0.392053,0.029547
19600,64,17,0.026398,253,1.25148,0.311624,0.363382,0.041854
19600,18,15,0.023292,119,1.041851,0.369433,0.407065,0.054244
19600,0,14,0.021739,136,0.961532,0.474333,0.375694,0.042844
19600,35,14,0.021739,221,0.987835,0.293851,0.351295,0.047779
19620,82,32,0.049307,296,1.259041,0.537602,0.492685,0.061604
19620,73,28,0.043143,228,1.137622,0.465936,0.517183,0.063129
19620,98,20,0.030817,136,0.902528,0.406153,0.429321,0.060343
19620,70,19,0.029276,467,1.214174,0.479828,0.392053,0.029547
19620,64,18,0.027735,254,1.247215,0.312564,0.365445,0.041063
19620,18,15,0.023112,119,1.041851,0.369433,0.407065,0.054244
19620,72,15,0.023112,236,1.006737,0.344288,0.461068,0.046888
19620,0,14,0.021572,136,0.961532,0.474333,0.375694,0.042844
19640,82,33,0.051242,297,1.25682,0.547466,0.491814,0.061637
19640,73,27,0.041925,228,1.134815,0.46584,0.512921,0.063305
19640,98,20,0.031056,136,0.902528,0.406153,0.429321,0.060343
19640,64,18,0.02795,254,1.247215,0.312564,0.365445,0.041063
19640,70,17,0.026398,467,1.227384,0.471947,0.385886,0.029288
19640,99,16,0.024845,520,1.101043,0.411781,0.34577,0.064469
19640,18,15,0.023292,119,1.041851,0.369433,0.407065,0.054244
19640,72,15,0.023292,236,1.006737,0.344288,0.461068,0.046888
19660,82,33,0.050926,297,1.25682,0.547466,0.491814,0.061637
19660,73,28,0.04321,229,1.132835,0.473548,0.517622,0.063686
19660,98,21,0.032407,138,0.897138,0.409857,0.441838,0.062147
19660,64,18,0.027778,255,1.241695,0.315045,0.365432,0.040692
19660,70,17,0.026235,467,1.227384,0.471947,0.385886,0.029288
19660,99,17,0.026235,521,1.105241,0.415515,0.34752,0.064123
19660,72,16,0.024691,237,0.997267,0.350342,0.464108,0.047145
19660,18,15,0.023148,119,1.041851,0.369433,0.407065,0.054244
19680,82,30,0.046584,297,1.237854,0.545387,0.493336,0.063114
19680,73,28,0.043478,229,1.132835,0.473548,0.517622,0.063686
19680,98,21,0.032609,138,0.897138,0.409857,0.441838,0.062147
19680,70,18,0.02795,468,1.219449,0.473887,0.389167,0.029574
19680,64,16,0.024845,255,1.240158,0.317464,0.366541,0.041478
19680,72,16,0.024845,238,0.987199,0.352027,0.479093,0.047339
19680,18,15,0.023292,119,1.041851,0.369433,0.407065,0.054244
19680,99,15,0.023292,521,1.110365,0.400368,0.346193,0.063149
19700,82,30,0.046296,297,1.237854,0.545387,0.493336,0.063114
19700,73,29,0.044753,230,1.130059,0.476347,0.522542,0.063294
19700,98,22,0.033951,139,0.904042,0.406586,0.442419,0.061181
19700,70,19,0.029321,470,1.233319,0.46726,0.383159,0.029317
19700,72,17,0.026235,240,0.970255,0.348452,0.477998,0.047599
19700,99,16,0.024691,522,1.113278,0.397808,0.349667,0.061486
19700,18,15,0.023148,119,1.041851,0.369433,0.407065,0.054244
19700,0,14,0.021605,137,0.974402,0.475023,0.381227,0.042641
19720,73,29,0.045101,230,1.130059,0.476347,0.522542,0.063294
19720,82,29,0.045101,297,1.224978,0.544152,0.494766,0.06234
19720,98,22,0.034215,139,0.904042,0.406586,0.442419,0.061181
19720,70,18,0.027994,470,1.241436,0.4743,0.384836,0.028943
19720,72,17,0.026439,240,0.970255,0.348452,0.477998,0.047599
19720,18,16,0.024883,120,1.025374,0.369365,0.407455,0.054293
19720,99,15,0.023328,522,1.112464,0.401641,0.349755,0.063463
19720,0,14,0.021773,137,0.974402,0.475023,0.381227,0.042641
19740,82,28,0.043411,297,1.2179,0.547577,0.496043,0.062904
19740,73,27,0.04186,230,1.121089,0.47868,0.514,0.06241
19740,98,22,0.034109,139,0.904042,0.406586,0.442419,0.061181
19740,72,18,0.027907,242,0.978186,0.344115,0.465927,0.048551
19740,99,18,0.027907,526,1.114511,0.413293,0.351924,0.062266
19740,18,17,0.026357,121,1.03008,0.370331,0.410437,0.054329
19740,70,15,0.023256,470,1.234967,0.468796,0.379643,0.028514
19740,40,14,0.021705,236,1.292362,0.293917,0.412788,0.036753
19760,82,30,0.046948,299,1.220187,0.557492,0.496729,0.063093
19760,73,26,0.040689,231,1.098709,0.489192,0.51794,0.062694
19760,98,23,0.035994,140,0.904055,0.405571,0.442937,0.060157
19760,18,17,0.026604,121,1.03008,0.370331,0.410437,0.054329
19760,72,17,0.026604,242,0.978235,0.340588,0.469325,0.048094
19760,99,17,0.026604,526,1.113985,0.411879,0.351576,0.062563
19760,70,16,0.025039,471,1.22711,0.472737,0.383826,0.029236
19760,40,13,0.020344,236,1.299501,0.29373,0.412523,0.036977
19780,82,30,0.046729,300,1.232774,0.565848,0.498957,0.062944
19780,73,24,0.037383,231,1.088227,0.483668,0.509721,0.063462
19780,98,23,0.035826,140,0.904055,0.405571,0.442937,0.060157
19780,72,18,0.028037,243,0.975175,0.347386,0.469347,0.04873
19780,18,17,0.02648,121,1.03008,0.370331,0.410437,0.054329
19780,99,17,0.02648,526,1.113985,0.411879,0.351576,0.062563
19780,70,15,0.023364,471,1.215648,0.480212,0.389208,0.029683
19780,40,13,0.020249,236,1.299501,0.29373,0.412523,0.036977
19800,82,31,0.048438,301,1.232988,0.573055,0.499815,0.063001
19800,73,23,0.035937,231,1.083558,0.484469,0.505716,0.063644
19800,98,23,0.035937,140,0.904055,0.405571,0.442937,0.060157
19800,18,17,0.026562,121,1.03008,0.370331,0.410437,0.054329
19800,72,17,0.026562,243,0.982231,0.341871,0.466974,0.048596
19800,99,17,0.026562,526,1.113985,0.411879,0.351576,0.062563
19800,70,16,0.025,472,1.207592,0.485343,0.393311,0.029646
19800,35,13,0.020313,227,0.974888,0.294153,0.351459,0.046718
19820,82,30,0.046948,301,1.233804,0.577052,0.498976,0.062111
19820,98,25,0.039124,142,0.893011,0.410191,0.439177,0.06053
19820,73,24,0.037559,232,1.088745,0.484519,0.507704,0.063048
19820,72,18,0.028169,244,0.976261,0.34023,0.480622,0.048934
19820,99,18,0.028169,528,1.111872,0.414976,0.348019,0.063166
19820,18,16,0.025039,121,1.025429,0.372967,0.410119,0.054042
19820,70,16,0.025039,472,1.207592,0.485343,0.393311,0.029646
19820,35,13,0.020344,227,0.974888,0.294153,0.351459,0.046718
19840,82,29,0.045101,301,1.224481,0.579735,0.501595,0.063224
19840,98,25,0.03888,142,0.893011,0.410191,0.439177,0.06053
19840,73,24,0.037325,233,1.085065,0.49737,0.510355,0.063912
19840,72,18,0.027994,244,0.976261,0.34023,0.480622,0.048934
19840,70,17,0.026439,473,1.222926,0.479619,0.388875,0.029389
19840,18,16,0.024883,121,1.025429,0.372967,0.410119,0.054042
19840,99,16,0.024883,528,1.1056,0.420167,0.356314,0.056607
19840,64,14,0.021773,259,1.243309,0.319468,0.365934,0.039673
19860,82,29,0.044961,302,1.221884,0.577665,0.500442,0.061048
19860,73,25,0.03876,234,1.089014,0.497817,0.513628,0.063574
19860,98,23,0.035659,142,0.885094,0.410935,0.437684,0.060498
19860,70,18,0.027907,474,1.219095,0.472095,0.387769,0.02984
19860,72,18,0.027907,244,0.976261,0.34023,0.480622,0.048934
19860,18,16,0.024806,121,1.025429,0.372967,0.410119,0.054042
19860,99,15,0.023256,528,1.103419,0.421364,0.353315,0.056206
19860,64,14,0.021705,259,1.243309,0.319468,0.365934,0.039673
19880,82,29,0.044479,302,1.221884,0.577665,0.500442,0.061048
19880,73,27,0.041411,236,1.077322,0.48588,0.495504,0.063325
19880,98,22,0.033742,142,0.88422,0.412194,0.436928,0.061537
19880,72,18,0.027607,245,0.967783,0.351444,0.483788,0.05045
19880,18,17,0.026074,122,1.031774,0.372879,0.417726,0.053696
19880,70,17,0.026074,474,1.206473,0.477652,0.393272,0.030198
19880,99,15,0.023006,528,1.103419,0.421364,0.353315,0.056206
19880,40,14,0.021472,239,1.292774,0.292133,0.411199,0.036642
19900,82,30,0.045732,303,1.221658,0.577836,0.506019,0.062039
19900,73,28,0.042683,239,1.076866,0.493376,0.483038,0.062175
19900,98,22,0.033537,142,0.88422,0.412194,0.436928,0.061537
19900,70,18,0.027439,475,1.201341,0.485558,0.393802,0.030321
19900,18,17,0.025915,122,1.031774,0.372879,0.417726,0.053696
19900,72,17,0.025915,246,0.955729,0.358777,0.491726,0.050275
19900,64,14,0.021341,260,1.231367,0.317629,0.36628,0.037404
19900,99,14,0.021341,528,1.104328,0.417492,0.352329,0.055664
19920,82,30,0.045732,303,1.221658,0.577836,0.506019,0.062039
19920,73,28,0.042683,239,1.076866,0.493376,0.483038,0.062175
19920,98,23,0.035061,143,0.89392,0.409883,0.433102,0.061081
19920,70,18,0.027439,475,1.201341,0.485558,0.393802,0.030321
19920,18,17,0.025915,122,1.031774,0.372879,0.417726,0.053696
19920,72,16,0.02439,246,0.957765,0.352267,0.493101,0.049695
19920,99,15,0.022866,529,1.105135,0.411832,0.348239,0.058889
19920,44,14,0.021341,204,1.022458,0.594853,0.451378,0.056946
19940,82,31,0.046757,304,1.224306,0.572445,0.503679,0.06171
19940,73,30,0.045249,241,1.088014,0.497304,0.497761,0.062828
19940,98,22,0.033183,143,0.900875,0.406208,0.432263,0.060717
19940,70,19,0.028658,476,1.201051,0.489969,0.39676,0.030561
19940,18,17,0.025641,122,1.031774,0.372879,0.417726,0.053696
19940,72,16,0.024133,246,0.957765,0.352267,0.493101,0.049695
19940,99,16,0.024133,530,1.109724,0.409222,0.349705,0.057057
19940,64,14,0.021116,260,1.231367,0.317629,0.36628,0.037404
19960,82,31,0.046407,304,1.224306,0.572445,0.503679,0.06171
19960,73,30,0.04491,241,1.088014,0.497304,0.497761,0.062828
19960,98,21,0.031437,143,0.906028,0.4064,0.421726,0.060649
19960,18,19,0.028443,124,1.028644,0.372085,0.417797,0.054795
19960,70,19,0.028443,477,1.216838,0.483498,0.390564,0.029852
19960,99,18,0.026946,532,1.098087,0.408491,0.350685,0.065165
19960,64,15,0.022455,261,1.238222,0.318062,0.366099,0.037575
19960,72,15,0.022455,247,0.975326,0.347162,0.484151,0.050451
19980,82,31,0.046899,304,1.224306,0.572445,0.503679,0.06171
19980,73,27,0.040847,242,1.113583,0.506529,0.522247,0.063374
19980,98,21,0.03177,143,0.906028,0.4064,0.421726,0.060649
19980,18,19,0.028744,124,1.028644,0.372085,0.417797,0.054795
19980,70,19,0.028744,477,1.216838,0.483498,0.390564,0.029852
19980,99,17,0.025719,532,1.094623,0.411378,0.347679,0.066848
19980,64,16,0.024206,262,1.248501,0.319882,0.364756,0.03882
19980,72,15,0.022693,247,0.975326,0.347162,0.484151,0.050451
20000,82,31,0.047041,305,1.216232,0.561392,0.506514,0.061915
20000,73,27,0.040971,242,1.113583,0.506529,0.522247,0.063374
20000,98,21,0.031866,143,0.906028,0.4064,0.421726,0.060649
20000,18,19,0.028832,124,1.028644,0.372085,0.417797,0.054795
20000,70,19,0.028832,478,1.196848,0.496729,0.395599,0.030158
20000,72,17,0.025797,249,0.967616,0.354736,0.492691,0.049997
20000,99,17,0.025797,533,1.10184,0.401015,0.349802,0.065822
20000,64,16,0.024279,262,1.248501,0.319882,0.364756,0.03882
20020,82,35,0.053111,309,1.236507,0.562478,0.504356,0.061345
20020,73,27,0.040971,242,1.113583,0.506529,0.522247,0.063374
20020,98,21,0.031866,143,0.906028,0.4064,0.421726,0.060649
20020,70,20,0.030349,480,1.211182,0.490567,0.390875,0.029532
20020,18,19,0.028832,124,1.028644,0.372085,0.417797,0.054795
20020,72,19,0.028832,251,0.972883,0.353208,0.486653,0.050013
20020,99,18,0.027314,534,1.108466,0.401661,0.349814,0.06579
20020,64,16,0.024279,262,1.248501,0.319882,0.364756,0.03882
20040,82,35,0.05303,309,1.236507,0.562478,0.504356,0.061345
20040,73,28,0.042424,243,1.115803,0.503218,0.524239,0.063346
20040,98,21,0.031818,143,0.906028,0.4064,0.421726,0.060649
20040,70,20,0.030303,480,1.211182,0.490567,0.390875,0.029532
20040,18,19,0.028788,125,1.024784,0.374788,0.421672,0.054501
20040,72,18,0.027273,251,0.978503,0.347276,0.489709,0.049396
20040,99,18,0.027273,534,1.108466,0.401661,0.349814,0.06579
20040,64,15,0.022727,262,1.253421,0.319304,0.362372,0.039568
20060,82,36,0.054135,310,1.231195,0.559288,0.504529,0.061687
20060,73,27,0.040602,244,1.124178,0.505554,0.541396,0.065051
20060,98,21,0.031579,143,0.906028,0.4064,0.421726,0.060649
20060,70,20,0.030075,480,1.211182,0.490567,0.390875,0.029532
20060,18,18,0.027068,125,1.038482,0.375146,0.422137,0.054472
20060,72,18,0.027068,251,0.978503,0.347276,0.489709,0.049396
20060,99,17,0.025564,534,1.111734,0.39787,0.351579,0.065482
20060,64,15,0.022556,262,1.253421,0.319304,0.362372,0.039568
20080,82,34,0.051205,310,1.219955,0.547733,0.497983,0.060531
20080,73,27,0.040663,244,1.124178,0.505554,0.541396,0.065051
20080,70,21,0.031627,481,1.222637,0.485624,0.388242,0.029155
20080,98,21,0.031627,144,0.903566,0.405955,0.427257,0.061242
20080,72,18,0.027108,251,0.978503,0.347276,0.489709,0.049396
20080,18,17,0.025602,125,1.032906,0.375363,0.415237,0.054843
20080,99,17,0.025602,535,1.115142,0.399881,0.351471,0.067144
20080,64,15,0.02259,263,1.272265,0.319976,0.367496,0.039893
20100,82,33,0.050152,310,1.212102,0.548655,0.500336,0.061445
20100,73,27,0.041033,244,1.124178,0.505554,0.541396,0.065051
20100,70,20,0.030395,482,1.214088,0.489924,0.391929,0.029736
20100,98,20,0.030395,144,0.893379,0.408301,0.431173,0.061752
20100,72,18,0.027356,251,0.978503,0.347276,0.489709,0.049396
20100,18,17,0.025836,125,1.032906,0.375363,0.415237,0.054843
20100,99,16,0.024316,535,1.124408,0.398249,0.353115,0.064325
20100,64,15,0.022796,263,1.272265,0.319976,0.367496,0.039893
20120,82,32,0.04908,310,1.212008,0.547588,0.495104,0.060528
20120,73,26,0.039877,244,1.118973,0.506893,0.538804,0.065425
20120,98,22,0.033742,146,0.900221,0.404666,0.430649,0.060189
20120,70,21,0.032209,484,1.239249,0.477265,0.381332,0.028917
20120,72,17,0.026074,252,0.981346,0.334117,0.477363,0.049043
20120,18,16,0.02454,126,1.026089,0.375166,0.415711,0.054046
20120,99,16,0.02454,536,1.131742,0.407045,0.351774,0.059004
20120,64,14,0.021472,263,1.268898,0.318418,0.366894,0.039492
20140,82,33,0.049774,311,1.199334,0.549346,0.494761,0.059986
20140,73,28,0.042232,246,1.124501,0.507979,0.537635,0.064419
20140,98,22,0.033183,146,0.900221,0.404666,0.430649,0.060189
20140,70,20,0.030166,484,1.246789,0.469157,0.37972,0.028808
20140,72,17,0.025641,253,0.972639,0.344098,0.481103,0.049263
20140,18,16,0.024133,126,1.026089,0.375166,0.415711,0.054046
20140,99,15,0.022624,537,1.12197,0.420972,0.353528,0.05501
20140,0,14,0.021116,142,0.980897,0.471643,0.379386,0.041723
20160,82,33,0.04955,311,1.199334,0.549346,0.494761,0.059986
20160,73,28,0.042042,247,1.117244,0.508254,0.535757,0.064642
20160,98,21,0.031532,146,0.909148,0.398845,0.433615,0.05871
20160,70,18,0.027027,484,1.245699,0.470138,0.378952,0.029247
20160,72,18,0.027027,254,0.968817,0.342309,0.488122,0.049291
20160,18,17,0.025526,127,1.031515,0.377661,0.416951,0.053921
20160,99,15,0.022523,538,1.114526,0.421773,0.353257,0.055393
20160,0,14,0.021021,142,0.980897,0.471643,0.379386,0.041723
20180,82,34,0.050746,312,1.208092,0.556953,0.493357,0.060424
20180,73,28,0.041791,247,1.117244,0.508254,0.535757,0.064642
20180,98,20,0.029851,146,0.917028,0.394963,0.433884,0.057207
20180,70,19,0.028358,486,1.254944,0.466112,0.376072,0.028574
20180,72,18,0.026866,254,0.968817,0.342309,0.488122,0.049291
20180,18,16,0.023881,127,1.026898,0.377153,0.414376,0.053859
20180,74,15,0.022388,233,1.033577,0.318804,0.369583,0.057223
20180,99,15,0.022388,539,1.101941,0.430324,0.352247,0.056932
20200,82,35,0.052006,313,1.217557,0.553381,0.490959,0.059821
20200,73,27,0.040119,247,1.121115,0.512802,0.545249,0.064229
20200,98,20,0.029718,146,0.917028,0.394963,0.433884,0.057207
20200,70,18,0.026746,486,1.245478,0.471262,0.379798,0.028948
20200,72,18,0.026746,254,0.968817,0.342309,0.488122,0.049291
20200,18,16,0.023774,127,1.026898,0.377153,0.414376,0.053859
20200,99,15,0.022288,539,1.101941,0.430324,0.352247,0.056932
20200,74,14,0.020802,233,1.023794,0.323053,0.367626,0.056982
20220,82,33,0.04918,313,1.198361,0.558982,0.495268,0.061247
20220,73,28,0.041729,248,1.119917,0.510774,0.544096,0.063822
20220,98,20,0.029806,146,0.917028,0.394963,0.433884,0.057207
20220,72,17,0.025335,254,0.961062,0.34662,0.491684,0.049641
20220,18,16,0.023845,127,1.026898,0.377153,0.414376,0.053859
20220,70,16,0.023845,486,1.238305,0.484486,0.383238,0.028872
20220,99,16,0.023845,540,1.104599,0.426648,0.35281,0.055779
20220,35,14,0.020864,236,0.96753,0.299658,0.350817,0.048573
20240,82,33,0.049254,314,1.19356,0.558414,0.494954,0.06166
20240,73,28,0.041791,251,1.100053,0.499187,0.518581,0.063512
20240,98,20,0.029851,146,0.917028,0.394963,0.433884,0.057207
20240,72,18,0.026866,255,0.971904,0.34162,0.488964,0.048987
20240,18,16,0.023881,127,1.026898,0.377153,0.414376,0.053859
20240,70,16,0.023881,486,1.238305,0.484486,0.383238,0.028872
20240,99,16,0.023881,541,1.099514,0.423964,0.351083,0.057423
20240,74,15,0.022388,234,1.011485,0.323314,0.36701,0.055972
20260,82,31,0.046338,314,1.190247,0.561001,0.496615,0.062106
20260,73,29,0.043348,254,1.080584,0.487914,0.497096,0.062094
20260,98,20,0.029895,146,0.917028,0.394963,0.433884,0.057207
20260,72,17,0.025411,257,0.975976,0.343447,0.486801,0.049881
20260,74,17,0.025411,236,1.009568,0.323001,0.364908,0.057274
20260,18,16,0.023916,127,1.026898,0.377153,0.414376,0.053859
20260,70,16,0.023916,487,1.223983,0.497213,0.39089,0.0296
20260,99,16,0.023916,541,1.099514,0.423964,0.351083,0.057423
20280,82,30,0.044444,314,1.19508,0.56478,0.49615,0.061721
20280,73,29,0.042963,254,1.080584,0.487914,0.497096,0.062094
20280,98,20,0.02963,146,0.917028,0.394963,0.433884,0.057207
20280,18,18,0.026667,129,1.023606,0.373426,0.408457,0.053599
20280,72,17,0.025185,257,0.975976,0.343447,0.486801,0.049881
20280,70,16,0.023704,487,1.223983,0.497213,0.39089,0.0296
20280,99,16,0.023704,541,1.099514,0.423964,0.351083,0.057423
20280,74,15,0.022222,236,1.014339,0.322287,0.36485,0.057467
20300,82,31,0.045926,315,1.198279,0.567035,0.497054,0.063343
20300,73,30,0.044444,255,1.086257,0.492605,0.497831,0.061553
20300,98,19,0.028148,146,0.919778,0.395358,0.434862,0.057979
20300,18,17,0.025185,129,1.02843,0.374991,0.409868,0.053373
20300,72,17,0.025185,257,0.975976,0.343447,0.486801,0.049881
20300,99,17,0.025185,542,1.090927,0.418765,0.349508,0.059002
20300,70,16,0.023704,488,1.226363,0.497416,0.392182,0.029639
20300,74,15,0.022222,236,1.014339,0.322287,0.36485,0.057467
20320,82,30,0.044643,316,1.216367,0.562202,0.509953,0.064328
20320,73,28,0.041667,255,1.094217,0.493235,0.500223,0.061311
20320,98,20,0.029762,147,0.912226,0.394169,0.44047,0.058307
20320,18,18,0.026786,130,1.041475,0.374747,0.410677,0.054705
20320,70,18,0.026786,490,1.221696,0.504302,0.398992,0.030058
20320,99,17,0.025298,542,1.090927,0.418765,0.349508,0.059002
20320,72,16,0.02381,257,0.978157,0.337497,0.488106,0.049199
20320,74,15,0.022321,236,1.014339,0.322287,0.36485,0.057467
20340,82,28,0.042169,316,1.203837,0.564738,0.509858,0.064236
20340,73,27,0.040663,255,1.101846,0.49883,0.508606,0.061646
20340,98,20,0.03012,147,0.912226,0.394169,0.44047,0.058307
20340,18,18,0.027108,130,1.041475,0.374747,0.410677,0.054705
20340,70,18,0.027108,490,1.221696,0.504302,0.398992,0.030058
20340,72,17,0.025602,258,0.986503,0.3346,0.484017,0.049279
20340,99,17,0.025602,542,1.090927,0.418765,0.349508,0.059002
20340,64,15,0.02259,271,1.260441,0.316372,0.369122,0.03814
20360,73,29,0.044073,257,1.109672,0.495476,0.510858,0.061166
20360,82,28,0.042553,316,1.203837,0.564738,0.509858,0.064236
20360,72,19,0.028875,260,0.970989,0.336273,0.496411,0.049931
20360,98,19,0.028875,147,0.90379,0.396538,0.440731,0.058926
20360,18,18,0.027356,130,1.041475,0.374747,0.410677,0.054705
20360,70,17,0.025836,491,1.231863,0.487344,0.393236,0.030076
20360,99,17,0.025836,542,1.090927,0.418765,0.349508,0.059002
20360,74,16,0.024316,238,1.01015,0.319584,0.367877,0.055867
20380,82,30,0.045181,319,1.249006,0.555681,0.499985,0.06168
20380,73,28,0.042169,258,1.129595,0.506945,0.531635,0.063231
20380,72,20,0.03012,261,0.968638,0.339122,0.491785,0.050762
20380,98,20,0.03012,148,0.897153,0.405536,0.439018,0.060928
20380,18,18,0.027108,130,1.041475,0.374747,0.410677,0.054705
20380,70,17,0.025602,491,1.231863,0.487344,0.393236,0.030076
20380,74,17,0.025602,239,1.019335,0.31757,0.373139,0.056617
20380,99,17,0.025602,544,1.082749,0.407301,0.350579,0.057633
20400,82,31,0.04697,320,1.252336,0.551651,0.498455,0.061389
20400,73,28,0.042424,258,1.129595,0.506945,0.531635,0.063231
20400,72,20,0.030303,261,0.968638,0.339122,0.491785,0.050762
20400,98,20,0.030303,148,0.897153,0.405536,0.439018,0.060928
20400,18,17,0.025758,130,1.041633,0.373668,0.411261,0.055512
20400,70,17,0.025758,491,1.231863,0.487344,0.393236,0.030076
20400,99,17,0.025758,544,1.082749,0.407301,0.350579,0.057633
20400,64,16,0.024242,273,1.246924,0.317995,0.367451,0.037052
20420,82,33,0.049624,322,1.261773,0.556559,0.500225,0.062111
20420,73,29,0.043609,259,1.136488,0.510822,0.537453,0.064084
20420,98,20,0.030075,148,0.897153,0.405536,0.439018,0.060928
20420,72,19,0.028571,262,0.958132,0.350405,0.486083,0.051301
20420,70,18,0.027068,492,1.228046,0.494462,0.395407,0.030582
20420,18,17,0.025564,130,1.041633,0.373668,0.411261,0.055512
20420,99,17,0.025564,544,1.082749,0.407301,0.350579,0.057633
20420,64,16,0.02406,273,1.246924,0.317995,0.367451,0.037052
20440,82,35,0.052239,325,1.26517,0.571851,0.501183,0.061921
20440,73,29,0.043284,259,1.136488,0.510822,0.537453,0.064084
20440,98,20,0.029851,148,0.897153,0.405536,0.439018,0.060928
20440,72,19,0.028358,262,0.958132,0.350405,0.486083,0.051301
20440,70,18,0.026866,492,1.228046,0.494462,0.395407,0.030582
20440,18,17,0.025373,130,1.041633,0.373668,0.411261,0.055512
20440,99,17,0.025373,545,1.084446,0.405906,0.353676,0.058458
20440,64,15,0.022388,273,1.239034,0.317043,0.367219,0.03696
20460,82,35,0.052711,325,1.26517,0.571851,0.501183,0.061921
20460,73,30,0.045181,263,1.130562,0.503476,0.51007,0.061873
20460,98,20,0.03012,148,0.897153,0.405536,0.439018,0.060928
20460,70,18,0.027108,493,1.227226,0.495698,0.395837,0.030635
20460,72,18,0.027108,263,0.957561,0.350504,0.496718,0.049659
20460,18,17,0.025602,130,1.041633,0.373668,0.411261,0.055512
20460,74,15,0.02259,241,1.026477,0.322365,0.37183,0.057688
20460,0,14,0.021084,147,0.971331,0.469463,0.38136,0.04098
20480,82,34,0.051282,325,1.257106,0.575966,0.503881,0.062586
20480,73,28,0.042232,263,1.133867,0.508028,0.509811,0.062056
20480,98,20,0.030166,148,0.897153,0.405536,0.439018,0.060928
20480,70,18,0.027149,493,1.227226,0.495698,0.395837,0.030635
20480,72,18,0.027149,263,0.957561,0.350504,0.496718,0.049659
20480,18,16,0.024133,130,1.049585,0.376425,0.414506,0.055695
20480,74,15,0.022624,241,1.026477,0.322365,0.37183,0.057688
20480,64,14,0.021116,274,1.220577,0.32148,0.368788,0.03605
20500,82,33,0.049254,326,1.26439,0.574843,0.503945,0.063237
20500,73,29,0.043284,264,1.132452,0.512143,0.513602,0.0624
20500,98,21,0.031343,150,0.902935,0.410949,0.43318,0.060518
20500,72,18,0.026866,263,0.957561,0.350504,0.496718,0.049659
20500,18,16,0.023881,130,1.049585,0.376425,0.414506,0.055695
20500,70,16,0.023881,493,1.241088,0.488794,0.390861,0.030415
20500,99,15,0.022388,546,1.095613,0.411612,0.35578,0.057476
20500,35,14,0.020896,242,0.993802,0.299184,0.359299,0.04816
20520,82,30,0.045045,327,1.252857,0.559567,0.488049,0.061578
20520,73,28,0.042042,264,1.132859,0.51479,0.513085,0.062579
20520,98,21,0.031532,150,0.902935,0.410949,0.43318,0.060518
20520,18,16,0.024024,130,1.049585,0.376425,0.414506,0.055695
20520,70,16,0.024024,493,1.241088,0.488794,0.390861,0.030415
20520,72,16,0.024024,263,0.949506,0.351723,0.507403,0.048546
20520,40,15,0.022523,253,1.291904,0.289097,0.416108,0.036184
20520,99,15,0.022523,546,1.095613,0.411612,0.35578,0.057476
20540,82,32,0.047198,329,1.253045,0.560999,0.495105,0.064198
20540,73,28,0.041298,264,1.132859,0.51479,0.513085,0.062579
20540,98,20,0.029499,150,0.909645,0.412918,0.427488,0.060316
20540,70,19,0.028024,496,1.257488,0.483673,0.382741,0.029508
20540,18,17,0.025074,131,1.038264,0.378061,0.410167,0.055062
20540,72,16,0.023599,263,0.949506,0.351723,0.507403,0.048546
20540,40,15,0.022124,253,1.291904,0.289097,0.416108,0.036184
20540,0,14,0.020649,149,0.98891,0.466265,0.386642,0.040768
20560,82,33,0.048744,330,1.259165,0.557789,0.492821,0.063618
20560,73,28,0.041359,265,1.131101,0.521308,0.516836,0.064098
20560,98,22,0.032496,152,0.899188,0.409414,0.443268,0.061165
20560,70,19,0.028065,497,1.274888,0.474012,0.377021,0.028766
20560,18,18,0.026588,132,1.035171,0.377092,0.410254,0.05498
20560,72,17,0.025111,264,0.945628,0.34678,0.500608,0.048218
20560,64,15,0.022157,275,1.223961,0.32357,0.369266,0.036511
20560,74,14,0.020679,242,1.022758,0.324675,0.368085,0.05643
20580,82,34,0.05037,332,1.255754,0.563791,0.494129,0.0647
20580,73,27,0.04,266,1.143186,0.529527,0.532122,0.065194
20580,98,22,0.032593,152,0.899188,0.409414,0.443268,0.061165
20580,70,19,0.028148,497,1.274888,0.474012,0.377021,0.028766
20580,18,18,0.026667,132,1.035171,0.377092,0.410254,0.05498
20580,72,17,0.025185,264,0.945628,0.34678,0.500608,0.048218
20580,64,15,0.022222,275,1.223961,0.32357,0.369266,0.036511
20580,99,15,0.022222,548,1.07839,0.4133,0.350064,0.066175
20600,82,33,0.048035,332,1.265393,0.561966,0.493905,0.065562
20600,73,27,0.039301,268,1.16142,0.535888,0.55395,0.066252
20600,98,22,0.032023,152,0.899188,0.409414,0.443268,0.061165
20600,18,18,0.026201,132,1.035171,0.377092,0.410254,0.05498
20600,70,18,0.026201,497,1.266153,0.479188,0.380721,0.029101
20600,72,17,0.024745,265,0.947513,0.344593,0.510354,0.047748
20600,64,16,0.02329,276,1.225638,0.323123,0.367455,0.036809
20600,99,16,0.02329,549,1.075237,0.418609,0.349525,0.065381
20620,82,34,0.049927,333,1.254043,0.562652,0.49541,0.064817
20620,73,27,0.039648,268,1.16142,0.535888,0.55395,0.066252
20620,98,22,0.032305,152,0.899188,0.409414,0.443268,0.061165
20620,70,19,0.0279,498,1.261287,0.487168,0.38162,0.029183
20620,18,18,0.026432,132,1.035171,0.377092,0.410254,0.05498
20620,64,16,0.023495,276,1.225638,0.323123,0.367455,0.036809
20620,72,16,0.023495,265,0.953189,0.340531,0.510161,0.047022
20620,99,16,0.023495,550,1.085395,0.419234,0.351182,0.060956
20640,82,32,0.046784,334,1.254011,0.570563,0.490633,0.064409
20640,73,27,0.039474,268,1.16142,0.535888,0.55395,0.066252
20640,98,22,0.032164,152,0.899188,0.409414,0.443268,0.061165
20640,18,18,0.026316,132,1.035171,0.377092,0.410254,0.05498
20640,64,18,0.026316,278,1.232978,0.326031,0.364792,0.037188
20640,72,18,0.026316,267,0.947873,0.342243,0.519237,0.046813
20640,70,17,0.024854,498,1.239985,0.499334,0.389712,0.029837
20640,99,17,0.024854,551,1.085727,0.416856,0.351403,0.059671
20660,82,33,0.047688,335,1.252806,0.572155,0.493801,0.066318
20660,73,26,0.037572,269,1.173717,0.536903,0.56391,0.066948
20660,98,22,0.031792,152,0.899188,0.409414,0.443268,0.061165
20660,99,19,0.027457,553,1.091208,0.418921,0.351668,0.05838
20660,18,18,0.026012,132,1.035171,0.377092,0.410254,0.05498
20660,64,18,0.026012,278,1.232978,0.326031,0.364792,0.037188
20660,70,18,0.026012,499,1.228646,0.502829,0.392532,0.029912
20660,72,18,0.026012,267,0.947873,0.342243,0.519237,0.046813
20680,82,32,0.04611,335,1.252841,0.56427,0.493033,0.066223
20680,73,27,0.038905,271,1.179502,0.541696,0.562231,0.065362
20680,98,22,0.0317,152,0.899188,0.409414,0.443268,0.061165
20680,70,19,0.027378,500,1.240126,0.496611,0.389933,0.029828
20680,18,18,0.025937,132,1.035171,0.377092,0.410254,0.05498
20680,72,18,0.025937,267,0.947873,0.342243,0.519237,0.046813
20680,99,18,0.025937,553,1.08719,0.42203,0.350238,0.060156
20680,64,16,0.023055,278,1.235749,0.325508,0.362457,0.037694
20700,82,31,0.044604,335,1.258483,0.555798,0.49345,0.066125
20700,73,27,0.038849,273,1.173544,0.543052,0.567047,0.06511
20700,98,22,0.031655,152,0.899188,0.409414,0.443268,0.061165
20700,18,19,0.027338,133,1.023983,0.377685,0.408163,0.054629
20700,70,19,0.027338,501,1.243505,0.510383,0.396849,0.02989
20700,72,19,0.027338,269,0.954917,0.343945,0.498156,0.047113
20700,99,18,0.025899,554,1.089005,0.419545,0.354575,0.058494
20700,35,14,0.020144,247,0.973922,0.29846,0.355987,0.047949
20720,82,30,0.043353,335,1.255358,0.559967,0.494813,0.066574
20720,73,27,0.039017,273,1.173544,0.543052,0.567047,0.06511
20720,98,22,0.031792,152,0.899188,0.409414,0.443268,0.061165
20720,18,19,0.027457,133,1.023983,0.377685,0.408163,0.054629
20720,72,19,0.027457,269,0.954917,0.343945,0.498156,0.047113
20720,99,19,0.027457,555,1.096258,0.416319,0.354897,0.057128
20720,70,17,0.024566,501,1.236691,0.511573,0.399577,0.030335
20720,35,14,0.020231,247,0.973922,0.29846,0.355987,0.047949
20740,82,30,0.043228,335,1.255358,0.559967,0.494813,0.066574
20740,73,26,0.037464,273,1.184738,0.546805,0.579155,0.065503
20740,98,21,0.030259,152,0.895905,0.406366,0.442072,0.060513
20740,72,19,0.027378,270,0.959727,0.350444,0.507748,0.046635
20740,18,18,0.025937,133,1.026283,0.378633,0.407965,0.054686
20740,99,18,0.025937,557,1.099061,0.410411,0.3536,0.053816
20740,70,17,0.024496,502,1.234718,0.507822,0.401527,0.029697
20740,64,15,0.021614,279,1.257936,0.328114,0.360891,0.038496
20760,82,30,0.043796,335,1.255358,0.559967,0.494813,0.066574
20760,73,28,0.040876,275,1.185194,0.541682,0.58199,0.065139
20760,98,20,0.029197,152,0.900407,0.407501,0.435638,0.059806
20760,18,18,0.026277,133,1.026283,0.378633,0.407965,0.054686
20760,72,18,0.026277,270,0.959893,0.347702,0.504778,0.047033
20760,99,17,0.024818,557,1.097811,0.414724,0.352344,0.055189
20760,70,16,0.023358,502,1.237147,0.503975,0.398498,0.029373
20760,64,15,0.021898,279,1.257936,0.328114,0.360891,0.038496
20780,82,32,0.046512,339,1.245663,0.562563,0.496114,0.068821
20780,73,28,0.040698,276,1.186896,0.549359,0.582147,0.064973
20780,98,20,0.02907,152,0.900407,0.407501,0.435638,0.059806
20780,18,18,0.026163,133,1.026283,0.378633,0.407965,0.054686
20780,72,18,0.026163,270,0.959893,0.347702,0.504778,0.047033
20780,70,16,0.023256,502,1.237147,0.503975,0.398498,0.029373
20780,99,16,0.023256,558,1.081168,0.415576,0.348414,0.060914
20780,35,15,0.021802,249,0.971379,0.298572,0.357751,0.049023
20800,82,33,0.048175,340,1.256732,0.55992,0.493463,0.067754
20800,73,27,0.039416,276,1.179459,0.546314,0.57295,0.064246
20800,98,20,0.029197,152,0.900407,0.407501,0.435638,0.059806
20800,18,18,0.026277,133,1.026283,0.378633,0.407965,0.054686
20800,72,18,0.026277,270,0.959893,0.347702,0.504778,0.047033
20800,70,17,0.024818,503,1.251843,0.497094,0.393902,0.02888
20800,64,15,0.021898,279,1.257936,0.328114,0.360891,0.038496
20800,99,15,0.021898,558,1.075043,0.408779,0.349216,0.06104
20820,82,32,0.04699,341,1.25983,0.559571,0.488894,0.066114
20820,73,29,0.042584,279,1.184914,0.54834,0.574527,0.064323
20820,98,19,0.0279,152,0.907336,0.409316,0.426069,0.05966
20820,18,18,0.026432,133,1.026283,0.378633,0.407965,0.054686
20820,70,17,0.024963,503,1.251843,0.497094,0.393902,0.02888
20820,72,17,0.024963,270,0.958207,0.351937,0.511666,0.047218
20820,64,15,0.022026,280,1.256298,0.326596,0.361757,0.037449
20820,14,14,0.020558,189,1.038559,0.263574,0.420951,0.037042
20840,82,32,0.046579,341,1.25983,0.559571,0.488894,0.066114
20840,73,29,0.042213,279,1.184914,0.54834,0.574527,0.064323
20840,72,18,0.026201,271,0.961563,0.347131,0.505528,0.047029
20840,98,18,0.026201,152,0.910921,0.409016,0.426931,0.060889
20840,18,17,0.024745,133,1.036233,0.377127,0.41192,0.05526
20840,70,17,0.024745,504,1.255885,0.485247,0.388287,0.029484
20840,64,16,0.02329,281,1.246833,0.324088,0.362653,0.037252
20840,35,15,0.021834,251,0.977735,0.302915,0.358509,0.049609
20860,82,32,0.047548,342,1.251286,0.562751,0.49286,0.068382
20860,73,29,0.043091,280,1.185091,0.543508,0.566862,0.064177
20860,72,19,0.028232,272,0.958018,0.351452,0.502965,0.047319
20860,18,18,0.026746,134,1.031777,0.377799,0.409709,0.055575
20860,98,18,0.026746,152,0.910921,0.409016,0.426931,0.060889
20860,64,16,0.023774,282,1.239423,0.323649,0.364117,0.036847
20860,70,16,0.023774,504,1.243955,0.491532,0.391109,0.029556
20860,94,15,0.022288,95,0.984628,0.429346,0.474279,0.064527
20880,82,32,0.047128,344,1.242494,0.560123,0.486068,0.066115
20880,73,29,0.04271,282,1.158672,0.533819,0.542294,0.063199
20880,72,21,0.030928,274,0.95571,0.358559,0.508653,0.047607
20880,98,19,0.027982,153,0.923799,0.406593,0.420867,0.060889
20880,18,17,0.025037,134,1.036686,0.379419,0.411269,0.055665
20880,70,17,0.025037,505,1.230315,0.494344,0.392659,0.029542
20880,64,16,0.023564,282,1.239423,0.323649,0.364117,0.036847
20880,94,16,0.023564,96,0.976304,0.425138,0.481304,0.064103
20900,82,31,0.045388,344,1.239714,0.563271,0.488074,0.066498
20900,73,29,0.04246,283,1.163019,0.526456,0.541119,0.062818
20900,72,21,0.030747,276,0.963308,0.342359,0.516682,0.0475
20900,98,19,0.027818,153,0.923799,0.406593,0.420867,0.060889
20900,18,18,0.026354,135,1.041385,0.380339,0.416998,0.056419
20900,70,18,0.026354,506,1.244163,0.488559,0.389976,0.029304
20900,94,17,0.02489,97,0.979333,0.421918,0.487955,0.064104
20900,64,15,0.021962,282,1.239876,0.321222,0.363861,0.036945
20920,82,33,0.047826,347,1.235987,0.561036,0.480665,0.063306
20920,73,29,0.042029,283,1.163019,0.526456,0.541119,0.062818
20920,72,20,0.028986,276,0.966281,0.343882,0.512144,0.047387
20920,70,19,0.027536,507,1.240404,0.497573,0.391411,0.029263
20920,98,19,0.027536,153,0.923799,0.406593,0.420867,0.060889
20920,18,18,0.026087,135,1.041385,0.380339,0.416998,0.056419
20920,94,18,0.026087,98,0.970212,0.417222,0.491893,0.063499
20920,64,15,0.021739,283,1.238937,0.320974,0.367884,0.036202
20940,82,33,0.048246,347,1.235987,0.561036,0.480665,0.063306
20940,73,28,0.040936,284,1.157741,0.522993,0.534701,0.062182
20940,70,19,0.027778,508,1.254884,0.48405,0.387821,0.02881
20940,94,19,0.027778,99,0.96029,0.415388,0.496146,0.063389
20940,98,19,0.027778,153,0.923799,0.406593,0.420867,0.060889
20940,18,18,0.026316,135,1.041385,0.380339,0.416998,0.056419
20940,72,18,0.026316,276,0.973477,0.33691,0.501781,0.048345
20940,74,16,0.023392,250,1.010899,0.319951,0.364861,0.05535
20960,82,32,0.046852,347,1.229381,0.563405,0.4827,0.06413
20960,73,28,0.040996,285,1.16835,0.542106,0.548762,0.06343
20960,98,20,0.029283,154,0.919724,0.404493,0.420941,0.060478
20960,70,19,0.027818,508,1.254884,0.48405,0.387821,0.02881
20960,94,19,0.027818,99,0.96029,0.415388,0.496146,0.063389
20960,18,18,0.026354,135,1.041385,0.380339,0.416998,0.056419
20960,72,18,0.026354,276,0.973477,0.33691,0.501781,0.048345
20960,99,18,0.026354,563,1.077606,0.404448,0.354546,0.057481
20980,82,33,0.048316,348,1.239758,0.561218,0.481334,0.063237
20980,73,28,0.040996,285,1.16835,0.542106,0.548762,0.06343
20980,94,21,0.030747,101,0.960623,0.414885,0.499353,0.064256
20980,98,20,0.029283,154,0.919724,0.404493,0.420941,0.060478
20980,70,19,0.027818,509,1.231173,0.492094,0.394593,0.029251
20980,72,18,0.026354,277,0.989848,0.335803,0.503516,0.048372
20980,99,18,0.026354,563,1.077606,0.404448,0.354546,0.057481
20980,18,17,0.02489,135,1.028335,0.380913,0.416561,0.055187
21000,82,34,0.049347,350,1.242112,0.56817,0.485246,0.066244
21000,73,27,0.039187,285,1.164523,0.539733,0.549946,0.064102
21000,94,21,0.030479,101,0.960623,0.414885,0.499353,0.064256
21000,98,21,0.030479,155,0.912287,0.415131,0.419141,0.061521
21000,72,20,0.029028,279,0.996579,0.32893,0.493903,0.047681
21000,70,19,0.027576,509,1.231173,0.492094,0.394593,0.029251
21000,18,18,0.026125,136,1.028913,0.379691,0.41295,0.056038
21000,64,16,0.023222,285,1.236034,0.318722,0.36416,0.036422
21020,82,33,0.047757,350,1.231769,0.560541,0.48689,0.06608
21020,73,29,0.041968,287,1.14118,0.53352,0.529322,0.063738
21020,98,21,0.030391,156,0.906019,0.414403,0.421499,0.061734
21020,72,20,0.028944,280,0.994187,0.329712,0.493609,0.048077
21020,94,20,0.028944,101,0.95542,0.414617,0.502084,0.063373
21020,18,18,0.026049,136,1.028913,0.379691,0.41295,0.056038
21020,70,18,0.026049,510,1.224605,0.485233,0.389483,0.028521
21020,64,16,0.023155,285,1.236034,0.318722,0.36416,0.036422
21040,82,35,0.050072,353,1.237637,0.559785,0.487707,0.064932
21040,73,29,0.041488,288,1.140977,0.52855,0.529598,0.063987
21040,72,21,0.030043,281,0.984754,0.334237,0.495297,0.048714
21040,98,21,0.030043,156,0.906019,0.414403,0.421499,0.061734
21040,94,20,0.028612,101,0.95542,0.414617,0.502084,0.063373
21040,18,18,0.025751,136,1.028913,0.379691,0.41295,0.056038
21040,64,17,0.02432,286,1.249688,0.318615,0.365786,0.036518
21040,70,17,0.02432,510,1.211417,0.491784,0.393006,0.028902
21060,82,35,0.049575,354,1.237233,0.571258,0.487686,0.064129
21060,73,29,0.041076,289,1.142039,0.522158,0.529194,0.064767
21060,72,21,0.029745,281,0.984754,0.334237,0.495297,0.048714
21060,98,21,0.029745,156,0.906019,0.414403,0.421499,0.061734
21060,94,20,0.028329,101,0.95542,0.414617,0.502084,0.063373
21060,18,18,0.025496,136,1.028913,0.379691,0.41295,0.056038
21060,64,18,0.025496,287,1.252489,0.320079,0.363611,0.036547
21060,70,17,0.024079,510,1.211417,0.491784,0.393006,0.028902
21080,82,36,0.051209,355,1.239062,0.572727,0.491143,0.065227
21080,73,28,0.039829,290,1.153583,0.534716,0.541503,0.066377
21080,98,21,0.029872,156,0.906019,0.414403,0.421499,0.061734
21080,72,20,0.02845,282,0.978762,0.338412,0.501023,0.047903
21080,18,18,0.025605,136,1.028913,0.379691,0.41295,0.056038
21080,64,18,0.025605,287,1.252489,0.320079,0.363611,0.036547
21080,94,18,0.025605,101,0.958627,0.413318,0.501246,0.063999
21080,70,17,0.024182,510,1.211417,0.491784,0.393006,0.028902
21100,82,37,0.052113,356,1.238679,0.56952,0.489418,0.064862
21100,73,27,0.038028,291,1.161273,0.542604,0.550219,0.066982
21100,98,22,0.030986,157,0.9005,0.417109,0.430468,0.062213
21100,72,19,0.026761,282,0.980098,0.341823,0.508056,0.048128
21100,18,18,0.025352,136,1.028913,0.379691,0.41295,0.056038
21100,94,18,0.025352,101,0.958627,0.413318,0.501246,0.063999
21100,64,17,0.023944,287,1.242904,0.319845,0.362059,0.036625
21100,70,17,0.023944,510,1.211417,0.491784,0.393006,0.028902
21120,82,36,0.050847,356,1.233611,0.56291,0.491907,0.064585
21120,73,27,0.038136,292,1.168997,0.55002,0.549642,0.066823
21120,98,22,0.031073,157,0.9005,0.417109,0.430468,0.062213
21120,72,19,0.026836,283,0.96363,0.34392,0.517355,0.048272
21120,18,18,0.025424,136,1.028913,0.379691,0.41295,0.056038
21120,64,18,0.025424,288,1.23961,0.320199,0.363824,0.036124
21120,70,18,0.025424,511,1.20647,0.496663,0.393053,0.028889
21120,94,16,0.022599,101,0.971636,0.419261,0.493982,0.065061
21140,82,35,0.049575,357,1.230122,0.571144,0.49447,0.066091
21140,73,28,0.03966,293,1.188407,0.559525,0.558543,0.067908
21140,98,21,0.029745,157,0.903272,0.41961,0.430854,0.062667
21140,70,19,0.026912,512,1.220149,0.490576,0.38982,0.028482
21140,72,19,0.026912,284,0.954509,0.353745,0.518252,0.049206
21140,18,17,0.024079,136,1.033201,0.37913,0.415352,0.05575
21140,64,17,0.024079,288,1.239189,0.319619,0.362346,0.036646
21140,94,16,0.022663,101,0.971636,0.419261,0.493982,0.065061
21160,82,35,0.049575,358,1.241678,0.578885,0.491399,0.066703
21160,73,28,0.03966,294,1.182767,0.560508,0.559314,0.06774
21160,98,21,0.029745,157,0.903272,0.41961,0.430854,0.062667
21160,70,19,0.026912,514,1.233521,0.492494,0.38632,0.027704
21160,64,18,0.025496,289,1.239047,0.319442,0.361161,0.037078
21160,72,18,0.025496,284,0.957277,0.348668,0.521582,0.048806
21160,18,16,0.022663,136,1.024388,0.379917,0.414596,0.055475
21160,94,16,0.022663,101,0.971636,0.419261,0.493982,0.065061
21180,82,33,0.046742,358,1.232674,0.580385,0.495678,0.066762
21180,73,28,0.03966,294,1.182767,0.560508,0.559314,0.06774
21180,98,22,0.031161,158,0.901205,0.419265,0.430298,0.061565
21180,72,20,0.028329,286,0.954118,0.354447,0.523329,0.048343
21180,70,19,0.026912,514,1.233521,0.492494,0.38632,0.027704
21180,64,18,0.025496,290,1.241793,0.3173,0.363539,0.036713
21180,99,17,0.024079,569,1.102173,0.409876,0.353472,0.057643
21180,94,16,0.022663,101,0.971636,0.419261,0.493982,0.065061
21200,82,32,0.045326,358,1.233418,0.584243,0.49419,0.066023
21200,73,29,0.041076,295,1.178885,0.562085,0.562319,0.067339
21200,98,22,0.031161,159,0.901856,0.419851,0.434401,0.060558
21200,70,19,0.026912,514,1.233521,0.492494,0.38632,0.027704
21200,72,19,0.026912,286,0.957411,0.350238,0.521248,0.047332
21200,99,19,0.026912,571,1.101354,0.413116,0.356331,0.055738
21200,74,16,0.022663,256,1.033719,0.32439,0.370708,0.056132
21200,94,16,0.022663,101,0.971636,0.419261,0.493982,0.065061
21220,82,33,0.046544,359,1.232222,0.582371,0.499173,0.067136
21220,73,29,0.040903,296,1.187655,0.567812,0.575651,0.067104
21220,98,23,0.03244,160,0.903145,0.422699,0.435541,0.060867
21220,72,19,0.026798,286,0.957411,0.350238,0.521248,0.047332
21220,70,18,0.025388,514,1.236896,0.483197,0.384602,0.027659
21220,99,18,0.025388,571,1.099955,0.416143,0.356808,0.057064
21220,35,16,0.022567,261,0.987368,0.305419,0.354811,0.047918
21220,74,16,0.022567,256,1.033719,0.32439,0.370708,0.056132
21240,82,33,0.046348,359,1.232222,0.582371,0.499173,0.067136
21240,73,29,0.04073,297,1.182661,0.56673,0.573429,0.066331
21240,98,23,0.032303,160,0.903145,0.422699,0.435541,0.060867
21240,99,19,0.026685,572,1.099863,0.417176,0.35688,0.057636
21240,72,18,0.025281,286,0.966374,0.3461,0.520814,0.046547
21240,70,17,0.023876,514,1.243208,0.479167,0.379845,0.027617
21240,94,17,0.023876,102,0.970808,0.416466,0.496671,0.063458
21240,35,16,0.022472,261,0.987368,0.305419,0.354811,0.047918
21260,82,33,0.046676,360,1.227782,0.586841,0.49976,0.066778
21260,73,29,0.041018,299,1.173146,0.558466,0.560805,0.063475
21260,98,23,0.032532,160,0.903145,0.422699,0.435541,0.060867
21260,70,19,0.026874,516,1.250747,0.479198,0.382105,0.028274
21260,94,18,0.02546,103,0.961605,0.413867,0.502084,0.062734
21260,99,18,0.02546,572,1.099127,0.419176,0.358394,0.058524
21260,35,17,0.024045,263,0.987667,0.30668,0.357653,0.049179
21260,72,17,0.024045,286,0.974445,0.350698,0.512902,0.045619
21280,82,33,0.046154,361,1.219542,0.592512,0.504651,0.068565
21280,73,31,0.043357,301,1.172425,0.553043,0.559264,0.063448
21280,98,23,0.032168,160,0.903145,0.422699,0.435541,0.060867
21280,70,18,0.025175,517,1.228112,0.482027,0.386124,0.029408
21280,99,18,0.025175,572,1.099127,0.419176,0.358394,0.058524
21280,72,17,0.023776,287,0.972179,0.348658,0.515203,0.045357
21280,94,17,0.023776,103,0.956205,0.410478,0.505114,0.062693
21280,18,16,0.022378,137,1.03121,0.381553,0.426065,0.055433
21300,82,33,0.046348,362,1.199093,0.591984,0.502712,0.066036
21300,73,29,0.04073,301,1.166834,0.554685,0.556016,0.063444
21300,98,23,0.032303,160,0.903145,0.422699,0.435541,0.060867
21300,99,20,0.02809,574,1.103862,0.412974,0.360896,0.056245
21300,70,18,0.025281,517,1.228112,0.482027,0.386124,0.029408
21300,72,18,0.025281,288,0.982216,0.341853,0.5121,0.045422
21300,18,17,0.023876,138,1.024262,0.378427,0.423545,0.055221
21300,94,17,0.023876,103,0.956205,0.410478,0.505114,0.062693
21320,82,33,0.046414,363,1.191781,0.582941,0.503123,0.06671
21320,73,31,0.043601,303,1.17292,0.550509,0.556225,0.063052
21320,98,23,0.032349,160,0.903145,0.422699,0.435541,0.060867
21320,99,20,0.028129,574,1.103862,0.412974,0.360896,0.056245
21320,72,19,0.026723,289,0.978481,0.346297,0.51223,0.045542
21320,18,18,0.025316,139,1.009404,0.378667,0.42095,0.05523
21320,70,17,0.02391,517,1.216921,0.488002,0.390605,0.029964
21320,94,17,0.02391,103,0.956205,0.410478,0.505114,0.062693
21340,82,32,0.044944,363,1.194369,0.581841,0.50113,0.067189
21340,73,31,0.043539,304,1.162468,0.545032,0.555831,0.062978
21340,98,24,0.033708,161,0.899593,0.424537,0.43992,0.061424
21340,72,21,0.029494,291,0.973768,0.344768,0.51058,0.045264
21340,99,19,0.026685,575,1.107377,0.404733,0.362051,0.05737
21340,18,18,0.025281,139,1.009404,0.378667,0.42095,0.05523
21340,70,18,0.025281,518,1.211959,0.48011,0.387032,0.030583
21340,94,17,0.023876,103,0.956205,0.410478,0.505114,0.062693
21360,73,33,0.045897,306,1.157804,0.547403,0.560228,0.062723
21360,82,33,0.045897,364,1.200703,0.594116,0.499359,0.067272
21360,98,23,0.031989,161,0.903507,0.422496,0.438789,0.060553
21360,18,19,0.026426,140,1.018912,0.381514,0.426474,0.05546
21360,70,19,0.026426,519,1.22643,0.475569,0.383761,0.030494
21360,72,19,0.026426,291,0.976157,0.33778,0.507666,0.045723
21360,94,17,0.023644,103,0.956205,0.410478,0.505114,0.062693
21360,99,17,0.023644,575,1.098719,0.405974,0.360844,0.059132
21380,82,34,0.047753,365,1.203898,0.597858,0.499545,0.0689
21380,73,33,0.046348,306,1.157804,0.547403,0.560228,0.062723
21380,98,23,0.032303,161,0.903507,0.422496,0.438789,0.060553
21380,70,20,0.02809,520,1.217966,0.479986,0.387558,0.030466
21380,18,19,0.026685,140,1.018912,0.381514,0.426474,0.05546
21380,72,18,0.025281,291,0.980376,0.339669,0.50383,0.045404
21380,94,17,0.023876,103,0.956205,0.410478,0.505114,0.062693
21380,59,16,0.022472,180,1.461821,0.745429,0.7021,0.081298
21400,82,36,0.050209,368,1.199332,0.589123,0.497538,0.068366
21400,73,34,0.04742,308,1.160219,0.556625,0.567299,0.063288
21400,98,23,0.032078,161,0.903507,0.422496,0.438789,0.060553
21400,18,18,0.025105,140,1.018905,0.382533,0.428685,0.055079
21400,70,18,0.025105,520,1.223241,0.482914,0.390716,0.030228
21400,72,18,0.025105,291,0.980376,0.339669,0.50383,0.045404
21400,94,18,0.025105,104,0.963588,0.415678,0.505278,0.063079
21400,59,16,0.022315,180,1.461821,0.745429,0.7021,0.081298
21420,82,36,0.050491,369,1.205372,0.594099,0.500437,0.068063
21420,73,34,0.047686,308,1.160219,0.556625,0.567299,0.063288
21420,98,23,0.032258,162,0.896324,0.419266,0.443052,0.060768
21420,72,19,0.026648,292,0.978333,0.344092,0.502406,0.046052
21420,94,19,0.026648,105,0.966417,0.416723,0.502565,0.064211
21420,18,18,0.025245,140,1.018905,0.382533,0.428685,0.055079
21420,70,18,0.025245,521,1.207339,0.49632,0.394211,0.030464
21420,59,16,0.02244,180,1.461821,0.745429,0.7021,0.081298
21440,82,36,0.050847,369,1.205372,0.594099,0.500437,0.068063
21440,73,34,0.048023,308,1.160219,0.556625,0.567299,0.063288
21440,98,21,0.029661,162,0.899385,0.409713,0.443851,0.058653
21440,18,19,0.026836,141,1.021292,0.382344,0.425865,0.054291
21440,72,19,0.026836,292,0.978333,0.344092,0.502406,0.046052
21440,94,19,0.026836,105,0.966417,0.416723,0.502565,0.064211
21440,70,18,0.025424,521,1.207339,0.49632,0.394211,0.030464
21440,59,15,0.021186,180,1.461832,0.752641,0.696942,0.080802
21460,82,37,0.05226,371,1.205256,0.583651,0.502723,0.067801
21460,73,33,0.04661,308,1.164149,0.554308,0.565082,0.063624
21460,98,21,0.029661,162,0.899385,0.409713,0.443851,0.058653
21460,18,19,0.026836,141,1.021292,0.382344,0.425865,0.054291
21460,94,19,0.026836,105,0.966417,0.416723,0.502565,0.064211
21460,70,18,0.025424,521,1.207339,0.49632,0.394211,0.030464
21460,72,18,0.025424,293,0.96248,0.345269,0.51499,0.046972
21460,64,15,0.021186,296,1.223317,0.318823,0.368641,0.036713
21480,82,36,0.049793,371,1.203196,0.584472,0.49955,0.066944
21480,73,34,0.047026,311,1.172029,0.554023,0.577703,0.063025
21480,70,20,0.027663,523,1.227057,0.484441,0.387262,0.029529
21480,94,20,0.027663,106,0.965305,0.418999,0.50111,0.064693
21480,98,19,0.026279,162,0.894263,0.412176,0.444776,0.060531
21480,18,18,0.024896,141,1.027304,0.38534,0.428234,0.054428
21480,72,17,0.023513,293,0.963266,0.341311,0.515664,0.04664
21480,74,15,0.020747,262,1.037713,0.334459,0.368092,0.057103
21500,82,37,0.051105,372,1.214674,0.585934,0.499074,0.06767
21500,73,30,0.041436,311,1.182127,0.562013,0.587647,0.0641
21500,94,20,0.027624,106,0.965305,0.418999,0.50111,0.064693
21500,70,19,0.026243,523,1.21338,0.489209,0.390546,0.029563
21500,98,19,0.026243,162,0.894263,0.412176,0.444776,0.060531
21500,18,18,0.024862,141,1.027304,0.38534,0.428234,0.054428
21500,72,18,0.024862,294,0.97039,0.337595,0.510549,0.046738
21500,59,15,0.020718,181,1.474208,0.754946,0.678078,0.080188
21520,82,38,0.053371,373,1.206545,0.579379,0.496437,0.067123
21520,73,30,0.042135,311,1.182127,0.562013,0.587647,0.0641
21520,94,20,0.02809,106,0.965305,0.418999,0.50111,0.064693
21520,98,19,0.026685,162,0.894263,0.412176,0.444776,0.060531
21520,18,18,0.025281,141,1.027304,0.38534,0.428234,0.054428
21520,70,18,0.025281,523,1.224564,0.486424,0.389051,0.029577
21520,72,16,0.022472,294,0.97247,0.337384,0.512499,0.047468
21520,62,15,0.021067,200,1.030544,0.33017,0.468896,0.068359
21540,82,38,0.053748,374,1.217548,0.583264,0.495015,0.066649
21540,73,29,0.041018,311,1.189629,0.565352,0.590377,0.064676
21540,18,19,0.026874,142,1.016091,0.386067,0.425307,0.054251
21540,94,19,0.026874,106,0.967753,0.421774,0.499976,0.065541
21540,98,19,0.026874,162,0.894263,0.412176,0.444776,0.060531
21540,70,18,0.02546,523,1.224564,0.486424,0.389051,0.029577
21540,72,17,0.024045,295,0.980441,0.33349,0.508526,0.048592
21540,62,15,0.021216,200,1.030544,0.33017,0.468896,0.068359
21560,82,39,0.054393,376,1.227832,0.586606,0.497691,0.066767
21560,73,29,0.040446,311,1.189629,0.565352,0.590377,0.064676
21560,94,20,0.027894,107,0.961932,0.41928,0.500614,0.066364
21560,18,19,0.026499,142,1.016091,0.386067,0.425307,0.054251
21560,70,19,0.026499,524,1.221291,0.492543,0.389227,0.02956
21560,98,19,0.026499,162,0.894263,0.412176,0.444776,0.060531
21560,72,17,0.02371,296,0.975975,0.332735,0.508515,0.048035
21560,62,15,0.020921,200,1.030544,0.33017,0.468896,0.068359
21580,82,37,0.051821,376,1.216643,0.578752,0.498192,0.065134
21580,73,28,0.039216,311,1.180935,0.569556,0.590354,0.06408
21580,94,20,0.028011,107,0.961932,0.41928,0.500614,0.066364
21580,18,19,0.026611,142,1.016091,0.386067,0.425307,0.054251
21580,98,19,0.026611,162,0.894263,0.412176,0.444776,0.060531
21580,70,18,0.02521,524,1.222904,0.487636,0.384335,0.028707
21580,72,17,0.02381,296,0.975975,0.332735,0.508515,0.048035
21580,99,16,0.022409,582,1.095368,0.421115,0.355994,0.055159
21600,82,35,0.049787,377,1.208802,0.582413,0.496845,0.063802
21600,73,28,0.039829,312,1.192192,0.566426,0.58778,0.064221
21600,18,19,0.027027,142,1.016091,0.386067,0.425307,0.054251
21600,72,19,0.027027,298,0.963136,0.334617,0.518871,0.047263
21600,98,19,0.027027,162,0.894263,0.412176,0.444776,0.060531
21600,70,18,0.025605,524,1.222904,0.487636,0.384335,0.028707
21600,94,18,0.025605,107,0.966087,0.417159,0.498365,0.067019
21600,99,16,0.02276,582,1.095368,0.421115,0.355994,0.055159
21620,82,35,0.050287,377,1.208802,0.582413,0.496845,0.063802
21620,73,29,0.041667,314,1.168768,0.558585,0.567771,0.06333
21620,72,19,0.027299,298,0.963136,0.334617,0.518871,0.047263
21620,98,19,0.027299,162,0.894263,0.412176,0.444776,0.060531
21620,18,18,0.025862,142,1.013415,0.386462,0.428097,0.055037
21620,70,18,0.025862,524,1.222904,0.487636,0.384335,0.028707
21620,94,18,0.025862,107,0.966087,0.417159,0.498365,0.067019
21620,74,16,0.022989,266,1.032754,0.340129,0.365784,0.057253
21640,82,34,0.048502,377,1.201145,0.584622,0.499274,0.064929
21640,73,33,0.047076,318,1.180383,0.565592,0.576525,0.065256
21640,18,18,0.025678,142,1.013415,0.386462,0.428097,0.055037
21640,70,18,0.025678,525,1.204749,0.497128,0.390841,0.02958
21640,72,18,0.025678,298,0.970777,0.33639,0.505542,0.046952
21640,98,18,0.025678,162,0.900424,0.414792,0.434409,0.060302
21640,94,17,0.024251,107,0.963072,0.416078,0.50099,0.065986
21640,99,17,0.024251,584,1.092694,0.418037,0.355772,0.05884
21660,73,34,0.048711,319,1.175498,0.566311,0.577519,0.064859
21660,82,34,0.048711,377,1.201145,0.584622,0.499274,0.064929
21660,99,20,0.028653,587,1.097953,0.418855,0.354889,0.056027
21660,72,18,0.025788,299,0.972091,0.335506,0.505448,0.047176
21660,98,18,0.025788,162,0.900424,0.414792,0.434409,0.060302
21660,18,17,0.024355,142,1.028509,0.386681,0.431112,0.055017
21660,35,17,0.024355,272,0.981448,0.30465,0.353191,0.049369
21660,94,17,0.024355,108,0.964618,0.409779,0.493302,0.066955
21680,73,34,0.049347,319,1.175498,0.566311,0.577519,0.064859
21680,82,34,0.049347,378,1.196695,0.585079,0.498528,0.06484
21680,72,19,0.027576,300,0.971446,0.339405,0.510169,0.046845
21680,98,18,0.026125,162,0.900424,0.414792,0.434409,0.060302
21680,18,17,0.024673,142,1.028509,0.386681,0.431112,0.055017
21680,35,17,0.024673,272,0.981448,0.30465,0.353191,0.049369
21680,70,17,0.024673,526,1.213612,0.494334,0.385456,0.029494
21680,94,17,0.024673,108,0.964618,0.409779,0.493302,0.066955
21700,73,33,0.047009,319,1.185686,0.571753,0.586569,0.065319
21700,82,33,0.047009,379,1.177656,0.583434,0.498297,0.066102
21700,72,20,0.02849,302,0.978038,0.34492,0.506575,0.04611
21700,98,19,0.027066,163,0.909643,0.409288,0.430572,0.060645
21700,70,18,0.025641,527,1.226352,0.487504,0.381333,0.029174
21700,18,17,0.024217,142,1.028509,0.386681,0.431112,0.055017
21700,35,17,0.024217,272,0.981448,0.30465,0.353191,0.049369
21700,77,17,0.024217,80,1.089605,0.328468,0.373161,0.055546
21720,82,34,0.047686,380,1.18615,0.580679,0.497166,0.065182
21720,73,32,0.044881,319,1.180422,0.573938,0.5869,0.065577
21720,72,21,0.029453,304,0.972921,0.342764,0.515851,0.046756
21720,98,19,0.026648,163,0.909643,0.409288,0.430572,0.060645
21720,18,17,0.023843,142,1.028509,0.386681,0.431112,0.055017
21720,70,17,0.023843,527,1.230772,0.479748,0.380925,0.0293
21720,94,17,0.023843,108,0.964618,0.409779,0.493302,0.066955
21720,99,17,0.023843,589,1.098441,0.406609,0.353575,0.059542
21740,82,35,0.049088,382,1.202279,0.584272,0.49363,0.064762
21740,73,34,0.047686,321,1.180847,0.570598,0.58114,0.065254
21740,72,21,0.029453,304,0.972921,0.342764,0.515851,0.046756
21740,98,19,0.026648,163,0.909643,0.409288,0.430572,0.060645
21740,99,18,0.025245,591,1.097948,0.411912,0.350426,0.056897
21740,18,17,0.023843,142,1.028509,0.386681,0.431112,0.055017
21740,94,17,0.023843,108,0.964618,0.409779,0.493302,0.066955
21740,35,16,0.02244,274,0.984316,0.303757,0.360481,0.048937
21760,82,35,0.048679,382,1.202279,0.584272,0.49363,0.064762
21760,73,34,0.047288,323,1.185977,0.585447,0.597646,0.066934
21760,72,21,0.029207,304,0.972921,0.342764,0.515851,0.046756
21760,98,19,0.026426,163,0.909643,0.409288,0.430572,0.060645
21760,18,17,0.023644,142,1.028509,0.386681,0.431112,0.055017
21760,94,17,0.023644,108,0.964618,0.409779,0.493302,0.066955
21760,99,17,0.023644,591,1.097093,0.41636,0.351518,0.053776
21760,35,16,0.022253,274,0.984316,0.303757,0.360481,0.048937
21780,82,36,0.049655,383,1.192868,0.583689,0.494407,0.063917
21780,73,33,0.045517,323,1.189691,0.58862,0.599843,0.067357
21780,72,22,0.030345,305,0.970394,0.344374,0.518283,0.046616
21780,98,19,0.026207,163,0.909643,0.409288,0.430572,0.060645
21780,18,17,0.023448,142,1.028509,0.386681,0.431112,0.055017
21780,94,17,0.023448,108,0.964618,0.409779,0.493302,0.066955
21780,99,17,0.023448,591,1.097093,0.41636,0.351518,0.053776
21780,35,16,0.022069,274,0.984316,0.303757,0.360481,0.048937
21800,82,36,0.049383,383,1.192868,0.583689,0.494407,0.063917
21800,73,33,0.045267,324,1.210304,0.599424,0.607526,0.06869
21800,72,22,0.030178,305,0.970394,0.344374,0.518283,0.046616
21800,98,21,0.028807,165,0.897311,0.422625,0.428206,0.062548
21800,18,18,0.024691,143,1.032003,0.385925,0.439156,0.05494
21800,99,18,0.024691,592,1.099206,0.420307,0.350682,0.054542
21800,40,17,0.02332,278,1.257339,0.294201,0.41881,0.036664
21800,94,17,0.02332,108,0.964618,0.409779,0.493302,0.066955
21820,82,36,0.049519,384,1.194326,0.582819,0.495034,0.064165
21820,73,32,0.044017,324,1.204028,0.601986,0.607993,0.068849
21820,72,23,0.031637,306,0.968583,0.349693,0.515389,0.046999
21820,98,21,0.028886,165,0.897311,0.422625,0.428206,0.062548
21820,99,19,0.026135,593,1.096996,0.422338,0.349706,0.05456
21820,18,18,0.024759,143,1.032003,0.385925,0.439156,0.05494
21820,70,18,0.024759,530,1.232907,0.495849,0.392384,0.029528
21820,40,17,0.023384,278,1.257339,0.294201,0.41881,0.036664
21840,82,36,0.049724,385,1.194336,0.587789,0.492858,0.064146
21840,73,32,0.044199,325,1.196295,0.597503,0.607156,0.069042
21840,72,23,0.031768,306,0.968583,0.349693,0.515389,0.046999
21840,98,21,0.029006,165,0.897311,0.422625,0.428206,0.062548
21840,18,19,0.026243,144,1.023222,0.38721,0.434928,0.05449
21840,70,18,0.024862,530,1.232907,0.495849,0.392384,0.029528
21840,99,17,0.023481,593,1.09038,0.426972,0.350749,0.054867
21840,40,16,0.022099,279,1.278866,0.29694,0.420333,0.037874
21860,82,35,0.047945,385,1.186922,0.58997,0.495096,0.065301
21860,73,32,0.043836,327,1.185019,0.621532,0.609672,0.070198
21860,72,22,0.030137,306,0.967522,0.35374,0.521244,0.04697
21860,98,22,0.030137,167,0.886098,0.424531,0.432197,0.061222
21860,18,20,0.027397,145,1.018978,0.387837,0.431158,0.054137
21860,70,18,0.024658,531,1.233398,0.480548,0.38802,0.029938
21860,40,17,0.023288,280,1.279578,0.29584,0.418746,0.037471
21860,94,16,0.021918,108,0.963417,0.418849,0.49857,0.067746
21880,82,37,0.050964,387,1.190647,0.603663,0.494826,0.065198
21880,73,31,0.0427,327,1.194844,0.629849,0.620549,0.070836
21880,98,23,0.03168,168,0.887531,0.422362,0.431824,0.060244
21880,72,20,0.027548,306,0.95624,0.355899,0.523907,0.047301
21880,18,19,0.026171,145,1.029753,0.387242,0.434238,0.054298
21880,70,17,0.023416,531,1.223746,0.487037,0.392897,0.030414
21880,40,16,0.022039,280,1.284751,0.295042,0.418494,0.037034
21880,94,16,0.022039,108,0.963417,0.418849,0.49857,0.067746
21900,82,38,0.051984,389,1.20803,0.603964,0.494883,0.064785
21900,73,32,0.043776,329,1.212021,0.622569,0.626726,0.070707
21900,98,23,0.031464,168,0.887531,0.422362,0.431824,0.060244
21900,72,19,0.025992,306,0.95521,0.350161,0.527369,0.047102
21900,18,18,0.024624,145,1.024669,0.386756,0.429786,0.053468
21900,70,17,0.023256,531,1.223746,0.487037,0.392897,0.030414
21900,94,16,0.021888,108,0.963417,0.418849,0.49857,0.067746
21900,99,16,0.021888,596,1.072061,0.411932,0.35067,0.055916
21920,82,36,0.049724,389,1.197238,0.606177,0.494503,0.064917
21920,73,32,0.044199,330,1.217391,0.631324,0.639277,0.07084
21920,98,23,0.031768,168,0.887531,0.422362,0.431824,0.060244
21920,18,18,0.024862,145,1.024669,0.386756,0.429786,0.053468
21920,72,18,0.024862,306,0.957621,0.347049,0.52624,0.048141
21920,70,17,0.023481,531,1.223746,0.487037,0.392897,0.030414
21920,94,17,0.023481,109,0.961173,0.4147,0.503351,0.066736
21920,99,16,0.022099,596,1.072061,0.411932,0.35067,0.055916
21940,82,35,0.048409,390,1.183674,0.599033,0.494367,0.064246
21940,73,34,0.047026,332,1.219182,0.631025,0.643078,0.071694
21940,98,24,0.033195,169,0.89632,0.419054,0.434169,0.05928
21940,70,19,0.026279,533,1.240001,0.485578,0.39351,0.030132
21940,18,18,0.024896,145,1.024669,0.386756,0.429786,0.053468
21940,94,17,0.023513,109,0.961173,0.4147,0.503351,0.066736
21940,72,16,0.02213,306,0.967571,0.34639,0.513193,0.048291
21940,99,16,0.02213,596,1.072061,0.411932,0.35067,0.055916
21960,82,36,0.04918,391,1.193129,0.596196,0.491577,0.063345
21960,73,34,0.046448,332,1.219182,0.631025,0.643078,0.071694
21960,98,24,0.032787,169,0.89632,0.419054,0.434169,0.05928
21960,70,19,0.025956,533,1.240001,0.485578,0.39351,0.030132
21960,18,18,0.02459,145,1.024669,0.386756,0.429786,0.053468
21960,94,17,0.023224,109,0.961173,0.4147,0.503351,0.066736
21960,99,17,0.023224,597,1.078207,0.419228,0.349585,0.055796
21960,35,16,0.021858,279,0.989982,0.303039,0.36002,0.050045
21980,82,36,0.049383,391,1.193129,0.596196,0.491577,0.063345
21980,73,35,0.048011,333,1.215229,0.630298,0.642456,0.071647
21980,98,24,0.032922,169,0.89632,0.419054,0.434169,0.05928
21980,70,19,0.026063,533,1.240001,0.485578,0.39351,0.030132
21980,18,18,0.024691,145,1.024669,0.386756,0.429786,0.053468
21980,94,17,0.02332,109,0.961173,0.4147,0.503351,0.066736
21980,72,16,0.021948,307,0.973742,0.346283,0.508438,0.048209
21980,99,16,0.021948,597,1.079336,0.42174,0.350581,0.054368
22000,82,37,0.050824,392,1.185712,0.594304,0.492847,0.064287
22000,73,34,0.046703,333,1.21446,0.621054,0.641455,0.0705
22000,98,24,0.032967,169,0.89632,0.419054,0.434169,0.05928
22000,18,18,0.024725,145,1.024669,0.386756,0.429786,0.053468
22000,70,18,0.024725,534,1.25153,0.481458,0.392615,0.029993
22000,72,17,0.023352,308,0.983792,0.341131,0.504248,0.047859
22000,94,17,0.023352,109,0.961173,0.4147,0.503351,0.066736
22000,99,16,0.021978,597,1.079336,0.42174,0.350581,0.054368
22020,82,36,0.049248,392,1.194663,0.595165,0.492049,0.065118
22020,73,34,0.046512,334,1.20735,0.628572,0.650534,0.071263
22020,98,24,0.032832,169,0.89632,0.419054,0.434169,0.05928
22020,18,18,0.024624,145,1.024669,0.386756,0.429786,0.053468
22020,70,18,0.024624,535,1.259034,0.48308,0.389196,0.029974
22020,72,17,0.023256,308,0.983792,0.341131,0.504248,0.047859
22020,94,17,0.023256,109,0.961173,0.4147,0.503351,0.066736
22020,35,16,0.021888,280,0.997734,0.299167,0.359955,0.0493
22040,82,37,0.050409,393,1.191758,0.594601,0.495043,0.066247
22040,73,33,0.044959,334,1.213397,0.615273,0.645177,0.070655
22040,98,24,0.032698,170,0.901102,0.418284,0.429627,0.060002
22040,94,19,0.025886,111,0.952266,0.410569,0.510522,0.066452
22040,18,18,0.024523,145,1.024669,0.386756,0.429786,0.053468
22040,35,17,0.023161,282,0.995813,0.303001,0.362337,0.047991
22040,70,17,0.023161,535,1.256033,0.478258,0.383661,0.029148
22040,72,17,0.023161,308,0.983792,0.341131,0.504248,0.047859
22060,82,38,0.051351,394,1.181549,0.592383,0.496635,0.067115
22060,73,34,0.045946,335,1.206075,0.612259,0.639359,0.069757
22060,98,24,0.032432,170,0.901102,0.418284,0.429627,0.060002
22060,94,19,0.025676,111,0.952266,0.410569,0.510522,0.066452
22060,18,18,0.024324,146,1.026907,0.385425,0.430208,0.05344
22060,35,18,0.024324,283,0.990362,0.301138,0.361809,0.047866
22060,70,18,0.024324,536,1.254189,0.483499,0.389079,0.030152
22060,72,18,0.024324,309,0.979247,0.338605,0.509107,0.048204
22080,82,38,0.052342,395,1.184156,0.594124,0.496351,0.066719
22080,73,34,0.046832,335,1.206075,0.612259,0.639359,0.069757
22080,98,23,0.03168,170,0.907553,0.413458,0.431368,0.058815
22080,94,20,0.027548,112,0.958299,0.407489,0.513053,0.065381
22080,18,18,0.024793,146,1.026907,0.385425,0.430208,0.05344
22080,70,18,0.024793,536,1.254189,0.483499,0.389079,0.030152
22080,72,18,0.024793,309,0.979247,0.338605,0.509107,0.048204
22080,99,17,0.023416,600,1.087077,0.419609,0.354078,0.052954
22100,82,38,0.052414,396,1.182646,0.585988,0.496376,0.068263
22100,73,34,0.046897,336,1.223879,0.610206,0.644591,0.069802
22100,98,22,0.030345,170,0.911885,0.409608,0.429851,0.058556
22100,70,20,0.027586,539,1.248314,0.485239,0.385638,0.029843
22100,94,20,0.027586,112,0.958299,0.407489,0.513053,0.065381
22100,99,18,0.024828,601,1.082965,0.416183,0.351527,0.055432
22100,18,17,0.023448,146,1.032116,0.384582,0.434366,0.053793
22100,72,17,0.023448,310,0.989386,0.345032,0.492613,0.047376
22120,82,39,0.054318,398,1.180832,0.582606,0.490131,0.06737
22120,73,37,0.051532,339,1.218379,0.609569,0.649898,0.070094
22120,70,20,0.027855,539,1.248314,0.485239,0.385638,0.029843
22120,94,20,0.027855,112,0.958299,0.407489,0.513053,0.065381
22120,98,20,0.027855,170,0.916763,0.41183,0.428962,0.059403
22120,99,18,0.02507,601,1.082965,0.416183,0.351527,0.055432
22120,18,17,0.023677,146,1.032116,0.384582,0.434366,0.053793
22120,35,17,0.023677,284,0.985607,0.304768,0.358366,0.048464
22140,82,36,0.05035,398,1.169183,0.588672,0.492289,0.068256
22140,73,35,0.048951,339,1.203543,0.610464,0.641681,0.069943
22140,94,20,0.027972,112,0.958299,0.407489,0.513053,0.065381
22140,98,20,0.027972,170,0.916763,0.41183,0.428962,0.059403
22140,70,19,0.026573,539,1.259494,0.481186,0.382752,0.029772
22140,72,19,0.026573,312,0.9859,0.342668,0.488789,0.047588
22140,35,18,0.025175,285,0.989766,0.304648,0.359317,0.048018
22140,99,18,0.025175,601,1.082965,0.416183,0.351527,0.055432
22160,73,33,0.046544,339,1.199877,0.609506,0.644944,0.070795
22160,82,33,0.046544,399,1.157281,0.579496,0.495425,0.068426
22160,72,20,0.028209,314,0.989593,0.341254,0.484449,0.047223
22160,94,20,0.028209,112,0.958299,0.407489,0.513053,0.065381
22160,98,20,0.028209,170,0.916763,0.41183,0.428962,0.059403
22160,70,19,0.026798,540,1.256337,0.49169,0.389259,0.029387
22160,99,19,0.026798,602,1.083476,0.413335,0.352364,0.05428
22160,18,17,0.023977,146,1.032116,0.384582,0.434366,0.053793
22180,82,34,0.048921,400,1.157091,0.579883,0.50032,0.069475
22180,73,33,0.047482,339,1.199877,0.609506,0.644944,0.070795
22180,94,20,0.028777,112,0.958299,0.407489,0.513053,0.065381
22180,98,20,0.028777,171,0.903375,0.419542,0.43764,0.060441
22180,72,19,0.027338,314,0.981435,0.345599,0.486936,0.047484
22180,99,17,0.02446,602,1.075231,0.401417,0.355949,0.05433
22180,18,16,0.023022,146,1.028411,0.385301,0.42552,0.053804
22180,35,16,0.023022,285,0.981608,0.308404,0.357959,0.048724
22200,82,35,0.049787,401,1.168015,0.593727,0.498301,0.069244
22200,73,33,0.046942,339,1.199877,0.609506,0.644944,0.070795
22200,94,20,0.02845,112,0.958299,0.407489,0.513053,0.065381
22200,72,19,0.027027,314,0.981435,0.345599,0.486936,0.047484
22200,98,19,0.027027,171,0.893108,0.423573,0.434984,0.061669
22200,35,18,0.025605,288,0.988571,0.309485,0.362347,0.049871
22200,99,17,0.024182,603,1.086942,0.407778,0.357526,0.056273
22200,18,16,0.02276,146,1.028411,0.385301,0.42552,0.053804
22220,82,36,0.05042,403,1.179259,0.607901,0.499003,0.07008
22220,73,33,0.046218,341,1.202517,0.628813,0.646334,0.071241
22220,94,20,0.028011,112,0.958299,0.407489,0.513053,0.065381
22220,72,19,0.026611,314,0.981435,0.345599,0.486936,0.047484
22220,98,19,0.026611,171,0.893108,0.423573,0.434984,0.061669
22220,35,18,0.02521,288,0.988571,0.309485,0.362347,0.049871
22220,99,17,0.02381,603,1.086942,0.407778,0.357526,0.056273
22220,18,16,0.022409,146,1.028411,0.385301,0.42552,0.053804
22240,82,35,0.049505,403,1.178829,0.605229,0.49668,0.069166
22240,73,32,0.045262,341,1.204248,0.636343,0.650456,0.071733
22240,72,20,0.028289,315,0.980281,0.348492,0.484276,0.048083
22240,94,19,0.026874,112,0.957228,0.412002,0.518803,0.065778
22240,98,19,0.026874,171,0.893108,0.423573,0.434984,0.061669
22240,18,16,0.022631,146,1.028411,0.385301,0.42552,0.053804
22240,35,16,0.022631,288,0.986349,0.303889,0.362902,0.049785
22240,40,16,0.022631,287,1.276438,0.292518,0.411586,0.035558
22260,82,36,0.050704,404,1.181823,0.600184,0.495907,0.068493
22260,73,31,0.043662,341,1.19124,0.629952,0.642406,0.071053
22260,72,20,0.028169,315,0.980281,0.348492,0.484276,0.048083
22260,94,19,0.026761,112,0.957228,0.412002,0.518803,0.065778
22260,98,19,0.026761,171,0.893108,0.423573,0.434984,0.061669
22260,70,18,0.025352,544,1.23677,0.498807,0.391245,0.029929
22260,18,16,0.022535,146,1.028411,0.385301,0.42552,0.053804
22260,35,16,0.022535,288,0.986349,0.303889,0.362902,0.049785
22280,82,36,0.049724,405,1.193245,0.597769,0.492485,0.066572
22280,73,30,0.041436,341,1.196663,0.629747,0.641861,0.071216
22280,72,20,0.027624,315,0.980281,0.348492,0.484276,0.048083
22280,70,19,0.026243,545,1.234872,0.490964,0.389106,0.030209
22280,94,19,0.026243,112,0.957228,0.412002,0.518803,0.065778
22280,98,19,0.026243,171,0.893108,0.423573,0.434984,0.061669
22280,18,17,0.023481,147,1.041191,0.387588,0.430612,0.05396
22280,40,16,0.022099,288,1.278912,0.294519,0.414075,0.036157
22300,82,35,0.047945,405,1.187746,0.590286,0.49371,0.066364
22300,73,33,0.045205,345,1.226452,0.637544,0.655952,0.071843
22300,72,22,0.030137,317,0.984063,0.341842,0.490225,0.048002
22300,98,21,0.028767,173,0.903327,0.419497,0.439219,0.061379
22300,70,20,0.027397,546,1.243176,0.487392,0.386319,0.02986
22300,94,20,0.027397,113,0.96336,0.418127,0.517019,0.064928
22300,18,17,0.023288,147,1.041191,0.387588,0.430612,0.05396
22300,40,17,0.023288,289,1.295987,0.294111,0.415967,0.036224
22320,82,35,0.048409,406,1.182279,0.587425,0.500471,0.066725
22320,73,34,0.047026,347,1.219053,0.639737,0.66145,0.072523
22320,72,21,0.029046,317,0.981711,0.345769,0.496182,0.04758
22320,98,21,0.029046,173,0.903327,0.419497,0.439219,0.061379
22320,94,19,0.026279,113,0.959969,0.42064,0.512948,0.06497
22320,70,18,0.024896,546,1.238393,0.490702,0.388407,0.030006
22320,18,17,0.023513,147,1.041191,0.387588,0.430612,0.05396
22320,40,17,0.023513,289,1.295987,0.294111,0.415967,0.036224
22340,73,35,0.048343,349,1.223669,0.64344,0.661309,0.074043
22340,82,34,0.046961,408,1.185387,0.582268,0.504753,0.066502
22340,98,21,0.029006,173,0.903327,0.419497,0.439219,0.061379
22340,72,20,0.027624,317,0.98302,0.34807,0.492166,0.047359
22340,94,20,0.027624,114,0.961371,0.425728,0.5074,0.065865
22340,70,19,0.026243,547,1.247369,0.484907,0.385323,0.029608
22340,40,17,0.023481,289,1.295987,0.294111,0.415967,0.036224
22340,99,17,0.023481,605,1.069321,0.417825,0.356618,0.057304
22360,82,36,0.049793,410,1.194802,0.58842,0.501616,0.065749
22360,73,34,0.047026,350,1.227253,0.634893,0.656558,0.072371
22360,98,22,0.030429,174,0.897743,0.4308,0.437441,0.062212
22360,72,20,0.027663,317,0.98302,0.34807,0.492166,0.047359
22360,70,19,0.026279,548,1.248262,0.471556,0.378319,0.029057
22360,94,18,0.024896,114,0.976162,0.431833,0.502287,0.065827
22360,35,17,0.023513,292,0.981578,0.304718,0.366011,0.049532
22360,18,16,0.02213,148,1.061408,0.38971,0.434174,0.053821
22380,82,36,0.049587,410,1.194802,0.58842,0.501616,0.065749
22380,73,31,0.0427,350,1.246828,0.628757,0.652833,0.071225
22380,98,23,0.03168,175,0.890597,0.429149,0.442091,0.062192
22380,72,19,0.026171,318,0.985362,0.350093,0.496606,0.047035
22380,94,19,0.026171,115,0.972566,0.437019,0.502613,0.066645
22380,70,18,0.024793,548,1.240404,0.477068,0.382205,0.029401
22380,18,17,0.023416,149,1.066592,0.390779,0.44029,0.054471
22380,35,16,0.022039,292,0.983515,0.304368,0.362601,0.049622
22400,82,37,0.05146,411,1.197355,0.59752,0.499838,0.065911
22400,73,32,0.044506,351,1.239961,0.628708,0.652047,0.07078
22400,98,22,0.030598,175,0.893828,0.427181,0.443295,0.061696
22400,72,19,0.026426,318,0.985362,0.350093,0.496606,0.047035
22400,94,19,0.026426,115,0.972566,0.437019,0.502613,0.066645
22400,70,18,0.025035,548,1.240404,0.477068,0.382205,0.029401
22400,18,17,0.023644,149,1.066592,0.390779,0.44029,0.054471
22400,35,16,0.022253,292,0.983515,0.304368,0.362601,0.049622
22420,82,36,0.05,411,1.191798,0.590005,0.498887,0.065504
22420,73,35,0.048611,354,1.23729,0.635261,0.656939,0.071373
22420,98,23,0.031944,176,0.89184,0.425583,0.442243,0.060695
22420,72,18,0.025,318,0.986862,0.347128,0.500098,0.046345
22420,94,18,0.025,115,0.974144,0.435618,0.504232,0.066244
22420,18,17,0.023611,149,1.066592,0.390779,0.44029,0.054471
22420,35,16,0.022222,292,0.983515,0.304368,0.362601,0.049622
22420,70,16,0.022222,548,1.250959,0.481912,0.380725,0.02904
22440,82,36,0.049793,412,1.204554,0.593468,0.498538,0.065159
22440,73,34,0.047026,356,1.214252,0.62824,0.640683,0.070504
22440,98,23,0.031812,176,0.89184,0.425583,0.442243,0.060695
22440,72,19,0.026279,319,0.991812,0.350974,0.498164,0.046511
22440,94,18,0.024896,115,0.974144,0.435618,0.504232,0.066244
22440,18,17,0.023513,149,1.066592,0.390779,0.44029,0.054471
22440,70,17,0.023513,549,1.261815,0.476612,0.378147,0.028429
22440,74,16,0.02213,283,1.043349,0.359967,0.363282,0.065857
22460,82,38,0.053073,415,1.21206,0.595476,0.505734,0.06815
22460,73,33,0.046089,356,1.213839,0.630255,0.645879,0.070281
22460,98,21,0.02933,176,0.8815,0.42985,0.438699,0.060892
22460,70,18,0.02514,551,1.23791,0.49193,0.387646,0.028779
22460,94,18,0.02514,115,0.974144,0.435618,0.504232,0.066244
22460,18,17,0.023743,149,1.066592,0.390779,0.44029,0.054471
22460,72,17,0.023743,319,0.998161,0.345076,0.491614,0.047418
22460,64,15,0.02095,323,1.203157,0.330763,0.371077,0.038821
22480,82,38,0.052851,415,1.21206,0.595476,0.505734,0.06815
22480,73,33,0.045897,356,1.213839,0.630255,0.645879,0.070281
22480,98,21,0.029207,176,0.8815,0.42985,0.438699,0.060892
22480,18,18,0.025035,150,1.056507,0.392569,0.435404,0.054001
22480,94,18,0.025035,115,0.974144,0.435618,0.504232,0.066244
22480,70,16,0.022253,551,1.233587,0.489951,0.389631,0.028753
22480,72,16,0.022253,319,0.988439,0.350738,0.493858,0.047661
22480,74,16,0.022253,284,1.039103,0.363457,0.361793,0.064867
22500,82,37,0.05146,416,1.212306,0.605913,0.506757,0.068617
22500,73,32,0.044506,357,1.199572,0.634652,0.640581,0.070326
22500,98,21,0.029207,176,0.8815,0.42985,0.438699,0.060892
22500,18,19,0.026426,151,1.06254,0.393554,0.437521,0.054781
22500,94,18,0.025035,115,0.974144,0.435618,0.504232,0.066244
22500,74,17,0.023644,285,1.043231,0.361373,0.360541,0.064436
22500,99,17,0.023644,611,1.065386,0.426934,0.359411,0.057512
22500,35,16,0.022253,296,0.960471,0.307761,0.354366,0.04966
22520,82,35,0.048544,416,1.212972,0.609787,0.503191,0.068362
22520,73,31,0.042996,357,1.202021,0.639938,0.64418,0.070537
22520,98,21,0.029126,176,0.8815,0.42985,0.438699,0.060892
22520,18,19,0.026352,151,1.06254,0.393554,0.437521,0.054781
22520,99,19,0.026352,613,1.067095,0.419451,0.359673,0.0587
22520,35,17,0.023578,297,0.964316,0.310262,0.35784,0.049687
22520,72,17,0.023578,320,1.003684,0.345186,0.491131,0.047273
22520,70,16,0.022191,551,1.233587,0.489951,0.389631,0.028753
22540,82,34,0.046897,416,1.223905,0.610972,0.502809,0.069202
22540,73,32,0.044138,358,1.204699,0.647068,0.650308,0.071436
22540,98,21,0.028966,177,0.881565,0.43601,0.430558,0.06195
22540,18,19,0.026207,151,1.06254,0.393554,0.437521,0.054781
22540,99,19,0.026207,613,1.067095,0.419451,0.359673,0.0587
22540,72,17,0.023448,321,1.007316,0.336844,0.500779,0.047537
22540,35,16,0.022069,297,0.960288,0.312225,0.353874,0.050022
22540,70,16,0.022069,551,1.233587,0.489951,0.389631,0.028753
22560,82,34,0.047091,417,1.224885,0.609313,0.500664,0.067261
22560,73,33,0.045706,359,1.205051,0.643033,0.649648,0.072257
22560,98,22,0.030471,178,0.877702,0.447704,0.428135,0.063749
22560,18,19,0.026316,151,1.06254,0.393554,0.437521,0.054781
22560,99,19,0.026316,613,1.067095,0.419451,0.359673,0.0587
22560,70,18,0.024931,553,1.234925,0.501966,0.394218,0.029055
22560,35,17,0.023546,298,0.955379,0.314497,0.352082,0.050504
22560,74,16,0.022161,286,1.041907,0.36196,0.357346,0.065226
22580,82,35,0.048343,419,1.213815,0.610062,0.500987,0.06856
22580,73,31,0.042818,359,1.202295,0.647544,0.644154,0.072613
22580,98,22,0.030387,178,0.877702,0.447704,0.428135,0.063749
22580,18,20,0.027624,152,1.07012,0.393758,0.442358,0.055373
22580,70,19,0.026243,554,1.225927,0.51018,0.394363,0.028925
22580,99,19,0.026243,613,1.067095,0.419451,0.359673,0.0587
22580,35,18,0.024862,299,0.958579,0.314342,0.352691,0.050428
22580,74,16,0.022099,286,1.041907,0.36196,0.357346,0.065226
22600,82,34,0.04742,420,1.220761,0.590455,0.502413,0.067361
22600,73,32,0.04463,360,1.196174,0.645508,0.64394,0.072139
22600,98,22,0.030683,178,0.877702,0.447704,0.428135,0.063749
22600,18,21,0.029289,153,1.073093,0.393137,0.440562,0.055105
22600,35,18,0.025105,299,0.958579,0.314342,0.352691,0.050428
22600,99,18,0.025105,613,1.065752,0.423114,0.359807,0.059607
22600,70,17,0.02371,554,1.230723,0.515723,0.396313,0.028503
22600,94,16,0.022315,115,0.969049,0.431724,0.508492,0.064969
22620,73,34,0.046259,362,1.199967,0.643126,0.635372,0.071802
22620,82,33,0.044898,420,1.211162,0.593887,0.50277,0.068313
22620,98,22,0.029932,178,0.877702,0.447704,0.428135,0.063749
22620,18,20,0.027211,153,1.069271,0.3924,0.435684,0.054616
22620,70,19,0.02585,557,1.24925,0.5,0.385906,0.028024
22620,99,19,0.02585,614,1.074223,0.419324,0.359872,0.057926
22620,72,18,0.02449,324,1.015011,0.337816,0.488137,0.046901
22620,35,17,0.023129,299,0.956948,0.31698,0.352149,0.050808
22640,73,33,0.044898,362,1.203001,0.635147,0.628807,0.071418
22640,82,33,0.044898,421,1.209133,0.603528,0.505649,0.069424
22640,98,22,0.029932,178,0.877702,0.447704,0.428135,0.063749
22640,18,20,0.027211,153,1.069271,0.3924,0.435684,0.054616
22640,70,19,0.02585,557,1.24925,0.5,0.385906,0.028024
22640,99,19,0.02585,614,1.074223,0.419324,0.359872,0.057926
22640,35,18,0.02449,300,0.955885,0.315763,0.354029,0.050172
22640,72,18,0.02449,324,1.015011,0.337816,0.488137,0.046901
22660,73,34,0.046639,363,1.197387,0.644269,0.633546,0.072219
22660,82,33,0.045267,422,1.204125,0.589517,0.506819,0.069078
22660,98,22,0.030178,178,0.877702,0.447704,0.428135,0.063749
22660,18,21,0.028807,154,1.061885,0.392131,0.433788,0.054142
22660,70,20,0.027435,558,1.24839,0.506915,0.387467,0.028192
22660,72,18,0.024691,324,1.015011,0.337816,0.488137,0.046901
22660,99,18,0.024691,614,1.075794,0.414888,0.358701,0.057593
22660,35,17,0.02332,301,0.955824,0.314296,0.354793,0.050909
22680,73,35,0.04788,364,1.198059,0.64362,0.634656,0.073037
22680,82,35,0.04788,424,1.201928,0.597522,0.499554,0.068404
22680,18,22,0.030096,155,1.063938,0.391077,0.430998,0.053309
22680,98,21,0.028728,178,0.879112,0.450431,0.428565,0.064944
22680,70,19,0.025992,558,1.253704,0.502127,0.385808,0.028311
22680,72,18,0.024624,325,1.004152,0.33827,0.486132,0.046798
22680,99,18,0.024624,614,1.075794,0.414888,0.358701,0.057593
22680,35,17,0.023256,302,0.960038,0.313889,0.358211,0.050391
22700,73,35,0.048544,364,1.198059,0.64362,0.634656,0.073037
22700,82,35,0.048544,424,1.201928,0.597522,0.499554,0.068404
22700,18,21,0.029126,155,1.05994,0.391362,0.426042,0.052522
22700,98,21,0.029126,178,0.879112,0.450431,0.428565,0.064944
22700,70,19,0.026352,558,1.253704,0.502127,0.385808,0.028311
22700,72,19,0.026352,326,1.001037,0.343288,0.489133,0.046038
22700,35,17,0.023578,302,0.960038,0.313889,0.358211,0.050391
22700,40,17,0.023578,297,1.280897,0.288516,0.406957,0.035642
22720,73,37,0.051105,366,1.195853,0.635089,0.629218,0.072609
22720,82,35,0.048343,424,1.201928,0.597522,0.499554,0.068404
22720,98,22,0.030387,179,0.892295,0.446449,0.421832,0.064715
22720,18,21,0.029006,155,1.05994,0.391362,0.426042,0.052522
22720,70,19,0.026243,559,1.244221,0.499849,0.389893,0.02934
22720,72,19,0.026243,326,1.001037,0.343288,0.489133,0.046038
22720,40,17,0.023481,297,1.280897,0.288516,0.406957,0.035642
22720,94,17,0.023481,116,0.982959,0.439099,0.504623,0.063989
22740,73,35,0.048409,367,1.19966,0.624835,0.620238,0.071624
22740,82,34,0.047026,424,1.198953,0.59674,0.496243,0.067367
22740,18,21,0.029046,155,1.05994,0.391362,0.426042,0.052522
22740,72,21,0.029046,328,1.006506,0.341675,0.488111,0.046019
22740,98,21,0.029046,179,0.898294,0.448134,0.415316,0.064339
22740,70,19,0.026279,559,1.244221,0.499849,0.389893,0.02934
22740,40,17,0.023513,298,1.283069,0.289653,0.409915,0.036189
22740,94,16,0.02213,116,0.979778,0.436985,0.507794,0.062452
22760,73,37,0.050616,369,1.202483,0.637682,0.614163,0.071992
22760,82,35,0.04788,427,1.207252,0.590457,0.495218,0.068561
22760,72,22,0.030096,329,0.999939,0.339895,0.498311,0.046194
22760,98,22,0.030096,180,0.895611,0.444336,0.415706,0.063161
22760,18,21,0.028728,155,1.05994,0.391362,0.426042,0.052522
22760,70,19,0.025992,559,1.244221,0.499849,0.389893,0.02934
22760,40,17,0.023256,298,1.283069,0.289653,0.409915,0.036189
22760,94,16,0.021888,116,0.979778,0.436985,0.507794,0.062452
22780,82,37,0.050477,429,1.211187,0.598145,0.500575,0.06957
22780,73,35,0.047749,369,1.206219,0.643484,0.620208,0.072657
22780,72,23,0.031378,330,1.003925,0.344471,0.496153,0.046287
22780,98,23,0.031378,181,0.891302,0.452993,0.415742,0.063999
22780,18,21,0.028649,155,1.05994,0.391362,0.426042,0.052522
22780,70,18,0.024557,559,1.231947,0.506388,0.393306,0.029684
22780,35,16,0.021828,303,0.960784,0.311511,0.363279,0.049671
22780,40,16,0.021828,298,1.281239,0.290785,0.409825,0.035835
22800,82,35,0.048143,430,1.193396,0.593496,0.501007,0.069014
22800,73,34,0.046768,369,1.210073,0.649473,0.622569,0.073135
22800,72,23,0.031637,330,1.003925,0.344471,0.496153,0.046287
22800,98,22,0.030261,181,0.896153,0.452041,0.406512,0.063623
22800,18,21,0.028886,156,1.064618,0.394022,0.432104,0.052975
22800,35,17,0.023384,305,0.964177,0.31321,0.359652,0.050559
22800,70,17,0.023384,559,1.221893,0.514374,0.398351,0.029982
22800,94,17,0.023384,117,0.978686,0.431392,0.512328,0.061658
22820,82,36,0.049519,431,1.190125,0.593461,0.500969,0.068418
22820,73,35,0.048143,370,1.206558,0.645356,0.621131,0.073028
22820,98,22,0.030261,181,0.896153,0.452041,0.406512,0.063623
22820,18,21,0.028886,156,1.064618,0.394022,0.432104,0.052975
22820,72,20,0.02751,330,1.017538,0.34324,0.49132,0.045859
22820,70,18,0.024759,560,1.234859,0.507391,0.394541,0.029519
22820,94,18,0.024759,118,0.968415,0.430387,0.518502,0.061093
22820,13,15,0.020633,304,0.917119,0.293433,0.43861,0.057652
22840,73,37,0.051034,372,1.204988,0.649837,0.623502,0.073062
22840,82,36,0.049655,431,1.190125,0.593461,0.500969,0.068418
22840,98,21,0.028966,181,0.900895,0.440554,0.407905,0.061818
22840,72,20,0.027586,330,1.017538,0.34324,0.49132,0.045859
22840,18,19,0.026207,156,1.058195,0.395027,0.433456,0.052274
22840,94,18,0.024828,118,0.968415,0.430387,0.518502,0.061093
22840,70,17,0.023448,560,1.245107,0.504857,0.391289,0.029415
22840,35,16,0.022069,306,0.971167,0.312446,0.363234,0.050314
22860,73,36,0.048714,373,1.211537,0.659946,0.626849,0.074457
22860,82,36,0.048714,432,1.192531,0.594037,0.500158,0.068324
22860,98,21,0.028417,181,0.900895,0.440554,0.407905,0.061818
22860,72,20,0.027064,331,1.011066,0.350327,0.498133,0.04598
22860,18,19,0.02571,156,1.058195,0.395027,0.433456,0.052274
22860,94,18,0.024357,118,0.968415,0.430387,0.518502,0.061093
22860,74,17,0.023004,294,1.046504,0.357843,0.355689,0.063774
22860,59,16,0.021651,197,1.553081,0.810841,0.693893,0.086929
22880,73,36,0.048649,373,1.211537,0.659946,0.626849,0.074457
22880,82,34,0.045946,432,1.19411,0.586062,0.507245,0.068974
22880,72,21,0.028378,332,1.01486,0.348055,0.496058,0.046269
22880,98,19,0.025676,181,0.912183,0.436135,0.410283,0.06121
22880,18,18,0.024324,156,1.067814,0.393472,0.437962,0.052622
22880,59,18,0.024324,199,1.563154,0.801103,0.704752,0.085753
22880,70,18,0.024324,562,1.248536,0.50008,0.383347,0.028098
22880,94,18,0.024324,118,0.968415,0.430387,0.518502,0.061093
22900,73,35,0.047554,373,1.205788,0.663878,0.62633,0.074942
22900,82,35,0.047554,433,1.194607,0.594839,0.508744,0.069737
22900,72,20,0.027174,332,1.007235,0.351808,0.500565,0.046133
22900,18,19,0.025815,157,1.079929,0.395367,0.441006,0.053518
22900,98,19,0.025815,182,0.896423,0.448562,0.415866,0.063283
22900,59,18,0.024457,200,1.567467,0.797691,0.697919,0.082972
22900,70,18,0.024457,562,1.248536,0.50008,0.383347,0.028098
22900,94,18,0.024457,118,0.968415,0.430387,0.518502,0.061093
22920,82,37,0.050136,436,1.199701,0.59025,0.502948,0.065988
22920,73,35,0.047425,374,1.205667,0.655121,0.621318,0.073959
22920,72,19,0.025745,332,1.010271,0.350339,0.497917,0.046314
22920,98,19,0.025745,182,0.896423,0.448562,0.415866,0.063283
22920,18,18,0.02439,157,1.089138,0.395846,0.443514,0.054011
22920,59,18,0.02439,200,1.567467,0.797691,0.697919,0.082972
22920,94,18,0.02439,118,0.968415,0.430387,0.518502,0.061093
22920,35,17,0.023035,308,0.974848,0.311609,0.36335,0.04965
22940,73,35,0.047361,374,1.205667,0.655121,0.621318,0.073959
22940,82,33,0.044655,436,1.195609,0.587026,0.496682,0.065194
22940,72,19,0.02571,332,1.010271,0.350339,0.497917,0.046314
22940,94,19,0.02571,119,0.965633,0.426215,0.519442,0.060908
22940,98,19,0.02571,182,0.896423,0.448562,0.415866,0.063283
22940,18,18,0.024357,157,1.089138,0.395846,0.443514,0.054011
22940,59,18,0.024357,200,1.567467,0.797691,0.697919,0.082972
22940,35,17,0.023004,309,0.969172,0.315122,0.360977,0.050428
22960,73,39,0.053061,378,1.205193,0.656177,0.63138,0.075015
22960,82,34,0.046259,437,1.19965,0.58348,0.495672,0.06465
22960,72,19,0.02585,333,1.004845,0.351088,0.495917,0.046389
22960,94,19,0.02585,119,0.965633,0.426215,0.519442,0.060908
22960,98,19,0.02585,182,0.896423,0.448562,0.415866,0.063283
22960,18,18,0.02449,157,1.089138,0.395846,0.443514,0.054011
22960,59,18,0.02449,200,1.567467,0.797691,0.697919,0.082972
22960,99,17,0.023129,623,1.064946,0.427505,0.350574,0.058206
22980,73,39,0.052703,379,1.209638,0.65972,0.630248,0.075287
22980,82,35,0.047297,439,1.186222,0.587118,0.509305,0.068345
22980,59,20,0.027027,202,1.583827,0.797609,0.695648,0.084521
22980,98,20,0.027027,183,0.894407,0.445944,0.416214,0.062047
22980,18,19,0.025676,158,1.084143,0.395289,0.447545,0.054402
22980,72,19,0.025676,333,1.004845,0.351088,0.495917,0.046389
22980,94,19,0.025676,119,0.965633,0.426215,0.519442,0.060908
22980,70,18,0.024324,564,1.249004,0.493643,0.384444,0.028263
23000,73,39,0.052703,379,1.209638,0.65972,0.630248,0.075287
23000,82,35,0.047297,439,1.186222,0.587118,0.509305,0.068345
23000,18,19,0.025676,158,1.084143,0.395289,0.447545,0.054402
23000,94,19,0.025676,119,0.965633,0.426215,0.519442,0.060908
23000,98,19,0.025676,183,0.901294,0.436368,0.417956,0.060977
23000,59,18,0.024324,202,1.593296,0.793799,0.70219,0.086913
23000,70,18,0.024324,566,1.269812,0.485911,0.377115,0.027916
23000,35,17,0.022973,311,0.966193,0.316303,0.356734,0.050068
23020,73,38,0.05163,380,1.219397,0.64935,0.623576,0.074234
23020,82,35,0.047554,439,1.186222,0.587118,0.509305,0.068345
23020,94,20,0.027174,120,0.967789,0.423463,0.521608,0.062175
23020,98,20,0.027174,184,0.907139,0.431689,0.418785,0.06007
23020,18,19,0.025815,158,1.084143,0.395289,0.447545,0.054402
23020,35,18,0.024457,312,0.971528,0.31541,0.356324,0.049559
23020,99,18,0.024457,625,1.07669,0.432489,0.351351,0.058713
23020,59,17,0.023098,202,1.588154,0.802696,0.695528,0.086188
23040,73,40,0.054422,383,1.223574,0.652619,0.633529,0.074768
23040,82,35,0.047619,439,1.186222,0.587118,0.509305,0.068345
23040,98,21,0.028571,185,0.899365,0.428648,0.430859,0.060233
23040,18,19,0.02585,158,1.084143,0.395289,0.447545,0.054402
23040,94,19,0.02585,120,0.959357,0.419179,0.524195,0.061978
23040,99,19,0.02585,626,1.07955,0.427655,0.352603,0.057383
23040,35,18,0.02449,312,0.971528,0.31541,0.356324,0.049559
23040,72,18,0.02449,334,1.020451,0.345393,0.48197,0.046225
23060,73,39,0.052846,383,1.231244,0.654503,0.635224,0.075333
23060,82,35,0.047425,440,1.206137,0.588117,0.50737,0.068734
23060,98,22,0.02981,186,0.89713,0.425857,0.430677,0.059227
23060,94,20,0.0271,121,0.952397,0.4217,0.524122,0.063156
23060,18,19,0.025745,158,1.084143,0.395289,0.447545,0.054402
23060,72,19,0.025745,335,1.018415,0.342773,0.489254,0.046878
23060,35,18,0.02439,314,0.972162,0.316218,0.360438,0.050796
23060,99,18,0.02439,626,1.085639,0.422745,0.351897,0.057927
23080,73,39,0.053134,383,1.231244,0.654503,0.635224,0.075333
23080,82,36,0.049046,441,1.195203,0.586095,0.509087,0.069182
23080,98,22,0.029973,187,0.893976,0.4365,0.429384,0.059756
23080,94,21,0.02861,122,0.944499,0.422927,0.522671,0.064948
23080,72,20,0.027248,336,1.014325,0.350623,0.486771,0.048134
23080,18,19,0.025886,158,1.084143,0.395289,0.447545,0.054402
23080,35,18,0.024523,315,0.978147,0.312585,0.365667,0.050606
23080,99,18,0.024523,626,1.085639,0.422745,0.351897,0.057927
23100,73,39,0.053134,383,1.231244,0.654503,0.635224,0.075333
23100,82,36,0.049046,442,1.191177,0.591136,0.503867,0.069835
23100,98,23,0.031335,188,0.892167,0.435153,0.429377,0.058597
23100,94,21,0.02861,122,0.944499,0.422927,0.522671,0.064948
23100,72,20,0.027248,336,1.014325,0.350623,0.486771,0.048134
23100,18,18,0.024523,158,1.078258,0.393207,0.443192,0.054113
23100,35,18,0.024523,315,0.978147,0.312585,0.365667,0.050606
23100,99,18,0.024523,627,1.083033,0.41881,0.35182,0.057674
23120,73,38,0.051771,383,1.229424,0.657567,0.636419,0.074993
23120,82,38,0.051771,444,1.203527,0.602228,0.500356,0.070934
23120,72,22,0.029973,338,1.017676,0.351647,0.484215,0.048375
23120,98,22,0.029973,188,0.897898,0.431731,0.426705,0.057769
23120,94,20,0.027248,123,0.942611,0.431369,0.518449,0.068323
23120,18,18,0.024523,158,1.078258,0.393207,0.443192,0.054113
23120,35,18,0.024523,315,0.978147,0.312585,0.365667,0.050606
23120,59,17,0.023161,204,1.582848,0.815138,0.664447,0.081003
23140,73,38,0.051421,385,1.235524,0.660899,0.635583,0.07533
23140,82,37,0.050068,445,1.207846,0.601837,0.500441,0.072132
23140,72,22,0.02977,338,1.017676,0.351647,0.484215,0.048375
23140,98,22,0.02977,188,0.897898,0.431731,0.426705,0.057769
23140,94,21,0.028417,124,0.947122,0.435566,0.516917,0.067615
23140,18,18,0.024357,158,1.078258,0.393207,0.443192,0.054113
23140,35,18,0.024357,316,0.987402,0.315457,0.369733,0.05081
23140,70,18,0.024357,573,1.21326,0.498009,0.388929,0.028241
23160,73,37,0.05034,385,1.241562,0.653212,0.631411,0.0747
23160,82,37,0.05034,445,1.207846,0.601837,0.500441,0.072132
23160,72,22,0.029932,338,1.017676,0.351647,0.484215,0.048375
23160,94,22,0.029932,125,0.939014,0.435858,0.513054,0.067794
23160,98,21,0.028571,188,0.900169,0.434803,0.426698,0.058705
23160,18,18,0.02449,158,1.078258,0.393207,0.443192,0.054113
23160,35,17,0.023129,316,0.983001,0.316353,0.370932,0.051393
23160,70,17,0.023129,573,1.221422,0.494166,0.386504,0.027883
23180,82,37,0.050068,445,1.207846,0.601837,0.500441,0.072132
23180,73,36,0.048714,386,1.247202,0.66015,0.628374,0.075715
23180,72,23,0.031123,340,1.022389,0.343299,0.475404,0.048232
23180,98,23,0.031123,190,0.915734,0.427162,0.416798,0.058232
23180,94,22,0.02977,125,0.939014,0.435858,0.513054,0.067794
23180,18,19,0.02571,159,1.071447,0.393033,0.439465,0.053371
23180,70,19,0.02571,575,1.226861,0.497278,0.382184,0.026983
23180,35,18,0.024357,317,0.987481,0.318491,0.369088,0.051428
23200,82,36,0.048518,445,1.20132,0.603921,0.503129,0.073193
23200,73,34,0.045822,389,1.231962,0.672136,0.624756,0.074691
23200,72,23,0.030997,341,1.015832,0.336359,0.49166,0.048458
23200,98,23,0.030997,191,0.914827,0.439168,0.40682,0.058696
23200,70,21,0.028302,577,1.220309,0.496016,0.380946,0.027924
23200,94,20,0.026954,125,0.933938,0.436048,0.515041,0.068523
23200,18,19,0.025606,159,1.071447,0.393033,0.439465,0.053371
23200,59,17,0.022911,205,1.577776,0.799543,0.678963,0.085287
23220,73,34,0.045884,389,1.231962,0.672136,0.624756,0.074691
23220,82,33,0.044534,445,1.208531,0.598298,0.494463,0.071222
23220,72,24,0.032389,342,1.014785,0.340461,0.493774,0.047945
23220,98,23,0.031039,191,0.914827,0.439168,0.40682,0.058696
23220,70,21,0.02834,578,1.219128,0.493684,0.383771,0.028272
23220,94,21,0.02834,127,0.94337,0.440314,0.509845,0.066687
23220,18,20,0.026991,160,1.060427,0.391476,0.437778,0.052833
23220,59,17,0.022942,205,1.577776,0.799543,0.678963,0.085287
23240,73,35,0.047361,390,1.228783,0.668422,0.621797,0.074305
23240,82,33,0.044655,447,1.187081,0.600766,0.492999,0.072271
23240,72,23,0.031123,342,1.010162,0.343487,0.49603,0.048485
23240,98,23,0.031123,192,0.901872,0.440673,0.411424,0.059835
23240,70,21,0.028417,578,1.219128,0.493684,0.383771,0.028272
23240,94,21,0.028417,127,0.94337,0.440314,0.509845,0.066687
23240,18,20,0.027064,160,1.060427,0.391476,0.437778,0.052833
23240,74,18,0.024357,302,1.079864,0.361012,0.358156,0.066654
23260,82,35,0.047361,449,1.202722,0.593936,0.490898,0.070429
23260,73,33,0.044655,390,1.216932,0.665553,0.62074,0.074843
23260,72,22,0.02977,342,1.006887,0.344683,0.495726,0.047932
23260,98,22,0.02977,192,0.894528,0.444533,0.415947,0.060008
23260,94,21,0.028417,127,0.94337,0.440314,0.509845,0.066687
23260,18,20,0.027064,160,1.060427,0.391476,0.437778,0.052833
23260,70,19,0.02571,578,1.210002,0.493364,0.387015,0.028492
23260,74,18,0.024357,302,1.079864,0.361012,0.358156,0.066654
23280,73,33,0.044898,390,1.216932,0.665553,0.62074,0.074843
23280,82,33,0.044898,449,1.209278,0.598036,0.489035,0.068783
23280,98,22,0.029932,192,0.894528,0.444533,0.415947,0.060008
23280,72,21,0.028571,342,1.008469,0.347404,0.490463,0.047509
23280,18,20,0.027211,160,1.060427,0.391476,0.437778,0.052833
23280,94,20,0.027211,127,0.952333,0.438816,0.507795,0.064799
23280,70,19,0.02585,579,1.212272,0.493204,0.386814,0.028292
23280,59,17,0.023129,205,1.577776,0.799543,0.678963,0.085287
23300,73,33,0.044837,391,1.218596,0.674014,0.620345,0.074842
23300,82,33,0.044837,449,1.209278,0.598036,0.489035,0.068783
23300,98,22,0.029891,193,0.880279,0.457374,0.42001,0.061457
23300,18,19,0.025815,160,1.063911,0.391803,0.433445,0.052381
23300,70,19,0.025815,579,1.212272,0.493204,0.386814,0.028292
23300,72,19,0.025815,342,1.007926,0.346994,0.499204,0.048029
23300,94,18,0.024457,127,0.949933,0.44067,0.507649,0.063409
23300,59,16,0.021739,205,1.594586,0.798205,0.677115,0.087815
23320,73,34,0.046196,393,1.227269,0.672364,0.61141,0.074979
23320,82,33,0.044837,450,1.195979,0.601668,0.492981,0.070121
23320,98,22,0.029891,193,0.880279,0.457374,0.42001,0.061457
23320,72,20,0.027174,343,1.01839,0.341929,0.495779,0.047723
23320,18,19,0.025815,160,1.063911,0.391803,0.433445,0.052381
23320,70,18,0.024457,579,1.214151,0.501993,0.389729,0.027497
23320,94,18,0.024457,127,0.949933,0.44067,0.507649,0.063409
23320,90,17,0.023098,336,1.198211,0.40123,0.354834,0.06243
23340,73,36,0.048128,396,1.249798,0.679939,0.612842,0.076231
23340,82,32,0.042781,450,1.187258,0.587141,0.49588,0.070089
23340,72,23,0.030749,347,1.022407,0.331129,0.501438,0.047151
23340,98,22,0.029412,193,0.880279,0.457374,0.42001,0.061457
23340,70,20,0.026738,581,1.235109,0.488984,0.380495,0.026816
23340,18,19,0.025401,160,1.063911,0.391803,0.433445,0.052381
23340,99,19,0.025401,635,1.059889,0.424239,0.35832,0.062018
23340,94,18,0.024064,127,0.949933,0.44067,0.507649,0.063409
23360,73,33,0.044534,397,1.247897,0.696035,0.626166,0.077697
23360,82,33,0.044534,452,1.212102,0.607242,0.490968,0.069952
23360,72,22,0.02969,347,1.023515,0.334843,0.504742,0.047348
23360,98,22,0.02969,193,0.880279,0.457374,0.42001,0.061457
23360,70,20,0.026991,581,1.235109,0.488984,0.380495,0.026816
23360,18,19,0.025641,160,1.063911,0.391803,0.433445,0.052381
23360,94,18,0.024291,127,0.949933,0.44067,0.507649,0.063409
23360,99,17,0.022942,635,1.067931,0.431211,0.359468,0.062449
23380,73,33,0.044534,397,1.247897,0.696035,0.626166,0.077697
23380,82,33,0.044534,452,1.212102,0.607242,0.490968,0.069952
23380,72,22,0.02969,348,1.026138,0.33908,0.495382,0.046794
23380,98,22,0.02969,193,0.880279,0.457374,0.42001,0.061457
23380,18,19,0.025641,160,1.063911,0.391803,0.433445,0.052381
23380,70,19,0.025641,581,1.227516,0.493116,0.383599,0.027322
23380,94,18,0.024291,127,0.949933,0.44067,0.507649,0.063409
23380,35,17,0.022942,325,0.972339,0.320881,0.356492,0.051557
23400,73,36,0.048322,400,1.250652,0.701227,0.629634,0.078107
23400,82,32,0.042953,452,1.216366,0.607711,0.490697,0.070652
23400,72,22,0.02953,348,1.026138,0.33908,0.495382,0.046794
23400,98,22,0.02953,194,0.879754,0.456087,0.418985,0.061659
23400,18,19,0.025503,161,1.06165,0.390358,0.432964,0.052984
23400,70,19,0.025503,581,1.227516,0.493116,0.383599,0.027322
23400,59,18,0.024161,208,1.594827,0.804722,0.671574,0.08209
23400,94,18,0.024161,127,0.949933,0.44067,0.507649,0.063409
23420,73,36,0.047682,400,1.250652,0.701227,0.629634,0.078107
23420,82,32,0.042384,453,1.21981,0.605399,0.493387,0.071479
23420,72,22,0.029139,348,1.026138,0.33908,0.495382,0.046794
23420,98,22,0.029139,195,0.874085,0.470753,0.417484,0.063601
23420,18,19,0.025166,162,1.063993,0.393019,0.434108,0.052491
23420,70,19,0.025166,581,1.227516,0.493116,0.383599,0.027322
23420,94,19,0.025166,128,0.94618,0.440159,0.512055,0.06277
23420,99,18,0.023841,638,1.070398,0.446379,0.353847,0.064027
23440,73,36,0.048,400,1.250652,0.701227,0.629634,0.078107
23440,82,30,0.04,453,1.2201,0.609564,0.494213,0.07092
23440,72,22,0.029333,348,1.026138,0.33908,0.495382,0.046794
23440,98,22,0.029333,196,0.88488,0.459534,0.420678,0.061437
23440,94,19,0.025333,128,0.94618,0.440159,0.512055,0.06277
23440,99,19,0.025333,639,1.071037,0.443321,0.353131,0.062471
23440,18,18,0.024,162,1.075823,0.394749,0.435685,0.053039
23440,70,18,0.024,581,1.236984,0.490862,0.379421,0.027305
23460,73,36,0.048387,400,1.250652,0.701227,0.629634,0.078107
23460,82,32,0.043011,455,1.216299,0.604457,0.492289,0.068781
23460,98,22,0.02957,196,0.88488,0.459534,0.420678,0.061437
23460,72,21,0.028226,348,1.021524,0.341869,0.497358,0.04619
23460,70,19,0.025538,582,1.234757,0.497471,0.379951,0.027246
23460,94,19,0.025538,128,0.94618,0.440159,0.512055,0.06277
23460,18,18,0.024194,162,1.075823,0.394749,0.435685,0.053039
23460,35,16,0.021505,325,0.971451,0.322258,0.35681,0.05143
23480,73,39,0.051793,404,1.231674,0.689523,0.619406,0.078014
23480,82,33,0.043825,456,1.220439,0.602253,0.498499,0.069698
23480,98,22,0.029216,196,0.88488,0.459534,0.420678,0.061437
23480,72,19,0.025232,348,1.001679,0.350515,0.504342,0.046208
23480,94,19,0.025232,128,0.94618,0.440159,0.512055,0.06277
23480,18,18,0.023904,162,1.075823,0.394749,0.435685,0.053039
23480,99,18,0.023904,643,1.075311,0.438412,0.352039,0.060201
23480,35,17,0.022576,326,0.973006,0.324591,0.354097,0.051963
23500,73,36,0.048452,404,1.223058,0.686231,0.618357,0.077463
23500,82,33,0.044415,457,1.206928,0.60592,0.500128,0.070425
23500,98,22,0.02961,196,0.88488,0.459534,0.420678,0.061437
23500,94,21,0.028264,130,0.938782,0.446039,0.504434,0.065254
23500,18,18,0.024226,162,1.075823,0.394749,0.435685,0.053039
23500,72,18,0.024226,348,1.004829,0.345898,0.502186,0.046978
23500,35,17,0.02288,327,0.965619,0.32076,0.357661,0.051856
23500,59,17,0.02288,209,1.57949,0.815758,0.648879,0.082557
23520,73,38,0.051282,406,1.221482,0.679102,0.613853,0.076635
23520,82,34,0.045884,458,1.216187,0.602018,0.498177,0.069376
23520,94,22,0.02969,131,0.938474,0.449142,0.500692,0.065802
23520,98,20,0.026991,196,0.892258,0.455596,0.422253,0.061585
23520,72,19,0.025641,349,1.006857,0.342549,0.508284,0.047655
23520,18,18,0.024291,162,1.075823,0.394749,0.435685,0.053039
23520,65,16,0.021592,295,0.928753,0.362491,0.337389,0.07097
23520,99,16,0.021592,643,1.081726,0.438873,0.351081,0.058792
23540,73,38,0.051282,406,1.221482,0.679102,0.613853,0.076635
23540,82,34,0.045884,459,1.230132,0.601855,0.495565,0.067967
23540,94,22,0.02969,131,0.938474,0.449142,0.500692,0.065802
23540,72,19,0.025641,349,1.006857,0.342549,0.508284,0.047655
23540,98,19,0.025641,196,0.881886,0.461839,0.425879,0.061485
23540,18,18,0.024291,162,1.075823,0.394749,0.435685,0.053039
23540,99,16,0.021592,643,1.081726,0.438873,0.351081,0.058792
23540,35,15,0.020243,328,0.963636,0.319971,0.365287,0.05128
23560,73,38,0.050938,406,1.221482,0.679102,0.613853,0.076635
23560,82,34,0.045576,460,1.231571,0.620285,0.495561,0.068354
23560,94,22,0.029491,131,0.938474,0.449142,0.500692,0.065802
23560,72,21,0.02815,351,1.012948,0.343868,0.501912,0.047741
23560,98,19,0.025469,196,0.881886,0.461839,0.425879,0.061485
23560,18,18,0.024129,162,1.075823,0.394749,0.435685,0.053039
23560,70,17,0.022788,584,1.210941,0.506293,0.3976,0.028453
23560,74,17,0.022788,311,1.026358,0.367361,0.354786,0.063694
23580,73,38,0.05,407,1.211189,0.679961,0.613853,0.076852
23580,82,35,0.046053,461,1.239671,0.626262,0.493029,0.068494
23580,94,22,0.028947,131,0.938474,0.449142,0.500692,0.065802
23580,72,21,0.027632,352,1.015437,0.344977,0.498506,0.04767
23580,18,19,0.025,163,1.085738,0.3963,0.439272,0.053555
23580,70,18,0.023684,585,1.224357,0.498854,0.394204,0.028103
23580,98,18,0.023684,196,0.890865,0.46653,0.419516,0.061065
23580,74,17,0.022368,311,1.026358,0.367361,0.354786,0.063694
23600,73,39,0.051931,408,1.211154,0.679483,0.609451,0.076529
23600,82,35,0.046605,462,1.225417,0.632302,0.498803,0.071192
23600,94,22,0.029294,131,0.938474,0.449142,0.500692,0.065802
23600,72,20,0.026631,352,1.021501,0.339972,0.498229,0.047785
23600,18,19,0.0253,163,1.085738,0.3963,0.439272,0.053555
23600,98,18,0.023968,196,0.890865,0.46653,0.419516,0.061065
23600,74,17,0.022636,312,1.027215,0.363843,0.357325,0.061876
23600,35,16,0.021305,329,0.96168,0.318092,0.36725,0.051536
23620,73,39,0.052279,408,1.211154,0.679483,0.609451,0.076529
23620,82,34,0.045576,462,1.223393,0.632231,0.498056,0.069992
23620,94,22,0.029491,131,0.938474,0.449142,0.500692,0.065802
23620,72,20,0.02681,353,1.02938,0.33818,0.484197,0.047662
23620,18,19,0.025469,163,1.085738,0.3963,0.439272,0.053555
23620,98,18,0.024129,196,0.890865,0.46653,0.419516,0.061065
23620,70,17,0.022788,586,1.241173,0.493654,0.391654,0.026838
23620,74,17,0.022788,312,1.027215,0.363843,0.357325,0.061876
23640,73,40,0.053548,409,1.20939,0.676618,0.609824,0.077399
23640,82,34,0.045515,462,1.223393,0.632231,0.498056,0.069992
23640,94,21,0.028112,131,0.946556,0.449483,0.503967,0.065528
23640,72,20,0.026774,353,1.02938,0.33818,0.484197,0.047662
23640,18,18,0.024096,163,1.095729,0.398181,0.443496,0.053671
23640,98,18,0.024096,196,0.890865,0.46653,0.419516,0.061065
23640,70,17,0.022758,586,1.241173,0.493654,0.391654,0.026838
23640,35,16,0.021419,330,0.962991,0.31441,0.371462,0.050429
23660,73,38,0.051213,409,1.212837,0.673449,0.607045,0.076349
23660,82,34,0.045822,463,1.227986,0.618982,0.495408,0.068604
23660,94,21,0.028302,131,0.946556,0.449483,0.503967,0.065528
23660,72,20,0.026954,353,1.02938,0.33818,0.484197,0.047662
23660,70,18,0.024259,587,1.239452,0.497934,0.391355,0.027064
23660,98,18,0.024259,196,0.890865,0.46653,0.419516,0.061065
23660,18,17,0.022911,163,1.086908,0.396652,0.439461,0.053506
23660,35,15,0.020216,330,0.970728,0.314843,0.369911,0.050574
23680,73,38,0.050532,409,1.212837,0.673449,0.607045,0.076349
23680,82,34,0.045213,464,1.218121,0.60747,0.504326,0.069671
23680,94,23,0.030585,133,0.941616,0.441085,0.508742,0.064714
23680,72,20,0.026596,353,1.02938,0.33818,0.484197,0.047662
23680,98,20,0.026596,198,0.894663,0.459826,0.419574,0.060559
23680,70,19,0.025266,589,1.261126,0.482048,0.379239,0.026222
23680,18,17,0.022606,163,1.086908,0.396652,0.439461,0.053506
23680,59,17,0.022606,212,1.550067,0.808635,0.665713,0.08574
23700,73,36,0.047936,409,1.21506,0.67429,0.608924,0.076626
23700,82,34,0.045273,466,1.22149,0.602155,0.496838,0.06792
23700,94,23,0.030626,133,0.941616,0.441085,0.508742,0.064714
23700,72,20,0.026631,353,1.02938,0.33818,0.484197,0.047662
23700,98,20,0.026631,198,0.894663,0.459826,0.419574,0.060559
23700,99,18,0.023968,650,1.065247,0.431928,0.34761,0.061992
23700,18,17,0.022636,163,1.086908,0.396652,0.439461,0.053506
23700,35,17,0.022636,333,0.962889,0.318512,0.369657,0.050029
23720,73,35,0.047106,411,1.22345,0.696967,0.611201,0.076576
23720,82,32,0.043069,466,1.209716,0.608512,0.501305,0.069815
23720,94,21,0.028264,133,0.949113,0.438921,0.507405,0.064743
23720,98,21,0.028264,199,0.892805,0.456322,0.420869,0.059704
23720,72,20,0.026918,355,1.024989,0.348176,0.480476,0.048669
23720,18,18,0.024226,164,1.073256,0.396113,0.433319,0.053032
23720,35,17,0.02288,333,0.962889,0.318512,0.369657,0.050029
23720,90,17,0.02288,346,1.193451,0.390872,0.363506,0.062181
23740,73,34,0.046196,411,1.223636,0.688447,0.611194,0.075671
23740,82,32,0.043478,466,1.209716,0.608512,0.501305,0.069815
23740,98,21,0.028533,199,0.892805,0.456322,0.420869,0.059704
23740,94,20,0.027174,133,0.944702,0.434891,0.508461,0.065308
23740,72,19,0.025815,355,1.027264,0.350943,0.473113,0.048144
23740,18,18,0.024457,164,1.073256,0.396113,0.433319,0.053032
23740,35,17,0.023098,333,0.962889,0.318512,0.369657,0.050029
23740,70,17,0.023098,592,1.259142,0.470676,0.371849,0.026865
23760,73,34,0.046008,411,1.223636,0.688447,0.611194,0.075671
23760,82,32,0.043302,466,1.209716,0.608512,0.501305,0.069815
23760,98,21,0.028417,199,0.892805,0.456322,0.420869,0.059704
23760,72,20,0.027064,356,1.02751,0.355455,0.476848,0.047412
23760,94,20,0.027064,133,0.944702,0.434891,0.508461,0.065308
23760,35,19,0.02571,336,0.97847,0.324558,0.36075,0.050066
23760,18,18,0.024357,164,1.073256,0.396113,0.433319,0.053032
23760,70,17,0.023004,593,1.267906,0.473293,0.366177,0.026296
23780,82,35,0.047297,469,1.209249,0.601538,0.495228,0.069725
23780,73,34,0.045946,412,1.219978,0.691648,0.615475,0.075413
23780,98,23,0.031081,201,0.881854,0.4763,0.414836,0.061077
23780,18,19,0.025676,165,1.075251,0.396503,0.435281,0.053099
23780,35,19,0.025676,336,0.97847,0.324558,0.36075,0.050066
23780,94,19,0.025676,133,0.951256,0.433064,0.50771,0.064244
23780,72,18,0.024324,356,1.029661,0.354356,0.481947,0.047423
23780,70,17,0.022973,593,1.267906,0.473293,0.366177,0.026296
23800,82,33,0.044595,469,1.205748,0.6123,0.499926,0.071314
23800,73,32,0.043243,413,1.21892,0.703872,0.623842,0.076182
23800,98,23,0.031081,201,0.881854,0.4763,0.414836,0.061077
23800,18,19,0.025676,165,1.075251,0.396503,0.435281,0.053099
23800,72,19,0.025676,357,1.03302,0.352425,0.481153,0.047717
23800,94,19,0.025676,133,0.951256,0.433064,0.50771,0.064244
23800,35,18,0.024324,336,0.976227,0.325756,0.359789,0.05047
23800,99,18,0.024324,655,1.038081,0.443055,0.349687,0.063621
23820,73,35,0.048077,417,1.228183,0.712779,0.635995,0.076972
23820,82,33,0.04533,469,1.205748,0.6123,0.499926,0.071314
23820,98,22,0.03022,201,0.872909,0.480968,0.419651,0.061438
23820,18,19,0.026099,165,1.075251,0.396503,0.435281,0.053099
23820,70,19,0.026099,597,1.252957,0.471593,0.370614,0.026568
23820,72,19,0.026099,357,1.03302,0.352425,0.481153,0.047717
23820,94,18,0.024725,133,0.958324,0.437459,0.506979,0.064024
23820,99,18,0.024725,655,1.038081,0.443055,0.349687,0.063621
23840,73,35,0.048011,417,1.228183,0.712779,0.635995,0.076972
23840,82,34,0.046639,470,1.206447,0.619674,0.499518,0.071338
23840,98,22,0.030178,201,0.872909,0.480968,0.419651,0.061438
23840,72,20,0.027435,358,1.024951,0.357016,0.477459,0.048336
23840,18,19,0.026063,165,1.075251,0.396503,0.435281,0.053099
23840,99,19,0.026063,656,1.034811,0.450393,0.349391,0.063019
23840,70,18,0.024691,598,1.237992,0.489754,0.380394,0.026638
23840,94,18,0.024691,133,0.958324,0.437459,0.506979,0.064024
23860,73,35,0.047814,418,1.226986,0.725004,0.636544,0.07826
23860,82,34,0.046448,470,1.206447,0.619674,0.499518,0.071338
23860,98,23,0.031421,202,0.877001,0.475134,0.421758,0.060659
23860,72,22,0.030055,360,1.02325,0.348619,0.484841,0.048245
23860,18,19,0.025956,165,1.075251,0.396503,0.435281,0.053099
23860,94,19,0.025956,134,0.965492,0.441867,0.508154,0.064974
23860,99,19,0.025956,656,1.034811,0.450393,0.349391,0.063019
23860,70,18,0.02459,599,1.223749,0.502813,0.384816,0.027067
23880,82,36,0.049451,473,1.224038,0.600775,0.500743,0.070613
23880,73,34,0.046703,418,1.227491,0.726876,0.64226,0.078672
23880,72,22,0.03022,360,1.02325,0.348619,0.484841,0.048245
23880,98,22,0.03022,202,0.881453,0.477396,0.416779,0.06074
23880,94,20,0.027473,135,0.980671,0.44715,0.504587,0.06434
23880,18,19,0.026099,165,1.075251,0.396503,0.435281,0.053099
23880,70,18,0.024725,599,1.223749,0.502813,0.384816,0.027067
23880,35,16,0.021978,338,0.968658,0.319304,0.360717,0.050158
23900,73,36,0.048847,420,1.216751,0.721849,0.642954,0.078862
23900,82,35,0.04749,473,1.225305,0.605424,0.49476,0.069501
23900,98,23,0.031208,203,0.892271,0.47189,0.412902,0.060466
23900,72,22,0.029851,360,1.02325,0.348619,0.484841,0.048245
23900,18,20,0.027137,166,1.064783,0.39779,0.431656,0.052521
23900,94,20,0.027137,135,0.980671,0.44715,0.504587,0.06434
23900,70,19,0.02578,600,1.214126,0.505292,0.388465,0.027242
23900,99,18,0.024423,659,1.031825,0.450091,0.351058,0.060805
23920,73,38,0.051701,422,1.215406,0.73168,0.644987,0.079478
23920,82,35,0.047619,473,1.225305,0.605424,0.49476,0.069501
23920,98,23,0.031293,203,0.892271,0.47189,0.412902,0.060466
23920,72,21,0.028571,361,1.0331,0.336615,0.483018,0.047249
23920,18,20,0.027211,166,1.064783,0.39779,0.431656,0.052521
23920,94,20,0.027211,135,0.980671,0.44715,0.504587,0.06434
23920,70,19,0.02585,601,1.213896,0.504691,0.389761,0.02727
23920,99,18,0.02449,659,1.031825,0.450091,0.351058,0.060805
23940,73,37,0.050068,422,1.198225,0.729232,0.6397,0.079149
23940,82,35,0.047361,473,1.225305,0.605424,0.49476,0.069501
23940,98,23,0.031123,204,0.888729,0.486261,0.409101,0.060779
23940,72,22,0.02977,362,1.025537,0.33903,0.488013,0.047218
23940,18,20,0.027064,166,1.064783,0.39779,0.431656,0.052521
23940,94,20,0.027064,135,0.980671,0.44715,0.504587,0.06434
23940,70,18,0.024357,601,1.214185,0.498589,0.389712,0.027333
23940,99,18,0.024357,659,1.031825,0.450091,0.351058,0.060805
23960,73,39,0.052349,424,1.193848,0.733103,0.641929,0.079617
23960,82,35,0.04698,473,1.225305,0.605424,0.49476,0.069501
23960,72,22,0.02953,362,1.025537,0.33903,0.488013,0.047218
23960,98,22,0.02953,204,0.890233,0.490807,0.407389,0.061606
23960,18,19,0.025503,166,1.076552,0.398361,0.437064,0.052919
23960,70,19,0.025503,602,1.214092,0.505318,0.390352,0.027422
23960,94,19,0.025503,136,0.999334,0.455435,0.501168,0.062973
23960,99,18,0.024161,659,1.031825,0.450091,0.351058,0.060805
23980,73,40,0.05277,425,1.197649,0.743401,0.639468,0.08021
23980,82,37,0.048813,476,1.209666,0.612689,0.493983,0.069006
23980,72,22,0.029024,362,1.025537,0.33903,0.488013,0.047218
23980,98,22,0.029024,204,0.890233,0.490807,0.407389,0.061606
23980,18,19,0.025066,166,1.076552,0.398361,0.437064,0.052919
23980,70,19,0.025066,603,1.210291,0.502728,0.390516,0.027239
23980,94,18,0.023747,136,0.997778,0.45357,0.503309,0.063893
23980,99,18,0.023747,659,1.031825,0.450091,0.351058,0.060805
24000,73,39,0.051793,426,1.192586,0.750313,0.65103,0.081199
24000,82,37,0.049137,476,1.209666,0.612689,0.493983,0.069006
24000,98,22,0.029216,204,0.890233,0.490807,0.407389,0.061606
24000,72,21,0.027888,362,1.022302,0.340047,0.489021,0.046942
24000,18,19,0.025232,166,1.076552,0.398361,0.437064,0.052919
24000,99,19,0.025232,660,1.037042,0.445578,0.352046,0.059362
24000,35,18,0.023904,343,0.972545,0.328035,0.353121,0.050119
24000,94,18,0.023904,136,0.997778,0.45357,0.503309,0.063893
24020,73,40,0.05284,427,1.186906,0.758201,0.656159,0.081895
24020,82,37,0.048877,476,1.209666,0.612689,0.493983,0.069006
24020,98,22,0.029062,204,0.890233,0.490807,0.407389,0.061606
24020,18,20,0.02642,167,1.068958,0.397417,0.43494,0.05271
24020,72,20,0.02642,363,1.040594,0.328588,0.486806,0.047479
24020,94,18,0.023778,136,0.997778,0.45357,0.503309,0.063893
24020,99,18,0.023778,660,1.032486,0.44879,0.351516,0.061023
24020,35,17,0.022457,343,0.971645,0.329276,0.354304,0.050507
24040,73,37,0.049007,427,1.191923,0.757997,0.646235,0.081273
24040,82,36,0.047682,476,1.209115,0.605736,0.494204,0.06892
24040,98,22,0.029139,204,0.890233,0.490807,0.407389,0.061606
24040,18,20,0.02649,167,1.068958,0.397417,0.43494,0.05271
24040,72,20,0.02649,364,1.031958,0.331039,0.495584,0.048219
24040,94,20,0.02649,139,0.985589,0.44891,0.509328,0.063532
24040,70,18,0.023841,604,1.227172,0.484136,0.386363,0.02705
24040,99,18,0.023841,660,1.032486,0.44879,0.351516,0.061023
24060,82,38,0.049479,478,1.226246,0.617467,0.491936,0.067704
24060,73,37,0.048177,428,1.191495,0.75531,0.645665,0.081067
24060,98,22,0.028646,204,0.890233,0.490807,0.407389,0.061606
24060,72,21,0.027344,366,1.031655,0.332639,0.486157,0.047904
24060,18,20,0.026042,167,1.068958,0.397417,0.43494,0.05271
24060,70,20,0.026042,607,1.241278,0.489335,0.381967,0.026463
24060,94,20,0.026042,139,0.985589,0.44891,0.509328,0.063532
24060,99,18,0.023438,660,1.032486,0.44879,0.351516,0.061023
24080,73,36,0.047619,428,1.190831,0.748337,0.648679,0.079913
24080,82,36,0.047619,478,1.21407,0.616624,0.49749,0.067364
24080,98,21,0.027778,205,0.881692,0.499472,0.410589,0.062334
24080,18,20,0.026455,167,1.068958,0.397417,0.43494,0.05271
24080,70,20,0.026455,607,1.241278,0.489335,0.381967,0.026463
24080,72,20,0.026455,366,1.026012,0.334772,0.490128,0.048148
24080,94,20,0.026455,139,0.985589,0.44891,0.509328,0.063532
24080,35,17,0.022487,345,0.966182,0.325041,0.357675,0.050138
24100,73,36,0.048,428,1.190831,0.748337,0.648679,0.079913
24100,82,33,0.044,478,1.196585,0.628632,0.493828,0.067803
24100,98,22,0.029333,206,0.877507,0.506431,0.408758,0.06333
24100,72,21,0.028,367,1.031642,0.331401,0.489243,0.047595
24100,94,21,0.028,140,1.001224,0.454007,0.507203,0.062452
24100,18,19,0.025333,168,1.059567,0.396669,0.428894,0.051737
24100,70,18,0.024,607,1.23448,0.488858,0.383802,0.026494
24100,99,17,0.022667,660,1.030061,0.444095,0.352382,0.061443
24120,73,37,0.050204,429,1.190887,0.755846,0.653116,0.080645
24120,82,33,0.044776,479,1.191377,0.628572,0.492437,0.067425
24120,98,22,0.029851,206,0.877507,0.506431,0.408758,0.06333
24120,72,21,0.028494,367,1.031642,0.331401,0.489243,0.047595
24120,94,21,0.028494,141,0.984327,0.453075,0.51273,0.064516
24120,18,19,0.02578,168,1.059567,0.396669,0.428894,0.051737
24120,35,17,0.023066,346,0.961872,0.322136,0.3657,0.049974
24120,99,17,0.023066,661,1.052155,0.445036,0.355411,0.058312
24140,73,37,0.050136,430,1.197351,0.757042,0.645527,0.080324
24140,82,33,0.044715,479,1.191377,0.628572,0.492437,0.067425
24140,72,22,0.02981,368,1.0343,0.336272,0.487627,0.047616
24140,94,21,0.028455,141,0.984327,0.453075,0.51273,0.064516
24140,98,20,0.0271,206,0.877983,0.518611,0.395843,0.064116
24140,18,19,0.025745,169,1.05055,0.395084,0.421083,0.051526
24140,35,17,0.023035,346,0.961872,0.322136,0.3657,0.049974
24140,40,16,0.02168,326,1.280866,0.294084,0.408013,0.03599
24160,73,38,0.051842,431,1.196782,0.749335,0.643587,0.079548
24160,82,32,0.043656,479,1.195493,0.637555,0.494185,0.067916
24160,94,21,0.028649,141,0.984327,0.453075,0.51273,0.064516
24160,98,21,0.028649,207,0.876958,0.513027,0.397583,0.062855
24160,72,20,0.027285,368,1.050085,0.33597,0.473099,0.04751
24160,18,19,0.025921,169,1.05055,0.395084,0.421083,0.051526
24160,35,16,0.021828,346,0.963197,0.31957,0.368293,0.049469
24160,70,16,0.021828,608,1.251157,0.493809,0.382537,0.025205
24180,73,36,0.049248,431,1.193544,0.741242,0.649387,0.079162
24180,82,32,0.043776,479,1.195493,0.637555,0.494185,0.067916
24180,94,21,0.028728,142,0.992806,0.453865,0.510175,0.064443
24180,98,21,0.028728,207,0.876958,0.513027,0.397583,0.062855
24180,18,19,0.025992,169,1.05055,0.395084,0.421083,0.051526
24180,72,19,0.025992,368,1.041884,0.337346,0.476085,0.04685
24180,70,18,0.024624,610,1.251186,0.492777,0.38467,0.025058
24180,90,16,0.021888,359,1.208308,0.403733,0.358846,0.060738
24200,73,38,0.052198,433,1.201339,0.731279,0.647269,0.081148
24200,82,31,0.042582,480,1.21237,0.633851,0.491379,0.068712
24200,98,21,0.028846,207,0.876958,0.513027,0.397583,0.062855
24200,72,20,0.027473,369,1.042537,0.341685,0.475378,0.046702
24200,18,19,0.026099,169,1.05055,0.395084,0.421083,0.051526
24200,94,19,0.026099,142,1.003274,0.455575,0.510353,0.06412
24200,70,17,0.023352,610,1.239704,0.498765,0.387623,0.025081
24200,90,16,0.021978,359,1.208308,0.403733,0.358846,0.060738
24220,73,37,0.050616,434,1.205011,0.743569,0.658737,0.08182
24220,82,31,0.042408,480,1.21237,0.633851,0.491379,0.068712
24220,72,21,0.028728,370,1.038403,0.338241,0.4712,0.046921
24220,98,21,0.028728,207,0.876958,0.513027,0.397583,0.062855
24220,18,19,0.025992,169,1.05055,0.395084,0.421083,0.051526
24220,94,18,0.024624,142,0.991397,0.451052,0.515666,0.065102
24220,35,16,0.021888,347,0.954798,0.317722,0.363974,0.049627
24220,70,16,0.021888,610,1.226071,0.505213,0.391924,0.025372
24240,73,37,0.05034,435,1.19788,0.737425,0.659727,0.082263
24240,82,30,0.040816,480,1.202501,0.615533,0.492873,0.069005
24240,72,21,0.028571,371,1.045466,0.339313,0.473454,0.047174
24240,98,21,0.028571,207,0.876958,0.513027,0.397583,0.062855
24240,94,18,0.02449,142,0.991397,0.451052,0.515666,0.065102
24240,18,17,0.023129,169,1.066725,0.397355,0.424835,0.051718
24240,35,16,0.021769,348,0.94968,0.322376,0.366755,0.049403
24240,70,16,0.021769,611,1.234955,0.487425,0.389657,0.026203
24260,73,39,0.052419,437,1.185307,0.741767,0.657663,0.082657
24260,82,31,0.041667,482,1.200988,0.632659,0.490006,0.071684
24260,72,22,0.02957,372,1.044233,0.337386,0.480007,0.047764
24260,98,21,0.028226,207,0.876958,0.513027,0.397583,0.062855
24260,18,18,0.024194,170,1.081847,0.401223,0.431651,0.051992
24260,94,18,0.024194,142,0.991397,0.451052,0.515666,0.065102
24260,35,17,0.022849,349,0.956403,0.325592,0.368422,0.049284
24260,70,17,0.022849,612,1.231211,0.493945,0.388853,0.026305
24280,73,40,0.054274,438,1.180647,0.740931,0.656906,0.08252
24280,82,31,0.042062,482,1.200988,0.632659,0.490006,0.071684
24280,72,21,0.028494,372,1.03947,0.340882,0.48041,0.048298
24280,98,21,0.028494,207,0.876958,0.513027,0.397583,0.062855
24280,18,19,0.02578,172,1.083948,0.403965,0.435303,0.052919
24280,94,19,0.02578,143,0.991441,0.45423,0.515815,0.066422
24280,99,18,0.024423,668,1.062829,0.439485,0.344335,0.060365
24280,70,17,0.023066,612,1.231211,0.493945,0.388853,0.026305
24300,73,40,0.053619,438,1.180647,0.740931,0.656906,0.08252
24300,82,30,0.040214,482,1.196296,0.623382,0.490244,0.071276
24300,72,21,0.02815,373,1.037075,0.349411,0.484537,0.0476
24300,98,20,0.02681,208,0.878206,0.506968,0.397176,0.062041
24300,18,19,0.025469,172,1.083948,0.403965,0.435303,0.052919
24300,94,19,0.025469,143,0.991441,0.45423,0.515815,0.066422
24300,70,18,0.024129,613,1.2249,0.496819,0.392988,0.026564
24300,59,17,0.022788,221,1.54475,0.808561,0.65962,0.081933
24320,73,40,0.053548,440,1.192776,0.748856,0.657988,0.082758
24320,82,32,0.042838,484,1.203212,0.615828,0.489961,0.072195
24320,72,21,0.028112,373,1.037075,0.349411,0.484537,0.0476
24320,98,20,0.026774,208,0.878206,0.506968,0.397176,0.062041
24320,18,19,0.025435,172,1.083948,0.403965,0.435303,0.052919
24320,94,19,0.025435,143,0.991441,0.45423,0.515815,0.066422
24320,70,18,0.024096,614,1.224112,0.496746,0.394025,0.02692
24320,74,18,0.024096,330,1.011197,0.364324,0.355438,0.06053
24340,73,41,0.054521,441,1.187521,0.754523,0.663891,0.083442
24340,82,32,0.042553,484,1.203212,0.615828,0.489961,0.072195
24340,72,21,0.027926,374,1.034786,0.343121,0.491078,0.048182
24340,98,21,0.027926,209,0.87759,0.516802,0.398063,0.064425
24340,18,19,0.025266,172,1.083948,0.403965,0.435303,0.052919
24340,94,19,0.025266,143,0.991441,0.45423,0.515815,0.066422
24340,70,18,0.023936,614,1.224112,0.496746,0.394025,0.02692
24340,74,18,0.023936,330,1.011197,0.364324,0.355438,0.06053
24360,73,39,0.051862,441,1.189337,0.743904,0.651783,0.082567
24360,82,34,0.045213,486,1.19976,0.620229,0.487538,0.07268
24360,72,21,0.027926,375,1.032938,0.341858,0.48911,0.048613
24360,98,21,0.027926,209,0.87759,0.516802,0.398063,0.064425
24360,18,19,0.025266,172,1.083948,0.403965,0.435303,0.052919
24360,70,18,0.023936,615,1.227492,0.49782,0.395137,0.027072
24360,94,18,0.023936,143,0.994034,0.46063,0.513708,0.065653
24360,99,18,0.023936,670,1.058893,0.463611,0.351501,0.060858
24380,73,38,0.050132,443,1.198334,0.737579,0.636404,0.080988
24380,82,34,0.044855,486,1.19976,0.620229,0.487538,0.07268
24380,72,21,0.027704,375,1.032938,0.341858,0.48911,0.048613
24380,98,21,0.027704,209,0.87759,0.516802,0.398063,0.064425
24380,35,20,0.026385,354,0.967513,0.332119,0.35934,0.051166
24380,18,19,0.025066,172,1.083948,0.403965,0.435303,0.052919
24380,94,18,0.023747,143,0.994034,0.46063,0.513708,0.065653
24380,70,17,0.022427,615,1.230797,0.491912,0.396263,0.027021
24400,73,36,0.048193,444,1.19783,0.751854,0.643885,0.08307
24400,82,35,0.046854,487,1.200083,0.630235,0.487536,0.072836
24400,98,21,0.028112,209,0.87759,0.516802,0.398063,0.064425
24400,72,20,0.026774,375,1.037814,0.340567,0.486545,0.048845
24400,94,19,0.025435,144,1.01119,0.467607,0.512142,0.064219
24400,99,19,0.025435,672,1.068724,0.457173,0.349631,0.065804
24400,18,18,0.024096,172,1.082437,0.403989,0.433342,0.052842
24400,35,17,0.022758,354,0.976737,0.332519,0.356774,0.051043
24420,73,37,0.049007,446,1.2102,0.761431,0.645463,0.084602
24420,82,34,0.045033,487,1.193198,0.6237,0.488773,0.072717
24420,98,22,0.029139,210,0.875927,0.526219,0.402595,0.065307
24420,72,21,0.027815,376,1.03396,0.346533,0.485305,0.04965
24420,94,19,0.025166,144,1.01119,0.467607,0.512142,0.064219
24420,18,18,0.023841,172,1.082437,0.403989,0.433342,0.052842
24420,70,18,0.023841,617,1.247534,0.485369,0.388595,0.02699
24420,35,17,0.022517,354,0.976737,0.332519,0.356774,0.051043
24440,73,37,0.048177,447,1.209236,0.767575,0.647938,0.085042
24440,82,34,0.044271,488,1.201641,0.615123,0.489398,0.070424
24440,98,22,0.028646,210,0.875927,0.526219,0.402595,0.065307
24440,72,20,0.026042,376,1.037872,0.350392,0.490188,0.049567
24440,18,19,0.02474,173,1.102642,0.403908,0.436765,0.054095
24440,70,19,0.02474,618,1.259395,0.480266,0.384861,0.026697
24440,94,19,0.02474,144,1.01119,0.467607,0.512142,0.064219
24440,59,18,0.023438,224,1.526701,0.824184,0.634938,0.081527
24460,73,37,0.048493,447,1.209236,0.767575,0.647938,0.085042
24460,82,34,0.044561,488,1.201641,0.615123,0.489398,0.070424
24460,98,21,0.027523,210,0.880814,0.515595,0.405013,0.064604
24460,72,20,0.026212,377,1.043459,0.352118,0.483531,0.049349
24460,70,19,0.024902,618,1.259395,0.480266,0.384861,0.026697
24460,94,19,0.024902,144,1.01119,0.467607,0.512142,0.064219
24460,99,19,0.024902,674,1.075295,0.448266,0.353615,0.063222
24460,0,18,0.023591,210,0.993216,0.47545,0.384224,0.045081
24480,73,38,0.050132,448,1.216618,0.759393,0.648668,0.08628
24480,82,37,0.048813,491,1.199977,0.602948,0.490054,0.070291
24480,72,20,0.026385,377,1.043459,0.352118,0.483531,0.049349
24480,94,20,0.026385,145,1.008173,0.461726,0.515358,0.06301
24480,98,20,0.026385,210,0.888704,0.509176,0.403119,0.064128
24480,0,18,0.023747,210,0.993216,0.47545,0.384224,0.045081
24480,18,18,0.023747,174,1.104853,0.403339,0.435022,0.05476
24480,35,18,0.023747,355,0.979077,0.332824,0.357998,0.050676
24500,73,39,0.052069,449,1.211773,0.751967,0.646903,0.085048
24500,82,38,0.050734,492,1.195018,0.595961,0.489324,0.069909
24500,94,21,0.028037,146,1.006291,0.45563,0.51776,0.062586
24500,98,21,0.028037,211,0.885307,0.522369,0.403851,0.064787
24500,72,20,0.026702,377,1.043459,0.352118,0.483531,0.049349
24500,18,18,0.024032,174,1.104853,0.403339,0.435022,0.05476
24500,40,18,0.024032,337,1.293363,0.298165,0.416192,0.037162
24500,70,18,0.024032,619,1.256722,0.488976,0.385588,0.025497
24520,73,39,0.052,449,1.211773,0.751967,0.646903,0.085048
24520,82,38,0.050667,493,1.189783,0.601021,0.49165,0.071367
24520,72,21,0.028,379,1.044598,0.349464,0.492,0.049916
24520,94,20,0.026667,146,1.006994,0.45284,0.517723,0.061206
24520,98,20,0.026667,211,0.892432,0.513974,0.401569,0.064305
24520,0,18,0.024,212,1.000154,0.476721,0.387546,0.04446
24520,18,18,0.024,174,1.104853,0.403339,0.435022,0.05476
24520,70,18,0.024,619,1.256722,0.488976,0.385588,0.025497
24540,73,38,0.050599,449,1.212857,0.758983,0.647992,0.08454
24540,82,38,0.050599,494,1.189358,0.611508,0.48872,0.070222
24540,72,21,0.027963,380,1.048636,0.341089,0.486629,0.051282
24540,94,21,0.027963,147,1.00255,0.45299,0.513466,0.06179
24540,98,20,0.026631,211,0.892432,0.513974,0.401569,0.064305
24540,70,19,0.0253,621,1.24993,0.494293,0.38679,0.025699
24540,18,18,0.023968,174,1.104853,0.403339,0.435022,0.05476
24540,35,18,0.023968,358,0.977398,0.327411,0.35827,0.050873
24560,73,40,0.053191,451,1.209727,0.750829,0.644284,0.083992
24560,82,36,0.047872,494,1.181589,0.620235,0.491469,0.071376
24560,94,21,0.027926,147,1.00255,0.45299,0.513466,0.06179
24560,72,20,0.026596,380,1.048966,0.34282,0.481407,0.050832
24560,98,20,0.026596,211,0.892432,0.513974,0.401569,0.064305
24560,70,19,0.025266,622,1.245661,0.494485,0.389869,0.025446
24560,18,18,0.023936,174,1.104853,0.403339,0.435022,0.05476
24560,40,18,0.023936,338,1.285579,0.298352,0.417324,0.036597
24580,73,41,0.054886,452,1.201355,0.744696,0.640528,0.08282
24580,82,36,0.048193,494,1.181589,0.620235,0.491469,0.071376
24580,94,21,0.028112,147,1.00255,0.45299,0.513466,0.06179
24580,72,20,0.026774,380,1.048966,0.34282,0.481407,0.050832
24580,98,20,0.026774,211,0.892432,0.513974,0.401569,0.064305
24580,18,18,0.024096,174,1.104853,0.403339,0.435022,0.05476
24580,40,18,0.024096,338,1.285579,0.298352,0.417324,0.036597
24580,35,17,0.022758,358,0.98635,0.324579,0.358387,0.050294
24600,73,41,0.054018,454,1.206454,0.758412,0.641896,0.084951
24600,82,37,0.048748,495,1.189263,0.637005,0.48885,0.071003
24600,72,22,0.028986,382,1.044893,0.341782,0.485136,0.050399
24600,94,21,0.027668,147,1.00255,0.45299,0.513466,0.06179
24600,98,21,0.027668,212,0.889711,0.507832,0.401334,0.063313
24600,40,19,0.025033,339,1.298128,0.298566,0.418819,0.036671
24600,18,18,0.023715,174,1.104853,0.403339,0.435022,0.05476
24600,70,17,0.022398,623,1.225163,0.49722,0.391641,0.026695
24620,73,40,0.05284,454,1.203517,0.751241,0.64277,0.08432
24620,82,38,0.050198,496,1.201376,0.633086,0.487605,0.069962
24620,94,21,0.027741,147,1.00255,0.45299,0.513466,0.06179
24620,98,21,0.027741,212,0.889711,0.507832,0.401334,0.063313
24620,72,20,0.02642,382,1.043783,0.336827,0.486378,0.049378
24620,18,19,0.025099,175,1.107344,0.403247,0.436701,0.055315
24620,40,18,0.023778,339,1.299982,0.29766,0.418348,0.036553
24620,70,17,0.022457,623,1.225163,0.49722,0.391641,0.026695
24640,73,41,0.054305,455,1.211003,0.748984,0.638258,0.084171
24640,82,36,0.047682,497,1.190178,0.648402,0.492948,0.073656
24640,94,21,0.027815,147,1.00255,0.45299,0.513466,0.06179
24640,98,21,0.027815,212,0.889711,0.507832,0.401334,0.063313
24640,18,20,0.02649,176,1.105182,0.405674,0.442516,0.055783
24640,72,20,0.02649,382,1.043783,0.336827,0.486378,0.049378
24640,40,18,0.023841,341,1.317062,0.299693,0.421241,0.036779
24640,35,17,0.022517,360,0.982954,0.318794,0.357909,0.050718
24660,73,41,0.053876,457,1.203354,0.751982,0.637133,0.083622
24660,82,36,0.047306,498,1.199121,0.634882,0.491181,0.072445
24660,70,21,0.027595,628,1.21374,0.503292,0.397339,0.02696
24660,18,20,0.026281,176,1.105182,0.405674,0.442516,0.055783
24660,72,20,0.026281,382,1.043783,0.336827,0.486378,0.049378
24660,94,20,0.026281,147,1.006994,0.45284,0.517723,0.061206
24660,98,20,0.026281,212,0.894492,0.512239,0.401552,0.064342
24660,40,18,0.023653,341,1.317062,0.299693,0.421241,0.036779
24680,73,38,0.050132,457,1.200096,0.747909,0.637171,0.083813
24680,82,36,0.047493,498,1.199121,0.634882,0.491181,0.072445
24680,18,21,0.027704,177,1.109563,0.405549,0.439358,0.055173
24680,70,21,0.027704,628,1.21374,0.503292,0.397339,0.02696
24680,98,21,0.027704,213,0.904972,0.503449,0.402217,0.063415
24680,72,20,0.026385,383,1.043636,0.331935,0.488129,0.049322
24680,94,20,0.026385,147,1.006994,0.45284,0.517723,0.061206
24680,40,18,0.023747,341,1.317062,0.299693,0.421241,0.036779
24700,73,38,0.049934,458,1.214051,0.749004,0.635639,0.084261
24700,82,35,0.045992,498,1.209353,0.637392,0.489835,0.071504
24700,72,22,0.028909,385,1.037871,0.329575,0.490604,0.050036
24700,18,21,0.027595,177,1.109563,0.405549,0.439358,0.055173
24700,98,21,0.027595,213,0.904972,0.503449,0.402217,0.063415
24700,94,20,0.026281,147,1.006994,0.45284,0.517723,0.061206
24700,40,19,0.024967,342,1.308973,0.300956,0.421844,0.036766
24700,70,19,0.024967,628,1.207086,0.517401,0.404281,0.026538
24720,73,37,0.048748,458,1.214344,0.756595,0.637652,0.085158
24720,82,35,0.046113,498,1.209353,0.637392,0.489835,0.071504
24720,98,23,0.030303,215,0.902308,0.521262,0.402943,0.065751
24720,72,22,0.028986,386,1.038702,0.329715,0.487581,0.04973
24720,18,21,0.027668,178,1.100964,0.404556,0.433907,0.055408
24720,70,21,0.027668,630,1.212733,0.512412,0.402208,0.026502
24720,94,19,0.025033,148,0.986173,0.443078,0.519908,0.065308
24720,0,17,0.022398,214,1.003692,0.478399,0.386692,0.043658
24740,73,36,0.047368,458,1.217541,0.751858,0.637651,0.084554
24740,82,34,0.044737,498,1.216124,0.634192,0.488211,0.070136
24740,98,23,0.030263,215,0.902308,0.521262,0.402943,0.065751
24740,70,22,0.028947,631,1.215337,0.505098,0.399461,0.026924
24740,18,21,0.027632,178,1.100964,0.404556,0.433907,0.055408
24740,72,21,0.027632,386,1.037902,0.331076,0.490857,0.049848
24740,35,18,0.023684,363,0.973794,0.318056,0.358703,0.050896
24740,40,18,0.023684,343,1.324792,0.300045,0.419376,0.03774
24760,73,35,0.045692,458,1.212098,0.748299,0.642947,0.084774
24760,82,34,0.044386,501,1.192311,0.623055,0.491212,0.068127
24760,70,24,0.031332,633,1.220102,0.504002,0.400533,0.026862
24760,98,23,0.030026,215,0.902308,0.521262,0.402943,0.065751
24760,35,21,0.027415,366,0.980085,0.321579,0.35495,0.050906
24760,72,21,0.027415,386,1.037902,0.331076,0.490857,0.049848
24760,18,20,0.02611,178,1.088877,0.403396,0.429039,0.055111
24760,99,18,0.023499,684,1.042568,0.454449,0.345019,0.061059
24780,73,38,0.049096,461,1.21373,0.738822,0.642328,0.086491
24780,82,33,0.042636,501,1.194185,0.622861,0.486001,0.066377
24780,98,23,0.029716,215,0.902308,0.521262,0.402943,0.065751
24780,70,22,0.028424,633,1.226559,0.49718,0.397017,0.026573
24780,18,20,0.02584,178,1.088877,0.403396,0.429039,0.055111
24780,35,20,0.02584,366,0.981959,0.320812,0.356586,0.050867
24780,72,20,0.02584,386,1.032945,0.334148,0.492116,0.050221
24780,99,20,0.02584,686,1.039556,0.468499,0.345643,0.061143
24800,73,37,0.047619,461,1.214293,0.731055,0.63772,0.085937
24800,82,34,0.043758,502,1.193168,0.62576,0.4879,0.069382
24800,98,23,0.029601,215,0.902308,0.521262,0.402943,0.065751
24800,72,22,0.028314,388,1.040088,0.335804,0.488942,0.05014
24800,70,20,0.02574,633,1.225802,0.499677,0.400537,0.026623
24800,18,19,0.024453,178,1.097693,0.402224,0.434176,0.05531
24800,35,19,0.024453,366,0.981595,0.322495,0.357308,0.051055
24800,99,19,0.024453,686,1.045209,0.462515,0.343703,0.060261
24820,73,38,0.048843,463,1.217974,0.742416,0.645108,0.087915
24820,82,32,0.041131,502,1.176949,0.62284,0.490679,0.070352
24820,72,23,0.029563,390,1.036499,0.339854,0.483697,0.050707
24820,98,23,0.029563,215,0.902308,0.521262,0.402943,0.065751
24820,18,20,0.025707,179,1.088067,0.402624,0.430859,0.054849
24820,35,18,0.023136,367,0.988769,0.324919,0.358936,0.051006
24820,40,18,0.023136,345,1.31181,0.300631,0.419859,0.037778
24820,59,18,0.023136,229,1.545209,0.834959,0.681229,0.083935
24840,73,38,0.048843,464,1.202265,0.738165,0.646857,0.086909
24840,82,32,0.041131,502,1.176949,0.62284,0.490679,0.070352
24840,72,23,0.029563,391,1.03351,0.345037,0.486823,0.050087
24840,98,22,0.028278,215,0.90617,0.509218,0.402236,0.065195
24840,40,19,0.024422,346,1.303849,0.301161,0.421257,0.037455
24840,94,19,0.024422,150,0.979888,0.452823,0.509405,0.068058
24840,18,18,0.023136,179,1.070131,0.404725,0.430781,0.053536
24840,59,18,0.023136,229,1.545209,0.834959,0.681229,0.083935
24860,73,39,0.050064,465,1.203141,0.747757,0.647686,0.087045
24860,82,32,0.041078,502,1.176949,0.62284,0.490679,0.070352
24860,72,24,0.030809,392,1.026123,0.350434,0.486627,0.050444
24860,98,22,0.028241,215,0.90617,0.509218,0.402236,0.065195
24860,94,21,0.026958,153,0.974727,0.452011,0.518493,0.063804
24860,40,19,0.02439,346,1.303849,0.301161,0.421257,0.037455
24860,18,18,0.023107,179,1.070131,0.404725,0.430781,0.053536
24860,70,18,0.023107,633,1.24062,0.490455,0.393533,0.026275
24880,73,40,0.051813,467,1.20336,0.745771,0.648178,0.086475
24880,82,34,0.044041,504,1.189951,0.631149,0.489444,0.0699
24880,72,24,0.031088,392,1.026123,0.350434,0.486627,0.050444
24880,94,21,0.027202,154,0.972419,0.455948,0.519261,0.063791
24880,98,20,0.025907,216,0.91375,0.508856,0.398794,0.065868
24880,40,19,0.024611,346,1.303849,0.301161,0.421257,0.037455
24880,70,19,0.024611,634,1.252866,0.484715,0.389494,0.026001
24880,18,18,0.023316,179,1.070131,0.404725,0.430781,0.053536
24900,73,40,0.051813,468,1.208676,0.745195,0.640647,0.085903
24900,82,33,0.042746,504,1.192744,0.632354,0.488739,0.070633
24900,72,24,0.031088,392,1.026123,0.350434,0.486627,0.050444
24900,94,21,0.027202,154,0.972419,0.455948,0.519261,0.063791
24900,98,20,0.025907,216,0.91375,0.508856,0.398794,0.065868
24900,18,19,0.024611,180,1.080756,0.407529,0.437649,0.053446
24900,40,19,0.024611,347,1.293105,0.298169,0.417444,0.037264
24900,64,18,0.023316,379,1.246949,0.339453,0.37675,0.037498
24920,73,41,0.053178,469,1.216922,0.744533,0.639084,0.086089
24920,82,31,0.040208,504,1.196682,0.638352,0.482659,0.070358
24920,72,24,0.031128,393,1.029532,0.350347,0.4796,0.050393
24920,94,23,0.029831,156,0.981465,0.461943,0.517732,0.062286
24920,98,20,0.02594,216,0.91375,0.508856,0.398794,0.065868
24920,18,19,0.024643,180,1.080756,0.407529,0.437649,0.053446
24920,40,19,0.024643,348,1.288882,0.298593,0.416574,0.037348
24920,70,18,0.023346,635,1.239684,0.489674,0.394828,0.026723
24940,73,42,0.054334,470,1.216,0.743642,0.634281,0.08555
24940,82,31,0.040103,504,1.196682,0.638352,0.482659,0.070358
24940,94,25,0.032342,158,0.987748,0.470204,0.518632,0.060389
24940,72,23,0.029754,393,1.032834,0.352994,0.473498,0.050032
24940,18,22,0.028461,183,1.062334,0.407363,0.430219,0.051944
24940,98,20,0.025873,216,0.91375,0.508856,0.398794,0.065868
24940,40,19,0.02458,348,1.288882,0.298593,0.416574,0.037348
24940,70,18,0.023286,636,1.222925,0.502672,0.397608,0.026291
24960,73,42,0.054974,470,1.216,0.743642,0.634281,0.08555
24960,82,31,0.040576,505,1.184026,0.626213,0.484664,0.071937
24960,94,25,0.032723,158,0.987748,0.470204,0.518632,0.060389
24960,18,22,0.028796,183,1.062334,0.407363,0.430219,0.051944
24960,72,22,0.028796,395,1.043153,0.341455,0.468316,0.050514
24960,40,20,0.026178,349,1.28568,0.298599,0.418341,0.037332
24960,98,20,0.026178,216,0.91375,0.508856,0.398794,0.065868
24960,35,18,0.02356,371,0.984472,0.323122,0.35598,0.053048
24980,73,41,0.054161,471,1.21215,0.757051,0.630786,0.084806
24980,82,33,0.043593,507,1.207879,0.615616,0.480856,0.069685
24980,94,24,0.031704,158,0.993738,0.469968,0.521373,0.058775
24980,72,22,0.029062,395,1.043153,0.341455,0.468316,0.050514
24980,18,21,0.027741,183,1.055913,0.407568,0.432792,0.052372
24980,98,19,0.025099,216,0.915843,0.497537,0.397618,0.065052
24980,99,19,0.025099,694,1.050272,0.470511,0.343695,0.059414
24980,35,18,0.023778,372,0.97756,0.320306,0.352324,0.053782
25000,73,42,0.055191,472,1.208466,0.757742,0.629779,0.085508
25000,82,32,0.04205,507,1.206336,0.620587,0.481813,0.070383
25000,94,25,0.032852,159,0.987794,0.469352,0.525329,0.058093
25000,72,22,0.028909,396,1.045739,0.34349,0.468853,0.050542
25000,18,21,0.027595,183,1.055913,0.407568,0.432792,0.052372
25000,70,20,0.026281,638,1.221924,0.499929,0.397832,0.026417
25000,40,19,0.024967,351,1.293524,0.300142,0.4205,0.036393
25000,98,19,0.024967,216,0.915843,0.497537,0.397618,0.065052
25020,73,42,0.05483,472,1.208466,0.757742,0.629779,0.085508
25020,82,34,0.044386,509,1.212311,0.621553,0.48802,0.070903
25020,94,26,0.033943,160,0.999839,0.472991,0.522622,0.057119
25020,18,22,0.028721,184,1.067308,0.41116,0.438181,0.052587
25020,70,21,0.027415,639,1.221089,0.505415,0.397291,0.026172
25020,72,20,0.02611,396,1.044252,0.350377,0.476287,0.050376
25020,98,20,0.02611,218,0.902604,0.505156,0.404816,0.06508
25020,99,20,0.02611,695,1.050452,0.470797,0.348228,0.060153
25040,73,42,0.055118,473,1.204815,0.759824,0.637074,0.085806
25040,82,34,0.044619,509,1.212311,0.621553,0.48802,0.070903
25040,94,26,0.034121,160,0.999839,0.472991,0.522622,0.057119
25040,18,22,0.028871,184,1.067308,0.41116,0.438181,0.052587
25040,99,21,0.027559,697,1.053062,0.475286,0.35144,0.0609
25040,72,20,0.026247,396,1.044252,0.350377,0.476287,0.050376
25040,98,20,0.026247,218,0.902604,0.505156,0.404816,0.06508
25040,35,19,0.024934,375,0.982894,0.328504,0.356403,0.053805
25060,73,42,0.054974,474,1.207507,0.759204,0.633897,0.084965
25060,82,35,0.045812,510,1.216398,0.632468,0.486184,0.071135
25060,94,27,0.03534,162,0.997184,0.470009,0.51959,0.058191
25060,18,22,0.028796,184,1.067308,0.41116,0.438181,0.052587
25060,99,21,0.027487,697,1.053062,0.475286,0.35144,0.0609
25060,72,20,0.026178,396,1.044252,0.350377,0.476287,0.050376
25060,98,20,0.026178,218,0.902604,0.505156,0.404816,0.06508
25060,70,19,0.024869,639,1.20524,0.520043,0.40445,0.025935
25080,73,39,0.051248,474,1.220125,0.775152,0.641249,0.086708
25080,82,35,0.045992,510,1.216398,0.632468,0.486184,0.071135
25080,94,27,0.03548,162,0.997184,0.470009,0.51959,0.058191
25080,18,21,0.027595,184,1.075029,0.411205,0.441532,0.052896
25080,99,21,0.027595,698,1.050069,0.478814,0.354617,0.060419
25080,70,20,0.026281,640,1.202997,0.52547,0.404761,0.025973
25080,98,20,0.026281,218,0.902604,0.505156,0.404816,0.06508
25080,35,19,0.024967,376,0.981347,0.329207,0.357383,0.052835
25100,73,39,0.050781,474,1.220125,0.775152,0.641249,0.086708
25100,82,35,0.045573,510,1.216398,0.632468,0.486184,0.071135
25100,94,27,0.035156,162,0.997184,0.470009,0.51959,0.058191
25100,18,21,0.027344,184,1.075029,0.411205,0.441532,0.052896
25100,70,21,0.027344,641,1.215102,0.518794,0.400881,0.025498
25100,98,21,0.027344,219,0.900378,0.513167,0.408089,0.065956
25100,35,20,0.026042,377,0.979737,0.329116,0.356691,0.052511
25100,99,20,0.026042,698,1.052006,0.473696,0.358176,0.060753
25120,73,39,0.050258,475,1.226299,0.776012,0.639903,0.087704
25120,82,36,0.046392,511,1.22381,0.648767,0.482594,0.070677
25120,94,28,0.036082,163,1.001404,0.47309,0.520676,0.059317
25120,70,23,0.029639,643,1.222714,0.517811,0.397518,0.025321
25120,18,22,0.028351,185,1.065493,0.411085,0.438192,0.051996
25120,98,21,0.027062,219,0.900378,0.513167,0.408089,0.065956
25120,99,20,0.025773,700,1.054424,0.47218,0.352191,0.064856
25120,35,18,0.023196,377,0.980715,0.331138,0.358009,0.052243
25140,73,39,0.050323,476,1.230267,0.76501,0.639293,0.087377
25140,82,36,0.046452,512,1.219727,0.648843,0.483481,0.070596
25140,94,28,0.036129,163,1.001404,0.47309,0.520676,0.059317
25140,18,23,0.029677,186,1.075101,0.415662,0.442252,0.052257
25140,70,22,0.028387,643,1.22971,0.515161,0.394679,0.025145
25140,98,21,0.027097,219,0.900378,0.513167,0.408089,0.065956
25140,99,21,0.027097,701,1.060101,0.466637,0.351864,0.063157
25140,35,18,0.023226,377,0.980715,0.331138,0.358009,0.052243
25160,73,38,0.048843,476,1.23156,0.760852,0.639243,0.086982
25160,82,35,0.044987,512,1.217901,0.638634,0.483403,0.0704
25160,94,28,0.03599,163,1.001404,0.47309,0.520676,0.059317
25160,18,23,0.029563,186,1.075101,0.415662,0.442252,0.052257
25160,70,21,0.026992,643,1.222,0.521324,0.39774,0.025197
25160,98,21,0.026992,219,0.900378,0.513167,0.408089,0.065956
25160,99,21,0.026992,701,1.060101,0.466637,0.351864,0.063157
25160,35,18,0.023136,378,0.983097,0.332093,0.35384,0.052757
25180,73,37,0.04768,476,1.235241,0.764156,0.639972,0.086885
25180,82,35,0.045103,512,1.217901,0.638634,0.483403,0.0704
25180,94,27,0.034794,163,1.006713,0.47774,0.520562,0.058877
25180,18,22,0.028351,186,1.066151,0.413737,0.436842,0.052276
25180,70,21,0.027062,644,1.218661,0.508175,0.396961,0.026112
25180,98,21,0.027062,219,0.900378,0.513167,0.408089,0.065956
25180,99,20,0.025773,702,1.058913,0.462575,0.344365,0.063118
25180,40,19,0.024485,354,1.315266,0.302001,0.422739,0.037555
25200,73,36,0.046693,476,1.242737,0.755776,0.633966,0.08627
25200,82,34,0.044099,512,1.211699,0.643804,0.484612,0.070954
25200,94,27,0.035019,163,1.006713,0.47774,0.520562,0.058877
25200,70,21,0.027237,646,1.239787,0.496793,0.39067,0.025555
25200,18,20,0.02594,186,1.06698,0.414778,0.440115,0.052008
25200,98,20,0.02594,219,0.912801,0.502657,0.405644,0.065805
25200,99,20,0.02594,702,1.058913,0.462575,0.344365,0.063118
25200,40,19,0.024643,354,1.315266,0.302001,0.422739,0.037555
25220,82,36,0.046693,515,1.204949,0.631309,0.481042,0.070544
25220,73,35,0.045396,476,1.246386,0.747995,0.629314,0.085586
25220,94,27,0.035019,163,1.006713,0.47774,0.520562,0.058877
25220,70,21,0.027237,647,1.240241,0.500592,0.388575,0.025501
25220,98,21,0.027237,220,0.903157,0.514494,0.405755,0.06641
25220,18,20,0.02594,186,1.06698,0.414778,0.440115,0.052008
25220,72,20,0.02594,401,1.041383,0.339437,0.495194,0.052309
25220,40,19,0.024643,354,1.315266,0.302001,0.422739,0.037555
25240,82,36,0.046272,515,1.204949,0.631309,0.481042,0.070544
25240,73,34,0.043702,476,1.248392,0.749198,0.63496,0.086237
25240,94,26,0.033419,163,1.008786,0.477408,0.52309,0.057849
25240,72,21,0.026992,402,1.04595,0.336639,0.493807,0.051959
25240,18,20,0.025707,186,1.06698,0.414778,0.440115,0.052008
25240,98,20,0.025707,220,0.904581,0.505585,0.406041,0.064772
25240,99,20,0.025707,704,1.055931,0.474613,0.347325,0.058935
25240,59,19,0.024422,235,1.575486,0.854508,0.635304,0.074899
25260,82,38,0.048593,517,1.232397,0.639715,0.482214,0.07114
25260,73,34,0.043478,477,1.244348,0.733392,0.626844,0.084464
25260,94,25,0.031969,163,0.996346,0.470365,0.525733,0.05886
25260,72,21,0.026854,402,1.04595,0.336639,0.493807,0.051959
25260,18,20,0.025575,187,1.069501,0.414186,0.439795,0.051816
25260,98,20,0.025575,220,0.904581,0.505585,0.406041,0.064772
25260,99,20,0.025575,704,1.055931,0.474613,0.347325,0.058935
25260,59,19,0.024297,235,1.575486,0.854508,0.635304,0.074899
25280,82,38,0.048469,517,1.232397,0.639715,0.482214,0.07114
25280,73,34,0.043367,477,1.244348,0.733392,0.626844,0.084464
25280,94,25,0.031888,163,0.996346,0.470365,0.525733,0.05886
25280,72,21,0.026786,402,1.04595,0.336639,0.493807,0.051959
25280,18,20,0.02551,187,1.069501,0.414186,0.439795,0.051816
25280,99,20,0.02551,705,1.064386,0.474376,0.347836,0.05877
25280,98,19,0.024235,220,0.905352,0.511645,0.40675,0.066202
25280,0,18,0.022959,221,0.996254,0.481933,0.383099,0.044372
25300,82,39,0.049367,519,1.231658,0.647365,0.475284,0.069189
25300,73,34,0.043038,477,1.244348,0.733392,0.626844,0.084464
25300,94,26,0.032911,164,0.991564,0.469117,0.526072,0.058234
25300,72,22,0.027848,403,1.052566,0.332745,0.490269,0.051459
25300,18,20,0.025316,187,1.069501,0.414186,0.439795,0.051816
25300,64,19,0.024051,391,1.244006,0.329585,0.377643,0.037727
25300,98,19,0.024051,220,0.905352,0.511645,0.40675,0.066202
25300,99,19,0.024051,705,1.060925,0.479209,0.349219,0.059857
25320,82,36,0.045977,519,1.242979,0.644846,0.477506,0.068499
25320,73,35,0.0447,480,1.221062,0.752091,0.643043,0.086611
25320,94,25,0.031928,164,0.999218,0.468805,0.523076,0.058782
25320,72,21,0.02682,403,1.052344,0.327665,0.492286,0.051838
25320,99,21,0.02682,707,1.064224,0.486875,0.356373,0.060092
25320,18,20,0.025543,187,1.069501,0.414186,0.439795,0.051816
25320,98,19,0.024266,220,0.905352,0.511645,0.40675,0.066202
25320,40,18,0.022989,357,1.304413,0.3035,0.421489,0.03671
25340,73,37,0.047254,482,1.22334,0.75402,0.643321,0.08786
25340,82,36,0.045977,519,1.242979,0.644846,0.477506,0.068499
25340,94,26,0.033206,165,0.997501,0.466619,0.522088,0.058965
25340,72,21,0.02682,404,1.04913,0.333129,0.491956,0.050563
25340,18,20,0.025543,187,1.069501,0.414186,0.439795,0.051816
25340,98,20,0.025543,221,0.903126,0.5213,0.408689,0.066675
25340,99,20,0.025543,708,1.061468,0.487488,0.360533,0.058254
25340,40,18,0.022989,357,1.304413,0.3035,0.421489,0.03671
25360,73,38,0.048593,483,1.228107,0.754607,0.642979,0.087738
25360,82,34,0.043478,519,1.237835,0.648448,0.476744,0.066534
25360,94,25,0.031969,165,1.000779,0.471239,0.521518,0.059021
25360,72,21,0.026854,404,1.04913,0.333129,0.491956,0.050563
25360,98,21,0.026854,222,0.911129,0.512734,0.411397,0.065669
25360,18,20,0.025575,187,1.069501,0.414186,0.439795,0.051816
25360,99,20,0.025575,708,1.061468,0.487488,0.360533,0.058254
25360,40,18,0.023018,357,1.304413,0.3035,0.421489,0.03671
25380,73,38,0.04878,483,1.228107,0.754607,0.642979,0.087738
25380,82,34,0.043646,519,1.237835,0.648448,0.476744,0.066534
25380,94,24,0.030809,165,0.991473,0.467419,0.525621,0.059036
25380,18,22,0.028241,189,1.088489,0.424259,0.448674,0.051521
25380,72,22,0.028241,405,1.04818,0.33164,0.48967,0.050727
25380,98,20,0.025674,222,0.913117,0.50781,0.410649,0.065029
25380,99,20,0.025674,708,1.061468,0.487488,0.360533,0.058254
25380,40,18,0.023107,357,1.304413,0.3035,0.421489,0.03671
25400,73,39,0.049618,484,1.22119,0.765023,0.649569,0.088093
25400,82,34,0.043257,520,1.232418,0.663085,0.48734,0.068153
25400,72,24,0.030534,407,1.040018,0.340526,0.48842,0.049697
25400,94,23,0.029262,165,0.978017,0.463222,0.528694,0.060178
25400,18,22,0.02799,189,1.088489,0.424259,0.448674,0.051521
25400,99,22,0.02799,710,1.058314,0.485212,0.351211,0.061775
25400,98,20,0.025445,222,0.913117,0.50781,0.410649,0.065029
25400,35,18,0.022901,384,0.981494,0.326306,0.364122,0.052815
25420,73,39,0.049745,485,1.247304,0.77422,0.656932,0.089113
25420,82,34,0.043367,521,1.221899,0.658982,0.482057,0.066174
25420,94,24,0.030612,166,0.972288,0.463934,0.529636,0.059587
25420,18,21,0.026786,189,1.09912,0.425006,0.452513,0.052398
25420,72,21,0.026786,407,1.03979,0.349114,0.480227,0.048939
25420,99,21,0.026786,710,1.063604,0.483131,0.352198,0.061596
25420,70,20,0.02551,655,1.225174,0.497889,0.392825,0.026592
25420,98,20,0.02551,222,0.913117,0.50781,0.410649,0.065029
25440,73,40,0.051348,486,1.253766,0.774262,0.653409,0.088969
25440,82,32,0.041078,521,1.21924,0.664206,0.482482,0.066111
25440,94,24,0.030809,166,0.972288,0.463934,0.529636,0.059587
25440,18,21,0.026958,189,1.09912,0.425006,0.452513,0.052398
25440,72,21,0.026958,407,1.03979,0.349114,0.480227,0.048939
25440,99,21,0.026958,711,1.070067,0.477437,0.350789,0.059581
25440,70,20,0.025674,655,1.225174,0.497889,0.392825,0.026592
25440,98,20,0.025674,222,0.913117,0.50781,0.410649,0.065029
25460,73,39,0.050064,486,1.258201,0.774373,0.647087,0.088376
25460,82,32,0.041078,523,1.206557,0.653236,0.488114,0.070378
25460,94,24,0.030809,166,0.972288,0.463934,0.529636,0.059587
25460,99,22,0.028241,712,1.069804,0.472012,0.350534,0.058403
25460,18,21,0.026958,189,1.09912,0.425006,0.452513,0.052398
25460,72,21,0.026958,407,1.03979,0.349114,0.480227,0.048939
25460,70,20,0.025674,655,1.225174,0.497889,0.392825,0.026592
25460,98,20,0.025674,222,0.913117,0.50781,0.410649,0.065029
25480,73,39,0.049936,487,1.265077,0.779622,0.64311,0.089492
25480,82,32,0.040973,524,1.219702,0.681198,0.487137,0.070708
25480,94,25,0.03201,167,0.9848,0.47155,0.527709,0.059057
25480,18,23,0.029449,191,1.099399,0.425931,0.452175,0.051683
25480,72,21,0.026889,408,1.033432,0.35084,0.4818,0.049942
25480,98,21,0.026889,223,0.90611,0.508716,0.412019,0.067503
25480,40,19,0.024328,360,1.287643,0.302976,0.423054,0.036645
25480,99,19,0.024328,712,1.071035,0.471953,0.354906,0.05724
25500,73,37,0.04768,487,1.264366,0.7814,0.642442,0.088164
25500,82,32,0.041237,525,1.225925,0.683808,0.483114,0.070038
25500,94,25,0.032216,167,0.9848,0.47155,0.527709,0.059057
25500,18,23,0.029639,191,1.099399,0.425931,0.452175,0.051683
25500,98,21,0.027062,223,0.90611,0.508716,0.412019,0.067503
25500,72,19,0.024485,408,1.042773,0.345904,0.478057,0.050222
25500,40,18,0.023196,360,1.281167,0.301904,0.42202,0.036328
25500,70,18,0.023196,655,1.215729,0.498,0.396511,0.026798
25520,73,36,0.045918,487,1.267022,0.783439,0.639411,0.087505
25520,82,34,0.043367,527,1.234038,0.687032,0.479711,0.069692
25520,94,26,0.033163,168,0.992867,0.475667,0.525905,0.0587
25520,18,23,0.029337,191,1.099399,0.425931,0.452175,0.051683
25520,70,21,0.026786,658,1.236546,0.492603,0.394445,0.02573
25520,98,21,0.026786,223,0.90611,0.508716,0.412019,0.067503
25520,72,19,0.024235,409,1.044012,0.352198,0.477024,0.050157
25520,35,18,0.022959,387,0.976788,0.321435,0.370703,0.052152
25540,73,37,0.046895,489,1.267372,0.791034,0.652265,0.088246
25540,82,35,0.04436,528,1.239896,0.680545,0.478787,0.069227
25540,94,25,0.031686,168,0.997057,0.47745,0.524902,0.05917
25540,18,23,0.029151,192,1.0901,0.426774,0.448235,0.051382
25540,70,22,0.027883,659,1.231673,0.496889,0.395095,0.02638
25540,98,21,0.026616,223,0.90611,0.508716,0.412019,0.067503
25540,72,20,0.025349,410,1.050742,0.349119,0.477046,0.04993
25540,35,19,0.024081,389,0.98168,0.324497,0.362696,0.052149
25560,73,38,0.047799,491,1.27626,0.782706,0.647347,0.089104
25560,82,36,0.045283,529,1.237836,0.68153,0.477326,0.069944
25560,94,26,0.032704,169,0.996833,0.481471,0.518505,0.060269
25560,18,22,0.027673,192,1.089873,0.429106,0.445357,0.051158
25560,70,21,0.026415,659,1.233716,0.50461,0.397999,0.026004
25560,98,21,0.026415,223,0.90611,0.508716,0.412019,0.067503
25560,72,20,0.025157,410,1.050742,0.349119,0.477046,0.04993
25560,99,20,0.025157,717,1.088971,0.476143,0.36068,0.061402
25580,73,38,0.048101,491,1.27626,0.782706,0.647347,0.089104
25580,82,36,0.04557,530,1.2433,0.683942,0.481368,0.072059
25580,94,26,0.032911,169,0.996833,0.481471,0.518505,0.060269
25580,18,21,0.026582,192,1.0911,0.428026,0.440231,0.050514
25580,70,21,0.026582,659,1.233716,0.50461,0.397999,0.026004
25580,98,21,0.026582,223,0.90611,0.508716,0.412019,0.067503
25580,99,21,0.026582,718,1.089241,0.478263,0.364088,0.061457
25580,72,20,0.025316,410,1.050742,0.349119,0.477046,0.04993
25600,73,39,0.049367,493,1.287088,0.777845,0.648486,0.090736
25600,82,37,0.046835,532,1.250672,0.68888,0.487299,0.072062
25600,94,26,0.032911,170,1.008216,0.486673,0.517695,0.059881
25600,18,22,0.027848,193,1.09952,0.429223,0.444026,0.0508
25600,98,22,0.027848,224,0.901598,0.503696,0.412502,0.065932
25600,70,21,0.026582,660,1.218994,0.514153,0.404875,0.026128
25600,99,20,0.025316,718,1.090489,0.484272,0.365032,0.062846
25600,72,19,0.024051,411,1.053917,0.346782,0.481739,0.050805
25620,73,41,0.052363,495,1.281884,0.773913,0.652432,0.089917
25620,82,37,0.047254,532,1.250672,0.68888,0.487299,0.072062
25620,94,26,0.033206,170,1.008216,0.486673,0.517695,0.059881
25620,18,22,0.028097,193,1.09952,0.429223,0.444026,0.0508
25620,70,21,0.02682,660,1.218994,0.514153,0.404875,0.026128
25620,98,20,0.025543,224,0.8999,0.510654,0.408503,0.064398
25620,35,19,0.024266,392,0.982482,0.32386,0.354708,0.051547
25620,72,19,0.024266,411,1.053917,0.346782,0.481739,0.050805
25640,73,40,0.051216,495,1.285103,0.780955,0.656833,0.090426
25640,82,38,0.048656,533,1.250271,0.68199,0.486612,0.071496
25640,94,26,0.033291,170,1.008216,0.486673,0.517695,0.059881
25640,70,21,0.026889,661,1.240736,0.505727,0.397337,0.025925
25640,99,21,0.026889,722,1.086837,0.489581,0.353265,0.063791
25640,18,20,0.025608,193,1.086607,0.425618,0.439177,0.049972
25640,98,20,0.025608,225,0.902731,0.504303,0.409518,0.065892
25640,72,19,0.024328,411,1.053917,0.346782,0.481739,0.050805
25660,82,41,0.052699,536,1.265224,0.693471,0.479888,0.07152
25660,73,38,0.048843,496,1.284994,0.771348,0.65153,0.090879
25660,94,26,0.033419,170,1.008216,0.486673,0.517695,0.059881
25660,98,21,0.026992,226,0.908411,0.496488,0.412451,0.064601
25660,99,20,0.025707,722,1.081213,0.49057,0.354973,0.062328
25660,18,19,0.024422,193,1.07497,0.420387,0.433923,0.05001
25660,70,19,0.024422,661,1.245479,0.496589,0.391898,0.026101
25660,72,19,0.024422,412,1.049773,0.336968,0.485196,0.052521
25680,73,38,0.048969,496,1.284994,0.771348,0.65153,0.090879
25680,82,38,0.048969,536,1.266946,0.709322,0.481108,0.073362
25680,94,26,0.033505,170,1.008216,0.486673,0.517695,0.059881
25680,98,21,0.027062,226,0.908411,0.496488,0.412451,0.064601
25680,72,20,0.025773,414,1.037505,0.339427,0.490794,0.052152
25680,99,20,0.025773,722,1.081213,0.49057,0.354973,0.062328
25680,13,19,0.024485,363,0.936356,0.334881,0.452834,0.061323
25680,70,19,0.024485,662,1.23627,0.491821,0.392569,0.027056
25700,73,39,0.050064,497,1.281712,0.775141,0.648562,0.091078
25700,82,37,0.047497,537,1.274396,0.707672,0.481378,0.072663
25700,94,25,0.032092,170,1.014423,0.488022,0.517682,0.060321
25700,98,22,0.028241,227,0.907957,0.488793,0.410219,0.064211
25700,72,20,0.025674,415,1.033671,0.339514,0.490258,0.052319
25700,99,20,0.025674,723,1.080808,0.494923,0.351784,0.062009
25700,13,19,0.02439,363,0.936356,0.334881,0.452834,0.061323
25700,70,19,0.02439,663,1.219464,0.501193,0.40032,0.027547
25720,73,41,0.051508,500,1.277189,0.77912,0.655532,0.091083
25720,82,37,0.046482,538,1.250948,0.720442,0.48772,0.07623
25720,94,25,0.031407,170,1.014423,0.488022,0.517682,0.060321
25720,72,22,0.027638,417,1.037264,0.334519,0.491647,0.052673
25720,98,22,0.027638,227,0.907957,0.488793,0.410219,0.064211
25720,99,21,0.026382,724,1.08369,0.488979,0.350905,0.061039
25720,70,20,0.025126,664,1.218617,0.504896,0.401643,0.027531
25720,18,19,0.023869,195,1.055809,0.421769,0.429266,0.049597
25740,73,40,0.050188,502,1.285006,0.787211,0.65507,0.090666
25740,82,39,0.048934,540,1.257615,0.723853,0.48682,0.075073
25740,94,25,0.031368,170,1.014423,0.488022,0.517682,0.060321
25740,72,24,0.030113,419,1.041038,0.337273,0.494151,0.052625
25740,98,23,0.028858,228,0.904262,0.502614,0.414684,0.064266
25740,35,20,0.025094,397,0.981016,0.32845,0.352848,0.053671
25740,99,20,0.025094,724,1.089452,0.484879,0.354422,0.060768
25740,18,19,0.023839,196,1.055414,0.421242,0.428293,0.049366
25760,73,40,0.049383,503,1.288176,0.792149,0.654471,0.092167
25760,82,40,0.049383,542,1.270436,0.712869,0.481493,0.073592
25760,94,25,0.030864,170,1.014423,0.488022,0.517682,0.060321
25760,98,24,0.02963,229,0.912945,0.497118,0.41221,0.064481
25760,72,23,0.028395,419,1.042389,0.333477,0.49657,0.052897
25760,70,21,0.025926,666,1.215354,0.497755,0.398828,0.028351
25760,18,20,0.024691,197,1.06742,0.424088,0.436723,0.04935
25760,35,19,0.023457,397,0.985043,0.330318,0.351748,0.054417
25780,73,41,0.050805,505,1.287787,0.795159,0.646864,0.091605
25780,82,41,0.050805,543,1.274542,0.713022,0.488607,0.074565
25780,94,25,0.030979,170,1.014423,0.488022,0.517682,0.060321
25780,98,24,0.02974,229,0.912945,0.497118,0.41221,0.064481
25780,72,23,0.028501,419,1.042389,0.333477,0.49657,0.052897
25780,18,22,0.027261,199,1.087537,0.430584,0.448449,0.049623
25780,70,21,0.026022,666,1.215354,0.497755,0.398828,0.028351
25780,64,19,0.023544,404,1.24314,0.331182,0.381235,0.039681
25800,73,42,0.051534,508,1.2473,0.806148,0.650549,0.089275
25800,82,41,0.050307,543,1.274542,0.713022,0.488607,0.074565
25800,94,26,0.031902,171,1.014703,0.489775,0.517422,0.060779
25800,98,23,0.028221,229,0.915427,0.489454,0.409544,0.063655
25800,18,22,0.026994,199,1.087537,0.430584,0.448449,0.049623
25800,72,22,0.026994,419,1.041501,0.334579,0.498859,0.052255
25800,70,20,0.02454,666,1.212802,0.506803,0.401755,0.027956
25800,35,18,0.022086,397,0.981972,0.327558,0.349772,0.054904
25820,73,41,0.050493,508,1.254233,0.812993,0.655101,0.090622
25820,82,40,0.049261,543,1.269324,0.700366,0.491898,0.075062
25820,94,25,0.030788,171,1.015642,0.486087,0.523777,0.0597
25820,18,23,0.028325,200,1.08847,0.42745,0.44409,0.049245
25820,72,23,0.028325,420,1.037538,0.340203,0.497014,0.052339
25820,98,22,0.027094,229,0.910312,0.496345,0.408426,0.064553
25820,70,20,0.024631,667,1.228714,0.496394,0.397213,0.026974
25820,35,19,0.023399,398,0.973418,0.326576,0.350382,0.055071
25840,82,40,0.0492,544,1.271225,0.681049,0.493389,0.074548
25840,73,39,0.04797,509,1.26686,0.815843,0.659373,0.089902
25840,94,25,0.03075,171,1.015642,0.486087,0.523777,0.0597
25840,72,24,0.02952,421,1.034425,0.34207,0.495223,0.051845
25840,18,22,0.02706,200,1.101187,0.428992,0.446921,0.049299
25840,98,22,0.02706,229,0.910312,0.496345,0.408426,0.064553
25840,70,21,0.02583,668,1.228757,0.503349,0.397887,0.027246
25840,99,20,0.0246,728,1.077824,0.491397,0.351902,0.063729
25860,82,42,0.051916,547,1.27658,0.679817,0.486582,0.071345
25860,73,38,0.046972,509,1.254076,0.810729,0.659971,0.089341
25860,94,26,0.032138,172,1.011225,0.486068,0.527707,0.058858
25860,72,24,0.029666,421,1.034425,0.34207,0.495223,0.051845
25860,18,23,0.02843,201,1.104241,0.428122,0.449159,0.0496
25860,70,21,0.025958,668,1.228757,0.503349,0.397887,0.027246
25860,98,21,0.025958,229,0.917141,0.490256,0.407482,0.062466
25860,99,20,0.024722,728,1.077824,0.491397,0.351902,0.063729
25880,82,41,0.049878,547,1.268755,0.667559,0.489451,0.071868
25880,73,39,0.047445,511,1.241735,0.826168,0.660613,0.090391
25880,94,26,0.03163,172,1.011225,0.486068,0.527707,0.058858
25880,18,25,0.030414,203,1.113033,0.431023,0.455779,0.04999
25880,72,22,0.026764,421,1.026529,0.348468,0.500544,0.051409
25880,70,21,0.025547,668,1.228757,0.503349,0.397887,0.027246
25880,98,21,0.025547,229,0.917141,0.490256,0.407482,0.062466
25880,99,20,0.024331,729,1.074433,0.498337,0.352378,0.064532
25900,82,41,0.049878,549,1.24765,0.685214,0.495759,0.075995
25900,73,40,0.048662,512,1.241449,0.819472,0.657228,0.089829
25900,18,25,0.030414,203,1.113033,0.431023,0.455779,0.04999
25900,94,25,0.030414,172,1.000583,0.480386,0.529655,0.0597
25900,70,22,0.026764,669,1.239743,0.498088,0.394575,0.026919
25900,72,22,0.026764,421,1.026529,0.348468,0.500544,0.051409
25900,99,22,0.026764,731,1.080781,0.494385,0.34982,0.062679
25900,98,20,0.024331,229,0.918077,0.498409,0.409689,0.062788
25920,82,43,0.052567,551,1.245091,0.700004,0.493498,0.078592
25920,73,38,0.046455,512,1.228214,0.82535,0.656556,0.088475
25920,18,25,0.030562,203,1.113033,0.431023,0.455779,0.04999
25920,94,24,0.02934,172,0.992501,0.476294,0.53169,0.060114
25920,70,21,0.025672,669,1.228754,0.503497,0.398134,0.026957
25920,72,21,0.025672,421,1.022712,0.344588,0.504228,0.051407
25920,99,21,0.025672,731,1.086057,0.493568,0.355021,0.061901
25920,26,20,0.02445,129,0.763145,0.666807,0.489661,0.065758
25940,82,43,0.052503,552,1.239988,0.698213,0.493793,0.078696
25940,73,40,0.04884,514,1.212615,0.836083,0.659122,0.088736
25940,94,25,0.030525,173,0.989819,0.471349,0.534736,0.059558
25940,18,24,0.029304,203,1.120248,0.432767,0.459277,0.050104
25940,70,21,0.025641,669,1.228754,0.503497,0.398134,0.026957
25940,72,20,0.02442,421,1.0263,0.347752,0.499765,0.050724
25940,99,20,0.02442,731,1.080043,0.49034,0.353163,0.06061
25940,26,19,0.023199,129,0.759578,0.669666,0.494833,0.065574
25960,82,41,0.050431,552,1.232812,0.706317,0.49837,0.078714
25960,73,39,0.04797,516,1.225061,0.829471,0.65496,0.087675
25960,94,25,0.03075,173,0.989819,0.471349,0.534736,0.059558
25960,18,24,0.02952,204,1.120692,0.431302,0.459278,0.050513
25960,70,20,0.0246,670,1.22934,0.501432,0.39298,0.027527
25960,26,19,0.02337,129,0.759578,0.669666,0.494833,0.065574
25960,40,19,0.02337,375,1.278447,0.309668,0.429806,0.038309
25960,72,19,0.02337,424,1.037918,0.337122,0.497266,0.05059
25980,82,43,0.052058,554,1.240962,0.697759,0.500833,0.078932
25980,73,39,0.047215,517,1.237654,0.832303,0.65411,0.088615
25980,94,25,0.030266,173,0.989819,0.471349,0.534736,0.059558
25980,18,24,0.029056,205,1.124406,0.438989,0.465585,0.050487
25980,70,20,0.024213,670,1.22934,0.501432,0.39298,0.027527
25980,72,20,0.024213,425,1.039496,0.334888,0.495604,0.050196
25980,40,19,0.023002,375,1.278447,0.309668,0.429806,0.038309
25980,98,18,0.021792,229,0.913447,0.511068,0.411991,0.064077
26000,82,44,0.053269,556,1.24866,0.708039,0.495793,0.077809
26000,73,40,0.048426,518,1.236167,0.829954,0.652361,0.08842
26000,94,24,0.029056,173,0.991323,0.475552,0.535595,0.058354
26000,18,22,0.026634,205,1.109759,0.436344,0.457315,0.050095
26000,72,21,0.025424,426,1.042697,0.337126,0.492,0.050206
26000,70,20,0.024213,671,1.249421,0.493029,0.386904,0.027071
26000,98,19,0.023002,230,0.904676,0.518271,0.410145,0.064345
26000,26,17,0.020581,129,0.76346,0.658215,0.496647,0.066558
26020,82,44,0.053463,556,1.24866,0.708039,0.495793,0.077809
26020,73,38,0.046173,518,1.249044,0.824487,0.655692,0.087724
26020,94,24,0.029162,174,1.002079,0.479011,0.535851,0.056446
26020,18,22,0.026731,205,1.109759,0.436344,0.457315,0.050095
26020,72,21,0.025516,426,1.042697,0.337126,0.492,0.050206
26020,70,20,0.024301,671,1.249421,0.493029,0.386904,0.027071
26020,98,19,0.023086,230,0.904676,0.518271,0.410145,0.064345
26020,99,19,0.023086,733,1.067222,0.51016,0.345652,0.065217
26040,82,44,0.05379,558,1.243223,0.720336,0.494422,0.081689
26040,73,38,0.046455,518,1.249044,0.824487,0.655692,0.087724
26040,94,24,0.02934,174,1.002079,0.479011,0.535851,0.056446
26040,18,22,0.026895,205,1.109759,0.436344,0.457315,0.050095
26040,72,21,0.025672,426,1.042697,0.337126,0.492,0.050206
26040,70,20,0.02445,672,1.232782,0.506333,0.389622,0.027442
26040,99,20,0.02445,734,1.073077,0.503162,0.346241,0.064471
26040,26,19,0.023227,131,0.755821,0.655036,0.497984,0.067733
26060,82,41,0.050431,558,1.238432,0.719223,0.486807,0.080567
26060,73,39,0.04797,519,1.249398,0.820075,0.65514,0.087369
26060,94,23,0.02829,174,1.009103,0.478954,0.535179,0.056901
26060,18,22,0.02706,205,1.109759,0.436344,0.457315,0.050095
26060,99,21,0.02583,735,1.075685,0.504475,0.34893,0.064709
26060,26,20,0.0246,132,0.760991,0.653099,0.495279,0.06697
26060,72,20,0.0246,426,1.051533,0.3339,0.484792,0.050148
26060,98,20,0.0246,231,0.90109,0.524217,0.413745,0.065538
26080,73,41,0.050995,521,1.235835,0.824962,0.66034,0.087789
26080,82,40,0.049751,559,1.252762,0.723808,0.485396,0.081481
26080,94,22,0.027363,174,1.006201,0.484863,0.533999,0.05744
26080,18,21,0.026119,206,1.093988,0.43695,0.452458,0.049805
26080,99,21,0.026119,735,1.075685,0.504475,0.34893,0.064709
26080,72,20,0.024876,426,1.051533,0.3339,0.484792,0.050148
26080,98,20,0.024876,231,0.90109,0.524217,0.413745,0.065538
26080,26,19,0.023632,132,0.760292,0.649323,0.495725,0.067959
26100,82,42,0.052369,561,1.256509,0.717639,0.484033,0.080993
26100,73,40,0.049875,521,1.240931,0.823253,0.656847,0.087277
26100,94,23,0.028678,175,1.016058,0.492369,0.531728,0.057203
26100,18,21,0.026185,206,1.093988,0.43695,0.452458,0.049805
26100,72,20,0.024938,426,1.051533,0.3339,0.484792,0.050148
26100,98,20,0.024938,231,0.90109,0.524217,0.413745,0.065538
26100,99,20,0.024938,735,1.070244,0.513636,0.349234,0.065936
26100,26,19,0.023691,132,0.760292,0.649323,0.495725,0.067959
26120,82,42,0.051852,562,1.255748,0.715519,0.484907,0.080998
26120,73,41,0.050617,523,1.233147,0.821473,0.656443,0.086578
26120,94,24,0.02963,176,1.020813,0.499563,0.530365,0.056816
26120,18,21,0.025926,206,1.093988,0.43695,0.452458,0.049805
26120,99,21,0.025926,738,1.068942,0.493206,0.343814,0.064273
26120,70,20,0.024691,675,1.247843,0.495176,0.383083,0.025911
26120,98,20,0.024691,231,0.90109,0.524217,0.413745,0.065538
26120,26,19,0.023457,132,0.760292,0.649323,0.495725,0.067959
26140,82,41,0.050122,563,1.25797,0.738904,0.481673,0.081507
26140,73,39,0.047677,524,1.213823,0.823118,0.657773,0.087154
26140,94,24,0.02934,176,1.020813,0.499563,0.530365,0.056816
26140,70,22,0.026895,678,1.250539,0.496287,0.38115,0.026019
26140,18,21,0.025672,206,1.093988,0.43695,0.452458,0.049805
26140,99,21,0.025672,739,1.069736,0.489416,0.350003,0.065245
26140,98,20,0.02445,231,0.90109,0.524217,0.413745,0.065538
26140,72,19,0.023227,427,1.045979,0.336213,0.485204,0.049738
26160,73,41,0.05,526,1.199435,0.819061,0.649726,0.086511
26160,82,39,0.047561,564,1.257569,0.711326,0.483074,0.076549
26160,94,26,0.031707,178,1.011322,0.49631,0.535408,0.055452
26160,18,21,0.02561,206,1.093988,0.43695,0.452458,0.049805
26160,70,21,0.02561,678,1.260667,0.493277,0.379064,0.025799
26160,99,21,0.02561,739,1.069736,0.489416,0.350003,0.065245
26160,35,20,0.02439,410,0.97527,0.329138,0.35278,0.052835
26160,72,20,0.02439,428,1.039813,0.334303,0.490872,0.050268
26180,73,42,0.051033,527,1.191669,0.825541,0.649392,0.086327
26180,82,38,0.046173,564,1.254836,0.707117,0.48326,0.075245
26180,94,25,0.030377,178,1.006045,0.495453,0.53815,0.055642
26180,18,21,0.025516,206,1.093988,0.43695,0.452458,0.049805
26180,70,21,0.025516,678,1.260667,0.493277,0.379064,0.025799
26180,99,21,0.025516,739,1.069736,0.489416,0.350003,0.065245
26180,98,20,0.024301,231,0.90109,0.524217,0.413745,0.065538
26180,72,19,0.023086,430,1.018026,0.34226,0.497125,0.049786
26200,73,42,0.050663,528,1.195869,0.830373,0.651777,0.086777
26200,82,39,0.047045,567,1.245171,0.702314,0.480871,0.077273
26200,94,26,0.031363,180,1.026523,0.512437,0.534312,0.055693
26200,18,22,0.026538,207,1.106434,0.439154,0.455895,0.049637
26200,70,21,0.025332,678,1.260667,0.493277,0.379064,0.025799
26200,98,21,0.025332,232,0.901516,0.538065,0.418446,0.06485
26200,72,20,0.024125,432,1.015307,0.34099,0.49346,0.05205
26200,99,19,0.022919,739,1.074946,0.490026,0.358741,0.062207
26220,73,42,0.050847,528,1.195869,0.830373,0.651777,0.086777
26220,82,39,0.047215,569,1.239354,0.709027,0.483437,0.079465
26220,94,26,0.031477,180,1.026523,0.512437,0.534312,0.055693
26220,18,21,0.025424,207,1.094502,0.437458,0.451653,0.049464
26220,70,21,0.025424,679,1.259363,0.493948,0.378144,0.025904
26220,98,21,0.025424,233,0.904972,0.524964,0.421339,0.063367
26220,72,20,0.024213,432,1.015307,0.34099,0.49346,0.05205
26220,35,19,0.023002,411,0.96861,0.328505,0.355671,0.052814
26240,73,43,0.052248,529,1.203086,0.82626,0.647518,0.086749
26240,82,38,0.046173,569,1.228349,0.715137,0.48511,0.080591
26240,94,26,0.031592,180,1.026523,0.512437,0.534312,0.055693
26240,70,24,0.029162,682,1.26468,0.488356,0.37816,0.026271
26240,18,22,0.026731,208,1.100214,0.439952,0.455373,0.049647
26240,72,20,0.024301,432,1.015307,0.34099,0.49346,0.05205
26240,98,20,0.024301,233,0.908574,0.519352,0.418299,0.062125
26240,99,20,0.024301,740,1.080581,0.482576,0.357994,0.060703
26260,73,43,0.051807,530,1.21041,0.82537,0.645827,0.087075
26260,82,42,0.050602,574,1.243442,0.71362,0.486658,0.078874
26260,94,26,0.031325,180,1.026523,0.512437,0.534312,0.055693
26260,72,24,0.028916,436,1.022585,0.331672,0.487157,0.052231
26260,18,22,0.026506,208,1.100214,0.439952,0.455373,0.049647
26260,70,22,0.026506,682,1.263148,0.485264,0.38,0.026539
26260,40,21,0.025301,386,1.305228,0.31743,0.447458,0.0407
26260,99,21,0.025301,742,1.081653,0.488683,0.358171,0.059691
26280,82,43,0.051807,575,1.240441,0.705328,0.485155,0.078116
26280,73,42,0.050602,530,1.205439,0.828989,0.645196,0.087295
26280,94,28,0.033735,182,1.029085,0.510734,0.529282,0.055161
26280,72,25,0.03012,437,1.013145,0.336234,0.488971,0.05208
26280,26,23,0.027711,138,0.77913,0.644032,0.490009,0.067719
26280,18,22,0.026506,208,1.100214,0.439952,0.455373,0.049647
26280,40,21,0.025301,386,1.305228,0.31743,0.447458,0.0407
26280,98,21,0.025301,234,0.923015,0.510984,0.414735,0.061902
26300,82,42,0.050847,576,1.232334,0.7031,0.479763,0.077579
26300,73,40,0.048426,530,1.20518,0.838627,0.650688,0.087912
26300,94,30,0.03632,184,1.041514,0.518078,0.531878,0.056146
26300,72,25,0.030266,437,1.013145,0.336234,0.488971,0.05208
26300,18,23,0.027845,209,1.087594,0.438128,0.451529,0.048796
26300,26,23,0.027845,138,0.77913,0.644032,0.490009,0.067719
26300,40,22,0.026634,387,1.303365,0.318249,0.448481,0.040152
26300,98,21,0.025424,234,0.923015,0.510984,0.414735,0.061902
26320,82,42,0.050786,576,1.232334,0.7031,0.479763,0.077579
26320,73,39,0.047158,530,1.208157,0.841553,0.651385,0.087732
26320,94,30,0.036276,185,1.05095,0.520455,0.534016,0.058402
26320,72,25,0.03023,437,1.013145,0.336234,0.488971,0.05208
26320,18,23,0.027811,209,1.087594,0.438128,0.451529,0.048796
26320,26,23,0.027811,138,0.77913,0.644032,0.490009,0.067719
26320,40,22,0.026602,387,1.303365,0.318249,0.448481,0.040152
26320,98,21,0.025393,234,0.923015,0.510984,0.414735,0.061902
26340,82,40,0.048485,576,1.235315,0.699054,0.484073,0.079197
26340,73,39,0.047273,530,1.208157,0.841553,0.651385,0.087732
26340,94,30,0.036364,185,1.05095,0.520455,0.534016,0.058402
26340,72,24,0.029091,438,1.007336,0.339441,0.490127,0.051616
26340,18,23,0.027879,209,1.087594,0.438128,0.451529,0.048796
26340,26,22,0.026667,138,0.784029,0.644844,0.48887,0.067936
26340,40,22,0.026667,387,1.303365,0.318249,0.448481,0.040152
26340,98,21,0.025455,234,0.923015,0.510984,0.414735,0.061902
26360,82,43,0.052248,579,1.243717,0.703078,0.481821,0.079348
26360,73,38,0.046173,530,1.214933,0.850286,0.655896,0.088832
26360,94,31,0.037667,186,1.046496,0.517669,0.532036,0.05853
26360,18,24,0.029162,210,1.092722,0.439237,0.455595,0.048977
26360,72,22,0.026731,438,1.001245,0.337949,0.491762,0.051628
26360,26,21,0.025516,138,0.780449,0.646203,0.491012,0.068672
26360,40,21,0.025516,387,1.300172,0.316427,0.44839,0.039375
26360,98,21,0.025516,234,0.923015,0.510984,0.414735,0.061902
26380,82,44,0.053659,581,1.267149,0.714406,0.470553,0.076697
26380,73,39,0.047561,531,1.210492,0.855563,0.655685,0.090289
26380,94,30,0.036585,186,1.053208,0.519773,0.529095,0.059091
26380,18,23,0.028049,210,1.085926,0.43551,0.452102,0.049025
26380,40,22,0.026829,389,1.309451,0.314824,0.445612,0.038659
26380,26,21,0.02561,138,0.780449,0.646203,0.491012,0.068672
26380,70,21,0.02561,687,1.226405,0.507778,0.390629,0.027302
26380,72,21,0.02561,438,1.006031,0.341581,0.487039,0.051279
26400,82,44,0.053204,581,1.267149,0.714406,0.470553,0.076697
26400,73,39,0.047158,531,1.210492,0.855563,0.655685,0.090289
26400,94,29,0.035067,186,1.042882,0.516861,0.528876,0.059878
26400,18,23,0.027811,211,1.109554,0.440195,0.463299,0.048813
26400,40,23,0.027811,390,1.303511,0.316151,0.446538,0.038347
26400,98,22,0.026602,235,0.921782,0.504345,0.415475,0.061141
26400,26,21,0.025393,138,0.780449,0.646203,0.491012,0.068672
26400,70,21,0.025393,687,1.226405,0.507778,0.390629,0.027302
26420,82,44,0.053593,581,1.267149,0.714406,0.470553,0.076697
26420,73,38,0.046285,531,1.20271,0.860879,0.660606,0.090414
26420,94,29,0.035323,186,1.042882,0.516861,0.528876,0.059878
26420,18,24,0.029233,212,1.099427,0.440756,0.459109,0.049046
26420,70,23,0.028015,689,1.216947,0.514832,0.393366,0.027195
26420,40,22,0.026797,392,1.309524,0.320176,0.44296,0.038242
26420,98,21,0.025579,235,0.90797,0.511999,0.418904,0.061317
26420,26,20,0.024361,138,0.776538,0.653882,0.49447,0.068775
26440,82,45,0.05508,583,1.28152,0.717052,0.482543,0.07951
26440,73,39,0.047736,533,1.176679,0.86566,0.65656,0.090754
26440,94,29,0.035496,186,1.042882,0.516861,0.528876,0.059878
26440,18,23,0.028152,212,1.091271,0.441693,0.456299,0.048283
26440,40,23,0.028152,393,1.303659,0.319875,0.444915,0.038039
26440,70,23,0.028152,689,1.216947,0.514832,0.393366,0.027195
26440,98,21,0.025704,235,0.90797,0.511999,0.418904,0.061317
26440,26,20,0.02448,138,0.776538,0.653882,0.49447,0.068775
26460,82,43,0.052567,583,1.277539,0.722967,0.482754,0.079823
26460,73,40,0.0489,534,1.175895,0.864505,0.651202,0.090817
26460,94,28,0.03423,186,1.047076,0.522724,0.526056,0.060366
26460,40,23,0.028117,393,1.303659,0.319875,0.444915,0.038039
26460,18,22,0.026895,212,1.086414,0.43709,0.454332,0.048646
26460,70,22,0.026895,689,1.2243,0.51269,0.391386,0.027187
26460,98,21,0.025672,235,0.90797,0.511999,0.418904,0.061317
26460,26,20,0.02445,138,0.776538,0.653882,0.49447,0.068775
26480,82,43,0.052248,584,1.274814,0.736275,0.480972,0.080049
26480,73,40,0.048603,534,1.175895,0.864505,0.651202,0.090817
26480,94,28,0.034022,186,1.047076,0.522724,0.526056,0.060366
26480,70,24,0.029162,691,1.240119,0.502415,0.386146,0.026686
26480,18,22,0.026731,213,1.071953,0.434147,0.446001,0.047864
26480,40,22,0.026731,394,1.301848,0.319204,0.446344,0.038244
26480,26,20,0.024301,138,0.776538,0.653882,0.49447,0.068775
26480,72,20,0.024301,441,0.994563,0.344258,0.502434,0.051045
26500,82,43,0.052891,586,1.292995,0.754049,0.481209,0.080143
26500,73,40,0.0492,536,1.173875,0.852435,0.644268,0.089592
26500,94,28,0.03444,186,1.047076,0.522724,0.526056,0.060366
26500,18,22,0.02706,213,1.071953,0.434147,0.446001,0.047864
26500,70,22,0.02706,691,1.238951,0.504987,0.384629,0.026633
26500,72,21,0.02583,442,0.995631,0.345813,0.499598,0.050334
26500,26,19,0.02337,138,0.772205,0.656049,0.497617,0.069299
26500,40,19,0.02337,394,1.300176,0.323018,0.448942,0.038293
26520,73,40,0.0489,536,1.173875,0.852435,0.644268,0.089592
26520,82,40,0.0489,586,1.283248,0.722461,0.487404,0.079291
26520,94,28,0.03423,186,1.047076,0.522724,0.526056,0.060366
26520,18,22,0.026895,214,1.093517,0.437224,0.456988,0.048527
26520,70,22,0.026895,691,1.238951,0.504987,0.384629,0.026633
26520,72,21,0.025672,442,0.995631,0.345813,0.499598,0.050334
26520,26,20,0.02445,139,0.769494,0.664064,0.497127,0.070009
26520,99,19,0.023227,751,1.077815,0.499879,0.346939,0.065778
26540,73,40,0.048662,536,1.173875,0.852435,0.644268,0.089592
26540,82,39,0.047445,586,1.284163,0.716002,0.486172,0.077474
26540,94,27,0.032847,186,1.037261,0.519367,0.525941,0.060901
26540,18,22,0.026764,214,1.093517,0.437224,0.456988,0.048527
26540,72,22,0.026764,444,1.007308,0.339014,0.497195,0.050733
26540,70,20,0.024331,691,1.239451,0.509287,0.386633,0.026375
26540,26,19,0.023114,139,0.76225,0.668315,0.495879,0.070596
26540,40,18,0.021898,395,1.300111,0.322563,0.451082,0.038056
26560,82,40,0.047904,587,1.289438,0.723078,0.484768,0.076799
26560,73,39,0.046707,537,1.192604,0.856482,0.6499,0.089748
26560,94,27,0.032335,186,1.037261,0.519367,0.525941,0.060901
26560,18,22,0.026347,214,1.093517,0.437224,0.456988,0.048527
26560,72,21,0.02515,444,1.005217,0.341662,0.498238,0.050502
26560,26,20,0.023952,140,0.759907,0.67228,0.497439,0.070589
26560,70,20,0.023952,691,1.239451,0.509287,0.386633,0.026375
26560,98,20,0.023952,238,0.905789,0.551481,0.422948,0.064684
26580,73,39,0.046373,537,1.192604,0.856482,0.6499,0.089748
26580,82,37,0.043995,587,1.269823,0.729492,0.477972,0.074843
26580,94,29,0.034483,188,1.024226,0.515944,0.522256,0.060355
26580,98,23,0.027348,241,0.895438,0.555968,0.426847,0.064868
26580,18,22,0.026159,214,1.093517,0.437224,0.456988,0.048527
26580,72,22,0.026159,445,0.995682,0.341732,0.506308,0.051009
26580,70,21,0.02497,693,1.250505,0.505587,0.383897,0.026462
26580,26,20,0.023781,140,0.759907,0.67228,0.497439,0.070589
26600,73,39,0.046707,538,1.201479,0.843403,0.646446,0.089687
26600,82,36,0.043114,587,1.264102,0.736368,0.480476,0.076079
26600,94,30,0.035928,189,1.017177,0.515216,0.525663,0.060023
26600,98,23,0.027545,241,0.895438,0.555968,0.426847,0.064868
26600,18,22,0.026347,214,1.093517,0.437224,0.456988,0.048527
26600,72,22,0.026347,445,0.995682,0.341732,0.506308,0.051009
26600,70,21,0.02515,693,1.250505,0.505587,0.383897,0.026462
26600,26,20,0.023952,140,0.759907,0.67228,0.497439,0.070589
26620,73,40,0.047676,540,1.220284,0.841749,0.643411,0.089463
26620,82,39,0.046484,592,1.266585,0.73722,0.482591,0.079035
26620,94,30,0.035757,189,1.017177,0.515216,0.525663,0.060023
26620,18,23,0.027414,215,1.094996,0.437195,0.460222,0.04893
26620,98,23,0.027414,241,0.895438,0.555968,0.426847,0.064868
26620,72,22,0.026222,445,0.995682,0.341732,0.506308,0.051009
26620,26,20,0.023838,140,0.759907,0.67228,0.497439,0.070589
26620,40,20,0.023838,400,1.292002,0.322433,0.452811,0.03796
26640,73,43,0.05113,543,1.242889,0.847363,0.647056,0.089489
26640,82,40,0.047562,593,1.268311,0.730316,0.481805,0.078152
26640,94,29,0.034483,190,1.019284,0.520822,0.526269,0.060298
26640,18,23,0.027348,216,1.088008,0.436314,0.462441,0.049164
26640,98,23,0.027348,241,0.895438,0.555968,0.426847,0.064868
26640,72,22,0.026159,445,0.995682,0.341732,0.506308,0.051009
26640,26,20,0.023781,140,0.759907,0.67228,0.497439,0.070589
26640,35,20,0.023781,426,0.982615,0.328269,0.369184,0.054724
26660,73,42,0.050299,543,1.245679,0.84597,0.648095,0.088353
26660,82,40,0.047904,593,1.268311,0.730316,0.481805,0.078152
26660,94,30,0.035928,191,1.03092,0.523413,0.524823,0.059479
26660,18,23,0.027545,216,1.088008,0.436314,0.462441,0.049164
26660,72,23,0.027545,446,0.999415,0.344596,0.504783,0.050535
26660,98,22,0.026347,241,0.902494,0.550965,0.429564,0.063768
26660,35,20,0.023952,426,0.982615,0.328269,0.369184,0.054724
26660,26,19,0.022754,140,0.76446,0.674076,0.497241,0.069948
26680,73,43,0.05119,545,1.251874,0.848695,0.642805,0.089048
26680,82,40,0.047619,593,1.268311,0.730316,0.481805,0.078152
26680,94,30,0.035714,191,1.03092,0.523413,0.524823,0.059479
26680,18,24,0.028571,217,1.079822,0.436078,0.457268,0.04856
26680,98,22,0.02619,241,0.902494,0.550965,0.429564,0.063768
26680,72,21,0.025,446,0.996528,0.346177,0.502744,0.051139
26680,35,20,0.02381,427,0.986157,0.329269,0.366425,0.054362
26680,40,20,0.02381,402,1.285145,0.317606,0.447613,0.037543
26700,73,43,0.051683,545,1.251874,0.848695,0.642805,0.089048
26700,82,40,0.048077,594,1.261085,0.74169,0.484738,0.079563
26700,94,29,0.034856,191,1.03488,0.525831,0.523185,0.060049
26700,18,23,0.027644,217,1.080487,0.438306,0.46067,0.048798
26700,72,21,0.02524,446,0.996528,0.346177,0.502744,0.051139
26700,98,21,0.02524,241,0.903738,0.541828,0.429021,0.061105
26700,40,20,0.024038,403,1.27918,0.316506,0.446983,0.038133
26700,99,20,0.024038,758,1.074062,0.495381,0.360616,0.05859
26720,73,43,0.051069,548,1.254448,0.853449,0.633547,0.088851
26720,82,42,0.049881,596,1.271734,0.755338,0.486041,0.081184
26720,94,29,0.034442,191,1.03488,0.525831,0.523185,0.060049
26720,18,24,0.028504,218,1.072185,0.437396,0.456307,0.047973
26720,98,23,0.027316,243,0.906849,0.529678,0.422083,0.059954
26720,40,22,0.026128,406,1.275108,0.313956,0.443119,0.037774
26720,99,22,0.026128,761,1.087757,0.504832,0.3529,0.063392
26720,72,20,0.023753,447,1.014283,0.343994,0.500055,0.050797
26740,73,42,0.05,548,1.262663,0.857991,0.633331,0.089269
26740,82,41,0.04881,597,1.25964,0.763522,0.48289,0.081785
26740,94,31,0.036905,193,1.035985,0.523842,0.52057,0.060674
26740,18,23,0.027381,218,1.081128,0.436688,0.460376,0.047693
26740,40,22,0.02619,407,1.287809,0.313912,0.444931,0.03923
26740,98,22,0.02619,243,0.918316,0.523384,0.422,0.059093
26740,99,22,0.02619,761,1.087757,0.504832,0.3529,0.063392
26740,72,19,0.022619,448,1.003985,0.349896,0.499417,0.051053
26760,73,41,0.048868,550,1.235434,0.86546,0.643908,0.091644
26760,82,40,0.047676,597,1.253752,0.757633,0.484212,0.082568
26760,94,29,0.034565,193,1.048453,0.526261,0.519131,0.061297
26760,99,24,0.028605,763,1.077687,0.499491,0.343279,0.066185
26760,18,23,0.027414,218,1.081128,0.436688,0.460376,0.047693
26760,40,22,0.026222,407,1.287809,0.313912,0.444931,0.03923
26760,98,22,0.026222,243,0.918316,0.523384,0.422,0.059093
26760,59,19,0.022646,255,1.548808,0.88528,0.63469,0.077695
26780,73,41,0.048868,550,1.235434,0.86546,0.643908,0.091644
26780,82,38,0.045292,597,1.269798,0.773164,0.484228,0.084416
26780,94,28,0.033373,193,1.043688,0.52093,0.519597,0.061516
26780,99,25,0.029797,764,1.071838,0.502133,0.341984,0.065651
26780,18,22,0.026222,218,1.089269,0.437103,0.465384,0.048213
26780,40,22,0.026222,408,1.30114,0.313545,0.443633,0.039528
26780,98,22,0.026222,243,0.918316,0.523384,0.422,0.059093
26780,59,19,0.022646,255,1.548808,0.88528,0.63469,0.077695
26800,82,40,0.047619,599,1.288104,0.772311,0.480871,0.082589
26800,73,39,0.046429,551,1.21258,0.872585,0.644316,0.090789
26800,94,27,0.032143,193,1.038139,0.520218,0.523118,0.06213
26800,18,23,0.027381,219,1.079426,0.435492,0.459277,0.048182
26800,40,22,0.02619,408,1.30114,0.313545,0.443633,0.039528
26800,99,22,0.02619,765,1.063252,0.504727,0.343558,0.065484
26800,98,21,0.025,243,0.913489,0.531953,0.419465,0.060159
26800,72,20,0.02381,449,1.010945,0.34587,0.49746,0.051708
26820,73,39,0.046429,551,1.21258,0.872585,0.644316,0.090789
26820,82,39,0.046429,600,1.292274,0.762672,0.487777,0.085065
26820,94,27,0.032143,193,1.038139,0.520218,0.523118,0.06213
26820,18,24,0.028571,220,1.087632,0.438423,0.464133,0.048286
26820,40,23,0.027381,409,1.308332,0.313864,0.444205,0.039811
26820,99,22,0.02619,766,1.06756,0.496047,0.343849,0.064371
26820,98,21,0.025,243,0.913489,0.531953,0.419465,0.060159
26820,70,19,0.022619,700,1.246412,0.504669,0.383059,0.028021
26840,82,40,0.047004,601,1.292518,0.760334,0.487753,0.08574
26840,73,39,0.045828,552,1.211345,0.875432,0.647835,0.091024
26840,94,28,0.032902,194,1.032563,0.517663,0.523135,0.061965
26840,18,24,0.028202,220,1.087632,0.438423,0.464133,0.048286
26840,40,23,0.027027,410,1.309522,0.315506,0.446402,0.039784
26840,98,21,0.024677,243,0.913489,0.531953,0.419465,0.060159
26840,99,21,0.024677,766,1.070559,0.492852,0.341958,0.063398
26840,72,20,0.023502,451,1.006076,0.350987,0.49242,0.051607
26860,82,40,0.047281,602,1.289185,0.780856,0.486316,0.086346
26860,73,38,0.044917,552,1.214094,0.872475,0.644219,0.091031
26860,94,28,0.033097,194,1.032563,0.517663,0.523135,0.061965
26860,18,23,0.027187,220,1.097304,0.439644,0.468712,0.048369
26860,40,23,0.027187,410,1.309522,0.315506,0.446402,0.039784
26860,98,21,0.024823,243,0.913489,0.531953,0.419465,0.060159
26860,72,20,0.023641,451,1.006076,0.350987,0.49242,0.051607
26860,99,20,0.023641,767,1.075294,0.503754,0.351283,0.05949
26880,73,40,0.047393,555,1.213114,0.858832,0.642626,0.088845
26880,82,40,0.047393,604,1.299647,0.748367,0.481248,0.081598
26880,94,28,0.033175,194,1.032563,0.517663,0.523135,0.061965
26880,40,23,0.027251,410,1.309522,0.315506,0.446402,0.039784
26880,18,21,0.024882,220,1.082999,0.437207,0.458218,0.048317
26880,72,21,0.024882,452,1.001264,0.34911,0.499356,0.051531
26880,98,21,0.024882,243,0.913489,0.531953,0.419465,0.060159
26880,64,20,0.023697,432,1.23026,0.33226,0.371088,0.038746
26900,73,40,0.047619,555,1.213114,0.858832,0.642626,0.088845
26900,82,37,0.044048,604,1.314953,0.732892,0.482494,0.079077
26900,94,29,0.034524,195,1.045822,0.524037,0.520502,0.061529
26900,40,22,0.02619,410,1.299031,0.314979,0.44737,0.039184
26900,18,21,0.025,220,1.082999,0.437207,0.458218,0.048317
26900,64,21,0.025,433,1.221356,0.331314,0.370419,0.038914
26900,70,20,0.02381,704,1.220706,0.518217,0.392489,0.028501
26900,72,20,0.02381,452,0.999544,0.34737,0.502897,0.051421
26920,73,40,0.047847,555,1.213114,0.858832,0.642626,0.088845
26920,82,36,0.043062,605,1.303102,0.711114,0.480807,0.077984
26920,94,27,0.032297,196,1.045143,0.532633,0.518533,0.062145
26920,18,22,0.026316,221,1.083585,0.435502,0.455627,0.048078
26920,40,21,0.02512,411,1.316698,0.315256,0.44353,0.039786
26920,64,21,0.02512,433,1.221356,0.331314,0.370419,0.038914
26920,70,21,0.02512,705,1.229143,0.512519,0.388843,0.028418
26920,72,20,0.023923,452,0.999544,0.34737,0.502897,0.051421
26940,73,40,0.047904,556,1.222011,0.858194,0.643684,0.088685
26940,82,37,0.044311,607,1.317903,0.728919,0.479578,0.077171
26940,94,27,0.032335,196,1.045143,0.532633,0.518533,0.062145
26940,18,23,0.027545,222,1.089135,0.438472,0.461511,0.048057
26940,72,23,0.027545,455,1.006539,0.341006,0.504591,0.052418
26940,64,22,0.026347,434,1.226352,0.332465,0.37003,0.038993
26940,40,21,0.02515,412,1.305485,0.315866,0.445002,0.039495
26940,70,20,0.023952,706,1.227289,0.504256,0.3933,0.0284
26960,73,38,0.046173,556,1.230308,0.859243,0.642285,0.086385
26960,82,37,0.044957,608,1.316388,0.733025,0.485743,0.079074
26960,94,26,0.031592,196,1.044928,0.533185,0.5179,0.061696
26960,18,23,0.027947,222,1.089135,0.438472,0.461511,0.048057
26960,64,22,0.026731,435,1.223787,0.332998,0.366941,0.037563
26960,72,21,0.025516,455,1.011102,0.341272,0.501687,0.05199
26960,40,20,0.024301,413,1.307597,0.31654,0.443282,0.037517
26960,70,20,0.024301,706,1.227289,0.504256,0.3933,0.0284
26980,82,40,0.048368,611,1.321421,0.730634,0.481923,0.076425
26980,73,39,0.047158,557,1.225992,0.864101,0.646246,0.086215
26980,94,26,0.031439,196,1.044928,0.533185,0.5179,0.061696
26980,18,23,0.027811,222,1.089135,0.438472,0.461511,0.048057
26980,64,21,0.025393,435,1.230341,0.332185,0.367957,0.03786
26980,72,21,0.025393,455,1.011102,0.341272,0.501687,0.05199
26980,70,20,0.024184,707,1.210329,0.513834,0.396075,0.028357
26980,99,20,0.024184,772,1.068442,0.503956,0.360729,0.056878
27000,73,41,0.048984,559,1.247109,0.866833,0.645737,0.086835
27000,82,37,0.044205,612,1.286464,0.745767,0.479878,0.077724
27000,94,30,0.035842,200,1.048082,0.533756,0.514666,0.059632
27000,18,23,0.027479,222,1.089135,0.438472,0.461511,0.048057
27000,99,22,0.026284,775,1.061101,0.482186,0.343299,0.057911
27000,26,20,0.023895,144,0.776539,0.684911,0.510097,0.071454
27000,64,20,0.023895,435,1.224401,0.331825,0.364383,0.037469
27000,70,20,0.023895,708,1.213672,0.511926,0.392645,0.028408
27020,73,42,0.050542,560,1.249078,0.86051,0.644017,0.08643
27020,82,38,0.045728,613,1.284602,0.75504,0.478953,0.079155
27020,94,30,0.036101,201,1.034907,0.525247,0.517562,0.059265
27020,18,23,0.027677,222,1.089135,0.438472,0.461511,0.048057
27020,99,22,0.026474,775,1.061101,0.482186,0.343299,0.057911
27020,26,21,0.025271,145,0.772945,0.683944,0.510413,0.070404
27020,72,21,0.025271,456,1.017507,0.335943,0.500735,0.052773
27020,64,20,0.024067,435,1.224401,0.331825,0.364383,0.037469
27040,73,43,0.051497,561,1.247354,0.871664,0.642695,0.087361
27040,82,38,0.045509,613,1.284602,0.75504,0.478953,0.079155
27040,94,29,0.034731,201,1.025077,0.522903,0.518721,0.059985
27040,18,23,0.027545,222,1.089135,0.438472,0.461511,0.048057
27040,72,22,0.026347,457,1.013778,0.335176,0.506105,0.053074
27040,26,21,0.02515,145,0.772945,0.683944,0.510413,0.070404
27040,99,21,0.02515,776,1.05747,0.494406,0.344609,0.061089
27040,98,20,0.023952,245,0.916553,0.539844,0.428295,0.060208
27060,73,43,0.051313,562,1.24458,0.863097,0.640043,0.086172
27060,82,39,0.046539,615,1.278867,0.762602,0.484859,0.08119
27060,94,29,0.034606,201,1.025077,0.522903,0.518721,0.059985
27060,18,24,0.02864,223,1.097028,0.44279,0.465173,0.048261
27060,72,24,0.02864,459,1.010981,0.335999,0.508656,0.052444
27060,26,21,0.02506,145,0.772945,0.683944,0.510413,0.070404
27060,70,20,0.023866,711,1.219262,0.514829,0.394765,0.027115
27060,98,20,0.023866,245,0.916553,0.539844,0.428295,0.060208
27080,73,43,0.050827,563,1.241963,0.881311,0.642568,0.087507
27080,82,41,0.048463,618,1.285321,0.782827,0.480665,0.082375
27080,94,29,0.034279,201,1.025077,0.522903,0.518721,0.059985
27080,72,24,0.028369,459,1.010981,0.335999,0.508656,0.052444
27080,18,23,0.027187,223,1.107208,0.444649,0.471271,0.048295
27080,26,21,0.024823,145,0.772945,0.683944,0.510413,0.070404
27080,98,21,0.024823,246,0.924151,0.530863,0.424957,0.060166
27080,99,21,0.024823,778,1.067971,0.491423,0.354183,0.059036
27100,73,43,0.051251,563,1.241963,0.881311,0.642568,0.087507
27100,82,41,0.048868,618,1.285321,0.782827,0.480665,0.082375
27100,94,29,0.034565,201,1.025077,0.522903,0.518721,0.059985
27100,18,23,0.027414,223,1.107208,0.444649,0.471271,0.048295
27100,26,22,0.026222,146,0.772945,0.680469,0.510247,0.070212
27100,72,22,0.026222,459,1.009665,0.340391,0.505407,0.052336
27100,98,21,0.02503,246,0.924151,0.530863,0.424957,0.060166
27100,99,21,0.02503,778,1.067971,0.491423,0.354183,0.059036
27120,82,42,0.049123,619,1.267448,0.788935,0.488255,0.084491
27120,73,41,0.047953,563,1.213485,0.877851,0.63564,0.086842
27120,94,28,0.032749,202,1.029814,0.524182,0.514827,0.060852
27120,18,23,0.026901,223,1.107208,0.444649,0.471271,0.048295
27120,26,23,0.026901,147,0.767072,0.685867,0.507871,0.070929
27120,72,22,0.025731,459,1.009665,0.340391,0.505407,0.052336
27120,99,22,0.025731,780,1.089211,0.504271,0.347402,0.063348
27120,98,21,0.024561,246,0.924151,0.530863,0.424957,0.060166
27140,82,43,0.050469,620,1.250253,0.797927,0.495331,0.086543
27140,73,41,0.048122,565,1.217647,0.882719,0.631302,0.088253
27140,94,28,0.032864,202,1.029814,0.524182,0.514827,0.060852
27140,26,23,0.026995,147,0.767072,0.685867,0.507871,0.070929
27140,18,22,0.025822,223,1.107722,0.446692,0.474456,0.048533
27140,72,21,0.024648,460,0.998369,0.347021,0.504484,0.050872
27140,98,21,0.024648,246,0.924151,0.530863,0.424957,0.060166
27140,99,21,0.024648,780,1.081542,0.511802,0.347058,0.064775
27160,82,42,0.049123,620,1.25868,0.803231,0.495036,0.087651
27160,73,41,0.047953,566,1.22311,0.891693,0.631827,0.089033
27160,94,30,0.035088,204,1.036301,0.528251,0.511072,0.060929
27160,18,23,0.026901,224,1.09577,0.445438,0.468417,0.047438
27160,26,22,0.025731,148,0.776744,0.67879,0.499321,0.070774
27160,72,22,0.025731,461,0.996948,0.352149,0.503038,0.050765
27160,98,21,0.024561,246,0.924151,0.530863,0.424957,0.060166
27160,99,20,0.023392,780,1.08215,0.515086,0.3535,0.063935
27180,82,41,0.048521,621,1.228784,0.827055,0.49903,0.090325
27180,73,40,0.047337,566,1.222101,0.894504,0.635973,0.08777
27180,94,29,0.03432,204,1.040327,0.530598,0.510955,0.060811
27180,18,23,0.027219,225,1.08855,0.444412,0.465849,0.047281
27180,72,23,0.027219,462,1.002806,0.348886,0.502415,0.050756
27180,26,22,0.026036,148,0.776744,0.67879,0.499321,0.070774
27180,98,22,0.026036,247,0.918355,0.543738,0.430283,0.060344
27180,99,20,0.023669,781,1.073993,0.536101,0.358343,0.065628
27200,73,40,0.047337,567,1.220683,0.903905,0.645213,0.088685
27200,82,40,0.047337,622,1.208275,0.833371,0.512912,0.093861
27200,94,30,0.035503,205,1.044514,0.536815,0.511186,0.060848
27200,72,24,0.028402,464,0.996482,0.351116,0.501808,0.050242
27200,18,23,0.027219,225,1.08855,0.444412,0.465849,0.047281
27200,98,22,0.026036,247,0.918355,0.543738,0.430283,0.060344
27200,26,21,0.024852,148,0.778688,0.679298,0.502546,0.070561
27200,99,20,0.023669,781,1.073993,0.536101,0.358343,0.065628
27220,82,42,0.049123,625,1.202372,0.868438,0.513646,0.096754
27220,73,39,0.045614,567,1.217489,0.91155,0.646243,0.089002
27220,94,31,0.036257,206,1.034802,0.535994,0.514734,0.060629
27220,18,23,0.026901,225,1.08855,0.444412,0.465849,0.047281
27220,72,23,0.026901,465,0.982851,0.352672,0.511373,0.051031
27220,98,23,0.026901,248,0.916415,0.537756,0.429849,0.059729
27220,26,21,0.024561,148,0.778688,0.679298,0.502546,0.070561
27220,99,20,0.023392,782,1.05288,0.534949,0.362129,0.063561
27240,82,41,0.047897,625,1.206215,0.864105,0.50807,0.09518
27240,73,40,0.046729,568,1.226306,0.911954,0.642836,0.088526
27240,94,30,0.035047,206,1.025901,0.531667,0.517785,0.061261
27240,72,23,0.026869,465,0.982851,0.352672,0.511373,0.051031
27240,18,22,0.025701,225,1.082973,0.441712,0.460161,0.047267
27240,26,21,0.024533,148,0.778688,0.679298,0.502546,0.070561
27240,35,20,0.023364,444,0.990331,0.325383,0.356953,0.055063
27240,70,20,0.023364,718,1.224084,0.503073,0.392073,0.027401
27260,82,41,0.048463,625,1.206215,0.864105,0.50807,0.09518
27260,73,39,0.046099,568,1.23408,0.92292,0.647659,0.089925
27260,94,30,0.035461,206,1.025901,0.531667,0.517785,0.061261
27260,18,23,0.027187,226,1.073328,0.442356,0.457632,0.047024
27260,72,23,0.027187,465,0.982851,0.352672,0.511373,0.051031
27260,26,21,0.024823,148,0.778688,0.679298,0.502546,0.070561
27260,40,20,0.023641,422,1.303836,0.31757,0.441508,0.039032
27260,64,20,0.023641,443,1.230095,0.333691,0.369533,0.037945
27280,82,42,0.04918,626,1.194735,0.870889,0.510657,0.096877
27280,73,39,0.045667,569,1.250732,0.913054,0.645656,0.089613
27280,94,30,0.035129,207,1.029483,0.532963,0.515712,0.061899
27280,18,24,0.028103,227,1.06776,0.440475,0.453345,0.046437
27280,72,23,0.026932,466,0.988833,0.353907,0.508795,0.051036
27280,26,21,0.02459,148,0.778688,0.679298,0.502546,0.070561
27280,35,20,0.023419,446,0.992627,0.337269,0.353503,0.054475
27280,64,20,0.023419,444,1.230986,0.333627,0.369109,0.038033
27300,82,44,0.051342,630,1.202645,0.852671,0.503296,0.093931
27300,73,37,0.043174,569,1.243269,0.916904,0.646465,0.090092
27300,94,31,0.036173,209,1.028666,0.535053,0.51708,0.062056
27300,18,24,0.028005,227,1.06776,0.440475,0.453345,0.046437
27300,35,23,0.026838,449,0.984804,0.335858,0.351918,0.055378
27300,26,21,0.024504,148,0.778688,0.679298,0.502546,0.070561
27300,72,21,0.024504,466,1.002427,0.343662,0.505114,0.051355
27300,64,20,0.023337,444,1.230986,0.333627,0.369109,0.038033
27320,82,43,0.050175,631,1.20524,0.852902,0.495851,0.0942
27320,73,38,0.044341,571,1.243776,0.916091,0.642303,0.091067
27320,94,31,0.036173,209,1.028666,0.535053,0.51708,0.062056
27320,18,22,0.025671,227,1.054062,0.438747,0.447528,0.045652
27320,35,21,0.024504,449,0.975211,0.332109,0.35215,0.055876
27320,72,21,0.024504,466,1.002427,0.343662,0.505114,0.051355
27320,26,20,0.023337,148,0.785729,0.673031,0.504894,0.069754
27320,64,20,0.023337,445,1.223327,0.332439,0.374406,0.038742
27340,82,44,0.051402,633,1.193586,0.868286,0.502118,0.095888
27340,73,38,0.044393,572,1.242195,0.909851,0.643944,0.090643
27340,94,30,0.035047,209,1.032693,0.535209,0.517367,0.061412
27340,18,22,0.025701,228,1.046422,0.439257,0.445053,0.045713
27340,72,21,0.024533,466,1.002427,0.343662,0.505114,0.051355
27340,98,21,0.024533,249,0.915148,0.538316,0.428095,0.059805
27340,26,20,0.023364,148,0.785729,0.673031,0.504894,0.069754
27340,35,20,0.023364,449,0.971889,0.329906,0.353456,0.055869
27360,82,45,0.052693,634,1.200089,0.869587,0.501332,0.096084
27360,73,38,0.044496,572,1.242195,0.909851,0.643944,0.090643
27360,94,28,0.032787,209,1.016501,0.529405,0.519017,0.06085
27360,18,23,0.026932,229,1.038461,0.438092,0.441434,0.045162
27360,40,21,0.02459,425,1.305857,0.317712,0.439035,0.039024
27360,98,21,0.02459,249,0.915148,0.538316,0.428095,0.059805
27360,64,20,0.023419,447,1.242662,0.334139,0.372987,0.038495
27360,72,20,0.023419,466,0.995964,0.346991,0.505935,0.051395
27380,82,46,0.054374,635,1.206887,0.860982,0.499642,0.094853
27380,73,39,0.046099,573,1.255657,0.910902,0.644215,0.089946
27380,94,28,0.033097,209,1.016501,0.529405,0.519017,0.06085
27380,18,23,0.027187,229,1.038461,0.438092,0.441434,0.045162
27380,70,21,0.024823,726,1.222486,0.505289,0.39221,0.028779
27380,98,21,0.024823,249,0.915148,0.538316,0.428095,0.059805
27380,40,20,0.023641,425,1.305938,0.319742,0.442491,0.039041
27380,64,20,0.023641,447,1.242662,0.334139,0.372987,0.038495
27400,82,45,0.052879,636,1.192204,0.868839,0.499485,0.094099
27400,73,39,0.045828,573,1.255657,0.910902,0.644215,0.089946
27400,94,30,0.035253,211,1.030405,0.542644,0.519428,0.060402
27400,18,23,0.027027,229,1.038461,0.438092,0.441434,0.045162
27400,40,21,0.024677,426,1.315723,0.320767,0.444397,0.039264
27400,98,21,0.024677,249,0.915148,0.538316,0.428095,0.059805
27400,70,20,0.023502,726,1.228107,0.4988,0.392514,0.028736
27400,99,20,0.023502,788,1.042791,0.506879,0.353303,0.057816
27420,82,44,0.051948,636,1.202056,0.866581,0.496178,0.092433
27420,73,39,0.046045,573,1.255657,0.910902,0.644215,0.089946
27420,94,29,0.034238,211,1.024367,0.542146,0.522073,0.060819
27420,18,22,0.025974,229,1.047807,0.439012,0.446246,0.046154
27420,40,21,0.024793,427,1.321187,0.321582,0.442171,0.04001
27420,98,21,0.024793,249,0.915148,0.538316,0.428095,0.059805
27420,70,20,0.023613,727,1.247757,0.490132,0.385854,0.02869
27420,72,20,0.023613,470,1.004599,0.354177,0.499366,0.051542
27440,82,46,0.053927,638,1.183106,0.857825,0.503763,0.094092
27440,73,38,0.044549,574,1.254748,0.896958,0.645815,0.088949
27440,94,29,0.033998,211,1.024367,0.542146,0.522073,0.060819
27440,18,24,0.028136,231,1.064441,0.439426,0.455506,0.04698
27440,98,22,0.025791,250,0.920026,0.529125,0.427733,0.059583
27440,99,22,0.025791,791,1.062266,0.516935,0.35353,0.0609
27440,72,21,0.024619,471,0.99366,0.358407,0.500153,0.051029
27440,40,20,0.023447,428,1.312735,0.319245,0.441861,0.039217
27460,82,44,0.051887,639,1.179588,0.865423,0.506912,0.09565
27460,73,38,0.044811,575,1.256054,0.90493,0.646998,0.087525
27460,94,28,0.033019,211,1.029276,0.545524,0.523286,0.061545
27460,18,24,0.028302,231,1.064441,0.439426,0.455506,0.04698
27460,70,21,0.024764,729,1.234398,0.505268,0.393063,0.027767
27460,72,21,0.024764,471,0.99366,0.358407,0.500153,0.051029
27460,98,21,0.024764,250,0.929008,0.52009,0.429538,0.058549
27460,99,21,0.024764,791,1.05564,0.524723,0.353046,0.062388
27480,82,45,0.052941,640,1.17982,0.872415,0.503681,0.098219
27480,73,42,0.049412,579,1.264361,0.918465,0.643627,0.088497
27480,94,28,0.032941,213,1.013577,0.542263,0.523598,0.059588
27480,18,23,0.027059,231,1.052231,0.43584,0.45071,0.046773
27480,72,22,0.025882,472,0.98391,0.358198,0.508959,0.051318
27480,99,22,0.025882,792,1.050992,0.52403,0.356489,0.062622
27480,40,21,0.024706,429,1.308431,0.31897,0.443142,0.039049
27480,98,20,0.023529,250,0.919222,0.529605,0.434353,0.05865
27500,73,43,0.050588,580,1.268098,0.915304,0.642794,0.089309
27500,82,43,0.050588,640,1.17375,0.874671,0.506866,0.098794
27500,94,30,0.035294,215,1.018321,0.548086,0.521737,0.059758
27500,18,24,0.028235,233,1.057604,0.436582,0.457323,0.047568
27500,72,22,0.025882,472,0.98391,0.358198,0.508959,0.051318
27500,99,22,0.025882,792,1.050992,0.52403,0.356489,0.062622
27500,40,20,0.023529,429,1.311691,0.319486,0.442553,0.039363
27500,98,20,0.023529,250,0.919222,0.529605,0.434353,0.05865
27520,82,44,0.051704,642,1.179469,0.879709,0.507539,0.098611
27520,73,41,0.048179,580,1.263756,0.920824,0.645388,0.08921
27520,94,31,0.036428,216,1.011424,0.544717,0.523551,0.059575
27520,18,24,0.028202,234,1.054277,0.43626,0.459955,0.047025
27520,72,22,0.025852,472,0.98391,0.358198,0.508959,0.051318
27520,99,22,0.025852,792,1.050992,0.52403,0.356489,0.062622
27520,40,19,0.022327,429,1.305239,0.31887,0.442991,0.038874
27520,98,19,0.022327,250,0.921616,0.536103,0.435092,0.059305
27540,82,45,0.052509,643,1.186718,0.871247,0.506105,0.097165
27540,73,43,0.050175,582,1.272766,0.909941,0.646411,0.089797
27540,94,32,0.03734,217,1.012835,0.549289,0.523045,0.059859
27540,18,23,0.026838,234,1.059258,0.437958,0.464529,0.047638
27540,72,23,0.026838,473,0.982018,0.363884,0.506912,0.051378
27540,40,22,0.025671,432,1.30364,0.316282,0.440937,0.039341
27540,99,22,0.025671,792,1.050992,0.52403,0.356489,0.062622
27540,70,19,0.02217,730,1.241435,0.495902,0.391227,0.026777
27560,82,43,0.049596,644,1.184902,0.880208,0.510101,0.095665
27560,73,42,0.048443,583,1.278949,0.900167,0.638295,0.089292
27560,94,33,0.038062,218,1.013987,0.548446,0.528112,0.06069
27560,72,24,0.027682,474,0.988135,0.361188,0.50434,0.051503
27560,40,23,0.026528,433,1.31264,0.31506,0.441866,0.039508
27560,99,23,0.026528,794,1.059847,0.514212,0.35834,0.062646
27560,18,22,0.025375,234,1.068165,0.439117,0.469197,0.048301
27560,98,20,0.023068,251,0.914428,0.555482,0.435909,0.059975
27580,82,43,0.049482,645,1.193473,0.866832,0.503603,0.091744
27580,73,40,0.04603,583,1.293326,0.884782,0.641238,0.088416
27580,94,33,0.037975,218,1.013987,0.548446,0.528112,0.06069
27580,18,23,0.026467,235,1.058829,0.4391,0.463501,0.047614
27580,40,23,0.026467,433,1.31264,0.31506,0.441866,0.039508
27580,99,23,0.026467,795,1.050284,0.522024,0.359781,0.064225
27580,72,22,0.025316,474,0.989589,0.359206,0.501667,0.050723
27580,98,20,0.023015,251,0.914428,0.555482,0.435909,0.059975
27600,82,41,0.047018,645,1.192983,0.882831,0.504108,0.093525
27600,73,40,0.045872,583,1.293326,0.884782,0.641238,0.088416
27600,94,34,0.038991,219,1.019404,0.55302,0.528688,0.060409
27600,18,24,0.027523,236,1.062645,0.437691,0.467058,0.047825
27600,40,23,0.026376,433,1.31264,0.31506,0.441866,0.039508
27600,72,21,0.024083,474,0.988089,0.363778,0.50404,0.050124
27600,98,20,0.022936,251,0.914428,0.555482,0.435909,0.059975
27600,99,20,0.022936,795,1.033388,0.527453,0.359384,0.06431
27620,73,39,0.046209,584,1.293062,0.883844,0.634346,0.089403
27620,82,39,0.046209,645,1.205114,0.890187,0.495806,0.09164
27620,94,33,0.0391,220,1.011931,0.551186,0.530113,0.060921
27620,18,23,0.027251,236,1.059827,0.435444,0.463781,0.047714
27620,40,21,0.024882,433,1.311148,0.312697,0.440292,0.039286
27620,72,20,0.023697,475,0.994684,0.351405,0.504777,0.051653
27620,98,20,0.023697,251,0.914428,0.555482,0.435909,0.059975
27620,70,19,0.022512,731,1.224196,0.508623,0.394731,0.027133
27640,73,40,0.04717,587,1.262676,0.920682,0.63167,0.08882
27640,82,39,0.045991,646,1.219265,0.885336,0.492014,0.090226
27640,94,35,0.041274,223,1.008554,0.542472,0.523917,0.060808
27640,18,22,0.025943,236,1.068859,0.434486,0.46659,0.047988
27640,40,21,0.024764,433,1.311148,0.312697,0.440292,0.039286
27640,70,21,0.024764,733,1.24668,0.496978,0.389084,0.026205
27640,72,20,0.023585,475,0.994684,0.351405,0.504777,0.051653
27640,98,20,0.023585,251,0.914428,0.555482,0.435909,0.059975
27660,82,39,0.045614,646,1.219265,0.885336,0.492014,0.090226
27660,73,38,0.044444,587,1.269684,0.926521,0.627933,0.089319
27660,94,35,0.040936,223,1.008554,0.542472,0.523917,0.060808
27660,18,23,0.026901,237,1.071439,0.433086,0.468226,0.048736
27660,40,22,0.025731,434,1.30579,0.312326,0.440842,0.039059
27660,70,20,0.023392,733,1.249341,0.491724,0.388761,0.026099
27660,72,20,0.023392,476,0.988068,0.355578,0.504113,0.051288
27660,98,19,0.022222,251,0.908766,0.566813,0.434056,0.061091
27680,73,40,0.046674,589,1.281903,0.914494,0.62827,0.087924
27680,82,39,0.045508,647,1.205639,0.881451,0.494229,0.090813
27680,94,35,0.04084,224,1.006611,0.531556,0.525536,0.061656
27680,18,24,0.028005,238,1.073787,0.434574,0.467801,0.049346
27680,40,22,0.025671,434,1.30579,0.312326,0.440842,0.039059
27680,70,22,0.025671,735,1.241433,0.498455,0.391896,0.02644
27680,72,21,0.024504,477,0.980137,0.36171,0.502212,0.052176
27680,35,20,0.023337,460,0.97639,0.328674,0.345959,0.056049
27700,82,40,0.046083,648,1.195103,0.896079,0.504243,0.09294
27700,73,39,0.044931,589,1.277628,0.917378,0.63032,0.087984
27700,94,38,0.043779,227,1.012434,0.538626,0.525934,0.061317
27700,18,24,0.02765,238,1.073787,0.434574,0.467801,0.049346
27700,35,22,0.025346,462,0.980608,0.331322,0.347717,0.05613
27700,40,22,0.025346,434,1.30579,0.312326,0.440842,0.039059
27700,70,21,0.024194,735,1.231886,0.504731,0.394437,0.026901
27700,72,21,0.024194,477,0.980137,0.36171,0.502212,0.052176
27720,82,39,0.045087,648,1.18471,0.906431,0.5066,0.094337
27720,94,38,0.043931,227,1.012434,0.538626,0.525934,0.061317
27720,73,37,0.042775,590,1.282074,0.910231,0.638731,0.086712
27720,18,24,0.027746,238,1.073787,0.434574,0.467801,0.049346
27720,40,22,0.025434,436,1.321078,0.315078,0.445017,0.040609
27720,72,21,0.024277,477,0.980137,0.36171,0.502212,0.052176
27720,35,20,0.023121,462,0.987389,0.33184,0.348649,0.055971
27720,70,20,0.023121,735,1.231888,0.512011,0.397216,0.026052
27740,82,41,0.047235,650,1.184816,0.887317,0.503958,0.09215
27740,73,38,0.043779,591,1.278838,0.905747,0.631171,0.086733
27740,94,37,0.042627,227,1.015959,0.541057,0.525997,0.06142
27740,18,24,0.02765,238,1.073787,0.434574,0.467801,0.049346
27740,40,22,0.025346,437,1.32288,0.316662,0.443404,0.040588
27740,72,21,0.024194,477,0.980137,0.36171,0.502212,0.052176
27740,35,20,0.023041,462,0.987389,0.33184,0.348649,0.055971
27740,98,20,0.023041,253,0.915199,0.588029,0.43505,0.063852
27760,82,42,0.047945,652,1.18027,0.88403,0.507825,0.093359
27760,73,40,0.045662,593,1.264878,0.910136,0.638016,0.08684
27760,94,36,0.041096,227,1.010898,0.536532,0.525394,0.061706
27760,99,24,0.027397,805,1.065973,0.501968,0.341954,0.065423
27760,18,23,0.026256,238,1.082159,0.435361,0.472664,0.050231
27760,40,22,0.025114,437,1.32288,0.316662,0.443404,0.040588
27760,72,22,0.025114,478,0.986639,0.357809,0.499005,0.052027
27760,98,20,0.022831,253,0.915199,0.588029,0.43505,0.063852
27780,73,41,0.04729,596,1.254465,0.905671,0.647543,0.087257
27780,82,41,0.04729,652,1.172333,0.893423,0.509405,0.094819
27780,94,37,0.042676,228,1.004046,0.535942,0.527441,0.061526
27780,99,23,0.026528,805,1.062522,0.509052,0.340817,0.067125
27780,18,22,0.025375,238,1.078976,0.436896,0.472924,0.049547
27780,72,21,0.024221,478,0.977211,0.362855,0.502477,0.051373
27780,98,20,0.023068,253,0.915199,0.588029,0.43505,0.063852
27780,40,19,0.021915,437,1.331431,0.319428,0.445338,0.040306
27800,82,43,0.049884,655,1.180065,0.887969,0.507625,0.096102
27800,73,41,0.047564,596,1.254465,0.905671,0.647543,0.087257
27800,94,37,0.042923,229,1.012185,0.544351,0.528487,0.061242
27800,18,24,0.027842,240,1.062361,0.435382,0.462236,0.048641
27800,99,24,0.027842,806,1.06863,0.502994,0.34124,0.065452
27800,72,21,0.024362,478,0.977211,0.362855,0.502477,0.051373
27800,98,20,0.023202,253,0.915199,0.588029,0.43505,0.063852
27800,13,19,0.022042,424,0.929795,0.357313,0.459126,0.058567
27820,82,43,0.049826,656,1.174046,0.882126,0.509419,0.096447
27820,73,40,0.04635,596,1.254971,0.914394,0.649942,0.087436
27820,94,34,0.039397,229,1.006319,0.533526,0.528957,0.061762
27820,99,26,0.030127,808,1.057791,0.523443,0.345183,0.065183
27820,18,24,0.02781,240,1.062361,0.435382,0.462236,0.048641
27820,72,23,0.026651,480,0.982166,0.356149,0.495343,0.051328
27820,98,21,0.024334,254,0.910894,0.578287,0.436731,0.062374
27820,35,20,0.023175,467,0.970048,0.319921,0.363784,0.054497
27840,82,44,0.051282,657,1.176925,0.871673,0.507333,0.095254
27840,73,40,0.04662,597,1.244058,0.917051,0.647276,0.088189
27840,94,33,0.038462,229,1.002593,0.531946,0.532969,0.062111
27840,99,26,0.030303,808,1.057791,0.523443,0.345183,0.065183
27840,18,24,0.027972,240,1.062361,0.435382,0.462236,0.048641
27840,72,23,0.026807,481,0.989504,0.36438,0.484619,0.050591
27840,70,20,0.02331,738,1.233326,0.512181,0.392652,0.027043
27840,98,20,0.02331,254,0.902451,0.56465,0.438406,0.059014
27860,82,44,0.051282,659,1.178114,0.865718,0.505651,0.095011
27860,73,40,0.04662,599,1.228124,0.941176,0.649038,0.089111
27860,94,33,0.038462,229,1.002593,0.531946,0.532969,0.062111
27860,99,24,0.027972,808,1.068603,0.526832,0.353401,0.062346
27860,18,23,0.026807,240,1.056988,0.436316,0.46006,0.048211
27860,72,23,0.026807,482,0.993174,0.362547,0.495304,0.050746
27860,35,20,0.02331,469,0.969879,0.329878,0.357247,0.054252
27860,70,20,0.02331,739,1.236717,0.498896,0.387559,0.028258
27880,82,44,0.050985,659,1.178114,0.865718,0.505651,0.095011
27880,73,39,0.045191,599,1.226396,0.942448,0.650044,0.088982
27880,94,33,0.038239,230,1.011429,0.539071,0.533902,0.062549
27880,18,24,0.02781,241,1.051059,0.435578,0.454435,0.047697
27880,72,23,0.026651,482,0.993174,0.362547,0.495304,0.050746
27880,99,22,0.025492,808,1.06163,0.538194,0.351642,0.063691
27880,35,21,0.024334,470,0.965997,0.329162,0.356464,0.054003
27880,26,20,0.023175,157,0.764542,0.730269,0.533575,0.069903
27900,82,45,0.052023,660,1.190568,0.870996,0.504558,0.094025
27900,73,41,0.047399,601,1.217635,0.960324,0.645107,0.089994
27900,94,32,0.036994,230,1.012143,0.546262,0.532961,0.06143
27900,18,24,0.027746,241,1.051059,0.435578,0.454435,0.047697
27900,72,23,0.02659,482,0.993174,0.362547,0.495304,0.050746
27900,40,21,0.024277,440,1.326925,0.322466,0.442809,0.041107
27900,99,21,0.024277,808,1.048772,0.539821,0.354565,0.062391
27900,35,20,0.023121,470,0.962345,0.328016,0.359251,0.052832
27920,82,43,0.050058,660,1.200647,0.873599,0.502769,0.09369
27920,73,40,0.046566,601,1.215352,0.954234,0.642705,0.089053
27920,94,32,0.037253,230,1.012143,0.546262,0.532961,0.06143
27920,18,24,0.027939,241,1.051059,0.435578,0.454435,0.047697
27920,72,22,0.025611,482,1.003448,0.359125,0.491341,0.050971
27920,99,22,0.025611,809,1.052128,0.530755,0.353639,0.060882
27920,40,21,0.024447,441,1.33016,0.320972,0.439088,0.041016
27920,98,21,0.024447,256,0.899196,0.576973,0.445542,0.059822
27940,82,42,0.048555,661,1.20654,0.870997,0.501942,0.092486
27940,73,40,0.046243,602,1.194706,0.954921,0.631276,0.088459
27940,94,33,0.03815,231,1.011056,0.541381,0.53335,0.060891
27940,18,24,0.027746,241,1.051059,0.435578,0.454435,0.047697
27940,40,22,0.025434,444,1.29783,0.319977,0.438801,0.039587
27940,72,22,0.025434,483,1.006721,0.359561,0.493403,0.052298
27940,98,21,0.024277,256,0.899196,0.576973,0.445542,0.059822
27940,99,21,0.024277,810,1.045855,0.540042,0.35065,0.063305
27960,73,43,0.049596,605,1.195332,0.955996,0.631322,0.08843
27960,82,43,0.049596,663,1.183965,0.896319,0.50129,0.09493
27960,94,33,0.038062,232,1.019709,0.543778,0.530497,0.05993
27960,18,25,0.028835,242,1.048771,0.432955,0.451601,0.047981
27960,40,21,0.024221,444,1.303569,0.321197,0.437804,0.039857
27960,72,21,0.024221,483,1.015541,0.353619,0.494794,0.051458
27960,98,21,0.024221,256,0.899196,0.576973,0.445542,0.059822
27960,99,21,0.024221,811,1.042848,0.540073,0.351051,0.062876
27980,73,45,0.05137,607,1.19463,0.939065,0.630596,0.087575
27980,82,41,0.046804,663,1.199725,0.903317,0.503728,0.094823
27980,94,33,0.037671,233,1.020167,0.546923,0.530414,0.060862
27980,18,26,0.02968,243,1.055686,0.433175,0.455601,0.047755
27980,98,22,0.025114,257,0.895467,0.567446,0.444563,0.059305
27980,40,21,0.023973,444,1.303569,0.321197,0.437804,0.039857
27980,70,21,0.023973,744,1.229782,0.489494,0.390993,0.027543
27980,72,21,0.023973,484,1.006724,0.34503,0.51271,0.052331
28000,73,44,0.05075,607,1.204026,0.931865,0.63143,0.087305
28000,82,41,0.04729,664,1.206048,0.884021,0.499188,0.091912
28000,94,33,0.038062,233,1.020167,0.546923,0.530414,0.060862
28000,18,24,0.027682,243,1.035177,0.428022,0.445792,0.046963
28000,98,23,0.026528,258,0.891063,0.584163,0.446303,0.060135
28000,40,21,0.024221,445,1.299553,0.318315,0.430514,0.03903
28000,70,20,0.023068,744,1.230979,0.497592,0.392751,0.026736
28000,99,20,0.023068,812,1.041249,0.538713,0.353504,0.063551
28020,73,45,0.051724,609,1.210151,0.934793,0.631361,0.086709
28020,82,41,0.047126,664,1.206048,0.884021,0.499188,0.091912
28020,94,33,0.037931,233,1.020167,0.546923,0.530414,0.060862
28020,18,24,0.027586,243,1.035177,0.428022,0.445792,0.046963
28020,98,23,0.026437,258,0.891063,0.584163,0.446303,0.060135
28020,40,22,0.025287,447,1.290013,0.317051,0.43072,0.03841
28020,99,20,0.022989,812,1.041249,0.538713,0.353504,0.063551
28020,26,19,0.021839,158,0.769565,0.70411,0.526018,0.069536
28040,73,46,0.052874,610,1.212719,0.92399,0.629928,0.086741
28040,82,41,0.047126,667,1.227897,0.905924,0.507162,0.090463
28040,94,33,0.037931,233,1.020167,0.546923,0.530414,0.060862
28040,18,24,0.027586,243,1.035177,0.428022,0.445792,0.046963
28040,40,23,0.026437,448,1.301953,0.317141,0.430697,0.038579
28040,98,22,0.025287,258,0.894075,0.593287,0.44521,0.061377
28040,70,21,0.024138,746,1.213337,0.513785,0.399789,0.026674
28040,99,21,0.024138,814,1.059448,0.521624,0.357735,0.059571
28060,73,46,0.052874,610,1.212719,0.92399,0.629928,0.086741
28060,82,40,0.045977,667,1.218712,0.917991,0.508895,0.091982
28060,94,33,0.037931,233,1.020167,0.546923,0.530414,0.060862
28060,18,24,0.027586,243,1.035177,0.428022,0.445792,0.046963
28060,40,24,0.027586,449,1.298025,0.317478,0.432957,0.038576
28060,98,22,0.025287,258,0.894075,0.593287,0.44521,0.061377
28060,72,21,0.024138,487,1.013908,0.350135,0.51621,0.052534
28060,26,20,0.022989,159,0.7659,0.703767,0.522589,0.068677
28080,73,46,0.052273,610,1.212719,0.92399,0.629928,0.086741
28080,82,43,0.048864,670,1.22914,0.898675,0.502724,0.088716
28080,94,33,0.0375,233,1.020167,0.546923,0.530414,0.060862
28080,40,24,0.027273,449,1.298025,0.317478,0.432957,0.038576
28080,18,23,0.026136,243,1.042819,0.428476,0.449347,0.047627
28080,99,23,0.026136,818,1.060302,0.529412,0.353856,0.064989
28080,72,22,0.025,489,1.022396,0.346524,0.515918,0.052225
28080,98,22,0.025,258,0.894075,0.593287,0.44521,0.061377
28100,73,46,0.052752,611,1.210289,0.942283,0.628428,0.088037
28100,82,40,0.045872,670,1.200077,0.882729,0.50772,0.09142
28100,94,32,0.036697,233,1.013293,0.544537,0.530855,0.061187
28100,18,23,0.026376,243,1.042819,0.428476,0.449347,0.047627
28100,40,23,0.026376,449,1.305762,0.316618,0.431264,0.038866
28100,72,22,0.025229,489,1.022396,0.346524,0.515918,0.052225
28100,98,22,0.025229,258,0.894075,0.593287,0.44521,0.061377
28100,99,22,0.025229,818,1.05747,0.538005,0.35475,0.066617
28120,73,48,0.054545,613,1.218205,0.938696,0.628112,0.087954
28120,82,39,0.044318,670,1.191829,0.893228,0.509616,0.092873
28120,94,31,0.035227,233,1.021998,0.545607,0.527941,0.061416
28120,98,25,0.028409,261,0.911405,0.568704,0.430647,0.060489
28120,18,23,0.026136,243,1.042819,0.428476,0.449347,0.047627
28120,40,23,0.026136,449,1.305762,0.316618,0.431264,0.038866
28120,72,21,0.023864,489,1.014167,0.349431,0.517771,0.050993
28120,70,20,0.022727,748,1.240019,0.498753,0.396406,0.025951
28140,73,48,0.054299,613,1.218205,0.938696,0.628112,0.087954
28140,82,40,0.045249,671,1.188917,0.899345,0.519376,0.094565
28140,94,32,0.036199,234,1.024738,0.549308,0.526114,0.061012
28140,98,25,0.028281,261,0.911405,0.568704,0.430647,0.060489
28140,99,24,0.027149,823,1.033614,0.537518,0.345803,0.065795
28140,40,22,0.024887,450,1.296626,0.317019,0.43741,0.038903
28140,18,21,0.023756,243,1.056206,0.42947,0.460978,0.048361
28140,72,21,0.023756,489,1.014167,0.349431,0.517771,0.050993
28160,73,49,0.054627,614,1.229648,0.936404,0.624887,0.087207
28160,82,42,0.046823,673,1.187095,0.922207,0.527012,0.098363
28160,94,31,0.03456,234,1.026302,0.554602,0.52548,0.061571
28160,99,25,0.027871,825,1.033009,0.530969,0.350907,0.062672
28160,18,23,0.025641,245,1.064567,0.440659,0.47257,0.048746
28160,98,23,0.025641,261,0.91914,0.549914,0.419444,0.059981
28160,40,22,0.024526,450,1.296626,0.317019,0.43741,0.038903
28160,72,21,0.023411,489,1.014167,0.349431,0.517771,0.050993
28180,73,49,0.055367,617,1.249236,0.929892,0.622978,0.086398
28180,82,42,0.047458,675,1.164546,0.917682,0.535085,0.098354
28180,94,31,0.035028,234,1.026302,0.554602,0.52548,0.061571
28180,18,23,0.025989,245,1.064567,0.440659,0.47257,0.048746
28180,99,23,0.025989,825,1.026717,0.544203,0.352972,0.064699
28180,40,21,0.023729,450,1.301908,0.317387,0.437012,0.039134
28180,98,21,0.023729,261,0.915621,0.566297,0.42741,0.060739
28180,72,20,0.022599,489,1.018439,0.343566,0.521074,0.050772
28200,73,49,0.054994,618,1.234129,0.920801,0.619276,0.085708
28200,82,42,0.047138,677,1.126008,0.942319,0.55881,0.102708
28200,94,32,0.035915,235,1.022513,0.553916,0.522568,0.061627
28200,40,23,0.025814,452,1.30807,0.319892,0.440576,0.040142
28200,99,23,0.025814,825,1.026717,0.544203,0.352972,0.064699
28200,18,22,0.024691,245,1.067782,0.44387,0.476615,0.048471
28200,72,21,0.023569,490,1.020792,0.340668,0.515988,0.051409
28200,98,21,0.023569,261,0.915621,0.566297,0.42741,0.060739
28220,73,49,0.055556,619,1.225955,0.935718,0.62351,0.08552
28220,82,44,0.049887,679,1.135611,0.925407,0.552025,0.101262
28220,94,33,0.037415,236,1.025609,0.556258,0.521024,0.061243
28220,40,23,0.026077,452,1.30807,0.319892,0.440576,0.040142
28220,99,22,0.024943,826,1.02174,0.539378,0.356379,0.061017
28220,18,21,0.02381,245,1.064975,0.444588,0.469791,0.048328
28220,98,21,0.02381,261,0.915621,0.566297,0.42741,0.060739
28220,70,20,0.022676,752,1.251851,0.491071,0.389816,0.026152
28240,73,47,0.052988,619,1.227908,0.919917,0.623189,0.084597
28240,82,44,0.049605,680,1.134147,0.946065,0.551648,0.101835
28240,94,32,0.036077,237,1.018501,0.551764,0.523462,0.061167
28240,99,23,0.02593,827,1.026888,0.540557,0.357456,0.061448
28240,40,22,0.024803,452,1.310641,0.321267,0.440694,0.040674
28240,18,21,0.023675,245,1.064975,0.444588,0.469791,0.048328
28240,98,21,0.023675,261,0.915621,0.566297,0.42741,0.060739
28240,35,20,0.022548,480,0.982279,0.332333,0.352431,0.052498
28260,73,48,0.054237,620,1.243771,0.922465,0.628956,0.084757
28260,82,46,0.051977,682,1.118738,0.967057,0.552301,0.104897
28260,94,32,0.036158,238,1.003964,0.543117,0.525109,0.060073
28260,18,22,0.024859,246,1.080146,0.447076,0.474733,0.048221
28260,99,22,0.024859,827,1.027465,0.542688,0.356445,0.061076
28260,70,21,0.023729,753,1.242122,0.494396,0.392648,0.026156
28260,72,21,0.023729,493,0.996079,0.356613,0.510816,0.05049
28260,98,21,0.023729,261,0.915621,0.566297,0.42741,0.060739
28280,73,48,0.05436,622,1.251335,0.90543,0.637072,0.084712
28280,82,45,0.050963,682,1.112298,0.966633,0.555571,0.106159
28280,94,32,0.03624,238,1.003964,0.543117,0.525109,0.060073
28280,18,22,0.024915,247,1.080897,0.451721,0.474003,0.048493
28280,72,22,0.024915,494,0.995313,0.353492,0.50882,0.051043
28280,99,22,0.024915,827,1.027465,0.542688,0.356445,0.061076
28280,35,21,0.023783,481,0.978296,0.330576,0.352574,0.052536
28280,70,20,0.02265,753,1.230061,0.500097,0.395461,0.026606
28300,73,50,0.056243,624,1.262757,0.903062,0.640625,0.084899
28300,82,46,0.051744,683,1.118412,0.966926,0.552025,0.104879
28300,94,32,0.035996,239,1.001602,0.546262,0.527622,0.060264
28300,18,22,0.024747,247,1.080897,0.451721,0.474003,0.048493
28300,72,22,0.024747,494,0.995313,0.353492,0.50882,0.051043
28300,99,22,0.024747,828,1.034466,0.532253,0.354362,0.060035
28300,35,21,0.023622,482,0.977602,0.327008,0.355707,0.05249
28300,70,20,0.022497,753,1.230061,0.500097,0.395461,0.026606
28320,73,50,0.056497,626,1.252051,0.917155,0.640484,0.085847
28320,82,45,0.050847,684,1.122994,0.975399,0.557282,0.105412
28320,94,32,0.036158,239,1.001602,0.546262,0.527622,0.060264
28320,99,23,0.025989,829,1.038883,0.532819,0.355278,0.060373
28320,35,22,0.024859,483,0.974314,0.329698,0.354406,0.052764
28320,72,22,0.024859,494,0.995313,0.353492,0.50882,0.051043
28320,18,21,0.023729,247,1.073864,0.452343,0.470118,0.048797
28320,40,20,0.022599,454,1.294669,0.325088,0.446797,0.041164
28340,73,48,0.054608,626,1.260157,0.914027,0.640131,0.085762
28340,82,44,0.050057,684,1.122883,0.98246,0.558782,0.106565
28340,94,33,0.037543,240,0.999666,0.543243,0.526853,0.059827
28340,35,22,0.025028,484,0.965092,0.325756,0.355841,0.0522
28340,99,22,0.025028,830,1.041363,0.531674,0.356659,0.061133
28340,18,21,0.023891,247,1.073864,0.452343,0.470118,0.048797
28340,72,21,0.023891,494,0.993245,0.351587,0.510216,0.051832
28340,40,20,0.022753,454,1.294669,0.325088,0.446797,0.041164
28360,73,47,0.05347,627,1.253713,0.934595,0.631786,0.086768
28360,82,45,0.051195,687,1.124205,0.989004,0.55752,0.105873
28360,94,33,0.037543,240,0.999666,0.543243,0.526853,0.059827
28360,99,25,0.028441,833,1.037714,0.539854,0.355294,0.067144
28360,18,21,0.023891,247,1.073864,0.452343,0.470118,0.048797
28360,72,21,0.023891,494,0.993245,0.351587,0.510216,0.051832
28360,40,20,0.022753,454,1.294669,0.325088,0.446797,0.041164
28360,70,20,0.022753,755,1.227754,0.51043,0.399224,0.025248
28380,82,47,0.053409,690,1.118859,0.96043,0.563429,0.104614
28380,73,46,0.052273,627,1.248892,0.939932,0.633084,0.08729
28380,94,33,0.0375,240,0.999666,0.543243,0.526853,0.059827
28380,99,25,0.028409,833,1.037714,0.539854,0.355294,0.067144
28380,18,23,0.026136,249,1.086565,0.456731,0.479809,0.049092
28380,72,22,0.025,495,1.00235,0.347277,0.506097,0.051491
28380,35,20,0.022727,485,0.956498,0.313519,0.362687,0.052475
28380,70,20,0.022727,756,1.212196,0.51735,0.405898,0.02574
28400,82,46,0.052632,690,1.127381,0.952155,0.556112,0.103639
28400,73,45,0.051487,628,1.233685,0.937612,0.625534,0.085802
28400,94,35,0.040046,242,1.007481,0.550124,0.525667,0.059356
28400,18,25,0.028604,251,1.069972,0.453346,0.469857,0.047942
28400,99,25,0.028604,833,1.037714,0.539854,0.355294,0.067144
28400,40,21,0.024027,457,1.275676,0.326897,0.444,0.040795
28400,35,20,0.022883,486,0.961501,0.314998,0.358471,0.052899
28400,72,20,0.022883,495,1.010234,0.350179,0.501299,0.050562
28420,82,46,0.052813,691,1.14225,0.951377,0.550563,0.101515
28420,73,44,0.050517,630,1.226653,0.952808,0.617696,0.086411
28420,94,36,0.041332,243,1.004877,0.546659,0.525274,0.059417
28420,18,24,0.027555,252,1.047401,0.445976,0.453128,0.047313
28420,99,24,0.027555,833,1.033446,0.538743,0.354217,0.066987
28420,40,23,0.026406,460,1.28749,0.324792,0.437403,0.040294
28420,72,21,0.02411,496,1.011129,0.351784,0.499475,0.05007
28420,35,19,0.021814,486,0.962567,0.315748,0.358327,0.053412
28440,82,47,0.054273,693,1.143878,0.950033,0.556613,0.103968
28440,73,43,0.049654,630,1.219072,0.959087,0.615847,0.087024
28440,94,35,0.040416,244,1.002813,0.542479,0.523951,0.059753
28440,18,24,0.027714,252,1.047401,0.445976,0.453128,0.047313
28440,99,24,0.027714,833,1.033446,0.538743,0.354217,0.066987
28440,40,23,0.026559,460,1.28749,0.324792,0.437403,0.040294
28440,72,20,0.023095,496,1.011302,0.349813,0.501872,0.050319
28440,35,19,0.02194,486,0.962567,0.315748,0.358327,0.053412
28460,82,49,0.056647,696,1.173305,0.973441,0.554733,0.102962
28460,73,42,0.048555,630,1.226604,0.969963,0.618324,0.088077
28460,94,35,0.040462,245,1.001142,0.541654,0.523547,0.059608
28460,18,23,0.02659,252,1.040729,0.442816,0.448876,0.046944
28460,40,23,0.02659,460,1.28749,0.324792,0.437403,0.040294
28460,99,22,0.025434,835,1.019244,0.545663,0.353886,0.065983
28460,72,20,0.023121,496,1.011302,0.349813,0.501872,0.050319
28460,98,19,0.021965,262,0.905689,0.566892,0.430544,0.05933
28480,82,48,0.055427,696,1.16843,0.983956,0.557667,0.104235
28480,73,43,0.049654,631,1.218329,0.973471,0.621182,0.088078
28480,94,35,0.040416,245,1.001142,0.541654,0.523547,0.059608
28480,18,23,0.026559,253,1.041742,0.444051,0.449029,0.047077
28480,40,22,0.025404,460,1.293143,0.324906,0.436239,0.040637
28480,99,22,0.025404,835,1.019244,0.545663,0.353886,0.065983
28480,72,21,0.024249,498,1.022901,0.345999,0.495509,0.050191
28480,70,20,0.023095,759,1.233631,0.492668,0.395999,0.026617
28500,82,47,0.054023,697,1.161303,0.98966,0.558322,0.104787
28500,73,44,0.050575,632,1.219697,0.962601,0.62114,0.088025
28500,94,34,0.03908,245,0.996252,0.536019,0.522147,0.059731
28500,18,24,0.027586,254,1.050152,0.448557,0.451592,0.047272
28500,40,21,0.024138,460,1.284885,0.325098,0.435261,0.040381
28500,72,21,0.024138,498,1.022901,0.345999,0.495509,0.050191
28500,99,21,0.024138,835,1.026269,0.542365,0.35558,0.066696
28500,70,20,0.022989,759,1.233631,0.492668,0.395999,0.026617
28520,82,48,0.054732,699,1.151906,0.979472,0.560429,0.104152
28520,73,46,0.052452,634,1.216055,0.97464,0.623854,0.088657
28520,94,37,0.042189,248,0.982547,0.53149,0.528364,0.059224
28520,18,25,0.028506,255,1.040058,0.44793,0.447596,0.047081
28520,40,22,0.025086,462,1.29541,0.325544,0.434695,0.040906
28520,72,21,0.023945,498,1.022901,0.345999,0.495509,0.050191
28520,99,21,0.023945,836,1.026083,0.55662,0.353709,0.067935
28520,70,20,0.022805,760,1.237207,0.493547,0.394309,0.026945
28540,82,48,0.054732,699,1.151906,0.979472,0.560429,0.104152
28540,73,44,0.050171,634,1.213622,0.983828,0.631414,0.088946
28540,94,36,0.041049,249,0.98491,0.533356,0.525391,0.059479
28540,18,24,0.027366,255,1.045543,0.449303,0.451124,0.047531
28540,40,23,0.026226,464,1.303669,0.323671,0.432601,0.040571
28540,72,22,0.025086,499,1.016468,0.351119,0.492775,0.04992
28540,99,21,0.023945,836,1.026083,0.55662,0.353709,0.067935
28540,70,19,0.021665,761,1.245366,0.47419,0.388118,0.027688
28560,82,47,0.053107,699,1.144531,0.990192,0.562926,0.105524
28560,73,43,0.048588,634,1.218198,0.982308,0.633818,0.088939
28560,94,36,0.040678,250,0.997679,0.537106,0.523885,0.059388
28560,40,24,0.027119,465,1.3128,0.323685,0.433114,0.040776
28560,18,23,0.025989,255,1.051989,0.450345,0.456192,0.047822
28560,72,23,0.025989,501,1.004088,0.351987,0.516872,0.050811
28560,99,22,0.024859,837,1.031295,0.547061,0.35383,0.066157
28560,26,19,0.021469,164,0.772177,0.782125,0.512254,0.069809
28580,82,46,0.051685,701,1.132773,0.970451,0.561969,0.1044
28580,73,43,0.048315,635,1.221495,0.973807,0.635223,0.088394
28580,94,36,0.040449,250,0.997679,0.537106,0.523885,0.059388
28580,40,25,0.02809,466,1.306535,0.325527,0.434628,0.040662
28580,18,23,0.025843,256,1.050365,0.452778,0.455431,0.047572
28580,72,23,0.025843,501,1.004088,0.351987,0.516872,0.050811
28580,99,22,0.024719,837,1.031295,0.547061,0.35383,0.066157
28580,26,19,0.021348,164,0.772177,0.782125,0.512254,0.069809
28600,82,47,0.052514,702,1.139687,0.971414,0.558735,0.103326
28600,73,43,0.048045,636,1.23671,0.967494,0.627543,0.087352
28600,94,36,0.040223,250,0.997679,0.537106,0.523885,0.059388
28600,18,24,0.026816,257,1.062313,0.457387,0.459968,0.047725
28600,40,24,0.026816,466,1.311266,0.32474,0.433087,0.039646
28600,72,23,0.025698,501,1.004088,0.351987,0.516872,0.050811
28600,99,23,0.025698,838,1.029281,0.551686,0.356917,0.066359
28600,26,19,0.021229,164,0.772177,0.782125,0.512254,0.069809
28620,82,48,0.053571,705,1.141742,0.983091,0.555236,0.108097
28620,73,43,0.047991,637,1.24048,0.967737,0.633013,0.08663
28620,94,36,0.040179,251,1.004453,0.544081,0.523915,0.059017
28620,18,24,0.026786,257,1.062313,0.457387,0.459968,0.047725
28620,99,23,0.02567,840,1.035176,0.543453,0.362233,0.062575
28620,40,22,0.024554,466,1.303641,0.324983,0.434134,0.040077
28620,72,22,0.024554,502,0.994442,0.353432,0.519913,0.050504
28620,98,20,0.022321,264,0.900603,0.578411,0.43576,0.06015
28640,82,49,0.05481,706,1.129969,0.995683,0.561487,0.11021
28640,73,45,0.050336,639,1.248183,0.957702,0.63018,0.085912
28640,94,34,0.038031,251,1.006797,0.544472,0.523863,0.059458
28640,18,25,0.027964,258,1.05619,0.455315,0.455407,0.047004
28640,40,23,0.025727,467,1.30201,0.32388,0.432995,0.039647
28640,99,23,0.025727,840,1.035176,0.543453,0.362233,0.062575
28640,72,21,0.02349,502,0.989692,0.35756,0.5249,0.050203
28640,98,20,0.022371,264,0.900603,0.578411,0.43576,0.06015
28660,82,48,0.054115,706,1.12035,1.006754,0.564316,0.111686
28660,73,45,0.050733,639,1.248183,0.957702,0.63018,0.085912
28660,94,33,0.037204,252,1.016296,0.551314,0.523641,0.059556
28660,18,25,0.028185,258,1.05619,0.455315,0.455407,0.047004
28660,40,24,0.027057,468,1.296297,0.323856,0.434487,0.039345
28660,99,21,0.023675,840,1.030442,0.553236,0.364908,0.064414
28660,72,20,0.022548,502,0.999848,0.353152,0.524519,0.05029
28660,98,20,0.022548,264,0.900603,0.578411,0.43576,0.06015
28680,82,50,0.055741,709,1.146839,0.974511,0.557693,0.105624
28680,73,47,0.052397,641,1.236547,0.991636,0.630946,0.08689
28680,94,31,0.03456,252,1.021392,0.548734,0.522934,0.059896
28680,18,24,0.026756,258,1.064785,0.457042,0.459885,0.047581
28680,40,22,0.024526,468,1.302811,0.32481,0.436858,0.039821
28680,99,21,0.023411,840,1.030442,0.553236,0.364908,0.064414
28680,13,20,0.022297,450,0.902115,0.353396,0.465942,0.056265
28680,59,20,0.022297,283,1.518008,0.907106,0.607885,0.080247
28700,73,48,0.053452,642,1.234633,0.994815,0.630528,0.086891
28700,82,48,0.053452,709,1.142,0.987125,0.556256,0.103794
28700,94,32,0.035635,253,1.022242,0.549109,0.521027,0.060796
28700,18,24,0.026726,259,1.071645,0.461535,0.465307,0.047367
28700,40,24,0.026726,470,1.306303,0.325151,0.437328,0.039986
28700,99,22,0.024499,841,1.034143,0.544457,0.364702,0.063112
28700,13,20,0.022272,451,0.903246,0.350539,0.46915,0.054987
28700,59,20,0.022272,283,1.518008,0.907106,0.607885,0.080247
28720,82,48,0.054115,711,1.12474,0.970153,0.556297,0.103931
28720,73,47,0.052988,642,1.241883,0.976316,0.635468,0.08579
28720,94,33,0.037204,254,1.028386,0.552211,0.518714,0.060577
28720,40,23,0.02593,470,1.296891,0.3252,0.436997,0.039748
28720,18,22,0.024803,259,1.062214,0.461981,0.458931,0.046023
28720,99,22,0.024803,841,1.034143,0.544457,0.364702,0.063112
28720,72,21,0.023675,503,1.003374,0.349486,0.521287,0.050349
28720,13,20,0.022548,451,0.903246,0.350539,0.46915,0.054987
28740,73,48,0.054299,643,1.243505,0.978485,0.634332,0.086178
28740,82,48,0.054299,712,1.115416,0.956998,0.560136,0.10471
28740,94,32,0.036199,255,1.020997,0.54964,0.520462,0.061152
28740,18,22,0.024887,259,1.062214,0.461981,0.458931,0.046023
28740,40,21,0.023756,470,1.307022,0.325726,0.437277,0.040492
28740,70,21,0.023756,771,1.226053,0.500111,0.398773,0.029132
28740,72,21,0.023756,504,0.997431,0.348956,0.509544,0.050319
28740,98,20,0.022624,264,0.900603,0.578411,0.43576,0.06015
28760,82,49,0.05518,714,1.099264,0.985381,0.569264,0.108358
28760,73,48,0.054054,645,1.24613,0.973447,0.631694,0.086836
28760,94,31,0.03491,255,1.010975,0.548889,0.521756,0.061855
28760,18,23,0.025901,260,1.06233,0.462968,0.456861,0.046859
28760,40,21,0.023649,471,1.290679,0.326298,0.437593,0.040731
28760,70,21,0.023649,771,1.226053,0.500111,0.398773,0.029132
28760,72,21,0.023649,504,0.997431,0.348956,0.509544,0.050319
28760,35,20,0.022523,497,0.957771,0.321111,0.368029,0.054019
28780,73,49,0.055242,647,1.248896,0.97874,0.637919,0.086698
28780,82,48,0.054115,715,1.094025,0.947907,0.560557,0.103707
28780,94,32,0.036077,256,1.00948,0.545188,0.521294,0.061899
28780,70,23,0.02593,773,1.224853,0.508208,0.398233,0.029197
28780,18,22,0.024803,260,1.054091,0.458912,0.454422,0.046635
28780,35,22,0.024803,499,0.962594,0.327689,0.360043,0.053784
28780,40,21,0.023675,472,1.283596,0.32566,0.442015,0.040214
28780,72,21,0.023675,504,0.997431,0.348956,0.509544,0.050319
28800,73,50,0.055432,649,1.244412,0.979903,0.636161,0.086571
28800,82,50,0.055432,717,1.09305,0.947889,0.56407,0.103101
28800,94,33,0.036585,257,1.014751,0.55057,0.519379,0.06151
28800,35,25,0.027716,502,0.959821,0.324214,0.360948,0.053982
28800,18,24,0.026608,262,1.057178,0.459667,0.452287,0.048078
28800,40,22,0.02439,473,1.283157,0.324816,0.44095,0.041108
28800,70,21,0.023282,773,1.224151,0.503778,0.394482,0.029173
28800,72,21,0.023282,504,0.997431,0.348956,0.509544,0.050319
28820,73,51,0.057175,651,1.247234,0.976863,0.635274,0.085565
28820,82,48,0.053812,719,1.079307,0.943495,0.572939,0.104328
28820,94,33,0.036996,257,1.014751,0.55057,0.519379,0.06151
28820,35,25,0.028027,502,0.959821,0.324214,0.360948,0.053982
28820,18,24,0.026906,263,1.05811,0.457846,0.450481,0.048135
28820,40,23,0.025785,474,1.280571,0.325654,0.440958,0.041126
28820,72,22,0.024664,506,0.995316,0.351327,0.520665,0.052958
28820,98,22,0.024664,266,0.902378,0.589248,0.435434,0.06063
28840,73,53,0.059086,653,1.241668,0.980512,0.630355,0.085577
28840,82,50,0.055741,721,1.077242,0.961746,0.57552,0.1056
28840,94,33,0.036789,257,1.014751,0.55057,0.519379,0.06151
28840,18,24,0.026756,263,1.05811,0.457846,0.450481,0.048135
28840,35,24,0.026756,502,0.958586,0.32592,0.360059,0.053978
28840,40,23,0.025641,475,1.288658,0.32603,0.439942,0.041634
28840,98,22,0.024526,266,0.902378,0.589248,0.435434,0.06063
28840,99,22,0.024526,847,1.037353,0.558754,0.358515,0.065991
28860,73,52,0.058296,653,1.242984,0.977669,0.628832,0.085399
28860,82,48,0.053812,722,1.090321,0.992425,0.57928,0.106581
28860,94,34,0.038117,258,1.017856,0.552817,0.519051,0.061138
28860,18,25,0.028027,265,1.06218,0.456935,0.44862,0.048246
28860,35,24,0.026906,502,0.958586,0.32592,0.360059,0.053978
28860,72,23,0.025785,508,1.01384,0.344597,0.519475,0.053983
28860,40,22,0.024664,475,1.281087,0.326743,0.440681,0.04145
28860,99,22,0.024664,848,1.039691,0.542878,0.360724,0.064595
28880,73,51,0.057432,654,1.254291,0.96797,0.635,0.085993
28880,82,48,0.054054,724,1.094585,0.997008,0.580022,0.106397
28880,94,33,0.037162,259,1.002376,0.542598,0.520333,0.061298
28880,18,24,0.027027,265,1.068552,0.459075,0.452898,0.04902
28880,35,23,0.025901,502,0.958888,0.325004,0.360164,0.053383
28880,40,23,0.025901,476,1.28587,0.327466,0.439936,0.041639
28880,72,23,0.025901,508,1.01384,0.344597,0.519475,0.053983
28880,70,22,0.024775,777,1.232743,0.504156,0.39065,0.028252
28900,73,50,0.056625,654,1.252229,0.973248,0.635739,0.086541
28900,82,49,0.055493,725,1.102439,0.996253,0.575666,0.105147
28900,94,32,0.03624,259,1.006466,0.543408,0.518833,0.060515
28900,18,25,0.028313,266,1.062474,0.456834,0.449058,0.048914
28900,72,23,0.026048,510,1.004234,0.356465,0.519047,0.054673
28900,40,22,0.024915,478,1.276528,0.327538,0.441764,0.042287
28900,98,22,0.024915,267,0.898248,0.594643,0.434042,0.061239
28900,99,22,0.024915,849,1.039181,0.543336,0.362269,0.064173
28920,73,48,0.054545,654,1.264042,0.936945,0.635616,0.085535
28920,82,47,0.053409,727,1.097622,0.987458,0.579974,0.104637
28920,94,33,0.0375,260,1.013054,0.548818,0.518651,0.060221
28920,18,26,0.029545,267,1.071038,0.460178,0.454327,0.048942
28920,72,23,0.026136,510,1.004234,0.356465,0.519047,0.054673
28920,40,22,0.025,478,1.276528,0.327538,0.441764,0.042287
28920,98,22,0.025,267,0.898248,0.594643,0.434042,0.061239
28920,99,22,0.025,849,1.039181,0.543336,0.362269,0.064173
28940,82,46,0.052452,728,1.07766,1.009032,0.591399,0.107099
28940,73,45,0.051311,654,1.266629,0.94381,0.637215,0.08568
28940,94,34,0.038769,261,1.015955,0.552017,0.517807,0.059585
28940,99,25,0.028506,852,1.024622,0.54784,0.348887,0.067693
28940,18,24,0.027366,267,1.059255,0.454627,0.444529,0.048763
28940,40,24,0.027366,480,1.271226,0.32926,0.442068,0.041942
28940,72,22,0.025086,510,1.01503,0.353087,0.516632,0.055483
28940,98,21,0.023945,267,0.903072,0.603903,0.434,0.061868
28960,73,46,0.052511,655,1.275175,0.939433,0.641988,0.085332
28960,82,44,0.050228,728,1.089491,1.000974,0.585421,0.104642
28960,94,34,0.038813,261,1.015955,0.552017,0.517807,0.059585
28960,18,24,0.027397,267,1.059255,0.454627,0.444529,0.048763
28960,99,24,0.027397,853,1.022523,0.543192,0.353549,0.062632
28960,40,22,0.025114,480,1.27595,0.330308,0.442765,0.04273
28960,26,21,0.023973,170,0.763748,0.887873,0.531267,0.071628
28960,72,20,0.022831,510,1.004709,0.35864,0.513057,0.055009
28980,73,48,0.054176,657,1.264266,0.974542,0.632312,0.086336
28980,82,46,0.051919,730,1.103222,0.976288,0.577386,0.102101
28980,94,33,0.037246,261,1.012792,0.549745,0.518098,0.059909
28980,99,25,0.028217,854,1.027562,0.536604,0.353477,0.061568
28980,18,24,0.027088,267,1.059255,0.454627,0.444529,0.048763
28980,26,22,0.024831,171,0.759187,0.884839,0.533044,0.071477
28980,40,21,0.023702,480,1.273401,0.330289,0.443265,0.042203
28980,70,21,0.023702,779,1.25181,0.49458,0.382409,0.027728
29000,73,47,0.052809,657,1.261934,0.974405,0.631797,0.086198
29000,82,46,0.051685,733,1.118305,0.975361,0.576997,0.104379
29000,94,33,0.037079,262,1.012649,0.549007,0.519469,0.059661
29000,18,24,0.026966,267,1.059255,0.454627,0.444529,0.048763
29000,26,22,0.024719,171,0.759187,0.884839,0.533044,0.071477
29000,40,22,0.024719,482,1.284272,0.331083,0.445707,0.042918
29000,99,22,0.024719,854,1.024021,0.544714,0.355629,0.060981
29000,98,21,0.023596,268,0.905021,0.608756,0.436394,0.059504
29020,73,48,0.053571,660,1.244391,0.988918,0.631145,0.085549
29020,82,47,0.052455,734,1.118113,0.970047,0.575312,0.104319
29020,94,34,0.037946,265,1.00514,0.546958,0.525157,0.059336
29020,18,27,0.030134,270,1.056098,0.457287,0.443847,0.048256
29020,99,23,0.02567,855,1.021687,0.548276,0.355034,0.060469
29020,40,22,0.024554,482,1.284272,0.331083,0.445707,0.042918
29020,26,21,0.023438,171,0.765041,0.88481,0.531129,0.07232
29020,98,21,0.023438,268,0.905021,0.608756,0.436394,0.059504
29040,73,49,0.054749,662,1.261105,0.987705,0.631645,0.086593
29040,82,47,0.052514,734,1.118113,0.970047,0.575312,0.104319
29040,94,34,0.037989,265,1.00514,0.546958,0.525157,0.059336
29040,18,27,0.030168,271,1.063983,0.461608,0.450816,0.048662
29040,40,23,0.025698,484,1.284685,0.329268,0.445972,0.04243
29040,99,23,0.025698,856,1.023027,0.546481,0.354249,0.062518
29040,26,20,0.022346,171,0.770711,0.894202,0.532564,0.072385
29040,98,20,0.022346,268,0.89583,0.621262,0.436945,0.060163
29060,73,50,0.056243,664,1.261862,0.991406,0.633498,0.087388
29060,82,49,0.055118,736,1.102353,0.997094,0.579776,0.107381
29060,94,35,0.03937,266,1.006941,0.543184,0.526281,0.059372
29060,18,27,0.030371,272,1.049621,0.45917,0.442177,0.048048
29060,40,23,0.025872,485,1.283492,0.330803,0.447527,0.042593
29060,99,23,0.025872,856,1.023027,0.546481,0.354249,0.062518
29060,26,21,0.023622,172,0.769194,0.930597,0.530859,0.073412
29060,98,20,0.022497,268,0.89583,0.621262,0.436945,0.060163
29080,73,53,0.059484,667,1.273306,0.980708,0.631838,0.085823
29080,82,50,0.056117,737,1.107761,0.985671,0.576766,0.106179
29080,94,35,0.039282,267,1.006078,0.545486,0.528797,0.059347
29080,18,26,0.029181,272,1.056553,0.461056,0.445826,0.048742
29080,99,25,0.028058,858,1.029597,0.540022,0.353,0.061309
29080,40,22,0.024691,485,1.284322,0.330714,0.44524,0.04268
29080,98,22,0.024691,270,0.907395,0.602409,0.422767,0.059787
29080,72,20,0.022447,514,0.994001,0.364492,0.498891,0.054576
29100,73,53,0.059618,667,1.273306,0.980708,0.631838,0.085823
29100,82,48,0.053993,737,1.115061,0.996027,0.573442,0.106751
29100,94,35,0.03937,268,1.002413,0.544574,0.52962,0.059074
29100,18,25,0.028121,272,1.065087,0.462119,0.450133,0.049407
29100,99,24,0.026997,858,1.025453,0.540493,0.356012,0.059389
29100,40,22,0.024747,485,1.284322,0.330714,0.44524,0.04268
29100,98,22,0.024747,271,0.919062,0.575203,0.416347,0.058866
29100,26,21,0.023622,174,0.763811,0.945438,0.539492,0.073256
29120,73,52,0.058757,668,1.263588,0.972457,0.626416,0.085351
29120,82,50,0.056497,739,1.089862,1.009469,0.579503,0.107686
29120,94,36,0.040678,269,1.003042,0.550994,0.528748,0.059535
29120,18,24,0.027119,272,1.071274,0.46458,0.454017,0.049533
29120,26,23,0.025989,176,0.760105,1.045692,0.547758,0.075073
29120,98,22,0.024859,271,0.919062,0.575203,0.416347,0.058866
29120,99,21,0.023729,858,1.019534,0.553849,0.352779,0.061301
29120,59,20,0.022599,290,1.536266,0.928746,0.638441,0.083269
29140,73,52,0.058427,668,1.263588,0.972457,0.626416,0.085351
29140,82,51,0.057303,741,1.095736,0.999765,0.577276,0.106534
29140,94,37,0.041573,270,0.998118,0.549406,0.531264,0.059376
29140,18,25,0.02809,273,1.079835,0.470144,0.456941,0.049615
29140,26,23,0.025843,176,0.760105,1.045692,0.547758,0.075073
29140,98,22,0.024719,272,0.905091,0.591511,0.431599,0.059937
29140,99,22,0.024719,860,1.010428,0.562474,0.350507,0.064618
29140,40,21,0.023596,487,1.282727,0.330509,0.443414,0.042824
29160,73,53,0.058889,669,1.269208,0.968278,0.625495,0.085146
29160,82,51,0.056667,742,1.091857,1.025847,0.58542,0.10998
29160,94,37,0.041111,271,0.997143,0.544877,0.534401,0.060995
29160,18,25,0.027778,273,1.079835,0.470144,0.456941,0.049615
29160,26,23,0.025556,176,0.760105,1.045692,0.547758,0.075073
29160,40,22,0.024444,488,1.279713,0.328714,0.443667,0.042454
29160,98,22,0.024444,273,0.896939,0.589335,0.437776,0.058543
29160,99,21,0.023333,860,1.011609,0.564594,0.347484,0.06515
29180,73,52,0.05765,670,1.268012,0.958697,0.630735,0.08497
29180,82,50,0.055432,743,1.086498,1.012936,0.587586,0.109304
29180,94,37,0.04102,271,0.997143,0.544877,0.534401,0.060995
29180,18,26,0.028825,274,1.071377,0.469261,0.45211,0.048757
29180,26,24,0.026608,177,0.76233,1.040026,0.547639,0.07454
29180,40,23,0.025499,489,1.278002,0.328553,0.442819,0.04219
29180,98,21,0.023282,273,0.896315,0.578588,0.434219,0.058898
29180,99,21,0.023282,861,1.021583,0.551396,0.347753,0.064281
29200,73,54,0.059406,673,1.254081,0.960383,0.630965,0.084946
29200,82,49,0.053905,743,1.078975,1.014013,0.591287,0.110509
29200,94,36,0.039604,271,0.994017,0.541567,0.536204,0.061343
29200,18,26,0.028603,274,1.071377,0.469261,0.45211,0.048757
29200,40,25,0.027503,491,1.269964,0.327893,0.441573,0.04279
29200,26,22,0.024202,177,0.770366,1.058497,0.545902,0.075593
29200,13,20,0.022002,469,0.898068,0.355553,0.458252,0.055659
29200,35,20,0.022002,512,0.963194,0.321703,0.351771,0.053841
29220,73,52,0.058101,673,1.244457,0.966831,0.634226,0.085753
29220,82,48,0.053631,743,1.071706,1.025316,0.595401,0.111716
29220,94,34,0.037989,271,1.001669,0.547549,0.533221,0.06185
29220,18,26,0.02905,275,1.061126,0.469281,0.445356,0.048057
29220,40,25,0.027933,491,1.269964,0.327893,0.441573,0.04279
29220,26,21,0.023464,177,0.774793,1.068883,0.54365,0.076293
29220,72,21,0.023464,518,0.984382,0.371078,0.507039,0.053584
29220,98,20,0.022346,273,0.888589,0.589848,0.438764,0.058936
29240,73,53,0.059284,674,1.246779,0.966405,0.633879,0.085438
29240,82,46,0.051454,743,1.07618,1.02585,0.593227,0.110945
29240,94,34,0.038031,271,1.001669,0.547549,0.533221,0.06185
29240,18,26,0.029083,277,1.045398,0.467652,0.43753,0.047935
29240,40,24,0.026846,491,1.265588,0.328702,0.442336,0.042703
29240,26,21,0.02349,177,0.774793,1.068883,0.54365,0.076293
29240,70,21,0.02349,787,1.229675,0.505592,0.391455,0.026899
29240,72,21,0.02349,519,0.994133,0.360598,0.504361,0.053396
29260,73,53,0.059484,676,1.246773,0.976306,0.639164,0.087031
29260,82,46,0.051627,745,1.115107,1.027308,0.582057,0.109604
29260,94,35,0.039282,272,1.008987,0.552694,0.532977,0.061441
29260,18,26,0.029181,277,1.045398,0.467652,0.43753,0.047935
29260,40,21,0.023569,492,1.246552,0.329553,0.438978,0.041603
29260,98,21,0.023569,274,0.88832,0.581136,0.436701,0.057871
29260,13,20,0.022447,470,0.896907,0.357977,0.453976,0.055213
29260,26,20,0.022447,177,0.774173,1.090813,0.548852,0.07683
29280,73,52,0.058101,677,1.245967,0.979592,0.636644,0.086759
29280,82,44,0.049162,746,1.111932,1.013811,0.564318,0.104018
29280,94,35,0.039106,272,1.008987,0.552694,0.532977,0.061441
29280,18,26,0.02905,277,1.045398,0.467652,0.43753,0.047935
29280,70,22,0.024581,790,1.248162,0.493068,0.385535,0.02689
29280,72,22,0.024581,521,1.001178,0.350163,0.506346,0.054561
29280,40,21,0.023464,492,1.246552,0.329553,0.438978,0.041603
29280,98,21,0.023464,274,0.88832,0.581136,0.436701,0.057871
29300,73,52,0.058166,678,1.244254,0.98187,0.635165,0.086265
29300,82,42,0.04698,746,1.095369,1.026551,0.55947,0.102321
29300,94,34,0.038031,272,1.005577,0.551751,0.533347,0.061077
29300,18,27,0.030201,278,1.046793,0.465481,0.439784,0.048208
29300,40,23,0.025727,494,1.249423,0.327228,0.437418,0.041823
29300,70,22,0.024609,791,1.232843,0.501683,0.393335,0.02654
29300,72,22,0.024609,522,0.989412,0.359261,0.505295,0.054593
29300,98,21,0.02349,274,0.88832,0.581136,0.436701,0.057871
29320,73,51,0.057047,678,1.243226,0.98754,0.635562,0.08665
29320,82,43,0.048098,747,1.102304,1.031105,0.55468,0.101133
29320,94,34,0.038031,272,1.005577,0.551751,0.533347,0.061077
29320,18,27,0.030201,278,1.046793,0.465481,0.439784,0.048208
29320,40,23,0.025727,494,1.249423,0.327228,0.437418,0.041823
29320,72,23,0.025727,523,0.993461,0.356059,0.50286,0.05418
29320,70,22,0.024609,791,1.232843,0.501683,0.393335,0.02654
29320,26,21,0.02349,179,0.768336,1.177207,0.55635,0.078207
29340,73,51,0.057111,679,1.253678,0.98973,0.63602,0.086994
29340,82,42,0.047032,748,1.091305,1.061797,0.567497,0.103367
29340,94,34,0.038074,272,1.005577,0.551751,0.533347,0.061077
29340,18,25,0.027996,280,1.056989,0.467924,0.443663,0.048618
29340,72,24,0.026876,524,0.985302,0.361237,0.503981,0.054836
29340,40,23,0.025756,494,1.249423,0.327228,0.437418,0.041823
29340,26,22,0.024636,180,0.775622,1.147685,0.553683,0.078836
29340,70,22,0.024636,791,1.232843,0.501683,0.393335,0.02654
29360,73,49,0.054871,679,1.247728,0.99561,0.636705,0.087555
29360,82,42,0.047032,749,1.096399,1.053551,0.567155,0.102894
29360,94,35,0.039194,273,1.014017,0.55532,0.531814,0.060726
29360,18,24,0.026876,280,1.065446,0.469479,0.446873,0.049299
29360,40,24,0.026876,495,1.245184,0.326888,0.437769,0.041523
29360,26,23,0.025756,181,0.774581,1.124982,0.549567,0.0782
29360,72,23,0.025756,524,0.982142,0.364455,0.506372,0.054525
29360,99,22,0.024636,865,1.029642,0.553959,0.355079,0.064298
29380,73,47,0.053047,680,1.24844,0.997829,0.626711,0.087258
29380,82,44,0.049661,751,1.109376,1.040002,0.559351,0.102675
29380,94,34,0.038375,273,1.012472,0.552542,0.534032,0.061125
29380,18,25,0.028217,281,1.06258,0.465829,0.45063,0.04936
29380,40,24,0.027088,495,1.245184,0.326888,0.437769,0.041523
29380,72,24,0.027088,525,0.989255,0.362151,0.503741,0.054326
29380,26,23,0.025959,181,0.774581,1.124982,0.549567,0.0782
29380,99,23,0.025959,868,1.037359,0.549642,0.354792,0.059778
29400,73,49,0.055118,683,1.252953,0.983648,0.619972,0.086773
29400,82,47,0.052868,754,1.115372,1.041482,0.550714,0.1034
29400,94,35,0.03937,274,1.012066,0.550388,0.533418,0.061328
29400,18,26,0.029246,282,1.055794,0.463422,0.447255,0.048772
29400,72,24,0.026997,525,0.989255,0.362151,0.503741,0.054326
29400,99,24,0.026997,869,1.036148,0.547375,0.354444,0.060043
29400,26,23,0.025872,181,0.774581,1.124982,0.549567,0.0782
29400,40,22,0.024747,495,1.25254,0.329113,0.440371,0.040972
29420,73,48,0.054176,683,1.263289,0.975565,0.618958,0.086904
29420,82,48,0.054176,755,1.118365,1.041455,0.547779,0.10224
29420,94,33,0.037246,274,1.018366,0.553733,0.529371,0.060402
29420,72,25,0.028217,526,0.99228,0.363639,0.501404,0.054119
29420,18,24,0.027088,282,1.038257,0.459021,0.435818,0.048256
29420,99,24,0.027088,870,1.030472,0.547724,0.354927,0.062016
29420,26,23,0.025959,181,0.774581,1.124982,0.549567,0.0782
29420,40,22,0.024831,495,1.25254,0.329113,0.440371,0.040972
29440,73,49,0.054749,684,1.268185,0.978275,0.621282,0.086794
29440,82,47,0.052514,755,1.112373,1.041993,0.550814,0.103251
29440,94,34,0.037989,275,1.015948,0.551072,0.528926,0.060121
29440,18,24,0.026816,282,1.038257,0.459021,0.435818,0.048256
29440,99,24,0.026816,871,1.025862,0.545451,0.349641,0.061518
29440,26,23,0.025698,181,0.774581,1.124982,0.549567,0.0782
29440,72,23,0.025698,526,0.986936,0.363629,0.496175,0.05377
29440,40,22,0.024581,495,1.25254,0.329113,0.440371,0.040972
29460,82,50,0.055556,758,1.108758,1.02669,0.55319,0.10165
29460,73,49,0.054444,685,1.274934,0.978199,0.624934,0.086401
29460,94,36,0.04,277,1.020666,0.555494,0.527013,0.059967
29460,18,25,0.027778,283,1.042189,0.458044,0.440375,0.048609
29460,99,24,0.026667,871,1.025862,0.545451,0.349641,0.061518
29460,26,23,0.025556,181,0.774581,1.124982,0.549567,0.0782
29460,40,23,0.025556,497,1.268046,0.331329,0.438279,0.041954
29460,72,23,0.025556,527,0.999996,0.364576,0.496323,0.054588
29480,82,51,0.056604,760,1.104656,1.034193,0.546542,0.101837
29480,73,48,0.053274,686,1.279155,0.975853,0.628029,0.086571
29480,94,36,0.039956,277,1.020666,0.555494,0.527013,0.059967
29480,18,26,0.028857,285,1.042521,0.462723,0.436599,0.047987
29480,99,24,0.026637,871,1.025862,0.545451,0.349641,0.061518
29480,72,23,0.025527,527,0.999996,0.364576,0.496323,0.054588
29480,26,22,0.024417,181,0.778444,1.092632,0.544476,0.07771
29480,40,22,0.024417,497,1.269304,0.331616,0.438921,0.042207
29500,82,51,0.05673,761,1.101706,1.06836,0.547194,0.102287
29500,73,48,0.053393,687,1.258749,0.969175,0.624632,0.085357
29500,94,36,0.040044,277,1.020666,0.555494,0.527013,0.059967
29500,18,25,0.027809,285,1.034514,0.459826,0.431197,0.047623
29500,99,24,0.026696,872,1.034329,0.544131,0.350894,0.061781
29500,26,22,0.024472,181,0.778444,1.092632,0.544476,0.07771
29500,59,22,0.024472,297,1.501721,0.964539,0.664506,0.0887
29500,72,22,0.024472,527,0.996244,0.368165,0.498461,0.055019
29520,82,54,0.059537,764,1.109859,1.063582,0.548609,0.100972
29520,73,49,0.054024,688,1.254356,0.974565,0.624637,0.085845
29520,94,37,0.040794,279,1.014087,0.55492,0.527141,0.059722
29520,18,26,0.028666,286,1.043129,0.46705,0.43478,0.047696
29520,99,25,0.027563,873,1.029164,0.547092,0.349766,0.063255
29520,72,23,0.025358,529,0.99216,0.371876,0.494107,0.054937
29520,40,22,0.024256,498,1.260295,0.331511,0.439049,0.041894
29520,59,22,0.024256,297,1.501721,0.964539,0.664506,0.0887
29540,82,55,0.06044,765,1.11382,1.059128,0.54678,0.099953
29540,73,48,0.052747,688,1.255778,0.981658,0.626168,0.086218
29540,94,37,0.040659,279,1.014087,0.55492,0.527141,0.059722
29540,18,26,0.028571,287,1.055708,0.464175,0.442143,0.048447
29540,99,24,0.026374,873,1.023629,0.548559,0.350082,0.063018
29540,40,23,0.025275,499,1.268862,0.330211,0.436947,0.042068
29540,59,22,0.024176,297,1.501721,0.964539,0.664506,0.0887
29540,72,22,0.024176,529,0.996439,0.36628,0.496045,0.055086
29560,82,53,0.058693,766,1.129254,1.053787,0.531919,0.096951
29560,73,50,0.055371,691,1.277185,0.985308,0.630046,0.086666
29560,94,37,0.040975,280,1.014586,0.555093,0.527848,0.059679
29560,18,26,0.028793,287,1.055708,0.464175,0.442143,0.048447
29560,99,23,0.025471,873,1.015883,0.557748,0.350459,0.064449
29560,72,22,0.024363,529,0.996439,0.36628,0.496045,0.055086
29560,40,21,0.023256,499,1.279748,0.328817,0.436516,0.042384
29560,59,20,0.022148,297,1.505214,0.934811,0.666507,0.083089
29580,82,54,0.059276,767,1.129623,1.055838,0.528722,0.097576
29580,73,51,0.055982,692,1.26619,1.001945,0.62605,0.087176
29580,94,38,0.041712,281,1.013636,0.554011,0.528916,0.05963
29580,18,25,0.027442,287,1.063256,0.464901,0.446154,0.049127
29580,99,23,0.025247,874,1.016253,0.556627,0.351928,0.064904
29580,40,22,0.024149,500,1.28189,0.328923,0.436251,0.042407
29580,72,22,0.024149,529,0.996439,0.36628,0.496045,0.055086
29580,59,21,0.023052,298,1.492909,0.933009,0.677626,0.084378
29600,73,54,0.059146,696,1.2732,0.989188,0.622772,0.085523
29600,82,54,0.059146,769,1.112783,1.071224,0.532058,0.09788
29600,94,36,0.03943,281,1.006081,0.552739,0.530737,0.059692
29600,18,25,0.027382,287,1.063256,0.464901,0.446154,0.049127
29600,98,22,0.024096,279,0.888247,0.623392,0.435242,0.060768
29600,99,22,0.024096,875,1.011446,0.556,0.349582,0.063875
29600,40,21,0.023001,500,1.287876,0.32698,0.434598,0.04262
29600,59,21,0.023001,298,1.492909,0.933009,0.677626,0.084378
29620,73,54,0.059276,696,1.2732,0.989188,0.622772,0.085523
29620,82,53,0.058178,770,1.101996,1.088369,0.531711,0.098613
29620,94,36,0.039517,281,1.006081,0.552739,0.530737,0.059692
29620,18,26,0.02854,288,1.067722,0.46269,0.451255,0.049412
29620,40,23,0.025247,502,1.286401,0.328234,0.434183,0.0433
29620,98,21,0.023052,279,0.884271,0.638154,0.437274,0.060888
29620,99,21,0.023052,876,1.014143,0.554309,0.361914,0.063909
29620,59,20,0.021954,298,1.48564,0.936775,0.675546,0.086876
29640,73,54,0.060268,698,1.272126,0.96409,0.62055,0.08391
29640,82,52,0.058036,771,1.077191,1.077983,0.536459,0.098627
29640,94,36,0.040179,281,1.006081,0.552739,0.530737,0.059692
29640,18,25,0.027902,288,1.07068,0.466069,0.447674,0.049356
29640,40,23,0.02567,503,1.290736,0.32882,0.438836,0.042612
29640,98,21,0.023438,279,0.884271,0.638154,0.437274,0.060888
29640,99,21,0.023438,876,1.014143,0.554309,0.361914,0.063909
29640,59,20,0.022321,298,1.48564,0.936775,0.675546,0.086876
29660,73,54,0.06047,699,1.266525,0.958457,0.616701,0.084408
29660,82,47,0.052632,771,1.055501,1.114889,0.550512,0.104152
29660,94,36,0.040314,281,1.006081,0.552739,0.530737,0.059692
29660,18,25,0.027996,288,1.07068,0.466069,0.447674,0.049356
29660,40,24,0.026876,505,1.291577,0.32877,0.438639,0.041981
29660,59,20,0.022396,298,1.48564,0.936775,0.675546,0.086876
29660,98,20,0.022396,279,0.883175,0.629293,0.435834,0.06081
29660,99,20,0.022396,876,1.008272,0.562391,0.362428,0.065705
29680,73,54,0.060268,699,1.266525,0.958457,0.616701,0.084408
29680,82,50,0.055804,775,1.040631,1.143022,0.551907,0.10675
29680,94,35,0.039062,281,1.009768,0.555068,0.530113,0.060523
29680,18,26,0.029018,289,1.064621,0.464337,0.44487,0.048931
29680,40,23,0.02567,505,1.287956,0.328192,0.439853,0.041613
29680,59,20,0.022321,298,1.48564,0.936775,0.675546,0.086876
29680,70,20,0.022321,801,1.210773,0.520126,0.400715,0.027281
29680,98,20,0.022321,279,0.883175,0.629293,0.435834,0.06081
29700,73,53,0.058954,699,1.261549,0.961186,0.618621,0.084994
29700,82,51,0.05673,776,1.049758,1.157605,0.551045,0.107554
29700,94,35,0.038932,282,1.002191,0.547943,0.529143,0.060936
29700,18,25,0.027809,289,1.062628,0.465572,0.445966,0.048436
29700,40,22,0.024472,505,1.280559,0.328154,0.440278,0.041332
29700,59,22,0.024472,300,1.481821,0.954057,0.677802,0.088906
29700,70,22,0.024472,803,1.217647,0.5184,0.396928,0.027376
29700,99,21,0.023359,877,1.005757,0.561662,0.364537,0.065793
29720,73,54,0.059406,701,1.276295,0.952524,0.617935,0.084345
29720,82,53,0.058306,778,1.06332,1.16279,0.54266,0.105596
29720,94,35,0.038504,282,1.002191,0.547943,0.529143,0.060936
29720,18,27,0.029703,291,1.064717,0.463707,0.450074,0.048894
29720,40,23,0.025303,506,1.273441,0.329147,0.439862,0.042021
29720,59,22,0.024202,300,1.481821,0.954057,0.677802,0.088906
29720,70,22,0.024202,803,1.217647,0.5184,0.396928,0.027376
29720,13,21,0.023102,484,0.874632,0.359396,0.477957,0.052003
29740,73,55,0.060841,704,1.254755,0.958237,0.616035,0.084127
29740,82,51,0.056416,778,1.050464,1.1765,0.548566,0.10648
29740,94,34,0.037611,282,1.006454,0.550524,0.527543,0.061093
29740,18,27,0.029867,292,1.053539,0.465674,0.443402,0.048982
29740,40,24,0.026549,507,1.271215,0.329513,0.441184,0.041552
29740,13,21,0.02323,484,0.874632,0.359396,0.477957,0.052003
29740,59,21,0.02323,300,1.502977,0.962549,0.667221,0.087635
29740,70,21,0.02323,803,1.22412,0.516885,0.395159,0.027297
29760,73,55,0.060841,704,1.254755,0.958237,0.616035,0.084127
29760,82,50,0.05531,778,1.060531,1.159772,0.547116,0.105123
29760,94,35,0.038717,283,1.010819,0.554118,0.527803,0.060525
29760,18,27,0.029867,292,1.053539,0.465674,0.443402,0.048982
29760,99,23,0.025442,880,0.998347,0.554181,0.344775,0.066767
29760,40,22,0.024336,508,1.269377,0.331849,0.444969,0.039923
29760,26,21,0.02323,187,0.751907,1.120014,0.560982,0.07577
29760,59,20,0.022124,301,1.527968,0.960002,0.655322,0.081816
29780,73,58,0.064159,707,1.26551,0.971074,0.613261,0.085961
29780,82,52,0.057522,780,1.063307,1.160708,0.551457,0.108103
29780,94,34,0.037611,283,1.009451,0.550152,0.527914,0.060723
29780,18,26,0.028761,292,1.06032,0.466963,0.447668,0.049699
29780,99,24,0.026549,882,1.005938,0.545011,0.344902,0.06501
29780,40,22,0.024336,509,1.270458,0.331889,0.445179,0.039868
29780,26,21,0.02323,187,0.751907,1.120014,0.560982,0.07577
29780,59,20,0.022124,301,1.527968,0.960002,0.655322,0.081816
29800,73,55,0.061384,707,1.260331,0.979692,0.612388,0.086499
29800,82,52,0.058036,782,1.079584,1.159047,0.55941,0.107611
29800,94,34,0.037946,284,1.0135,0.557626,0.526925,0.060053
29800,18,26,0.029018,292,1.06032,0.466963,0.447668,0.049699
29800,99,24,0.026786,883,1.003424,0.554972,0.347846,0.0663
29800,26,21,0.023438,187,0.751907,1.120014,0.560982,0.07577
29800,40,21,0.023438,509,1.27119,0.330536,0.445229,0.039902
29800,59,20,0.022321,301,1.527968,0.960002,0.655322,0.081816
29820,73,54,0.060538,707,1.256236,0.983404,0.612996,0.086847
29820,82,49,0.054933,782,1.080526,1.149383,0.565234,0.107364
29820,94,34,0.038117,284,1.0135,0.557626,0.526925,0.060053
29820,18,26,0.029148,292,1.06032,0.466963,0.447668,0.049699
29820,99,24,0.026906,883,1.003424,0.554972,0.347846,0.0663
29820,40,22,0.024664,510,1.267479,0.331845,0.443113,0.040785
29820,26,21,0.023543,187,0.751907,1.120014,0.560982,0.07577
29820,35,21,0.023543,536,0.980813,0.33148,0.348265,0.05418
29840,73,54,0.061155,708,1.254802,0.98445,0.613218,0.086992
29840,82,48,0.05436,782,1.072452,1.148392,0.56996,0.10831
29840,94,32,0.03624,284,1.013392,0.559006,0.529117,0.060475
29840,18,26,0.029445,292,1.06032,0.466963,0.447668,0.049699
29840,99,24,0.02718,885,1.019826,0.538678,0.353177,0.06145
29840,72,22,0.024915,537,0.990201,0.367104,0.499281,0.0532
29840,26,21,0.023783,187,0.751907,1.120014,0.560982,0.07577
29840,98,21,0.023783,281,0.897951,0.618625,0.435964,0.060691
29860,73,54,0.060811,708,1.254802,0.98445,0.613218,0.086992
29860,82,46,0.051802,783,1.057503,1.131128,0.576033,0.108718
29860,94,32,0.036036,284,1.013392,0.559006,0.529117,0.060475
29860,18,26,0.029279,292,1.06032,0.466963,0.447668,0.049699
29860,26,23,0.025901,189,0.765748,1.127958,0.572182,0.076139
29860,99,23,0.025901,885,1.019957,0.541688,0.352,0.06079
29860,70,22,0.024775,809,1.227062,0.490841,0.384202,0.028772
29860,72,22,0.024775,537,0.990201,0.367104,0.499281,0.0532
29880,73,50,0.056243,709,1.232498,0.987958,0.613175,0.087055
29880,82,47,0.052868,784,1.065537,1.134827,0.570906,0.107675
29880,94,35,0.03937,287,1.02282,0.564741,0.529077,0.059646
29880,18,27,0.030371,293,1.054273,0.465696,0.443685,0.049102
29880,26,24,0.026997,190,0.761105,1.108568,0.568612,0.07502
29880,72,24,0.026997,539,0.981058,0.363243,0.509737,0.053015
29880,99,23,0.025872,885,1.019957,0.541688,0.352,0.06079
29880,70,22,0.024747,810,1.217626,0.500503,0.388777,0.028836
29900,82,49,0.05518,786,1.077422,1.10628,0.564976,0.104816
29900,73,48,0.054054,709,1.239425,0.993491,0.615086,0.086912
29900,94,34,0.038288,288,1.020669,0.562302,0.529273,0.060068
29900,18,27,0.030405,293,1.054273,0.465696,0.443685,0.049102
29900,26,24,0.027027,190,0.761105,1.108568,0.568612,0.07502
29900,72,24,0.027027,539,0.981058,0.363243,0.509737,0.053015
29900,99,22,0.024775,886,1.033439,0.53625,0.353905,0.058703
29900,70,21,0.023649,810,1.219462,0.508261,0.389704,0.028127
29920,82,50,0.055617,787,1.087303,1.112099,0.560935,0.104019
29920,73,47,0.05228,709,1.228223,0.989475,0.615808,0.086561
29920,94,34,0.03782,288,1.020669,0.562302,0.529273,0.060068
29920,18,26,0.028921,293,1.046388,0.463383,0.440422,0.049221
29920,26,25,0.027809,191,0.756072,1.097732,0.568977,0.075403
29920,72,25,0.027809,540,0.975202,0.36679,0.509872,0.054179
29920,99,23,0.025584,887,1.032869,0.528452,0.3542,0.057589
29920,40,22,0.024472,514,1.279107,0.336076,0.444597,0.041045
29940,82,52,0.057971,790,1.099803,1.150133,0.55087,0.103847
29940,73,46,0.051282,709,1.234934,0.999071,0.618923,0.087495
29940,94,34,0.037904,288,1.020669,0.562302,0.529273,0.060068
29940,26,26,0.028986,192,0.759778,1.091748,0.57046,0.074613
29940,18,25,0.027871,293,1.037978,0.459654,0.437714,0.048895
29940,72,25,0.027871,541,0.972463,0.367603,0.507734,0.053776
29940,40,22,0.024526,514,1.279107,0.336076,0.444597,0.041045
29940,99,22,0.024526,887,1.031948,0.535787,0.355753,0.058326
29960,82,52,0.057778,792,1.073542,1.175276,0.55016,0.105945
29960,73,49,0.054444,712,1.263257,1.003278,0.624476,0.088783
29960,94,35,0.038889,290,1.010233,0.557622,0.532973,0.060146
29960,18,25,0.027778,293,1.037978,0.459654,0.437714,0.048895
29960,26,25,0.027778,192,0.761596,1.072225,0.570567,0.074079
29960,40,23,0.025556,515,1.28485,0.335036,0.444438,0.041186
29960,72,23,0.025556,541,0.958349,0.369724,0.511952,0.052853
29960,98,22,0.024444,283,0.905347,0.583368,0.42007,0.060223
29980,82,53,0.059152,794,1.05107,1.182618,0.559213,0.108699
29980,73,44,0.049107,712,1.263446,0.992239,0.629418,0.086894
29980,94,36,0.040179,291,1.017709,0.56289,0.532429,0.060295
29980,26,25,0.027902,192,0.761596,1.072225,0.570567,0.074079
29980,98,24,0.026786,285,0.897982,0.593262,0.422077,0.060558
29980,18,23,0.02567,293,1.03402,0.455589,0.435384,0.049007
29980,40,23,0.02567,515,1.28485,0.335036,0.444438,0.041186
29980,72,23,0.02567,541,0.958349,0.369724,0.511952,0.052853
30000,82,54,0.059867,796,1.071074,1.154035,0.547667,0.105728
30000,73,46,0.050998,715,1.274585,0.994832,0.624875,0.087681
30000,94,36,0.039911,291,1.017709,0.56289,0.532429,0.060295
30000,26,24,0.026608,192,0.760717,1.091348,0.57405,0.07419
30000,72,24,0.026608,542,0.96779,0.367629,0.506681,0.052962
30000,40,23,0.025499,515,1.28485,0.335036,0.444438,0.041186
30000,98,23,0.025499,285,0.887884,0.604524,0.421776,0.060492
30000,18,22,0.02439,293,1.040026,0.457455,0.439106,0.048782
