tick,lineage_id,population,frac,births_cum,mean_body_size,mean_light_absorption,mean_reproduction_investment,mean_mutation_rate
20,0,2,0.010204,2,0.968695,0.298374,0.382779,0.046517
20,1,2,0.010204,2,1.010646,0.295182,0.407641,0.050383
20,2,2,0.010204,2,1.020084,0.284927,0.418291,0.04883
20,3,2,0.010204,2,0.967039,0.303884,0.399024,0.050472
20,4,2,0.010204,2,1.019208,0.299674,0.403069,0.051449
20,5,2,0.010204,2,1.016969,0.30862,0.430292,0.052266
20,6,2,0.010204,2,0.999731,0.297219,0.389592,0.050883
20,7,2,0.010204,2,1.003493,0.291578,0.401721,0.046518
40,28,3,0.015152,3,0.996495,0.306918,0.392558,0.045698
40,42,3,0.015152,3,0.9781,0.304991,0.431215,0.05132
40,0,2,0.010101,2,0.968695,0.298374,0.382779,0.046517
40,1,2,0.010101,2,1.010646,0.295182,0.407641,0.050383
40,2,2,0.010101,2,1.020084,0.284927,0.418291,0.04883
40,3,2,0.010101,2,0.967039,0.303884,0.399024,0.050472
40,4,2,0.010101,2,1.019208,0.299674,0.403069,0.051449
40,5,2,0.010101,2,1.016969,0.30862,0.430292,0.052266
60,8,3,0.014634,3,0.953071,0.287085,0.385083,0.046472
60,11,3,0.014634,3,1.026604,0.30445,0.391054,0.055079
60,25,3,0.014634,3,1.075406,0.300769,0.412039,0.054141
60,28,3,0.014634,3,0.996495,0.306918,0.392558,0.045698
60,42,3,0.014634,3,0.9781,0.304991,0.431215,0.05132
60,58,3,0.014634,3,1.101642,0.281636,0.401062,0.051607
60,60,3,0.014634,3,0.980819,0.292592,0.407489,0.042089
60,61,3,0.014634,3,1.00808,0.290172,0.392328,0.053726
80,25,4,0.019231,4,1.067334,0.29493,0.406387,0.052565
80,28,4,0.019231,4,1.012063,0.310547,0.389295,0.045241
80,42,4,0.019231,4,0.972662,0.300808,0.420285,0.048751
80,58,4,0.019231,4,1.074095,0.288312,0.39609,0.052427
80,60,4,0.019231,4,1.001578,0.293213,0.412224,0.044091
80,61,4,0.019231,4,1.012831,0.287436,0.389688,0.053373
80,91,4,0.019231,4,1.004635,0.300901,0.41914,0.048174
80,8,3,0.014423,3,0.953071,0.287085,0.385083,0.046472
100,28,5,0.023585,5,1.014848,0.311938,0.388121,0.045073
100,61,5,0.023585,5,1.002641,0.283709,0.386149,0.053553
100,13,4,0.018868,4,1.03902,0.300587,0.401355,0.055198
100,22,4,0.018868,4,0.961808,0.310976,0.385002,0.05313
100,25,4,0.018868,4,1.067334,0.29493,0.406387,0.052565
100,33,4,0.018868,4,0.941407,0.282801,0.390864,0.05014
100,42,4,0.018868,4,0.972662,0.300808,0.420285,0.048751
100,58,4,0.018868,4,1.074095,0.288312,0.39609,0.052427
120,28,6,0.028037,6,1.000793,0.308962,0.39154,0.045378
120,61,5,0.023364,5,1.002641,0.283709,0.386149,0.053553
120,8,4,0.018692,4,0.966349,0.290832,0.391537,0.047599
120,11,4,0.018692,4,1.046811,0.307515,0.378291,0.054283
120,13,4,0.018692,4,1.03902,0.300587,0.401355,0.055198
120,22,4,0.018692,4,0.961808,0.310976,0.385002,0.05313
120,25,4,0.018692,4,1.067334,0.29493,0.406387,0.052565
120,33,4,0.018692,4,0.941407,0.282801,0.390864,0.05014
140,28,7,0.032558,7,0.994677,0.31402,0.39278,0.045024
140,42,5,0.023256,5,0.975826,0.300518,0.422014,0.049184
140,58,5,0.023256,5,1.061023,0.285527,0.402365,0.053094
140,60,5,0.023256,5,0.995943,0.301254,0.405098,0.046096
140,61,5,0.023256,5,1.002641,0.283709,0.386149,0.053553
140,3,4,0.018605,4,0.958678,0.303247,0.395832,0.050131
140,8,4,0.018605,4,0.966349,0.290832,0.391537,0.047599
140,11,4,0.018605,4,1.046811,0.307515,0.378291,0.054283
160,28,8,0.03653,8,0.987239,0.312337,0.393124,0.045357
160,22,5,0.022831,5,0.966728,0.313993,0.390249,0.051081
160,33,5,0.022831,5,0.956049,0.283573,0.390064,0.048626
160,42,5,0.022831,5,0.975826,0.300518,0.422014,0.049184
160,58,5,0.022831,5,1.061023,0.285527,0.402365,0.053094
160,60,5,0.022831,5,0.995943,0.301254,0.405098,0.046096
160,61,5,0.022831,5,1.002641,0.283709,0.386149,0.053553
160,3,4,0.018265,4,0.958678,0.303247,0.395832,0.050131
180,28,8,0.036697,8,0.987239,0.312337,0.393124,0.045357
180,33,6,0.027523,6,0.95419,0.283866,0.388619,0.049955
180,42,6,0.027523,6,0.971998,0.301438,0.420129,0.04905
180,11,5,0.022936,5,1.059788,0.297561,0.379542,0.05608
180,13,5,0.022936,5,1.030109,0.299523,0.395935,0.056536
180,22,5,0.022936,5,0.966728,0.313993,0.390249,0.051081
180,58,5,0.022936,5,1.061023,0.285527,0.402365,0.053094
180,60,5,0.022936,5,0.995943,0.301254,0.405098,0.046096
200,28,8,0.036364,8,0.987239,0.312337,0.393124,0.045357
200,33,6,0.027273,6,0.95419,0.283866,0.388619,0.049955
200,42,6,0.027273,6,0.971998,0.301438,0.420129,0.04905
200,60,6,0.027273,6,0.999401,0.30367,0.403456,0.04736
200,11,5,0.022727,5,1.059788,0.297561,0.379542,0.05608
200,13,5,0.022727,5,1.030109,0.299523,0.395935,0.056536
200,22,5,0.022727,5,0.966728,0.313993,0.390249,0.051081
200,43,5,0.022727,5,0.950041,0.282591,0.411661,0.050109
220,28,8,0.036199,8,0.987239,0.312337,0.393124,0.045357
220,33,8,0.036199,8,0.96868,0.282674,0.389823,0.049613
220,42,6,0.027149,6,0.971998,0.301438,0.420129,0.04905
220,60,6,0.027149,7,1.005439,0.315186,0.395651,0.050413
220,11,5,0.022624,5,1.059788,0.297561,0.379542,0.05608
220,13,5,0.022624,5,1.030109,0.299523,0.395935,0.056536
220,22,5,0.022624,5,0.966728,0.313993,0.390249,0.051081
220,43,5,0.022624,5,0.950041,0.282591,0.411661,0.050109
240,33,8,0.036199,8,0.96868,0.282674,0.389823,0.049613
240,28,7,0.031674,8,0.981703,0.3116,0.39451,0.045493
240,42,6,0.027149,7,0.99518,0.305144,0.422205,0.050282
240,43,6,0.027149,6,0.968867,0.286458,0.414097,0.049801
240,60,6,0.027149,7,1.005439,0.315186,0.395651,0.050413
240,3,5,0.022624,5,0.959434,0.305017,0.394361,0.05282
240,11,5,0.022624,5,1.059788,0.297561,0.379542,0.05608
240,13,5,0.022624,5,1.030109,0.299523,0.395935,0.056536
260,33,8,0.037037,8,0.96868,0.282674,0.389823,0.049613
260,60,7,0.032407,8,1.013747,0.322231,0.389011,0.051761
260,28,6,0.027778,8,0.990234,0.314519,0.392155,0.045258
260,43,6,0.027778,6,0.968867,0.286458,0.414097,0.049801
260,81,6,0.027778,6,0.949352,0.291748,0.381837,0.052577
260,3,5,0.023148,5,0.959434,0.305017,0.394361,0.05282
260,11,5,0.023148,5,1.059788,0.297561,0.379542,0.05608
260,16,5,0.023148,5,1.024543,0.303813,0.391306,0.051075
280,33,10,0.047847,10,0.975567,0.282191,0.387898,0.050317
280,60,7,0.033493,8,1.013747,0.322231,0.389011,0.051761
280,28,6,0.028708,8,0.990234,0.314519,0.392155,0.045258
280,43,6,0.028708,6,0.968867,0.286458,0.414097,0.049801
280,81,6,0.028708,6,0.949352,0.291748,0.381837,0.052577
280,42,5,0.023923,7,1.002214,0.301194,0.417061,0.049478
280,75,5,0.023923,5,1.004761,0.283134,0.40377,0.053407
280,8,4,0.019139,4,0.966349,0.290832,0.391537,0.047599
300,33,8,0.038647,10,0.980617,0.282362,0.385137,0.050851
300,60,7,0.033816,8,1.013747,0.322231,0.389011,0.051761
300,28,6,0.028986,8,0.990234,0.314519,0.392155,0.045258
300,42,6,0.028986,8,0.995828,0.308348,0.415096,0.050015
300,43,6,0.028986,6,0.968867,0.286458,0.414097,0.049801
300,81,6,0.028986,6,0.949352,0.291748,0.381837,0.052577
300,75,5,0.024155,5,1.004761,0.283134,0.40377,0.053407
300,8,4,0.019324,4,0.966349,0.290832,0.391537,0.047599
320,33,8,0.038462,10,0.980617,0.282362,0.385137,0.050851
320,43,7,0.033654,7,0.973278,0.285068,0.410737,0.049958
320,60,7,0.033654,8,1.013747,0.322231,0.389011,0.051761
320,28,6,0.028846,8,0.990234,0.314519,0.392155,0.045258
320,42,6,0.028846,8,0.995828,0.308348,0.415096,0.050015
320,75,6,0.028846,6,1.018497,0.284263,0.402455,0.052696
320,81,6,0.028846,6,0.949352,0.291748,0.381837,0.052577
320,91,5,0.024038,5,1.008504,0.300074,0.412764,0.048274
340,33,8,0.038278,11,0.97348,0.285309,0.378506,0.0506
340,43,7,0.033493,7,0.973278,0.285068,0.410737,0.049958
340,60,7,0.033493,8,1.013747,0.322231,0.389011,0.051761
340,81,7,0.033493,7,0.94589,0.290605,0.381212,0.053066
340,28,6,0.028708,8,0.990234,0.314519,0.392155,0.045258
340,8,5,0.023923,5,0.97671,0.296116,0.391827,0.047626
340,16,5,0.023923,6,1.026267,0.300074,0.392874,0.051211
340,42,5,0.023923,9,1.004578,0.313385,0.409326,0.049486
360,33,8,0.038278,11,0.97348,0.285309,0.378506,0.0506
360,81,8,0.038278,8,0.955058,0.290041,0.381125,0.052993
360,43,7,0.033493,7,0.973278,0.285068,0.410737,0.049958
360,60,7,0.033493,8,1.013747,0.322231,0.389011,0.051761
360,28,6,0.028708,8,0.990234,0.314519,0.392155,0.045258
360,91,6,0.028708,6,1.018294,0.299352,0.408882,0.049993
360,8,5,0.023923,5,0.97671,0.296116,0.391827,0.047626
360,61,5,0.023923,6,1.005595,0.285434,0.391141,0.05442
380,33,8,0.038095,11,0.97348,0.285309,0.378506,0.0506
380,81,8,0.038095,8,0.955058,0.290041,0.381125,0.052993
380,43,7,0.033333,7,0.973278,0.285068,0.410737,0.049958
380,91,7,0.033333,7,1.021145,0.301186,0.410437,0.049754
380,28,6,0.028571,8,0.990234,0.314519,0.392155,0.045258
380,60,6,0.028571,8,1.013257,0.323311,0.387972,0.051442
380,8,5,0.02381,5,0.97671,0.296116,0.391827,0.047626
380,16,5,0.02381,7,1.044959,0.303332,0.394341,0.051124
400,33,8,0.037915,11,0.97348,0.285309,0.378506,0.0506
400,43,8,0.037915,8,0.985862,0.284594,0.41183,0.049982
400,81,8,0.037915,8,0.955058,0.290041,0.381125,0.052993
400,91,7,0.033175,7,1.021145,0.301186,0.410437,0.049754
400,28,6,0.028436,8,0.990234,0.314519,0.392155,0.045258
400,60,6,0.028436,8,1.013257,0.323311,0.387972,0.051442
400,16,5,0.023697,7,1.044959,0.303332,0.394341,0.051124
400,42,5,0.023697,10,1.017307,0.311583,0.399498,0.052401
420,33,8,0.037736,11,0.97348,0.285309,0.378506,0.0506
420,91,8,0.037736,8,1.023844,0.299748,0.415001,0.048261
420,43,7,0.033019,8,0.988857,0.285734,0.40684,0.04974
420,81,7,0.033019,8,0.956845,0.288377,0.381821,0.053392
420,28,6,0.028302,8,0.990234,0.314519,0.392155,0.045258
420,60,6,0.028302,8,1.013257,0.323311,0.387972,0.051442
420,16,5,0.023585,7,1.044959,0.303332,0.394341,0.051124
420,42,5,0.023585,10,1.017307,0.311583,0.399498,0.052401
440,33,8,0.038095,11,0.97348,0.285309,0.378506,0.0506
440,91,8,0.038095,8,1.023844,0.299748,0.415001,0.048261
440,43,7,0.033333,8,0.988857,0.285734,0.40684,0.04974
440,81,7,0.033333,8,0.956845,0.288377,0.381821,0.053392
440,28,6,0.028571,8,0.990234,0.314519,0.392155,0.045258
440,60,6,0.028571,8,1.013257,0.323311,0.387972,0.051442
440,13,5,0.02381,7,1.001802,0.296013,0.408704,0.053326
440,16,5,0.02381,7,1.044959,0.303332,0.394341,0.051124
460,33,8,0.036866,11,0.97348,0.285309,0.378506,0.0506
460,91,8,0.036866,8,1.023844,0.299748,0.415001,0.048261
460,28,7,0.032258,9,0.995346,0.311108,0.393427,0.047893
460,43,7,0.032258,8,0.988857,0.285734,0.40684,0.04974
460,81,7,0.032258,9,0.965585,0.287665,0.379555,0.05216
460,16,6,0.02765,8,1.050313,0.30566,0.393906,0.051507
460,42,6,0.02765,11,1.023917,0.308694,0.40055,0.051989
460,60,6,0.02765,8,1.013257,0.323311,0.387972,0.051442
480,33,8,0.036364,11,0.97348,0.285309,0.378506,0.0506
480,91,8,0.036364,8,1.023844,0.299748,0.415001,0.048261
480,28,7,0.031818,9,0.995346,0.311108,0.393427,0.047893
480,43,7,0.031818,8,0.988857,0.285734,0.40684,0.04974
480,81,7,0.031818,9,0.965585,0.287665,0.379555,0.05216
480,16,6,0.027273,8,1.050313,0.30566,0.393906,0.051507
480,42,6,0.027273,11,1.023917,0.308694,0.40055,0.051989
480,60,6,0.027273,8,1.013257,0.323311,0.387972,0.051442
500,28,8,0.036364,10,1.001248,0.316652,0.392528,0.047353
500,33,8,0.036364,11,0.97348,0.285309,0.378506,0.0506
500,91,8,0.036364,8,1.023844,0.299748,0.415001,0.048261
500,16,6,0.027273,8,1.050313,0.30566,0.393906,0.051507
500,18,6,0.027273,7,0.963684,0.277942,0.398774,0.051032
500,42,6,0.027273,11,1.023917,0.308694,0.40055,0.051989
500,43,6,0.027273,8,0.987043,0.287234,0.409551,0.049546
500,60,6,0.027273,8,1.013257,0.323311,0.387972,0.051442
520,28,8,0.036199,10,1.001248,0.316652,0.392528,0.047353
520,33,8,0.036199,11,0.97348,0.285309,0.378506,0.0506
520,91,8,0.036199,8,1.023844,0.299748,0.415001,0.048261
520,42,7,0.031674,12,1.013699,0.306614,0.405751,0.052761
520,16,6,0.027149,8,1.050313,0.30566,0.393906,0.051507
520,18,6,0.027149,7,0.963684,0.277942,0.398774,0.051032
520,43,6,0.027149,8,0.987043,0.287234,0.409551,0.049546
520,60,6,0.027149,8,1.013257,0.323311,0.387972,0.051442
540,28,8,0.036199,10,1.001248,0.316652,0.392528,0.047353
540,33,8,0.036199,11,0.97348,0.285309,0.378506,0.0506
540,91,8,0.036199,8,1.023844,0.299748,0.415001,0.048261
540,42,7,0.031674,12,1.013699,0.306614,0.405751,0.052761
540,16,6,0.027149,8,1.050313,0.30566,0.393906,0.051507
540,18,6,0.027149,7,0.963684,0.277942,0.398774,0.051032
540,43,6,0.027149,8,0.987043,0.287234,0.409551,0.049546
540,60,6,0.027149,8,1.013257,0.323311,0.387972,0.051442
560,28,9,0.040179,11,0.99483,0.314733,0.393159,0.048103
560,33,8,0.035714,11,0.97348,0.285309,0.378506,0.0506
560,91,8,0.035714,8,1.023844,0.299748,0.415001,0.048261
560,81,7,0.03125,10,0.972092,0.290817,0.380269,0.050832
560,16,6,0.026786,8,1.050313,0.30566,0.393906,0.051507
560,18,6,0.026786,7,0.963684,0.277942,0.398774,0.051032
560,42,6,0.026786,12,1.010531,0.310484,0.408521,0.051064
560,43,6,0.026786,8,0.987043,0.287234,0.409551,0.049546
580,28,8,0.035088,11,0.986837,0.313895,0.394866,0.048632
580,33,8,0.035088,11,0.97348,0.285309,0.378506,0.0506
580,91,8,0.035088,8,1.023844,0.299748,0.415001,0.048261
580,81,7,0.030702,10,0.972092,0.290817,0.380269,0.050832
580,16,6,0.026316,8,1.050313,0.30566,0.393906,0.051507
580,18,6,0.026316,7,0.963684,0.277942,0.398774,0.051032
580,42,6,0.026316,12,1.010531,0.310484,0.408521,0.051064
580,43,6,0.026316,8,0.987043,0.287234,0.409551,0.049546
600,33,8,0.034783,11,0.97348,0.285309,0.378506,0.0506
600,91,8,0.034783,8,1.023844,0.299748,0.415001,0.048261
600,28,7,0.030435,11,0.98124,0.317217,0.393981,0.046479
600,81,7,0.030435,10,0.972092,0.290817,0.380269,0.050832
600,16,6,0.026087,8,1.050313,0.30566,0.393906,0.051507
600,42,6,0.026087,12,1.010531,0.310484,0.408521,0.051064
600,43,6,0.026087,8,0.987043,0.287234,0.409551,0.049546
600,60,6,0.026087,8,1.013257,0.323311,0.387972,0.051442
620,33,8,0.034783,11,0.97348,0.285309,0.378506,0.0506
620,91,8,0.034783,8,1.023844,0.299748,0.415001,0.048261
620,28,7,0.030435,11,0.98124,0.317217,0.393981,0.046479
620,16,6,0.026087,8,1.050313,0.30566,0.393906,0.051507
620,42,6,0.026087,12,1.010531,0.310484,0.408521,0.051064
620,43,6,0.026087,8,0.987043,0.287234,0.409551,0.049546
620,60,6,0.026087,8,1.013257,0.323311,0.387972,0.051442
620,81,6,0.026087,10,0.964235,0.291604,0.380228,0.050557
640,91,10,0.042194,10,1.011906,0.29872,0.412489,0.048048
640,28,8,0.033755,12,0.975354,0.311075,0.391637,0.047289
640,33,8,0.033755,11,0.97348,0.285309,0.378506,0.0506
640,18,7,0.029536,9,0.958925,0.28224,0.408443,0.050407
640,43,7,0.029536,9,0.994235,0.290338,0.410353,0.050579
640,16,6,0.025316,8,1.050313,0.30566,0.393906,0.051507
640,42,6,0.025316,12,1.010531,0.310484,0.408521,0.051064
640,60,6,0.025316,8,1.013257,0.323311,0.387972,0.051442
660,91,10,0.040816,10,1.011906,0.29872,0.412489,0.048048
660,28,8,0.032653,12,0.975354,0.311075,0.391637,0.047289
660,33,8,0.032653,11,0.97348,0.285309,0.378506,0.0506
660,43,8,0.032653,10,0.98861,0.28997,0.415958,0.049786
660,18,7,0.028571,9,0.958925,0.28224,0.408443,0.050407
660,16,6,0.02449,8,1.050313,0.30566,0.393906,0.051507
660,42,6,0.02449,12,1.010531,0.310484,0.408521,0.051064
660,60,6,0.02449,8,1.013257,0.323311,0.387972,0.051442
680,91,10,0.040816,10,1.011906,0.29872,0.412489,0.048048
680,28,8,0.032653,12,0.975354,0.311075,0.391637,0.047289
680,33,8,0.032653,11,0.97348,0.285309,0.378506,0.0506
680,43,7,0.028571,10,0.976419,0.291212,0.415455,0.049734
680,18,6,0.02449,9,0.953846,0.284431,0.399005,0.051284
680,42,6,0.02449,12,1.010531,0.310484,0.408521,0.051064
680,60,6,0.02449,8,1.013257,0.323311,0.387972,0.051442
680,81,6,0.02449,11,0.965311,0.292412,0.387847,0.051735
700,91,10,0.040984,10,1.011906,0.29872,0.412489,0.048048
700,28,8,0.032787,12,0.975354,0.311075,0.391637,0.047289
700,33,8,0.032787,11,0.97348,0.285309,0.378506,0.0506
700,43,7,0.028689,10,0.976419,0.291212,0.415455,0.049734
700,18,6,0.02459,9,0.953846,0.284431,0.399005,0.051284
700,42,6,0.02459,12,1.010531,0.310484,0.408521,0.051064
700,60,6,0.02459,8,1.013257,0.323311,0.387972,0.051442
700,81,6,0.02459,11,0.965311,0.292412,0.387847,0.051735
720,91,10,0.041494,10,1.011906,0.29872,0.412489,0.048048
720,33,8,0.033195,11,0.97348,0.285309,0.378506,0.0506
720,28,7,0.029046,12,0.979907,0.312745,0.390697,0.046315
720,43,7,0.029046,10,0.976419,0.291212,0.415455,0.049734
720,18,6,0.024896,9,0.953846,0.284431,0.399005,0.051284
720,42,6,0.024896,12,1.010531,0.310484,0.408521,0.051064
720,60,6,0.024896,8,1.013257,0.323311,0.387972,0.051442
720,81,6,0.024896,11,0.965311,0.292412,0.387847,0.051735
740,91,10,0.040816,10,1.011906,0.29872,0.412489,0.048048
740,33,8,0.032653,11,0.97348,0.285309,0.378506,0.0506
740,28,7,0.028571,12,0.979907,0.312745,0.390697,0.046315
740,43,7,0.028571,10,0.976419,0.291212,0.415455,0.049734
740,18,6,0.02449,9,0.953846,0.284431,0.399005,0.051284
740,42,6,0.02449,12,1.010531,0.310484,0.408521,0.051064
740,60,6,0.02449,8,1.013257,0.323311,0.387972,0.051442
740,81,6,0.02449,11,0.965311,0.292412,0.387847,0.051735
760,91,10,0.04065,10,1.011906,0.29872,0.412489,0.048048
760,33,8,0.03252,11,0.97348,0.285309,0.378506,0.0506
760,28,7,0.028455,12,0.979907,0.312745,0.390697,0.046315
760,43,7,0.028455,10,0.976419,0.291212,0.415455,0.049734
760,81,7,0.028455,12,0.957269,0.291238,0.385388,0.051864
760,83,7,0.028455,8,0.991062,0.291504,0.421153,0.047807
760,18,6,0.02439,9,0.953846,0.284431,0.399005,0.051284
760,42,6,0.02439,12,1.010531,0.310484,0.408521,0.051064
780,91,10,0.041494,10,1.011906,0.29872,0.412489,0.048048
780,33,8,0.033195,11,0.97348,0.285309,0.378506,0.0506
780,81,7,0.029046,12,0.957269,0.291238,0.385388,0.051864
780,18,6,0.024896,9,0.953846,0.284431,0.399005,0.051284
780,28,6,0.024896,12,0.987532,0.32019,0.393275,0.045209
780,42,6,0.024896,12,1.010531,0.310484,0.408521,0.051064
780,43,6,0.024896,10,0.989025,0.29501,0.421156,0.050272
780,60,6,0.024896,8,1.013257,0.323311,0.387972,0.051442
800,91,10,0.041152,10,1.011906,0.29872,0.412489,0.048048
800,33,8,0.032922,11,0.97348,0.285309,0.378506,0.0506
800,18,7,0.028807,10,0.949771,0.285463,0.394714,0.049946
800,81,7,0.028807,12,0.957269,0.291238,0.385388,0.051864
800,28,6,0.024691,12,0.987532,0.32019,0.393275,0.045209
800,42,6,0.024691,12,1.010531,0.310484,0.408521,0.051064
800,43,6,0.024691,10,0.989025,0.29501,0.421156,0.050272
800,60,6,0.024691,8,1.013257,0.323311,0.387972,0.051442
820,91,10,0.041152,10,1.011906,0.29872,0.412489,0.048048
820,33,8,0.032922,11,0.97348,0.285309,0.378506,0.0506
820,18,7,0.028807,10,0.949771,0.285463,0.394714,0.049946
820,28,7,0.028807,13,0.987562,0.315898,0.391972,0.045737
820,42,6,0.024691,12,1.010531,0.310484,0.408521,0.051064
820,43,6,0.024691,10,0.989025,0.29501,0.421156,0.050272
820,60,6,0.024691,8,1.013257,0.323311,0.387972,0.051442
820,61,6,0.024691,8,0.984974,0.281048,0.391609,0.054983
840,91,10,0.040323,10,1.011906,0.29872,0.412489,0.048048
840,28,8,0.032258,14,0.989996,0.311029,0.387158,0.046188
840,33,8,0.032258,11,0.97348,0.285309,0.378506,0.0506
840,43,7,0.028226,11,0.99803,0.295636,0.41352,0.050365
840,18,6,0.024194,10,0.952434,0.288759,0.392077,0.049736
840,42,6,0.024194,12,1.010531,0.310484,0.408521,0.051064
840,53,6,0.024194,7,1.00256,0.298041,0.404776,0.045791
840,60,6,0.024194,8,1.013257,0.323311,0.387972,0.051442
860,28,8,0.032787,14,0.989996,0.311029,0.387158,0.046188
860,33,8,0.032787,11,0.97348,0.285309,0.378506,0.0506
860,91,8,0.032787,10,1.023844,0.299748,0.415001,0.048261
860,43,7,0.028689,11,0.99803,0.295636,0.41352,0.050365
860,81,7,0.028689,13,0.955609,0.283146,0.382566,0.052288
860,18,6,0.02459,10,0.952434,0.288759,0.392077,0.049736
860,42,6,0.02459,12,1.010531,0.310484,0.408521,0.051064
860,53,6,0.02459,7,1.00256,0.298041,0.404776,0.045791
880,28,8,0.033195,14,0.989996,0.311029,0.387158,0.046188
880,33,8,0.033195,11,0.97348,0.285309,0.378506,0.0506
880,91,8,0.033195,10,1.023844,0.299748,0.415001,0.048261
880,43,7,0.029046,11,0.99803,0.295636,0.41352,0.050365
880,81,7,0.029046,13,0.955609,0.283146,0.382566,0.052288
880,42,6,0.024896,12,1.010531,0.310484,0.408521,0.051064
880,53,6,0.024896,7,1.00256,0.298041,0.404776,0.045791
880,16,5,0.020747,10,1.031039,0.318653,0.392406,0.051807
900,28,8,0.03252,14,0.989996,0.311029,0.387158,0.046188
900,33,8,0.03252,11,0.97348,0.285309,0.378506,0.0506
900,91,8,0.03252,10,1.023844,0.299748,0.415001,0.048261
900,43,7,0.028455,11,0.99803,0.295636,0.41352,0.050365
900,53,7,0.028455,8,1.002386,0.296432,0.405889,0.046155
900,81,7,0.028455,13,0.955609,0.283146,0.382566,0.052288
900,16,6,0.02439,11,1.029381,0.317556,0.389273,0.052136
900,42,6,0.02439,12,1.010531,0.310484,0.408521,0.051064
920,28,8,0.032258,14,0.989996,0.311029,0.387158,0.046188
920,53,8,0.032258,9,1.004376,0.297801,0.405815,0.046231
920,91,8,0.032258,10,1.023844,0.299748,0.415001,0.048261
920,33,7,0.028226,11,0.979483,0.287189,0.378228,0.049723
920,43,7,0.028226,11,0.99803,0.295636,0.41352,0.050365
920,16,6,0.024194,11,1.029381,0.317556,0.389273,0.052136
920,42,6,0.024194,12,1.010531,0.310484,0.408521,0.051064
920,81,6,0.024194,13,0.949418,0.283069,0.378443,0.051928
940,91,9,0.035573,11,1.034834,0.300975,0.413573,0.04795
940,28,8,0.031621,14,0.989996,0.311029,0.387158,0.046188
940,43,8,0.031621,12,0.987671,0.296079,0.414611,0.050167
940,53,8,0.031621,10,1.000021,0.296137,0.404679,0.046353
940,33,7,0.027668,11,0.979483,0.287189,0.378228,0.049723
940,16,6,0.023715,11,1.029381,0.317556,0.389273,0.052136
940,18,6,0.023715,11,0.976737,0.285883,0.397434,0.049235
940,42,6,0.023715,12,1.010531,0.310484,0.408521,0.051064
960,91,9,0.036885,11,1.034834,0.300975,0.413573,0.04795
960,28,8,0.032787,14,0.989996,0.311029,0.387158,0.046188
960,43,7,0.028689,12,0.980568,0.294239,0.414532,0.049223
960,53,7,0.028689,10,0.99407,0.296936,0.405076,0.046073
960,16,6,0.02459,11,1.029381,0.317556,0.389273,0.052136
960,18,6,0.02459,11,0.976737,0.285883,0.397434,0.049235
960,33,6,0.02459,11,0.9636,0.286993,0.377941,0.049756
960,42,6,0.02459,12,1.010531,0.310484,0.408521,0.051064
980,91,9,0.036585,11,1.034834,0.300975,0.413573,0.04795
980,28,8,0.03252,14,0.989996,0.311029,0.387158,0.046188
980,53,8,0.03252,11,0.998724,0.300786,0.404319,0.046116
980,43,7,0.028455,12,0.980568,0.294239,0.414532,0.049223
980,16,6,0.02439,11,1.029381,0.317556,0.389273,0.052136
980,18,6,0.02439,11,0.976737,0.285883,0.397434,0.049235
980,33,6,0.02439,11,0.9636,0.286993,0.377941,0.049756
980,42,6,0.02439,12,1.010531,0.310484,0.408521,0.051064
1000,91,10,0.039841,12,1.036226,0.301375,0.408901,0.047913
1000,28,9,0.035857,15,0.981451,0.310064,0.388673,0.046458
1000,53,9,0.035857,12,0.988739,0.301421,0.405093,0.045588
1000,16,7,0.027888,12,1.040173,0.320484,0.389192,0.051596
1000,43,7,0.027888,12,0.980568,0.294239,0.414532,0.049223
1000,18,6,0.023904,11,0.976737,0.285883,0.397434,0.049235
1000,33,6,0.023904,11,0.9636,0.286993,0.377941,0.049756
1000,42,6,0.023904,12,1.010531,0.310484,0.408521,0.051064
1020,91,10,0.040161,12,1.036226,0.301375,0.408901,0.047913
1020,28,9,0.036145,15,0.981451,0.310064,0.388673,0.046458
1020,53,8,0.032129,12,0.987164,0.303251,0.404158,0.045244
1020,16,7,0.028112,12,1.040173,0.320484,0.389192,0.051596
1020,43,7,0.028112,12,0.980568,0.294239,0.414532,0.049223
1020,18,6,0.024096,11,0.976737,0.285883,0.397434,0.049235
1020,33,6,0.024096,11,0.9636,0.286993,0.377941,0.049756
1020,42,6,0.024096,12,1.010531,0.310484,0.408521,0.051064
1040,91,10,0.039841,12,1.036226,0.301375,0.408901,0.047913
1040,28,9,0.035857,15,0.981451,0.310064,0.388673,0.046458
1040,33,7,0.027888,12,0.951588,0.28502,0.381978,0.049774
1040,43,7,0.027888,12,0.980568,0.294239,0.414532,0.049223
1040,53,7,0.027888,12,0.982716,0.302661,0.403996,0.045027
1040,16,6,0.023904,12,1.043352,0.321887,0.39179,0.051232
1040,18,6,0.023904,11,0.976737,0.285883,0.397434,0.049235
1040,42,6,0.023904,12,1.010531,0.310484,0.408521,0.051064
1060,91,10,0.03937,12,1.036226,0.301375,0.408901,0.047913
1060,28,9,0.035433,15,0.981451,0.310064,0.388673,0.046458
1060,53,8,0.031496,13,0.982159,0.301318,0.403658,0.045114
1060,33,7,0.027559,12,0.951588,0.28502,0.381978,0.049774
1060,42,6,0.023622,12,1.010531,0.310484,0.408521,0.051064
1060,43,6,0.023622,12,0.985791,0.29538,0.407755,0.050054
1060,81,6,0.023622,14,0.950267,0.283689,0.383574,0.050116
1060,12,5,0.019685,5,0.951533,0.292259,0.397715,0.050969
1080,91,10,0.03876,12,1.036226,0.301375,0.408901,0.047913
1080,28,9,0.034884,15,0.981451,0.310064,0.388673,0.046458
1080,33,8,0.031008,13,0.956544,0.28519,0.381633,0.049371
1080,53,7,0.027132,13,0.972773,0.303143,0.404904,0.044848
1080,42,6,0.023256,12,1.010531,0.310484,0.408521,0.051064
1080,43,6,0.023256,12,0.985791,0.29538,0.407755,0.050054
1080,12,5,0.01938,5,0.951533,0.292259,0.397715,0.050969
1080,16,5,0.01938,12,1.049112,0.317408,0.387024,0.050936
1100,91,10,0.039683,12,1.036226,0.301375,0.408901,0.047913
1100,28,9,0.035714,15,0.981451,0.310064,0.388673,0.046458
1100,33,8,0.031746,13,0.956544,0.28519,0.381633,0.049371
1100,53,7,0.027778,13,0.972773,0.303143,0.404904,0.044848
1100,42,6,0.02381,12,1.010531,0.310484,0.408521,0.051064
1100,43,6,0.02381,12,0.985791,0.29538,0.407755,0.050054
1100,12,5,0.019841,5,0.951533,0.292259,0.397715,0.050969
1100,16,5,0.019841,12,1.049112,0.317408,0.387024,0.050936
1120,28,10,0.03937,16,0.979731,0.31313,0.391978,0.046123
1120,91,10,0.03937,12,1.036226,0.301375,0.408901,0.047913
1120,33,8,0.031496,13,0.956544,0.28519,0.381633,0.049371
1120,42,7,0.027559,13,1.014213,0.306257,0.410122,0.052854
1120,53,7,0.027559,13,0.972773,0.303143,0.404904,0.044848
1120,43,6,0.023622,12,0.985791,0.29538,0.407755,0.050054
1120,12,5,0.019685,5,0.951533,0.292259,0.397715,0.050969
1120,16,5,0.019685,12,1.049112,0.317408,0.387024,0.050936
1140,28,10,0.038168,16,0.979731,0.31313,0.391978,0.046123
1140,91,10,0.038168,12,1.036226,0.301375,0.408901,0.047913
1140,33,9,0.034351,14,0.968509,0.28748,0.383988,0.050012
1140,53,8,0.030534,14,0.984471,0.303293,0.404912,0.045025
1140,42,7,0.026718,13,1.014213,0.306257,0.410122,0.052854
1140,81,7,0.026718,16,0.956624,0.288406,0.384585,0.050826
1140,43,6,0.022901,12,0.985791,0.29538,0.407755,0.050054
1140,0,5,0.019084,6,1.018894,0.303746,0.396785,0.050304
1160,28,10,0.037594,16,0.979731,0.31313,0.391978,0.046123
1160,91,10,0.037594,12,1.036226,0.301375,0.408901,0.047913
1160,33,9,0.033835,14,0.968509,0.28748,0.383988,0.050012
1160,53,8,0.030075,14,0.984471,0.303293,0.404912,0.045025
1160,42,7,0.026316,13,1.014213,0.306257,0.410122,0.052854
1160,81,7,0.026316,16,0.956624,0.288406,0.384585,0.050826
1160,43,6,0.022556,13,0.977605,0.29836,0.417613,0.049543
1160,0,5,0.018797,6,1.018894,0.303746,0.396785,0.050304
1180,28,10,0.036496,16,0.979731,0.31313,0.391978,0.046123
1180,33,9,0.032847,14,0.968509,0.28748,0.383988,0.050012
1180,91,9,0.032847,12,1.026612,0.300328,0.409651,0.048185
1180,53,8,0.029197,14,0.984471,0.303293,0.404912,0.045025
1180,42,7,0.025547,13,1.014213,0.306257,0.410122,0.052854
1180,81,7,0.025547,16,0.956624,0.288406,0.384585,0.050826
1180,43,6,0.021898,13,0.977605,0.29836,0.417613,0.049543
1180,60,6,0.021898,10,0.992217,0.333608,0.367051,0.049125
1200,28,11,0.039146,17,0.979125,0.311172,0.392228,0.046035
1200,33,9,0.032028,14,0.968509,0.28748,0.383988,0.050012
1200,53,8,0.02847,14,0.984471,0.303293,0.404912,0.045025
1200,91,8,0.02847,12,1.023844,0.299748,0.415001,0.048261
1200,42,7,0.024911,13,1.014213,0.306257,0.410122,0.052854
1200,43,7,0.024911,14,0.976071,0.300584,0.415734,0.05012
1200,81,7,0.024911,16,0.956624,0.288406,0.384585,0.050826
1200,18,6,0.021352,13,0.971017,0.286914,0.400925,0.054032
1220,28,11,0.039146,17,0.979125,0.311172,0.392228,0.046035
1220,33,8,0.02847,15,0.98812,0.288932,0.382666,0.052019
1220,53,8,0.02847,14,0.984471,0.303293,0.404912,0.045025
1220,91,8,0.02847,12,1.023844,0.299748,0.415001,0.048261
1220,42,7,0.024911,13,1.014213,0.306257,0.410122,0.052854
1220,43,7,0.024911,14,0.976071,0.300584,0.415734,0.05012
1220,97,7,0.024911,9,0.975325,0.277739,0.384749,0.048761
1220,18,6,0.021352,13,0.971017,0.286914,0.400925,0.054032
1240,28,10,0.035461,17,0.985728,0.312056,0.391371,0.045777
1240,91,9,0.031915,13,1.02269,0.304199,0.415756,0.048439
1240,33,8,0.028369,15,0.98812,0.288932,0.382666,0.052019
1240,53,8,0.028369,14,0.984471,0.303293,0.404912,0.045025
1240,81,8,0.028369,18,0.973902,0.285493,0.387892,0.051132
1240,43,7,0.024823,14,0.976071,0.300584,0.415734,0.05012
1240,97,7,0.024823,9,0.975325,0.277739,0.384749,0.048761
1240,16,6,0.021277,13,1.068769,0.31572,0.390421,0.051223
1260,28,10,0.035714,17,0.985728,0.312056,0.391371,0.045777
1260,91,9,0.032143,13,1.02269,0.304199,0.415756,0.048439
1260,53,8,0.028571,14,0.984471,0.303293,0.404912,0.045025
1260,81,8,0.028571,18,0.973902,0.285493,0.387892,0.051132
1260,33,7,0.025,15,0.979019,0.289461,0.382512,0.052909
1260,43,7,0.025,14,0.976071,0.300584,0.415734,0.05012
1260,16,6,0.021429,13,1.068769,0.31572,0.390421,0.051223
1260,42,6,0.021429,13,1.018372,0.303593,0.412528,0.053891
1280,28,10,0.035971,17,0.985728,0.312056,0.391371,0.045777
1280,91,9,0.032374,13,1.02269,0.304199,0.415756,0.048439
1280,33,8,0.028777,16,0.984707,0.287817,0.38206,0.051632
1280,53,8,0.028777,14,0.984471,0.303293,0.404912,0.045025
1280,81,8,0.028777,18,0.973902,0.285493,0.387892,0.051132
1280,43,7,0.02518,14,0.976071,0.300584,0.415734,0.05012
1280,97,7,0.02518,10,0.97824,0.27342,0.377131,0.050415
1280,16,6,0.021583,13,1.068769,0.31572,0.390421,0.051223
1300,28,10,0.03663,17,0.985728,0.312056,0.391371,0.045777
1300,91,9,0.032967,13,1.02269,0.304199,0.415756,0.048439
1300,33,8,0.029304,16,0.984707,0.287817,0.38206,0.051632
1300,53,8,0.029304,14,0.984471,0.303293,0.404912,0.045025
1300,43,7,0.025641,14,0.976071,0.300584,0.415734,0.05012
1300,81,7,0.025641,18,0.967553,0.286934,0.3867,0.050784
1300,16,6,0.021978,13,1.068769,0.31572,0.390421,0.051223
1300,42,6,0.021978,13,1.018372,0.303593,0.412528,0.053891
1320,28,11,0.040293,18,0.984057,0.315908,0.391602,0.045815
1320,91,9,0.032967,13,1.02269,0.304199,0.415756,0.048439
1320,33,8,0.029304,16,0.984707,0.287817,0.38206,0.051632
1320,53,8,0.029304,14,0.984471,0.303293,0.404912,0.045025
1320,18,7,0.025641,15,0.966137,0.292382,0.399725,0.056465
1320,43,7,0.025641,14,0.976071,0.300584,0.415734,0.05012
1320,42,6,0.021978,13,1.018372,0.303593,0.412528,0.053891
1320,60,6,0.021978,10,0.992217,0.333608,0.367051,0.049125
1340,28,10,0.036101,18,0.984597,0.316979,0.391362,0.045356
1340,91,9,0.032491,13,1.02269,0.304199,0.415756,0.048439
1340,33,8,0.028881,17,0.984787,0.287254,0.378879,0.051148
1340,43,8,0.028881,15,0.986665,0.301906,0.411985,0.050912
1340,18,7,0.025271,16,0.966769,0.289116,0.401251,0.053539
1340,53,7,0.025271,14,0.991025,0.305113,0.404505,0.044688
1340,81,7,0.025271,19,0.96946,0.284204,0.388231,0.050361
1340,42,6,0.021661,13,1.018372,0.303593,0.412528,0.053891
1360,28,10,0.036364,18,0.984597,0.316979,0.391362,0.045356
1360,91,10,0.036364,14,1.018782,0.305116,0.415011,0.049141
1360,33,8,0.029091,17,0.984787,0.287254,0.378879,0.051148
1360,43,8,0.029091,15,0.986665,0.301906,0.411985,0.050912
1360,97,7,0.025455,11,1.011699,0.271442,0.369219,0.04939
1360,18,6,0.021818,16,0.96223,0.287416,0.40266,0.054192
1360,22,6,0.021818,10,1.003578,0.319148,0.393962,0.054377
1360,42,6,0.021818,13,1.018372,0.303593,0.412528,0.053891
1380,28,10,0.035971,18,0.984597,0.316979,0.391362,0.045356
1380,91,10,0.035971,14,1.018782,0.305116,0.415011,0.049141
1380,33,8,0.028777,17,0.984787,0.287254,0.378879,0.051148
1380,43,8,0.028777,15,0.986665,0.301906,0.411985,0.050912
1380,97,7,0.02518,11,1.011699,0.271442,0.369219,0.04939
1380,18,6,0.021583,16,0.96223,0.287416,0.40266,0.054192
1380,22,6,0.021583,10,1.003578,0.319148,0.393962,0.054377
1380,42,6,0.021583,13,1.018372,0.303593,0.412528,0.053891
1400,28,10,0.035971,18,0.984597,0.316979,0.391362,0.045356
1400,91,9,0.032374,14,1.020512,0.304814,0.415354,0.049105
1400,33,8,0.028777,18,0.992875,0.284116,0.378234,0.049704
1400,43,8,0.028777,15,0.986665,0.301906,0.411985,0.050912
1400,22,7,0.02518,11,0.991583,0.321344,0.395116,0.056192
1400,86,7,0.02518,10,0.914767,0.303175,0.38896,0.051206
1400,97,7,0.02518,11,1.011699,0.271442,0.369219,0.04939
1400,18,6,0.021583,16,0.96223,0.287416,0.40266,0.054192
1420,28,10,0.036232,18,0.984597,0.316979,0.391362,0.045356
1420,43,9,0.032609,16,0.989038,0.30166,0.407199,0.05199
1420,91,9,0.032609,14,1.020512,0.304814,0.415354,0.049105
1420,33,7,0.025362,18,1.000686,0.28473,0.376027,0.049886
1420,53,7,0.025362,15,0.996962,0.3079,0.402262,0.043692
1420,97,7,0.025362,11,1.011699,0.271442,0.369219,0.04939
1420,18,6,0.021739,16,0.96223,0.287416,0.40266,0.054192
1420,22,6,0.021739,11,0.979394,0.321754,0.397456,0.05666
1440,28,9,0.032727,18,0.985879,0.3198,0.390989,0.045378
1440,91,9,0.032727,14,1.020512,0.304814,0.415354,0.049105
1440,43,8,0.029091,16,0.99181,0.300126,0.40754,0.05179
1440,18,7,0.025455,17,0.959393,0.284768,0.400305,0.052712
1440,53,7,0.025455,15,0.996962,0.3079,0.402262,0.043692
1440,22,6,0.021818,11,0.979394,0.321754,0.397456,0.05666
1440,33,6,0.021818,18,0.990944,0.284902,0.373555,0.047788
1440,42,6,0.021818,13,1.018372,0.303593,0.412528,0.053891
1460,91,9,0.032847,14,1.020512,0.304814,0.415354,0.049105
1460,28,8,0.029197,18,0.982164,0.320261,0.393026,0.046498
1460,18,7,0.025547,17,0.959393,0.284768,0.400305,0.052712
1460,33,7,0.025547,19,0.984995,0.284388,0.374776,0.04875
1460,43,7,0.025547,16,0.981951,0.29855,0.410655,0.051124
1460,53,7,0.025547,15,0.996962,0.3079,0.402262,0.043692
1460,22,6,0.021898,12,0.957911,0.320484,0.394725,0.059299
1460,42,6,0.021898,13,1.018372,0.303593,0.412528,0.053891
1480,91,9,0.032374,14,1.020512,0.304814,0.415354,0.049105
1480,28,8,0.028777,18,0.982164,0.320261,0.393026,0.046498
1480,18,7,0.02518,17,0.959393,0.284768,0.400305,0.052712
1480,33,7,0.02518,19,0.984995,0.284388,0.374776,0.04875
1480,43,7,0.02518,16,0.981951,0.29855,0.410655,0.051124
1480,53,7,0.02518,15,0.996962,0.3079,0.402262,0.043692
1480,97,7,0.02518,13,1.003281,0.275139,0.374228,0.049092
1480,22,6,0.021583,12,0.957911,0.320484,0.394725,0.059299
1500,91,9,0.032028,14,1.020512,0.304814,0.415354,0.049105
1500,28,8,0.02847,18,0.982164,0.320261,0.393026,0.046498
1500,53,8,0.02847,16,0.98789,0.309803,0.403564,0.043002
1500,18,7,0.024911,17,0.959393,0.284768,0.400305,0.052712
1500,33,7,0.024911,19,0.984995,0.284388,0.374776,0.04875
1500,43,7,0.024911,17,0.991088,0.299045,0.414278,0.051625
1500,97,7,0.024911,13,1.003281,0.275139,0.374228,0.049092
1500,22,6,0.021352,12,0.957911,0.320484,0.394725,0.059299
1520,91,9,0.032258,14,1.020512,0.304814,0.415354,0.049105
1520,28,8,0.028674,18,0.982164,0.320261,0.393026,0.046498
1520,53,8,0.028674,16,0.98789,0.309803,0.403564,0.043002
1520,33,7,0.02509,20,0.970916,0.286463,0.378141,0.049883
1520,97,7,0.02509,13,1.003281,0.275139,0.374228,0.049092
1520,18,6,0.021505,17,0.942594,0.278852,0.403994,0.05133
1520,22,6,0.021505,12,0.957911,0.320484,0.394725,0.059299
1520,43,6,0.021505,17,0.989113,0.296007,0.412183,0.052253
1540,28,8,0.028777,18,0.982164,0.320261,0.393026,0.046498
1540,53,8,0.028777,16,0.98789,0.309803,0.403564,0.043002
1540,91,8,0.028777,14,1.020079,0.30582,0.418866,0.049159
1540,33,7,0.02518,20,0.970916,0.286463,0.378141,0.049883
1540,97,7,0.02518,13,1.003281,0.275139,0.374228,0.049092
1540,18,6,0.021583,17,0.942594,0.278852,0.403994,0.05133
1540,22,6,0.021583,12,0.957911,0.320484,0.394725,0.059299
1540,42,6,0.021583,14,1.010762,0.313745,0.403997,0.051702
1560,28,8,0.02807,18,0.982164,0.320261,0.393026,0.046498
1560,91,8,0.02807,14,1.020079,0.30582,0.418866,0.049159
1560,97,8,0.02807,14,1.012853,0.27305,0.373129,0.049122
1560,33,7,0.024561,20,0.970916,0.286463,0.378141,0.049883
1560,53,7,0.024561,16,0.976679,0.310583,0.403364,0.042536
1560,81,7,0.024561,22,0.9483,0.290107,0.376852,0.051754
1560,8,6,0.021053,8,1.031651,0.311898,0.410029,0.053025
1560,18,6,0.021053,18,0.933714,0.277941,0.39685,0.053597
1580,28,8,0.02847,18,0.982164,0.320261,0.393026,0.046498
1580,91,8,0.02847,14,1.020079,0.30582,0.418866,0.049159
1580,97,8,0.02847,14,1.012853,0.27305,0.373129,0.049122
1580,33,7,0.024911,20,0.970916,0.286463,0.378141,0.049883
1580,53,7,0.024911,16,0.976679,0.310583,0.403364,0.042536
1580,81,7,0.024911,22,0.9483,0.290107,0.376852,0.051754
1580,8,6,0.021352,8,1.031651,0.311898,0.410029,0.053025
1580,18,6,0.021352,18,0.933714,0.277941,0.39685,0.053597
1600,91,9,0.032143,15,1.021286,0.307289,0.42072,0.049253
1600,28,8,0.028571,18,0.982164,0.320261,0.393026,0.046498
1600,33,8,0.028571,21,0.978897,0.285865,0.374943,0.050246
1600,42,7,0.025,15,0.987531,0.32407,0.405634,0.050781
1600,53,7,0.025,16,0.976679,0.310583,0.403364,0.042536
1600,97,7,0.025,14,1.017044,0.274226,0.373609,0.048516
1600,8,6,0.021429,8,1.031651,0.311898,0.410029,0.053025
1600,16,6,0.021429,16,1.03159,0.316568,0.38518,0.052253
1620,91,9,0.032143,15,1.021286,0.307289,0.42072,0.049253
1620,28,8,0.028571,18,0.982164,0.320261,0.393026,0.046498
1620,33,8,0.028571,21,0.978897,0.285865,0.374943,0.050246
1620,42,7,0.025,15,0.987531,0.32407,0.405634,0.050781
1620,53,7,0.025,16,0.976679,0.310583,0.403364,0.042536
1620,81,7,0.025,23,0.946437,0.289915,0.372558,0.051806
1620,97,7,0.025,14,1.017044,0.274226,0.373609,0.048516
1620,8,6,0.021429,8,1.031651,0.311898,0.410029,0.053025
1640,91,9,0.031802,15,1.021286,0.307289,0.42072,0.049253
1640,28,8,0.028269,18,0.982164,0.320261,0.393026,0.046498
1640,33,8,0.028269,21,0.978897,0.285865,0.374943,0.050246
1640,42,8,0.028269,16,0.977987,0.326017,0.4017,0.049945
1640,53,7,0.024735,16,0.976679,0.310583,0.403364,0.042536
1640,81,7,0.024735,23,0.946437,0.289915,0.372558,0.051806
1640,97,7,0.024735,14,1.017044,0.274226,0.373609,0.048516
1640,8,6,0.021201,8,1.031651,0.311898,0.410029,0.053025
1660,33,9,0.031802,22,0.989102,0.287926,0.371889,0.050501
1660,91,9,0.031802,15,1.021286,0.307289,0.42072,0.049253
1660,28,8,0.028269,18,0.982164,0.320261,0.393026,0.046498
1660,42,8,0.028269,16,0.977987,0.326017,0.4017,0.049945
1660,53,7,0.024735,16,0.976679,0.310583,0.403364,0.042536
1660,81,7,0.024735,24,0.934885,0.290022,0.371348,0.04935
1660,97,7,0.024735,15,1.021059,0.270511,0.375777,0.048839
1660,8,6,0.021201,8,1.031651,0.311898,0.410029,0.053025
1680,33,9,0.032028,22,0.989102,0.287926,0.371889,0.050501
1680,91,9,0.032028,15,1.021286,0.307289,0.42072,0.049253
1680,28,8,0.02847,18,0.982164,0.320261,0.393026,0.046498
1680,42,7,0.024911,16,0.966704,0.330556,0.401113,0.049948
1680,53,7,0.024911,16,0.976679,0.310583,0.403364,0.042536
1680,97,7,0.024911,15,1.021059,0.270511,0.375777,0.048839
1680,8,6,0.021352,8,1.031651,0.311898,0.410029,0.053025
1680,16,6,0.021352,16,1.03159,0.316568,0.38518,0.052253
1700,33,9,0.031802,22,0.989102,0.287926,0.371889,0.050501
1700,91,9,0.031802,15,1.021286,0.307289,0.42072,0.049253
1700,28,8,0.028269,18,0.982164,0.320261,0.393026,0.046498
1700,42,8,0.028269,17,0.974378,0.33276,0.395875,0.05057
1700,53,7,0.024735,16,0.976679,0.310583,0.403364,0.042536
1700,97,7,0.024735,15,1.021059,0.270511,0.375777,0.048839
1700,8,6,0.021201,8,1.031651,0.311898,0.410029,0.053025
1700,16,6,0.021201,16,1.03159,0.316568,0.38518,0.052253
1720,28,9,0.031469,19,0.981171,0.317229,0.393267,0.04694
1720,33,9,0.031469,22,0.989102,0.287926,0.371889,0.050501
1720,91,9,0.031469,15,1.021286,0.307289,0.42072,0.049253
1720,42,8,0.027972,17,0.974378,0.33276,0.395875,0.05057
1720,53,8,0.027972,17,0.976025,0.309585,0.405417,0.044978
1720,43,7,0.024476,19,1.017307,0.296845,0.398187,0.055592
1720,81,7,0.024476,25,0.92946,0.289896,0.365275,0.051019
1720,97,7,0.024476,15,1.021059,0.270511,0.375777,0.048839
1740,28,9,0.031359,19,0.981171,0.317229,0.393267,0.04694
1740,91,9,0.031359,15,1.021286,0.307289,0.42072,0.049253
1740,33,8,0.027875,23,0.997333,0.292401,0.369329,0.05148
1740,42,8,0.027875,18,0.968752,0.328002,0.399908,0.050733
1740,43,8,0.027875,20,0.99837,0.297093,0.39667,0.0542
1740,53,8,0.027875,17,0.976025,0.309585,0.405417,0.044978
1740,81,7,0.02439,25,0.92946,0.289896,0.365275,0.051019
1740,8,6,0.020906,8,1.031651,0.311898,0.410029,0.053025
1760,28,9,0.031359,19,0.981171,0.317229,0.393267,0.04694
1760,42,9,0.031359,19,0.976393,0.326497,0.398555,0.050004
1760,91,9,0.031359,15,1.021286,0.307289,0.42072,0.049253
1760,43,8,0.027875,20,0.99837,0.297093,0.39667,0.0542
1760,53,8,0.027875,17,0.976025,0.309585,0.405417,0.044978
1760,33,7,0.02439,23,0.991986,0.293933,0.371725,0.051292
1760,81,7,0.02439,25,0.92946,0.289896,0.365275,0.051019
1760,8,6,0.020906,8,1.031651,0.311898,0.410029,0.053025
1780,28,9,0.031034,19,0.981171,0.317229,0.393267,0.04694
1780,42,9,0.031034,19,0.976393,0.326497,0.398555,0.050004
1780,91,9,0.031034,15,1.021286,0.307289,0.42072,0.049253
1780,43,8,0.027586,20,0.99837,0.297093,0.39667,0.0542
1780,33,7,0.024138,23,0.991986,0.293933,0.371725,0.051292
1780,81,7,0.024138,25,0.92946,0.289896,0.365275,0.051019
1780,8,6,0.02069,8,1.031651,0.311898,0.410029,0.053025
1780,16,6,0.02069,16,1.03159,0.316568,0.38518,0.052253
1800,42,10,0.033557,20,0.970577,0.326347,0.405151,0.050595
1800,91,10,0.033557,16,1.027034,0.306774,0.419183,0.048536
1800,28,9,0.030201,19,0.981171,0.317229,0.393267,0.04694
1800,43,8,0.026846,20,0.99837,0.297093,0.39667,0.0542
1800,73,7,0.02349,16,0.991081,0.295558,0.391307,0.059164
1800,75,7,0.02349,18,0.972844,0.308815,0.416605,0.052249
1800,86,7,0.02349,14,0.932305,0.298649,0.404751,0.051917
1800,8,6,0.020134,8,1.031651,0.311898,0.410029,0.053025
1820,42,10,0.033784,20,0.970577,0.326347,0.405151,0.050595
1820,91,10,0.033784,16,1.027034,0.306774,0.419183,0.048536
1820,28,9,0.030405,19,0.981171,0.317229,0.393267,0.04694
1820,43,8,0.027027,20,0.99837,0.297093,0.39667,0.0542
1820,73,7,0.023649,16,0.991081,0.295558,0.391307,0.059164
1820,75,7,0.023649,18,0.972844,0.308815,0.416605,0.052249
1820,81,7,0.023649,26,0.938863,0.291499,0.365195,0.049229
1820,8,6,0.02027,8,1.031651,0.311898,0.410029,0.053025
1840,42,11,0.037037,21,0.975134,0.327944,0.403986,0.050098
1840,91,10,0.03367,16,1.027034,0.306774,0.419183,0.048536
1840,28,9,0.030303,19,0.981171,0.317229,0.393267,0.04694
1840,73,8,0.026936,17,0.997756,0.293903,0.394147,0.058653
1840,75,8,0.026936,19,0.967616,0.314007,0.420913,0.051881
1840,43,7,0.023569,20,0.99225,0.29765,0.391203,0.05428
1840,81,7,0.023569,26,0.938863,0.291499,0.365195,0.049229
1840,8,6,0.020202,8,1.031651,0.311898,0.410029,0.053025
1860,28,10,0.033223,20,0.973353,0.319153,0.394882,0.047459
1860,42,10,0.033223,21,0.977409,0.331325,0.400688,0.049368
1860,91,10,0.033223,17,1.033748,0.309484,0.418841,0.048658
1860,75,8,0.026578,19,0.967616,0.314007,0.420913,0.051881
1860,33,7,0.023256,25,1.005785,0.296147,0.372947,0.051269
1860,43,7,0.023256,20,0.99225,0.29765,0.391203,0.05428
1860,60,7,0.023256,12,1.017231,0.346138,0.365571,0.051609
1860,73,7,0.023256,17,1.002171,0.292135,0.399332,0.058855
1880,28,10,0.032787,20,0.973353,0.319153,0.394882,0.047459
1880,91,10,0.032787,17,1.033748,0.309484,0.418841,0.048658
1880,42,9,0.029508,21,0.980939,0.33439,0.400675,0.049102
1880,75,8,0.02623,19,0.967616,0.314007,0.420913,0.051881
1880,33,7,0.022951,26,1.014895,0.296292,0.379641,0.050718
1880,43,7,0.022951,20,0.99225,0.29765,0.391203,0.05428
1880,60,7,0.022951,12,1.017231,0.346138,0.365571,0.051609
1880,73,7,0.022951,17,1.002171,0.292135,0.399332,0.058855
1900,28,10,0.032154,20,0.973353,0.319153,0.394882,0.047459
1900,91,9,0.028939,17,1.036448,0.311328,0.417046,0.049113
1900,33,8,0.025723,27,1.002875,0.296054,0.376942,0.050854
1900,42,8,0.025723,21,0.989659,0.333732,0.40399,0.049727
1900,60,8,0.025723,13,1.025636,0.346854,0.36658,0.054022
1900,75,8,0.025723,19,0.967616,0.314007,0.420913,0.051881
1900,43,7,0.022508,20,0.99225,0.29765,0.391203,0.05428
1900,73,7,0.022508,17,1.002171,0.292135,0.399332,0.058855
1920,28,10,0.032154,20,0.973353,0.319153,0.394882,0.047459
1920,91,9,0.028939,17,1.036448,0.311328,0.417046,0.049113
1920,33,8,0.025723,27,1.002875,0.296054,0.376942,0.050854
1920,42,8,0.025723,21,0.989659,0.333732,0.40399,0.049727
1920,18,7,0.022508,22,0.973387,0.285138,0.41502,0.051686
1920,34,7,0.022508,11,1.0287,0.290372,0.388951,0.050975
1920,43,7,0.022508,20,0.99225,0.29765,0.391203,0.05428
1920,53,7,0.022508,18,0.98031,0.314064,0.407913,0.047234
1940,28,10,0.032154,20,0.973353,0.319153,0.394882,0.047459
1940,91,9,0.028939,17,1.036448,0.311328,0.417046,0.049113
1940,33,8,0.025723,28,0.984894,0.299015,0.372874,0.049617
1940,34,8,0.025723,12,1.019106,0.289881,0.389149,0.051478
1940,42,8,0.025723,21,0.989659,0.333732,0.40399,0.049727
1940,53,8,0.025723,19,0.9737,0.311433,0.407307,0.046585
1940,73,8,0.025723,18,1.004637,0.287842,0.401416,0.058286
1940,18,7,0.022508,22,0.973387,0.285138,0.41502,0.051686
1960,28,9,0.028939,20,0.973366,0.322061,0.394847,0.047123
1960,91,9,0.028939,17,1.036448,0.311328,0.417046,0.049113
1960,33,8,0.025723,28,0.984894,0.299015,0.372874,0.049617
1960,53,8,0.025723,19,0.9737,0.311433,0.407307,0.046585
1960,73,8,0.025723,18,1.004637,0.287842,0.401416,0.058286
1960,18,7,0.022508,22,0.973387,0.285138,0.41502,0.051686
1960,34,7,0.022508,12,1.015994,0.289565,0.391589,0.051795
1960,42,7,0.022508,21,0.987435,0.338883,0.403495,0.049504
1980,28,9,0.029126,20,0.973366,0.322061,0.394847,0.047123
1980,91,9,0.029126,17,1.036448,0.311328,0.417046,0.049113
1980,33,8,0.02589,28,0.984894,0.299015,0.372874,0.049617
1980,53,8,0.02589,19,0.9737,0.311433,0.407307,0.046585
1980,73,8,0.02589,18,1.004637,0.287842,0.401416,0.058286
1980,17,7,0.022654,10,0.998078,0.310758,0.401927,0.051737
1980,18,7,0.022654,22,0.973387,0.285138,0.41502,0.051686
1980,34,7,0.022654,12,1.015994,0.289565,0.391589,0.051795
2000,28,9,0.029032,20,0.973366,0.322061,0.394847,0.047123
2000,53,9,0.029032,20,0.969957,0.315191,0.405761,0.047161
2000,91,9,0.029032,17,1.036448,0.311328,0.417046,0.049113
2000,33,8,0.025806,28,0.984894,0.299015,0.372874,0.049617
2000,34,8,0.025806,13,0.999392,0.291941,0.392505,0.052523
2000,73,8,0.025806,18,1.004637,0.287842,0.401416,0.058286
2000,97,8,0.025806,19,1.060035,0.279618,0.376378,0.049287
2000,17,7,0.022581,10,0.998078,0.310758,0.401927,0.051737
2020,28,9,0.029412,20,0.973366,0.322061,0.394847,0.047123
2020,34,8,0.026144,13,0.999392,0.291941,0.392505,0.052523
2020,53,8,0.026144,20,0.969771,0.316766,0.404008,0.045297
2020,73,8,0.026144,18,1.004637,0.287842,0.401416,0.058286
2020,91,8,0.026144,17,1.031158,0.312476,0.418507,0.049993
2020,97,8,0.026144,19,1.060035,0.279618,0.376378,0.049287
2020,17,7,0.022876,10,0.998078,0.310758,0.401927,0.051737
2020,33,7,0.022876,28,0.994345,0.299676,0.374992,0.049305
2040,28,9,0.029508,20,0.973366,0.322061,0.394847,0.047123
2040,73,9,0.029508,19,1.006027,0.288224,0.407956,0.057893
2040,17,8,0.02623,11,0.999105,0.309435,0.398888,0.051871
2040,34,8,0.02623,13,0.999392,0.291941,0.392505,0.052523
2040,53,8,0.02623,20,0.969771,0.316766,0.404008,0.045297
2040,91,8,0.02623,17,1.031158,0.312476,0.418507,0.049993
2040,97,8,0.02623,19,1.060035,0.279618,0.376378,0.049287
2040,33,7,0.022951,28,0.994345,0.299676,0.374992,0.049305
2060,28,9,0.029508,20,0.973366,0.322061,0.394847,0.047123
2060,73,9,0.029508,19,1.006027,0.288224,0.407956,0.057893
2060,17,8,0.02623,11,0.999105,0.309435,0.398888,0.051871
2060,34,8,0.02623,13,0.999392,0.291941,0.392505,0.052523
2060,53,8,0.02623,20,0.969771,0.316766,0.404008,0.045297
2060,91,8,0.02623,17,1.031158,0.312476,0.418507,0.049993
2060,33,7,0.022951,28,0.994345,0.299676,0.374992,0.049305
2060,42,7,0.022951,21,0.987435,0.338883,0.403495,0.049504
2080,28,9,0.029703,20,0.973366,0.322061,0.394847,0.047123
2080,34,9,0.029703,14,1.002122,0.294274,0.388595,0.053319
2080,17,8,0.026403,11,0.999105,0.309435,0.398888,0.051871
2080,42,8,0.026403,22,0.985771,0.341638,0.399278,0.050226
2080,53,8,0.026403,20,0.969771,0.316766,0.404008,0.045297
2080,91,8,0.026403,17,1.031158,0.312476,0.418507,0.049993
2080,73,7,0.023102,19,1.008514,0.284859,0.410964,0.058253
2080,97,7,0.023102,19,1.047248,0.280753,0.37752,0.049087
2100,28,11,0.035484,22,0.974424,0.322928,0.390224,0.046673
2100,34,9,0.029032,14,1.002122,0.294274,0.388595,0.053319
2100,17,8,0.025806,11,0.999105,0.309435,0.398888,0.051871
2100,42,8,0.025806,22,0.985771,0.341638,0.399278,0.050226
2100,53,8,0.025806,20,0.969771,0.316766,0.404008,0.045297
2100,91,8,0.025806,17,1.031158,0.312476,0.418507,0.049993
2100,97,8,0.025806,20,1.052652,0.276548,0.376539,0.050149
2100,73,7,0.022581,19,1.008514,0.284859,0.410964,0.058253
2120,28,10,0.032051,22,0.981568,0.321574,0.388306,0.046128
2120,34,9,0.028846,14,1.002122,0.294274,0.388595,0.053319
2120,91,9,0.028846,18,1.026238,0.312925,0.421991,0.05037
2120,17,8,0.025641,11,0.999105,0.309435,0.398888,0.051871
2120,42,8,0.025641,22,0.985771,0.341638,0.399278,0.050226
2120,97,8,0.025641,20,1.052652,0.276548,0.376539,0.050149
2120,53,7,0.022436,20,0.976255,0.315856,0.402768,0.046315
2120,73,7,0.022436,19,1.008514,0.284859,0.410964,0.058253
2140,28,10,0.031949,22,0.981568,0.321574,0.388306,0.046128
2140,17,9,0.028754,12,1.007997,0.307194,0.398318,0.051519
2140,34,9,0.028754,15,0.990177,0.290632,0.391814,0.056208
2140,42,9,0.028754,23,0.997162,0.337795,0.395127,0.05008
2140,91,9,0.028754,18,1.026238,0.312925,0.421991,0.05037
2140,33,7,0.022364,29,1.003525,0.300753,0.370565,0.048457
2140,53,7,0.022364,20,0.976255,0.315856,0.402768,0.046315
2140,73,7,0.022364,20,1.021625,0.286545,0.414099,0.058395
2160,28,10,0.031746,22,0.981568,0.321574,0.388306,0.046128
2160,42,9,0.028571,23,0.997162,0.337795,0.395127,0.05008
2160,91,9,0.028571,18,1.026238,0.312925,0.421991,0.05037
2160,17,8,0.025397,12,1.017837,0.307488,0.393902,0.0521
2160,33,7,0.022222,29,1.003525,0.300753,0.370565,0.048457
2160,34,7,0.022222,15,0.995204,0.290668,0.392434,0.057476
2160,43,7,0.022222,22,0.970101,0.301285,0.389847,0.053735
2160,53,7,0.022222,20,0.976255,0.315856,0.402768,0.046315
2180,28,10,0.031949,22,0.981568,0.321574,0.388306,0.046128
2180,42,10,0.031949,24,0.995429,0.338666,0.391815,0.051605
2180,91,9,0.028754,18,1.026238,0.312925,0.421991,0.05037
2180,17,8,0.025559,12,1.017837,0.307488,0.393902,0.0521
2180,43,8,0.025559,23,0.981768,0.300675,0.392494,0.052832
2180,16,7,0.022364,20,1.064008,0.325117,0.391991,0.053683
2180,33,7,0.022364,29,1.003525,0.300753,0.370565,0.048457
2180,53,7,0.022364,20,0.976255,0.315856,0.402768,0.046315
2200,28,10,0.03268,22,0.981568,0.321574,0.388306,0.046128
2200,42,10,0.03268,24,0.995429,0.338666,0.391815,0.051605
2200,91,9,0.029412,18,1.026238,0.312925,0.421991,0.05037
2200,17,8,0.026144,12,1.017837,0.307488,0.393902,0.0521
2200,43,8,0.026144,23,0.981768,0.300675,0.392494,0.052832
2200,16,7,0.022876,20,1.064008,0.325117,0.391991,0.053683
2200,33,7,0.022876,29,1.003525,0.300753,0.370565,0.048457
2200,81,7,0.022876,29,0.935624,0.289675,0.364951,0.051739
2220,28,10,0.033003,22,0.981568,0.321574,0.388306,0.046128
2220,42,9,0.029703,25,0.999818,0.345691,0.381428,0.053336
2220,91,9,0.029703,18,1.026238,0.312925,0.421991,0.05037
2220,33,8,0.026403,30,1.032897,0.297389,0.368588,0.048693
2220,43,8,0.026403,23,0.981768,0.300675,0.392494,0.052832
2220,16,6,0.019802,20,1.061349,0.321875,0.396339,0.053815
2220,17,6,0.019802,12,1.017473,0.3098,0.39346,0.053068
2220,22,6,0.019802,13,0.953392,0.323293,0.388245,0.064262
2240,28,10,0.032787,22,0.981568,0.321574,0.388306,0.046128
2240,42,9,0.029508,25,0.999818,0.345691,0.381428,0.053336
2240,91,9,0.029508,18,1.026238,0.312925,0.421991,0.05037
2240,33,8,0.02623,30,1.032897,0.297389,0.368588,0.048693
2240,43,8,0.02623,24,0.991629,0.29855,0.390063,0.053959
2240,81,7,0.022951,30,0.940012,0.290324,0.362406,0.050058
2240,17,6,0.019672,12,1.017473,0.3098,0.39346,0.053068
2240,18,6,0.019672,24,0.97052,0.295294,0.396492,0.052727
2260,28,10,0.033003,22,0.981568,0.321574,0.388306,0.046128
2260,91,9,0.029703,18,1.026238,0.312925,0.421991,0.05037
2260,33,8,0.026403,30,1.032897,0.297389,0.368588,0.048693
2260,42,8,0.026403,25,0.988759,0.350521,0.383866,0.053888
2260,43,7,0.023102,24,0.992924,0.297011,0.395835,0.05265
2260,75,7,0.023102,22,0.971266,0.303711,0.421987,0.054305
2260,81,7,0.023102,30,0.940012,0.290324,0.362406,0.050058
2260,17,6,0.019802,12,1.017473,0.3098,0.39346,0.053068
2280,28,10,0.032468,22,0.981568,0.321574,0.388306,0.046128
2280,42,9,0.029221,26,0.985985,0.349654,0.382126,0.054418
2280,91,9,0.029221,18,1.026238,0.312925,0.421991,0.05037
2280,33,8,0.025974,30,1.032897,0.297389,0.368588,0.048693
2280,43,8,0.025974,25,1.014368,0.295644,0.401991,0.051974
2280,34,7,0.022727,17,0.998369,0.292201,0.386476,0.059528
2280,75,7,0.022727,22,0.971266,0.303711,0.421987,0.054305
2280,81,7,0.022727,30,0.940012,0.290324,0.362406,0.050058
2300,28,9,0.029316,22,0.982092,0.319396,0.389283,0.047028
2300,42,9,0.029316,26,0.985985,0.349654,0.382126,0.054418
2300,91,9,0.029316,18,1.026238,0.312925,0.421991,0.05037
2300,33,8,0.026059,30,1.032897,0.297389,0.368588,0.048693
2300,73,8,0.026059,22,1.029129,0.290195,0.42049,0.056628
2300,34,7,0.022801,17,0.998369,0.292201,0.386476,0.059528
2300,43,7,0.022801,25,1.01641,0.296104,0.400973,0.051363
2300,53,7,0.022801,21,0.968767,0.316625,0.40137,0.044471
2320,28,9,0.029316,22,0.982092,0.319396,0.389283,0.047028
2320,33,9,0.029316,31,1.054432,0.295483,0.368663,0.048219
2320,42,9,0.029316,27,0.997471,0.350331,0.381911,0.053123
2320,91,9,0.029316,18,1.026238,0.312925,0.421991,0.05037
2320,34,7,0.022801,17,0.998369,0.292201,0.386476,0.059528
2320,43,7,0.022801,25,1.01641,0.296104,0.400973,0.051363
2320,53,7,0.022801,21,0.968767,0.316625,0.40137,0.044471
2320,73,7,0.022801,22,1.026935,0.29132,0.421414,0.05685
2340,42,9,0.029126,27,0.997471,0.350331,0.381911,0.053123
2340,91,9,0.029126,18,1.026238,0.312925,0.421991,0.05037
2340,28,8,0.02589,22,0.98045,0.321889,0.386821,0.046623
2340,33,8,0.02589,31,1.031423,0.298187,0.370403,0.047954
2340,34,8,0.02589,18,0.995438,0.291628,0.382085,0.059449
2340,17,7,0.022654,14,1.007181,0.309962,0.397473,0.05508
2340,32,7,0.022654,19,0.976069,0.319912,0.398462,0.050362
2340,43,7,0.022654,25,1.01641,0.296104,0.400973,0.051363
2360,42,9,0.028481,27,0.997471,0.350331,0.381911,0.053123
2360,91,9,0.028481,18,1.026238,0.312925,0.421991,0.05037
2360,28,8,0.025316,22,0.98045,0.321889,0.386821,0.046623
2360,33,8,0.025316,31,1.031423,0.298187,0.370403,0.047954
2360,34,8,0.025316,18,0.995438,0.291628,0.382085,0.059449
2360,53,8,0.025316,22,0.97359,0.315827,0.401669,0.044564
2360,17,7,0.022152,14,1.007181,0.309962,0.397473,0.05508
2360,32,7,0.022152,19,0.976069,0.319912,0.398462,0.050362
2380,91,9,0.028125,19,1.023853,0.310154,0.418054,0.049744
2380,28,8,0.025,22,0.98045,0.321889,0.386821,0.046623
2380,34,8,0.025,18,0.995438,0.291628,0.382085,0.059449
2380,42,8,0.025,27,0.997177,0.348621,0.383781,0.051756
2380,53,8,0.025,22,0.97359,0.315827,0.401669,0.044564
2380,73,8,0.025,23,1.014993,0.294476,0.416567,0.056083
2380,32,7,0.021875,19,0.976069,0.319912,0.398462,0.050362
2380,33,7,0.021875,31,1.043154,0.300599,0.368731,0.047016
2400,73,9,0.027692,24,1.010494,0.298694,0.42507,0.057164
2400,91,9,0.027692,19,1.023853,0.310154,0.418054,0.049744
2400,28,8,0.024615,22,0.98045,0.321889,0.386821,0.046623
2400,32,8,0.024615,20,0.973518,0.319824,0.397556,0.050998
2400,33,8,0.024615,32,1.054979,0.299889,0.369208,0.046558
2400,34,8,0.024615,18,0.995438,0.291628,0.382085,0.059449
2400,42,8,0.024615,27,0.997177,0.348621,0.383781,0.051756
2400,53,8,0.024615,22,0.97359,0.315827,0.401669,0.044564
2420,91,9,0.027864,19,1.023853,0.310154,0.418054,0.049744
2420,28,8,0.024768,22,0.98045,0.321889,0.386821,0.046623
2420,33,8,0.024768,32,1.054979,0.299889,0.369208,0.046558
2420,34,8,0.024768,18,0.995438,0.291628,0.382085,0.059449
2420,42,8,0.024768,27,0.997177,0.348621,0.383781,0.051756
2420,53,8,0.024768,22,0.97359,0.315827,0.401669,0.044564
2420,73,8,0.024768,24,1.007892,0.296469,0.431876,0.057388
2420,17,7,0.021672,15,0.994592,0.31346,0.397573,0.054427
2440,28,9,0.027523,23,0.986304,0.318347,0.385982,0.04696
2440,53,9,0.027523,23,0.972011,0.320746,0.404736,0.045036
2440,91,9,0.027523,19,1.023853,0.310154,0.418054,0.049744
2440,42,8,0.024465,27,0.997177,0.348621,0.383781,0.051756
2440,73,8,0.024465,24,1.007892,0.296469,0.431876,0.057388
2440,17,7,0.021407,15,0.994592,0.31346,0.397573,0.054427
2440,32,7,0.021407,21,0.951076,0.319821,0.399207,0.05295
2440,33,7,0.021407,32,1.042519,0.299477,0.368708,0.047188
2460,28,10,0.030769,24,0.986806,0.314568,0.385787,0.046939
2460,53,9,0.027692,23,0.972011,0.320746,0.404736,0.045036
2460,91,9,0.027692,19,1.023853,0.310154,0.418054,0.049744
2460,42,8,0.024615,27,0.997177,0.348621,0.383781,0.051756
2460,17,7,0.021538,15,0.994592,0.31346,0.397573,0.054427
2460,32,7,0.021538,21,0.951076,0.319821,0.399207,0.05295
2460,33,7,0.021538,32,1.042519,0.299477,0.368708,0.047188
2460,34,7,0.021538,18,0.988275,0.294382,0.377884,0.060799
2480,28,10,0.030675,24,0.986806,0.314568,0.385787,0.046939
2480,91,9,0.027607,19,1.023853,0.310154,0.418054,0.049744
2480,33,8,0.02454,33,1.058258,0.299244,0.36703,0.047113
2480,42,8,0.02454,27,0.997177,0.348621,0.383781,0.051756
2480,17,7,0.021472,15,0.994592,0.31346,0.397573,0.054427
2480,32,7,0.021472,22,0.967704,0.31758,0.414708,0.053019
2480,34,7,0.021472,18,0.988275,0.294382,0.377884,0.060799
2480,43,7,0.021472,25,1.01641,0.296104,0.400973,0.051363
2500,28,10,0.030864,24,0.986806,0.314568,0.385787,0.046939
2500,91,9,0.027778,19,1.023853,0.310154,0.418054,0.049744
2500,17,8,0.024691,16,0.997542,0.314592,0.396402,0.053269
2500,42,8,0.024691,27,0.997177,0.348621,0.383781,0.051756
2500,53,8,0.024691,24,0.973946,0.328353,0.40929,0.046894
2500,22,7,0.021605,15,0.93691,0.325149,0.385836,0.062254
2500,32,7,0.021605,23,0.962571,0.320904,0.405601,0.054075
2500,73,7,0.021605,25,0.996838,0.299289,0.429335,0.05835
2520,28,10,0.03096,24,0.986806,0.314568,0.385787,0.046939
2520,91,9,0.027864,19,1.023853,0.310154,0.418054,0.049744
2520,42,8,0.024768,27,0.997177,0.348621,0.383781,0.051756
2520,53,8,0.024768,24,0.973946,0.328353,0.40929,0.046894
2520,17,7,0.021672,16,1.00909,0.317283,0.398244,0.053506
2520,22,7,0.021672,15,0.93691,0.325149,0.385836,0.062254
2520,32,7,0.021672,23,0.962571,0.320904,0.405601,0.054075
2520,90,7,0.021672,24,0.986803,0.311098,0.408534,0.043471
2540,28,10,0.030488,24,0.986806,0.314568,0.385787,0.046939
2540,91,9,0.027439,19,1.023853,0.310154,0.418054,0.049744
2540,42,8,0.02439,27,0.997177,0.348621,0.383781,0.051756
2540,53,8,0.02439,24,0.973946,0.328353,0.40929,0.046894
2540,97,8,0.02439,24,1.027507,0.276197,0.374916,0.051362
2540,17,7,0.021341,16,1.00909,0.317283,0.398244,0.053506
2540,22,7,0.021341,15,0.93691,0.325149,0.385836,0.062254
2540,32,7,0.021341,23,0.962571,0.320904,0.405601,0.054075
2560,28,10,0.031056,24,0.986806,0.314568,0.385787,0.046939
2560,42,8,0.024845,27,0.997177,0.348621,0.383781,0.051756
2560,91,8,0.024845,19,1.031158,0.312476,0.418507,0.049993
2560,97,8,0.024845,24,1.027507,0.276197,0.374916,0.051362
2560,17,7,0.021739,16,1.00909,0.317283,0.398244,0.053506
2560,22,7,0.021739,15,0.93691,0.325149,0.385836,0.062254
2560,32,7,0.021739,23,0.962571,0.320904,0.405601,0.054075
2560,33,7,0.021739,34,1.069659,0.295378,0.35844,0.046037
2580,28,11,0.034268,25,0.97895,0.316636,0.388817,0.047383
2580,32,8,0.024922,24,0.968247,0.32154,0.407555,0.054784
2580,42,8,0.024922,27,0.997177,0.348621,0.383781,0.051756
2580,91,8,0.024922,19,1.031158,0.312476,0.418507,0.049993
2580,22,7,0.021807,15,0.93691,0.325149,0.385836,0.062254
2580,33,7,0.021807,34,1.069659,0.295378,0.35844,0.046037
2580,53,7,0.021807,24,0.980591,0.333402,0.41018,0.047588
2580,90,7,0.021807,24,0.986803,0.311098,0.408534,0.043471
2600,28,9,0.028037,25,0.977289,0.321107,0.392623,0.047021
2600,32,8,0.024922,24,0.968247,0.32154,0.407555,0.054784
2600,42,8,0.024922,27,0.997177,0.348621,0.383781,0.051756
2600,91,8,0.024922,19,1.031158,0.312476,0.418507,0.049993
2600,17,7,0.021807,17,1.016506,0.314912,0.400824,0.053406
2600,22,7,0.021807,15,0.93691,0.325149,0.385836,0.062254
2600,33,7,0.021807,34,1.069659,0.295378,0.35844,0.046037
2600,34,7,0.021807,19,0.986359,0.300113,0.374999,0.064675
2620,28,9,0.028391,25,0.977289,0.321107,0.392623,0.047021
2620,32,8,0.025237,24,0.968247,0.32154,0.407555,0.054784
2620,42,8,0.025237,27,0.997177,0.348621,0.383781,0.051756
2620,91,8,0.025237,19,1.031158,0.312476,0.418507,0.049993
2620,17,7,0.022082,17,1.016506,0.314912,0.400824,0.053406
2620,22,7,0.022082,15,0.93691,0.325149,0.385836,0.062254
2620,33,7,0.022082,34,1.069659,0.295378,0.35844,0.046037
2620,34,7,0.022082,19,0.986359,0.300113,0.374999,0.064675
2640,28,9,0.028754,25,0.977289,0.321107,0.392623,0.047021
2640,33,8,0.025559,35,1.08702,0.292859,0.359246,0.045038
2640,42,8,0.025559,27,0.997177,0.348621,0.383781,0.051756
2640,73,8,0.025559,27,1.011467,0.299186,0.452194,0.058393
2640,91,8,0.025559,19,1.031158,0.312476,0.418507,0.049993
2640,18,7,0.022364,30,0.992046,0.282096,0.395503,0.052788
2640,32,7,0.022364,24,0.973893,0.32328,0.402593,0.054751
2640,34,7,0.022364,19,0.986359,0.300113,0.374999,0.064675
2660,28,9,0.028213,25,0.977289,0.321107,0.392623,0.047021
2660,33,8,0.025078,36,1.083296,0.295176,0.356456,0.045198
2660,42,8,0.025078,27,0.997177,0.348621,0.383781,0.051756
2660,73,8,0.025078,27,1.011467,0.299186,0.452194,0.058393
2660,91,8,0.025078,19,1.031158,0.312476,0.418507,0.049993
2660,18,7,0.021944,30,0.992046,0.282096,0.395503,0.052788
2660,32,7,0.021944,24,0.973893,0.32328,0.402593,0.054751
2660,34,7,0.021944,19,0.986359,0.300113,0.374999,0.064675
2680,28,9,0.027778,25,0.977289,0.321107,0.392623,0.047021
2680,32,8,0.024691,25,0.96725,0.31926,0.403644,0.054629
2680,33,8,0.024691,36,1.083296,0.295176,0.356456,0.045198
2680,34,8,0.024691,20,0.985243,0.296586,0.377597,0.065677
2680,43,8,0.024691,29,1.018164,0.296597,0.405796,0.052529
2680,73,8,0.024691,27,1.011467,0.299186,0.452194,0.058393
2680,91,8,0.024691,19,1.031158,0.312476,0.418507,0.049993
2680,17,7,0.021605,18,1.019733,0.308722,0.399533,0.05195
2700,28,9,0.028302,25,0.977289,0.321107,0.392623,0.047021
2700,43,8,0.025157,29,1.018164,0.296597,0.405796,0.052529
2700,73,8,0.025157,27,1.011467,0.299186,0.452194,0.058393
2700,91,8,0.025157,19,1.031158,0.312476,0.418507,0.049993
2700,17,7,0.022013,18,1.019733,0.308722,0.399533,0.05195
2700,18,7,0.022013,30,0.992046,0.282096,0.395503,0.052788
2700,27,7,0.022013,12,1.108544,0.34592,0.435483,0.041902
2700,32,7,0.022013,25,0.968906,0.319268,0.40542,0.054512
2720,28,9,0.028037,25,0.977289,0.321107,0.392623,0.047021
2720,33,8,0.024922,37,1.080301,0.297665,0.360501,0.045345
2720,43,8,0.024922,29,1.018164,0.296597,0.405796,0.052529
2720,73,8,0.024922,27,1.011467,0.299186,0.452194,0.058393
2720,91,8,0.024922,19,1.031158,0.312476,0.418507,0.049993
2720,17,7,0.021807,18,1.019733,0.308722,0.399533,0.05195
2720,18,7,0.021807,30,0.992046,0.282096,0.395503,0.052788
2720,32,7,0.021807,25,0.968906,0.319268,0.40542,0.054512
2740,28,9,0.027864,25,0.977289,0.321107,0.392623,0.047021
2740,73,9,0.027864,28,1.021353,0.301321,0.45554,0.059597
2740,33,8,0.024768,37,1.080301,0.297665,0.360501,0.045345
2740,43,8,0.024768,30,1.032542,0.297859,0.400479,0.053783
2740,91,8,0.024768,19,1.031158,0.312476,0.418507,0.049993
2740,18,7,0.021672,30,0.992046,0.282096,0.395503,0.052788
2740,32,7,0.021672,25,0.968906,0.319268,0.40542,0.054512
2740,42,7,0.021672,27,0.983139,0.354068,0.381471,0.05223
2760,28,9,0.027692,25,0.977289,0.321107,0.392623,0.047021
2760,42,9,0.027692,29,0.976905,0.351788,0.384895,0.052561
2760,33,8,0.024615,37,1.080301,0.297665,0.360501,0.045345
2760,43,8,0.024615,30,1.032542,0.297859,0.400479,0.053783
2760,73,8,0.024615,28,1.025052,0.302829,0.455039,0.060016
2760,91,8,0.024615,19,1.031158,0.312476,0.418507,0.049993
2760,17,7,0.021538,19,1.024665,0.307953,0.39847,0.05098
2760,18,7,0.021538,31,0.969191,0.279678,0.402062,0.05225
2780,28,10,0.030675,26,0.980533,0.318214,0.393563,0.046792
2780,42,9,0.027607,29,0.976905,0.351788,0.384895,0.052561
2780,91,9,0.027607,20,1.039312,0.309534,0.414985,0.050252
2780,33,8,0.02454,37,1.080301,0.297665,0.360501,0.045345
2780,43,8,0.02454,30,1.032542,0.297859,0.400479,0.053783
2780,73,8,0.02454,28,1.025052,0.302829,0.455039,0.060016
2780,32,7,0.021472,26,0.964986,0.316956,0.396578,0.055487
2780,34,7,0.021472,21,0.990593,0.301752,0.381542,0.068896
2800,28,10,0.030581,26,0.980533,0.318214,0.393563,0.046792
2800,33,9,0.027523,38,1.086438,0.297051,0.363743,0.044995
2800,42,9,0.027523,29,0.976905,0.351788,0.384895,0.052561
2800,91,9,0.027523,20,1.039312,0.309534,0.414985,0.050252
2800,34,8,0.024465,22,0.994048,0.299194,0.379588,0.069416
2800,73,8,0.024465,28,1.025052,0.302829,0.455039,0.060016
2800,32,7,0.021407,26,0.964986,0.316956,0.396578,0.055487
2800,43,7,0.021407,30,1.024739,0.298627,0.408885,0.05182
2820,28,10,0.030395,26,0.980533,0.318214,0.393563,0.046792
2820,91,10,0.030395,21,1.039803,0.309163,0.414575,0.049863
2820,42,9,0.027356,29,0.976905,0.351788,0.384895,0.052561
2820,53,8,0.024316,27,0.964306,0.317581,0.413481,0.046904
2820,73,8,0.024316,28,1.025052,0.302829,0.455039,0.060016
2820,75,8,0.024316,27,0.966783,0.319442,0.423451,0.054073
2820,32,7,0.021277,26,0.964986,0.316956,0.396578,0.055487
2820,33,7,0.021277,38,1.086446,0.294101,0.363726,0.04415
2840,28,10,0.030303,26,0.980533,0.318214,0.393563,0.046792
2840,91,10,0.030303,21,1.039803,0.309163,0.414575,0.049863
2840,42,9,0.027273,29,0.976905,0.351788,0.384895,0.052561
2840,53,8,0.024242,27,0.964306,0.317581,0.413481,0.046904
2840,73,8,0.024242,28,1.025052,0.302829,0.455039,0.060016
2840,75,8,0.024242,27,0.966783,0.319442,0.423451,0.054073
2840,90,8,0.024242,29,0.952466,0.315482,0.40849,0.044563
2840,17,7,0.021212,21,0.999852,0.309352,0.399159,0.049286
2860,91,10,0.03003,21,1.039803,0.309163,0.414575,0.049863
2860,28,9,0.027027,26,0.989439,0.316092,0.390724,0.046233
2860,42,9,0.027027,29,0.976905,0.351788,0.384895,0.052561
2860,34,8,0.024024,23,1.014398,0.298807,0.378174,0.066792
2860,75,8,0.024024,27,0.966783,0.319442,0.423451,0.054073
2860,17,7,0.021021,21,0.999852,0.309352,0.399159,0.049286
2860,32,7,0.021021,26,0.964986,0.316956,0.396578,0.055487
2860,43,7,0.021021,30,1.024739,0.298627,0.408885,0.05182
2880,91,10,0.02994,21,1.039803,0.309163,0.414575,0.049863
2880,28,9,0.026946,26,0.989439,0.316092,0.390724,0.046233
2880,42,9,0.026946,29,0.976905,0.351788,0.384895,0.052561
2880,29,8,0.023952,20,0.981938,0.311968,0.388892,0.049869
2880,34,8,0.023952,23,1.014398,0.298807,0.378174,0.066792
2880,75,8,0.023952,27,0.966783,0.319442,0.423451,0.054073
2880,17,7,0.020958,21,0.999852,0.309352,0.399159,0.049286
2880,32,7,0.020958,26,0.964986,0.316956,0.396578,0.055487
2900,91,10,0.029762,21,1.039803,0.309163,0.414575,0.049863
2900,28,9,0.026786,26,0.989439,0.316092,0.390724,0.046233
2900,42,9,0.026786,29,0.976905,0.351788,0.384895,0.052561
2900,29,8,0.02381,20,0.981938,0.311968,0.388892,0.049869
2900,34,8,0.02381,23,1.014398,0.298807,0.378174,0.066792
2900,17,7,0.020833,21,0.999852,0.309352,0.399159,0.049286
2900,32,7,0.020833,26,0.964986,0.316956,0.396578,0.055487
2900,33,7,0.020833,39,1.088517,0.292981,0.366276,0.044232
2920,91,10,0.03003,21,1.039803,0.309163,0.414575,0.049863
2920,28,9,0.027027,26,0.989439,0.316092,0.390724,0.046233
2920,29,8,0.024024,20,0.981938,0.311968,0.388892,0.049869
2920,42,8,0.024024,29,0.978544,0.352921,0.386982,0.051799
2920,53,8,0.024024,29,0.967917,0.321468,0.407976,0.047417
2920,17,7,0.021021,21,0.999852,0.309352,0.399159,0.049286
2920,33,7,0.021021,39,1.088517,0.292981,0.366276,0.044232
2920,34,7,0.021021,23,1.013849,0.301309,0.379926,0.065897
2940,28,9,0.027273,26,0.989439,0.316092,0.390724,0.046233
2940,91,9,0.027273,21,1.03261,0.311738,0.41766,0.049589
2940,17,8,0.024242,22,1.002976,0.308976,0.405327,0.049975
2940,42,8,0.024242,29,0.978544,0.352921,0.386982,0.051799
2940,53,8,0.024242,29,0.967917,0.321468,0.407976,0.047417
2940,29,7,0.021212,20,0.982484,0.309951,0.390419,0.050243
2940,34,7,0.021212,23,1.013849,0.301309,0.379926,0.065897
2940,43,7,0.021212,30,1.024739,0.298627,0.408885,0.05182
2960,28,9,0.02719,26,0.989439,0.316092,0.390724,0.046233
2960,91,9,0.02719,21,1.03261,0.311738,0.41766,0.049589
2960,17,8,0.024169,22,1.002976,0.308976,0.405327,0.049975
2960,42,8,0.024169,29,0.978544,0.352921,0.386982,0.051799
2960,53,8,0.024169,29,0.967917,0.321468,0.407976,0.047417
2960,75,8,0.024169,28,0.994071,0.317964,0.421431,0.054454
2960,29,7,0.021148,20,0.982484,0.309951,0.390419,0.050243
2960,34,7,0.021148,23,1.013849,0.301309,0.379926,0.065897
2980,28,9,0.027439,26,0.989439,0.316092,0.390724,0.046233
2980,91,9,0.027439,21,1.03261,0.311738,0.41766,0.049589
2980,17,8,0.02439,22,1.002976,0.308976,0.405327,0.049975
2980,42,8,0.02439,29,0.978544,0.352921,0.386982,0.051799
2980,53,8,0.02439,30,0.981807,0.322925,0.406473,0.046731
2980,29,7,0.021341,21,0.97997,0.304914,0.391535,0.049884
2980,82,7,0.021341,21,0.903662,0.317915,0.437174,0.048354
2980,83,7,0.021341,24,1.00067,0.306147,0.39439,0.049142
3000,28,9,0.027523,26,0.989439,0.316092,0.390724,0.046233
3000,91,9,0.027523,21,1.03261,0.311738,0.41766,0.049589
3000,17,8,0.024465,22,1.002976,0.308976,0.405327,0.049975
3000,42,8,0.024465,29,0.978544,0.352921,0.386982,0.051799
3000,53,8,0.024465,30,0.981807,0.322925,0.406473,0.046731
3000,29,7,0.021407,21,0.97997,0.304914,0.391535,0.049884
3000,79,7,0.021407,24,0.958441,0.2751,0.387444,0.065574
3000,82,7,0.021407,21,0.903662,0.317915,0.437174,0.048354
3020,91,9,0.027778,21,1.03261,0.311738,0.41766,0.049589
3020,28,8,0.024691,26,0.986902,0.31908,0.389312,0.046421
3020,42,8,0.024691,29,0.978544,0.352921,0.386982,0.051799
3020,53,8,0.024691,30,0.981807,0.322925,0.406473,0.046731
3020,83,8,0.024691,25,1.004032,0.305636,0.396737,0.049212
3020,17,7,0.021605,22,1.004553,0.308594,0.406417,0.049443
3020,33,7,0.021605,41,1.101317,0.286854,0.362334,0.042721
3020,73,7,0.021605,29,1.024797,0.305255,0.482775,0.061316
3040,28,8,0.02454,26,0.986902,0.31908,0.389312,0.046421
3040,42,8,0.02454,29,0.978544,0.352921,0.386982,0.051799
3040,53,8,0.02454,30,0.981807,0.322925,0.406473,0.046731
3040,91,8,0.02454,21,1.031158,0.312476,0.418507,0.049993
3040,17,7,0.021472,22,1.004553,0.308594,0.406417,0.049443
3040,33,7,0.021472,41,1.101317,0.286854,0.362334,0.042721
3040,73,7,0.021472,29,1.024797,0.305255,0.482775,0.061316
3040,82,7,0.021472,21,0.903662,0.317915,0.437174,0.048354
3060,28,8,0.02439,26,0.986902,0.31908,0.389312,0.046421
3060,32,8,0.02439,29,1.013302,0.321303,0.403014,0.054505
3060,33,8,0.02439,42,1.119601,0.287913,0.361615,0.042795
3060,42,8,0.02439,29,0.978544,0.352921,0.386982,0.051799
3060,53,8,0.02439,30,0.981807,0.322925,0.406473,0.046731
3060,82,8,0.02439,22,0.903571,0.324522,0.433628,0.049181
3060,91,8,0.02439,21,1.031158,0.312476,0.418507,0.049993
3060,17,7,0.021341,22,1.004553,0.308594,0.406417,0.049443
3080,91,9,0.027439,22,1.029324,0.314484,0.421165,0.05039
3080,27,8,0.02439,16,1.142494,0.345092,0.433983,0.044546
3080,28,8,0.02439,26,0.986902,0.31908,0.389312,0.046421
3080,42,8,0.02439,29,0.978544,0.352921,0.386982,0.051799
3080,53,8,0.02439,30,0.981807,0.322925,0.406473,0.046731
3080,82,8,0.02439,23,0.893954,0.326121,0.428703,0.048733
3080,17,7,0.021341,22,1.004553,0.308594,0.406417,0.049443
3080,18,7,0.021341,34,0.95764,0.275425,0.413678,0.048901
3100,42,9,0.027273,30,0.97539,0.351095,0.384111,0.05073
3100,91,9,0.027273,22,1.029324,0.314484,0.421165,0.05039
3100,28,8,0.024242,26,0.986902,0.31908,0.389312,0.046421
3100,53,8,0.024242,30,0.981807,0.322925,0.406473,0.046731
3100,82,8,0.024242,23,0.893954,0.326121,0.428703,0.048733
3100,17,7,0.021212,22,1.004553,0.308594,0.406417,0.049443
3100,18,7,0.021212,34,0.95764,0.275425,0.413678,0.048901
3100,27,7,0.021212,16,1.145842,0.342411,0.436593,0.045416
3120,42,9,0.027356,30,0.97539,0.351095,0.384111,0.05073
3120,91,9,0.027356,22,1.029324,0.314484,0.421165,0.05039
3120,28,8,0.024316,26,0.986902,0.31908,0.389312,0.046421
3120,82,8,0.024316,23,0.893954,0.326121,0.428703,0.048733
3120,17,7,0.021277,22,1.004553,0.308594,0.406417,0.049443
3120,27,7,0.021277,16,1.145842,0.342411,0.436593,0.045416
3120,29,7,0.021277,22,0.978768,0.305737,0.394542,0.049441
3120,32,7,0.021277,29,1.024324,0.32578,0.4036,0.053577
3140,42,9,0.027607,30,0.97539,0.351095,0.384111,0.05073
3140,91,9,0.027607,22,1.029324,0.314484,0.421165,0.05039
3140,28,8,0.02454,26,0.986902,0.31908,0.389312,0.046421
3140,82,8,0.02454,23,0.893954,0.326121,0.428703,0.048733
3140,97,8,0.02454,29,1.009715,0.279253,0.384326,0.051921
3140,17,7,0.021472,22,1.004553,0.308594,0.406417,0.049443
3140,27,7,0.021472,16,1.145842,0.342411,0.436593,0.045416
3140,29,7,0.021472,23,0.973411,0.309586,0.396048,0.051328
3160,42,9,0.02719,30,0.97539,0.351095,0.384111,0.05073
3160,82,9,0.02719,24,0.889901,0.326365,0.430756,0.049136
3160,91,9,0.02719,22,1.029324,0.314484,0.421165,0.05039
3160,28,8,0.024169,26,0.986902,0.31908,0.389312,0.046421
3160,97,8,0.024169,29,1.009715,0.279253,0.384326,0.051921
3160,17,7,0.021148,22,1.004553,0.308594,0.406417,0.049443
3160,18,7,0.021148,35,0.968652,0.275054,0.418581,0.050795
3160,27,7,0.021148,16,1.145842,0.342411,0.436593,0.045416
3180,91,9,0.027607,22,1.029324,0.314484,0.421165,0.05039
3180,28,8,0.02454,26,0.986902,0.31908,0.389312,0.046421
3180,42,8,0.02454,30,0.983244,0.354323,0.381331,0.050858
3180,82,8,0.02454,24,0.888098,0.326089,0.431779,0.05009
3180,97,8,0.02454,29,1.009715,0.279253,0.384326,0.051921
3180,16,7,0.021472,27,1.042267,0.327631,0.389814,0.049537
3180,17,7,0.021472,22,1.004553,0.308594,0.406417,0.049443
3180,27,7,0.021472,16,1.145842,0.342411,0.436593,0.045416
3200,91,10,0.030395,23,1.026238,0.313086,0.418573,0.050181
3200,28,8,0.024316,26,0.986902,0.31908,0.389312,0.046421
3200,42,8,0.024316,30,0.983244,0.354323,0.381331,0.050858
3200,97,8,0.024316,29,1.009715,0.279253,0.384326,0.051921
3200,16,7,0.021277,27,1.042267,0.327631,0.389814,0.049537
3200,17,7,0.021277,23,1.036866,0.306762,0.408665,0.049716
3200,27,7,0.021277,16,1.145842,0.342411,0.436593,0.045416
3200,33,7,0.021277,44,1.115529,0.290216,0.35834,0.042517
3220,91,10,0.030395,23,1.026238,0.313086,0.418573,0.050181
3220,28,8,0.024316,26,0.986902,0.31908,0.389312,0.046421
3220,42,8,0.024316,30,0.983244,0.354323,0.381331,0.050858
3220,81,8,0.024316,44,0.934575,0.294178,0.375604,0.048316
3220,27,7,0.021277,16,1.145842,0.342411,0.436593,0.045416
3220,33,7,0.021277,44,1.115529,0.290216,0.35834,0.042517
3220,72,7,0.021277,19,0.973436,0.331999,0.476739,0.052773
3220,73,7,0.021277,31,1.015506,0.301025,0.50215,0.061138
3240,91,11,0.033639,24,1.033807,0.315956,0.419557,0.049846
3240,28,9,0.027523,27,0.972586,0.324515,0.393654,0.046495
3240,42,8,0.024465,30,0.983244,0.354323,0.381331,0.050858
3240,81,8,0.024465,44,0.934575,0.294178,0.375604,0.048316
3240,27,7,0.021407,16,1.145842,0.342411,0.436593,0.045416
3240,32,7,0.021407,30,0.995597,0.32034,0.404636,0.052522
3240,33,7,0.021407,44,1.115529,0.290216,0.35834,0.042517
3240,72,7,0.021407,19,0.973436,0.331999,0.476739,0.052773
3260,91,11,0.033537,24,1.033807,0.315956,0.419557,0.049846
3260,28,9,0.027439,27,0.972586,0.324515,0.393654,0.046495
3260,27,8,0.02439,17,1.14492,0.343743,0.438419,0.044112
3260,42,8,0.02439,30,0.983244,0.354323,0.381331,0.050858
3260,81,8,0.02439,44,0.934575,0.294178,0.375604,0.048316
3260,32,7,0.021341,30,0.995597,0.32034,0.404636,0.052522
3260,33,7,0.021341,44,1.115529,0.290216,0.35834,0.042517
3260,72,7,0.021341,19,0.973436,0.331999,0.476739,0.052773
3280,91,10,0.03003,24,1.040739,0.318039,0.419783,0.049878
3280,28,9,0.027027,27,0.972586,0.324515,0.393654,0.046495
3280,27,8,0.024024,17,1.14492,0.343743,0.438419,0.044112
3280,33,8,0.024024,45,1.120247,0.28792,0.359449,0.042086
3280,42,8,0.024024,30,0.983244,0.354323,0.381331,0.050858
3280,81,8,0.024024,44,0.934575,0.294178,0.375604,0.048316
3280,32,7,0.021021,30,0.995597,0.32034,0.404636,0.052522
3280,43,7,0.021021,35,1.035814,0.291461,0.402392,0.052541
3300,91,10,0.029674,24,1.040739,0.318039,0.419783,0.049878
3300,28,9,0.026706,27,0.972586,0.324515,0.393654,0.046495
3300,27,8,0.023739,17,1.14492,0.343743,0.438419,0.044112
3300,33,8,0.023739,45,1.120247,0.28792,0.359449,0.042086
3300,42,8,0.023739,30,0.983244,0.354323,0.381331,0.050858
3300,53,8,0.023739,32,0.988723,0.329372,0.40981,0.048282
3300,81,8,0.023739,44,0.934575,0.294178,0.375604,0.048316
3300,32,7,0.020772,30,0.995597,0.32034,0.404636,0.052522
3320,28,9,0.026627,27,0.972586,0.324515,0.393654,0.046495
3320,91,9,0.026627,24,1.043638,0.31665,0.417267,0.049468
3320,27,8,0.023669,17,1.14492,0.343743,0.438419,0.044112
3320,33,8,0.023669,45,1.120247,0.28792,0.359449,0.042086
3320,42,8,0.023669,30,0.983244,0.354323,0.381331,0.050858
3320,53,8,0.023669,32,0.988723,0.329372,0.40981,0.048282
3320,72,8,0.023669,20,0.980833,0.335031,0.472158,0.051695
3320,81,8,0.023669,44,0.934575,0.294178,0.375604,0.048316
3340,28,9,0.026316,27,0.972586,0.324515,0.393654,0.046495
3340,91,9,0.026316,24,1.043638,0.31665,0.417267,0.049468
3340,27,8,0.023392,17,1.14492,0.343743,0.438419,0.044112
3340,32,8,0.023392,32,0.986953,0.323155,0.415902,0.052914
3340,33,8,0.023392,45,1.120247,0.28792,0.359449,0.042086
3340,42,8,0.023392,30,0.983244,0.354323,0.381331,0.050858
3340,72,8,0.023392,20,0.980833,0.335031,0.472158,0.051695
3340,81,8,0.023392,44,0.934575,0.294178,0.375604,0.048316
3360,28,9,0.026163,27,0.972586,0.324515,0.393654,0.046495
3360,91,9,0.026163,24,1.043638,0.31665,0.417267,0.049468
3360,27,8,0.023256,17,1.14492,0.343743,0.438419,0.044112
3360,32,8,0.023256,32,0.986953,0.323155,0.415902,0.052914
3360,33,8,0.023256,45,1.120247,0.28792,0.359449,0.042086
3360,42,8,0.023256,30,0.983244,0.354323,0.381331,0.050858
3360,53,8,0.023256,33,0.983238,0.334318,0.413189,0.048905
3360,72,8,0.023256,20,0.980833,0.335031,0.472158,0.051695
3380,91,10,0.028818,25,1.039128,0.31738,0.416775,0.050491
3380,28,9,0.025937,27,0.972586,0.324515,0.393654,0.046495
3380,27,8,0.023055,17,1.14492,0.343743,0.438419,0.044112
3380,42,8,0.023055,30,0.983244,0.354323,0.381331,0.050858
3380,53,8,0.023055,33,0.983238,0.334318,0.413189,0.048905
3380,72,8,0.023055,20,0.980833,0.335031,0.472158,0.051695
3380,73,8,0.023055,33,1.013198,0.29896,0.520582,0.062003
3380,16,7,0.020173,30,1.065693,0.341812,0.393484,0.052166
3400,91,10,0.028818,25,1.039128,0.31738,0.416775,0.050491
3400,28,9,0.025937,27,0.972586,0.324515,0.393654,0.046495
3400,42,8,0.023055,30,0.983244,0.354323,0.381331,0.050858
3400,53,8,0.023055,33,0.983238,0.334318,0.413189,0.048905
3400,72,8,0.023055,20,0.980833,0.335031,0.472158,0.051695
3400,73,8,0.023055,34,0.998735,0.300869,0.519999,0.061635
3400,16,7,0.020173,30,1.065693,0.341812,0.393484,0.052166
3400,27,7,0.020173,17,1.15207,0.343249,0.438385,0.044178
3420,28,10,0.028818,28,0.960193,0.320168,0.392447,0.0464
3420,91,10,0.028818,25,1.039128,0.31738,0.416775,0.050491
3420,42,8,0.023055,30,0.983244,0.354323,0.381331,0.050858
3420,72,8,0.023055,21,0.986716,0.338793,0.465574,0.051063
3420,73,8,0.023055,34,0.998735,0.300869,0.519999,0.061635
3420,16,7,0.020173,30,1.065693,0.341812,0.393484,0.052166
3420,17,7,0.020173,25,1.047834,0.305225,0.397782,0.049871
3420,27,7,0.020173,17,1.15207,0.343249,0.438385,0.044178
3440,28,10,0.029155,28,0.960193,0.320168,0.392447,0.0464
3440,91,10,0.029155,25,1.039128,0.31738,0.416775,0.050491
3440,16,8,0.023324,31,1.071556,0.339691,0.390886,0.052428
3440,42,8,0.023324,30,0.983244,0.354323,0.381331,0.050858
3440,72,8,0.023324,21,0.986716,0.338793,0.465574,0.051063
3440,73,8,0.023324,34,0.998735,0.300869,0.519999,0.061635
3440,29,7,0.020408,26,0.973194,0.317045,0.399472,0.050505
3440,32,7,0.020408,33,0.961559,0.335277,0.419484,0.052816
3460,28,10,0.028736,28,0.960193,0.320168,0.392447,0.0464
3460,91,9,0.025862,25,1.043646,0.319254,0.419168,0.050735
3460,16,8,0.022989,31,1.071556,0.339691,0.390886,0.052428
3460,42,8,0.022989,30,0.983244,0.354323,0.381331,0.050858
3460,72,8,0.022989,21,0.986716,0.338793,0.465574,0.051063
3460,73,8,0.022989,34,0.998735,0.300869,0.519999,0.061635
3460,29,7,0.020115,26,0.973194,0.317045,0.399472,0.050505
3460,32,7,0.020115,33,0.961559,0.335277,0.419484,0.052816
3480,28,11,0.031161,29,0.963644,0.323601,0.392614,0.046863
3480,91,9,0.025496,25,1.043646,0.319254,0.419168,0.050735
3480,16,8,0.022663,31,1.071556,0.339691,0.390886,0.052428
3480,29,8,0.022663,28,0.990767,0.316607,0.396111,0.054342
3480,42,8,0.022663,30,0.983244,0.354323,0.381331,0.050858
3480,72,8,0.022663,21,0.986716,0.338793,0.465574,0.051063
3480,73,8,0.022663,34,0.998735,0.300869,0.519999,0.061635
3480,17,7,0.01983,26,1.019624,0.303557,0.393617,0.04965
3500,28,11,0.031884,29,0.963644,0.323601,0.392614,0.046863
3500,91,9,0.026087,25,1.043646,0.319254,0.419168,0.050735
3500,16,8,0.023188,31,1.071556,0.339691,0.390886,0.052428
3500,17,8,0.023188,27,1.023593,0.303512,0.392563,0.049531
3500,42,8,0.023188,30,0.983244,0.354323,0.381331,0.050858
3500,72,8,0.023188,21,0.986716,0.338793,0.465574,0.051063
3500,32,7,0.02029,34,0.951665,0.338645,0.420393,0.051685
3500,43,7,0.02029,37,0.996547,0.288218,0.391725,0.050632
3520,28,10,0.029326,29,0.974202,0.319161,0.389036,0.046841
3520,16,8,0.02346,31,1.071556,0.339691,0.390886,0.052428
3520,17,8,0.02346,27,1.023593,0.303512,0.392563,0.049531
3520,32,8,0.02346,35,0.956848,0.338834,0.422775,0.051582
3520,42,8,0.02346,30,0.983244,0.354323,0.381331,0.050858
3520,43,8,0.02346,38,1.01591,0.28757,0.393646,0.049947
3520,91,8,0.02346,25,1.04742,0.316686,0.418839,0.050843
3520,73,7,0.020528,34,1.004875,0.301734,0.537143,0.062174
3540,28,10,0.029412,29,0.974202,0.319161,0.389036,0.046841
3540,42,9,0.026471,31,0.965989,0.359138,0.386716,0.050454
3540,32,8,0.023529,35,0.956848,0.338834,0.422775,0.051582
3540,43,8,0.023529,38,1.01591,0.28757,0.393646,0.049947
3540,53,8,0.023529,36,0.972936,0.326987,0.405341,0.045428
3540,73,8,0.023529,35,1.012209,0.302121,0.537089,0.061797
3540,91,8,0.023529,25,1.04742,0.316686,0.418839,0.050843
3540,16,7,0.020588,31,1.075148,0.342465,0.39252,0.052462
3560,28,10,0.029326,29,0.974202,0.319161,0.389036,0.046841
3560,42,9,0.026393,31,0.965989,0.359138,0.386716,0.050454
3560,32,8,0.02346,35,0.956848,0.338834,0.422775,0.051582
3560,53,8,0.02346,36,0.972936,0.326987,0.405341,0.045428
3560,73,8,0.02346,35,1.012209,0.302121,0.537089,0.061797
3560,91,8,0.02346,25,1.04742,0.316686,0.418839,0.050843
3560,16,7,0.020528,31,1.075148,0.342465,0.39252,0.052462
3560,17,7,0.020528,28,1.013273,0.306096,0.391859,0.049248
3580,28,10,0.029155,29,0.974202,0.319161,0.389036,0.046841
3580,42,9,0.026239,31,0.965989,0.359138,0.386716,0.050454
3580,53,8,0.023324,36,0.972936,0.326987,0.405341,0.045428
3580,73,8,0.023324,35,1.012209,0.302121,0.537089,0.061797
3580,91,8,0.023324,25,1.04742,0.316686,0.418839,0.050843
3580,16,7,0.020408,31,1.075148,0.342465,0.39252,0.052462
3580,17,7,0.020408,28,1.013273,0.306096,0.391859,0.049248
3580,32,7,0.020408,35,0.968977,0.338106,0.418833,0.051741
3600,28,10,0.029412,29,0.974202,0.319161,0.389036,0.046841
3600,42,9,0.026471,31,0.965989,0.359138,0.386716,0.050454
3600,17,8,0.023529,29,1.009706,0.302943,0.390308,0.04924
3600,91,8,0.023529,25,1.04742,0.316686,0.418839,0.050843
3600,16,7,0.020588,31,1.075148,0.342465,0.39252,0.052462
3600,29,7,0.020588,29,1.004559,0.320626,0.394087,0.05409
3600,32,7,0.020588,35,0.968977,0.338106,0.418833,0.051741
3600,43,7,0.020588,38,1.009688,0.284186,0.389176,0.050241
3620,28,10,0.02924,29,0.974202,0.319161,0.389036,0.046841
3620,42,9,0.026316,31,0.965989,0.359138,0.386716,0.050454
3620,17,8,0.023392,29,1.009706,0.302943,0.390308,0.04924
3620,32,8,0.023392,36,0.971204,0.335116,0.415299,0.052612
3620,43,8,0.023392,39,1.031102,0.284251,0.39299,0.04918
3620,53,8,0.023392,37,0.952406,0.325211,0.410397,0.045716
3620,91,8,0.023392,25,1.04742,0.316686,0.418839,0.050843
3620,16,7,0.020468,31,1.075148,0.342465,0.39252,0.052462
3640,28,9,0.026316,29,0.988152,0.323397,0.389864,0.046985
3640,42,9,0.026316,31,0.965989,0.359138,0.386716,0.050454
3640,17,8,0.023392,29,1.009706,0.302943,0.390308,0.04924
3640,32,8,0.023392,36,0.971204,0.335116,0.415299,0.052612
3640,43,8,0.023392,39,1.031102,0.284251,0.39299,0.04918
3640,53,8,0.023392,37,0.952406,0.325211,0.410397,0.045716
3640,91,8,0.023392,25,1.04742,0.316686,0.418839,0.050843
3640,16,7,0.020468,31,1.075148,0.342465,0.39252,0.052462
3660,28,9,0.025937,29,0.988152,0.323397,0.389864,0.046985
3660,42,9,0.025937,31,0.965989,0.359138,0.386716,0.050454
3660,32,8,0.023055,36,0.971204,0.335116,0.415299,0.052612
3660,73,8,0.023055,36,1.019579,0.292934,0.533154,0.061233
3660,82,8,0.023055,29,0.903296,0.323355,0.412339,0.051178
3660,91,8,0.023055,25,1.04742,0.316686,0.418839,0.050843
3660,16,7,0.020173,31,1.075148,0.342465,0.39252,0.052462
3660,17,7,0.020173,29,1.001797,0.304383,0.39018,0.048438
3680,28,11,0.031339,31,1.000048,0.317602,0.387091,0.047659
3680,42,9,0.025641,31,0.965989,0.359138,0.386716,0.050454
3680,91,9,0.025641,26,1.05293,0.320082,0.424904,0.050973
3680,17,8,0.022792,30,1.006807,0.307168,0.390448,0.048859
3680,73,8,0.022792,36,1.019579,0.292934,0.533154,0.061233
3680,82,8,0.022792,29,0.903296,0.323355,0.412339,0.051178
3680,27,7,0.019943,20,1.116645,0.337118,0.422061,0.045279
3680,32,7,0.019943,36,0.975848,0.332273,0.414759,0.053537
3700,28,11,0.031519,31,1.000048,0.317602,0.387091,0.047659
3700,42,9,0.025788,31,0.965989,0.359138,0.386716,0.050454
3700,91,9,0.025788,26,1.05293,0.320082,0.424904,0.050973
3700,81,8,0.022923,48,0.912464,0.29943,0.376928,0.049295
3700,82,8,0.022923,29,0.903296,0.323355,0.412339,0.051178
3700,17,7,0.020057,30,1.012908,0.307325,0.392437,0.049426
3700,27,7,0.020057,20,1.116645,0.337118,0.422061,0.045279
3700,53,7,0.020057,37,0.954993,0.321702,0.40785,0.045277
3720,28,11,0.031609,31,1.000048,0.317602,0.387091,0.047659
3720,42,9,0.025862,31,0.965989,0.359138,0.386716,0.050454
3720,91,9,0.025862,26,1.05293,0.320082,0.424904,0.050973
3720,27,8,0.022989,21,1.11922,0.340822,0.423324,0.045241
3720,81,8,0.022989,48,0.912464,0.29943,0.376928,0.049295
3720,17,7,0.020115,30,1.012908,0.307325,0.392437,0.049426
3720,29,7,0.020115,30,1.007497,0.320207,0.399907,0.053239
3720,32,7,0.020115,37,0.985093,0.323092,0.406302,0.053047
3740,28,11,0.031884,31,1.000048,0.317602,0.387091,0.047659
3740,42,9,0.026087,31,0.965989,0.359138,0.386716,0.050454
3740,91,9,0.026087,26,1.05293,0.320082,0.424904,0.050973
3740,27,8,0.023188,21,1.11922,0.340822,0.423324,0.045241
3740,81,8,0.023188,48,0.912464,0.29943,0.376928,0.049295
3740,17,7,0.02029,30,1.012908,0.307325,0.392437,0.049426
3740,29,7,0.02029,30,1.007497,0.320207,0.399907,0.053239
3740,53,7,0.02029,37,0.954993,0.321702,0.40785,0.045277
3760,28,10,0.029155,31,1.000238,0.31357,0.386371,0.047275
3760,27,8,0.023324,21,1.11922,0.340822,0.423324,0.045241
3760,33,8,0.023324,50,1.219821,0.286929,0.359254,0.042151
3760,42,8,0.023324,31,0.967969,0.361969,0.389913,0.051489
3760,91,8,0.023324,26,1.059729,0.319598,0.426474,0.049883
3760,11,7,0.020408,11,1.067405,0.3105,0.398144,0.053237
3760,17,7,0.020408,30,1.012908,0.307325,0.392437,0.049426
3760,53,7,0.020408,37,0.954993,0.321702,0.40785,0.045277
3780,28,10,0.02924,31,1.000238,0.31357,0.386371,0.047275
3780,27,8,0.023392,21,1.11922,0.340822,0.423324,0.045241
3780,42,8,0.023392,31,0.967969,0.361969,0.389913,0.051489
3780,91,8,0.023392,26,1.059729,0.319598,0.426474,0.049883
3780,11,7,0.020468,11,1.067405,0.3105,0.398144,0.053237
3780,17,7,0.020468,30,1.012908,0.307325,0.392437,0.049426
3780,33,7,0.020468,50,1.230413,0.28588,0.356475,0.041304
3780,53,7,0.020468,37,0.954993,0.321702,0.40785,0.045277
3800,28,10,0.028571,31,1.000238,0.31357,0.386371,0.047275
3800,91,10,0.028571,28,1.072234,0.31794,0.418999,0.052096
3800,27,8,0.022857,21,1.11922,0.340822,0.423324,0.045241
3800,42,8,0.022857,31,0.967969,0.361969,0.389913,0.051489
3800,53,8,0.022857,38,0.961548,0.321443,0.408702,0.045629
3800,11,7,0.02,11,1.067405,0.3105,0.398144,0.053237
3800,17,7,0.02,30,1.012908,0.307325,0.392437,0.049426
3800,32,7,0.02,38,0.995225,0.3154,0.399291,0.052297
3820,28,10,0.028818,31,1.000238,0.31357,0.386371,0.047275
3820,91,10,0.028818,28,1.072234,0.31794,0.418999,0.052096
3820,42,8,0.023055,31,0.967969,0.361969,0.389913,0.051489
3820,53,8,0.023055,38,0.961548,0.321443,0.408702,0.045629
3820,11,7,0.020173,11,1.067405,0.3105,0.398144,0.053237
3820,17,7,0.020173,30,1.012908,0.307325,0.392437,0.049426
3820,27,7,0.020173,21,1.117393,0.344123,0.424564,0.044454
3820,32,7,0.020173,38,0.995225,0.3154,0.399291,0.052297
3840,28,10,0.028902,31,1.000238,0.31357,0.386371,0.047275
3840,91,10,0.028902,28,1.072234,0.31794,0.418999,0.052096
3840,42,8,0.023121,31,0.967969,0.361969,0.389913,0.051489
3840,11,7,0.020231,11,1.067405,0.3105,0.398144,0.053237
3840,17,7,0.020231,30,1.012908,0.307325,0.392437,0.049426
3840,27,7,0.020231,21,1.117393,0.344123,0.424564,0.044454
3840,32,7,0.020231,38,0.995225,0.3154,0.399291,0.052297
3840,53,7,0.020231,38,0.963563,0.322655,0.41141,0.046272
3860,28,9,0.026163,31,0.988246,0.315725,0.389975,0.047498
3860,91,9,0.026163,28,1.075659,0.319072,0.419738,0.052423
3860,42,8,0.023256,31,0.967969,0.361969,0.389913,0.051489
3860,11,7,0.020349,11,1.067405,0.3105,0.398144,0.053237
3860,27,7,0.020349,21,1.117393,0.344123,0.424564,0.044454
3860,32,7,0.020349,38,0.995225,0.3154,0.399291,0.052297
3860,33,7,0.020349,51,1.229034,0.284181,0.35691,0.041168
3860,53,7,0.020349,38,0.963563,0.322655,0.41141,0.046272
3880,91,9,0.026239,28,1.075659,0.319072,0.419738,0.052423
3880,28,8,0.023324,31,0.986902,0.31908,0.389312,0.046421
3880,42,8,0.023324,31,0.967969,0.361969,0.389913,0.051489
3880,53,8,0.023324,39,0.956289,0.323596,0.410188,0.045832
3880,11,7,0.020408,11,1.067405,0.3105,0.398144,0.053237
3880,16,7,0.020408,34,1.056553,0.339704,0.382227,0.051859
3880,18,7,0.020408,43,0.98026,0.282565,0.417767,0.048035
3880,27,7,0.020408,21,1.117393,0.344123,0.424564,0.044454
3900,91,9,0.026012,28,1.075659,0.319072,0.419738,0.052423
3900,28,8,0.023121,31,0.986902,0.31908,0.389312,0.046421
3900,42,8,0.023121,31,0.967969,0.361969,0.389913,0.051489
3900,53,8,0.023121,39,0.956289,0.323596,0.410188,0.045832
3900,16,7,0.020231,34,1.056553,0.339704,0.382227,0.051859
3900,18,7,0.020231,43,0.98026,0.282565,0.417767,0.048035
3900,27,7,0.020231,21,1.117393,0.344123,0.424564,0.044454
3900,32,7,0.020231,39,1.003336,0.314919,0.403218,0.052962
3920,28,8,0.023121,31,0.986902,0.31908,0.389312,0.046421
3920,42,8,0.023121,31,0.967969,0.361969,0.389913,0.051489
3920,53,8,0.023121,39,0.956289,0.323596,0.410188,0.045832
3920,91,8,0.023121,28,1.058754,0.322125,0.426809,0.050835
3920,16,7,0.020231,34,1.056553,0.339704,0.382227,0.051859
3920,17,7,0.020231,31,1.01937,0.311917,0.391888,0.04938
3920,27,7,0.020231,21,1.117393,0.344123,0.424564,0.044454
3920,32,7,0.020231,39,1.003336,0.314919,0.403218,0.052962
3940,28,8,0.023324,31,0.986902,0.31908,0.389312,0.046421
3940,42,8,0.023324,31,0.967969,0.361969,0.389913,0.051489
3940,91,8,0.023324,28,1.058754,0.322125,0.426809,0.050835
3940,16,7,0.020408,34,1.056553,0.339704,0.382227,0.051859
3940,17,7,0.020408,31,1.01937,0.311917,0.391888,0.04938
3940,27,7,0.020408,21,1.117393,0.344123,0.424564,0.044454
3940,32,7,0.020408,39,1.003336,0.314919,0.403218,0.052962
3940,33,7,0.020408,52,1.220719,0.288603,0.362239,0.04332
3960,42,9,0.025788,32,0.966225,0.360424,0.38936,0.051252
3960,16,8,0.022923,35,1.067623,0.337121,0.382582,0.051534
3960,28,8,0.022923,31,0.986902,0.31908,0.389312,0.046421
3960,33,8,0.022923,53,1.221226,0.289081,0.361461,0.04338
3960,53,8,0.022923,40,0.968768,0.32752,0.412637,0.047117
3960,91,8,0.022923,28,1.058754,0.322125,0.426809,0.050835
3960,17,7,0.020057,31,1.01937,0.311917,0.391888,0.04938
3960,27,7,0.020057,21,1.117393,0.344123,0.424564,0.044454
3980,42,9,0.025714,32,0.966225,0.360424,0.38936,0.051252
3980,16,8,0.022857,35,1.067623,0.337121,0.382582,0.051534
3980,28,8,0.022857,31,0.986902,0.31908,0.389312,0.046421
3980,53,8,0.022857,40,0.968768,0.32752,0.412637,0.047117
3980,72,8,0.022857,26,1.01991,0.337941,0.46781,0.049066
3980,82,8,0.022857,32,0.899517,0.326193,0.42063,0.050104
3980,91,8,0.022857,28,1.058754,0.322125,0.426809,0.050835
3980,17,7,0.02,32,1.039296,0.307302,0.393565,0.050698
4000,42,9,0.025641,32,0.966225,0.360424,0.38936,0.051252
4000,16,8,0.022792,35,1.067623,0.337121,0.382582,0.051534
4000,27,8,0.022792,22,1.120311,0.34995,0.422946,0.044594
4000,28,8,0.022792,31,0.986902,0.31908,0.389312,0.046421
4000,53,8,0.022792,40,0.968768,0.32752,0.412637,0.047117
4000,72,8,0.022792,26,1.01991,0.337941,0.46781,0.049066
4000,82,8,0.022792,32,0.899517,0.326193,0.42063,0.050104
4000,91,8,0.022792,28,1.058754,0.322125,0.426809,0.050835
4020,42,9,0.025424,32,0.966225,0.360424,0.38936,0.051252
4020,16,8,0.022599,35,1.067623,0.337121,0.382582,0.051534
4020,28,8,0.022599,31,0.986902,0.31908,0.389312,0.046421
4020,33,8,0.022599,54,1.212734,0.290741,0.364273,0.044325
4020,53,8,0.022599,40,0.968768,0.32752,0.412637,0.047117
4020,72,8,0.022599,26,1.01991,0.337941,0.46781,0.049066
4020,91,8,0.022599,28,1.058754,0.322125,0.426809,0.050835
4020,17,7,0.019774,32,1.039296,0.307302,0.393565,0.050698
4040,42,10,0.028571,33,0.966845,0.360889,0.391982,0.051638
4040,28,9,0.025714,32,1.014937,0.324605,0.386597,0.046451
4040,16,8,0.022857,35,1.067623,0.337121,0.382582,0.051534
4040,33,8,0.022857,54,1.212734,0.290741,0.364273,0.044325
4040,53,8,0.022857,40,0.968768,0.32752,0.412637,0.047117
4040,91,8,0.022857,28,1.058754,0.322125,0.426809,0.050835
4040,27,7,0.02,22,1.115815,0.3515,0.426826,0.045511
4040,43,7,0.02,42,1.059967,0.285433,0.396971,0.045962
4060,42,10,0.027778,33,0.966845,0.360889,0.391982,0.051638
4060,28,9,0.025,32,1.014937,0.324605,0.386597,0.046451
4060,82,9,0.025,34,0.899458,0.319824,0.418169,0.048358
4060,16,8,0.022222,35,1.067623,0.337121,0.382582,0.051534
4060,33,8,0.022222,54,1.212734,0.290741,0.364273,0.044325
4060,43,8,0.022222,43,1.058624,0.284526,0.400868,0.045795
4060,53,8,0.022222,40,0.968768,0.32752,0.412637,0.047117
4060,91,8,0.022222,28,1.058754,0.322125,0.426809,0.050835
4080,42,10,0.028329,33,0.966845,0.360889,0.391982,0.051638
4080,28,9,0.025496,32,1.014937,0.324605,0.386597,0.046451
4080,33,8,0.022663,54,1.212734,0.290741,0.364273,0.044325
4080,53,8,0.022663,40,0.968768,0.32752,0.412637,0.047117
4080,91,8,0.022663,28,1.058754,0.322125,0.426809,0.050835
4080,8,7,0.01983,15,1.029073,0.315646,0.406012,0.056119
4080,16,7,0.01983,35,1.067732,0.332294,0.384885,0.050642
4080,27,7,0.01983,22,1.115815,0.3515,0.426826,0.045511
4100,42,10,0.028249,33,0.966845,0.360889,0.391982,0.051638
4100,28,9,0.025424,32,1.014937,0.324605,0.386597,0.046451
4100,27,8,0.022599,23,1.109445,0.35074,0.42907,0.044776
4100,33,8,0.022599,54,1.212734,0.290741,0.364273,0.044325
4100,53,8,0.022599,40,0.968768,0.32752,0.412637,0.047117
4100,91,8,0.022599,28,1.058754,0.322125,0.426809,0.050835
4100,8,7,0.019774,15,1.029073,0.315646,0.406012,0.056119
4100,16,7,0.019774,35,1.067732,0.332294,0.384885,0.050642
4120,42,10,0.028818,33,0.966845,0.360889,0.391982,0.051638
4120,28,9,0.025937,32,1.014937,0.324605,0.386597,0.046451
4120,27,8,0.023055,23,1.109445,0.35074,0.42907,0.044776
4120,91,8,0.023055,28,1.058754,0.322125,0.426809,0.050835
4120,16,7,0.020173,35,1.067732,0.332294,0.384885,0.050642
4120,29,7,0.020173,34,1.037578,0.324325,0.389071,0.052419
4120,33,7,0.020173,54,1.205335,0.29016,0.364562,0.044755
4120,43,7,0.020173,43,1.044581,0.284694,0.400926,0.045943
4140,42,10,0.028653,33,0.966845,0.360889,0.391982,0.051638
4140,28,9,0.025788,32,1.014937,0.324605,0.386597,0.046451
4140,43,8,0.022923,44,1.064351,0.283571,0.39343,0.046358
4140,73,8,0.022923,42,1.104585,0.310553,0.550098,0.059221
4140,91,8,0.022923,28,1.058754,0.322125,0.426809,0.050835
4140,16,7,0.020057,35,1.067732,0.332294,0.384885,0.050642
4140,29,7,0.020057,34,1.037578,0.324325,0.389071,0.052419
4140,32,7,0.020057,42,1.019491,0.316452,0.41583,0.058618
4160,28,10,0.028736,33,1.016842,0.326679,0.38754,0.046274
4160,42,9,0.025862,33,0.968463,0.362314,0.392765,0.051891
4160,43,8,0.022989,44,1.064351,0.283571,0.39343,0.046358
4160,73,8,0.022989,42,1.104585,0.310553,0.550098,0.059221
4160,91,8,0.022989,28,1.058754,0.322125,0.426809,0.050835
4160,32,7,0.020115,42,1.019491,0.316452,0.41583,0.058618
4160,53,7,0.020115,40,0.963245,0.328647,0.412346,0.046976
4160,80,7,0.020115,27,0.973581,0.350779,0.460371,0.049534
4180,28,10,0.028571,33,1.016842,0.326679,0.38754,0.046274
4180,42,9,0.025714,33,0.968463,0.362314,0.392765,0.051891
4180,91,8,0.022857,28,1.058754,0.322125,0.426809,0.050835
4180,32,7,0.02,42,1.019491,0.316452,0.41583,0.058618
4180,43,7,0.02,44,1.078257,0.282467,0.395203,0.046233
4180,53,7,0.02,40,0.963245,0.328647,0.412346,0.046976
4180,73,7,0.02,42,1.104721,0.316798,0.552804,0.058696
4180,80,7,0.02,27,0.973581,0.350779,0.460371,0.049534
4200,28,10,0.028571,33,1.016842,0.326679,0.38754,0.046274
4200,42,8,0.022857,33,0.967969,0.361969,0.389913,0.051489
4200,91,8,0.022857,28,1.058754,0.322125,0.426809,0.050835
4200,29,7,0.02,35,1.031822,0.326123,0.398807,0.052071
4200,32,7,0.02,42,1.019491,0.316452,0.41583,0.058618
4200,53,7,0.02,40,0.963245,0.328647,0.412346,0.046976
4200,73,7,0.02,42,1.104721,0.316798,0.552804,0.058696
4200,95,7,0.02,11,1.018321,0.314848,0.425396,0.057084
4220,28,9,0.025496,33,0.992133,0.321998,0.390058,0.046228
4220,91,9,0.025496,29,1.057827,0.319415,0.423685,0.052178
4220,42,8,0.022663,33,0.967969,0.361969,0.389913,0.051489
4220,17,7,0.01983,34,1.039969,0.308479,0.398215,0.050285
4220,29,7,0.01983,35,1.031822,0.326123,0.398807,0.052071
4220,32,7,0.01983,42,1.019491,0.316452,0.41583,0.058618
4220,53,7,0.01983,40,0.963245,0.328647,0.412346,0.046976
4220,72,7,0.01983,27,1.035697,0.34159,0.462692,0.048701
4240,91,10,0.028169,30,1.061262,0.318078,0.4243,0.051612
4240,28,9,0.025352,33,0.992133,0.321998,0.390058,0.046228
4240,32,8,0.022535,43,1.02458,0.313712,0.413721,0.060207
4240,42,8,0.022535,33,0.967969,0.361969,0.389913,0.051489
4240,17,7,0.019718,34,1.039969,0.308479,0.398215,0.050285
4240,53,7,0.019718,40,0.963245,0.328647,0.412346,0.046976
4240,72,7,0.019718,28,1.030374,0.345473,0.465872,0.048824
4240,73,7,0.019718,42,1.104721,0.316798,0.552804,0.058696
4260,91,10,0.02849,30,1.061262,0.318078,0.4243,0.051612
4260,28,9,0.025641,33,0.992133,0.321998,0.390058,0.046228
4260,17,8,0.022792,35,1.024788,0.307758,0.399104,0.049425
4260,32,8,0.022792,43,1.02458,0.313712,0.413721,0.060207
4260,42,8,0.022792,33,0.967969,0.361969,0.389913,0.051489
4260,43,7,0.019943,45,1.074168,0.282895,0.393116,0.04698
4260,53,7,0.019943,40,0.963245,0.328647,0.412346,0.046976
4260,72,7,0.019943,28,1.030374,0.345473,0.465872,0.048824
4280,91,10,0.028249,30,1.061262,0.318078,0.4243,0.051612
4280,28,9,0.025424,33,0.992133,0.321998,0.390058,0.046228
4280,17,8,0.022599,35,1.024788,0.307758,0.399104,0.049425
4280,32,8,0.022599,43,1.02458,0.313712,0.413721,0.060207
4280,42,8,0.022599,33,0.967969,0.361969,0.389913,0.051489
4280,53,8,0.022599,41,0.957498,0.333521,0.411329,0.04853
4280,34,7,0.019774,36,0.988573,0.310411,0.369939,0.069472
4280,72,7,0.019774,28,1.030374,0.345473,0.465872,0.048824
4300,91,10,0.02809,30,1.061262,0.318078,0.4243,0.051612
4300,28,9,0.025281,33,0.992133,0.321998,0.390058,0.046228
4300,32,8,0.022472,43,1.02458,0.313712,0.413721,0.060207
4300,42,8,0.022472,33,0.967969,0.361969,0.389913,0.051489
4300,18,7,0.019663,46,0.971325,0.291057,0.416719,0.05169
4300,27,7,0.019663,26,1.103108,0.365924,0.430082,0.043947
4300,53,7,0.019663,41,0.964944,0.333998,0.412714,0.049355
4300,72,7,0.019663,28,1.030374,0.345473,0.465872,0.048824
4320,91,10,0.028011,30,1.061262,0.318078,0.4243,0.051612
4320,28,9,0.02521,33,0.992133,0.321998,0.390058,0.046228
4320,27,8,0.022409,27,1.092137,0.36558,0.432082,0.043645
4320,42,8,0.022409,33,0.967969,0.361969,0.389913,0.051489
4320,16,7,0.019608,38,1.067064,0.338482,0.390044,0.053333
4320,18,7,0.019608,47,0.971899,0.289942,0.420523,0.05226
4320,53,7,0.019608,41,0.964944,0.333998,0.412714,0.049355
4320,72,7,0.019608,28,1.030374,0.345473,0.465872,0.048824
4340,91,10,0.028329,30,1.061262,0.318078,0.4243,0.051612
4340,28,9,0.025496,33,0.992133,0.321998,0.390058,0.046228
4340,27,8,0.022663,27,1.092137,0.36558,0.432082,0.043645
4340,42,8,0.022663,33,0.967969,0.361969,0.389913,0.051489
4340,16,7,0.01983,38,1.067064,0.338482,0.390044,0.053333
4340,17,7,0.01983,36,1.008656,0.309758,0.400887,0.048042
4340,18,7,0.01983,47,0.971899,0.289942,0.420523,0.05226
4340,32,7,0.01983,44,1.023269,0.321219,0.42526,0.061314
4360,28,9,0.02507,33,0.992133,0.321998,0.390058,0.046228
4360,91,9,0.02507,30,1.064335,0.316979,0.425329,0.051039
4360,16,8,0.022284,39,1.072331,0.335282,0.391549,0.0523
4360,27,8,0.022284,27,1.092137,0.36558,0.432082,0.043645
4360,42,8,0.022284,33,0.967969,0.361969,0.389913,0.051489
4360,90,8,0.022284,46,0.967082,0.3218,0.437247,0.044846
4360,17,7,0.019499,36,1.008656,0.309758,0.400887,0.048042
4360,18,7,0.019499,47,0.971899,0.289942,0.420523,0.05226
4380,27,9,0.025281,28,1.093247,0.369572,0.430979,0.044331
4380,28,9,0.025281,33,0.992133,0.321998,0.390058,0.046228
4380,42,9,0.025281,34,0.96127,0.363926,0.390343,0.050726
4380,91,9,0.025281,30,1.064335,0.316979,0.425329,0.051039
4380,16,8,0.022472,39,1.072331,0.335282,0.391549,0.0523
4380,90,8,0.022472,46,0.967082,0.3218,0.437247,0.044846
4380,32,7,0.019663,44,1.023269,0.321219,0.42526,0.061314
4380,81,7,0.019663,56,0.924783,0.305597,0.373893,0.05618
4400,42,9,0.025641,34,0.96127,0.363926,0.390343,0.050726
4400,91,9,0.025641,30,1.064335,0.316979,0.425329,0.051039
4400,16,8,0.022792,39,1.072331,0.335282,0.391549,0.0523
4400,27,8,0.022792,29,1.085628,0.372068,0.444459,0.042929
4400,28,8,0.022792,33,0.986902,0.31908,0.389312,0.046421
4400,8,7,0.019943,17,0.993899,0.319119,0.38734,0.061307
4400,33,7,0.019943,57,1.192843,0.297073,0.362376,0.042053
4400,75,7,0.019943,42,1.040093,0.33369,0.434438,0.057216
4420,42,9,0.025496,34,0.96127,0.363926,0.390343,0.050726
4420,91,9,0.025496,30,1.064335,0.316979,0.425329,0.051039
4420,16,8,0.022663,39,1.072331,0.335282,0.391549,0.0523
4420,27,8,0.022663,29,1.085628,0.372068,0.444459,0.042929
4420,28,8,0.022663,33,0.986902,0.31908,0.389312,0.046421
4420,17,7,0.01983,37,0.991221,0.310397,0.405145,0.046996
4420,33,7,0.01983,57,1.192843,0.297073,0.362376,0.042053
4420,72,7,0.01983,29,1.037557,0.347949,0.452316,0.047636
4440,91,10,0.028409,31,1.055963,0.31411,0.426018,0.051766
4440,42,9,0.025568,34,0.96127,0.363926,0.390343,0.050726
4440,16,8,0.022727,40,1.055784,0.331457,0.389462,0.051392
4440,27,8,0.022727,29,1.085628,0.372068,0.444459,0.042929
4440,28,8,0.022727,33,0.986902,0.31908,0.389312,0.046421
4440,33,8,0.022727,58,1.185906,0.29482,0.366427,0.041959
4440,17,7,0.019886,37,0.991221,0.310397,0.405145,0.046996
4440,18,7,0.019886,48,0.974268,0.286012,0.41544,0.052499
4460,28,9,0.025641,34,0.99282,0.316566,0.387674,0.04654
4460,42,9,0.025641,34,0.96127,0.363926,0.390343,0.050726
4460,91,9,0.025641,31,1.051939,0.315005,0.425594,0.052349
4460,27,8,0.022792,29,1.085628,0.372068,0.444459,0.042929
4460,33,8,0.022792,58,1.185906,0.29482,0.366427,0.041959
4460,82,8,0.022792,39,0.904959,0.330193,0.42027,0.046733
4460,11,7,0.019943,12,1.065804,0.303477,0.387069,0.054394
4460,16,7,0.019943,40,1.06022,0.328023,0.389349,0.051366
4480,28,9,0.026239,34,0.99282,0.316566,0.387674,0.04654
4480,42,9,0.026239,34,0.96127,0.363926,0.390343,0.050726
4480,91,9,0.026239,31,1.051939,0.315005,0.425594,0.052349
4480,27,8,0.023324,29,1.085628,0.372068,0.444459,0.042929
4480,82,8,0.023324,39,0.904959,0.330193,0.42027,0.046733
4480,11,7,0.020408,12,1.065804,0.303477,0.387069,0.054394
4480,29,7,0.020408,38,1.032134,0.313546,0.385216,0.046659
4480,33,7,0.020408,58,1.19905,0.298021,0.369038,0.043317
4500,28,9,0.025862,34,0.99282,0.316566,0.387674,0.04654
4500,42,9,0.025862,34,0.96127,0.363926,0.390343,0.050726
4500,91,9,0.025862,31,1.051939,0.315005,0.425594,0.052349
4500,27,8,0.022989,29,1.085628,0.372068,0.444459,0.042929
4500,29,8,0.022989,39,1.016703,0.317556,0.388955,0.04962
4500,33,8,0.022989,59,1.194856,0.300719,0.36897,0.045484
4500,82,8,0.022989,39,0.904959,0.330193,0.42027,0.046733
4500,11,7,0.020115,12,1.065804,0.303477,0.387069,0.054394
4520,28,9,0.025568,34,0.99282,0.316566,0.387674,0.04654
4520,42,9,0.025568,34,0.96127,0.363926,0.390343,0.050726
4520,91,9,0.025568,31,1.051939,0.315005,0.425594,0.052349
4520,27,8,0.022727,29,1.085628,0.372068,0.444459,0.042929
4520,33,8,0.022727,60,1.183555,0.295244,0.37221,0.046206
4520,82,8,0.022727,39,0.904959,0.330193,0.42027,0.046733
4520,11,7,0.019886,12,1.065804,0.303477,0.387069,0.054394
4520,17,7,0.019886,38,1.009284,0.305524,0.405159,0.049535
4540,28,9,0.025496,34,0.99282,0.316566,0.387674,0.04654
4540,42,9,0.025496,34,0.96127,0.363926,0.390343,0.050726
4540,82,9,0.025496,40,0.904295,0.333406,0.418904,0.04712
4540,91,9,0.025496,31,1.051939,0.315005,0.425594,0.052349
4540,53,8,0.022663,45,0.973007,0.333921,0.412415,0.049235
4540,11,7,0.01983,12,1.065804,0.303477,0.387069,0.054394
4540,16,7,0.01983,41,1.063374,0.321508,0.386971,0.049589
4540,17,7,0.01983,38,1.009284,0.305524,0.405159,0.049535
4560,28,9,0.025862,34,0.99282,0.316566,0.387674,0.04654
4560,42,9,0.025862,34,0.96127,0.363926,0.390343,0.050726
4560,82,9,0.025862,40,0.904295,0.333406,0.418904,0.04712
4560,91,9,0.025862,31,1.051939,0.315005,0.425594,0.052349
4560,53,8,0.022989,45,0.973007,0.333921,0.412415,0.049235
4560,11,7,0.020115,12,1.065804,0.303477,0.387069,0.054394
4560,16,7,0.020115,41,1.063374,0.321508,0.386971,0.049589
4560,17,7,0.020115,38,1.009284,0.305524,0.405159,0.049535
4580,28,9,0.025862,34,0.99282,0.316566,0.387674,0.04654
4580,42,9,0.025862,34,0.96127,0.363926,0.390343,0.050726
4580,53,9,0.025862,46,0.983666,0.328756,0.410688,0.048966
4580,82,9,0.025862,41,0.893356,0.341275,0.424335,0.047484
4580,91,9,0.025862,31,1.051939,0.315005,0.425594,0.052349
4580,11,7,0.020115,12,1.065804,0.303477,0.387069,0.054394
4580,16,7,0.020115,41,1.063374,0.321508,0.386971,0.049589
4580,17,7,0.020115,38,1.009284,0.305524,0.405159,0.049535
4600,28,9,0.025496,34,0.99282,0.316566,0.387674,0.04654
4600,42,9,0.025496,35,0.972727,0.362904,0.386404,0.051738
4600,53,9,0.025496,46,0.983666,0.328756,0.410688,0.048966
4600,82,9,0.025496,41,0.893356,0.341275,0.424335,0.047484
4600,91,9,0.025496,31,1.051939,0.315005,0.425594,0.052349
4600,11,7,0.01983,12,1.065804,0.303477,0.387069,0.054394
4600,17,7,0.01983,38,1.009284,0.305524,0.405159,0.049535
4600,22,7,0.01983,19,0.969283,0.327345,0.389604,0.06163
4620,28,9,0.02521,34,0.99282,0.316566,0.387674,0.04654
4620,42,9,0.02521,35,0.972727,0.362904,0.386404,0.051738
4620,82,9,0.02521,41,0.893356,0.341275,0.424335,0.047484
4620,91,9,0.02521,31,1.051939,0.315005,0.425594,0.052349
4620,53,8,0.022409,47,1.000908,0.331384,0.408621,0.046526
4620,95,8,0.022409,13,1.043921,0.307996,0.415246,0.057235
4620,22,7,0.019608,19,0.969283,0.327345,0.389604,0.06163
4620,27,7,0.019608,29,1.082692,0.376908,0.44328,0.043103
4640,28,9,0.02514,34,0.99282,0.316566,0.387674,0.04654
4640,42,9,0.02514,35,0.972727,0.362904,0.386404,0.051738
4640,82,9,0.02514,41,0.893356,0.341275,0.424335,0.047484
4640,91,9,0.02514,31,1.051939,0.315005,0.425594,0.052349
4640,53,8,0.022346,47,1.000908,0.331384,0.408621,0.046526
4640,95,8,0.022346,13,1.043921,0.307996,0.415246,0.057235
4640,16,7,0.019553,43,1.074848,0.32479,0.385009,0.050891
4640,27,7,0.019553,29,1.082692,0.376908,0.44328,0.043103
4660,28,9,0.025281,34,0.99282,0.316566,0.387674,0.04654
4660,42,9,0.025281,35,0.972727,0.362904,0.386404,0.051738
4660,82,9,0.025281,41,0.893356,0.341275,0.424335,0.047484
4660,53,8,0.022472,47,1.000908,0.331384,0.408621,0.046526
4660,91,8,0.022472,31,1.060855,0.318345,0.424766,0.051604
4660,95,8,0.022472,13,1.043921,0.307996,0.415246,0.057235
4660,17,7,0.019663,39,1.007465,0.301956,0.405023,0.048263
4660,27,7,0.019663,29,1.082692,0.376908,0.44328,0.043103
4680,28,9,0.024658,34,0.99282,0.316566,0.387674,0.04654
4680,42,9,0.024658,35,0.972727,0.362904,0.386404,0.051738
4680,82,9,0.024658,41,0.893356,0.341275,0.424335,0.047484
4680,27,8,0.021918,30,1.074437,0.376757,0.44776,0.042632
4680,40,8,0.021918,28,1.137191,0.332104,0.397226,0.049941
4680,53,8,0.021918,47,1.000908,0.331384,0.408621,0.046526
4680,91,8,0.021918,31,1.060855,0.318345,0.424766,0.051604
4680,95,8,0.021918,13,1.043921,0.307996,0.415246,0.057235
4700,28,9,0.024931,35,0.97716,0.31707,0.388674,0.045744
4700,42,9,0.024931,35,0.972727,0.362904,0.386404,0.051738
4700,16,8,0.022161,45,1.066307,0.333018,0.388148,0.051716
4700,27,8,0.022161,30,1.074437,0.376757,0.44776,0.042632
4700,40,8,0.022161,28,1.137191,0.332104,0.397226,0.049941
4700,82,8,0.022161,41,0.902071,0.340996,0.41975,0.047727
4700,91,8,0.022161,31,1.060855,0.318345,0.424766,0.051604
4700,95,8,0.022161,13,1.043921,0.307996,0.415246,0.057235
4720,28,9,0.024931,35,0.97716,0.31707,0.388674,0.045744
4720,42,9,0.024931,35,0.972727,0.362904,0.386404,0.051738
4720,97,9,0.024931,44,0.966242,0.287424,0.395816,0.047479
4720,27,8,0.022161,30,1.074437,0.376757,0.44776,0.042632
4720,40,8,0.022161,28,1.137191,0.332104,0.397226,0.049941
4720,43,8,0.022161,51,1.140092,0.283603,0.385637,0.047729
4720,82,8,0.022161,41,0.902071,0.340996,0.41975,0.047727
4720,91,8,0.022161,31,1.060855,0.318345,0.424766,0.051604
4740,28,9,0.02459,35,0.97716,0.31707,0.388674,0.045744
4740,40,9,0.02459,29,1.138919,0.329341,0.395706,0.049849
4740,42,9,0.02459,35,0.972727,0.362904,0.386404,0.051738
4740,82,9,0.02459,42,0.915447,0.336212,0.417466,0.047764
4740,27,8,0.021858,30,1.074437,0.376757,0.44776,0.042632
4740,43,8,0.021858,51,1.140092,0.283603,0.385637,0.047729
4740,91,8,0.021858,31,1.060855,0.318345,0.424766,0.051604
4740,95,8,0.021858,13,1.043921,0.307996,0.415246,0.057235
4760,28,9,0.024457,35,0.97716,0.31707,0.388674,0.045744
4760,42,9,0.024457,35,0.972727,0.362904,0.386404,0.051738
4760,82,9,0.024457,42,0.915447,0.336212,0.417466,0.047764
4760,27,8,0.021739,30,1.074437,0.376757,0.44776,0.042632
4760,40,8,0.021739,30,1.123507,0.333075,0.393474,0.050521
4760,66,8,0.021739,37,0.908353,0.270312,0.423926,0.046021
4760,90,8,0.021739,50,0.971412,0.322781,0.427621,0.043594
4760,91,8,0.021739,31,1.060855,0.318345,0.424766,0.051604
4780,28,9,0.024324,35,0.97716,0.31707,0.388674,0.045744
4780,82,9,0.024324,42,0.915447,0.336212,0.417466,0.047764
4780,91,9,0.024324,32,1.055528,0.322689,0.424468,0.05126
4780,33,8,0.021622,65,1.189951,0.299496,0.363261,0.046204
4780,42,8,0.021622,35,0.967969,0.361969,0.389913,0.051489
4780,66,8,0.021622,37,0.908353,0.270312,0.423926,0.046021
4780,90,8,0.021622,50,0.971412,0.322781,0.427621,0.043594
4780,95,8,0.021622,13,1.043921,0.307996,0.415246,0.057235
4800,28,9,0.024129,35,0.97716,0.31707,0.388674,0.045744
4800,82,9,0.024129,42,0.915447,0.336212,0.417466,0.047764
4800,91,9,0.024129,32,1.055528,0.322689,0.424468,0.05126
4800,95,9,0.024129,14,1.047609,0.315675,0.415825,0.055844
4800,33,8,0.021448,65,1.189951,0.299496,0.363261,0.046204
4800,42,8,0.021448,35,0.967969,0.361969,0.389913,0.051489
4800,66,8,0.021448,37,0.908353,0.270312,0.423926,0.046021
4800,90,8,0.021448,50,0.971412,0.322781,0.427621,0.043594
4820,28,9,0.024324,35,0.97716,0.31707,0.388674,0.045744
4820,42,9,0.024324,36,0.951937,0.365,0.39403,0.050249
4820,82,9,0.024324,42,0.915447,0.336212,0.417466,0.047764
4820,91,9,0.024324,32,1.055528,0.322689,0.424468,0.05126
4820,95,9,0.024324,14,1.047609,0.315675,0.415825,0.055844
4820,33,8,0.021622,65,1.189951,0.299496,0.363261,0.046204
4820,66,8,0.021622,37,0.908353,0.270312,0.423926,0.046021
4820,81,8,0.021622,61,0.932945,0.319317,0.364974,0.067196
4840,28,9,0.024194,35,0.97716,0.31707,0.388674,0.045744
4840,42,9,0.024194,36,0.951937,0.365,0.39403,0.050249
4840,82,9,0.024194,42,0.915447,0.336212,0.417466,0.047764
4840,91,9,0.024194,32,1.055528,0.322689,0.424468,0.05126
4840,95,9,0.024194,14,1.047609,0.315675,0.415825,0.055844
4840,33,8,0.021505,65,1.189951,0.299496,0.363261,0.046204
4840,53,8,0.021505,48,0.986226,0.32773,0.412612,0.046126
4840,66,8,0.021505,37,0.908353,0.270312,0.423926,0.046021
4860,28,9,0.024259,35,0.97716,0.31707,0.388674,0.045744
4860,42,9,0.024259,36,0.951937,0.365,0.39403,0.050249
4860,91,9,0.024259,32,1.055528,0.322689,0.424468,0.05126
4860,95,9,0.024259,14,1.047609,0.315675,0.415825,0.055844
4860,53,8,0.021563,48,0.986226,0.32773,0.412612,0.046126
4860,66,8,0.021563,37,0.908353,0.270312,0.423926,0.046021
4860,82,8,0.021563,42,0.915386,0.332779,0.415386,0.047952
4860,16,7,0.018868,46,1.058294,0.338189,0.384657,0.052666
4880,28,9,0.024259,35,0.97716,0.31707,0.388674,0.045744
4880,42,9,0.024259,36,0.951937,0.365,0.39403,0.050249
4880,53,9,0.024259,49,0.982029,0.323279,0.418471,0.046349
4880,91,9,0.024259,32,1.055528,0.322689,0.424468,0.05126
4880,95,9,0.024259,14,1.047609,0.315675,0.415825,0.055844
4880,66,8,0.021563,37,0.908353,0.270312,0.423926,0.046021
4880,16,7,0.018868,46,1.058294,0.338189,0.384657,0.052666
4880,18,7,0.018868,53,0.947643,0.28599,0.408106,0.054347
4900,42,10,0.026667,37,0.966277,0.363568,0.395181,0.049293
4900,28,9,0.024,35,0.97716,0.31707,0.388674,0.045744
4900,53,9,0.024,49,0.982029,0.323279,0.418471,0.046349
4900,91,9,0.024,32,1.055528,0.322689,0.424468,0.05126
4900,95,9,0.024,14,1.047609,0.315675,0.415825,0.055844
4900,16,8,0.021333,47,1.049931,0.338166,0.387669,0.050751
4900,66,8,0.021333,37,0.908353,0.270312,0.423926,0.046021
4900,97,8,0.021333,46,0.970649,0.290608,0.408289,0.045671
4920,42,10,0.026525,37,0.966277,0.363568,0.395181,0.049293
4920,28,9,0.023873,35,0.97716,0.31707,0.388674,0.045744
4920,91,9,0.023873,32,1.055528,0.322689,0.424468,0.05126
4920,16,8,0.02122,47,1.049931,0.338166,0.387669,0.050751
4920,53,8,0.02122,50,0.966035,0.324364,0.421576,0.045256
4920,66,8,0.02122,37,0.908353,0.270312,0.423926,0.046021
4920,95,8,0.02122,14,1.049415,0.311974,0.419017,0.056628
4920,97,8,0.02122,46,0.970649,0.290608,0.408289,0.045671
4940,42,10,0.02681,37,0.966277,0.363568,0.395181,0.049293
4940,28,9,0.024129,35,0.97716,0.31707,0.388674,0.045744
4940,91,9,0.024129,32,1.055528,0.322689,0.424468,0.05126
4940,16,8,0.021448,47,1.049931,0.338166,0.387669,0.050751
4940,53,8,0.021448,50,0.966035,0.324364,0.421576,0.045256
4940,66,8,0.021448,37,0.908353,0.270312,0.423926,0.046021
4940,95,8,0.021448,14,1.049415,0.311974,0.419017,0.056628
4940,97,8,0.021448,46,0.970649,0.290608,0.408289,0.045671
4960,42,10,0.026667,37,0.966277,0.363568,0.395181,0.049293
4960,28,9,0.024,36,0.985506,0.323233,0.390159,0.046242
4960,91,9,0.024,32,1.055528,0.322689,0.424468,0.05126
4960,53,8,0.021333,50,0.966035,0.324364,0.421576,0.045256
4960,66,8,0.021333,37,0.908353,0.270312,0.423926,0.046021
4960,95,8,0.021333,14,1.049415,0.311974,0.419017,0.056628
4960,16,7,0.018667,47,1.051128,0.338375,0.387069,0.050674
4960,17,7,0.018667,42,1.02324,0.300714,0.406747,0.049528
4980,42,10,0.0271,37,0.966277,0.363568,0.395181,0.049293
4980,28,9,0.02439,36,0.985506,0.323233,0.390159,0.046242
4980,91,9,0.02439,32,1.055528,0.322689,0.424468,0.05126
4980,95,9,0.02439,15,1.048721,0.308626,0.421889,0.056979
4980,16,8,0.02168,48,1.049952,0.33709,0.39272,0.05037
4980,27,8,0.02168,32,1.054088,0.380326,0.442446,0.042811
4980,53,8,0.02168,50,0.966035,0.324364,0.421576,0.045256
4980,66,8,0.02168,37,0.908353,0.270312,0.423926,0.046021
5000,42,10,0.027473,37,0.966277,0.363568,0.395181,0.049293
5000,28,9,0.024725,36,0.985506,0.323233,0.390159,0.046242
5000,91,9,0.024725,32,1.055528,0.322689,0.424468,0.05126
5000,95,9,0.024725,15,1.048721,0.308626,0.421889,0.056979
5000,16,8,0.021978,48,1.049952,0.33709,0.39272,0.05037
5000,27,8,0.021978,32,1.054088,0.380326,0.442446,0.042811
5000,53,8,0.021978,50,0.966035,0.324364,0.421576,0.045256
5000,66,8,0.021978,37,0.908353,0.270312,0.423926,0.046021
5020,28,11,0.030556,38,0.991087,0.330227,0.392468,0.046511
5020,42,10,0.027778,37,0.966277,0.363568,0.395181,0.049293
5020,95,9,0.025,15,1.048721,0.308626,0.421889,0.056979
5020,16,8,0.022222,48,1.049952,0.33709,0.39272,0.05037
5020,27,8,0.022222,32,1.054088,0.380326,0.442446,0.042811
5020,53,8,0.022222,50,0.966035,0.324364,0.421576,0.045256
5020,66,8,0.022222,37,0.908353,0.270312,0.423926,0.046021
5020,91,8,0.022222,32,1.048782,0.319944,0.423852,0.051856
5040,28,11,0.030899,38,0.991087,0.330227,0.392468,0.046511
5040,42,10,0.02809,37,0.966277,0.363568,0.395181,0.049293
5040,53,9,0.025281,51,0.961553,0.322744,0.420404,0.044212
5040,95,9,0.025281,15,1.048721,0.308626,0.421889,0.056979
5040,16,8,0.022472,48,1.049952,0.33709,0.39272,0.05037
5040,91,8,0.022472,32,1.048782,0.319944,0.423852,0.051856
5040,17,7,0.019663,42,1.02324,0.300714,0.406747,0.049528
5040,27,7,0.019663,32,1.049545,0.384006,0.432404,0.043686
5060,28,12,0.032787,39,0.9895,0.329842,0.392648,0.04739
5060,42,10,0.027322,37,0.966277,0.363568,0.395181,0.049293
5060,53,9,0.02459,51,0.961553,0.322744,0.420404,0.044212
5060,95,9,0.02459,15,1.048721,0.308626,0.421889,0.056979
5060,16,8,0.021858,49,1.049459,0.333479,0.388649,0.053857
5060,82,8,0.021858,45,0.900518,0.330035,0.431352,0.049961
5060,91,8,0.021858,32,1.048782,0.319944,0.423852,0.051856
5060,27,7,0.019126,32,1.049545,0.384006,0.432404,0.043686
5080,28,12,0.033149,39,0.9895,0.329842,0.392648,0.04739
5080,42,9,0.024862,37,0.98212,0.360715,0.391649,0.050288
5080,53,9,0.024862,51,0.961553,0.322744,0.420404,0.044212
5080,82,9,0.024862,46,0.905096,0.330161,0.431568,0.049505
5080,95,9,0.024862,15,1.048721,0.308626,0.421889,0.056979
5080,16,8,0.022099,49,1.049459,0.333479,0.388649,0.053857
5080,91,8,0.022099,32,1.048782,0.319944,0.423852,0.051856
5080,27,7,0.019337,32,1.049545,0.384006,0.432404,0.043686
5100,28,12,0.032787,39,0.9895,0.329842,0.392648,0.04739
5100,53,9,0.02459,51,0.961553,0.322744,0.420404,0.044212
5100,82,9,0.02459,46,0.905096,0.330161,0.431568,0.049505
5100,95,9,0.02459,15,1.048721,0.308626,0.421889,0.056979
5100,42,8,0.021858,37,0.967969,0.361969,0.389913,0.051489
5100,75,8,0.021858,49,0.974973,0.346696,0.441193,0.055926
5100,91,8,0.021858,32,1.048782,0.319944,0.423852,0.051856
5100,16,7,0.019126,49,1.056082,0.333106,0.389461,0.054149
5120,28,12,0.032345,39,0.9895,0.329842,0.392648,0.04739
5120,53,10,0.026954,52,0.9639,0.320157,0.416986,0.044385
5120,82,9,0.024259,46,0.905096,0.330161,0.431568,0.049505
5120,95,9,0.024259,15,1.048721,0.308626,0.421889,0.056979
5120,42,8,0.021563,37,0.967969,0.361969,0.389913,0.051489
5120,75,8,0.021563,49,0.974973,0.346696,0.441193,0.055926
5120,91,8,0.021563,32,1.048782,0.319944,0.423852,0.051856
5120,5,7,0.018868,27,0.993576,0.317085,0.438186,0.037364
5140,28,11,0.030387,39,0.990878,0.327423,0.392258,0.047624
5140,53,10,0.027624,52,0.9639,0.320157,0.416986,0.044385
5140,82,10,0.027624,47,0.905838,0.33272,0.432846,0.04994
5140,95,9,0.024862,15,1.048721,0.308626,0.421889,0.056979
5140,42,8,0.022099,37,0.967969,0.361969,0.389913,0.051489
5140,75,8,0.022099,49,0.974973,0.346696,0.441193,0.055926
5140,91,8,0.022099,32,1.048782,0.319944,0.423852,0.051856
5140,5,7,0.019337,27,0.993576,0.317085,0.438186,0.037364
5160,28,10,0.027624,39,0.985176,0.324286,0.388827,0.047092
5160,82,10,0.027624,48,0.916865,0.329782,0.430055,0.048908
5160,53,9,0.024862,52,0.956411,0.319314,0.418982,0.044159
5160,91,9,0.024862,33,1.046013,0.322723,0.423377,0.05186
5160,95,9,0.024862,15,1.048721,0.308626,0.421889,0.056979
5160,42,8,0.022099,37,0.967969,0.361969,0.389913,0.051489
5160,75,8,0.022099,49,0.974973,0.346696,0.441193,0.055926
5160,27,7,0.019337,32,1.049545,0.384006,0.432404,0.043686
5180,28,10,0.027397,39,0.985176,0.324286,0.388827,0.047092
5180,82,10,0.027397,48,0.916865,0.329782,0.430055,0.048908
5180,53,9,0.024658,52,0.956411,0.319314,0.418982,0.044159
5180,91,9,0.024658,33,1.046013,0.322723,0.423377,0.05186
5180,95,9,0.024658,15,1.048721,0.308626,0.421889,0.056979
5180,42,8,0.021918,37,0.967969,0.361969,0.389913,0.051489
5180,75,8,0.021918,49,0.974973,0.346696,0.441193,0.055926
5180,27,7,0.019178,32,1.049545,0.384006,0.432404,0.043686
5200,28,10,0.027322,39,0.985176,0.324286,0.388827,0.047092
5200,82,10,0.027322,48,0.916865,0.329782,0.430055,0.048908
5200,53,9,0.02459,52,0.956411,0.319314,0.418982,0.044159
5200,91,9,0.02459,33,1.046013,0.322723,0.423377,0.05186
5200,42,8,0.021858,37,0.967969,0.361969,0.389913,0.051489
5200,95,8,0.021858,15,1.049415,0.311974,0.419017,0.056628
5200,27,7,0.019126,32,1.049545,0.384006,0.432404,0.043686
5200,32,7,0.019126,54,1.063455,0.324749,0.462236,0.062703
5220,28,10,0.0271,39,0.985176,0.324286,0.388827,0.047092
5220,53,9,0.02439,52,0.956411,0.319314,0.418982,0.044159
5220,82,9,0.02439,48,0.917512,0.331417,0.422946,0.047992
5220,27,8,0.02168,33,1.047732,0.379145,0.433591,0.04364
5220,42,8,0.02168,37,0.967969,0.361969,0.389913,0.051489
5220,91,8,0.02168,33,1.045464,0.325847,0.426462,0.050477
5220,95,8,0.02168,15,1.049415,0.311974,0.419017,0.056628
5220,32,7,0.01897,54,1.063455,0.324749,0.462236,0.062703
5240,28,9,0.023936,39,0.985251,0.319805,0.389902,0.047602
5240,53,9,0.023936,52,0.956411,0.319314,0.418982,0.044159
5240,82,9,0.023936,48,0.917512,0.331417,0.422946,0.047992
5240,91,9,0.023936,34,1.045361,0.32456,0.421045,0.050353
5240,27,8,0.021277,33,1.047732,0.379145,0.433591,0.04364
5240,42,8,0.021277,37,0.967969,0.361969,0.389913,0.051489
5240,73,8,0.021277,52,1.170021,0.348128,0.516113,0.04999
5240,90,8,0.021277,54,0.992183,0.326876,0.438223,0.046758
5260,28,9,0.024194,39,0.985251,0.319805,0.389902,0.047602
5260,53,9,0.024194,52,0.956411,0.319314,0.418982,0.044159
5260,82,9,0.024194,48,0.917512,0.331417,0.422946,0.047992
5260,91,9,0.024194,34,1.045361,0.32456,0.421045,0.050353
5260,27,8,0.021505,33,1.047732,0.379145,0.433591,0.04364
5260,42,8,0.021505,37,0.967969,0.361969,0.389913,0.051489
5260,73,8,0.021505,52,1.170021,0.348128,0.516113,0.04999
5260,90,8,0.021505,54,0.992183,0.326876,0.438223,0.046758
5280,28,9,0.024194,39,0.985251,0.319805,0.389902,0.047602
5280,53,9,0.024194,52,0.956411,0.319314,0.418982,0.044159
5280,82,9,0.024194,48,0.917512,0.331417,0.422946,0.047992
5280,91,9,0.024194,34,1.045361,0.32456,0.421045,0.050353
5280,95,9,0.024194,16,1.048456,0.31293,0.423036,0.056275
5280,42,8,0.021505,37,0.967969,0.361969,0.389913,0.051489
5280,90,8,0.021505,54,0.992183,0.326876,0.438223,0.046758
5280,8,7,0.018817,20,1.020601,0.332827,0.408318,0.062535
5300,28,9,0.024324,39,0.985251,0.319805,0.389902,0.047602
5300,53,9,0.024324,52,0.956411,0.319314,0.418982,0.044159
5300,91,9,0.024324,34,1.045361,0.32456,0.421045,0.050353
5300,95,9,0.024324,16,1.048456,0.31293,0.423036,0.056275
5300,8,8,0.021622,21,1.040737,0.330464,0.415762,0.061374
5300,27,8,0.021622,34,1.04698,0.373153,0.440965,0.042386
5300,42,8,0.021622,37,0.967969,0.361969,0.389913,0.051489
5300,82,8,0.021622,48,0.914486,0.331448,0.421652,0.048258
5320,28,9,0.023873,39,0.985251,0.319805,0.389902,0.047602
5320,53,9,0.023873,52,0.956411,0.319314,0.418982,0.044159
5320,91,9,0.023873,34,1.045361,0.32456,0.421045,0.050353
5320,95,9,0.023873,16,1.048456,0.31293,0.423036,0.056275
5320,8,8,0.02122,21,1.040737,0.330464,0.415762,0.061374
5320,27,8,0.02122,34,1.04698,0.373153,0.440965,0.042386
5320,42,8,0.02122,37,0.967969,0.361969,0.389913,0.051489
5320,66,8,0.02122,41,0.929228,0.263546,0.433336,0.046033
5340,28,9,0.023377,39,0.985251,0.319805,0.389902,0.047602
5340,53,9,0.023377,52,0.956411,0.319314,0.418982,0.044159
5340,66,9,0.023377,42,0.919948,0.2671,0.429738,0.046055
5340,91,9,0.023377,34,1.045361,0.32456,0.421045,0.050353
5340,95,9,0.023377,16,1.048456,0.31293,0.423036,0.056275
5340,8,8,0.020779,21,1.040737,0.330464,0.415762,0.061374
5340,17,8,0.020779,47,1.021092,0.304075,0.400613,0.049586
5340,18,8,0.020779,57,0.94883,0.288843,0.423834,0.055082
5360,53,10,0.02584,53,0.96349,0.320536,0.419712,0.044519
5360,8,9,0.023256,22,1.047765,0.330651,0.413634,0.062551
5360,66,9,0.023256,42,0.919948,0.2671,0.429738,0.046055
5360,91,9,0.023256,34,1.045361,0.32456,0.421045,0.050353
5360,95,9,0.023256,16,1.048456,0.31293,0.423036,0.056275
5360,16,8,0.020672,52,1.034742,0.327183,0.376624,0.053563
5360,18,8,0.020672,57,0.94883,0.288843,0.423834,0.055082
5360,27,8,0.020672,34,1.04698,0.373153,0.440965,0.042386
5380,53,10,0.026178,53,0.96349,0.320536,0.419712,0.044519
5380,91,9,0.02356,34,1.045361,0.32456,0.421045,0.050353
5380,95,9,0.02356,16,1.048456,0.31293,0.423036,0.056275
5380,8,8,0.020942,22,1.051136,0.327089,0.416916,0.062557
5380,16,8,0.020942,52,1.034742,0.327183,0.376624,0.053563
5380,18,8,0.020942,57,0.94883,0.288843,0.423834,0.055082
5380,27,8,0.020942,35,1.04952,0.367975,0.438478,0.042685
5380,28,8,0.020942,39,0.982528,0.325161,0.394458,0.047384
5400,53,9,0.023684,53,0.967689,0.32173,0.420678,0.045481
5400,91,9,0.023684,34,1.045361,0.32456,0.421045,0.050353
5400,95,9,0.023684,16,1.048456,0.31293,0.423036,0.056275
5400,8,8,0.021053,23,1.082017,0.322868,0.427232,0.060961
5400,28,8,0.021053,39,0.982528,0.325161,0.394458,0.047384
5400,33,8,0.021053,71,1.132397,0.296832,0.35709,0.045183
5400,42,8,0.021053,37,0.967969,0.361969,0.389913,0.051489
5400,56,8,0.021053,23,0.963087,0.359068,0.378601,0.047875
5420,53,10,0.026316,54,0.954884,0.328195,0.415062,0.046531
5420,56,9,0.023684,24,0.971873,0.358944,0.37733,0.047687
5420,95,9,0.023684,16,1.048456,0.31293,0.423036,0.056275
5420,5,8,0.021053,32,1.040068,0.313373,0.445069,0.038263
5420,8,8,0.021053,23,1.082017,0.322868,0.427232,0.060961
5420,28,8,0.021053,39,0.982528,0.325161,0.394458,0.047384
5420,33,8,0.021053,71,1.132397,0.296832,0.35709,0.045183
5420,42,8,0.021053,37,0.967969,0.361969,0.389913,0.051489
5440,53,10,0.027027,54,0.954884,0.328195,0.415062,0.046531
5440,28,9,0.024324,40,0.983267,0.320587,0.392076,0.048135
5440,56,9,0.024324,24,0.971873,0.358944,0.37733,0.047687
5440,5,8,0.021622,32,1.040068,0.313373,0.445069,0.038263
5440,42,8,0.021622,37,0.967969,0.361969,0.389913,0.051489
5440,66,8,0.021622,44,0.916927,0.271813,0.427299,0.045628
5440,91,8,0.021622,34,1.048048,0.322011,0.421228,0.05016
5440,95,8,0.021622,16,1.049415,0.311974,0.419017,0.056628
5460,53,10,0.0271,54,0.954884,0.328195,0.415062,0.046531
5460,28,9,0.02439,40,0.983267,0.320587,0.392076,0.048135
5460,56,9,0.02439,24,0.971873,0.358944,0.37733,0.047687
5460,33,8,0.02168,72,1.114618,0.298192,0.357179,0.045022
5460,42,8,0.02168,37,0.967969,0.361969,0.389913,0.051489
5460,66,8,0.02168,44,0.916927,0.271813,0.427299,0.045628
5460,91,8,0.02168,34,1.048048,0.322011,0.421228,0.05016
5460,95,8,0.02168,16,1.049415,0.311974,0.419017,0.056628
5480,53,10,0.026525,54,0.954884,0.328195,0.415062,0.046531
5480,56,10,0.026525,25,0.976734,0.362364,0.373033,0.048094
5480,28,9,0.023873,40,0.983267,0.320587,0.392076,0.048135
5480,8,8,0.02122,24,1.089316,0.324459,0.43344,0.05974
5480,17,8,0.02122,49,1.015051,0.30571,0.401028,0.051343
5480,42,8,0.02122,37,0.967969,0.361969,0.389913,0.051489
5480,66,8,0.02122,44,0.916927,0.271813,0.427299,0.045628
5480,82,8,0.02122,51,0.880901,0.342624,0.433653,0.04984
5500,53,10,0.02611,54,0.954884,0.328195,0.415062,0.046531
5500,56,10,0.02611,25,0.976734,0.362364,0.373033,0.048094
5500,66,10,0.02611,46,0.923774,0.26829,0.426376,0.046845
5500,28,9,0.023499,40,0.983267,0.320587,0.392076,0.048135
5500,8,8,0.020888,24,1.089316,0.324459,0.43344,0.05974
5500,17,8,0.020888,49,1.015051,0.30571,0.401028,0.051343
5500,42,8,0.020888,37,0.967969,0.361969,0.389913,0.051489
5500,82,8,0.020888,51,0.880901,0.342624,0.433653,0.04984
5520,53,10,0.025907,54,0.954884,0.328195,0.415062,0.046531
5520,56,10,0.025907,26,0.962881,0.358188,0.374503,0.047938
5520,66,10,0.025907,46,0.923774,0.26829,0.426376,0.046845
5520,28,9,0.023316,41,0.976575,0.32775,0.393058,0.047514
5520,8,8,0.020725,24,1.089316,0.324459,0.43344,0.05974
5520,16,8,0.020725,56,1.083729,0.336847,0.37597,0.049098
5520,42,8,0.020725,37,0.967969,0.361969,0.389913,0.051489
5520,82,8,0.020725,52,0.891731,0.340425,0.428297,0.048958
5540,53,10,0.026178,54,0.954884,0.328195,0.415062,0.046531
5540,56,10,0.026178,27,0.981197,0.364135,0.376693,0.047918
5540,66,10,0.026178,46,0.923774,0.26829,0.426376,0.046845
5540,28,9,0.02356,41,0.976575,0.32775,0.393058,0.047514
5540,16,8,0.020942,56,1.083729,0.336847,0.37597,0.049098
5540,27,8,0.020942,38,1.062591,0.359133,0.445608,0.039496
5540,32,8,0.020942,59,1.051342,0.334152,0.43946,0.059572
5540,42,8,0.020942,37,0.967969,0.361969,0.389913,0.051489
5560,53,10,0.026178,54,0.954884,0.328195,0.415062,0.046531
5560,56,10,0.026178,27,0.981197,0.364135,0.376693,0.047918
5560,66,10,0.026178,46,0.923774,0.26829,0.426376,0.046845
5560,28,9,0.02356,41,0.976575,0.32775,0.393058,0.047514
5560,16,8,0.020942,56,1.083729,0.336847,0.37597,0.049098
5560,27,8,0.020942,38,1.062591,0.359133,0.445608,0.039496
5560,32,8,0.020942,59,1.051342,0.334152,0.43946,0.059572
5560,42,8,0.020942,37,0.967969,0.361969,0.389913,0.051489
5580,66,11,0.028646,47,0.920616,0.268835,0.428875,0.046447
5580,53,10,0.026042,54,0.954884,0.328195,0.415062,0.046531
5580,56,10,0.026042,27,0.981197,0.364135,0.376693,0.047918
5580,28,9,0.023438,41,0.976575,0.32775,0.393058,0.047514
5580,91,9,0.023438,35,1.043259,0.321878,0.417699,0.051313
5580,16,8,0.020833,56,1.083729,0.336847,0.37597,0.049098
5580,27,8,0.020833,38,1.062591,0.359133,0.445608,0.039496
5580,42,8,0.020833,37,0.967969,0.361969,0.389913,0.051489
5600,66,11,0.028646,47,0.920616,0.268835,0.428875,0.046447
5600,56,10,0.026042,27,0.981197,0.364135,0.376693,0.047918
5600,28,9,0.023438,41,0.976575,0.32775,0.393058,0.047514
5600,53,9,0.023438,54,0.955599,0.332698,0.409475,0.046353
5600,82,9,0.023438,54,0.899442,0.339074,0.432114,0.049015
5600,91,9,0.023438,35,1.043259,0.321878,0.417699,0.051313
5600,16,8,0.020833,57,1.076381,0.3352,0.379463,0.048618
5600,42,8,0.020833,37,0.967969,0.361969,0.389913,0.051489
5620,28,10,0.025907,42,0.976618,0.324122,0.394689,0.04741
5620,56,10,0.025907,27,0.981197,0.364135,0.376693,0.047918
5620,42,9,0.023316,38,0.95413,0.368664,0.390422,0.051662
5620,53,9,0.023316,54,0.955599,0.332698,0.409475,0.046353
5620,66,9,0.023316,47,0.919774,0.270025,0.429064,0.046597
5620,82,9,0.023316,54,0.899442,0.339074,0.432114,0.049015
5620,91,9,0.023316,35,1.043259,0.321878,0.417699,0.051313
5620,5,8,0.020725,33,1.037421,0.31577,0.44847,0.038218
5640,28,10,0.025907,42,0.976618,0.324122,0.394689,0.04741
5640,56,10,0.025907,27,0.981197,0.364135,0.376693,0.047918
5640,42,9,0.023316,38,0.95413,0.368664,0.390422,0.051662
5640,82,9,0.023316,54,0.899442,0.339074,0.432114,0.049015
5640,91,9,0.023316,35,1.043259,0.321878,0.417699,0.051313
5640,5,8,0.020725,33,1.037421,0.31577,0.44847,0.038218
5640,32,8,0.020725,60,1.027208,0.33927,0.435942,0.057787
5640,43,8,0.020725,61,1.032039,0.306737,0.380436,0.055612
5660,28,10,0.025707,42,0.976618,0.324122,0.394689,0.04741
5660,56,10,0.025707,27,0.981197,0.364135,0.376693,0.047918
5660,82,10,0.025707,55,0.903919,0.335789,0.425816,0.049576
5660,91,10,0.025707,36,1.043369,0.322196,0.418293,0.051105
5660,42,9,0.023136,38,0.95413,0.368664,0.390422,0.051662
5660,66,9,0.023136,48,0.934472,0.269183,0.434867,0.045236
5660,5,8,0.020566,33,1.037421,0.31577,0.44847,0.038218
5660,8,8,0.020566,26,1.065936,0.320471,0.433645,0.056868
5680,91,11,0.028351,37,1.041054,0.319073,0.423399,0.049596
5680,28,10,0.025773,42,0.976618,0.324122,0.394689,0.04741
5680,56,10,0.025773,27,0.981197,0.364135,0.376693,0.047918
5680,82,10,0.025773,55,0.903919,0.335789,0.425816,0.049576
5680,42,9,0.023196,38,0.95413,0.368664,0.390422,0.051662
5680,66,9,0.023196,48,0.934472,0.269183,0.434867,0.045236
5680,8,8,0.020619,26,1.065936,0.320471,0.433645,0.056868
5680,53,8,0.020619,54,0.951921,0.337177,0.412381,0.046404
5700,91,12,0.030928,38,1.046745,0.31698,0.429236,0.048268
5700,28,10,0.025773,42,0.976618,0.324122,0.394689,0.04741
5700,56,10,0.025773,27,0.981197,0.364135,0.376693,0.047918
5700,82,10,0.025773,55,0.903919,0.335789,0.425816,0.049576
5700,42,9,0.023196,38,0.95413,0.368664,0.390422,0.051662
5700,53,9,0.023196,55,0.953137,0.332338,0.413386,0.045237
5700,66,9,0.023196,48,0.934472,0.269183,0.434867,0.045236
5700,90,9,0.023196,59,0.974448,0.323809,0.427978,0.043297
5720,91,11,0.028721,38,1.046945,0.317227,0.433921,0.048169
5720,28,10,0.02611,42,0.976618,0.324122,0.394689,0.04741
5720,56,10,0.02611,27,0.981197,0.364135,0.376693,0.047918
5720,90,10,0.02611,60,0.984176,0.329656,0.428,0.042599
5720,42,9,0.023499,38,0.95413,0.368664,0.390422,0.051662
5720,53,9,0.023499,55,0.953137,0.332338,0.413386,0.045237
5720,66,9,0.023499,48,0.934472,0.269183,0.434867,0.045236
5720,82,9,0.023499,55,0.909397,0.332969,0.420739,0.049308
5740,91,12,0.030612,39,1.050963,0.316966,0.439503,0.0467
5740,28,10,0.02551,42,0.976618,0.324122,0.394689,0.04741
5740,56,10,0.02551,27,0.981197,0.364135,0.376693,0.047918
5740,66,10,0.02551,49,0.933567,0.267796,0.437705,0.044798
5740,90,10,0.02551,60,0.984176,0.329656,0.428,0.042599
5740,8,9,0.022959,27,1.084184,0.318247,0.441071,0.05624
5740,42,9,0.022959,38,0.95413,0.368664,0.390422,0.051662
5740,53,9,0.022959,55,0.953137,0.332338,0.413386,0.045237
5760,91,12,0.030151,39,1.050963,0.316966,0.439503,0.0467
5760,28,10,0.025126,42,0.976618,0.324122,0.394689,0.04741
5760,66,10,0.025126,49,0.933567,0.267796,0.437705,0.044798
5760,90,10,0.025126,60,0.984176,0.329656,0.428,0.042599
5760,8,9,0.022613,27,1.084184,0.318247,0.441071,0.05624
5760,42,9,0.022613,38,0.95413,0.368664,0.390422,0.051662
5760,56,9,0.022613,27,0.987388,0.368852,0.376207,0.047942
5760,82,9,0.022613,55,0.909397,0.332969,0.420739,0.049308
5780,91,12,0.030227,40,1.048235,0.31444,0.445803,0.044211
5780,90,10,0.025189,60,0.984176,0.329656,0.428,0.042599
5780,8,9,0.02267,27,1.084184,0.318247,0.441071,0.05624
5780,28,9,0.02267,42,0.982074,0.320734,0.394878,0.047865
5780,42,9,0.02267,38,0.95413,0.368664,0.390422,0.051662
5780,53,9,0.02267,57,0.951918,0.3211,0.411337,0.046907
5780,56,9,0.02267,27,0.987388,0.368852,0.376207,0.047942
5780,66,9,0.02267,49,0.932244,0.270244,0.439052,0.043371
5800,91,12,0.030151,40,1.048235,0.31444,0.445803,0.044211
5800,90,10,0.025126,60,0.984176,0.329656,0.428,0.042599
5800,28,9,0.022613,42,0.982074,0.320734,0.394878,0.047865
5800,42,9,0.022613,38,0.95413,0.368664,0.390422,0.051662
5800,53,9,0.022613,57,0.951918,0.3211,0.411337,0.046907
5800,56,9,0.022613,27,0.987388,0.368852,0.376207,0.047942
5800,66,9,0.022613,49,0.932244,0.270244,0.439052,0.043371
5800,82,9,0.022613,55,0.909397,0.332969,0.420739,0.049308
5820,91,12,0.02963,40,1.048235,0.31444,0.445803,0.044211
5820,90,10,0.024691,60,0.984176,0.329656,0.428,0.042599
5820,28,9,0.022222,42,0.982074,0.320734,0.394878,0.047865
5820,42,9,0.022222,38,0.95413,0.368664,0.390422,0.051662
5820,53,9,0.022222,57,0.951918,0.3211,0.411337,0.046907
5820,56,9,0.022222,27,0.987388,0.368852,0.376207,0.047942
5820,66,9,0.022222,50,0.946346,0.26948,0.439397,0.043197
5820,72,9,0.022222,45,0.987019,0.364025,0.472327,0.049426
5840,91,12,0.029412,40,1.048235,0.31444,0.445803,0.044211
5840,53,11,0.026961,59,0.959162,0.31584,0.409847,0.046276
5840,66,10,0.02451,51,0.95089,0.270157,0.438815,0.042538
5840,90,10,0.02451,61,0.992679,0.332083,0.42213,0.043321
5840,8,9,0.022059,28,1.114797,0.32057,0.449694,0.056746
5840,42,9,0.022059,38,0.95413,0.368664,0.390422,0.051662
5840,56,9,0.022059,27,0.987388,0.368852,0.376207,0.047942
5840,72,9,0.022059,45,0.987019,0.364025,0.472327,0.049426
5860,53,12,0.02963,60,0.961821,0.3137,0.412834,0.0459
5860,91,12,0.02963,40,1.048235,0.31444,0.445803,0.044211
5860,8,9,0.022222,28,1.114797,0.32057,0.449694,0.056746
5860,42,9,0.022222,38,0.95413,0.368664,0.390422,0.051662
5860,56,9,0.022222,27,0.987388,0.368852,0.376207,0.047942
5860,66,9,0.022222,51,0.947879,0.26818,0.437219,0.043488
5860,72,9,0.022222,45,0.987019,0.364025,0.472327,0.049426
5860,90,9,0.022222,61,0.999805,0.332695,0.422895,0.043213
5880,91,12,0.030151,40,1.048235,0.31444,0.445803,0.044211
5880,53,10,0.025126,60,0.959463,0.316814,0.412832,0.045013
5880,56,10,0.025126,28,0.989122,0.372191,0.37581,0.047732
5880,95,10,0.025126,18,1.034185,0.317633,0.414483,0.057043
5880,42,9,0.022613,38,0.95413,0.368664,0.390422,0.051662
5880,8,8,0.020101,28,1.128374,0.322882,0.454543,0.057467
5880,18,8,0.020101,61,0.944253,0.304532,0.430665,0.055874
5880,27,8,0.020101,41,1.049575,0.353598,0.445252,0.039599
5900,91,13,0.032178,41,1.051373,0.313413,0.442569,0.044945
5900,53,10,0.024752,60,0.959463,0.316814,0.412832,0.045013
5900,56,10,0.024752,28,0.989122,0.372191,0.37581,0.047732
5900,95,10,0.024752,18,1.034185,0.317633,0.414483,0.057043
5900,42,9,0.022277,38,0.95413,0.368664,0.390422,0.051662
5900,66,9,0.022277,52,0.960757,0.27031,0.434887,0.044079
5900,8,8,0.019802,28,1.128374,0.322882,0.454543,0.057467
5900,27,8,0.019802,41,1.049575,0.353598,0.445252,0.039599
5920,91,15,0.036946,43,1.06332,0.314705,0.444923,0.044723
5920,53,11,0.027094,62,0.967913,0.306088,0.418354,0.044227
5920,95,10,0.024631,18,1.034185,0.317633,0.414483,0.057043
5920,42,9,0.022167,38,0.95413,0.368664,0.390422,0.051662
5920,56,9,0.022167,28,0.983831,0.37074,0.374937,0.048136
5920,66,9,0.022167,52,0.960757,0.27031,0.434887,0.044079
5920,72,9,0.022167,46,0.970814,0.359447,0.478309,0.050467
5920,4,8,0.019704,30,0.909805,0.326028,0.367884,0.043183
5940,91,15,0.037594,43,1.06332,0.314705,0.444923,0.044723
5940,53,11,0.027569,62,0.967913,0.306088,0.418354,0.044227
5940,56,10,0.025063,29,0.990403,0.380909,0.370469,0.047819
5940,95,10,0.025063,18,1.034185,0.317633,0.414483,0.057043
5940,27,9,0.022556,42,1.045114,0.364572,0.438205,0.041234
5940,42,9,0.022556,38,0.95413,0.368664,0.390422,0.051662
5940,28,8,0.02005,42,0.982708,0.324391,0.393066,0.048038
5940,32,8,0.02005,63,1.01298,0.345359,0.408936,0.05495
5960,91,15,0.038363,43,1.06332,0.314705,0.444923,0.044723
5960,53,11,0.028133,62,0.967913,0.306088,0.418354,0.044227
5960,95,10,0.025575,18,1.034185,0.317633,0.414483,0.057043
5960,27,9,0.023018,42,1.045114,0.364572,0.438205,0.041234
5960,56,9,0.023018,29,0.988627,0.378795,0.369618,0.048142
5960,28,8,0.02046,42,0.982708,0.324391,0.393066,0.048038
5960,32,8,0.02046,63,1.01298,0.345359,0.408936,0.05495
5960,42,8,0.02046,38,0.967969,0.361969,0.389913,0.051489
5980,91,15,0.037688,43,1.06332,0.314705,0.444923,0.044723
5980,53,11,0.027638,62,0.967913,0.306088,0.418354,0.044227
5980,95,10,0.025126,18,1.034185,0.317633,0.414483,0.057043
5980,56,9,0.022613,29,0.988627,0.378795,0.369618,0.048142
5980,66,9,0.022613,53,0.963587,0.271193,0.439136,0.044802
5980,8,8,0.020101,29,1.089208,0.323585,0.430463,0.059598
5980,27,8,0.020101,42,1.047146,0.370814,0.433292,0.041562
5980,28,8,0.020101,42,0.982708,0.324391,0.393066,0.048038
6000,91,16,0.04,44,1.055566,0.315093,0.443426,0.044957
6000,53,11,0.0275,62,0.967913,0.306088,0.418354,0.044227
6000,66,10,0.025,54,0.968205,0.270789,0.438501,0.045631
6000,95,10,0.025,18,1.034185,0.317633,0.414483,0.057043
6000,56,9,0.0225,29,0.988627,0.378795,0.369618,0.048142
6000,3,8,0.02,42,1.087304,0.314256,0.376492,0.047135
6000,8,8,0.02,29,1.089208,0.323585,0.430463,0.059598
6000,27,8,0.02,42,1.047146,0.370814,0.433292,0.041562
6020,91,16,0.040302,44,1.055566,0.315093,0.443426,0.044957
6020,53,10,0.025189,62,0.969948,0.308412,0.419908,0.044256
6020,66,10,0.025189,54,0.968205,0.270789,0.438501,0.045631
6020,28,9,0.02267,43,0.98391,0.328873,0.3929,0.046993
6020,56,9,0.02267,29,0.988627,0.378795,0.369618,0.048142
6020,5,8,0.020151,38,1.040856,0.320028,0.449393,0.038414
6020,27,8,0.020151,43,1.045778,0.379606,0.43333,0.041034
6020,42,8,0.020151,38,0.967969,0.361969,0.389913,0.051489
6040,91,16,0.040404,44,1.055566,0.315093,0.443426,0.044957
6040,53,11,0.027778,63,0.9705,0.30732,0.422609,0.044096
6040,28,9,0.022727,43,0.98391,0.328873,0.3929,0.046993
6040,66,9,0.022727,54,0.964596,0.271894,0.439982,0.046208
6040,5,8,0.020202,38,1.040856,0.320028,0.449393,0.038414
6040,42,8,0.020202,38,0.967969,0.361969,0.389913,0.051489
6040,56,8,0.020202,29,0.996728,0.383172,0.368923,0.047406
6040,72,8,0.020202,47,0.966511,0.364575,0.478458,0.050656
6060,91,15,0.037783,44,1.053335,0.316027,0.446071,0.044371
6060,53,11,0.027708,63,0.9705,0.30732,0.422609,0.044096
6060,28,9,0.02267,43,0.98391,0.328873,0.3929,0.046993
6060,66,9,0.02267,54,0.964596,0.271894,0.439982,0.046208
6060,42,8,0.020151,38,0.967969,0.361969,0.389913,0.051489
6060,56,8,0.020151,29,0.996728,0.383172,0.368923,0.047406
6060,72,8,0.020151,47,0.966511,0.364575,0.478458,0.050656
6060,82,8,0.020151,58,0.890633,0.338821,0.430299,0.051335
6080,91,15,0.0375,44,1.053335,0.316027,0.446071,0.044371
6080,53,10,0.025,63,0.963953,0.307903,0.424523,0.044212
6080,82,10,0.025,60,0.892268,0.335459,0.429245,0.049968
6080,28,9,0.0225,43,0.98391,0.328873,0.3929,0.046993
6080,56,9,0.0225,30,0.992725,0.385651,0.368509,0.047195
6080,66,9,0.0225,54,0.964596,0.271894,0.439982,0.046208
6080,11,8,0.02,14,1.096413,0.310603,0.382088,0.053835
6080,42,8,0.02,38,0.967969,0.361969,0.389913,0.051489
6100,91,15,0.036946,44,1.053335,0.316027,0.446071,0.044371
6100,53,11,0.027094,64,0.969048,0.304789,0.426037,0.043462
6100,28,10,0.024631,44,0.978327,0.329544,0.392095,0.047885
6100,66,10,0.024631,55,0.9604,0.270931,0.441294,0.046196
6100,82,10,0.024631,60,0.892268,0.335459,0.429245,0.049968
6100,56,9,0.022167,30,0.992725,0.385651,0.368509,0.047195
6100,11,8,0.019704,14,1.096413,0.310603,0.382088,0.053835
6100,16,8,0.019704,63,1.04148,0.355403,0.373242,0.052652
6120,91,15,0.037221,44,1.053335,0.316027,0.446071,0.044371
6120,53,12,0.029777,65,0.957269,0.311597,0.42611,0.044849
6120,28,10,0.024814,44,0.978327,0.329544,0.392095,0.047885
6120,66,10,0.024814,55,0.9604,0.270931,0.441294,0.046196
6120,82,10,0.024814,60,0.892268,0.335459,0.429245,0.049968
6120,56,9,0.022333,30,0.992725,0.385651,0.368509,0.047195
6120,72,9,0.022333,48,0.966934,0.364002,0.473107,0.050011
6120,5,8,0.019851,39,1.038587,0.323954,0.445494,0.036234
6140,91,15,0.036946,44,1.053335,0.316027,0.446071,0.044371
6140,53,12,0.029557,65,0.957269,0.311597,0.42611,0.044849
6140,28,10,0.024631,44,0.978327,0.329544,0.392095,0.047885
6140,66,10,0.024631,55,0.9604,0.270931,0.441294,0.046196
6140,56,9,0.022167,32,0.98869,0.37801,0.367601,0.0497
6140,72,9,0.022167,48,0.966934,0.364002,0.473107,0.050011
6140,82,9,0.022167,60,0.89667,0.331977,0.424538,0.048392
6140,5,8,0.019704,39,1.038587,0.323954,0.445494,0.036234
6160,91,14,0.034739,44,1.047369,0.318417,0.443032,0.045357
6160,53,12,0.029777,65,0.957269,0.311597,0.42611,0.044849
6160,28,10,0.024814,44,0.978327,0.329544,0.392095,0.047885
6160,66,10,0.024814,55,0.9604,0.270931,0.441294,0.046196
6160,82,10,0.024814,61,0.88461,0.328426,0.427962,0.048232
6160,56,9,0.022333,32,0.98869,0.37801,0.367601,0.0497
6160,72,9,0.022333,48,0.966934,0.364002,0.473107,0.050011
6160,27,8,0.019851,44,1.041221,0.39037,0.424271,0.041357
6180,91,14,0.034653,44,1.047369,0.318417,0.443032,0.045357
6180,53,13,0.032178,66,0.958134,0.310933,0.423845,0.043815
6180,28,10,0.024752,44,0.978327,0.329544,0.392095,0.047885
6180,66,10,0.024752,55,0.9604,0.270931,0.441294,0.046196
6180,56,9,0.022277,32,0.98869,0.37801,0.367601,0.0497
6180,72,9,0.022277,49,0.965107,0.359883,0.467567,0.051631
6180,82,9,0.022277,61,0.888565,0.324552,0.425155,0.047812
6180,90,9,0.022277,65,0.991984,0.328742,0.420767,0.041208
6200,91,13,0.031941,44,1.047725,0.320627,0.442731,0.045938
6200,53,12,0.029484,66,0.956644,0.312145,0.421697,0.043925
6200,66,11,0.027027,56,0.959366,0.271277,0.44532,0.045849
6200,28,10,0.02457,44,0.978327,0.329544,0.392095,0.047885
6200,56,10,0.02457,33,0.990696,0.374832,0.366436,0.050018
6200,72,9,0.022113,49,0.965107,0.359883,0.467567,0.051631
6200,82,9,0.022113,62,0.888658,0.321284,0.425891,0.046856
6200,90,9,0.022113,65,0.991984,0.328742,0.420767,0.041208
6220,53,12,0.02963,66,0.956644,0.312145,0.421697,0.043925
6220,91,12,0.02963,44,1.056764,0.320604,0.444544,0.045727
6220,28,10,0.024691,44,0.978327,0.329544,0.392095,0.047885
6220,56,10,0.024691,33,0.990696,0.374832,0.366436,0.050018
6220,66,10,0.024691,56,0.956123,0.27078,0.446495,0.046774
6220,72,9,0.022222,49,0.965107,0.359883,0.467567,0.051631
6220,82,9,0.022222,62,0.888658,0.321284,0.425891,0.046856
6220,4,8,0.019753,35,0.903771,0.3189,0.379114,0.044247
6240,53,13,0.031707,67,0.956228,0.310719,0.421442,0.043189
6240,91,12,0.029268,44,1.056764,0.320604,0.444544,0.045727
6240,28,11,0.026829,45,0.97615,0.333452,0.389942,0.047998
6240,56,10,0.02439,33,0.990696,0.374832,0.366436,0.050018
6240,66,10,0.02439,56,0.956123,0.27078,0.446495,0.046774
6240,72,9,0.021951,49,0.965107,0.359883,0.467567,0.051631
6240,82,9,0.021951,62,0.888658,0.321284,0.425891,0.046856
6240,95,9,0.021951,20,1.039379,0.333601,0.409727,0.054166
6260,53,12,0.029197,67,0.950915,0.313808,0.419797,0.043792
6260,91,12,0.029197,44,1.056764,0.320604,0.444544,0.045727
6260,28,11,0.026764,45,0.97615,0.333452,0.389942,0.047998
6260,56,10,0.024331,33,0.990696,0.374832,0.366436,0.050018
6260,66,10,0.024331,56,0.956123,0.27078,0.446495,0.046774
6260,72,9,0.021898,49,0.965107,0.359883,0.467567,0.051631
6260,82,9,0.021898,62,0.888658,0.321284,0.425891,0.046856
6260,4,8,0.019465,35,0.903771,0.3189,0.379114,0.044247
6280,53,12,0.02934,67,0.950915,0.313808,0.419797,0.043792
6280,91,12,0.02934,44,1.056764,0.320604,0.444544,0.045727
6280,28,10,0.02445,45,0.974413,0.330324,0.389779,0.048934
6280,56,10,0.02445,34,0.986244,0.381771,0.368077,0.049084
6280,66,9,0.022005,56,0.950162,0.271182,0.448017,0.046071
6280,82,9,0.022005,62,0.888658,0.321284,0.425891,0.046856
6280,95,9,0.022005,21,1.044027,0.339955,0.408873,0.054143
6280,4,8,0.01956,35,0.903771,0.3189,0.379114,0.044247
6300,91,12,0.02934,44,1.056764,0.320604,0.444544,0.045727
6300,53,11,0.026895,67,0.947264,0.315958,0.417443,0.043976
6300,28,10,0.02445,45,0.974413,0.330324,0.389779,0.048934
6300,56,9,0.022005,34,0.983857,0.382366,0.368396,0.04686
6300,66,9,0.022005,56,0.950162,0.271182,0.448017,0.046071
6300,72,9,0.022005,50,0.95803,0.361326,0.471982,0.051647
6300,90,9,0.022005,68,1.00888,0.330911,0.42053,0.043287
6300,95,9,0.022005,21,1.044027,0.339955,0.408873,0.054143
6320,91,12,0.028986,44,1.056764,0.320604,0.444544,0.045727
6320,28,11,0.02657,46,0.972935,0.327414,0.386239,0.049374
6320,53,11,0.02657,67,0.947264,0.315958,0.417443,0.043976
6320,56,9,0.021739,34,0.983857,0.382366,0.368396,0.04686
6320,66,9,0.021739,56,0.950162,0.271182,0.448017,0.046071
6320,90,9,0.021739,68,1.00888,0.330911,0.42053,0.043287
6320,95,9,0.021739,21,1.044027,0.339955,0.408873,0.054143
6320,5,8,0.019324,41,1.040057,0.325568,0.438845,0.034215
6340,91,12,0.029412,44,1.056764,0.320604,0.444544,0.045727
6340,28,11,0.026961,46,0.972935,0.327414,0.386239,0.049374
6340,53,11,0.026961,67,0.947264,0.315958,0.417443,0.043976
6340,56,10,0.02451,35,0.984902,0.381234,0.372356,0.047066
6340,75,9,0.022059,61,0.983853,0.348849,0.441545,0.058735
6340,90,9,0.022059,68,1.00888,0.330911,0.42053,0.043287
6340,95,9,0.022059,21,1.044027,0.339955,0.408873,0.054143
6340,42,8,0.019608,38,0.967969,0.361969,0.389913,0.051489
6360,53,12,0.028916,68,0.957736,0.319418,0.41393,0.043926
6360,91,12,0.028916,44,1.056764,0.320604,0.444544,0.045727
6360,28,11,0.026506,46,0.972935,0.327414,0.386239,0.049374
6360,56,10,0.024096,35,0.984902,0.381234,0.372356,0.047066
6360,5,9,0.021687,43,1.037812,0.327997,0.437474,0.033594
6360,75,9,0.021687,61,0.983853,0.348849,0.441545,0.058735
6360,90,9,0.021687,68,1.00888,0.330911,0.42053,0.043287
6360,95,9,0.021687,21,1.044027,0.339955,0.408873,0.054143
6380,53,12,0.028846,68,0.957736,0.319418,0.41393,0.043926
6380,91,12,0.028846,44,1.056764,0.320604,0.444544,0.045727
6380,28,11,0.026442,46,0.972935,0.327414,0.386239,0.049374
6380,56,10,0.024038,35,0.984902,0.381234,0.372356,0.047066
6380,5,9,0.021635,43,1.037812,0.327997,0.437474,0.033594
6380,66,9,0.021635,57,0.93604,0.27143,0.448921,0.046031
6380,75,9,0.021635,61,0.983853,0.348849,0.441545,0.058735
6380,90,9,0.021635,68,1.00888,0.330911,0.42053,0.043287
6400,53,12,0.029056,68,0.957736,0.319418,0.41393,0.043926
6400,91,12,0.029056,44,1.056764,0.320604,0.444544,0.045727
6400,28,10,0.024213,46,0.977421,0.326597,0.386378,0.048721
6400,56,10,0.024213,36,0.987457,0.386187,0.372855,0.04561
6400,5,9,0.021792,43,1.037812,0.327997,0.437474,0.033594
6400,66,9,0.021792,57,0.93604,0.27143,0.448921,0.046031
6400,95,9,0.021792,21,1.044027,0.339955,0.408873,0.054143
6400,8,8,0.01937,32,1.023363,0.329581,0.409278,0.062633
6420,91,14,0.033573,46,1.060186,0.318019,0.449361,0.043892
6420,53,12,0.028777,68,0.957736,0.319418,0.41393,0.043926
6420,28,10,0.023981,46,0.977421,0.326597,0.386378,0.048721
6420,56,10,0.023981,36,0.987457,0.386187,0.372855,0.04561
6420,5,9,0.021583,43,1.037812,0.327997,0.437474,0.033594
6420,66,9,0.021583,57,0.93604,0.27143,0.448921,0.046031
6420,90,9,0.021583,69,1.019041,0.3349,0.41854,0.042349
6420,8,8,0.019185,32,1.023363,0.329581,0.409278,0.062633
6440,91,15,0.035971,47,1.052044,0.318069,0.445244,0.044416
6440,53,11,0.026379,68,0.957902,0.321821,0.414491,0.043585
6440,28,10,0.023981,46,0.977421,0.326597,0.386378,0.048721
6440,66,10,0.023981,58,0.9352,0.271627,0.446503,0.045896
6440,5,9,0.021583,43,1.037812,0.327997,0.437474,0.033594
6440,56,9,0.021583,36,0.983787,0.385414,0.377133,0.044926
6440,72,9,0.021583,51,0.943996,0.366052,0.466746,0.050176
6440,90,9,0.021583,69,1.019041,0.3349,0.41854,0.042349
6460,91,15,0.036058,47,1.052044,0.318069,0.445244,0.044416
6460,53,11,0.026442,68,0.957902,0.321821,0.414491,0.043585
6460,66,11,0.026442,59,0.936015,0.271299,0.444578,0.045994
6460,5,10,0.024038,44,1.042531,0.328765,0.436888,0.034095
6460,28,10,0.024038,46,0.977421,0.326597,0.386378,0.048721
6460,56,10,0.024038,37,0.980172,0.38773,0.377006,0.0451
6460,90,9,0.021635,69,1.019041,0.3349,0.41854,0.042349
6460,3,8,0.019231,46,1.082424,0.305446,0.370131,0.048291
6480,91,15,0.036408,47,1.052044,0.318069,0.445244,0.044416
6480,53,11,0.026699,68,0.957902,0.321821,0.414491,0.043585
6480,5,10,0.024272,44,1.042531,0.328765,0.436888,0.034095
6480,56,10,0.024272,37,0.980172,0.38773,0.377006,0.0451
6480,28,9,0.021845,46,0.97998,0.321494,0.388374,0.048676
6480,66,9,0.021845,59,0.935746,0.272695,0.437948,0.046966
6480,8,8,0.019417,32,1.023363,0.329581,0.409278,0.062633
6480,42,8,0.019417,38,0.967969,0.361969,0.389913,0.051489
6500,91,15,0.036496,47,1.052044,0.318069,0.445244,0.044416
6500,53,11,0.026764,68,0.957902,0.321821,0.414491,0.043585
6500,5,10,0.024331,44,1.042531,0.328765,0.436888,0.034095
6500,56,10,0.024331,37,0.980172,0.38773,0.377006,0.0451
6500,28,9,0.021898,46,0.97998,0.321494,0.388374,0.048676
6500,66,9,0.021898,59,0.935746,0.272695,0.437948,0.046966
6500,8,8,0.019465,32,1.023363,0.329581,0.409278,0.062633
6500,42,8,0.019465,38,0.967969,0.361969,0.389913,0.051489
6520,91,13,0.031477,47,1.055261,0.319857,0.444658,0.044808
6520,53,11,0.026634,68,0.957902,0.321821,0.414491,0.043585
6520,56,11,0.026634,38,0.977532,0.392681,0.374988,0.044742
6520,66,10,0.024213,60,0.93494,0.272786,0.440784,0.047674
6520,5,9,0.021792,44,1.038795,0.330038,0.437412,0.033388
6520,28,9,0.021792,46,0.97998,0.321494,0.388374,0.048676
6520,82,9,0.021792,65,0.896304,0.322649,0.426937,0.047131
6520,8,8,0.01937,32,1.023363,0.329581,0.409278,0.062633
6540,91,13,0.03202,47,1.055261,0.319857,0.444658,0.044808
6540,53,11,0.027094,68,0.957902,0.321821,0.414491,0.043585
6540,56,10,0.024631,38,0.971855,0.392373,0.376393,0.045385
6540,5,9,0.022167,44,1.038795,0.330038,0.437412,0.033388
6540,28,9,0.022167,46,0.97998,0.321494,0.388374,0.048676
6540,66,9,0.022167,60,0.932758,0.273329,0.438957,0.047616
6540,8,8,0.019704,32,1.023363,0.329581,0.409278,0.062633
6540,32,8,0.019704,70,0.99277,0.327373,0.407995,0.056909
6560,91,13,0.031785,47,1.055261,0.319857,0.444658,0.044808
6560,53,11,0.026895,69,0.958705,0.323248,0.412313,0.043173
6560,56,10,0.02445,38,0.971855,0.392373,0.376393,0.045385
6560,66,10,0.02445,61,0.933149,0.273675,0.436706,0.047831
6560,5,9,0.022005,45,1.038302,0.332038,0.432446,0.032415
6560,28,9,0.022005,46,0.97998,0.321494,0.388374,0.048676
6560,42,9,0.022005,39,0.948506,0.365961,0.394715,0.050403
6560,72,9,0.022005,52,0.955822,0.367896,0.474211,0.051616
6580,91,13,0.031941,47,1.055261,0.319857,0.444658,0.044808
6580,53,11,0.027027,69,0.958705,0.323248,0.412313,0.043173
6580,56,11,0.027027,39,0.970699,0.39376,0.378034,0.045493
6580,66,10,0.02457,61,0.933149,0.273675,0.436706,0.047831
6580,32,9,0.022113,71,0.990906,0.330425,0.405773,0.056202
6580,42,9,0.022113,39,0.948506,0.365961,0.394715,0.050403
6580,72,9,0.022113,52,0.955822,0.367896,0.474211,0.051616
6580,5,8,0.019656,45,1.045286,0.330818,0.432567,0.032384
6600,91,13,0.03202,47,1.055261,0.319857,0.444658,0.044808
6600,53,11,0.027094,69,0.958705,0.323248,0.412313,0.043173
6600,66,10,0.024631,62,0.922985,0.272996,0.442886,0.048026
6600,42,9,0.022167,39,0.948506,0.365961,0.394715,0.050403
6600,56,9,0.022167,39,0.97184,0.394858,0.37489,0.045859
6600,72,9,0.022167,52,0.955822,0.367896,0.474211,0.051616
6600,82,9,0.022167,66,0.924868,0.321164,0.420438,0.047232
6600,8,8,0.019704,32,1.023363,0.329581,0.409278,0.062633
6620,91,13,0.031785,47,1.055261,0.319857,0.444658,0.044808
6620,53,11,0.026895,69,0.958705,0.323248,0.412313,0.043173
6620,66,11,0.026895,63,0.931206,0.273603,0.439611,0.048264
6620,42,10,0.02445,40,0.936469,0.371358,0.398267,0.050009
6620,56,9,0.022005,39,0.97184,0.394858,0.37489,0.045859
6620,72,9,0.022005,52,0.955822,0.367896,0.474211,0.051616
6620,82,9,0.022005,66,0.924868,0.321164,0.420438,0.047232
6620,8,8,0.01956,32,1.023363,0.329581,0.409278,0.062633
6640,91,13,0.031401,47,1.055261,0.319857,0.444658,0.044808
6640,53,12,0.028986,70,0.958174,0.321094,0.4087,0.042898
6640,66,11,0.02657,63,0.931206,0.273603,0.439611,0.048264
6640,42,10,0.024155,40,0.936469,0.371358,0.398267,0.050009
6640,72,9,0.021739,52,0.955822,0.367896,0.474211,0.051616
6640,90,9,0.021739,72,1.023437,0.341994,0.406928,0.043432
6640,8,8,0.019324,32,1.023363,0.329581,0.409278,0.062633
6640,16,8,0.019324,71,1.021386,0.353311,0.372228,0.0523
6660,91,13,0.031325,47,1.055261,0.319857,0.444658,0.044808
6660,53,12,0.028916,70,0.958174,0.321094,0.4087,0.042898
6660,66,11,0.026506,63,0.931206,0.273603,0.439611,0.048264
6660,42,10,0.024096,40,0.936469,0.371358,0.398267,0.050009
6660,72,10,0.024096,53,0.960859,0.365449,0.469131,0.051193
6660,82,9,0.021687,68,0.908627,0.32905,0.434765,0.047859
6660,90,9,0.021687,72,1.023437,0.341994,0.406928,0.043432
6660,95,9,0.021687,22,1.037444,0.33691,0.414788,0.054675
6680,91,13,0.031325,47,1.055261,0.319857,0.444658,0.044808
6680,66,12,0.028916,64,0.919908,0.272064,0.440423,0.047953
6680,53,11,0.026506,70,0.957829,0.322472,0.40721,0.042843
6680,90,11,0.026506,74,1.01347,0.340897,0.411908,0.044057
6680,42,10,0.024096,40,0.936469,0.371358,0.398267,0.050009
6680,72,10,0.024096,53,0.960859,0.365449,0.469131,0.051193
6680,82,9,0.021687,68,0.908627,0.32905,0.434765,0.047859
6680,95,9,0.021687,22,1.037444,0.33691,0.414788,0.054675
6700,91,12,0.028916,47,1.065028,0.319948,0.449413,0.044229
6700,53,11,0.026506,70,0.957829,0.322472,0.40721,0.042843
6700,66,11,0.026506,64,0.917704,0.272431,0.441795,0.048043
6700,90,11,0.026506,74,1.01347,0.340897,0.411908,0.044057
6700,42,10,0.024096,40,0.936469,0.371358,0.398267,0.050009
6700,72,10,0.024096,53,0.960859,0.365449,0.469131,0.051193
6700,95,10,0.024096,23,1.034286,0.343187,0.419151,0.053629
6700,82,9,0.021687,69,0.931868,0.324227,0.427935,0.048915
6720,53,12,0.028571,71,0.961167,0.320676,0.405916,0.042069
6720,91,12,0.028571,47,1.065028,0.319948,0.449413,0.044229
6720,66,11,0.02619,64,0.917704,0.272431,0.441795,0.048043
6720,42,10,0.02381,40,0.936469,0.371358,0.398267,0.050009
6720,72,10,0.02381,53,0.960859,0.365449,0.469131,0.051193
6720,90,10,0.02381,74,1.013198,0.341734,0.413785,0.044606
6720,95,10,0.02381,23,1.034286,0.343187,0.419151,0.053629
6720,82,9,0.021429,69,0.931868,0.324227,0.427935,0.048915
6740,53,12,0.028037,71,0.961167,0.320676,0.405916,0.042069
6740,91,12,0.028037,47,1.065028,0.319948,0.449413,0.044229
6740,66,11,0.025701,66,0.92774,0.276642,0.444825,0.049539
6740,42,10,0.023364,40,0.936469,0.371358,0.398267,0.050009
6740,72,10,0.023364,53,0.960859,0.365449,0.469131,0.051193
6740,82,10,0.023364,70,0.932875,0.328679,0.433447,0.048614
6740,90,10,0.023364,74,1.013198,0.341734,0.413785,0.044606
6740,95,10,0.023364,23,1.034286,0.343187,0.419151,0.053629
6760,53,12,0.028037,71,0.961167,0.320676,0.405916,0.042069
6760,91,12,0.028037,47,1.065028,0.319948,0.449413,0.044229
6760,66,11,0.025701,66,0.92774,0.276642,0.444825,0.049539
6760,42,10,0.023364,40,0.936469,0.371358,0.398267,0.050009
6760,72,10,0.023364,53,0.960859,0.365449,0.469131,0.051193
6760,82,10,0.023364,70,0.932875,0.328679,0.433447,0.048614
6760,95,10,0.023364,23,1.034286,0.343187,0.419151,0.053629
6760,5,9,0.021028,49,1.05912,0.331548,0.433517,0.032052
6780,53,12,0.027907,72,0.962561,0.321036,0.405525,0.041837
6780,91,12,0.027907,47,1.065028,0.319948,0.449413,0.044229
6780,5,10,0.023256,50,1.05252,0.331077,0.437339,0.03335
6780,42,10,0.023256,40,0.936469,0.371358,0.398267,0.050009
6780,66,10,0.023256,66,0.926848,0.276628,0.447663,0.049517
6780,72,10,0.023256,53,0.960859,0.365449,0.469131,0.051193
6780,95,10,0.023256,23,1.034286,0.343187,0.419151,0.053629
6780,56,9,0.02093,40,0.984813,0.390047,0.374697,0.045727
6800,91,12,0.028169,47,1.065028,0.319948,0.449413,0.044229
6800,53,11,0.025822,72,0.952527,0.317723,0.408275,0.041696
6800,42,10,0.023474,40,0.936469,0.371358,0.398267,0.050009
6800,66,10,0.023474,66,0.926848,0.276628,0.447663,0.049517
6800,90,10,0.023474,75,1.006611,0.338521,0.41386,0.044979
6800,2,9,0.021127,23,0.993129,0.328851,0.443786,0.048671
6800,5,9,0.021127,50,1.0537,0.331282,0.440641,0.033531
6800,56,9,0.021127,40,0.984813,0.390047,0.374697,0.045727
6820,66,12,0.028037,68,0.922073,0.27644,0.449295,0.049227
6820,91,12,0.028037,47,1.065028,0.319948,0.449413,0.044229
6820,53,11,0.025701,72,0.952527,0.317723,0.408275,0.041696
6820,42,10,0.023364,40,0.936469,0.371358,0.398267,0.050009
6820,90,10,0.023364,75,1.006611,0.338521,0.41386,0.044979
6820,2,9,0.021028,23,0.993129,0.328851,0.443786,0.048671
6820,5,9,0.021028,51,1.041068,0.330491,0.440463,0.034356
6820,56,9,0.021028,40,0.984813,0.390047,0.374697,0.045727
6840,66,12,0.028169,68,0.922073,0.27644,0.449295,0.049227
6840,91,12,0.028169,47,1.065028,0.319948,0.449413,0.044229
6840,53,11,0.025822,72,0.952527,0.317723,0.408275,0.041696
6840,56,10,0.023474,41,0.990335,0.399543,0.36867,0.045263
6840,90,10,0.023474,75,1.006611,0.338521,0.41386,0.044979
6840,2,9,0.021127,23,0.993129,0.328851,0.443786,0.048671
6840,5,9,0.021127,51,1.041068,0.330491,0.440463,0.034356
6840,42,9,0.021127,40,0.952432,0.36841,0.394394,0.05093
6860,91,12,0.027972,47,1.065028,0.319948,0.449413,0.044229
6860,53,11,0.025641,72,0.952527,0.317723,0.408275,0.041696
6860,66,11,0.025641,69,0.913995,0.275003,0.447573,0.048774
6860,56,10,0.02331,41,0.990335,0.399543,0.36867,0.045263
6860,5,9,0.020979,51,1.041068,0.330491,0.440463,0.034356
6860,42,9,0.020979,40,0.952432,0.36841,0.394394,0.05093
6860,90,9,0.020979,75,1.004782,0.338451,0.416992,0.044635
6860,2,8,0.018648,23,1.002814,0.331954,0.446117,0.048607
6880,91,13,0.030303,48,1.071553,0.317904,0.453108,0.043503
6880,53,11,0.025641,72,0.952527,0.317723,0.408275,0.041696
6880,56,10,0.02331,41,0.990335,0.399543,0.36867,0.045263
6880,66,10,0.02331,69,0.904052,0.274536,0.451644,0.048587
6880,5,9,0.020979,51,1.041068,0.330491,0.440463,0.034356
6880,42,9,0.020979,40,0.952432,0.36841,0.394394,0.05093
6880,2,8,0.018648,24,1.018941,0.337603,0.445684,0.048998
6880,8,8,0.018648,33,0.992933,0.32056,0.397353,0.06537
6900,91,13,0.030516,48,1.071553,0.317904,0.453108,0.043503
6900,53,11,0.025822,72,0.952527,0.317723,0.408275,0.041696
6900,56,10,0.023474,41,0.990335,0.399543,0.36867,0.045263
6900,66,10,0.023474,69,0.904052,0.274536,0.451644,0.048587
6900,5,9,0.021127,51,1.041068,0.330491,0.440463,0.034356
6900,8,9,0.021127,34,1.00774,0.32525,0.4046,0.064926
6900,28,9,0.021127,47,0.980543,0.327823,0.392653,0.048453
6900,42,9,0.021127,40,0.952432,0.36841,0.394394,0.05093
6920,91,13,0.030806,48,1.071553,0.317904,0.453108,0.043503
6920,53,11,0.026066,72,0.952527,0.317723,0.408275,0.041696
6920,66,11,0.026066,70,0.909191,0.274105,0.455789,0.048889
6920,56,10,0.023697,41,0.990335,0.399543,0.36867,0.045263
6920,5,9,0.021327,52,1.040561,0.330372,0.438538,0.034764
6920,8,9,0.021327,34,1.00774,0.32525,0.4046,0.064926
6920,28,9,0.021327,47,0.980543,0.327823,0.392653,0.048453
6920,2,8,0.018957,24,1.018941,0.337603,0.445684,0.048998
6940,91,13,0.030806,48,1.071553,0.317904,0.453108,0.043503
6940,53,11,0.026066,72,0.952527,0.317723,0.408275,0.041696
6940,66,11,0.026066,70,0.909191,0.274105,0.455789,0.048889
6940,56,10,0.023697,41,0.990335,0.399543,0.36867,0.045263
6940,5,9,0.021327,52,1.040561,0.330372,0.438538,0.034764
6940,8,9,0.021327,34,1.00774,0.32525,0.4046,0.064926
6940,28,9,0.021327,47,0.980543,0.327823,0.392653,0.048453
6940,69,9,0.021327,25,1.007602,0.368828,0.377883,0.055408
6960,91,13,0.0311,48,1.071553,0.317904,0.453108,0.043503
6960,53,12,0.028708,73,0.960037,0.319744,0.408712,0.041687
6960,66,11,0.026316,70,0.909191,0.274105,0.455789,0.048889
6960,56,10,0.023923,41,0.990335,0.399543,0.36867,0.045263
6960,8,9,0.021531,34,1.00774,0.32525,0.4046,0.064926
6960,28,9,0.021531,47,0.980543,0.327823,0.392653,0.048453
6960,69,9,0.021531,25,1.007602,0.368828,0.377883,0.055408
6960,2,8,0.019139,24,1.018941,0.337603,0.445684,0.048998
6980,91,14,0.033735,49,1.072915,0.320941,0.452263,0.04458
6980,53,12,0.028916,73,0.960037,0.319744,0.408712,0.041687
6980,66,11,0.026506,70,0.909191,0.274105,0.455789,0.048889
6980,56,10,0.024096,41,0.990335,0.399543,0.36867,0.045263
6980,8,9,0.021687,34,1.00774,0.32525,0.4046,0.064926
6980,28,9,0.021687,47,0.980543,0.327823,0.392653,0.048453
6980,69,9,0.021687,25,1.007602,0.368828,0.377883,0.055408
6980,5,8,0.019277,52,1.043959,0.330464,0.438543,0.03569
7000,91,14,0.033254,49,1.072915,0.320941,0.452263,0.04458
7000,53,11,0.026128,73,0.972068,0.313677,0.407057,0.040012
7000,66,11,0.026128,70,0.909191,0.274105,0.455789,0.048889
7000,28,10,0.023753,48,0.976027,0.33104,0.391409,0.048134
7000,56,10,0.023753,41,0.990335,0.399543,0.36867,0.045263
7000,69,10,0.023753,26,1.009309,0.372467,0.376533,0.055923
7000,75,9,0.021378,72,0.955532,0.364014,0.45591,0.057241
7000,90,9,0.021378,77,1.030292,0.341937,0.416583,0.043411
7020,91,14,0.033493,49,1.072915,0.320941,0.452263,0.04458
7020,53,11,0.026316,73,0.972068,0.313677,0.407057,0.040012
7020,66,11,0.026316,70,0.909191,0.274105,0.455789,0.048889
7020,28,10,0.023923,48,0.976027,0.33104,0.391409,0.048134
7020,56,10,0.023923,41,0.990335,0.399543,0.36867,0.045263
7020,5,9,0.021531,53,1.049883,0.33063,0.436307,0.035415
7020,69,9,0.021531,26,1.014342,0.374827,0.373867,0.055964
7020,75,9,0.021531,72,0.955532,0.364014,0.45591,0.057241
7040,91,14,0.033981,49,1.072915,0.320941,0.452263,0.04458
7040,28,11,0.026699,49,0.976202,0.33306,0.393283,0.048173
7040,53,10,0.024272,73,0.972988,0.315682,0.40562,0.040423
7040,56,10,0.024272,41,0.990335,0.399543,0.36867,0.045263
7040,66,10,0.024272,70,0.903238,0.273723,0.459648,0.048791
7040,5,9,0.021845,53,1.049883,0.33063,0.436307,0.035415
7040,69,9,0.021845,26,1.014342,0.374827,0.373867,0.055964
7040,75,9,0.021845,72,0.955532,0.364014,0.45591,0.057241
7060,91,14,0.033898,49,1.072915,0.320941,0.452263,0.04458
7060,28,11,0.026634,50,0.972404,0.33424,0.391691,0.047176
7060,53,10,0.024213,73,0.972988,0.315682,0.40562,0.040423
7060,56,10,0.024213,41,0.990335,0.399543,0.36867,0.045263
7060,66,10,0.024213,70,0.903238,0.273723,0.459648,0.048791
7060,5,9,0.021792,53,1.049883,0.33063,0.436307,0.035415
7060,69,9,0.021792,26,1.014342,0.374827,0.373867,0.055964
7060,75,9,0.021792,72,0.955532,0.364014,0.45591,0.057241
7080,91,14,0.033573,49,1.072915,0.320941,0.452263,0.04458
7080,28,11,0.026379,50,0.972404,0.33424,0.391691,0.047176
7080,66,11,0.026379,71,0.909536,0.276098,0.462363,0.04948
7080,53,10,0.023981,73,0.972988,0.315682,0.40562,0.040423
7080,56,10,0.023981,41,0.990335,0.399543,0.36867,0.045263
7080,75,10,0.023981,73,0.946136,0.364959,0.456648,0.058064
7080,95,9,0.021583,26,1.070321,0.377307,0.426562,0.046898
7080,2,8,0.019185,25,1.008111,0.343315,0.445997,0.050669
7100,91,14,0.033816,49,1.072915,0.320941,0.452263,0.04458
7100,28,11,0.02657,50,0.972404,0.33424,0.391691,0.047176
7100,66,11,0.02657,71,0.909536,0.276098,0.462363,0.04948
7100,56,10,0.024155,41,0.990335,0.399543,0.36867,0.045263
7100,4,9,0.021739,40,0.90417,0.328167,0.367757,0.044403
7100,53,9,0.021739,73,0.977083,0.318288,0.402874,0.039951
7100,75,9,0.021739,73,0.936235,0.371934,0.458173,0.059179
7100,90,9,0.021739,78,1.034721,0.348702,0.418051,0.043683
7120,91,14,0.033097,49,1.072915,0.320941,0.452263,0.04458
7120,28,11,0.026005,50,0.972404,0.33424,0.391691,0.047176
7120,66,11,0.026005,71,0.909536,0.276098,0.462363,0.04948
7120,4,10,0.023641,41,0.897923,0.330261,0.365885,0.043727
7120,53,10,0.023641,74,0.973453,0.327741,0.402045,0.041639
7120,56,10,0.023641,41,0.990335,0.399543,0.36867,0.045263
7120,2,9,0.021277,26,0.991516,0.349345,0.447664,0.051143
7120,42,9,0.021277,41,0.963262,0.363122,0.390499,0.053741
7140,91,14,0.033019,49,1.072915,0.320941,0.452263,0.04458
7140,28,11,0.025943,50,0.972404,0.33424,0.391691,0.047176
7140,66,11,0.025943,71,0.909536,0.276098,0.462363,0.04948
7140,53,10,0.023585,74,0.973453,0.327741,0.402045,0.041639
7140,56,10,0.023585,41,0.990335,0.399543,0.36867,0.045263
7140,90,10,0.023585,79,1.043919,0.349854,0.422168,0.043905
7140,2,9,0.021226,26,0.991516,0.349345,0.447664,0.051143
7140,42,9,0.021226,41,0.963262,0.363122,0.390499,0.053741
7160,91,13,0.030233,49,1.066997,0.323061,0.448786,0.045334
7160,66,11,0.025581,71,0.909536,0.276098,0.462363,0.04948
7160,28,10,0.023256,50,0.976106,0.331665,0.392839,0.047367
7160,53,10,0.023256,74,0.973453,0.327741,0.402045,0.041639
7160,56,10,0.023256,41,0.990335,0.399543,0.36867,0.045263
7160,90,10,0.023256,80,1.026206,0.351767,0.417739,0.043337
7160,2,9,0.02093,26,0.991516,0.349345,0.447664,0.051143
7160,5,9,0.02093,54,1.066133,0.32859,0.435411,0.035537
7180,91,13,0.030303,49,1.066997,0.323061,0.448786,0.045334
7180,66,11,0.025641,71,0.909536,0.276098,0.462363,0.04948
7180,28,10,0.02331,50,0.976106,0.331665,0.392839,0.047367
7180,72,10,0.02331,58,0.94515,0.359754,0.466518,0.049392
7180,75,10,0.02331,75,0.959641,0.3681,0.455736,0.059407
7180,90,10,0.02331,80,1.026206,0.351767,0.417739,0.043337
7180,2,9,0.020979,27,0.972782,0.358153,0.453914,0.051881
7180,42,9,0.020979,41,0.963262,0.363122,0.390499,0.053741
7200,91,13,0.030233,49,1.066997,0.323061,0.448786,0.045334
7200,66,11,0.025581,71,0.909536,0.276098,0.462363,0.04948
7200,53,10,0.023256,75,0.974451,0.327225,0.404175,0.041282
7200,28,9,0.02093,50,0.975901,0.329266,0.390708,0.047235
7200,42,9,0.02093,41,0.963262,0.363122,0.390499,0.053741
7200,56,9,0.02093,41,0.990742,0.399863,0.370658,0.044759
7200,72,9,0.02093,58,0.949854,0.362854,0.463948,0.047647
7200,75,9,0.02093,75,0.970411,0.35877,0.458239,0.059696
7220,91,12,0.027842,49,1.073946,0.323868,0.45216,0.04449
7220,53,10,0.023202,75,0.974451,0.327225,0.404175,0.041282
7220,66,10,0.023202,71,0.904432,0.276728,0.458876,0.049237
7220,90,10,0.023202,81,1.018025,0.346221,0.418451,0.043958
7220,13,9,0.020882,29,1.039747,0.361097,0.429153,0.058047
7220,28,9,0.020882,50,0.975901,0.329266,0.390708,0.047235
7220,42,9,0.020882,41,0.963262,0.363122,0.390499,0.053741
7220,72,9,0.020882,58,0.949854,0.362854,0.463948,0.047647
7240,91,12,0.027586,49,1.073946,0.323868,0.45216,0.04449
7240,66,11,0.025287,72,0.911089,0.277065,0.458943,0.049022
7240,13,10,0.022989,30,1.049389,0.364004,0.43388,0.059807
7240,53,10,0.022989,75,0.974451,0.327225,0.404175,0.041282
7240,72,10,0.022989,59,0.95132,0.360717,0.473965,0.048654
7240,90,10,0.022989,81,1.018025,0.346221,0.418451,0.043958
7240,16,9,0.02069,79,1.021439,0.380453,0.360394,0.052163
7240,28,9,0.02069,50,0.975901,0.329266,0.390708,0.047235
7260,91,13,0.029613,50,1.07167,0.32613,0.451328,0.044939
7260,66,11,0.025057,72,0.911089,0.277065,0.458943,0.049022
7260,72,11,0.025057,60,0.947749,0.362927,0.471006,0.049142
7260,13,10,0.022779,30,1.049389,0.364004,0.43388,0.059807
7260,53,10,0.022779,75,0.974451,0.327225,0.404175,0.041282
7260,90,10,0.022779,81,1.018025,0.346221,0.418451,0.043958
7260,16,9,0.020501,79,1.021439,0.380453,0.360394,0.052163
7260,28,9,0.020501,50,0.975901,0.329266,0.390708,0.047235
7280,91,13,0.029885,50,1.07167,0.32613,0.451328,0.044939
7280,53,11,0.025287,76,0.973108,0.325543,0.402444,0.040589
7280,72,11,0.025287,60,0.947749,0.362927,0.471006,0.049142
7280,66,10,0.022989,72,0.90943,0.277411,0.458207,0.048519
7280,90,10,0.022989,82,1.012428,0.344859,0.418039,0.043571
7280,28,9,0.02069,50,0.975901,0.329266,0.390708,0.047235
7280,42,9,0.02069,41,0.963262,0.363122,0.390499,0.053741
7280,75,9,0.02069,77,0.945938,0.368737,0.452156,0.063423
7300,91,13,0.029885,50,1.07167,0.32613,0.451328,0.044939
7300,53,11,0.025287,76,0.973108,0.325543,0.402444,0.040589
7300,5,10,0.022989,57,1.089142,0.330521,0.431204,0.033526
7300,66,10,0.022989,72,0.90943,0.277411,0.458207,0.048519
7300,72,10,0.022989,60,0.956314,0.364473,0.467432,0.049661
7300,33,9,0.02069,94,1.082552,0.314176,0.362541,0.041857
7300,42,9,0.02069,41,0.963262,0.363122,0.390499,0.053741
7300,73,9,0.02069,74,1.247378,0.366507,0.541345,0.052971
7320,91,14,0.032634,51,1.068215,0.327613,0.452597,0.045276
7320,53,12,0.027972,77,0.970356,0.323801,0.400486,0.041297
7320,5,10,0.02331,57,1.089142,0.330521,0.431204,0.033526
7320,72,10,0.02331,60,0.956314,0.364473,0.467432,0.049661
7320,28,9,0.020979,51,0.982686,0.333264,0.394337,0.046797
7320,66,9,0.020979,72,0.90242,0.274919,0.454729,0.047647
7320,73,9,0.020979,74,1.247378,0.366507,0.541345,0.052971
7320,75,9,0.020979,77,0.945938,0.368737,0.452156,0.063423
7340,91,14,0.032558,51,1.068215,0.327613,0.452597,0.045276
7340,53,13,0.030233,78,0.969308,0.322129,0.401464,0.040523
7340,5,10,0.023256,57,1.089142,0.330521,0.431204,0.033526
7340,66,10,0.023256,73,0.902124,0.27745,0.460214,0.047343
7340,72,10,0.023256,60,0.956314,0.364473,0.467432,0.049661
7340,73,10,0.023256,75,1.248575,0.364331,0.54291,0.053071
7340,28,9,0.02093,51,0.982686,0.333264,0.394337,0.046797
7340,75,9,0.02093,77,0.945938,0.368737,0.452156,0.063423
7360,91,13,0.030374,51,1.07052,0.3288,0.455122,0.045042
7360,53,12,0.028037,78,0.963196,0.320475,0.40046,0.040435
7360,72,10,0.023364,60,0.956314,0.364473,0.467432,0.049661
7360,73,10,0.023364,75,1.248575,0.364331,0.54291,0.053071
7360,5,9,0.021028,57,1.088238,0.330362,0.432624,0.03356
7360,8,9,0.021028,37,1.074382,0.327662,0.426071,0.060048
7360,28,9,0.021028,51,0.982686,0.333264,0.394337,0.046797
7360,66,9,0.021028,73,0.891602,0.274362,0.455601,0.046468
7380,53,13,0.030023,79,0.958715,0.318982,0.39953,0.040765
7380,91,13,0.030023,51,1.07052,0.3288,0.455122,0.045042
7380,66,11,0.025404,75,0.900126,0.275083,0.450569,0.047154
7380,56,10,0.023095,45,0.970241,0.406465,0.366309,0.043971
7380,73,10,0.023095,75,1.248575,0.364331,0.54291,0.053071
7380,5,9,0.020785,57,1.088238,0.330362,0.432624,0.03356
7380,27,9,0.020785,56,1.032097,0.387085,0.432577,0.040074
7380,28,9,0.020785,51,0.982686,0.333264,0.394337,0.046797
7400,91,13,0.029817,51,1.07052,0.3288,0.455122,0.045042
7400,53,12,0.027523,79,0.958415,0.321209,0.400302,0.041137
7400,66,11,0.025229,75,0.900126,0.275083,0.450569,0.047154
7400,5,10,0.022936,58,1.082869,0.328911,0.431764,0.034399
7400,13,10,0.022936,34,1.052013,0.363673,0.440156,0.061385
7400,56,10,0.022936,45,0.970241,0.406465,0.366309,0.043971
7400,22,9,0.020642,34,0.996034,0.323492,0.361765,0.063154
7400,27,9,0.020642,56,1.032097,0.387085,0.432577,0.040074
7420,91,14,0.03211,52,1.07888,0.331725,0.452404,0.045472
7420,53,12,0.027523,80,0.959006,0.321087,0.39885,0.041254
7420,66,11,0.025229,75,0.900126,0.275083,0.450569,0.047154
7420,13,10,0.022936,34,1.052013,0.363673,0.440156,0.061385
7420,56,10,0.022936,45,0.970241,0.406465,0.366309,0.043971
7420,90,10,0.022936,85,1.016145,0.350548,0.40847,0.043301
7420,5,9,0.020642,58,1.087937,0.331095,0.431332,0.034325
7420,28,9,0.020642,51,0.982686,0.333264,0.394337,0.046797
7440,91,13,0.02968,52,1.079775,0.334492,0.457245,0.044464
7440,53,11,0.025114,80,0.960727,0.322582,0.400661,0.040542
7440,56,11,0.025114,46,0.978411,0.412699,0.363639,0.044378
7440,66,11,0.025114,75,0.900126,0.275083,0.450569,0.047154
7440,13,10,0.022831,34,1.052013,0.363673,0.440156,0.061385
7440,73,10,0.022831,76,1.22905,0.371706,0.540539,0.052549
7440,90,10,0.022831,85,1.016145,0.350548,0.40847,0.043301
7440,28,9,0.020548,51,0.982686,0.333264,0.394337,0.046797
7460,91,13,0.02968,52,1.079775,0.334492,0.457245,0.044464
7460,56,12,0.027397,47,0.976373,0.414387,0.365734,0.044656
7460,53,11,0.025114,80,0.960727,0.322582,0.400661,0.040542
7460,66,11,0.025114,75,0.900126,0.275083,0.450569,0.047154
7460,73,10,0.022831,76,1.22905,0.371706,0.540539,0.052549
7460,13,9,0.020548,34,1.049127,0.3579,0.442064,0.062944
7460,28,9,0.020548,51,0.982686,0.333264,0.394337,0.046797
7460,75,9,0.020548,79,0.976569,0.370558,0.451721,0.065272
7480,91,14,0.031532,53,1.092921,0.335829,0.456528,0.045206
7480,53,11,0.024775,80,0.960727,0.322582,0.400661,0.040542
7480,56,11,0.024775,47,0.976172,0.416,0.366927,0.044897
7480,66,11,0.024775,75,0.900126,0.275083,0.450569,0.047154
7480,73,10,0.022523,76,1.22905,0.371706,0.540539,0.052549
7480,13,9,0.02027,35,1.03544,0.352185,0.446758,0.061715
7480,28,9,0.02027,51,0.982686,0.333264,0.394337,0.046797
7480,75,9,0.02027,79,0.976569,0.370558,0.451721,0.065272
7500,91,13,0.030233,53,1.096657,0.334488,0.457695,0.044812
7500,53,12,0.027907,81,0.965049,0.326486,0.401948,0.040017
7500,66,11,0.025581,75,0.900126,0.275083,0.450569,0.047154
7500,13,9,0.02093,35,1.03544,0.352185,0.446758,0.061715
7500,28,9,0.02093,51,0.982686,0.333264,0.394337,0.046797
7500,56,9,0.02093,47,0.980546,0.408509,0.372218,0.044987
7500,73,9,0.02093,76,1.22415,0.37163,0.534734,0.052067
7500,2,8,0.018605,28,0.985747,0.352029,0.453538,0.05167
7520,91,13,0.030023,53,1.096657,0.334488,0.457695,0.044812
7520,53,12,0.027714,81,0.965049,0.326486,0.401948,0.040017
7520,66,10,0.023095,75,0.89224,0.275355,0.451414,0.047013
7520,13,9,0.020785,35,1.03544,0.352185,0.446758,0.061715
7520,28,9,0.020785,51,0.982686,0.333264,0.394337,0.046797
7520,56,9,0.020785,47,0.980546,0.408509,0.372218,0.044987
7520,73,9,0.020785,76,1.22415,0.37163,0.534734,0.052067
7520,95,9,0.020785,28,1.071687,0.393069,0.413567,0.044114
7540,91,12,0.027907,53,1.105658,0.3374,0.457557,0.046118
7540,53,11,0.025581,81,0.964785,0.329081,0.40088,0.040784
7540,66,10,0.023256,75,0.89224,0.275355,0.451414,0.047013
7540,5,9,0.02093,60,1.065129,0.325949,0.428123,0.035463
7540,13,9,0.02093,35,1.03544,0.352185,0.446758,0.061715
7540,56,9,0.02093,47,0.980546,0.408509,0.372218,0.044987
7540,73,9,0.02093,76,1.22415,0.37163,0.534734,0.052067
7540,2,8,0.018605,28,0.985747,0.352029,0.453538,0.05167
7560,91,12,0.027842,53,1.105658,0.3374,0.457557,0.046118
7560,53,11,0.025522,81,0.964785,0.329081,0.40088,0.040784
7560,66,10,0.023202,75,0.89224,0.275355,0.451414,0.047013
7560,73,10,0.023202,77,1.215832,0.373852,0.532837,0.052101
7560,13,9,0.020882,35,1.03544,0.352185,0.446758,0.061715
7560,56,9,0.020882,47,0.980546,0.408509,0.372218,0.044987
7560,95,9,0.020882,29,1.079697,0.407698,0.417495,0.04275
7560,2,8,0.018561,28,0.985747,0.352029,0.453538,0.05167
7580,91,12,0.027972,53,1.105658,0.3374,0.457557,0.046118
7580,53,11,0.025641,81,0.964785,0.329081,0.40088,0.040784
7580,66,10,0.02331,76,0.887658,0.27967,0.449356,0.047028
7580,13,9,0.020979,35,1.03544,0.352185,0.446758,0.061715
7580,42,9,0.020979,42,0.944384,0.368076,0.395968,0.050447
7580,56,9,0.020979,47,0.980546,0.408509,0.372218,0.044987
7580,72,9,0.020979,62,0.922779,0.36632,0.47438,0.049954
7580,73,9,0.020979,77,1.215901,0.374581,0.52954,0.050728
7600,91,12,0.028169,53,1.105658,0.3374,0.457557,0.046118
7600,53,11,0.025822,81,0.964785,0.329081,0.40088,0.040784
7600,56,10,0.023474,48,0.984127,0.411817,0.368516,0.044149
7600,13,9,0.021127,35,1.03544,0.352185,0.446758,0.061715
7600,42,9,0.021127,42,0.944384,0.368076,0.395968,0.050447
7600,66,9,0.021127,76,0.886347,0.277385,0.442664,0.047298
7600,72,9,0.021127,62,0.922779,0.36632,0.47438,0.049954
7600,73,9,0.021127,77,1.215901,0.374581,0.52954,0.050728
7620,91,12,0.028037,53,1.105658,0.3374,0.457557,0.046118
7620,53,11,0.025701,81,0.964785,0.329081,0.40088,0.040784
7620,13,10,0.023364,36,1.042776,0.357354,0.444054,0.061649
7620,56,10,0.023364,48,0.984127,0.411817,0.368516,0.044149
7620,28,9,0.021028,52,0.974573,0.331643,0.397874,0.048008
7620,42,9,0.021028,42,0.944384,0.368076,0.395968,0.050447
7620,66,9,0.021028,76,0.886347,0.277385,0.442664,0.047298
7620,72,9,0.021028,62,0.922779,0.36632,0.47438,0.049954
7640,53,12,0.027778,82,0.961444,0.327068,0.401139,0.040118
7640,91,12,0.027778,53,1.105658,0.3374,0.457557,0.046118
7640,13,10,0.023148,36,1.042776,0.357354,0.444054,0.061649
7640,56,10,0.023148,48,0.984127,0.411817,0.368516,0.044149
7640,28,9,0.020833,52,0.974573,0.331643,0.397874,0.048008
7640,42,9,0.020833,42,0.944384,0.368076,0.395968,0.050447
7640,72,9,0.020833,62,0.922779,0.36632,0.47438,0.049954
7640,82,9,0.020833,82,0.897021,0.351539,0.460344,0.042486
7660,53,12,0.027714,82,0.961444,0.327068,0.401139,0.040118
7660,91,12,0.027714,53,1.105658,0.3374,0.457557,0.046118
7660,90,11,0.025404,91,1.015606,0.343377,0.423821,0.043177
7660,13,10,0.023095,36,1.042776,0.357354,0.444054,0.061649
7660,56,10,0.023095,48,0.984127,0.411817,0.368516,0.044149
7660,28,9,0.020785,52,0.974573,0.331643,0.397874,0.048008
7660,42,9,0.020785,42,0.944384,0.368076,0.395968,0.050447
7660,72,9,0.020785,62,0.922779,0.36632,0.47438,0.049954
7680,53,12,0.027397,82,0.961444,0.327068,0.401139,0.040118
7680,91,12,0.027397,53,1.105658,0.3374,0.457557,0.046118
7680,90,11,0.025114,91,1.015606,0.343377,0.423821,0.043177
7680,13,10,0.022831,36,1.042776,0.357354,0.444054,0.061649
7680,56,10,0.022831,48,0.984127,0.411817,0.368516,0.044149
7680,28,9,0.020548,52,0.974573,0.331643,0.397874,0.048008
7680,42,9,0.020548,42,0.944384,0.368076,0.395968,0.050447
7680,66,9,0.020548,77,0.910333,0.277166,0.445986,0.047875
7700,91,12,0.027211,53,1.105658,0.3374,0.457557,0.046118
7700,53,11,0.024943,82,0.967725,0.322071,0.401513,0.038739
7700,90,11,0.024943,91,1.015606,0.343377,0.423821,0.043177
7700,13,10,0.022676,36,1.042776,0.357354,0.444054,0.061649
7700,28,10,0.022676,53,0.971626,0.334312,0.394255,0.048591
7700,56,10,0.022676,48,0.984127,0.411817,0.368516,0.044149
7700,72,10,0.022676,63,0.935016,0.365918,0.473891,0.0488
7700,42,9,0.020408,42,0.944384,0.368076,0.395968,0.050447
7720,53,12,0.027335,83,0.968712,0.318708,0.40018,0.0383
7720,91,12,0.027335,53,1.105658,0.3374,0.457557,0.046118
7720,13,10,0.022779,36,1.042776,0.357354,0.444054,0.061649
7720,28,10,0.022779,53,0.971626,0.334312,0.394255,0.048591
7720,56,10,0.022779,48,0.984127,0.411817,0.368516,0.044149
7720,66,10,0.022779,79,0.920694,0.28738,0.44088,0.048659
7720,72,10,0.022779,63,0.935016,0.365918,0.473891,0.0488
7720,90,10,0.022779,91,1.008769,0.341096,0.423057,0.04314
7740,53,12,0.027335,83,0.968712,0.318708,0.40018,0.0383
7740,91,12,0.027335,53,1.105658,0.3374,0.457557,0.046118
7740,13,10,0.022779,36,1.042776,0.357354,0.444054,0.061649
7740,28,10,0.022779,53,0.971626,0.334312,0.394255,0.048591
7740,56,10,0.022779,48,0.984127,0.411817,0.368516,0.044149
7740,66,10,0.022779,79,0.920694,0.28738,0.44088,0.048659
7740,72,10,0.022779,63,0.935016,0.365918,0.473891,0.0488
7740,90,10,0.022779,91,1.008769,0.341096,0.423057,0.04314
7760,91,12,0.027211,53,1.105658,0.3374,0.457557,0.046118
7760,53,11,0.024943,83,0.969801,0.320221,0.398995,0.038942
7760,66,11,0.024943,80,0.923912,0.287255,0.43777,0.048267
7760,28,10,0.022676,53,0.971626,0.334312,0.394255,0.048591
7760,56,10,0.022676,48,0.984127,0.411817,0.368516,0.044149
7760,90,10,0.022676,91,1.008769,0.341096,0.423057,0.04314
7760,5,9,0.020408,63,1.046412,0.324244,0.434345,0.032961
7760,8,9,0.020408,42,1.046173,0.330012,0.424339,0.06443
7780,66,12,0.026906,81,0.910133,0.28728,0.44168,0.048568
7780,91,12,0.026906,53,1.105658,0.3374,0.457557,0.046118
7780,53,11,0.024664,84,0.9722,0.319594,0.398947,0.038859
7780,90,11,0.024664,92,1.012574,0.344147,0.422812,0.043077
7780,28,10,0.022422,53,0.971626,0.334312,0.394255,0.048591
7780,82,10,0.022422,84,0.896601,0.3511,0.457075,0.043316
7780,5,9,0.020179,63,1.046412,0.324244,0.434345,0.032961
7780,8,9,0.020179,42,1.046173,0.330012,0.424339,0.06443
7800,66,12,0.026906,81,0.910133,0.28728,0.44168,0.048568
7800,91,12,0.026906,53,1.105658,0.3374,0.457557,0.046118
7800,90,11,0.024664,92,1.012574,0.344147,0.422812,0.043077
7800,28,10,0.022422,53,0.971626,0.334312,0.394255,0.048591
7800,53,10,0.022422,84,0.96816,0.314612,0.397232,0.039321
7800,82,10,0.022422,85,0.899705,0.352112,0.457572,0.041773
7800,5,9,0.020179,63,1.046412,0.324244,0.434345,0.032961
7800,8,9,0.020179,42,1.046173,0.330012,0.424339,0.06443
7820,66,13,0.028761,82,0.906385,0.285301,0.442311,0.048611
7820,91,12,0.026549,53,1.105658,0.3374,0.457557,0.046118
7820,5,10,0.022124,64,1.051577,0.3263,0.432368,0.03413
7820,28,10,0.022124,53,0.971626,0.334312,0.394255,0.048591
7820,53,10,0.022124,84,0.96816,0.314612,0.397232,0.039321
7820,90,10,0.022124,92,1.01061,0.344903,0.419744,0.043312
7820,8,9,0.019912,42,1.046173,0.330012,0.424339,0.06443
7820,13,9,0.019912,36,1.032853,0.354964,0.43581,0.059948
7840,66,13,0.028953,82,0.906385,0.285301,0.442311,0.048611
7840,91,12,0.026726,53,1.105658,0.3374,0.457557,0.046118
7840,53,11,0.024499,85,0.972971,0.313292,0.398581,0.038821
7840,73,10,0.022272,81,1.224471,0.378683,0.528354,0.049807
7840,5,9,0.020045,64,1.056689,0.328439,0.431973,0.034044
7840,8,9,0.020045,42,1.046173,0.330012,0.424339,0.06443
7840,13,9,0.020045,36,1.032853,0.354964,0.43581,0.059948
7840,28,9,0.020045,53,0.975646,0.336083,0.391394,0.04842
7860,66,13,0.029148,82,0.906385,0.285301,0.442311,0.048611
7860,91,13,0.029148,54,1.096443,0.334309,0.4588,0.044888
7860,53,12,0.026906,86,0.979831,0.318646,0.399849,0.040129
7860,5,11,0.024664,66,1.041039,0.328757,0.43372,0.033227
7860,28,10,0.022422,54,0.971027,0.337058,0.3926,0.048064
7860,56,10,0.022422,49,0.993821,0.413113,0.367931,0.044245
7860,73,10,0.022422,81,1.224471,0.378683,0.528354,0.049807
7860,8,9,0.020179,42,1.046173,0.330012,0.424339,0.06443
7880,66,13,0.029213,82,0.906385,0.285301,0.442311,0.048611
7880,91,13,0.029213,54,1.096443,0.334309,0.4588,0.044888
7880,53,12,0.026966,86,0.979831,0.318646,0.399849,0.040129
7880,5,11,0.024719,66,1.041039,0.328757,0.43372,0.033227
7880,28,10,0.022472,54,0.971027,0.337058,0.3926,0.048064
7880,56,10,0.022472,49,0.993821,0.413113,0.367931,0.044245
7880,73,10,0.022472,82,1.238807,0.380219,0.530029,0.047372
7880,8,9,0.020225,42,1.046173,0.330012,0.424339,0.06443
7900,53,13,0.029018,87,0.977897,0.318657,0.399557,0.039264
7900,66,13,0.029018,82,0.906385,0.285301,0.442311,0.048611
7900,91,13,0.029018,54,1.096443,0.334309,0.4588,0.044888
7900,5,11,0.024554,66,1.041039,0.328757,0.43372,0.033227
7900,28,11,0.024554,55,0.974962,0.331707,0.393405,0.049394
7900,73,10,0.022321,82,1.238807,0.380219,0.530029,0.047372
7900,82,10,0.022321,86,0.903337,0.352531,0.472925,0.042444
7900,8,9,0.020089,42,1.046173,0.330012,0.424339,0.06443
7920,66,13,0.028953,82,0.906385,0.285301,0.442311,0.048611
7920,91,13,0.028953,54,1.096443,0.334309,0.4588,0.044888
7920,5,12,0.026726,67,1.049539,0.330875,0.432371,0.033731
7920,53,12,0.026726,87,0.979004,0.320847,0.397186,0.038944
7920,28,11,0.024499,55,0.974962,0.331707,0.393405,0.049394
7920,13,10,0.022272,37,1.03992,0.360155,0.445688,0.060908
7920,56,10,0.022272,50,1.001161,0.419817,0.365601,0.044023
7920,73,10,0.022272,82,1.238807,0.380219,0.530029,0.047372
7940,5,13,0.029412,68,1.044349,0.332204,0.433175,0.033304
7940,53,13,0.029412,88,0.971088,0.326596,0.397208,0.040634
7940,91,13,0.029412,54,1.096443,0.334309,0.4588,0.044888
7940,66,12,0.027149,82,0.895299,0.286773,0.441095,0.048466
7940,28,10,0.022624,55,0.977948,0.329044,0.396576,0.04895
7940,73,10,0.022624,83,1.244154,0.37578,0.534168,0.04804
7940,82,10,0.022624,86,0.903337,0.352531,0.472925,0.042444
7940,13,9,0.020362,37,1.042095,0.360079,0.448756,0.061129
7960,91,13,0.029478,54,1.096443,0.334309,0.4588,0.044888
7960,5,12,0.027211,68,1.041824,0.333773,0.430105,0.0335
7960,53,12,0.027211,88,0.970381,0.330336,0.398183,0.041232
7960,66,12,0.027211,82,0.895299,0.286773,0.441095,0.048466
7960,82,11,0.024943,87,0.898748,0.349983,0.464128,0.042267
7960,28,10,0.022676,55,0.977948,0.329044,0.396576,0.04895
7960,13,9,0.020408,37,1.042095,0.360079,0.448756,0.061129
7960,56,9,0.020408,50,0.999472,0.417398,0.36898,0.044847
7980,53,13,0.029412,89,0.973533,0.333629,0.401696,0.041855
7980,91,13,0.029412,54,1.096443,0.334309,0.4588,0.044888
7980,66,12,0.027149,82,0.895299,0.286773,0.441095,0.048466
7980,5,11,0.024887,68,1.042154,0.334283,0.429098,0.033246
7980,28,10,0.022624,55,0.977948,0.329044,0.396576,0.04895
7980,56,10,0.022624,51,1.011001,0.423829,0.365395,0.044316
7980,73,10,0.022624,84,1.247738,0.377973,0.525651,0.047885
7980,82,10,0.022624,87,0.903984,0.348473,0.470602,0.042416
8000,53,13,0.029545,89,0.973533,0.333629,0.401696,0.041855
8000,91,13,0.029545,54,1.096443,0.334309,0.4588,0.044888
8000,66,12,0.027273,82,0.895299,0.286773,0.441095,0.048466
8000,28,10,0.022727,55,0.977948,0.329044,0.396576,0.04895
8000,56,10,0.022727,51,1.011001,0.423829,0.365395,0.044316
8000,73,10,0.022727,84,1.247738,0.377973,0.525651,0.047885
8000,82,10,0.022727,87,0.903984,0.348473,0.470602,0.042416
8000,13,9,0.020455,37,1.042095,0.360079,0.448756,0.061129
8020,53,13,0.029478,89,0.973533,0.333629,0.401696,0.041855
8020,91,13,0.029478,54,1.096443,0.334309,0.4588,0.044888
8020,66,12,0.027211,82,0.895299,0.286773,0.441095,0.048466
8020,28,10,0.022676,55,0.977948,0.329044,0.396576,0.04895
8020,73,10,0.022676,84,1.247738,0.377973,0.525651,0.047885
8020,82,10,0.022676,87,0.903984,0.348473,0.470602,0.042416
8020,5,9,0.020408,69,1.076977,0.334805,0.422693,0.034159
8020,13,9,0.020408,37,1.042095,0.360079,0.448756,0.061129
8040,91,13,0.029345,54,1.096443,0.334309,0.4588,0.044888
8040,53,12,0.027088,89,0.975404,0.336595,0.401549,0.042686
8040,66,12,0.027088,82,0.895299,0.286773,0.441095,0.048466
8040,82,12,0.027088,89,0.903898,0.350768,0.470545,0.042076
8040,13,10,0.022573,38,1.049083,0.366941,0.448516,0.061381
8040,28,10,0.022573,55,0.977948,0.329044,0.396576,0.04895
8040,73,10,0.022573,84,1.247738,0.377973,0.525651,0.047885
8040,5,9,0.020316,70,1.074805,0.333305,0.427002,0.032315
8060,91,14,0.03139,56,1.095089,0.334607,0.45505,0.045556
8060,53,12,0.026906,89,0.975404,0.336595,0.401549,0.042686
8060,66,12,0.026906,82,0.895299,0.286773,0.441095,0.048466
8060,13,10,0.022422,38,1.049083,0.366941,0.448516,0.061381
8060,28,10,0.022422,55,0.977948,0.329044,0.396576,0.04895
8060,82,10,0.022422,89,0.908622,0.350149,0.469426,0.04313
8060,2,9,0.020179,30,0.977882,0.356008,0.459338,0.049986
8060,5,9,0.020179,70,1.074805,0.333305,0.427002,0.032315
8080,91,13,0.029279,56,1.100611,0.333662,0.45397,0.045241
8080,53,11,0.024775,89,0.976188,0.339263,0.404625,0.04338
8080,28,10,0.022523,55,0.977948,0.329044,0.396576,0.04895
8080,66,10,0.022523,82,0.899413,0.284568,0.440714,0.047394
8080,82,10,0.022523,89,0.908622,0.350149,0.469426,0.04313
8080,2,9,0.02027,30,0.977882,0.356008,0.459338,0.049986
8080,5,9,0.02027,70,1.074805,0.333305,0.427002,0.032315
8080,13,9,0.02027,38,1.042447,0.362837,0.451716,0.061417
8100,91,13,0.028953,56,1.100611,0.333662,0.45397,0.045241
8100,53,11,0.024499,90,0.984472,0.338778,0.405483,0.0424
8100,66,10,0.022272,82,0.899413,0.284568,0.440714,0.047394
8100,82,10,0.022272,89,0.908622,0.350149,0.469426,0.04313
8100,2,9,0.020045,30,0.977882,0.356008,0.459338,0.049986
8100,5,9,0.020045,70,1.074805,0.333305,0.427002,0.032315
8100,13,9,0.020045,38,1.042447,0.362837,0.451716,0.061417
8100,28,9,0.020045,55,0.973907,0.334694,0.396034,0.047422
8120,91,13,0.028953,56,1.100611,0.333662,0.45397,0.045241
8120,53,11,0.024499,90,0.984472,0.338778,0.405483,0.0424
8120,82,11,0.024499,90,0.908304,0.346465,0.463561,0.041941
8120,66,10,0.022272,82,0.899413,0.284568,0.440714,0.047394
8120,2,9,0.020045,30,0.977882,0.356008,0.459338,0.049986
8120,13,9,0.020045,38,1.042447,0.362837,0.451716,0.061417
8120,28,9,0.020045,55,0.973907,0.334694,0.396034,0.047422
8120,42,9,0.020045,43,0.984646,0.359208,0.390749,0.050744
8140,91,13,0.028698,56,1.100611,0.333662,0.45397,0.045241
8140,53,11,0.024283,90,0.984472,0.338778,0.405483,0.0424
8140,66,11,0.024283,83,0.910954,0.283932,0.441456,0.047912
8140,82,11,0.024283,90,0.908304,0.346465,0.463561,0.041941
8140,2,9,0.019868,30,0.977882,0.356008,0.459338,0.049986
8140,13,9,0.019868,38,1.042447,0.362837,0.451716,0.061417
8140,28,9,0.019868,55,0.973907,0.334694,0.396034,0.047422
8140,42,9,0.019868,43,0.984646,0.359208,0.390749,0.050744
8160,91,13,0.028953,56,1.100611,0.333662,0.45397,0.045241
8160,53,11,0.024499,90,0.984472,0.338778,0.405483,0.0424
8160,66,11,0.024499,83,0.910954,0.283932,0.441456,0.047912
8160,56,10,0.022272,53,1.000405,0.437372,0.36431,0.043215
8160,2,9,0.020045,31,0.967943,0.354167,0.460648,0.049757
8160,5,9,0.020045,72,1.091666,0.331822,0.431518,0.033223
8160,13,9,0.020045,38,1.042447,0.362837,0.451716,0.061417
8160,42,9,0.020045,43,0.984646,0.359208,0.390749,0.050744
8180,91,13,0.029018,56,1.100611,0.333662,0.45397,0.045241
8180,53,11,0.024554,90,0.984472,0.338778,0.405483,0.0424
8180,66,11,0.024554,83,0.910954,0.283932,0.441456,0.047912
8180,56,10,0.022321,53,1.000405,0.437372,0.36431,0.043215
8180,2,9,0.020089,31,0.967943,0.354167,0.460648,0.049757
8180,5,9,0.020089,72,1.091666,0.331822,0.431518,0.033223
8180,13,9,0.020089,38,1.042447,0.362837,0.451716,0.061417
8180,82,9,0.020089,90,0.908073,0.348037,0.45958,0.040988
8200,91,13,0.029213,56,1.100611,0.333662,0.45397,0.045241
8200,53,11,0.024719,90,0.984472,0.338778,0.405483,0.0424
8200,66,11,0.024719,83,0.910954,0.283932,0.441456,0.047912
8200,90,10,0.022472,98,1.020281,0.342843,0.415338,0.043552
8200,2,9,0.020225,31,0.967943,0.354167,0.460648,0.049757
8200,5,9,0.020225,72,1.091666,0.331822,0.431518,0.033223
8200,13,9,0.020225,38,1.042447,0.362837,0.451716,0.061417
8200,56,9,0.020225,53,1.00588,0.436836,0.365365,0.043442
8220,91,13,0.028889,56,1.100611,0.333662,0.45397,0.045241
8220,53,12,0.026667,91,0.990024,0.339987,0.406642,0.042024
8220,66,11,0.024444,83,0.910954,0.283932,0.441456,0.047912
8220,90,11,0.024444,99,1.017568,0.341511,0.415221,0.043766
8220,5,10,0.022222,73,1.092396,0.331225,0.431903,0.033947
8220,13,10,0.022222,39,1.050976,0.367696,0.448034,0.060622
8220,2,9,0.02,31,0.967943,0.354167,0.460648,0.049757
8220,56,9,0.02,53,1.00588,0.436836,0.365365,0.043442
8240,53,14,0.03139,93,0.984566,0.335068,0.405136,0.041469
8240,91,13,0.029148,56,1.100611,0.333662,0.45397,0.045241
8240,66,11,0.024664,83,0.910954,0.283932,0.441456,0.047912
8240,90,11,0.024664,99,1.017568,0.341511,0.415221,0.043766
8240,5,10,0.022422,73,1.092396,0.331225,0.431903,0.033947
8240,13,10,0.022422,39,1.050976,0.367696,0.448034,0.060622
8240,2,9,0.020179,31,0.967943,0.354167,0.460648,0.049757
8240,72,9,0.020179,66,0.93963,0.36465,0.478811,0.049704
8260,53,14,0.031461,93,0.984566,0.335068,0.405136,0.041469
8260,91,13,0.029213,56,1.100611,0.333662,0.45397,0.045241
8260,66,12,0.026966,84,0.914686,0.288832,0.442603,0.047348
8260,5,10,0.022472,73,1.092396,0.331225,0.431903,0.033947
8260,90,10,0.022472,99,1.007074,0.338546,0.417163,0.044794
8260,2,9,0.020225,31,0.967943,0.354167,0.460648,0.049757
8260,13,9,0.020225,39,1.057355,0.371894,0.445554,0.060968
8260,75,9,0.020225,88,0.977997,0.358059,0.457328,0.063596
8280,53,14,0.031603,93,0.984566,0.335068,0.405136,0.041469
8280,66,12,0.027088,84,0.914686,0.288832,0.442603,0.047348
8280,91,12,0.027088,56,1.111139,0.332656,0.458769,0.045183
8280,5,11,0.024831,74,1.078608,0.332971,0.430109,0.033764
8280,75,10,0.022573,89,0.984539,0.357537,0.454304,0.063691
8280,2,9,0.020316,31,0.967943,0.354167,0.460648,0.049757
8280,13,9,0.020316,39,1.057355,0.371894,0.445554,0.060968
8280,27,9,0.020316,64,1.002837,0.403802,0.411598,0.040791
8300,53,15,0.033408,94,0.990742,0.335548,0.406059,0.041542
8300,91,12,0.026726,56,1.111139,0.332656,0.458769,0.045183
8300,5,11,0.024499,74,1.078608,0.332971,0.430109,0.033764
8300,66,11,0.024499,84,0.910922,0.289089,0.44587,0.047621
8300,13,10,0.022272,40,1.051164,0.375947,0.44205,0.059607
8300,75,10,0.022272,89,0.984539,0.357537,0.454304,0.063691
8300,90,10,0.022272,100,1.002858,0.335347,0.420244,0.045413
8300,2,9,0.020045,31,0.967943,0.354167,0.460648,0.049757
8320,53,16,0.035874,95,0.989122,0.334668,0.405659,0.041459
8320,91,12,0.026906,56,1.111139,0.332656,0.458769,0.045183
8320,5,11,0.024664,74,1.078608,0.332971,0.430109,0.033764
8320,66,11,0.024664,84,0.910922,0.289089,0.44587,0.047621
8320,13,10,0.022422,40,1.051164,0.375947,0.44205,0.059607
8320,90,10,0.022422,100,1.002858,0.335347,0.420244,0.045413
8320,2,9,0.020179,31,0.967943,0.354167,0.460648,0.049757
8320,22,9,0.020179,42,1.012503,0.333514,0.387812,0.05818
8340,53,14,0.031603,95,0.999655,0.331451,0.406931,0.040967
8340,91,12,0.027088,56,1.111139,0.332656,0.458769,0.045183
8340,5,11,0.024831,74,1.078608,0.332971,0.430109,0.033764
8340,66,11,0.024831,84,0.910922,0.289089,0.44587,0.047621
8340,13,10,0.022573,40,1.051164,0.375947,0.44205,0.059607
8340,90,10,0.022573,100,1.002858,0.335347,0.420244,0.045413
8340,22,9,0.020316,42,1.012503,0.333514,0.387812,0.05818
8340,27,9,0.020316,66,1.01062,0.415408,0.412393,0.043664
8360,53,13,0.029083,95,0.998754,0.328244,0.404091,0.040323
8360,91,12,0.026846,56,1.111139,0.332656,0.458769,0.045183
8360,5,11,0.024609,75,1.095758,0.332104,0.422284,0.034131
8360,27,10,0.022371,67,1.021901,0.419852,0.414339,0.044122
8360,66,10,0.022371,84,0.915873,0.291844,0.445469,0.047471
8360,13,9,0.020134,40,1.059302,0.38017,0.441371,0.059142
8360,28,9,0.020134,56,0.974337,0.342257,0.391737,0.047456
8360,42,9,0.020134,45,0.983137,0.36329,0.390297,0.051754
8380,53,14,0.031891,97,1.008322,0.328819,0.404581,0.039933
8380,91,12,0.027335,56,1.111139,0.332656,0.458769,0.045183
8380,5,10,0.022779,75,1.085317,0.331157,0.421076,0.033951
8380,13,10,0.022779,41,1.06217,0.382014,0.436015,0.059716
8380,27,10,0.022779,67,1.021901,0.419852,0.414339,0.044122
8380,66,10,0.022779,84,0.915873,0.291844,0.445469,0.047471
8380,28,9,0.020501,56,0.974337,0.342257,0.391737,0.047456
8380,42,9,0.020501,45,0.983137,0.36329,0.390297,0.051754
8400,53,13,0.02968,97,1.011021,0.332271,0.406325,0.040327
8400,91,12,0.027397,56,1.111139,0.332656,0.458769,0.045183
8400,5,10,0.022831,75,1.085317,0.331157,0.421076,0.033951
8400,13,10,0.022831,41,1.06217,0.382014,0.436015,0.059716
8400,27,10,0.022831,67,1.021901,0.419852,0.414339,0.044122
8400,66,10,0.022831,84,0.915873,0.291844,0.445469,0.047471
8400,73,10,0.022831,89,1.189561,0.393044,0.500318,0.047997
8400,82,10,0.022831,93,0.902206,0.357218,0.469829,0.040387
8420,53,13,0.029148,97,1.011021,0.332271,0.406325,0.040327
8420,91,12,0.026906,56,1.111139,0.332656,0.458769,0.045183
8420,27,11,0.024664,68,1.027194,0.426145,0.414216,0.044313
8420,5,10,0.022422,75,1.085317,0.331157,0.421076,0.033951
8420,13,10,0.022422,41,1.06217,0.382014,0.436015,0.059716
8420,28,10,0.022422,57,0.965347,0.338961,0.392771,0.048187
8420,42,10,0.022422,46,0.976919,0.368476,0.389619,0.051428
8420,73,10,0.022422,89,1.189561,0.393044,0.500318,0.047997
8440,91,13,0.028953,57,1.105093,0.330371,0.459598,0.044159
8440,27,12,0.026726,69,1.023124,0.431807,0.414906,0.045026
8440,53,12,0.026726,97,1.014563,0.334713,0.40713,0.041071
8440,73,12,0.026726,91,1.208772,0.394854,0.505426,0.046718
8440,5,10,0.022272,75,1.085317,0.331157,0.421076,0.033951
8440,28,10,0.022272,57,0.965347,0.338961,0.392771,0.048187
8440,42,10,0.022272,46,0.976919,0.368476,0.389619,0.051428
8440,56,10,0.022272,56,1.024199,0.44117,0.361432,0.042102
8460,91,13,0.028322,57,1.105093,0.330371,0.459598,0.044159
8460,27,12,0.026144,69,1.023124,0.431807,0.414906,0.045026
8460,53,12,0.026144,99,1.018752,0.33442,0.405578,0.040758
8460,73,12,0.026144,91,1.208772,0.394854,0.505426,0.046718
8460,5,11,0.023965,76,1.095938,0.32912,0.416966,0.033892
8460,28,10,0.021786,57,0.965347,0.338961,0.392771,0.048187
8460,42,10,0.021786,46,0.976919,0.368476,0.389619,0.051428
8460,56,10,0.021786,56,1.024199,0.44117,0.361432,0.042102
8480,73,15,0.032258,94,1.236269,0.390825,0.507171,0.046797
8480,91,13,0.027957,57,1.105093,0.330371,0.459598,0.044159
8480,27,12,0.025806,69,1.023124,0.431807,0.414906,0.045026
8480,53,12,0.025806,99,1.018752,0.33442,0.405578,0.040758
8480,56,11,0.023656,57,1.032632,0.442668,0.358628,0.042438
8480,82,11,0.023656,95,0.903821,0.359533,0.471949,0.040754
8480,5,10,0.021505,76,1.095635,0.329446,0.415126,0.033236
8480,28,10,0.021505,57,0.965347,0.338961,0.392771,0.048187
8500,73,15,0.032538,94,1.236269,0.390825,0.507171,0.046797
8500,27,13,0.0282,70,1.021913,0.432787,0.415268,0.044776
8500,91,13,0.0282,57,1.105093,0.330371,0.459598,0.044159
8500,53,11,0.023861,99,1.020648,0.337466,0.406841,0.041413
8500,56,11,0.023861,57,1.032632,0.442668,0.358628,0.042438
8500,82,11,0.023861,95,0.903821,0.359533,0.471949,0.040754
8500,28,10,0.021692,57,0.965347,0.338961,0.392771,0.048187
8500,5,9,0.019523,76,1.097257,0.329534,0.409819,0.032534
8520,73,15,0.032895,94,1.236269,0.390825,0.507171,0.046797
8520,91,14,0.030702,58,1.108762,0.327703,0.464377,0.04339
8520,27,13,0.028509,70,1.021913,0.432787,0.415268,0.044776
8520,53,11,0.024123,99,1.020648,0.337466,0.406841,0.041413
8520,82,11,0.024123,95,0.903821,0.359533,0.471949,0.040754
8520,5,10,0.02193,77,1.087026,0.329804,0.412586,0.032053
8520,28,10,0.02193,57,0.965347,0.338961,0.392771,0.048187
8520,2,9,0.019737,33,0.963398,0.350093,0.459043,0.049999
8540,73,14,0.030238,94,1.25189,0.388719,0.509104,0.046855
8540,91,14,0.030238,58,1.108762,0.327703,0.464377,0.04339
8540,53,13,0.028078,101,1.031378,0.342591,0.40616,0.042212
8540,27,12,0.025918,70,1.023087,0.431414,0.415966,0.044599
8540,82,11,0.023758,95,0.903821,0.359533,0.471949,0.040754
8540,5,10,0.021598,77,1.087026,0.329804,0.412586,0.032053
8540,28,10,0.021598,57,0.965347,0.338961,0.392771,0.048187
8540,2,9,0.019438,33,0.963398,0.350093,0.459043,0.049999
8560,73,14,0.030303,94,1.25189,0.388719,0.509104,0.046855
8560,91,14,0.030303,58,1.108762,0.327703,0.464377,0.04339
8560,27,12,0.025974,70,1.023087,0.431414,0.415966,0.044599
8560,53,12,0.025974,101,1.03387,0.344928,0.405663,0.042141
8560,82,11,0.02381,95,0.903821,0.359533,0.471949,0.040754
8560,28,10,0.021645,57,0.965347,0.338961,0.392771,0.048187
8560,2,9,0.019481,33,0.963398,0.350093,0.459043,0.049999
8560,5,9,0.019481,77,1.067011,0.330695,0.41762,0.032048
8580,91,14,0.030568,58,1.108762,0.327703,0.464377,0.04339
8580,73,13,0.028384,94,1.272374,0.38414,0.511352,0.046559
8580,27,12,0.026201,71,1.022881,0.428728,0.415688,0.04414
8580,53,12,0.026201,101,1.03387,0.344928,0.405663,0.042141
8580,82,12,0.026201,96,0.898603,0.360846,0.475547,0.04033
8580,5,10,0.021834,78,1.084113,0.329146,0.413619,0.032582
8580,28,10,0.021834,57,0.965347,0.338961,0.392771,0.048187
8580,90,10,0.021834,104,0.985254,0.331987,0.422225,0.046802
8600,91,14,0.030501,58,1.108762,0.327703,0.464377,0.04339
8600,73,13,0.028322,95,1.279072,0.382629,0.512423,0.047396
8600,27,12,0.026144,71,1.022881,0.428728,0.415688,0.04414
8600,53,12,0.026144,102,1.035438,0.343031,0.407195,0.04199
8600,82,12,0.026144,96,0.898603,0.360846,0.475547,0.04033
8600,5,10,0.021786,78,1.084113,0.329146,0.413619,0.032582
8600,28,10,0.021786,57,0.965347,0.338961,0.392771,0.048187
8600,90,10,0.021786,104,0.985254,0.331987,0.422225,0.046802
8620,91,13,0.028384,58,1.096835,0.325741,0.465698,0.042508
8620,27,12,0.026201,71,1.022881,0.428728,0.415688,0.04414
8620,53,12,0.026201,102,1.035438,0.343031,0.407195,0.04199
8620,82,12,0.026201,96,0.898603,0.360846,0.475547,0.04033
8620,73,11,0.024017,95,1.309551,0.37797,0.514073,0.047704
8620,5,10,0.021834,78,1.084113,0.329146,0.413619,0.032582
8620,28,10,0.021834,57,0.965347,0.338961,0.392771,0.048187
8620,90,10,0.021834,104,0.985254,0.331987,0.422225,0.046802
8640,53,12,0.026258,102,1.035438,0.343031,0.407195,0.04199
8640,82,12,0.026258,96,0.898603,0.360846,0.475547,0.04033
8640,91,12,0.026258,58,1.102193,0.32764,0.465377,0.043394
8640,27,11,0.02407,71,1.01374,0.425899,0.414217,0.043766
8640,73,11,0.02407,95,1.309551,0.37797,0.514073,0.047704
8640,5,10,0.021882,78,1.084113,0.329146,0.413619,0.032582
8640,22,9,0.019694,47,0.944136,0.356638,0.413687,0.059735
8640,28,9,0.019694,57,0.965583,0.337148,0.393151,0.047789
8660,27,12,0.026258,72,1.01015,0.426981,0.412583,0.0437
8660,82,12,0.026258,96,0.898603,0.360846,0.475547,0.04033
8660,91,12,0.026258,58,1.102193,0.32764,0.465377,0.043394
8660,53,11,0.02407,102,1.039018,0.347331,0.408048,0.04272
8660,73,11,0.02407,95,1.309551,0.37797,0.514073,0.047704
8660,5,10,0.021882,78,1.084113,0.329146,0.413619,0.032582
8660,2,9,0.019694,35,0.984724,0.342017,0.457038,0.050802
8660,13,9,0.019694,44,1.065883,0.382472,0.446637,0.06102
8680,73,13,0.028078,97,1.309801,0.377205,0.523386,0.047073
8680,27,12,0.025918,72,1.01015,0.426981,0.412583,0.0437
8680,53,12,0.025918,103,1.040412,0.349716,0.408694,0.042121
8680,91,12,0.025918,58,1.102193,0.32764,0.465377,0.043394
8680,82,11,0.023758,96,0.89346,0.358719,0.46844,0.040297
8680,28,10,0.021598,58,0.97802,0.33731,0.392066,0.047206
8680,2,9,0.019438,35,0.984724,0.342017,0.457038,0.050802
8680,5,9,0.019438,78,1.070998,0.331412,0.417814,0.032501
8700,53,13,0.028322,104,1.031828,0.354515,0.4077,0.043574
8700,91,12,0.026144,58,1.102193,0.32764,0.465377,0.043394
8700,27,11,0.023965,72,1.000943,0.434984,0.408528,0.044113
8700,73,11,0.023965,97,1.300674,0.376819,0.524964,0.047952
8700,56,10,0.021786,58,1.024803,0.429553,0.358798,0.042205
8700,82,10,0.021786,96,0.88563,0.358077,0.464429,0.040384
8700,90,10,0.021786,106,0.986117,0.331185,0.418857,0.048945
8700,2,9,0.019608,35,0.984724,0.342017,0.457038,0.050802
8720,53,13,0.028571,104,1.031828,0.354515,0.4077,0.043574
8720,91,12,0.026374,58,1.102193,0.32764,0.465377,0.043394
8720,27,11,0.024176,72,1.000943,0.434984,0.408528,0.044113
8720,73,11,0.024176,97,1.300674,0.376819,0.524964,0.047952
8720,90,11,0.024176,107,0.997758,0.3364,0.42039,0.048476
8720,56,10,0.021978,58,1.024803,0.429553,0.358798,0.042205
8720,82,10,0.021978,96,0.88563,0.358077,0.464429,0.040384
8720,5,9,0.01978,78,1.070998,0.331412,0.417814,0.032501
8740,53,12,0.026549,104,1.025847,0.355625,0.40617,0.044153
8740,91,12,0.026549,58,1.102193,0.32764,0.465377,0.043394
8740,27,11,0.024336,72,1.000943,0.434984,0.408528,0.044113
8740,5,10,0.022124,79,1.068443,0.328485,0.420755,0.032271
8740,13,10,0.022124,45,1.050303,0.380179,0.440238,0.060486
8740,56,10,0.022124,58,1.024803,0.429553,0.358798,0.042205
8740,73,10,0.022124,97,1.292811,0.375998,0.522503,0.048828
8740,90,10,0.022124,107,0.998502,0.341024,0.418148,0.048377
8760,53,12,0.026608,105,1.029377,0.356798,0.40288,0.04541
8760,91,12,0.026608,58,1.102193,0.32764,0.465377,0.043394
8760,5,11,0.02439,80,1.070992,0.326809,0.422034,0.032345
8760,27,11,0.02439,72,1.000943,0.434984,0.408528,0.044113
8760,73,10,0.022173,97,1.292811,0.375998,0.522503,0.048828
8760,13,9,0.019956,45,1.060719,0.389856,0.442125,0.061197
8760,28,9,0.019956,58,0.988417,0.340423,0.390954,0.046366
8760,42,9,0.019956,47,0.96695,0.376048,0.390693,0.050363
8780,53,13,0.028509,106,1.026052,0.352497,0.401957,0.044932
8780,91,12,0.026316,58,1.102193,0.32764,0.465377,0.043394
8780,5,11,0.024123,80,1.070992,0.326809,0.422034,0.032345
8780,27,10,0.02193,72,0.993604,0.433942,0.408209,0.043398
8780,66,10,0.02193,88,0.897898,0.293667,0.446018,0.046901
8780,73,10,0.02193,97,1.292811,0.375998,0.522503,0.048828
8780,90,10,0.02193,108,1.001367,0.339989,0.419159,0.047173
8780,4,9,0.019737,55,0.911018,0.330103,0.376607,0.044758
8800,53,13,0.028384,106,1.026052,0.352497,0.401957,0.044932
8800,91,12,0.026201,58,1.102193,0.32764,0.465377,0.043394
8800,73,11,0.024017,98,1.272319,0.384356,0.515137,0.049123
8800,5,10,0.021834,80,1.054288,0.327969,0.426476,0.031841
8800,27,10,0.021834,72,0.993604,0.433942,0.408209,0.043398
8800,28,10,0.021834,59,0.985628,0.341479,0.3942,0.046973
8800,66,10,0.021834,88,0.897898,0.293667,0.446018,0.046901
8800,90,10,0.021834,108,1.001367,0.339989,0.419159,0.047173
8820,53,13,0.028261,106,1.026052,0.352497,0.401957,0.044932
8820,91,13,0.028261,59,1.103352,0.330096,0.464477,0.044015
8820,73,11,0.023913,98,1.272319,0.384356,0.515137,0.049123
8820,5,10,0.021739,80,1.054288,0.327969,0.426476,0.031841
8820,27,10,0.021739,72,0.993604,0.433942,0.408209,0.043398
8820,28,10,0.021739,59,0.985628,0.341479,0.3942,0.046973
8820,66,10,0.021739,88,0.897898,0.293667,0.446018,0.046901
8820,90,10,0.021739,108,1.001367,0.339989,0.419159,0.047173
8840,53,13,0.0282,106,1.026052,0.352497,0.401957,0.044932
8840,91,13,0.0282,59,1.103352,0.330096,0.464477,0.044015
8840,73,11,0.023861,98,1.272319,0.384356,0.515137,0.049123
8840,90,11,0.023861,109,1.000379,0.341282,0.419301,0.047357
8840,5,10,0.021692,80,1.054288,0.327969,0.426476,0.031841
8840,13,10,0.021692,46,1.050288,0.379454,0.437914,0.060051
8840,27,10,0.021692,73,1.004693,0.424783,0.413871,0.043446
8840,28,10,0.021692,59,0.985628,0.341479,0.3942,0.046973
8860,53,14,0.030501,108,1.0223,0.342878,0.404808,0.044202
8860,91,13,0.028322,59,1.103352,0.330096,0.464477,0.044015
8860,5,11,0.023965,81,1.057407,0.329116,0.425701,0.031918
8860,27,10,0.021786,73,1.004693,0.424783,0.413871,0.043446
8860,66,10,0.021786,88,0.897898,0.293667,0.446018,0.046901
8860,73,10,0.021786,98,1.269091,0.388162,0.516094,0.04914
8860,8,9,0.019608,52,1.132729,0.339032,0.45072,0.057689
8860,13,9,0.019608,46,1.04562,0.379037,0.440446,0.05985
8880,53,14,0.030435,108,1.0223,0.342878,0.404808,0.044202
8880,91,13,0.028261,59,1.103352,0.330096,0.464477,0.044015
8880,73,11,0.023913,99,1.270588,0.391234,0.521939,0.048161
8880,5,10,0.021739,81,1.058603,0.331814,0.423549,0.03209
8880,27,10,0.021739,73,1.004693,0.424783,0.413871,0.043446
8880,66,10,0.021739,88,0.897898,0.293667,0.446018,0.046901
8880,8,9,0.019565,52,1.132729,0.339032,0.45072,0.057689
8880,13,9,0.019565,46,1.04562,0.379037,0.440446,0.05985
8900,53,13,0.028139,108,1.022719,0.346762,0.405226,0.044844
8900,73,13,0.028139,101,1.265538,0.387027,0.511897,0.048469
8900,91,13,0.028139,59,1.103352,0.330096,0.464477,0.044015
8900,13,10,0.021645,47,1.03819,0.369056,0.435026,0.058115
8900,27,10,0.021645,73,1.004693,0.424783,0.413871,0.043446
8900,66,10,0.021645,88,0.897898,0.293667,0.446018,0.046901
8900,5,9,0.019481,82,1.056512,0.333691,0.419535,0.032812
8900,28,9,0.019481,59,0.974038,0.34178,0.395523,0.04753
8920,91,13,0.028139,59,1.103352,0.330096,0.464477,0.044015
8920,53,12,0.025974,108,1.025766,0.350585,0.406421,0.045314
8920,73,12,0.025974,101,1.261916,0.392591,0.505502,0.047712
8920,27,11,0.02381,74,1.012433,0.417117,0.416715,0.043214
8920,13,10,0.021645,47,1.03819,0.369056,0.435026,0.058115
8920,66,10,0.021645,88,0.897898,0.293667,0.446018,0.046901
8920,5,9,0.019481,82,1.056512,0.333691,0.419535,0.032812
8920,28,9,0.019481,59,0.974038,0.34178,0.395523,0.04753
8940,91,13,0.0282,59,1.103352,0.330096,0.464477,0.044015
8940,53,12,0.02603,109,1.023764,0.346453,0.407811,0.044902
8940,73,12,0.02603,101,1.261916,0.392591,0.505502,0.047712
8940,27,11,0.023861,74,1.012433,0.417117,0.416715,0.043214
8940,13,10,0.021692,47,1.03819,0.369056,0.435026,0.058115
8940,66,10,0.021692,88,0.897898,0.293667,0.446018,0.046901
8940,72,10,0.021692,73,0.979674,0.371597,0.465845,0.046867
8940,2,9,0.019523,39,0.984614,0.347289,0.456567,0.053066
8960,91,13,0.028261,59,1.103352,0.330096,0.464477,0.044015
8960,27,12,0.026087,75,1.011978,0.419295,0.41599,0.042245
8960,53,12,0.026087,109,1.023764,0.346453,0.407811,0.044902
8960,73,12,0.026087,101,1.261916,0.392591,0.505502,0.047712
8960,13,10,0.021739,47,1.03819,0.369056,0.435026,0.058115
8960,82,10,0.021739,100,0.886996,0.370983,0.472534,0.039919
8960,5,9,0.019565,83,1.066355,0.330883,0.420186,0.03327
8960,8,9,0.019565,53,1.148611,0.342746,0.452793,0.056064
8980,91,13,0.028384,59,1.103352,0.330096,0.464477,0.044015
8980,27,12,0.026201,75,1.011978,0.419295,0.41599,0.042245
8980,73,12,0.026201,101,1.261916,0.392591,0.505502,0.047712
8980,53,11,0.024017,109,1.025489,0.352823,0.406855,0.044956
8980,13,10,0.021834,47,1.03819,0.369056,0.435026,0.058115
8980,82,10,0.021834,100,0.886996,0.370983,0.472534,0.039919
8980,19,9,0.019651,29,1.054771,0.368674,0.386704,0.042718
8980,28,9,0.019651,59,0.974038,0.34178,0.395523,0.04753
9000,91,14,0.030568,61,1.093712,0.326482,0.464766,0.043422
9000,27,12,0.026201,75,1.011978,0.419295,0.41599,0.042245
9000,53,12,0.026201,110,1.023618,0.348955,0.407248,0.043692
9000,73,12,0.026201,101,1.261916,0.392591,0.505502,0.047712
9000,13,10,0.021834,47,1.03819,0.369056,0.435026,0.058115
9000,82,10,0.021834,100,0.886996,0.370983,0.472534,0.039919
9000,28,9,0.019651,59,0.974038,0.34178,0.395523,0.04753
9000,56,9,0.019651,61,1.015039,0.422541,0.361499,0.043073
9020,91,14,0.030769,61,1.093712,0.326482,0.464766,0.043422
9020,53,13,0.028571,111,1.018042,0.343286,0.408048,0.043487
9020,73,12,0.026374,102,1.268131,0.39663,0.506211,0.04762
9020,27,11,0.024176,75,1.015035,0.412495,0.415399,0.041279
9020,13,10,0.021978,47,1.03819,0.369056,0.435026,0.058115
9020,82,10,0.021978,100,0.886996,0.370983,0.472534,0.039919
9020,28,9,0.01978,59,0.974038,0.34178,0.395523,0.04753
9020,32,9,0.01978,97,0.911503,0.348887,0.379144,0.052606
9040,91,13,0.028384,61,1.091901,0.323937,0.465618,0.042804
9040,73,12,0.026201,102,1.268131,0.39663,0.506211,0.04762
9040,27,11,0.024017,75,1.015035,0.412495,0.415399,0.041279
9040,53,11,0.024017,111,1.014273,0.347154,0.406883,0.043968
9040,82,11,0.024017,101,0.883315,0.368342,0.466428,0.039475
9040,13,10,0.021834,47,1.03819,0.369056,0.435026,0.058115
9040,5,9,0.019651,84,1.062123,0.333221,0.418914,0.033621
9040,28,9,0.019651,59,0.974038,0.34178,0.395523,0.04753
9060,91,14,0.030108,62,1.094017,0.329683,0.465763,0.042887
9060,73,13,0.027957,103,1.26813,0.400774,0.512219,0.046649
9060,27,11,0.023656,75,1.015035,0.412495,0.415399,0.041279
9060,53,11,0.023656,112,1.012957,0.349531,0.405536,0.045074
9060,82,11,0.023656,101,0.883315,0.368342,0.466428,0.039475
9060,5,10,0.021505,85,1.060107,0.333488,0.41986,0.032972
9060,28,10,0.021505,60,0.964918,0.347442,0.39499,0.047129
9060,66,10,0.021505,90,0.900005,0.285999,0.451792,0.04695
9080,91,14,0.030303,62,1.094017,0.329683,0.465763,0.042887
9080,73,13,0.028139,104,1.265421,0.392273,0.507155,0.047138
9080,53,12,0.025974,113,1.015193,0.34454,0.405384,0.044469
9080,27,11,0.02381,75,1.015035,0.412495,0.415399,0.041279
9080,82,11,0.02381,102,0.883385,0.370267,0.481044,0.038256
9080,5,10,0.021645,85,1.060107,0.333488,0.41986,0.032972
9080,95,10,0.021645,34,1.111334,0.428595,0.405491,0.041209
9080,8,9,0.019481,56,1.180146,0.344847,0.454306,0.053964
9100,91,14,0.029851,62,1.094017,0.329683,0.465763,0.042887
9100,53,13,0.027719,114,1.014775,0.339954,0.406543,0.044505
9100,73,13,0.027719,104,1.265421,0.392273,0.507155,0.047138
9100,82,12,0.025586,104,0.899605,0.36646,0.490088,0.038315
9100,5,11,0.023454,86,1.052293,0.334432,0.4231,0.032659
9100,27,11,0.023454,75,1.015035,0.412495,0.415399,0.041279
9100,95,10,0.021322,34,1.111334,0.428595,0.405491,0.041209
9100,8,9,0.01919,56,1.180146,0.344847,0.454306,0.053964
9120,91,15,0.032051,63,1.101239,0.331357,0.466029,0.042844
9120,73,13,0.027778,104,1.265421,0.392273,0.507155,0.047138
9120,53,12,0.025641,114,1.021939,0.333942,0.40744,0.04313
9120,82,12,0.025641,104,0.899605,0.36646,0.490088,0.038315
9120,5,11,0.023504,86,1.052293,0.334432,0.4231,0.032659
9120,27,11,0.023504,75,1.015035,0.412495,0.415399,0.041279
9120,95,10,0.021368,34,1.111334,0.428595,0.405491,0.041209
9120,2,9,0.019231,40,0.951138,0.359683,0.458788,0.052673
9140,91,15,0.03212,63,1.101239,0.331357,0.466029,0.042844
9140,73,14,0.029979,105,1.254246,0.3911,0.503691,0.047984
9140,82,12,0.025696,104,0.899605,0.36646,0.490088,0.038315
9140,5,11,0.023555,86,1.052293,0.334432,0.4231,0.032659
9140,53,11,0.023555,114,1.028376,0.339277,0.406512,0.043321
9140,2,10,0.021413,41,0.937064,0.368674,0.464249,0.052655
9140,27,10,0.021413,75,1.012507,0.41902,0.412237,0.041066
9140,95,10,0.021413,34,1.111334,0.428595,0.405491,0.041209
9160,73,14,0.029915,105,1.254246,0.3911,0.503691,0.047984
9160,91,13,0.027778,63,1.111087,0.339056,0.462227,0.043847
9160,53,12,0.025641,115,1.029028,0.335948,0.405537,0.042045
9160,82,12,0.025641,104,0.899605,0.36646,0.490088,0.038315
9160,5,11,0.023504,86,1.052293,0.334432,0.4231,0.032659
9160,2,10,0.021368,41,0.937064,0.368674,0.464249,0.052655
9160,8,10,0.021368,57,1.174065,0.342443,0.453351,0.054252
9160,27,10,0.021368,75,1.012507,0.41902,0.412237,0.041066
9180,5,13,0.027601,88,1.050028,0.33655,0.425713,0.032111
9180,91,13,0.027601,63,1.111087,0.339056,0.462227,0.043847
9180,53,12,0.025478,115,1.029028,0.335948,0.405537,0.042045
9180,73,12,0.025478,105,1.264892,0.381811,0.504135,0.04917
9180,82,12,0.025478,104,0.899605,0.36646,0.490088,0.038315
9180,2,10,0.021231,41,0.937064,0.368674,0.464249,0.052655
9180,8,10,0.021231,57,1.174065,0.342443,0.453351,0.054252
9180,27,10,0.021231,75,1.012507,0.41902,0.412237,0.041066
9200,5,13,0.027542,88,1.050028,0.33655,0.425713,0.032111
9200,91,13,0.027542,63,1.111087,0.339056,0.462227,0.043847
9200,73,12,0.025424,106,1.292044,0.384906,0.500534,0.050301
9200,53,11,0.023305,115,1.031392,0.338633,0.404989,0.043158
9200,82,11,0.023305,104,0.894402,0.364614,0.487579,0.037896
9200,0,10,0.021186,57,1.091399,0.327918,0.399016,0.043387
9200,2,10,0.021186,41,0.937064,0.368674,0.464249,0.052655
9200,8,10,0.021186,57,1.174065,0.342443,0.453351,0.054252
9220,91,13,0.027601,63,1.111087,0.339056,0.462227,0.043847
9220,5,12,0.025478,88,1.0507,0.336605,0.425491,0.032526
9220,53,12,0.025478,116,1.035761,0.339216,0.407413,0.042703
9220,73,11,0.023355,106,1.289229,0.385699,0.502747,0.05064
9220,82,11,0.023355,104,0.894402,0.364614,0.487579,0.037896
9220,90,11,0.023355,115,0.978741,0.340684,0.428056,0.045776
9220,2,10,0.021231,41,0.937064,0.368674,0.464249,0.052655
9220,8,10,0.021231,57,1.174065,0.342443,0.453351,0.054252
9240,53,13,0.0282,117,1.035347,0.337237,0.408722,0.041875
9240,73,13,0.0282,108,1.288924,0.385488,0.51111,0.050332
9240,91,13,0.0282,63,1.111087,0.339056,0.462227,0.043847
9240,28,11,0.023861,62,0.967688,0.358045,0.389896,0.046682
9240,2,10,0.021692,41,0.937064,0.368674,0.464249,0.052655
9240,8,10,0.021692,57,1.174065,0.342443,0.453351,0.054252
9240,27,10,0.021692,76,1.020212,0.423295,0.414009,0.041472
9240,42,10,0.021692,49,0.980466,0.387339,0.383698,0.049032
9260,73,15,0.031712,110,1.284917,0.380872,0.508797,0.051934
9260,53,14,0.029598,118,1.023433,0.343605,0.408827,0.042991
9260,91,13,0.027484,63,1.111087,0.339056,0.462227,0.043847
9260,28,12,0.02537,63,0.96305,0.362868,0.388925,0.045943
9260,42,11,0.023256,50,0.979108,0.390645,0.381757,0.0491
9260,2,10,0.021142,41,0.937064,0.368674,0.464249,0.052655
9260,5,10,0.021142,89,1.063868,0.337431,0.426014,0.031413
9260,8,10,0.021142,57,1.174065,0.342443,0.453351,0.054252
9280,73,15,0.031712,110,1.284917,0.380872,0.508797,0.051934
9280,53,13,0.027484,118,1.022174,0.347757,0.409221,0.04339
9280,28,12,0.02537,63,0.96305,0.362868,0.388925,0.045943
9280,91,12,0.02537,63,1.12266,0.343102,0.46199,0.044945
9280,27,11,0.023256,77,1.01873,0.42435,0.417399,0.041832
9280,2,10,0.021142,41,0.937064,0.368674,0.464249,0.052655
9280,5,10,0.021142,89,1.063868,0.337431,0.426014,0.031413
9280,8,10,0.021142,57,1.174065,0.342443,0.453351,0.054252
9300,73,15,0.031712,110,1.284917,0.380872,0.508797,0.051934
9300,53,14,0.029598,119,1.023381,0.346785,0.410025,0.04338
9300,27,12,0.02537,78,1.014666,0.429271,0.417805,0.041604
9300,28,12,0.02537,63,0.96305,0.362868,0.388925,0.045943
9300,91,12,0.02537,63,1.12266,0.343102,0.46199,0.044945
9300,42,11,0.023256,51,0.973878,0.400059,0.380241,0.049493
9300,2,10,0.021142,41,0.937064,0.368674,0.464249,0.052655
9300,5,10,0.021142,89,1.063868,0.337431,0.426014,0.031413
9320,53,15,0.031056,120,1.018293,0.355589,0.409831,0.044563
9320,73,15,0.031056,110,1.284917,0.380872,0.508797,0.051934
9320,27,12,0.024845,78,1.014666,0.429271,0.417805,0.041604
9320,28,12,0.024845,63,0.96305,0.362868,0.388925,0.045943
9320,42,12,0.024845,52,0.971976,0.400882,0.376745,0.049745
9320,91,12,0.024845,63,1.12266,0.343102,0.46199,0.044945
9320,2,10,0.020704,41,0.937064,0.368674,0.464249,0.052655
9320,5,10,0.020704,89,1.063868,0.337431,0.426014,0.031413
9340,73,15,0.031185,110,1.284917,0.380872,0.508797,0.051934
9340,53,14,0.029106,120,1.016652,0.352267,0.410463,0.044339
9340,42,13,0.027027,53,0.961918,0.401593,0.380897,0.049382
9340,28,12,0.024948,63,0.96305,0.362868,0.388925,0.045943
9340,91,12,0.024948,63,1.12266,0.343102,0.46199,0.044945
9340,27,11,0.022869,78,1.015366,0.428001,0.418695,0.042515
9340,2,10,0.02079,41,0.937064,0.368674,0.464249,0.052655
9340,56,10,0.02079,69,1.000213,0.420884,0.371767,0.040908
9360,73,15,0.03112,110,1.284917,0.380872,0.508797,0.051934
9360,42,14,0.029046,54,0.949747,0.402217,0.386087,0.049626
9360,53,14,0.029046,120,1.016652,0.352267,0.410463,0.044339
9360,27,12,0.024896,79,1.018727,0.432685,0.417845,0.042718
9360,91,12,0.024896,63,1.12266,0.343102,0.46199,0.044945
9360,28,11,0.022822,63,0.965584,0.368532,0.388325,0.045785
9360,2,10,0.020747,41,0.937064,0.368674,0.464249,0.052655
9360,56,10,0.020747,69,1.000213,0.420884,0.371767,0.040908
9380,73,16,0.033755,111,1.271273,0.383745,0.504311,0.051667
9380,42,14,0.029536,54,0.949747,0.402217,0.386087,0.049626
9380,53,14,0.029536,121,1.014507,0.355146,0.411371,0.045163
9380,91,12,0.025316,63,1.12266,0.343102,0.46199,0.044945
9380,27,11,0.023207,79,1.016569,0.430639,0.417783,0.042871
9380,28,11,0.023207,63,0.965584,0.368532,0.388325,0.045785
9380,2,10,0.021097,41,0.937064,0.368674,0.464249,0.052655
9380,56,10,0.021097,70,1.021629,0.437751,0.360005,0.041523
9400,73,16,0.033473,111,1.271273,0.383745,0.504311,0.051667
9400,42,14,0.029289,54,0.949747,0.402217,0.386087,0.049626
9400,53,13,0.027197,121,1.009175,0.355879,0.409625,0.045737
9400,91,12,0.025105,63,1.12266,0.343102,0.46199,0.044945
9400,27,11,0.023013,79,1.016569,0.430639,0.417783,0.042871
9400,28,11,0.023013,63,0.965584,0.368532,0.388325,0.045785
9400,56,11,0.023013,71,1.018798,0.440634,0.35804,0.042156
9400,2,10,0.020921,41,0.937064,0.368674,0.464249,0.052655
9420,73,16,0.033126,111,1.271273,0.383745,0.504311,0.051667
9420,42,14,0.028986,54,0.949747,0.402217,0.386087,0.049626
9420,53,13,0.026915,121,1.009175,0.355879,0.409625,0.045737
9420,28,12,0.024845,64,0.95962,0.37121,0.385746,0.045983
9420,91,12,0.024845,63,1.12266,0.343102,0.46199,0.044945
9420,2,11,0.022774,42,0.928292,0.368977,0.463563,0.053072
9420,27,11,0.022774,79,1.016569,0.430639,0.417783,0.042871
9420,5,10,0.020704,91,1.090147,0.331606,0.419883,0.032134
9440,73,16,0.03299,112,1.28918,0.38194,0.510869,0.051509
9440,42,13,0.026804,54,0.942111,0.39916,0.387052,0.050343
9440,2,12,0.024742,43,0.917301,0.373374,0.465908,0.054341
9440,27,12,0.024742,80,1.016461,0.437697,0.414078,0.04424
9440,28,12,0.024742,64,0.95962,0.37121,0.385746,0.045983
9440,53,12,0.024742,121,1.005332,0.354074,0.409277,0.045006
9440,91,12,0.024742,63,1.12266,0.343102,0.46199,0.044945
9440,66,11,0.02268,94,0.91829,0.293484,0.442855,0.046791
9460,73,17,0.034694,114,1.304977,0.38579,0.514904,0.050787
9460,42,13,0.026531,54,0.942111,0.39916,0.387052,0.050343
9460,2,12,0.02449,43,0.917301,0.373374,0.465908,0.054341
9460,27,12,0.02449,80,1.016461,0.437697,0.414078,0.04424
9460,53,12,0.02449,121,1.005332,0.354074,0.409277,0.045006
9460,91,12,0.02449,63,1.12266,0.343102,0.46199,0.044945
9460,28,11,0.022449,64,0.954094,0.371371,0.385359,0.045894
9460,66,11,0.022449,94,0.91829,0.293484,0.442855,0.046791
9480,73,18,0.03719,115,1.322078,0.386308,0.511196,0.051688
9480,42,13,0.02686,54,0.942111,0.39916,0.387052,0.050343
9480,53,12,0.024793,121,1.005332,0.354074,0.409277,0.045006
9480,91,12,0.024793,63,1.12266,0.343102,0.46199,0.044945
9480,2,11,0.022727,43,0.911674,0.379817,0.468878,0.054525
9480,28,11,0.022727,64,0.954094,0.371371,0.385359,0.045894
9480,66,11,0.022727,94,0.91829,0.293484,0.442855,0.046791
9480,13,10,0.020661,52,1.069794,0.38158,0.444892,0.057382
9500,73,16,0.033264,115,1.318792,0.385336,0.507855,0.052429
9500,42,13,0.027027,54,0.942111,0.39916,0.387052,0.050343
9500,91,12,0.024948,63,1.12266,0.343102,0.46199,0.044945
9500,2,11,0.022869,43,0.911674,0.379817,0.468878,0.054525
9500,28,11,0.022869,64,0.954094,0.371371,0.385359,0.045894
9500,53,11,0.022869,121,1.004929,0.36036,0.408261,0.045012
9500,66,11,0.022869,94,0.91829,0.293484,0.442855,0.046791
9500,5,10,0.02079,92,1.077765,0.336189,0.424521,0.031361
9520,73,15,0.031381,115,1.329125,0.38837,0.507644,0.05193
9520,42,13,0.027197,54,0.942111,0.39916,0.387052,0.050343
9520,2,12,0.025105,44,0.917463,0.379172,0.466289,0.055167
9520,91,12,0.025105,63,1.12266,0.343102,0.46199,0.044945
9520,27,11,0.023013,81,1.016877,0.448568,0.41049,0.045994
9520,28,11,0.023013,64,0.954094,0.371371,0.385359,0.045894
9520,66,11,0.023013,94,0.91829,0.293484,0.442855,0.046791
9520,5,10,0.020921,92,1.077765,0.336189,0.424521,0.031361
9540,73,14,0.02935,115,1.332445,0.392287,0.509455,0.051886
9540,42,13,0.027254,54,0.942111,0.39916,0.387052,0.050343
9540,2,12,0.025157,44,0.917463,0.379172,0.466289,0.055167
9540,28,12,0.025157,65,0.950678,0.377665,0.384716,0.046288
9540,91,12,0.025157,63,1.12266,0.343102,0.46199,0.044945
9540,53,11,0.023061,122,1.010533,0.362206,0.405761,0.044441
9540,66,11,0.023061,94,0.91829,0.293484,0.442855,0.046791
9540,4,10,0.020964,61,0.869933,0.3459,0.37628,0.043589
9560,73,14,0.029787,115,1.332445,0.392287,0.509455,0.051886
9560,2,13,0.02766,45,0.93359,0.378802,0.464209,0.055326
9560,28,13,0.02766,66,0.949526,0.386478,0.382477,0.046515
9560,42,13,0.02766,54,0.942111,0.39916,0.387052,0.050343
9560,91,12,0.025532,63,1.12266,0.343102,0.46199,0.044945
9560,53,11,0.023404,122,1.010533,0.362206,0.405761,0.044441
9560,66,11,0.023404,94,0.91829,0.293484,0.442855,0.046791
9560,5,10,0.021277,92,1.077765,0.336189,0.424521,0.031361
9580,28,14,0.029724,67,0.947687,0.385105,0.384139,0.046553
9580,2,13,0.027601,46,0.924967,0.38116,0.463111,0.055965
9580,42,13,0.027601,54,0.942111,0.39916,0.387052,0.050343
9580,73,13,0.027601,115,1.352892,0.389628,0.515026,0.052211
9580,53,12,0.025478,123,0.995325,0.367393,0.404425,0.045483
9580,91,12,0.025478,63,1.12266,0.343102,0.46199,0.044945
9580,66,11,0.023355,94,0.91829,0.293484,0.442855,0.046791
9580,5,10,0.021231,92,1.077765,0.336189,0.424521,0.031361
9600,28,14,0.029536,67,0.947687,0.385105,0.384139,0.046553
9600,42,13,0.027426,54,0.942111,0.39916,0.387052,0.050343
9600,73,13,0.027426,115,1.352892,0.389628,0.515026,0.052211
9600,2,12,0.025316,46,0.9262,0.381084,0.461455,0.056248
9600,53,12,0.025316,123,0.995325,0.367393,0.404425,0.045483
9600,91,12,0.025316,63,1.12266,0.343102,0.46199,0.044945
9600,66,11,0.023207,94,0.91829,0.293484,0.442855,0.046791
9600,82,11,0.023207,110,0.864641,0.372909,0.485563,0.037722
9620,2,13,0.027542,47,0.921116,0.37964,0.46277,0.055619
9620,28,13,0.027542,67,0.945813,0.389682,0.383332,0.045745
9620,42,13,0.027542,54,0.942111,0.39916,0.387052,0.050343
9620,53,13,0.027542,124,0.994157,0.363604,0.404541,0.04524
9620,73,12,0.025424,115,1.337373,0.39324,0.515524,0.051757
9620,82,12,0.025424,111,0.865525,0.37373,0.491025,0.038064
9620,91,12,0.025424,63,1.12266,0.343102,0.46199,0.044945
9620,5,11,0.023305,94,1.072599,0.340987,0.42875,0.031865
9640,73,14,0.029598,117,1.326873,0.390129,0.519639,0.052098
9640,28,13,0.027484,67,0.945813,0.389682,0.383332,0.045745
9640,42,13,0.027484,54,0.942111,0.39916,0.387052,0.050343
9640,53,13,0.027484,124,0.994157,0.363604,0.404541,0.04524
9640,2,12,0.02537,48,0.920468,0.372375,0.459999,0.054877
9640,91,12,0.02537,63,1.12266,0.343102,0.46199,0.044945
9640,27,11,0.023256,83,1.019474,0.434014,0.416503,0.046298
9640,82,11,0.023256,111,0.852947,0.373625,0.485271,0.037862
9660,28,14,0.029724,68,0.940591,0.389508,0.385198,0.045932
9660,73,14,0.029724,117,1.326873,0.390129,0.519639,0.052098
9660,42,13,0.027601,54,0.942111,0.39916,0.387052,0.050343
9660,53,13,0.027601,124,0.994157,0.363604,0.404541,0.04524
9660,2,12,0.025478,48,0.920468,0.372375,0.459999,0.054877
9660,91,12,0.025478,63,1.12266,0.343102,0.46199,0.044945
9660,27,10,0.021231,83,1.019895,0.425882,0.420821,0.044998
9660,56,10,0.021231,75,1.030926,0.440567,0.354501,0.041874
9680,28,14,0.029228,68,0.940591,0.389508,0.385198,0.045932
9680,2,13,0.02714,49,0.91494,0.375676,0.458744,0.055312
9680,53,13,0.02714,124,0.994157,0.363604,0.404541,0.04524
9680,73,13,0.02714,117,1.331393,0.385486,0.514664,0.053413
9680,42,12,0.025052,54,0.95466,0.398229,0.38151,0.050138
9680,91,12,0.025052,63,1.12266,0.343102,0.46199,0.044945
9680,27,10,0.020877,83,1.019895,0.425882,0.420821,0.044998
9680,82,10,0.020877,111,0.845505,0.372452,0.48084,0.037567
9700,28,14,0.028571,68,0.940591,0.389508,0.385198,0.045932
9700,2,13,0.026531,49,0.91494,0.375676,0.458744,0.055312
9700,53,13,0.026531,124,0.994157,0.363604,0.404541,0.04524
9700,42,12,0.02449,54,0.95466,0.398229,0.38151,0.050138
9700,73,12,0.02449,117,1.321288,0.388015,0.515858,0.053387
9700,91,12,0.02449,63,1.12266,0.343102,0.46199,0.044945
9700,82,11,0.022449,112,0.842269,0.374966,0.484293,0.037062
9700,5,10,0.020408,95,1.064578,0.341182,0.427886,0.032565
9720,2,14,0.028056,50,0.913816,0.375971,0.459038,0.055719
9720,28,14,0.028056,68,0.940591,0.389508,0.385198,0.045932
9720,53,14,0.028056,125,1.004673,0.362286,0.402534,0.045145
9720,42,12,0.024048,54,0.95466,0.398229,0.38151,0.050138
9720,73,12,0.024048,117,1.321288,0.388015,0.515858,0.053387
9720,91,12,0.024048,63,1.12266,0.343102,0.46199,0.044945
9720,27,11,0.022044,84,1.024424,0.417462,0.424139,0.044155
9720,82,11,0.022044,112,0.842269,0.374966,0.484293,0.037062
9740,28,15,0.030242,69,0.941021,0.386476,0.388471,0.045459
9740,2,14,0.028226,50,0.913816,0.375971,0.459038,0.055719
9740,53,14,0.028226,125,1.004673,0.362286,0.402534,0.045145
9740,73,13,0.02621,118,1.319285,0.39178,0.522975,0.052785
9740,42,12,0.024194,54,0.95466,0.398229,0.38151,0.050138
9740,91,12,0.024194,63,1.12266,0.343102,0.46199,0.044945
9740,27,11,0.022177,84,1.024424,0.417462,0.424139,0.044155
9740,82,11,0.022177,112,0.842269,0.374966,0.484293,0.037062
9760,2,14,0.02834,50,0.913816,0.375971,0.459038,0.055719
9760,28,14,0.02834,69,0.93914,0.388765,0.388083,0.045407
9760,53,14,0.02834,125,1.004673,0.362286,0.402534,0.045145
9760,73,13,0.026316,118,1.319285,0.39178,0.522975,0.052785
9760,42,12,0.024291,54,0.95466,0.398229,0.38151,0.050138
9760,91,12,0.024291,63,1.12266,0.343102,0.46199,0.044945
9760,27,11,0.022267,84,1.024424,0.417462,0.424139,0.044155
9760,82,11,0.022267,112,0.842269,0.374966,0.484293,0.037062
9780,28,14,0.027888,69,0.93914,0.388765,0.388083,0.045407
9780,53,14,0.027888,125,1.004673,0.362286,0.402534,0.045145
9780,2,13,0.025896,51,0.906527,0.379961,0.461208,0.056091
9780,73,13,0.025896,118,1.319285,0.39178,0.522975,0.052785
9780,82,12,0.023904,113,0.839818,0.374991,0.486973,0.036571
9780,91,12,0.023904,63,1.12266,0.343102,0.46199,0.044945
9780,27,11,0.021912,84,1.024424,0.417462,0.424139,0.044155
9780,42,11,0.021912,54,0.942974,0.402378,0.383459,0.049817
9800,73,16,0.031434,121,1.311517,0.395924,0.508447,0.052612
9800,28,15,0.02947,70,0.936929,0.391854,0.384855,0.045468
9800,53,14,0.027505,125,1.004673,0.362286,0.402534,0.045145
9800,2,13,0.02554,51,0.906527,0.379961,0.461208,0.056091
9800,82,12,0.023576,113,0.839818,0.374991,0.486973,0.036571
9800,91,12,0.023576,63,1.12266,0.343102,0.46199,0.044945
9800,27,11,0.021611,84,1.024424,0.417462,0.424139,0.044155
9800,42,11,0.021611,54,0.942974,0.402378,0.383459,0.049817
9820,73,16,0.031496,121,1.311517,0.395924,0.508447,0.052612
9820,28,15,0.029528,70,0.936929,0.391854,0.384855,0.045468
9820,2,14,0.027559,52,0.89958,0.382321,0.461538,0.056307
9820,53,14,0.027559,125,1.004673,0.362286,0.402534,0.045145
9820,82,12,0.023622,113,0.839818,0.374991,0.486973,0.036571
9820,91,12,0.023622,63,1.12266,0.343102,0.46199,0.044945
9820,5,11,0.021654,98,1.059381,0.335505,0.423245,0.03169
9820,8,11,0.021654,64,1.246835,0.335513,0.44955,0.051936
9840,73,16,0.031746,121,1.311517,0.395924,0.508447,0.052612
9840,53,14,0.027778,125,1.004673,0.362286,0.402534,0.045145
9840,2,13,0.025794,52,0.903501,0.379785,0.46291,0.055982
9840,28,13,0.025794,70,0.934468,0.400043,0.383393,0.044923
9840,27,12,0.02381,85,1.040845,0.418706,0.426218,0.045487
9840,91,12,0.02381,63,1.12266,0.343102,0.46199,0.044945
9840,5,11,0.021825,98,1.059381,0.335505,0.423245,0.03169
9840,8,11,0.021825,64,1.246835,0.335513,0.44955,0.051936
9860,73,16,0.032064,122,1.318854,0.396899,0.501747,0.052915
9860,53,14,0.028056,125,1.004673,0.362286,0.402534,0.045145
9860,28,13,0.026052,70,0.934468,0.400043,0.383393,0.044923
9860,2,12,0.024048,52,0.897031,0.380428,0.465001,0.055461
9860,27,12,0.024048,86,1.041863,0.433522,0.422387,0.046418
9860,91,12,0.024048,63,1.12266,0.343102,0.46199,0.044945
9860,8,11,0.022044,64,1.246835,0.335513,0.44955,0.051936
9860,42,11,0.022044,54,0.942974,0.402378,0.383459,0.049817
9880,73,16,0.031621,122,1.318854,0.396899,0.501747,0.052915
9880,28,14,0.027668,71,0.934882,0.395922,0.384818,0.045329
9880,2,13,0.025692,53,0.891658,0.380028,0.463049,0.055818
9880,8,13,0.025692,66,1.23833,0.333077,0.44815,0.052224
9880,27,12,0.023715,86,1.041863,0.433522,0.422387,0.046418
9880,42,12,0.023715,55,0.961283,0.399077,0.381001,0.049595
9880,91,12,0.023715,63,1.12266,0.343102,0.46199,0.044945
9880,5,11,0.021739,99,1.058216,0.331824,0.420928,0.031782
9900,73,16,0.03125,122,1.318854,0.396899,0.501747,0.052915
9900,8,14,0.027344,67,1.232633,0.33786,0.446888,0.051885
9900,28,14,0.027344,71,0.934882,0.395922,0.384818,0.045329
9900,2,13,0.025391,53,0.891658,0.380028,0.463049,0.055818
9900,42,12,0.023438,55,0.961283,0.399077,0.381001,0.049595
9900,91,12,0.023438,63,1.12266,0.343102,0.46199,0.044945
9900,5,11,0.021484,99,1.058216,0.331824,0.420928,0.031782
9900,27,11,0.021484,86,1.03839,0.431156,0.422587,0.045666
9920,73,16,0.031189,123,1.311124,0.401205,0.499452,0.05246
9920,2,14,0.02729,54,0.889793,0.38075,0.464183,0.055818
9920,8,14,0.02729,67,1.232633,0.33786,0.446888,0.051885
9920,28,14,0.02729,71,0.934882,0.395922,0.384818,0.045329
9920,42,12,0.023392,55,0.961283,0.399077,0.381001,0.049595
9920,91,12,0.023392,63,1.12266,0.343102,0.46199,0.044945
9920,27,11,0.021442,86,1.03839,0.431156,0.422587,0.045666
9920,66,11,0.021442,96,0.91306,0.296926,0.443941,0.046767
9940,73,16,0.03125,123,1.311124,0.401205,0.499452,0.05246
9940,2,14,0.027344,54,0.889793,0.38075,0.464183,0.055818
9940,8,14,0.027344,67,1.232633,0.33786,0.446888,0.051885
9940,28,14,0.027344,71,0.934882,0.395922,0.384818,0.045329
9940,42,14,0.027344,57,0.977377,0.395389,0.37948,0.049105
9940,27,12,0.023438,87,1.039329,0.434713,0.421813,0.045376
9940,91,12,0.023438,63,1.12266,0.343102,0.46199,0.044945
9940,66,11,0.021484,96,0.91306,0.296926,0.443941,0.046767
9960,28,16,0.030948,73,0.938285,0.398135,0.383248,0.046594
9960,73,16,0.030948,123,1.311124,0.401205,0.499452,0.05246
9960,2,14,0.027079,54,0.889793,0.38075,0.464183,0.055818
9960,42,14,0.027079,57,0.977377,0.395389,0.37948,0.049105
9960,8,13,0.025145,67,1.213538,0.340141,0.449778,0.051047
9960,91,13,0.025145,64,1.124407,0.34715,0.462805,0.045084
9960,27,12,0.023211,87,1.039329,0.434713,0.421813,0.045376
9960,5,11,0.021277,101,1.060695,0.333507,0.417956,0.031068
9980,2,15,0.02924,55,0.887347,0.382076,0.463637,0.055274
9980,28,15,0.02924,73,0.94044,0.395671,0.386154,0.046611
9980,42,15,0.02924,58,0.991374,0.392516,0.37751,0.048866
9980,73,15,0.02924,123,1.314619,0.398825,0.492094,0.053233
9980,91,13,0.025341,64,1.124407,0.34715,0.462805,0.045084
9980,27,12,0.023392,87,1.039329,0.434713,0.421813,0.045376
9980,5,11,0.021442,101,1.060695,0.333507,0.417956,0.031068
9980,8,11,0.021442,67,1.209581,0.341459,0.452365,0.052389
10000,42,16,0.031128,59,0.985006,0.393891,0.376992,0.049238
10000,91,15,0.029183,66,1.11152,0.347996,0.461882,0.04579
10000,2,14,0.027237,55,0.890289,0.383116,0.462279,0.055065
10000,28,14,0.027237,73,0.933145,0.398543,0.386149,0.046828
10000,73,14,0.027237,123,1.295159,0.401816,0.492492,0.052959
10000,8,12,0.023346,68,1.207049,0.339829,0.452496,0.051943
10000,53,12,0.023346,127,0.984886,0.380933,0.40223,0.047953
10000,5,11,0.021401,101,1.060695,0.333507,0.417956,0.031068
10020,42,16,0.03125,59,0.985006,0.393891,0.376992,0.049238
10020,73,15,0.029297,125,1.307116,0.405354,0.501431,0.051819
10020,91,15,0.029297,66,1.11152,0.347996,0.461882,0.04579
10020,28,14,0.027344,73,0.933145,0.398543,0.386149,0.046828
10020,2,13,0.025391,55,0.894113,0.383971,0.462708,0.054898
10020,8,12,0.023438,69,1.214452,0.340048,0.455493,0.052941
10020,27,12,0.023438,88,1.039555,0.438231,0.419602,0.045266
10020,5,11,0.021484,101,1.060695,0.333507,0.417956,0.031068
10040,42,18,0.034951,61,1.005323,0.388791,0.373904,0.049358
10040,73,16,0.031068,126,1.308291,0.403345,0.497798,0.051477
10040,91,15,0.029126,66,1.11152,0.347996,0.461882,0.04579
10040,28,14,0.027184,73,0.933145,0.398543,0.386149,0.046828
10040,2,13,0.025243,55,0.894113,0.383971,0.462708,0.054898
10040,53,13,0.025243,129,0.986287,0.375799,0.408066,0.045825
10040,27,12,0.023301,88,1.039555,0.438231,0.419602,0.045266
10040,8,11,0.021359,69,1.20924,0.340334,0.455663,0.053598
10060,42,18,0.035573,61,1.005323,0.388791,0.373904,0.049358
10060,91,15,0.029644,66,1.11152,0.347996,0.461882,0.04579
10060,28,14,0.027668,73,0.933145,0.398543,0.386149,0.046828
10060,73,14,0.027668,126,1.328441,0.400465,0.500689,0.051893
10060,2,13,0.025692,55,0.894113,0.383971,0.462708,0.054898
10060,53,13,0.025692,129,0.986287,0.375799,0.408066,0.045825
10060,27,11,0.021739,88,1.034598,0.432687,0.419737,0.045248
10060,13,10,0.019763,57,1.049568,0.397878,0.439746,0.06052
10080,42,17,0.034274,61,1.00309,0.389315,0.374496,0.049474
10080,28,15,0.030242,74,0.936767,0.393633,0.388541,0.046476
10080,53,14,0.028226,130,0.988815,0.372725,0.407349,0.044987
10080,91,14,0.028226,66,1.11248,0.348129,0.464008,0.045402
10080,73,13,0.02621,126,1.324726,0.403552,0.504604,0.05136
10080,2,12,0.024194,55,0.89969,0.384699,0.464632,0.054465
10080,13,10,0.020161,57,1.049568,0.397878,0.439746,0.06052
10080,25,10,0.020161,36,1.139968,0.348715,0.385833,0.065119
10100,42,18,0.035785,62,1.010287,0.386226,0.37411,0.049447
10100,28,14,0.027833,74,0.938458,0.389828,0.389319,0.04618
10100,53,14,0.027833,130,0.988815,0.372725,0.407349,0.044987
10100,91,14,0.027833,66,1.11248,0.348129,0.464008,0.045402
10100,73,13,0.025845,126,1.324726,0.403552,0.504604,0.05136
10100,2,12,0.023857,55,0.89969,0.384699,0.464632,0.054465
10100,8,11,0.021869,71,1.212704,0.343342,0.46232,0.052407
10100,0,10,0.019881,70,1.116726,0.340417,0.408137,0.03449
10120,42,18,0.035644,62,1.010287,0.386226,0.37411,0.049447
10120,28,14,0.027723,74,0.938458,0.389828,0.389319,0.04618
10120,53,14,0.027723,130,0.988815,0.372725,0.407349,0.044987
10120,73,14,0.027723,127,1.301306,0.407256,0.499183,0.051446
10120,91,14,0.027723,66,1.11248,0.348129,0.464008,0.045402
10120,2,12,0.023762,55,0.89969,0.384699,0.464632,0.054465
10120,8,11,0.021782,71,1.212704,0.343342,0.46232,0.052407
10120,25,11,0.021782,37,1.147585,0.348409,0.3809,0.067207
10140,42,18,0.035363,62,1.010287,0.386226,0.37411,0.049447
10140,28,14,0.027505,74,0.938458,0.389828,0.389319,0.04618
10140,53,14,0.027505,130,0.988815,0.372725,0.407349,0.044987
10140,91,14,0.027505,66,1.11248,0.348129,0.464008,0.045402
10140,73,13,0.02554,127,1.294063,0.411894,0.494229,0.051062
10140,0,12,0.023576,72,1.105249,0.339189,0.403821,0.035415
10140,2,12,0.023576,55,0.89969,0.384699,0.464632,0.054465
10140,8,12,0.023576,72,1.223848,0.338642,0.461961,0.052273
10160,42,17,0.033797,62,0.999872,0.388221,0.375532,0.049678
10160,28,14,0.027833,75,0.929899,0.38761,0.389613,0.045102
10160,53,14,0.027833,131,0.988616,0.37265,0.408599,0.044198
10160,73,13,0.025845,127,1.294063,0.411894,0.494229,0.051062
10160,91,13,0.025845,66,1.105568,0.347616,0.463565,0.045645
10160,0,12,0.023857,72,1.105249,0.339189,0.403821,0.035415
10160,2,12,0.023857,55,0.89969,0.384699,0.464632,0.054465
10160,8,12,0.023857,72,1.223848,0.338642,0.461961,0.052273
10180,42,17,0.034,62,0.999872,0.388221,0.375532,0.049678
10180,28,14,0.028,75,0.929899,0.38761,0.389613,0.045102
10180,53,14,0.028,131,0.988616,0.37265,0.408599,0.044198
10180,73,14,0.028,128,1.304052,0.409453,0.501653,0.05104
10180,91,13,0.026,66,1.105568,0.347616,0.463565,0.045645
10180,2,12,0.024,55,0.89969,0.384699,0.464632,0.054465
10180,8,12,0.024,72,1.223848,0.338642,0.461961,0.052273
10180,0,11,0.022,73,1.092576,0.332864,0.398834,0.037082
10200,42,16,0.031809,62,0.991775,0.390822,0.374619,0.050004
10200,28,15,0.029821,76,0.930452,0.388555,0.387622,0.044909
10200,53,14,0.027833,131,0.988616,0.37265,0.408599,0.044198
10200,73,14,0.027833,128,1.304052,0.409453,0.501653,0.05104
10200,91,13,0.025845,66,1.105568,0.347616,0.463565,0.045645
10200,0,12,0.023857,74,1.102112,0.333471,0.400606,0.036115
10200,2,12,0.023857,55,0.89969,0.384699,0.464632,0.054465
10200,8,12,0.023857,72,1.223848,0.338642,0.461961,0.052273
10220,28,15,0.029586,76,0.930452,0.388555,0.387622,0.044909
10220,42,15,0.029586,62,0.998594,0.389242,0.374979,0.049683
10220,53,14,0.027613,131,0.988616,0.37265,0.408599,0.044198
10220,73,14,0.027613,128,1.304052,0.409453,0.501653,0.05104
10220,91,13,0.025641,66,1.105568,0.347616,0.463565,0.045645
10220,0,12,0.023669,75,1.104663,0.333508,0.401913,0.036842
10220,2,12,0.023669,55,0.89969,0.384699,0.464632,0.054465
10220,8,12,0.023669,72,1.223848,0.338642,0.461961,0.052273
10240,28,15,0.029703,76,0.930452,0.388555,0.387622,0.044909
10240,42,15,0.029703,62,0.998594,0.389242,0.374979,0.049683
10240,73,14,0.027723,129,1.302536,0.406039,0.50689,0.051625
10240,53,13,0.025743,131,0.991449,0.378454,0.408769,0.04425
10240,91,13,0.025743,66,1.105568,0.347616,0.463565,0.045645
10240,2,12,0.023762,55,0.89969,0.384699,0.464632,0.054465
10240,8,11,0.021782,72,1.227907,0.340164,0.462691,0.05275
10240,25,11,0.021782,38,1.157188,0.349374,0.385806,0.067625
10260,42,16,0.032,63,1.001533,0.388351,0.373642,0.049128
10260,28,15,0.03,76,0.930452,0.388555,0.387622,0.044909
10260,53,13,0.026,131,0.991449,0.378454,0.408769,0.04425
10260,73,13,0.026,129,1.300737,0.408565,0.511781,0.052031
10260,2,12,0.024,55,0.89969,0.384699,0.464632,0.054465
10260,8,12,0.024,73,1.22208,0.3404,0.464561,0.052752
10260,91,12,0.024,66,1.101114,0.346695,0.462043,0.044928
10260,0,10,0.02,75,1.095172,0.330718,0.398456,0.038735
10280,28,16,0.031936,77,0.927675,0.389314,0.386591,0.045145
10280,42,16,0.031936,63,1.001533,0.388351,0.373642,0.049128
10280,2,13,0.025948,56,0.896256,0.387021,0.46966,0.054419
10280,53,13,0.025948,131,0.991449,0.378454,0.408769,0.04425
10280,73,13,0.025948,129,1.300737,0.408565,0.511781,0.052031
10280,8,12,0.023952,73,1.22208,0.3404,0.464561,0.052752
10280,91,12,0.023952,66,1.101114,0.346695,0.462043,0.044928
10280,5,11,0.021956,106,1.072442,0.332088,0.419394,0.032053
10300,42,17,0.033465,64,1.004266,0.387649,0.371408,0.049295
10300,28,15,0.029528,77,0.933194,0.389191,0.387888,0.045083
10300,73,14,0.027559,130,1.279595,0.411983,0.508471,0.05175
10300,2,13,0.025591,56,0.896256,0.387021,0.46966,0.054419
10300,8,13,0.025591,74,1.232311,0.336454,0.464961,0.052828
10300,53,13,0.025591,131,0.991449,0.378454,0.408769,0.04425
10300,91,12,0.023622,66,1.101114,0.346695,0.462043,0.044928
10300,0,11,0.021654,76,1.098269,0.333716,0.400699,0.038443
10320,42,18,0.035225,65,0.990785,0.389155,0.37536,0.048872
10320,28,14,0.027397,77,0.929317,0.393785,0.385449,0.045336
10320,73,14,0.027397,130,1.279595,0.411983,0.508471,0.05175
10320,2,13,0.02544,56,0.896256,0.387021,0.46966,0.054419
10320,8,12,0.023483,74,1.222801,0.34058,0.46554,0.052997
10320,53,12,0.023483,131,0.98893,0.382262,0.409663,0.045097
10320,91,12,0.023483,66,1.101114,0.346695,0.462043,0.044928
10320,0,11,0.021526,76,1.098269,0.333716,0.400699,0.038443
10340,42,18,0.035573,65,0.990785,0.389155,0.37536,0.048872
10340,73,15,0.029644,131,1.278504,0.414456,0.502427,0.051007
10340,2,13,0.025692,56,0.896256,0.387021,0.46966,0.054419
10340,28,13,0.025692,77,0.928633,0.393169,0.387425,0.045577
10340,5,12,0.023715,108,1.079995,0.329995,0.420795,0.032974
10340,53,12,0.023715,131,0.98893,0.382262,0.409663,0.045097
10340,91,12,0.023715,66,1.101114,0.346695,0.462043,0.044928
10340,0,11,0.021739,76,1.098269,0.333716,0.400699,0.038443
10360,42,18,0.035714,65,0.990785,0.389155,0.37536,0.048872
10360,2,14,0.027778,57,0.88997,0.387582,0.468836,0.054547
10360,28,14,0.027778,78,0.926818,0.393644,0.387153,0.045205
10360,73,14,0.027778,131,1.276433,0.418203,0.495768,0.050588
10360,5,12,0.02381,108,1.079995,0.329995,0.420795,0.032974
10360,91,12,0.02381,66,1.101114,0.346695,0.462043,0.044928
10360,0,11,0.021825,76,1.098269,0.333716,0.400699,0.038443
10360,8,11,0.021825,74,1.224544,0.341703,0.466199,0.05285
10380,42,18,0.034951,65,0.990785,0.389155,0.37536,0.048872
10380,2,14,0.027184,57,0.88997,0.387582,0.468836,0.054547
10380,28,14,0.027184,78,0.926818,0.393644,0.387153,0.045205
10380,73,14,0.027184,131,1.276433,0.418203,0.495768,0.050588
10380,0,12,0.023301,77,1.099673,0.333628,0.40025,0.038334
10380,5,12,0.023301,108,1.079995,0.329995,0.420795,0.032974
10380,8,12,0.023301,76,1.211196,0.346201,0.46188,0.05296
10380,27,12,0.023301,92,1.0149,0.440348,0.417929,0.046568
10400,42,18,0.034884,65,0.990785,0.389155,0.37536,0.048872
10400,2,14,0.027132,57,0.88997,0.387582,0.468836,0.054547
10400,28,14,0.027132,78,0.926818,0.393644,0.387153,0.045205
10400,73,14,0.027132,131,1.276433,0.418203,0.495768,0.050588
10400,5,12,0.023256,108,1.079995,0.329995,0.420795,0.032974
10400,8,12,0.023256,76,1.211196,0.346201,0.46188,0.05296
10400,27,12,0.023256,92,1.0149,0.440348,0.417929,0.046568
10400,53,12,0.023256,132,0.979418,0.379307,0.411003,0.04557
10420,42,18,0.034615,65,0.990785,0.389155,0.37536,0.048872
10420,73,15,0.028846,132,1.277388,0.416044,0.495894,0.051822
10420,2,14,0.026923,57,0.88997,0.387582,0.468836,0.054547
10420,28,14,0.026923,78,0.926818,0.393644,0.387153,0.045205
10420,27,12,0.023077,92,1.0149,0.440348,0.417929,0.046568
10420,53,12,0.023077,132,0.979418,0.379307,0.411003,0.04557
10420,82,12,0.023077,120,0.838584,0.381033,0.484117,0.03565
10420,91,12,0.023077,66,1.101114,0.346695,0.462043,0.044928
10440,42,17,0.032505,65,0.987559,0.389988,0.376641,0.049346
10440,73,15,0.028681,132,1.277388,0.416044,0.495894,0.051822
10440,2,14,0.026769,57,0.88997,0.387582,0.468836,0.054547
10440,28,13,0.024857,78,0.929957,0.393101,0.388386,0.044938
10440,82,13,0.024857,121,0.835074,0.380898,0.475914,0.03566
10440,8,12,0.022945,77,1.233925,0.337801,0.465885,0.053874
10440,27,12,0.022945,92,1.0149,0.440348,0.417929,0.046568
10440,53,12,0.022945,132,0.979418,0.379307,0.411003,0.04557
10460,42,17,0.032381,65,0.987559,0.389988,0.376641,0.049346
10460,73,15,0.028571,133,1.295294,0.412891,0.496294,0.051767
10460,2,14,0.026667,57,0.88997,0.387582,0.468836,0.054547
10460,28,13,0.024762,78,0.929957,0.393101,0.388386,0.044938
10460,0,12,0.022857,78,1.107141,0.331921,0.401203,0.039149
10460,8,12,0.022857,78,1.233364,0.34006,0.467738,0.054476
10460,27,12,0.022857,92,1.0149,0.440348,0.417929,0.046568
10460,53,12,0.022857,132,0.979418,0.379307,0.411003,0.04557
10480,42,17,0.032443,65,0.987559,0.389988,0.376641,0.049346
10480,73,15,0.028626,133,1.295294,0.412891,0.496294,0.051767
10480,2,14,0.026718,57,0.88997,0.387582,0.468836,0.054547
10480,28,13,0.024809,78,0.929957,0.393101,0.388386,0.044938
10480,53,13,0.024809,133,0.974528,0.372642,0.410587,0.045442
10480,8,12,0.022901,78,1.233364,0.34006,0.467738,0.054476
10480,27,12,0.022901,92,1.0149,0.440348,0.417929,0.046568
10480,82,12,0.022901,121,0.826972,0.381795,0.4678,0.035302
10500,42,16,0.03071,65,0.973889,0.392527,0.380914,0.048919
10500,2,15,0.028791,58,0.884318,0.389206,0.466414,0.054869
10500,73,15,0.028791,133,1.295294,0.412891,0.496294,0.051767
10500,53,14,0.026871,134,0.983044,0.37203,0.410736,0.044997
10500,28,13,0.024952,78,0.929957,0.393101,0.388386,0.044938
10500,27,12,0.023033,92,1.0149,0.440348,0.417929,0.046568
10500,91,12,0.023033,66,1.101114,0.346695,0.462043,0.044928
10500,0,11,0.021113,78,1.098063,0.331173,0.399486,0.040392
10520,42,16,0.030476,65,0.973889,0.392527,0.380914,0.048919
10520,2,14,0.026667,58,0.883255,0.389878,0.466667,0.054431
10520,53,14,0.026667,135,0.98648,0.377103,0.410133,0.045002
10520,73,14,0.026667,133,1.294017,0.414879,0.485449,0.052165
10520,28,13,0.024762,79,0.930398,0.389437,0.390266,0.045703
10520,27,12,0.022857,92,1.0149,0.440348,0.417929,0.046568
10520,72,12,0.022857,90,0.940227,0.3863,0.453548,0.046642
10520,91,12,0.022857,66,1.101114,0.346695,0.462043,0.044928
10540,42,16,0.030418,65,0.973889,0.392527,0.380914,0.048919
10540,2,14,0.026616,58,0.883255,0.389878,0.466667,0.054431
10540,28,13,0.024715,79,0.930398,0.389437,0.390266,0.045703
10540,53,13,0.024715,135,0.976208,0.380021,0.410486,0.045733
10540,73,13,0.024715,134,1.329,0.407936,0.491011,0.054047
10540,0,12,0.022814,79,1.1032,0.331624,0.40031,0.039568
10540,8,12,0.022814,79,1.213914,0.349038,0.464759,0.05372
10540,27,12,0.022814,92,1.0149,0.440348,0.417929,0.046568
10560,42,16,0.030361,65,0.973889,0.392527,0.380914,0.048919
10560,2,15,0.028463,59,0.878831,0.393197,0.46594,0.055391
10560,28,15,0.028463,81,0.92431,0.387568,0.39146,0.045448
10560,73,13,0.024668,134,1.329,0.407936,0.491011,0.054047
10560,91,13,0.024668,67,1.112193,0.345553,0.459595,0.045828
10560,8,12,0.02277,80,1.226051,0.348849,0.45986,0.05353
10560,53,12,0.02277,135,0.972967,0.385992,0.408838,0.047141
10560,72,12,0.02277,90,0.940227,0.3863,0.453548,0.046642
10580,2,15,0.028409,59,0.878831,0.393197,0.46594,0.055391
10580,28,15,0.028409,81,0.92431,0.387568,0.39146,0.045448
10580,42,15,0.028409,65,0.963306,0.396449,0.381805,0.048914
10580,73,13,0.024621,134,1.329,0.407936,0.491011,0.054047
10580,91,13,0.024621,67,1.112193,0.345553,0.459595,0.045828
10580,8,12,0.022727,80,1.226051,0.348849,0.45986,0.05353
10580,13,12,0.022727,65,1.061285,0.413746,0.461994,0.062294
10580,53,12,0.022727,135,0.972967,0.385992,0.408838,0.047141
10600,2,16,0.030246,60,0.873346,0.395168,0.468643,0.055302
10600,42,16,0.030246,66,0.986599,0.393422,0.378142,0.048244
10600,73,16,0.030246,137,1.346749,0.403063,0.495764,0.053277
10600,28,15,0.028355,81,0.92431,0.387568,0.39146,0.045448
10600,53,13,0.024575,136,0.984539,0.384657,0.409663,0.046635
10600,91,13,0.024575,67,1.112193,0.345553,0.459595,0.045828
10600,8,12,0.022684,80,1.226051,0.348849,0.45986,0.05353
10600,13,12,0.022684,66,1.044479,0.415718,0.459509,0.063299
10620,42,16,0.030303,66,0.986599,0.393422,0.378142,0.048244
10620,2,15,0.028409,60,0.877685,0.395188,0.469344,0.055241
10620,73,15,0.028409,137,1.35295,0.401291,0.500339,0.05378
10620,28,14,0.026515,81,0.926474,0.386632,0.393894,0.045254
10620,53,13,0.024621,136,0.984539,0.384657,0.409663,0.046635
10620,91,13,0.024621,67,1.112193,0.345553,0.459595,0.045828
10620,8,12,0.022727,80,1.226051,0.348849,0.45986,0.05353
10620,13,12,0.022727,66,1.044479,0.415718,0.459509,0.063299
10640,42,17,0.032197,67,0.993733,0.391574,0.376755,0.047893
10640,73,16,0.030303,139,1.412532,0.395872,0.506639,0.053368
10640,2,15,0.028409,60,0.877685,0.395188,0.469344,0.055241
10640,28,15,0.028409,82,0.924907,0.394501,0.392442,0.045196
10640,91,13,0.024621,67,1.112193,0.345553,0.459595,0.045828
10640,8,12,0.022727,80,1.226051,0.348849,0.45986,0.05353
10640,13,12,0.022727,66,1.044479,0.415718,0.459509,0.063299
10640,53,12,0.022727,136,0.981495,0.391704,0.409462,0.047703
10660,42,17,0.032197,68,1.017751,0.389062,0.370209,0.048541
10660,28,16,0.030303,83,0.926075,0.392029,0.391734,0.044978
10660,73,16,0.030303,139,1.412532,0.395872,0.506639,0.053368
10660,2,14,0.026515,60,0.879037,0.395017,0.469941,0.055263
10660,13,14,0.026515,68,1.045089,0.422559,0.462325,0.063368
10660,91,13,0.024621,67,1.112193,0.345553,0.459595,0.045828
10660,53,12,0.022727,136,0.981495,0.391704,0.409462,0.047703
10660,56,12,0.022727,88,1.078365,0.460147,0.345322,0.040715
10680,42,17,0.032075,68,1.017751,0.389062,0.370209,0.048541
10680,73,16,0.030189,139,1.412532,0.395872,0.506639,0.053368
10680,28,15,0.028302,83,0.927216,0.394685,0.390645,0.044621
10680,2,14,0.026415,60,0.879037,0.395017,0.469941,0.055263
10680,13,14,0.026415,68,1.045089,0.422559,0.462325,0.063368
10680,53,13,0.024528,137,0.988051,0.390816,0.411015,0.047029
10680,91,13,0.024528,67,1.112193,0.345553,0.459595,0.045828
10680,56,12,0.022642,88,1.078365,0.460147,0.345322,0.040715
10700,42,16,0.030888,68,0.997861,0.391627,0.373148,0.049188
10700,73,16,0.030888,139,1.412532,0.395872,0.506639,0.053368
10700,28,15,0.028958,83,0.927216,0.394685,0.390645,0.044621
10700,2,14,0.027027,60,0.879037,0.395017,0.469941,0.055263
10700,13,14,0.027027,69,1.052955,0.423637,0.459056,0.064365
10700,53,13,0.025097,137,0.988051,0.390816,0.411015,0.047029
10700,56,12,0.023166,88,1.078365,0.460147,0.345322,0.040715
10700,91,12,0.023166,67,1.130167,0.345321,0.462066,0.045771
10720,42,16,0.031128,69,1.004383,0.390987,0.373294,0.049057
10720,73,16,0.031128,139,1.412532,0.395872,0.506639,0.053368
10720,28,15,0.029183,83,0.927216,0.394685,0.390645,0.044621
10720,2,14,0.027237,60,0.879037,0.395017,0.469941,0.055263
10720,13,13,0.025292,70,1.048991,0.422012,0.45872,0.064903
10720,53,13,0.025292,137,0.988051,0.390816,0.411015,0.047029
10720,8,12,0.023346,82,1.200724,0.358226,0.459935,0.054733
10720,56,12,0.023346,88,1.078365,0.460147,0.345322,0.040715
10740,42,17,0.032692,70,1.00318,0.392251,0.371966,0.049155
10740,28,15,0.028846,83,0.927216,0.394685,0.390645,0.044621
10740,73,15,0.028846,139,1.406974,0.396072,0.509708,0.05291
10740,2,14,0.026923,60,0.879037,0.395017,0.469941,0.055263
10740,13,14,0.026923,71,1.058138,0.423821,0.46033,0.064381
10740,56,14,0.026923,90,1.115959,0.468192,0.342353,0.040375
10740,53,13,0.025,137,0.988051,0.390816,0.411015,0.047029
10740,8,12,0.023077,82,1.200724,0.358226,0.459935,0.054733
10760,42,17,0.033074,70,1.00318,0.392251,0.371966,0.049155
10760,28,15,0.029183,83,0.927216,0.394685,0.390645,0.044621
10760,73,15,0.029183,139,1.406974,0.396072,0.509708,0.05291
10760,56,14,0.027237,90,1.115959,0.468192,0.342353,0.040375
10760,13,13,0.025292,71,1.056889,0.421487,0.456813,0.064655
10760,53,13,0.025292,137,0.988051,0.390816,0.411015,0.047029
10760,2,12,0.023346,60,0.873337,0.397055,0.472474,0.055843
10760,8,12,0.023346,82,1.200724,0.358226,0.459935,0.054733
10780,42,18,0.034351,71,1.009265,0.391187,0.370779,0.049187
10780,56,16,0.030534,92,1.128868,0.466966,0.337418,0.039846
10780,28,15,0.028626,83,0.927216,0.394685,0.390645,0.044621
10780,73,15,0.028626,139,1.406974,0.396072,0.509708,0.05291
10780,53,14,0.026718,138,0.989701,0.391893,0.41425,0.046339
10780,2,13,0.024809,61,0.866553,0.398263,0.473477,0.056371
10780,13,13,0.024809,71,1.056889,0.421487,0.456813,0.064655
10780,8,12,0.022901,82,1.200724,0.358226,0.459935,0.054733
10800,42,17,0.032755,71,0.999816,0.392312,0.373104,0.048981
10800,28,16,0.030829,84,0.926041,0.396836,0.38857,0.044888
10800,53,14,0.026975,138,0.989701,0.391893,0.41425,0.046339
10800,56,14,0.026975,92,1.12618,0.463678,0.337359,0.039844
10800,2,13,0.025048,61,0.866553,0.398263,0.473477,0.056371
10800,13,13,0.025048,72,1.086114,0.424132,0.451953,0.063953
10800,73,13,0.025048,139,1.362265,0.401843,0.514715,0.050985
10800,8,12,0.023121,82,1.200724,0.358226,0.459935,0.054733
10820,42,17,0.032015,71,0.999816,0.392312,0.373104,0.048981
10820,28,16,0.030132,84,0.926041,0.396836,0.38857,0.044888
10820,73,15,0.028249,142,1.347452,0.412006,0.514686,0.052365
10820,53,14,0.026365,138,0.989701,0.391893,0.41425,0.046339
10820,2,13,0.024482,61,0.866553,0.398263,0.473477,0.056371
10820,8,13,0.024482,83,1.201514,0.357862,0.464801,0.054949
10820,91,13,0.024482,68,1.125759,0.34184,0.466456,0.044971
10820,0,12,0.022599,83,1.089562,0.327237,0.384445,0.041339
10840,42,17,0.032075,71,0.999816,0.392312,0.373104,0.048981
10840,28,15,0.028302,84,0.925567,0.40007,0.386792,0.045258
10840,53,14,0.026415,138,0.989701,0.391893,0.41425,0.046339
10840,73,14,0.026415,142,1.339587,0.411832,0.5096,0.053901
10840,0,13,0.024528,84,1.089041,0.32566,0.382375,0.040943
10840,2,13,0.024528,61,0.866553,0.398263,0.473477,0.056371
10840,8,13,0.024528,83,1.201514,0.357862,0.464801,0.054949
10840,91,13,0.024528,68,1.125759,0.34184,0.466456,0.044971
10860,42,18,0.033708,72,0.995589,0.393361,0.373429,0.049138
10860,73,16,0.029963,144,1.341739,0.414429,0.516947,0.052331
10860,28,15,0.02809,84,0.925567,0.40007,0.386792,0.045258
10860,0,13,0.024345,84,1.089041,0.32566,0.382375,0.040943
10860,53,13,0.024345,138,0.981698,0.394032,0.414371,0.046887
10860,91,13,0.024345,68,1.125759,0.34184,0.466456,0.044971
10860,2,12,0.022472,61,0.872843,0.396057,0.4705,0.056572
10860,13,12,0.022472,72,1.089793,0.421656,0.449563,0.064278
10880,42,18,0.033898,72,0.995589,0.393361,0.373429,0.049138
10880,73,16,0.030132,144,1.341739,0.414429,0.516947,0.052331
10880,28,15,0.028249,84,0.925567,0.40007,0.386792,0.045258
10880,0,14,0.026365,86,1.091919,0.327352,0.387477,0.039865
10880,2,13,0.024482,62,0.886277,0.391867,0.47044,0.055713
10880,13,13,0.024482,73,1.090755,0.424069,0.446599,0.065272
10880,53,13,0.024482,138,0.981698,0.394032,0.414371,0.046887
10880,91,13,0.024482,68,1.125759,0.34184,0.466456,0.044971
10900,42,19,0.035647,74,0.986768,0.394553,0.375877,0.04802
10900,73,16,0.030019,144,1.341739,0.414429,0.516947,0.052331
10900,28,15,0.028143,84,0.925567,0.40007,0.386792,0.045258
10900,0,14,0.026266,86,1.091919,0.327352,0.387477,0.039865
10900,13,13,0.02439,73,1.090755,0.424069,0.446599,0.065272
10900,91,13,0.02439,68,1.125759,0.34184,0.466456,0.044971
10900,2,12,0.022514,62,0.892601,0.387056,0.46686,0.055981
10900,27,12,0.022514,96,1.026033,0.43994,0.419874,0.045005
10920,42,19,0.035917,74,0.986768,0.394553,0.375877,0.04802
10920,73,16,0.030246,144,1.341739,0.414429,0.516947,0.052331
10920,13,14,0.026465,74,1.112053,0.42885,0.450274,0.065199
10920,28,14,0.026465,84,0.924034,0.404073,0.383399,0.045717
10920,0,13,0.024575,86,1.086705,0.326642,0.385793,0.040585
10920,8,12,0.022684,85,1.183873,0.354581,0.468725,0.055259
10920,27,12,0.022684,96,1.026033,0.43994,0.419874,0.045005
10920,53,12,0.022684,138,0.987185,0.40248,0.415102,0.047136
10940,42,19,0.035581,74,0.986768,0.394553,0.375877,0.04802
10940,73,17,0.031835,145,1.333029,0.413959,0.509667,0.052238
10940,13,14,0.026217,74,1.112053,0.42885,0.450274,0.065199
10940,0,12,0.022472,86,1.090202,0.328342,0.387318,0.040056
10940,2,12,0.022472,63,0.897122,0.392393,0.468675,0.055687
10940,27,12,0.022472,96,1.026033,0.43994,0.419874,0.045005
10940,28,12,0.022472,84,0.919451,0.408087,0.383748,0.045716
10940,53,12,0.022472,138,0.987185,0.40248,0.415102,0.047136
10960,42,19,0.035647,74,0.986768,0.394553,0.375877,0.04802
10960,73,17,0.031895,145,1.333029,0.413959,0.509667,0.052238
10960,13,14,0.026266,74,1.112053,0.42885,0.450274,0.065199
10960,0,12,0.022514,86,1.090202,0.328342,0.387318,0.040056
10960,2,12,0.022514,63,0.897122,0.392393,0.468675,0.055687
10960,27,12,0.022514,96,1.026033,0.43994,0.419874,0.045005
10960,28,12,0.022514,84,0.919451,0.408087,0.383748,0.045716
10960,91,12,0.022514,68,1.115811,0.342673,0.469476,0.043999
10980,42,19,0.035985,74,0.986768,0.394553,0.375877,0.04802
10980,73,17,0.032197,145,1.333029,0.413959,0.509667,0.052238
10980,13,13,0.024621,74,1.110721,0.427701,0.448831,0.06512
10980,91,13,0.024621,69,1.116411,0.344496,0.466329,0.044546
10980,0,12,0.022727,86,1.090202,0.328342,0.387318,0.040056
10980,2,12,0.022727,63,0.897122,0.392393,0.468675,0.055687
10980,28,12,0.022727,84,0.919451,0.408087,0.383748,0.045716
10980,27,11,0.020833,96,1.024943,0.449169,0.416422,0.045366
11000,73,18,0.034026,146,1.33754,0.413245,0.516323,0.051053
11000,42,17,0.032136,74,0.999818,0.393391,0.372525,0.047844
11000,91,13,0.024575,69,1.116411,0.344496,0.466329,0.044546
11000,0,12,0.022684,86,1.090202,0.328342,0.387318,0.040056
11000,2,12,0.022684,63,0.897122,0.392393,0.468675,0.055687
11000,13,12,0.022684,74,1.099353,0.42544,0.450157,0.064713
11000,28,12,0.022684,84,0.919451,0.408087,0.383748,0.045716
11000,66,12,0.022684,105,0.918064,0.299928,0.447689,0.044785
11020,73,20,0.037244,148,1.327834,0.411912,0.518437,0.050967
11020,42,17,0.031657,74,0.999818,0.393391,0.372525,0.047844
11020,56,13,0.024209,96,1.072039,0.456551,0.343114,0.043038
11020,91,13,0.024209,69,1.116411,0.344496,0.466329,0.044546
11020,2,12,0.022346,63,0.897122,0.392393,0.468675,0.055687
11020,13,12,0.022346,74,1.099353,0.42544,0.450157,0.064713
11020,28,12,0.022346,84,0.919451,0.408087,0.383748,0.045716
11020,53,12,0.022346,140,0.981611,0.391347,0.412793,0.046025
11040,73,19,0.035185,148,1.324955,0.410882,0.514803,0.051758
11040,42,18,0.033333,75,0.995108,0.394906,0.374163,0.047692
11040,28,13,0.024074,85,0.915653,0.413778,0.380701,0.045923
11040,56,13,0.024074,97,1.071913,0.45776,0.345207,0.043575
11040,91,13,0.024074,70,1.122615,0.351093,0.460336,0.046116
11040,2,12,0.022222,63,0.897122,0.392393,0.468675,0.055687
11040,8,12,0.022222,88,1.175114,0.359607,0.461003,0.05482
11040,13,12,0.022222,75,1.099367,0.428106,0.458722,0.064339
11060,42,18,0.033088,75,0.995108,0.394906,0.374163,0.047692
11060,73,17,0.03125,148,1.32811,0.411914,0.509947,0.051221
11060,28,15,0.027574,87,0.923237,0.415547,0.380791,0.045769
11060,56,13,0.023897,98,1.089821,0.457228,0.343707,0.042666
11060,91,13,0.023897,70,1.122615,0.351093,0.460336,0.046116
11060,0,12,0.022059,87,1.089434,0.331263,0.39459,0.039062
11060,2,12,0.022059,63,0.897122,0.392393,0.468675,0.055687
11060,8,12,0.022059,88,1.175114,0.359607,0.461003,0.05482
11080,42,18,0.033088,75,0.995108,0.394906,0.374163,0.047692
11080,73,17,0.03125,148,1.32811,0.411914,0.509947,0.051221
11080,28,15,0.027574,87,0.923237,0.415547,0.380791,0.045769
11080,0,13,0.023897,88,1.087812,0.32652,0.393485,0.040218
11080,2,13,0.023897,64,0.897625,0.39394,0.477307,0.055148
11080,8,13,0.023897,89,1.183922,0.358243,0.460837,0.053783
11080,53,13,0.023897,141,0.987283,0.385618,0.410551,0.045739
11080,56,13,0.023897,99,1.084314,0.460491,0.343222,0.04225
11100,42,18,0.033395,75,0.995108,0.394906,0.374163,0.047692
11100,73,17,0.03154,148,1.32811,0.411914,0.509947,0.051221
11100,28,15,0.027829,87,0.923237,0.415547,0.380791,0.045769
11100,0,13,0.024119,88,1.087812,0.32652,0.393485,0.040218
11100,2,13,0.024119,64,0.897625,0.39394,0.477307,0.055148
11100,53,13,0.024119,141,0.987283,0.385618,0.410551,0.045739
11100,56,13,0.024119,99,1.084314,0.460491,0.343222,0.04225
11100,91,13,0.024119,70,1.122615,0.351093,0.460336,0.046116
11120,42,17,0.031776,75,1.002558,0.394875,0.371865,0.04822
11120,28,16,0.029907,88,0.918973,0.415686,0.379506,0.045816
11120,73,15,0.028037,148,1.339158,0.40539,0.511618,0.051535
11120,0,13,0.024299,88,1.087812,0.32652,0.393485,0.040218
11120,2,13,0.024299,64,0.897625,0.39394,0.477307,0.055148
11120,8,13,0.024299,90,1.191107,0.354193,0.463425,0.054059
11120,53,13,0.024299,141,0.987283,0.385618,0.410551,0.045739
11120,56,13,0.024299,99,1.084314,0.460491,0.343222,0.04225
11140,42,17,0.03154,75,1.002558,0.394875,0.371865,0.04822
11140,28,16,0.029685,88,0.918973,0.415686,0.379506,0.045816
11140,73,16,0.029685,149,1.332938,0.404057,0.506947,0.051517
11140,56,15,0.027829,101,1.064745,0.451961,0.348787,0.041902
11140,0,14,0.025974,89,1.087307,0.328877,0.393834,0.039528
11140,2,13,0.024119,64,0.897625,0.39394,0.477307,0.055148
11140,8,13,0.024119,90,1.191107,0.354193,0.463425,0.054059
11140,53,13,0.024119,141,0.987283,0.385618,0.410551,0.045739
11160,28,16,0.02963,88,0.918973,0.415686,0.379506,0.045816
11160,42,16,0.02963,75,0.993195,0.39667,0.373982,0.048117
11160,73,16,0.02963,149,1.332938,0.404057,0.506947,0.051517
11160,56,15,0.027778,102,1.070948,0.450701,0.349691,0.041427
11160,0,14,0.025926,89,1.087307,0.328877,0.393834,0.039528
11160,2,14,0.025926,65,0.890027,0.400433,0.477076,0.056557
11160,53,14,0.025926,142,0.99113,0.382276,0.409401,0.045505
11160,8,12,0.022222,90,1.191817,0.358728,0.464307,0.054088
11180,42,16,0.02925,75,0.993195,0.39667,0.373982,0.048117
11180,73,16,0.02925,149,1.332938,0.404057,0.506947,0.051517
11180,28,15,0.027422,88,0.919677,0.414791,0.380976,0.04561
11180,53,15,0.027422,143,0.973503,0.392963,0.410909,0.046988
11180,0,14,0.025594,89,1.087307,0.328877,0.393834,0.039528
11180,2,14,0.025594,65,0.890027,0.400433,0.477076,0.056557
11180,13,13,0.023766,79,1.109645,0.430156,0.467162,0.062246
11180,56,13,0.023766,102,1.057894,0.44814,0.352294,0.041424
11200,28,16,0.029795,89,0.919465,0.411323,0.382886,0.046268
11200,42,16,0.029795,75,0.993195,0.39667,0.373982,0.048117
11200,53,15,0.027933,143,0.973503,0.392963,0.410909,0.046988
11200,73,15,0.027933,150,1.351912,0.409747,0.519441,0.05008
11200,2,14,0.026071,65,0.890027,0.400433,0.477076,0.056557
11200,0,13,0.024209,89,1.08443,0.32775,0.3912,0.040142
11200,13,13,0.024209,79,1.109645,0.430156,0.467162,0.062246
11200,56,13,0.024209,102,1.057894,0.44814,0.352294,0.041424
11220,28,16,0.029851,89,0.919465,0.411323,0.382886,0.046268
11220,42,15,0.027985,75,0.998406,0.395071,0.372113,0.048318
11220,73,15,0.027985,150,1.351912,0.409747,0.519441,0.05008
11220,2,14,0.026119,65,0.890027,0.400433,0.477076,0.056557
11220,56,14,0.026119,103,1.061902,0.450329,0.352226,0.04194
11220,0,13,0.024254,90,1.086125,0.332351,0.394086,0.039874
11220,8,13,0.024254,91,1.190996,0.355535,0.466792,0.05508
11220,13,13,0.024254,79,1.109645,0.430156,0.467162,0.062246
11240,28,17,0.031657,90,0.921171,0.407601,0.382751,0.04577
11240,42,15,0.027933,75,0.998406,0.395071,0.372113,0.048318
11240,73,15,0.027933,150,1.351912,0.409747,0.519441,0.05008
11240,2,14,0.026071,65,0.890027,0.400433,0.477076,0.056557
11240,8,14,0.026071,92,1.180243,0.356517,0.463632,0.054803
11240,56,14,0.026071,104,1.078422,0.447095,0.352688,0.041964
11240,0,13,0.024209,90,1.086125,0.332351,0.394086,0.039874
11240,13,13,0.024209,79,1.109645,0.430156,0.467162,0.062246
11260,28,15,0.028409,90,0.921055,0.408214,0.381025,0.046229
11260,42,15,0.028409,75,0.998406,0.395071,0.372113,0.048318
11260,2,14,0.026515,65,0.890027,0.400433,0.477076,0.056557
11260,8,14,0.026515,92,1.180243,0.356517,0.463632,0.054803
11260,73,14,0.026515,150,1.35596,0.407804,0.513089,0.050404
11260,13,13,0.024621,79,1.109645,0.430156,0.467162,0.062246
11260,53,13,0.024621,143,0.966798,0.400706,0.410882,0.048035
11260,56,13,0.024621,104,1.059279,0.445161,0.354217,0.042288
11280,13,15,0.028037,81,1.105356,0.432215,0.466311,0.061861
11280,28,15,0.028037,90,0.921055,0.408214,0.381025,0.046229
11280,42,15,0.028037,75,0.998406,0.395071,0.372113,0.048318
11280,73,15,0.028037,151,1.348493,0.40559,0.507813,0.050712
11280,2,14,0.026168,65,0.890027,0.400433,0.477076,0.056557
11280,8,13,0.024299,92,1.179876,0.356748,0.461758,0.054066
11280,53,13,0.024299,143,0.966798,0.400706,0.410882,0.048035
11280,91,13,0.024299,71,1.128459,0.345787,0.466514,0.044541
11300,73,16,0.029795,152,1.328779,0.408138,0.506446,0.050771
11300,13,15,0.027933,81,1.105356,0.432215,0.466311,0.061861
11300,28,15,0.027933,90,0.921055,0.408214,0.381025,0.046229
11300,42,15,0.027933,75,0.998406,0.395071,0.372113,0.048318
11300,2,14,0.026071,65,0.890027,0.400433,0.477076,0.056557
11300,8,13,0.024209,92,1.179876,0.356748,0.461758,0.054066
11300,53,13,0.024209,143,0.966798,0.400706,0.410882,0.048035
11300,91,13,0.024209,71,1.128459,0.345787,0.466514,0.044541
11320,42,16,0.02952,76,1.003744,0.393912,0.370637,0.04828
11320,73,16,0.02952,153,1.343129,0.410783,0.515829,0.049439
11320,8,15,0.027675,94,1.176417,0.358349,0.464246,0.054213
11320,28,15,0.027675,90,0.921055,0.408214,0.381025,0.046229
11320,2,14,0.02583,65,0.890027,0.400433,0.477076,0.056557
11320,13,13,0.023985,81,1.089982,0.427226,0.467071,0.060958
11320,53,12,0.02214,143,0.959419,0.407692,0.413153,0.048512
11320,91,12,0.02214,71,1.12705,0.341626,0.466009,0.044357
11340,73,16,0.02963,153,1.343129,0.410783,0.515829,0.049439
11340,28,15,0.027778,90,0.921055,0.408214,0.381025,0.046229
11340,42,15,0.027778,76,0.996802,0.396039,0.371708,0.04868
11340,2,14,0.025926,65,0.890027,0.400433,0.477076,0.056557
11340,8,13,0.024074,94,1.174301,0.360461,0.464281,0.054276
11340,13,13,0.024074,81,1.089982,0.427226,0.467071,0.060958
11340,0,12,0.022222,92,1.079944,0.330797,0.39205,0.040605
11340,53,12,0.022222,143,0.959419,0.407692,0.413153,0.048512
11360,42,16,0.02925,77,0.999438,0.393922,0.371835,0.049097
11360,73,16,0.02925,153,1.343129,0.410783,0.515829,0.049439
11360,2,15,0.027422,66,0.879772,0.403686,0.477175,0.056268
11360,28,15,0.027422,90,0.921055,0.408214,0.381025,0.046229
11360,13,14,0.025594,82,1.087113,0.425481,0.464707,0.061041
11360,0,12,0.021938,92,1.079944,0.330797,0.39205,0.040605
11360,8,12,0.021938,94,1.17547,0.354997,0.462671,0.053926
11360,53,12,0.021938,143,0.959419,0.407692,0.413153,0.048512
11380,42,16,0.029412,77,0.999438,0.393922,0.371835,0.049097
11380,73,16,0.029412,153,1.343129,0.410783,0.515829,0.049439
11380,28,15,0.027574,90,0.921055,0.408214,0.381025,0.046229
11380,2,14,0.025735,66,0.881538,0.402886,0.473402,0.05644
11380,13,14,0.025735,82,1.087113,0.425481,0.464707,0.061041
11380,53,12,0.022059,144,0.962504,0.404347,0.410507,0.048801
11380,56,12,0.022059,107,1.130158,0.455684,0.34923,0.042288
11380,91,12,0.022059,71,1.12705,0.341626,0.466009,0.044357
11400,73,17,0.031423,154,1.356673,0.409556,0.513022,0.049986
11400,42,16,0.029575,77,0.999438,0.393922,0.371835,0.049097
11400,28,15,0.027726,90,0.921055,0.408214,0.381025,0.046229
11400,2,14,0.025878,66,0.881538,0.402886,0.473402,0.05644
11400,53,13,0.02403,145,0.967806,0.404443,0.413239,0.048631
11400,91,13,0.02403,72,1.118422,0.342666,0.463059,0.044437
11400,56,12,0.022181,107,1.130158,0.455684,0.34923,0.042288
11400,0,11,0.020333,92,1.08098,0.328552,0.390943,0.040889
11420,73,19,0.034926,156,1.356974,0.409424,0.513875,0.050537
11420,42,17,0.03125,78,1.005188,0.392275,0.371741,0.048948
11420,28,15,0.027574,90,0.921055,0.408214,0.381025,0.046229
11420,2,13,0.023897,66,0.886511,0.400057,0.47476,0.055486
11420,53,13,0.023897,145,0.967806,0.404443,0.413239,0.048631
11420,56,13,0.023897,109,1.118202,0.456209,0.34725,0.042979
11420,91,13,0.023897,72,1.118422,0.342666,0.463059,0.044437
11420,0,11,0.020221,93,1.078065,0.326362,0.388074,0.042144
11440,73,19,0.035185,156,1.356974,0.409424,0.513875,0.050537
11440,42,17,0.031481,78,1.005188,0.392275,0.371741,0.048948
11440,28,14,0.025926,90,0.925772,0.407532,0.382511,0.046208
11440,2,13,0.024074,66,0.886511,0.400057,0.47476,0.055486
11440,53,13,0.024074,145,0.967806,0.404443,0.413239,0.048631
11440,56,13,0.024074,109,1.118202,0.456209,0.34725,0.042979
11440,91,13,0.024074,72,1.118422,0.342666,0.463059,0.044437
11440,0,11,0.02037,93,1.078065,0.326362,0.388074,0.042144
11460,73,22,0.040367,159,1.360091,0.41184,0.520814,0.048664
11460,42,17,0.031193,78,1.005188,0.392275,0.371741,0.048948
11460,28,14,0.025688,90,0.925772,0.407532,0.382511,0.046208
11460,2,13,0.023853,67,0.89079,0.392979,0.470886,0.054687
11460,56,13,0.023853,109,1.118202,0.456209,0.34725,0.042979
11460,0,12,0.022018,94,1.081992,0.327237,0.390643,0.041956
11460,53,12,0.022018,145,0.979454,0.402776,0.415198,0.047937
11460,91,12,0.022018,72,1.120738,0.341186,0.464875,0.043258
11480,73,22,0.040146,159,1.360091,0.41184,0.520814,0.048664
11480,42,18,0.032847,79,1.015121,0.388954,0.37145,0.049432
11480,56,14,0.025547,111,1.126633,0.461114,0.343321,0.041718
11480,2,13,0.023723,67,0.89079,0.392979,0.470886,0.054687
11480,28,13,0.023723,90,0.926502,0.411243,0.380278,0.045445
11480,53,13,0.023723,146,0.982596,0.400522,0.416156,0.046962
11480,0,12,0.021898,94,1.081992,0.327237,0.390643,0.041956
11480,66,12,0.021898,108,0.925392,0.305066,0.438972,0.044225
11500,73,22,0.040367,160,1.372902,0.410542,0.519879,0.049899
11500,42,18,0.033028,79,1.015121,0.388954,0.37145,0.049432
11500,56,14,0.025688,111,1.126633,0.461114,0.343321,0.041718
11500,2,13,0.023853,67,0.89079,0.392979,0.470886,0.054687
11500,28,13,0.023853,91,0.925576,0.425065,0.380528,0.045855
11500,53,13,0.023853,146,0.982596,0.400522,0.416156,0.046962
11500,0,12,0.022018,94,1.081992,0.327237,0.390643,0.041956
11500,66,12,0.022018,108,0.925392,0.305066,0.438972,0.044225
11520,73,22,0.040665,161,1.378405,0.410153,0.525892,0.049345
11520,42,18,0.033272,79,1.015121,0.388954,0.37145,0.049432
11520,28,14,0.025878,92,0.922968,0.431634,0.380767,0.045839
11520,2,13,0.02403,67,0.89079,0.392979,0.470886,0.054687
11520,56,13,0.02403,111,1.115075,0.461251,0.342441,0.041993
11520,5,12,0.022181,129,1.070527,0.333826,0.420399,0.034413
11520,53,12,0.022181,146,0.979438,0.402074,0.417819,0.047052
11520,66,12,0.022181,108,0.925392,0.305066,0.438972,0.044225
11540,73,24,0.044693,163,1.375389,0.409572,0.527984,0.049362
11540,42,16,0.029795,79,1.009336,0.391405,0.372742,0.04917
11540,28,14,0.026071,92,0.922968,0.431634,0.380767,0.045839
11540,2,13,0.024209,67,0.89079,0.392979,0.470886,0.054687
11540,0,12,0.022346,95,1.09033,0.330931,0.393406,0.041073
11540,5,12,0.022346,129,1.070527,0.333826,0.420399,0.034413
11540,53,12,0.022346,147,0.960755,0.407607,0.416135,0.048607
11540,56,12,0.022346,111,1.115164,0.459789,0.341699,0.041439
11560,73,25,0.046992,164,1.371549,0.408821,0.530583,0.048938
11560,42,15,0.028195,79,1.002986,0.393056,0.372467,0.049452
11560,28,14,0.026316,92,0.922968,0.431634,0.380767,0.045839
11560,2,13,0.024436,67,0.89079,0.392979,0.470886,0.054687
11560,0,12,0.022556,95,1.09033,0.330931,0.393406,0.041073
11560,53,12,0.022556,147,0.960755,0.407607,0.416135,0.048607
11560,56,12,0.022556,111,1.115164,0.459789,0.341699,0.041439
11560,66,12,0.022556,108,0.925392,0.305066,0.438972,0.044225
11580,73,23,0.042831,164,1.353878,0.412261,0.535875,0.048105
11580,42,15,0.027933,79,1.002986,0.393056,0.372467,0.049452
11580,0,14,0.026071,97,1.084429,0.332638,0.39676,0.040768
11580,28,14,0.026071,92,0.922968,0.431634,0.380767,0.045839
11580,2,13,0.024209,67,0.89079,0.392979,0.470886,0.054687
11580,53,13,0.024209,148,0.969645,0.406738,0.415874,0.047984
11580,13,12,0.022346,84,1.04699,0.424898,0.463704,0.062571
11580,56,12,0.022346,111,1.115164,0.459789,0.341699,0.041439
11600,73,23,0.042672,164,1.353878,0.412261,0.535875,0.048105
11600,42,15,0.027829,79,1.002986,0.393056,0.372467,0.049452
11600,0,14,0.025974,97,1.084429,0.332638,0.39676,0.040768
11600,28,14,0.025974,92,0.922968,0.431634,0.380767,0.045839
11600,2,13,0.024119,67,0.89079,0.392979,0.470886,0.054687
11600,8,13,0.024119,99,1.179103,0.358143,0.473748,0.056125
11600,53,13,0.024119,148,0.969645,0.406738,0.415874,0.047984
11600,13,12,0.022263,84,1.04699,0.424898,0.463704,0.062571
11620,73,22,0.040816,164,1.368459,0.410711,0.538144,0.047944
11620,42,15,0.027829,79,1.002986,0.393056,0.372467,0.049452
11620,8,14,0.025974,100,1.186363,0.35349,0.472731,0.056158
11620,28,14,0.025974,92,0.922968,0.431634,0.380767,0.045839
11620,0,13,0.024119,97,1.082802,0.331012,0.395674,0.040278
11620,2,13,0.024119,67,0.89079,0.392979,0.470886,0.054687
11620,13,13,0.024119,85,1.044223,0.42849,0.462617,0.063115
11620,27,12,0.022263,105,1.011903,0.442743,0.408789,0.03978
11640,73,18,0.033771,164,1.381158,0.411141,0.542592,0.048287
11640,0,15,0.028143,99,1.084099,0.328884,0.397104,0.040811
11640,42,15,0.028143,79,1.002986,0.393056,0.372467,0.049452
11640,8,14,0.026266,100,1.186363,0.35349,0.472731,0.056158
11640,28,14,0.026266,92,0.922968,0.431634,0.380767,0.045839
11640,2,13,0.02439,67,0.89079,0.392979,0.470886,0.054687
11640,13,13,0.02439,85,1.044223,0.42849,0.462617,0.063115
11640,27,12,0.022514,105,1.011903,0.442743,0.408789,0.03978
11660,73,18,0.033333,164,1.381158,0.411141,0.542592,0.048287
11660,42,16,0.02963,80,0.99776,0.392797,0.375884,0.049055
11660,0,15,0.027778,99,1.084099,0.328884,0.397104,0.040811
11660,2,14,0.025926,68,0.887361,0.392036,0.47096,0.054764
11660,8,14,0.025926,100,1.186363,0.35349,0.472731,0.056158
11660,13,14,0.025926,86,1.049876,0.433371,0.463622,0.063003
11660,28,14,0.025926,92,0.922968,0.431634,0.380767,0.045839
11660,27,12,0.022222,105,1.011903,0.442743,0.408789,0.03978
11680,73,19,0.034926,165,1.37261,0.410198,0.537221,0.048546
11680,42,16,0.029412,80,0.99776,0.392797,0.375884,0.049055
11680,0,14,0.025735,99,1.081164,0.328315,0.395546,0.040876
11680,2,14,0.025735,68,0.887361,0.392036,0.47096,0.054764
11680,8,14,0.025735,100,1.186363,0.35349,0.472731,0.056158
11680,13,14,0.025735,86,1.049876,0.433371,0.463622,0.063003
11680,28,14,0.025735,92,0.922968,0.431634,0.380767,0.045839
11680,27,13,0.023897,106,1.010406,0.444286,0.40736,0.040295
11700,73,18,0.032787,165,1.375434,0.411181,0.541722,0.047869
11700,42,16,0.029144,80,0.99776,0.392797,0.375884,0.049055
11700,2,14,0.025501,68,0.887361,0.392036,0.47096,0.054764
11700,8,14,0.025501,100,1.186363,0.35349,0.472731,0.056158
11700,13,14,0.025501,86,1.049876,0.433371,0.463622,0.063003
11700,0,13,0.023679,99,1.074453,0.329421,0.394175,0.040676
11700,28,13,0.023679,92,0.918286,0.430491,0.382245,0.045643
11700,91,12,0.021858,72,1.120738,0.341186,0.464875,0.043258
11720,42,17,0.031079,81,1.004279,0.391617,0.375541,0.049066
11720,73,17,0.031079,165,1.376047,0.413836,0.54028,0.048163
11720,0,14,0.025594,100,1.076028,0.330017,0.395183,0.040956
11720,8,14,0.025594,100,1.186363,0.35349,0.472731,0.056158
11720,13,14,0.025594,86,1.049876,0.433371,0.463622,0.063003
11720,28,14,0.025594,93,0.920867,0.436704,0.382096,0.045534
11720,2,13,0.023766,68,0.890474,0.391975,0.474594,0.054016
11720,91,12,0.021938,72,1.120738,0.341186,0.464875,0.043258
11740,73,18,0.032787,166,1.368942,0.415202,0.545662,0.047828
11740,42,17,0.030965,81,1.004279,0.391617,0.375541,0.049066
11740,8,14,0.025501,101,1.183559,0.352652,0.472188,0.054995
11740,13,14,0.025501,86,1.049876,0.433371,0.463622,0.063003
11740,28,14,0.025501,93,0.920867,0.436704,0.382096,0.045534
11740,2,13,0.023679,68,0.890474,0.391975,0.474594,0.054016
11740,53,13,0.023679,151,0.938586,0.429708,0.415022,0.051106
11740,0,12,0.021858,100,1.077376,0.330723,0.396983,0.041637
11760,73,18,0.032432,166,1.368942,0.415202,0.545662,0.047828
11760,42,17,0.030631,81,1.004279,0.391617,0.375541,0.049066
11760,13,14,0.025225,87,1.054591,0.432051,0.467723,0.061463
11760,53,14,0.025225,152,0.924568,0.442625,0.413054,0.052862
11760,2,13,0.023423,68,0.890474,0.391975,0.474594,0.054016
11760,8,13,0.023423,101,1.185928,0.351967,0.470449,0.05478
11760,28,13,0.023423,93,0.921547,0.438303,0.382392,0.046128
11760,83,12,0.021622,135,0.895109,0.413172,0.349612,0.048256
11780,73,18,0.0322,166,1.368942,0.415202,0.545662,0.047828
11780,42,17,0.030411,81,1.004279,0.391617,0.375541,0.049066
11780,53,15,0.026834,153,0.926675,0.434454,0.413468,0.052538
11780,2,13,0.023256,68,0.890474,0.391975,0.474594,0.054016
11780,8,13,0.023256,101,1.185928,0.351967,0.470449,0.05478
11780,13,13,0.023256,87,1.06459,0.42948,0.465717,0.060797
11780,28,13,0.023256,93,0.921547,0.438303,0.382392,0.046128
11780,91,13,0.023256,74,1.107027,0.348184,0.462544,0.044364
11800,73,18,0.032491,167,1.357633,0.4174,0.539732,0.04832
11800,42,17,0.030686,81,1.004279,0.391617,0.375541,0.049066
11800,28,14,0.025271,94,0.921505,0.440306,0.380843,0.046701
11800,53,14,0.025271,153,0.915986,0.437178,0.413519,0.053397
11800,2,13,0.023466,68,0.890474,0.391975,0.474594,0.054016
11800,91,13,0.023466,74,1.107027,0.348184,0.462544,0.044364
11800,8,12,0.021661,101,1.175222,0.352988,0.469245,0.054784
11800,13,12,0.021661,87,1.065822,0.431704,0.468361,0.060687
11820,73,18,0.032609,167,1.357633,0.4174,0.539732,0.04832
11820,42,16,0.028986,81,0.997502,0.392775,0.3771,0.049024
11820,53,15,0.027174,154,0.923097,0.432899,0.414198,0.052085
11820,28,14,0.025362,94,0.921505,0.440306,0.380843,0.046701
11820,2,13,0.023551,68,0.890474,0.391975,0.474594,0.054016
11820,91,13,0.023551,74,1.107027,0.348184,0.462544,0.044364
11820,8,12,0.021739,101,1.175222,0.352988,0.469245,0.054784
11820,13,12,0.021739,87,1.065822,0.431704,0.468361,0.060687
11840,73,21,0.037975,170,1.365062,0.414416,0.538067,0.048946
11840,53,16,0.028933,155,0.927899,0.429425,0.414976,0.051203
11840,42,15,0.027125,81,1.00271,0.393032,0.373763,0.049419
11840,2,14,0.025316,69,0.880581,0.394288,0.473805,0.053966
11840,28,14,0.025316,94,0.921505,0.440306,0.380843,0.046701
11840,91,13,0.023508,74,1.107027,0.348184,0.462544,0.044364
11840,8,12,0.0217,101,1.175222,0.352988,0.469245,0.054784
11840,13,12,0.0217,87,1.065822,0.431704,0.468361,0.060687
11860,73,21,0.0375,170,1.365062,0.414416,0.538067,0.048946
11860,53,17,0.030357,156,0.930819,0.423919,0.414316,0.050961
11860,42,15,0.026786,81,1.00271,0.393032,0.373763,0.049419
11860,28,14,0.025,94,0.921505,0.440306,0.380843,0.046701
11860,2,13,0.023214,69,0.868549,0.400226,0.475803,0.053935
11860,8,13,0.023214,102,1.179541,0.350907,0.469453,0.054469
11860,56,13,0.023214,117,1.088273,0.452335,0.345336,0.041276
11860,91,13,0.023214,74,1.107027,0.348184,0.462544,0.044364
11880,73,22,0.03964,171,1.37809,0.414299,0.532829,0.049463
11880,53,16,0.028829,156,0.924144,0.425443,0.411626,0.0515
11880,42,15,0.027027,81,1.00271,0.393032,0.373763,0.049419
11880,28,14,0.025225,94,0.921505,0.440306,0.380843,0.046701
11880,2,13,0.023423,69,0.868549,0.400226,0.475803,0.053935
11880,13,13,0.023423,88,1.072537,0.437661,0.476631,0.060375
11880,56,13,0.023423,117,1.088273,0.452335,0.345336,0.041276
11880,91,13,0.023423,74,1.107027,0.348184,0.462544,0.044364
11900,73,22,0.039927,171,1.37809,0.414299,0.532829,0.049463
11900,42,15,0.027223,81,1.00271,0.393032,0.373763,0.049419
11900,53,15,0.027223,157,0.925081,0.431686,0.410627,0.051942
11900,28,14,0.025408,94,0.921505,0.440306,0.380843,0.046701
11900,2,13,0.023593,69,0.868549,0.400226,0.475803,0.053935
11900,13,13,0.023593,88,1.072537,0.437661,0.476631,0.060375
11900,56,13,0.023593,117,1.088273,0.452335,0.345336,0.041276
11900,91,13,0.023593,74,1.107027,0.348184,0.462544,0.044364
11920,73,23,0.041516,172,1.382777,0.415781,0.535304,0.048703
11920,53,16,0.028881,158,0.936421,0.428809,0.413164,0.051336
11920,28,15,0.027076,96,0.92026,0.437149,0.382206,0.0462
11920,42,15,0.027076,82,0.982046,0.398285,0.380583,0.048036
11920,13,14,0.025271,89,1.078326,0.439865,0.475928,0.060191
11920,2,13,0.023466,70,0.859121,0.404956,0.47537,0.05377
11920,56,13,0.023466,117,1.088273,0.452335,0.345336,0.041276
11920,91,13,0.023466,74,1.107027,0.348184,0.462544,0.044364
11940,73,25,0.044484,174,1.37216,0.415413,0.533495,0.048568
11940,53,16,0.02847,158,0.936421,0.428809,0.413164,0.051336
11940,28,15,0.02669,96,0.92026,0.437149,0.382206,0.0462
11940,42,15,0.02669,82,0.982046,0.398285,0.380583,0.048036
11940,0,14,0.024911,105,1.072811,0.326966,0.384203,0.040763
11940,13,14,0.024911,89,1.078326,0.439865,0.475928,0.060191
11940,56,14,0.024911,118,1.081951,0.455623,0.344767,0.041295
11940,2,13,0.023132,70,0.859121,0.404956,0.47537,0.05377
11960,73,25,0.044326,175,1.375538,0.41671,0.534274,0.0493
11960,42,16,0.028369,83,0.995741,0.395063,0.381241,0.0479
11960,28,15,0.026596,96,0.92026,0.437149,0.382206,0.0462
11960,53,15,0.026596,158,0.927733,0.432052,0.412065,0.052163
11960,2,14,0.024823,71,0.857973,0.409705,0.475759,0.05411
11960,13,14,0.024823,89,1.078326,0.439865,0.475928,0.060191
11960,0,13,0.02305,105,1.065256,0.326321,0.381746,0.040715
11960,56,13,0.02305,118,1.063984,0.454296,0.346781,0.041877
11980,73,24,0.042781,175,1.375494,0.41671,0.532033,0.049674
11980,42,16,0.02852,84,0.997853,0.397005,0.380884,0.04832
11980,2,15,0.026738,72,0.872626,0.405773,0.474366,0.053897
11980,28,15,0.026738,96,0.92026,0.437149,0.382206,0.0462
11980,53,15,0.026738,158,0.927733,0.432052,0.412065,0.052163
11980,0,13,0.023173,105,1.065256,0.326321,0.381746,0.040715
11980,13,13,0.023173,89,1.081175,0.438938,0.476886,0.060081
11980,56,13,0.023173,118,1.063984,0.454296,0.346781,0.041877
12000,73,23,0.040636,175,1.370877,0.416611,0.529665,0.04973
12000,53,17,0.030035,160,0.918069,0.438026,0.412447,0.053707
12000,42,16,0.028269,84,0.997853,0.397005,0.380884,0.04832
12000,2,15,0.026502,72,0.872626,0.405773,0.474366,0.053897
12000,28,15,0.026502,96,0.92026,0.437149,0.382206,0.0462
12000,0,14,0.024735,106,1.063323,0.325055,0.380106,0.041407
12000,56,14,0.024735,119,1.058388,0.455384,0.345551,0.042265
12000,13,13,0.022968,89,1.081175,0.438938,0.476886,0.060081
12020,73,22,0.039007,175,1.365237,0.419244,0.527852,0.049718
12020,42,17,0.030142,85,1.010791,0.394449,0.378795,0.048503
12020,53,16,0.028369,160,0.911532,0.442091,0.411743,0.054956
12020,2,15,0.026596,72,0.872626,0.405773,0.474366,0.053897
12020,0,14,0.024823,106,1.063323,0.325055,0.380106,0.041407
12020,28,14,0.024823,96,0.91782,0.431411,0.382352,0.046348
12020,56,13,0.02305,119,1.065509,0.453824,0.344622,0.042152
12020,13,12,0.021277,89,1.092918,0.452538,0.481339,0.061281
12040,73,21,0.037433,175,1.36018,0.41958,0.523287,0.049814
12040,42,17,0.030303,85,1.010791,0.394449,0.378795,0.048503
12040,53,16,0.02852,160,0.911532,0.442091,0.411743,0.054956
12040,2,14,0.024955,72,0.881244,0.404446,0.475139,0.053938
12040,28,14,0.024955,96,0.91782,0.431411,0.382352,0.046348
12040,0,13,0.023173,106,1.065695,0.326694,0.382079,0.041202
12040,91,13,0.023173,76,1.112909,0.348257,0.463977,0.042879
12040,13,12,0.02139,89,1.092918,0.452538,0.481339,0.061281
12060,73,20,0.035461,175,1.345605,0.419967,0.52831,0.049289
12060,42,17,0.030142,85,1.010791,0.394449,0.378795,0.048503
12060,53,16,0.028369,160,0.911532,0.442091,0.411743,0.054956
12060,0,14,0.024823,107,1.064423,0.327058,0.378125,0.041208
12060,2,14,0.024823,72,0.881244,0.404446,0.475139,0.053938
12060,28,14,0.024823,96,0.91782,0.431411,0.382352,0.046348
12060,13,13,0.02305,90,1.089546,0.43989,0.476353,0.060496
12060,90,13,0.02305,158,1.065254,0.372624,0.427888,0.044164
12080,42,18,0.032143,86,1.020504,0.392023,0.376818,0.048513
12080,73,18,0.032143,175,1.365209,0.419461,0.538278,0.048764
12080,53,16,0.028571,161,0.911734,0.442954,0.412465,0.05478
12080,2,14,0.025,72,0.881244,0.404446,0.475139,0.053938
12080,28,14,0.025,96,0.91782,0.431411,0.382352,0.046348
12080,90,14,0.025,159,1.066521,0.37383,0.428345,0.044158
12080,13,13,0.023214,90,1.089546,0.43989,0.476353,0.060496
12080,91,13,0.023214,76,1.112909,0.348257,0.463977,0.042879
12100,42,18,0.032609,86,1.020504,0.392023,0.376818,0.048513
12100,73,18,0.032609,175,1.365209,0.419461,0.538278,0.048764
12100,53,16,0.028986,161,0.911734,0.442954,0.412465,0.05478
12100,2,14,0.025362,72,0.881244,0.404446,0.475139,0.053938
12100,13,14,0.025362,91,1.080483,0.445649,0.476985,0.061097
12100,28,14,0.025362,96,0.91782,0.431411,0.382352,0.046348
12100,90,13,0.023551,159,1.067387,0.374355,0.430736,0.044896
12100,91,13,0.023551,76,1.112909,0.348257,0.463977,0.042879
12120,73,20,0.035907,177,1.363615,0.414534,0.540429,0.048066
12120,42,16,0.028725,86,0.996882,0.397259,0.37789,0.048495
12120,53,16,0.028725,161,0.911734,0.442954,0.412465,0.05478
12120,13,14,0.025135,91,1.080483,0.445649,0.476985,0.061097
12120,28,14,0.025135,96,0.91782,0.431411,0.382352,0.046348
12120,2,13,0.023339,72,0.88341,0.404739,0.476611,0.054422
12120,56,13,0.023339,123,1.061768,0.459367,0.341575,0.043323
12120,91,13,0.023339,76,1.112909,0.348257,0.463977,0.042879
12140,73,20,0.035778,177,1.363615,0.414534,0.540429,0.048066
12140,42,17,0.030411,87,1.012221,0.392705,0.376949,0.048154
12140,53,15,0.026834,161,0.905854,0.44733,0.41152,0.055901
12140,2,14,0.025045,73,0.884576,0.402919,0.490296,0.054992
12140,13,14,0.025045,91,1.080483,0.445649,0.476985,0.061097
12140,28,14,0.025045,96,0.91782,0.431411,0.382352,0.046348
12140,56,13,0.023256,123,1.061768,0.459367,0.341575,0.043323
12140,91,13,0.023256,76,1.112909,0.348257,0.463977,0.042879
12160,73,20,0.035651,178,1.367003,0.413743,0.552036,0.048316
12160,42,17,0.030303,87,1.012221,0.392705,0.376949,0.048154
12160,28,15,0.026738,97,0.917055,0.426281,0.384485,0.046384
12160,53,15,0.026738,161,0.905854,0.44733,0.41152,0.055901
12160,2,14,0.024955,73,0.884576,0.402919,0.490296,0.054992
12160,13,13,0.023173,91,1.081642,0.444457,0.478371,0.060468
12160,56,13,0.023173,123,1.061768,0.459367,0.341575,0.043323
12160,91,13,0.023173,76,1.112909,0.348257,0.463977,0.042879
12180,42,18,0.032787,88,1.009813,0.3946,0.375974,0.047561
12180,73,18,0.032787,178,1.370788,0.413077,0.55194,0.047581
12180,53,15,0.027322,162,0.907224,0.445295,0.408176,0.05591
12180,2,14,0.025501,73,0.884576,0.402919,0.490296,0.054992
12180,28,14,0.025501,97,0.915147,0.431456,0.383066,0.046246
12180,8,13,0.023679,107,1.17235,0.352481,0.465119,0.056318
12180,11,13,0.023679,37,1.132013,0.357756,0.406616,0.056143
12180,56,13,0.023679,123,1.061768,0.459367,0.341575,0.043323
12200,42,18,0.032258,88,1.009813,0.3946,0.375974,0.047561
12200,73,18,0.032258,178,1.370788,0.413077,0.55194,0.047581
12200,0,14,0.02509,111,1.062616,0.326875,0.386614,0.041888
12200,2,14,0.02509,73,0.884576,0.402919,0.490296,0.054992
12200,8,14,0.02509,108,1.178934,0.35026,0.462956,0.055987
12200,11,14,0.02509,38,1.127717,0.360711,0.404883,0.056411
12200,28,14,0.02509,97,0.915147,0.431456,0.383066,0.046246
12200,53,14,0.02509,162,0.923746,0.436173,0.409826,0.053736
12220,73,19,0.034173,179,1.365699,0.413139,0.558457,0.048009
12220,42,17,0.030576,88,1.017335,0.393277,0.373988,0.047302
12220,8,14,0.02518,108,1.178934,0.35026,0.462956,0.055987
12220,28,14,0.02518,98,0.920422,0.430914,0.381302,0.046743
12220,53,14,0.02518,162,0.923746,0.436173,0.409826,0.053736
12220,56,14,0.02518,124,1.072376,0.459572,0.341098,0.043031
12220,0,13,0.023381,111,1.059369,0.323823,0.385965,0.042594
12220,2,13,0.023381,73,0.897218,0.399968,0.492143,0.055099
12240,73,21,0.0375,181,1.355075,0.419077,0.555596,0.047405
12240,42,17,0.030357,88,1.017335,0.393277,0.373988,0.047302
12240,28,15,0.026786,99,0.926428,0.438692,0.382745,0.046228
12240,8,14,0.025,108,1.178934,0.35026,0.462956,0.055987
12240,53,14,0.025,162,0.923746,0.436173,0.409826,0.053736
12240,0,13,0.023214,112,1.056476,0.330049,0.388075,0.04199
12240,2,13,0.023214,73,0.897218,0.399968,0.492143,0.055099
12240,11,13,0.023214,38,1.122076,0.364579,0.404758,0.055485
12260,73,21,0.0373,181,1.355075,0.419077,0.555596,0.047405
12260,42,17,0.030195,88,1.017335,0.393277,0.373988,0.047302
12260,28,15,0.026643,99,0.926428,0.438692,0.382745,0.046228
12260,53,15,0.026643,163,0.93411,0.431255,0.411687,0.052784
12260,11,14,0.024867,39,1.118253,0.369019,0.403807,0.055126
12260,0,13,0.023091,113,1.061942,0.328872,0.395869,0.041912
12260,8,13,0.023091,108,1.187501,0.343505,0.460577,0.056097
12260,56,13,0.023091,124,1.079048,0.458806,0.341985,0.042702
12280,73,21,0.037634,181,1.355075,0.419077,0.555596,0.047405
12280,42,17,0.030466,88,1.017335,0.393277,0.373988,0.047302
12280,28,15,0.026882,99,0.926428,0.438692,0.382745,0.046228
12280,53,14,0.02509,163,0.928315,0.434012,0.409269,0.053395
12280,0,13,0.023297,113,1.061942,0.328872,0.395869,0.041912
12280,8,13,0.023297,108,1.187501,0.343505,0.460577,0.056097
12280,11,13,0.023297,39,1.116981,0.366284,0.40499,0.055544
12280,2,12,0.021505,73,0.88701,0.40377,0.495134,0.055781
12300,73,21,0.037838,181,1.355075,0.419077,0.555596,0.047405
12300,42,17,0.030631,88,1.017335,0.393277,0.373988,0.047302
12300,28,15,0.027027,99,0.926428,0.438692,0.382745,0.046228
12300,53,15,0.027027,164,0.932431,0.431722,0.411856,0.052843
12300,0,13,0.023423,113,1.061942,0.328872,0.395869,0.041912
12300,8,13,0.023423,108,1.187501,0.343505,0.460577,0.056097
12300,11,13,0.023423,39,1.116981,0.366284,0.40499,0.055544
12300,72,13,0.023423,115,0.907449,0.402727,0.458713,0.048985
12320,73,21,0.037838,181,1.355075,0.419077,0.555596,0.047405
12320,42,17,0.030631,88,1.017335,0.393277,0.373988,0.047302
12320,28,15,0.027027,99,0.926428,0.438692,0.382745,0.046228
12320,53,15,0.027027,164,0.932431,0.431722,0.411856,0.052843
12320,0,14,0.025225,114,1.062257,0.330494,0.395418,0.040977
12320,8,13,0.023423,108,1.187501,0.343505,0.460577,0.056097
12320,11,13,0.023423,40,1.116772,0.371978,0.408037,0.055123
12320,72,13,0.023423,115,0.907449,0.402727,0.458713,0.048985
12340,73,20,0.035778,181,1.360499,0.422333,0.560856,0.04679
12340,42,17,0.030411,88,1.017335,0.393277,0.373988,0.047302
12340,28,15,0.026834,99,0.926428,0.438692,0.382745,0.046228
12340,53,14,0.025045,164,0.918528,0.437194,0.412627,0.053591
12340,0,13,0.023256,114,1.063971,0.328594,0.392996,0.04096
12340,13,13,0.023256,93,1.084468,0.45022,0.479236,0.059879
12340,91,13,0.023256,77,1.10997,0.348101,0.461754,0.042757
12340,2,12,0.021467,74,0.89794,0.397608,0.497034,0.054262
12360,73,22,0.039286,184,1.329015,0.424551,0.540393,0.048656
12360,42,16,0.028571,88,1.020364,0.391181,0.3749,0.047916
12360,28,15,0.026786,99,0.926428,0.438692,0.382745,0.046228
12360,53,15,0.026786,165,0.929958,0.430815,0.414943,0.052101
12360,0,13,0.023214,114,1.063971,0.328594,0.392996,0.04096
12360,2,13,0.023214,75,0.890832,0.39904,0.495905,0.055002
12360,91,13,0.023214,77,1.10997,0.348101,0.461754,0.042757
12360,13,12,0.021429,93,1.082176,0.452014,0.481976,0.059565
12380,73,22,0.038801,184,1.329015,0.424551,0.540393,0.048656
12380,53,17,0.029982,167,0.902609,0.448366,0.410002,0.055486
12380,42,16,0.028219,88,1.020364,0.391181,0.3749,0.047916
12380,28,15,0.026455,99,0.926428,0.438692,0.382745,0.046228
12380,0,14,0.024691,115,1.062419,0.33112,0.393446,0.040621
12380,2,14,0.024691,76,0.889739,0.398913,0.490786,0.054673
12380,72,13,0.022928,116,0.922741,0.394194,0.456925,0.048909
12380,91,13,0.022928,77,1.10997,0.348101,0.461754,0.042757
12400,73,21,0.037102,185,1.321257,0.427897,0.542454,0.048668
12400,53,18,0.031802,168,0.893283,0.454321,0.408812,0.056812
12400,28,15,0.026502,99,0.926428,0.438692,0.382745,0.046228
12400,42,15,0.026502,88,1.009347,0.393874,0.377013,0.047865
12400,0,14,0.024735,115,1.062419,0.33112,0.393446,0.040621
12400,2,14,0.024735,76,0.889739,0.398913,0.490786,0.054673
12400,13,13,0.022968,94,1.092788,0.458495,0.489974,0.059538
12400,72,13,0.022968,116,0.922741,0.394194,0.456925,0.048909
12420,73,20,0.035088,185,1.313858,0.427973,0.540226,0.049605
12420,53,17,0.029825,168,0.888326,0.461292,0.409109,0.057384
12420,28,15,0.026316,99,0.926428,0.438692,0.382745,0.046228
12420,42,15,0.026316,88,1.009347,0.393874,0.377013,0.047865
12420,2,14,0.024561,76,0.889739,0.398913,0.490786,0.054673
12420,13,13,0.022807,94,1.092788,0.458495,0.489974,0.059538
12420,66,13,0.022807,118,0.914887,0.305363,0.441802,0.044411
12420,91,13,0.022807,77,1.10997,0.348101,0.461754,0.042757
12440,73,20,0.034783,185,1.313858,0.427973,0.540226,0.049605
12440,53,19,0.033043,170,0.904202,0.454992,0.41076,0.055375
12440,42,15,0.026087,88,1.009347,0.393874,0.377013,0.047865
12440,2,14,0.024348,76,0.889739,0.398913,0.490786,0.054673
12440,28,14,0.024348,100,0.92791,0.438447,0.382986,0.045569
12440,13,13,0.022609,94,1.092788,0.458495,0.489974,0.059538
12440,66,13,0.022609,118,0.914887,0.305363,0.441802,0.044411
12440,91,13,0.022609,77,1.10997,0.348101,0.461754,0.042757
12460,73,20,0.034542,186,1.309965,0.427926,0.527874,0.050099
12460,53,19,0.032815,170,0.904202,0.454992,0.41076,0.055375
12460,42,15,0.025907,88,1.009347,0.393874,0.377013,0.047865
12460,2,14,0.02418,76,0.889739,0.398913,0.490786,0.054673
12460,28,14,0.02418,100,0.92791,0.438447,0.382986,0.045569
12460,13,13,0.022453,94,1.092788,0.458495,0.489974,0.059538
12460,66,13,0.022453,118,0.914887,0.305363,0.441802,0.044411
12460,91,13,0.022453,77,1.10997,0.348101,0.461754,0.042757
12480,73,23,0.04028,189,1.321341,0.424949,0.531766,0.04875
12480,53,18,0.031524,170,0.893881,0.461297,0.408726,0.056716
12480,42,15,0.02627,89,1.000242,0.396318,0.379612,0.048021
12480,2,14,0.024518,76,0.889739,0.398913,0.490786,0.054673
12480,13,13,0.022767,94,1.092788,0.458495,0.489974,0.059538
12480,28,13,0.022767,100,0.927325,0.437896,0.383803,0.045406
12480,56,13,0.022767,127,1.092549,0.461824,0.339776,0.042677
12480,66,13,0.022767,118,0.914887,0.305363,0.441802,0.044411
12500,73,23,0.039861,189,1.321341,0.424949,0.531766,0.04875
12500,53,17,0.029463,170,0.888223,0.464922,0.406411,0.057398
12500,42,15,0.025997,89,1.000242,0.396318,0.379612,0.048021
12500,90,15,0.025997,168,1.046711,0.37596,0.430193,0.046281
12500,2,14,0.024263,76,0.889739,0.398913,0.490786,0.054673
12500,13,13,0.02253,94,1.092788,0.458495,0.489974,0.059538
12500,19,13,0.02253,64,0.988395,0.410543,0.359436,0.042532
12500,28,13,0.02253,100,0.927325,0.437896,0.383803,0.045406
12520,73,23,0.039724,189,1.321341,0.424949,0.531766,0.04875
12520,53,17,0.029361,171,0.887166,0.467129,0.405242,0.057775
12520,42,15,0.025907,89,1.000242,0.396318,0.379612,0.048021
12520,2,14,0.02418,76,0.889739,0.398913,0.490786,0.054673
12520,13,14,0.02418,95,1.099188,0.460118,0.496808,0.059485
12520,0,13,0.022453,117,1.066107,0.330747,0.396514,0.039507
12520,19,13,0.022453,64,0.988395,0.410543,0.359436,0.042532
12520,28,13,0.022453,100,0.927325,0.437896,0.383803,0.045406
12540,73,24,0.041379,190,1.315601,0.424135,0.52894,0.048802
12540,53,18,0.031034,172,0.895218,0.46171,0.406502,0.056431
12540,42,17,0.02931,91,1.003113,0.398297,0.378363,0.048893
12540,2,14,0.024138,76,0.889739,0.398913,0.490786,0.054673
12540,91,14,0.024138,79,1.107471,0.354871,0.458841,0.044834
12540,0,13,0.022414,117,1.066107,0.330747,0.396514,0.039507
12540,13,13,0.022414,96,1.102421,0.455652,0.499788,0.058355
12540,28,13,0.022414,100,0.927325,0.437896,0.383803,0.045406
12560,73,25,0.042808,192,1.329581,0.424359,0.530896,0.049532
12560,42,18,0.030822,92,1.008552,0.396311,0.377931,0.049057
12560,53,18,0.030822,172,0.895218,0.46171,0.406502,0.056431
12560,2,14,0.023973,76,0.889739,0.398913,0.490786,0.054673
12560,91,14,0.023973,79,1.107471,0.354871,0.458841,0.044834
12560,19,13,0.02226,65,0.985871,0.405304,0.356615,0.042136
12560,28,13,0.02226,100,0.927325,0.437896,0.383803,0.045406
12560,56,13,0.02226,127,1.092549,0.461824,0.339776,0.042677
12580,73,27,0.046632,194,1.325763,0.421788,0.529096,0.049253
12580,42,18,0.031088,93,1.001886,0.398271,0.376164,0.048159
12580,53,17,0.029361,173,0.902603,0.448099,0.407548,0.055727
12580,2,14,0.02418,76,0.889739,0.398913,0.490786,0.054673
12580,91,14,0.02418,79,1.107471,0.354871,0.458841,0.044834
12580,0,13,0.022453,119,1.063267,0.328682,0.393892,0.039957
12580,19,13,0.022453,65,0.985871,0.405304,0.356615,0.042136
12580,28,13,0.022453,100,0.927325,0.437896,0.383803,0.045406
12600,73,26,0.044444,194,1.331483,0.419411,0.533091,0.04883
12600,42,18,0.030769,93,1.001886,0.398271,0.376164,0.048159
12600,53,17,0.02906,173,0.902603,0.448099,0.407548,0.055727
12600,2,14,0.023932,76,0.889739,0.398913,0.490786,0.054673
12600,91,14,0.023932,79,1.107471,0.354871,0.458841,0.044834
12600,0,13,0.022222,119,1.063267,0.328682,0.393892,0.039957
12600,11,13,0.022222,44,1.083037,0.370463,0.41037,0.054842
12600,19,13,0.022222,66,0.986347,0.400034,0.352512,0.041972
12620,73,24,0.041594,194,1.342806,0.418542,0.535109,0.048764
12620,42,19,0.032929,94,1.012099,0.396424,0.374337,0.0485
12620,53,18,0.031196,175,0.916355,0.44313,0.408338,0.054876
12620,28,16,0.02773,103,0.92603,0.438465,0.380427,0.044645
12620,90,14,0.024263,171,1.046731,0.372516,0.422793,0.046091
12620,91,14,0.024263,79,1.107471,0.354871,0.458841,0.044834
12620,0,13,0.02253,119,1.063267,0.328682,0.393892,0.039957
12620,2,13,0.02253,76,0.890832,0.39904,0.495905,0.055002
12640,73,23,0.039861,194,1.338845,0.420316,0.532367,0.048677
12640,42,18,0.031196,94,1.006044,0.398642,0.372861,0.048692
12640,53,18,0.031196,175,0.916355,0.44313,0.408338,0.054876
12640,28,17,0.029463,104,0.928141,0.432032,0.380866,0.044143
12640,11,14,0.024263,45,1.081922,0.375032,0.404954,0.054475
12640,90,14,0.024263,171,1.046731,0.372516,0.422793,0.046091
12640,91,14,0.024263,79,1.107471,0.354871,0.458841,0.044834
12640,0,13,0.02253,120,1.054622,0.327749,0.389122,0.040272
12660,73,21,0.036713,195,1.333686,0.425019,0.532017,0.049424
12660,42,18,0.031469,94,1.006044,0.398642,0.372861,0.048692
12660,53,17,0.02972,175,0.905998,0.44548,0.406878,0.055854
12660,28,16,0.027972,104,0.92649,0.433396,0.381675,0.04419
12660,90,14,0.024476,171,1.046731,0.372516,0.422793,0.046091
12660,91,14,0.024476,79,1.107471,0.354871,0.458841,0.044834
12660,0,13,0.022727,120,1.054622,0.327749,0.389122,0.040272
12660,11,13,0.022727,45,1.084676,0.37909,0.402276,0.054087
12680,73,22,0.038664,196,1.335488,0.424948,0.536717,0.049438
12680,42,18,0.031634,94,1.006044,0.398642,0.372861,0.048692
12680,28,17,0.029877,105,0.926868,0.439968,0.381242,0.04382
12680,53,17,0.029877,175,0.905998,0.44548,0.406878,0.055854
12680,91,14,0.024605,79,1.107471,0.354871,0.458841,0.044834
12680,0,13,0.022847,120,1.054622,0.327749,0.389122,0.040272
12680,19,13,0.022847,67,0.985086,0.401327,0.35142,0.041538
12680,72,13,0.022847,118,0.904738,0.393239,0.456179,0.049867
12700,73,22,0.038462,196,1.335488,0.424948,0.536717,0.049438
12700,42,18,0.031469,94,1.006044,0.398642,0.372861,0.048692
12700,28,17,0.02972,105,0.926868,0.439968,0.381242,0.04382
12700,53,17,0.02972,175,0.905998,0.44548,0.406878,0.055854
12700,0,13,0.022727,121,1.052717,0.332631,0.393602,0.039567
12700,8,13,0.022727,116,1.201075,0.352828,0.472748,0.0543
12700,11,13,0.022727,46,1.078154,0.380719,0.398933,0.05381
12700,13,13,0.022727,97,1.093444,0.451864,0.498957,0.060498
12720,73,20,0.034904,196,1.344336,0.426349,0.539218,0.049518
12720,53,18,0.031414,176,0.913228,0.440661,0.407009,0.055007
12720,42,17,0.029668,94,1.005863,0.395305,0.372238,0.048152
12720,28,16,0.027923,105,0.92285,0.447598,0.379756,0.04408
12720,2,13,0.022688,77,0.887703,0.403511,0.496731,0.054178
12720,11,13,0.022688,46,1.078154,0.380719,0.398933,0.05381
12720,13,13,0.022688,97,1.093444,0.451864,0.498957,0.060498
12720,72,13,0.022688,118,0.904738,0.393239,0.456179,0.049867
12740,73,21,0.036332,197,1.348919,0.426781,0.540569,0.049207
12740,53,18,0.031142,176,0.913228,0.440661,0.407009,0.055007
12740,28,16,0.027682,105,0.92285,0.447598,0.379756,0.04408
12740,42,16,0.027682,94,1.006943,0.39451,0.374363,0.049095
12740,8,14,0.024221,118,1.187214,0.366915,0.478456,0.055514
12740,72,14,0.024221,119,0.914749,0.391897,0.454159,0.049655
12740,2,13,0.022491,77,0.887703,0.403511,0.496731,0.054178
12740,91,13,0.022491,79,1.11597,0.354671,0.463112,0.044771
12760,73,22,0.037931,198,1.335848,0.433263,0.534701,0.049625
12760,53,18,0.031034,176,0.913228,0.440661,0.407009,0.055007
12760,42,16,0.027586,94,1.006943,0.39451,0.374363,0.049095
12760,28,15,0.025862,105,0.923233,0.44382,0.381971,0.044228
12760,8,14,0.024138,118,1.187214,0.366915,0.478456,0.055514
12760,0,13,0.022414,122,1.053424,0.335224,0.394559,0.039881
12760,2,13,0.022414,77,0.887703,0.403511,0.496731,0.054178
12760,11,13,0.022414,47,1.078902,0.383465,0.398707,0.05443
12780,73,24,0.041451,200,1.341069,0.433487,0.538281,0.049253
12780,53,18,0.031088,176,0.913228,0.440661,0.407009,0.055007
12780,42,16,0.027634,94,1.006943,0.39451,0.374363,0.049095
12780,28,15,0.025907,105,0.923233,0.44382,0.381971,0.044228
12780,0,13,0.022453,122,1.053424,0.335224,0.394559,0.039881
12780,2,13,0.022453,77,0.887703,0.403511,0.496731,0.054178
12780,8,12,0.020725,118,1.171911,0.379279,0.483974,0.055406
12780,11,12,0.020725,47,1.079858,0.379219,0.404053,0.054824
12800,73,25,0.043403,201,1.345542,0.430184,0.544782,0.049319
12800,53,19,0.032986,177,0.918721,0.436129,0.40815,0.05387
12800,42,16,0.027778,94,1.006943,0.39451,0.374363,0.049095
12800,28,15,0.026042,105,0.923233,0.44382,0.381971,0.044228
12800,2,14,0.024306,78,0.88396,0.410849,0.50034,0.054273
12800,0,12,0.020833,122,1.054741,0.336798,0.396549,0.039977
12800,8,12,0.020833,118,1.171911,0.379279,0.483974,0.055406
12800,11,12,0.020833,47,1.079858,0.379219,0.404053,0.054824
12820,73,24,0.041308,201,1.35229,0.431216,0.54815,0.049291
12820,53,18,0.030981,177,0.910804,0.43814,0.40761,0.054315
12820,42,16,0.027539,94,1.006943,0.39451,0.374363,0.049095
12820,28,15,0.025818,105,0.923233,0.44382,0.381971,0.044228
12820,2,14,0.024096,78,0.88396,0.410849,0.50034,0.054273
12820,8,13,0.022375,119,1.172278,0.37554,0.484011,0.055427
12820,56,13,0.022375,132,1.116401,0.458511,0.34173,0.040869
12820,87,13,0.022375,56,1.23734,0.523344,0.414822,0.069624
12840,73,26,0.044828,203,1.373577,0.428292,0.54453,0.04988
12840,53,18,0.031034,178,0.890587,0.446676,0.406228,0.056816
12840,28,16,0.027586,106,0.924442,0.436634,0.386753,0.04439
12840,42,16,0.027586,94,1.006943,0.39451,0.374363,0.049095
12840,2,14,0.024138,79,0.889585,0.405843,0.515259,0.055181
12840,8,14,0.024138,120,1.16993,0.378385,0.491037,0.055249
12840,13,13,0.022414,99,1.09889,0.465483,0.505413,0.061364
12840,0,12,0.02069,122,1.054741,0.336798,0.396549,0.039977
12860,73,29,0.048739,206,1.354912,0.436271,0.538319,0.050109
12860,42,17,0.028571,95,1.001341,0.394977,0.373249,0.049146
12860,53,17,0.028571,178,0.882263,0.451211,0.404952,0.058182
12860,8,15,0.02521,121,1.170881,0.385104,0.49065,0.054986
12860,28,15,0.02521,106,0.92385,0.43815,0.388218,0.044338
12860,2,14,0.023529,79,0.889585,0.405843,0.515259,0.055181
12860,56,14,0.023529,134,1.125289,0.461641,0.337385,0.040954
12860,0,13,0.021849,123,1.055614,0.334813,0.390948,0.039697
12880,73,29,0.049573,206,1.354912,0.436271,0.538319,0.050109
12880,42,17,0.02906,95,1.001341,0.394977,0.373249,0.049146
12880,53,17,0.02906,178,0.882263,0.451211,0.404952,0.058182
12880,2,14,0.023932,79,0.889585,0.405843,0.515259,0.055181
12880,8,14,0.023932,121,1.171836,0.389635,0.4946,0.054682
12880,28,14,0.023932,106,0.921131,0.445939,0.388241,0.044926
12880,56,14,0.023932,134,1.125289,0.461641,0.337385,0.040954
12880,13,13,0.022222,99,1.09889,0.465483,0.505413,0.061364
12900,73,28,0.048696,207,1.355209,0.432673,0.532266,0.050315
12900,42,17,0.029565,95,1.001341,0.394977,0.373249,0.049146
12900,53,16,0.027826,178,0.872646,0.456991,0.404684,0.059281
12900,2,14,0.024348,79,0.889585,0.405843,0.515259,0.055181
12900,28,14,0.024348,106,0.921131,0.445939,0.388241,0.044926
12900,56,13,0.022609,134,1.112187,0.461626,0.337325,0.04124
12900,3,12,0.02087,123,1.088745,0.315675,0.396064,0.045112
12900,8,12,0.02087,121,1.166599,0.391405,0.495833,0.054994
12920,73,27,0.047285,207,1.352047,0.432572,0.530958,0.050587
12920,42,17,0.029772,95,1.001341,0.394977,0.373249,0.049146
12920,53,16,0.028021,178,0.872646,0.456991,0.404684,0.059281
12920,2,14,0.024518,79,0.889585,0.405843,0.515259,0.055181
12920,0,13,0.022767,125,1.039789,0.33335,0.391865,0.040483
12920,28,13,0.022767,106,0.925058,0.443159,0.391634,0.044658
12920,56,13,0.022767,135,1.103891,0.461439,0.337642,0.041342
12920,13,12,0.021016,100,1.094104,0.46553,0.50995,0.062438
12940,73,28,0.04947,208,1.347336,0.431424,0.527346,0.050739
12940,42,17,0.030035,95,1.001341,0.394977,0.373249,0.049146
12940,53,16,0.028269,178,0.872646,0.456991,0.404684,0.059281
12940,2,14,0.024735,79,0.889585,0.405843,0.515259,0.055181
12940,0,13,0.022968,125,1.039789,0.33335,0.391865,0.040483
12940,28,13,0.022968,106,0.925058,0.443159,0.391634,0.044658
12940,8,12,0.021201,122,1.188337,0.379337,0.500177,0.055078
12940,13,12,0.021201,100,1.094104,0.46553,0.50995,0.062438
12960,73,27,0.047788,208,1.357927,0.426314,0.531637,0.050455
12960,42,17,0.030088,95,1.001341,0.394977,0.373249,0.049146
12960,53,16,0.028319,178,0.872646,0.456991,0.404684,0.059281
12960,2,14,0.024779,79,0.889585,0.405843,0.515259,0.055181
12960,28,14,0.024779,107,0.920967,0.450213,0.392252,0.044964
12960,8,12,0.021239,122,1.188337,0.379337,0.500177,0.055078
12960,13,12,0.021239,100,1.094104,0.46553,0.50995,0.062438
12960,19,12,0.021239,73,0.980719,0.39714,0.351858,0.041247
12980,73,28,0.049645,211,1.323845,0.432649,0.526002,0.048956
12980,42,17,0.030142,95,1.001341,0.394977,0.373249,0.049146
12980,53,16,0.028369,178,0.872646,0.456991,0.404684,0.059281
12980,2,14,0.024823,79,0.889585,0.405843,0.515259,0.055181
12980,28,14,0.024823,107,0.920967,0.450213,0.392252,0.044964
12980,0,13,0.02305,127,1.043046,0.333485,0.398039,0.041654
12980,19,13,0.02305,74,0.98253,0.397395,0.352223,0.041585
12980,66,13,0.02305,123,0.916341,0.301888,0.44913,0.04424
13000,73,28,0.049645,212,1.331898,0.428157,0.532888,0.048278
13000,42,17,0.030142,95,1.001341,0.394977,0.373249,0.049146
13000,53,16,0.028369,179,0.889138,0.447534,0.407032,0.056719
13000,2,14,0.024823,79,0.889585,0.405843,0.515259,0.055181
13000,28,14,0.024823,107,0.920967,0.450213,0.392252,0.044964
13000,0,13,0.02305,127,1.043046,0.333485,0.398039,0.041654
13000,66,13,0.02305,123,0.916341,0.301888,0.44913,0.04424
13000,72,13,0.02305,124,0.923647,0.395134,0.447991,0.049284
13020,73,27,0.048301,213,1.352073,0.420993,0.535094,0.04902
13020,42,17,0.030411,96,0.996438,0.395397,0.378624,0.049064
13020,53,16,0.028623,180,0.898063,0.451319,0.408117,0.055977
13020,2,14,0.025045,79,0.889585,0.405843,0.515259,0.055181
13020,28,14,0.025045,107,0.920967,0.450213,0.392252,0.044964
13020,72,13,0.023256,124,0.923647,0.395134,0.447991,0.049284
13020,0,12,0.021467,127,1.043618,0.334029,0.40207,0.042044
13020,11,12,0.021467,48,1.070783,0.378941,0.403841,0.054883
13040,73,27,0.048301,213,1.352073,0.420993,0.535094,0.04902
13040,42,17,0.030411,96,0.996438,0.395397,0.378624,0.049064
13040,53,16,0.028623,180,0.898063,0.451319,0.408117,0.055977
13040,28,14,0.025045,107,0.920967,0.450213,0.392252,0.044964
13040,2,13,0.023256,79,0.877438,0.410786,0.518763,0.055933
13040,72,13,0.023256,125,0.905922,0.403667,0.449136,0.048512
13040,0,12,0.021467,128,1.051014,0.340974,0.404554,0.040902
13040,11,12,0.021467,48,1.070783,0.378941,0.403841,0.054883
13060,73,27,0.047788,214,1.370595,0.4153,0.537464,0.04898
13060,42,17,0.030088,96,0.996438,0.395397,0.378624,0.049064
13060,53,16,0.028319,180,0.898063,0.451319,0.408117,0.055977
13060,0,13,0.023009,130,1.052969,0.333912,0.397525,0.041074
13060,2,13,0.023009,79,0.877438,0.410786,0.518763,0.055933
13060,28,13,0.023009,107,0.919305,0.45955,0.387157,0.044822
13060,72,13,0.023009,125,0.905922,0.403667,0.449136,0.048512
13060,11,12,0.021239,48,1.070783,0.378941,0.403841,0.054883
13080,73,29,0.051056,216,1.352108,0.419305,0.530787,0.04903
13080,42,17,0.02993,96,0.996438,0.395397,0.378624,0.049064
13080,53,17,0.02993,181,0.908694,0.446091,0.409608,0.055206
13080,0,13,0.022887,130,1.052969,0.333912,0.397525,0.041074
13080,11,13,0.022887,49,1.060182,0.383662,0.403243,0.054825
13080,28,13,0.022887,107,0.919305,0.45955,0.387157,0.044822
13080,72,13,0.022887,125,0.905922,0.403667,0.449136,0.048512
13080,2,12,0.021127,79,0.885129,0.410621,0.521533,0.055368
13100,73,29,0.051146,217,1.35994,0.419378,0.539996,0.047926
13100,42,17,0.029982,96,0.996438,0.395397,0.378624,0.049064
13100,53,17,0.029982,181,0.908694,0.446091,0.409608,0.055206
13100,0,13,0.022928,130,1.052969,0.333912,0.397525,0.041074
13100,11,13,0.022928,49,1.060182,0.383662,0.403243,0.054825
13100,28,13,0.022928,107,0.919305,0.45955,0.387157,0.044822
13100,72,13,0.022928,125,0.905922,0.403667,0.449136,0.048512
13100,13,12,0.021164,102,1.088496,0.46724,0.509777,0.062225
13120,73,27,0.04712,217,1.367058,0.418641,0.545081,0.048061
13120,42,17,0.029668,96,0.996438,0.395397,0.378624,0.049064
13120,53,17,0.029668,181,0.908694,0.446091,0.409608,0.055206
13120,0,15,0.026178,132,1.061792,0.332752,0.393828,0.040614
13120,72,14,0.024433,126,0.899551,0.407307,0.453394,0.048289
13120,8,13,0.022688,125,1.189729,0.38701,0.508977,0.057378
13120,11,13,0.022688,49,1.060182,0.383662,0.403243,0.054825
13120,13,13,0.022688,103,1.092295,0.470359,0.50997,0.062179
13140,73,29,0.049828,219,1.370065,0.416981,0.550769,0.047553
13140,53,18,0.030928,182,0.91075,0.439619,0.408341,0.054478
13140,42,17,0.02921,96,0.996438,0.395397,0.378624,0.049064
13140,0,15,0.025773,132,1.061792,0.332752,0.393828,0.040614
13140,11,14,0.024055,50,1.06547,0.386242,0.402463,0.054734
13140,13,14,0.024055,104,1.085235,0.479357,0.504535,0.062435
13140,28,14,0.024055,108,0.916453,0.464123,0.385387,0.044928
13140,8,13,0.022337,125,1.189729,0.38701,0.508977,0.057378
13160,73,28,0.048276,219,1.37517,0.417585,0.554523,0.047371
13160,53,19,0.032759,183,0.901489,0.442715,0.407265,0.055245
13160,42,17,0.02931,96,0.996438,0.395397,0.378624,0.049064
13160,11,14,0.024138,50,1.06547,0.386242,0.402463,0.054734
13160,13,14,0.024138,104,1.085235,0.479357,0.504535,0.062435
13160,28,14,0.024138,108,0.916453,0.464123,0.385387,0.044928
13160,0,13,0.022414,132,1.074337,0.338567,0.396549,0.040423
13160,8,13,0.022414,125,1.189729,0.38701,0.508977,0.057378
13180,73,31,0.052901,222,1.360487,0.422913,0.545474,0.047301
13180,53,20,0.03413,184,0.890417,0.446729,0.406133,0.057119
13180,42,17,0.02901,96,0.996438,0.395397,0.378624,0.049064
13180,11,14,0.023891,50,1.06547,0.386242,0.402463,0.054734
13180,13,14,0.023891,104,1.085235,0.479357,0.504535,0.062435
13180,28,14,0.023891,108,0.916453,0.464123,0.385387,0.044928
13180,90,14,0.023891,184,1.036854,0.380068,0.42382,0.049368
13180,0,13,0.022184,133,1.069961,0.335814,0.39048,0.040191
13200,73,30,0.051107,223,1.357645,0.425413,0.553781,0.046736
13200,53,19,0.032368,184,0.883723,0.45158,0.404946,0.058367
13200,42,16,0.027257,96,0.98397,0.39741,0.380948,0.048716
13200,11,15,0.025554,51,1.060739,0.391332,0.399568,0.054721
13200,28,15,0.025554,109,0.917424,0.457228,0.386034,0.045169
13200,8,14,0.02385,126,1.185403,0.391954,0.508915,0.05829
13200,90,14,0.02385,184,1.036854,0.380068,0.42382,0.049368
13200,2,13,0.022147,81,0.896136,0.41724,0.502394,0.054663
13220,73,30,0.05137,225,1.358952,0.424535,0.54416,0.047486
13220,53,19,0.032534,184,0.883723,0.45158,0.404946,0.058367
13220,42,16,0.027397,96,0.98397,0.39741,0.380948,0.048716
13220,11,15,0.025685,51,1.060739,0.391332,0.399568,0.054721
13220,28,15,0.025685,109,0.917424,0.457228,0.386034,0.045169
13220,13,14,0.023973,105,1.084419,0.485171,0.506424,0.062449
13220,2,13,0.02226,81,0.896136,0.41724,0.502394,0.054663
13220,72,13,0.02226,127,0.888491,0.410096,0.459735,0.047296
13240,73,30,0.050847,225,1.358952,0.424535,0.54416,0.047486
13240,53,19,0.032203,184,0.883723,0.45158,0.404946,0.058367
13240,42,16,0.027119,96,0.98397,0.39741,0.380948,0.048716
13240,13,15,0.025424,106,1.085226,0.486223,0.513491,0.061694
13240,28,15,0.025424,109,0.917424,0.457228,0.386034,0.045169
13240,11,14,0.023729,51,1.050778,0.392013,0.398459,0.054383
13240,90,14,0.023729,185,1.034421,0.382767,0.424205,0.049545
13240,2,13,0.022034,81,0.896136,0.41724,0.502394,0.054663
13260,73,29,0.049404,225,1.364651,0.425159,0.549366,0.047374
13260,53,19,0.032368,184,0.883723,0.45158,0.404946,0.058367
13260,11,15,0.025554,52,1.043711,0.393703,0.399746,0.054122
13260,13,15,0.025554,106,1.085226,0.486223,0.513491,0.061694
13260,42,15,0.025554,96,0.994344,0.396598,0.376558,0.048725
13260,28,14,0.02385,109,0.92097,0.451179,0.385016,0.0449
13260,56,14,0.02385,142,1.132477,0.458481,0.335082,0.038714
13260,90,14,0.02385,185,1.034421,0.382767,0.424205,0.049545
13280,73,27,0.046154,225,1.356238,0.42875,0.539143,0.048047
13280,53,19,0.032479,184,0.883723,0.45158,0.404946,0.058367
13280,13,16,0.02735,107,1.074894,0.486511,0.51352,0.06161
13280,42,15,0.025641,96,0.994344,0.396598,0.376558,0.048725
13280,2,14,0.023932,83,0.911655,0.413975,0.483656,0.053814
13280,11,14,0.023932,52,1.037247,0.391841,0.400276,0.054164
13280,28,14,0.023932,109,0.92097,0.451179,0.385016,0.0449
13280,56,14,0.023932,142,1.132477,0.458481,0.335082,0.038714
13300,73,27,0.046312,225,1.356238,0.42875,0.539143,0.048047
13300,53,19,0.03259,184,0.883723,0.45158,0.404946,0.058367
13300,42,15,0.025729,96,0.994344,0.396598,0.376558,0.048725
13300,2,14,0.024014,83,0.911655,0.413975,0.483656,0.053814
13300,11,14,0.024014,52,1.037247,0.391841,0.400276,0.054164
13300,56,14,0.024014,142,1.132477,0.458481,0.335082,0.038714
13300,72,14,0.024014,129,0.893332,0.407623,0.460068,0.046302
13300,8,13,0.022298,128,1.173589,0.401848,0.50589,0.059726
13320,73,28,0.047218,227,1.329108,0.430909,0.528772,0.049101
13320,53,18,0.030354,184,0.891998,0.448976,0.405894,0.057774
13320,42,16,0.026981,97,0.997022,0.392324,0.374731,0.048737
13320,11,15,0.025295,53,1.040534,0.392569,0.399941,0.053694
13320,2,14,0.023609,83,0.911655,0.413975,0.483656,0.053814
13320,56,14,0.023609,142,1.132477,0.458481,0.335082,0.038714
13320,0,13,0.021922,136,1.058811,0.334348,0.384162,0.040216
13320,8,13,0.021922,128,1.173589,0.401848,0.50589,0.059726
13340,73,27,0.045763,227,1.323208,0.430012,0.526204,0.049349
13340,53,18,0.030508,184,0.891998,0.448976,0.405894,0.057774
13340,42,16,0.027119,97,0.997022,0.392324,0.374731,0.048737
13340,2,14,0.023729,83,0.911655,0.413975,0.483656,0.053814
13340,11,14,0.023729,53,1.048217,0.389158,0.400218,0.053662
13340,56,14,0.023729,142,1.132477,0.458481,0.335082,0.038714
13340,8,13,0.022034,128,1.173589,0.401848,0.50589,0.059726
13340,28,13,0.022034,109,0.927481,0.454923,0.385155,0.044643
13360,73,27,0.045608,227,1.323208,0.430012,0.526204,0.049349
13360,53,18,0.030405,185,0.918288,0.439298,0.408627,0.054907
13360,42,15,0.025338,97,0.990088,0.394309,0.375006,0.04853
13360,8,14,0.023649,129,1.174451,0.396892,0.506337,0.059251
13360,11,14,0.023649,53,1.048217,0.389158,0.400218,0.053662
13360,19,14,0.023649,79,0.981295,0.4172,0.353904,0.041017
13360,0,13,0.021959,137,1.048249,0.331238,0.383662,0.040984
13360,2,13,0.021959,83,0.891204,0.41828,0.485967,0.053937
13380,73,27,0.045685,228,1.31398,0.432637,0.528627,0.049578
13380,53,17,0.028765,185,0.908356,0.443216,0.407353,0.055757
13380,42,16,0.027073,98,1.005426,0.39307,0.374707,0.048329
13380,8,14,0.023689,129,1.174451,0.396892,0.506337,0.059251
13380,11,14,0.023689,54,1.052569,0.386844,0.405415,0.053876
13380,19,14,0.023689,79,0.981295,0.4172,0.353904,0.041017
13380,2,13,0.021997,83,0.891204,0.41828,0.485967,0.053937
13380,28,13,0.021997,109,0.927481,0.454923,0.385155,0.044643
13400,73,30,0.050934,231,1.310249,0.431363,0.524456,0.049647
13400,53,17,0.028862,185,0.908356,0.443216,0.407353,0.055757
13400,42,16,0.027165,98,1.005426,0.39307,0.374707,0.048329
13400,2,14,0.023769,84,0.88966,0.415826,0.486983,0.053946
13400,11,14,0.023769,54,1.052569,0.386844,0.405415,0.053876
13400,0,13,0.022071,138,1.055911,0.337541,0.390618,0.040845
13400,8,13,0.022071,129,1.1698,0.402145,0.508644,0.059513
13400,19,13,0.022071,79,0.979528,0.418488,0.353696,0.040662
13420,73,30,0.051195,232,1.306549,0.431028,0.525851,0.049605
13420,42,17,0.02901,99,0.999399,0.396006,0.372522,0.047968
13420,53,17,0.02901,185,0.908356,0.443216,0.407353,0.055757
13420,2,14,0.023891,84,0.88966,0.415826,0.486983,0.053946
13420,19,14,0.023891,81,0.974211,0.420348,0.356379,0.041092
13420,28,14,0.023891,110,0.931719,0.461232,0.386336,0.044106
13420,91,14,0.023891,82,1.107731,0.3506,0.471027,0.042769
13420,0,13,0.022184,138,1.055911,0.337541,0.390618,0.040845
13440,73,30,0.050934,234,1.310738,0.433804,0.52961,0.047655
13440,53,18,0.03056,186,0.916239,0.438465,0.407727,0.055098
13440,42,17,0.028862,100,1.004035,0.395136,0.371416,0.047483
13440,28,15,0.025467,111,0.928253,0.455075,0.387807,0.044189
13440,0,14,0.023769,139,1.052776,0.335387,0.392021,0.041586
13440,8,14,0.023769,130,1.175058,0.397439,0.507577,0.059277
13440,11,14,0.023769,55,1.054416,0.387432,0.408921,0.054183
13440,91,14,0.023769,82,1.107731,0.3506,0.471027,0.042769
13460,73,30,0.050761,234,1.310738,0.433804,0.52961,0.047655
13460,53,18,0.030457,186,0.916239,0.438465,0.407727,0.055098
13460,42,17,0.028765,100,1.004035,0.395136,0.371416,0.047483
13460,8,15,0.025381,131,1.170454,0.394161,0.512755,0.059907
13460,28,15,0.025381,111,0.928253,0.455075,0.387807,0.044189
13460,2,14,0.023689,86,0.863064,0.424803,0.488304,0.053752
13460,91,14,0.023689,82,1.107731,0.3506,0.471027,0.042769
13460,0,13,0.021997,139,1.050922,0.337149,0.394999,0.042156
13480,73,29,0.049236,234,1.321313,0.433325,0.532191,0.047245
13480,53,18,0.03056,186,0.916239,0.438465,0.407727,0.055098
13480,42,16,0.027165,100,1.001962,0.39932,0.372922,0.047393
13480,2,15,0.025467,87,0.855883,0.426844,0.490153,0.054142
13480,8,15,0.025467,131,1.170454,0.394161,0.512755,0.059907
13480,28,15,0.025467,112,0.928414,0.466396,0.385735,0.043432
13480,91,14,0.023769,82,1.107731,0.3506,0.471027,0.042769
13480,0,13,0.022071,139,1.050922,0.337149,0.394999,0.042156
13500,73,29,0.048904,234,1.321313,0.433325,0.532191,0.047245
13500,53,18,0.030354,186,0.916239,0.438465,0.407727,0.055098
13500,42,17,0.028668,101,1.009329,0.398572,0.370508,0.047062
13500,2,15,0.025295,87,0.855883,0.426844,0.490153,0.054142
13500,8,15,0.025295,131,1.170454,0.394161,0.512755,0.059907
13500,28,15,0.025295,112,0.928414,0.466396,0.385735,0.043432
13500,11,14,0.023609,56,1.059761,0.388049,0.411617,0.054721
13500,13,14,0.023609,112,1.025398,0.476465,0.51361,0.062353
13520,73,30,0.050847,236,1.325708,0.432905,0.541445,0.046428
13520,53,17,0.028814,186,0.910673,0.441626,0.406925,0.055797
13520,42,16,0.027119,101,0.995194,0.400078,0.370526,0.047171
13520,2,15,0.025424,87,0.855883,0.426844,0.490153,0.054142
13520,8,15,0.025424,131,1.170454,0.394161,0.512755,0.059907
13520,11,15,0.025424,57,1.054736,0.382286,0.412751,0.055378
13520,28,15,0.025424,112,0.928414,0.466396,0.385735,0.043432
13520,13,14,0.023729,112,1.025398,0.476465,0.51361,0.062353
13540,73,30,0.050251,237,1.33772,0.431242,0.542783,0.046662
13540,2,16,0.026801,88,0.857048,0.427692,0.49368,0.053605
13540,11,16,0.026801,58,1.054834,0.384524,0.414304,0.055644
13540,42,16,0.026801,101,0.995194,0.400078,0.370526,0.047171
13540,53,16,0.026801,186,0.900166,0.446575,0.405266,0.056605
13540,8,15,0.025126,131,1.170454,0.394161,0.512755,0.059907
13540,28,15,0.025126,112,0.928414,0.466396,0.385735,0.043432
13540,0,14,0.023451,141,1.045783,0.343177,0.394894,0.041154
13560,73,29,0.048658,237,1.331778,0.429692,0.542468,0.046772
13560,2,16,0.026846,89,0.867137,0.421029,0.490811,0.053014
13560,11,16,0.026846,59,1.046536,0.379451,0.415381,0.055141
13560,42,16,0.026846,101,0.995194,0.400078,0.370526,0.047171
13560,53,16,0.026846,186,0.900166,0.446575,0.405266,0.056605
13560,13,15,0.025168,113,1.018114,0.483836,0.512046,0.06284
13560,28,15,0.025168,112,0.928414,0.466396,0.385735,0.043432
13560,0,13,0.021812,141,1.050106,0.340168,0.392008,0.041532
13580,73,28,0.046205,237,1.338867,0.429366,0.54766,0.04672
13580,42,17,0.028053,102,0.998406,0.399915,0.368325,0.047726
13580,53,17,0.028053,187,0.894032,0.455309,0.405464,0.057761
13580,2,16,0.026403,89,0.867137,0.421029,0.490811,0.053014
13580,11,16,0.026403,59,1.046536,0.379451,0.415381,0.055141
13580,13,15,0.024752,113,1.018114,0.483836,0.512046,0.06284
13580,28,15,0.024752,112,0.928414,0.466396,0.385735,0.043432
13580,8,14,0.023102,132,1.155247,0.403901,0.522598,0.061253
13600,73,27,0.044702,237,1.338806,0.430316,0.544903,0.046967
13600,42,17,0.028146,102,0.998406,0.399915,0.368325,0.047726
13600,53,17,0.028146,188,0.872915,0.475338,0.405236,0.059669
13600,2,16,0.02649,90,0.885903,0.420569,0.487834,0.053049
13600,11,16,0.02649,60,1.040285,0.381396,0.41337,0.055249
13600,28,15,0.024834,112,0.928414,0.466396,0.385735,0.043432
13600,8,14,0.023179,133,1.158215,0.394929,0.51445,0.061568
13600,13,14,0.023179,113,1.022058,0.479456,0.511427,0.06258
13620,73,28,0.046589,238,1.331496,0.433411,0.542601,0.04722
13620,42,17,0.028286,103,1.007238,0.395356,0.369619,0.048411
13620,53,17,0.028286,188,0.872915,0.475338,0.405236,0.059669
13620,28,16,0.026622,113,0.927261,0.468764,0.383445,0.043004
13620,2,15,0.024958,90,0.894068,0.417936,0.485967,0.052861
13620,11,15,0.024958,60,1.044011,0.386715,0.412352,0.054627
13620,8,14,0.023295,133,1.158215,0.394929,0.51445,0.061568
13620,13,14,0.023295,113,1.022058,0.479456,0.511427,0.06258
13640,73,28,0.046745,239,1.330327,0.431028,0.544256,0.048456
13640,53,18,0.03005,189,0.885855,0.469726,0.406852,0.058585
13640,28,17,0.028381,114,0.924308,0.460618,0.385243,0.043699
13640,42,17,0.028381,103,1.007238,0.395356,0.369619,0.048411
13640,13,15,0.025042,114,1.018487,0.480275,0.510004,0.063028
13640,2,14,0.023372,90,0.905344,0.415701,0.486497,0.052906
13640,8,14,0.023372,133,1.158215,0.394929,0.51445,0.061568
13640,11,14,0.023372,60,1.036913,0.383239,0.41115,0.054386
13660,73,28,0.047945,239,1.330327,0.431028,0.544256,0.048456
13660,53,18,0.030822,189,0.885855,0.469726,0.406852,0.058585
13660,42,17,0.02911,103,1.007238,0.395356,0.369619,0.048411
13660,11,15,0.025685,61,1.029725,0.385238,0.411681,0.054854
13660,8,14,0.023973,133,1.158215,0.394929,0.51445,0.061568
13660,28,14,0.023973,114,0.914585,0.471584,0.380393,0.044267
13660,72,14,0.023973,133,0.919902,0.402809,0.451824,0.047469
13660,0,13,0.02226,143,1.049051,0.341579,0.393438,0.040377
13680,73,29,0.050173,241,1.322332,0.430602,0.543981,0.047599
13680,53,19,0.032872,190,0.895868,0.465302,0.408705,0.057484
13680,42,18,0.031142,104,1.006729,0.39519,0.367316,0.048617
13680,11,15,0.025952,61,1.029725,0.385238,0.411681,0.054854
13680,28,15,0.025952,115,0.916432,0.46483,0.382419,0.044822
13680,2,14,0.024221,91,0.917738,0.415528,0.48066,0.051951
13680,0,13,0.022491,143,1.049051,0.341579,0.393438,0.040377
13680,72,13,0.022491,133,0.908248,0.40719,0.454218,0.047406
13700,73,29,0.049914,241,1.322332,0.430602,0.543981,0.047599
13700,53,19,0.032702,190,0.895868,0.465302,0.408705,0.057484
13700,42,17,0.02926,104,0.996772,0.397781,0.368249,0.049222
13700,28,16,0.027539,116,0.919115,0.471255,0.380557,0.044716
13700,11,15,0.025818,61,1.029725,0.385238,0.411681,0.054854
13700,0,14,0.024096,144,1.049316,0.339572,0.388724,0.04052
13700,2,14,0.024096,91,0.917738,0.415528,0.48066,0.051951
13700,72,14,0.024096,134,0.920228,0.40312,0.453049,0.047256
13720,73,28,0.047945,242,1.334642,0.43113,0.549526,0.047939
13720,53,18,0.030822,190,0.8931,0.472841,0.409922,0.058338
13720,42,17,0.02911,105,0.987632,0.399401,0.372315,0.04926
13720,11,16,0.027397,63,1.025816,0.377937,0.409024,0.054272
13720,28,15,0.025685,116,0.918161,0.467304,0.38166,0.045218
13720,0,14,0.023973,144,1.049316,0.339572,0.388724,0.04052
13720,2,14,0.023973,91,0.917738,0.415528,0.48066,0.051951
13720,72,14,0.023973,134,0.920228,0.40312,0.453049,0.047256
13740,73,28,0.048443,243,1.337941,0.431948,0.549263,0.047283
13740,53,18,0.031142,190,0.8931,0.472841,0.409922,0.058338
13740,42,16,0.027682,105,0.988476,0.401806,0.372475,0.048884
13740,2,15,0.025952,92,0.906923,0.419467,0.483633,0.05207
13740,11,15,0.025952,63,1.022509,0.382523,0.408603,0.054891
13740,28,15,0.025952,116,0.918161,0.467304,0.38166,0.045218
13740,72,14,0.024221,134,0.920228,0.40312,0.453049,0.047256
13740,0,13,0.022491,144,1.051076,0.337096,0.38832,0.040962
13760,73,30,0.052174,246,1.354046,0.429032,0.547159,0.04725
13760,53,16,0.027826,190,0.903496,0.467745,0.410352,0.057145
13760,2,15,0.026087,92,0.906923,0.419467,0.483633,0.05207
13760,28,15,0.026087,116,0.918161,0.467304,0.38166,0.045218
13760,42,15,0.026087,105,0.979228,0.402819,0.375181,0.049358
13760,0,14,0.024348,145,1.048611,0.334226,0.38511,0.040906
13760,11,14,0.024348,63,1.018957,0.389048,0.411282,0.054711
13760,56,14,0.024348,150,1.136717,0.462694,0.334674,0.03974
13780,73,31,0.053173,247,1.355437,0.428463,0.549615,0.046811
13780,53,16,0.027444,190,0.903496,0.467745,0.410352,0.057145
13780,2,15,0.025729,92,0.906923,0.419467,0.483633,0.05207
13780,11,15,0.025729,64,1.02232,0.392011,0.410882,0.05432
13780,28,15,0.025729,116,0.918161,0.467304,0.38166,0.045218
13780,42,15,0.025729,105,0.979228,0.402819,0.375181,0.049358
13780,0,14,0.024014,145,1.048611,0.334226,0.38511,0.040906
13780,56,14,0.024014,151,1.116773,0.459499,0.337401,0.040283
13800,73,32,0.054329,248,1.365055,0.427521,0.549247,0.04715
13800,53,16,0.027165,190,0.903496,0.467745,0.410352,0.057145
13800,2,15,0.025467,92,0.906923,0.419467,0.483633,0.05207
13800,11,15,0.025467,64,1.02232,0.392011,0.410882,0.05432
13800,28,15,0.025467,116,0.918161,0.467304,0.38166,0.045218
13800,42,15,0.025467,105,0.979228,0.402819,0.375181,0.049358
13800,8,14,0.023769,137,1.151827,0.402729,0.513665,0.061822
13800,56,14,0.023769,151,1.116773,0.459499,0.337401,0.040283
13820,73,30,0.05137,248,1.377367,0.426877,0.549854,0.046775
13820,2,15,0.025685,92,0.906923,0.419467,0.483633,0.05207
13820,28,15,0.025685,116,0.918161,0.467304,0.38166,0.045218
13820,42,15,0.025685,106,1.002407,0.401744,0.368045,0.050119
13820,53,15,0.025685,190,0.893712,0.475081,0.410103,0.058029
13820,8,14,0.023973,137,1.151827,0.402729,0.513665,0.061822
13820,11,14,0.023973,64,1.02182,0.388585,0.412635,0.054072
13820,0,13,0.02226,146,1.053366,0.332978,0.38818,0.040706
13840,73,29,0.049404,248,1.378951,0.427829,0.54724,0.046843
13840,2,15,0.025554,92,0.906923,0.419467,0.483633,0.05207
13840,28,15,0.025554,116,0.918161,0.467304,0.38166,0.045218
13840,42,15,0.025554,106,1.002407,0.401744,0.368045,0.050119
13840,53,15,0.025554,191,0.91577,0.463091,0.413106,0.055802
13840,8,14,0.02385,137,1.151827,0.402729,0.513665,0.061822
13840,11,14,0.02385,65,1.029318,0.391711,0.411696,0.053206
13840,90,13,0.022147,195,1.040984,0.379504,0.420441,0.047803
13860,73,28,0.047458,248,1.376511,0.428732,0.541895,0.047701
13860,2,15,0.025424,92,0.906923,0.419467,0.483633,0.05207
13860,8,15,0.025424,138,1.157498,0.407366,0.504825,0.062843
13860,42,15,0.025424,106,1.002407,0.401744,0.368045,0.050119
13860,53,15,0.025424,191,0.91577,0.463091,0.413106,0.055802
13860,11,14,0.023729,65,1.029318,0.391711,0.411696,0.053206
13860,13,14,0.023729,118,1.014101,0.488555,0.51585,0.063591
13860,28,14,0.023729,116,0.918746,0.464663,0.383987,0.045834
13880,73,28,0.047619,248,1.376511,0.428732,0.541895,0.047701
13880,53,17,0.028912,193,0.911036,0.45169,0.412666,0.054643
13880,2,15,0.02551,93,0.894753,0.429135,0.491282,0.052601
13880,8,15,0.02551,138,1.157498,0.407366,0.504825,0.062843
13880,42,15,0.02551,106,1.002407,0.401744,0.368045,0.050119
13880,11,14,0.02381,65,1.029318,0.391711,0.411696,0.053206
13880,13,14,0.02381,118,1.014101,0.488555,0.51585,0.063591
13880,28,14,0.02381,116,0.918746,0.464663,0.383987,0.045834
13900,73,28,0.046512,248,1.376511,0.428732,0.541895,0.047701
13900,53,17,0.028239,193,0.911036,0.45169,0.412666,0.054643
13900,8,16,0.026578,140,1.168145,0.407563,0.508182,0.061784
13900,13,16,0.026578,120,1.013292,0.497025,0.517181,0.064285
13900,42,16,0.026578,107,1.0146,0.397117,0.365698,0.050336
13900,2,15,0.024917,93,0.894753,0.429135,0.491282,0.052601
13900,11,15,0.024917,66,1.034105,0.396573,0.411549,0.053757
13900,28,14,0.023256,116,0.918746,0.464663,0.383987,0.045834
13920,73,28,0.046745,248,1.376511,0.428732,0.541895,0.047701
13920,13,17,0.028381,121,1.005924,0.504506,0.516274,0.064587
13920,8,16,0.026711,140,1.168145,0.407563,0.508182,0.061784
13920,42,16,0.026711,107,1.0146,0.397117,0.365698,0.050336
13920,53,16,0.026711,193,0.898862,0.456526,0.411312,0.055548
13920,2,15,0.025042,93,0.894753,0.429135,0.491282,0.052601
13920,11,14,0.023372,66,1.037234,0.392165,0.411435,0.054047
13920,28,14,0.023372,116,0.918746,0.464663,0.383987,0.045834
13940,73,26,0.043478,250,1.351229,0.437408,0.541035,0.04828
13940,13,18,0.0301,122,1.014003,0.502255,0.52349,0.063743
13940,8,17,0.028428,141,1.173805,0.400842,0.503996,0.061685
13940,42,17,0.028428,108,1.012252,0.400499,0.366439,0.050382
13940,53,17,0.028428,194,0.892031,0.462173,0.409981,0.056952
13940,2,15,0.025084,93,0.894753,0.429135,0.491282,0.052601
13940,11,14,0.023411,66,1.037234,0.392165,0.411435,0.054047
13940,28,14,0.023411,116,0.918746,0.464663,0.383987,0.045834
13960,73,27,0.045151,251,1.351412,0.4347,0.538456,0.048884
13960,53,19,0.031773,196,0.891333,0.463025,0.406307,0.056733
13960,13,18,0.0301,122,1.014003,0.502255,0.52349,0.063743
13960,42,18,0.0301,109,1.023121,0.398953,0.365576,0.050265
13960,8,16,0.026756,141,1.1735,0.403442,0.499419,0.061278
13960,2,15,0.025084,93,0.894753,0.429135,0.491282,0.052601
13960,11,14,0.023411,66,1.037234,0.392165,0.411435,0.054047
13960,91,14,0.023411,84,1.111826,0.363409,0.459799,0.045919
13980,73,27,0.045226,252,1.339577,0.437538,0.538411,0.048273
13980,53,20,0.033501,197,0.899151,0.458143,0.406105,0.055584
13980,42,18,0.030151,109,1.023121,0.398953,0.365576,0.050265
13980,13,17,0.028476,123,1.012715,0.510662,0.514557,0.063678
13980,2,16,0.026801,94,0.901101,0.422435,0.492445,0.053151
13980,8,15,0.025126,141,1.177494,0.400923,0.499423,0.061272
13980,11,14,0.023451,66,1.037234,0.392165,0.411435,0.054047
13980,91,14,0.023451,84,1.111826,0.363409,0.459799,0.045919
14000,73,28,0.047138,253,1.341055,0.43746,0.541446,0.047942
14000,53,20,0.03367,197,0.899151,0.458143,0.406105,0.055584
14000,13,17,0.02862,123,1.012715,0.510662,0.514557,0.063678
14000,42,17,0.02862,109,1.012864,0.403144,0.367639,0.05007
14000,2,15,0.025253,94,0.902872,0.421237,0.488836,0.053657
14000,8,15,0.025253,141,1.177494,0.400923,0.499423,0.061272
14000,91,15,0.025253,85,1.108403,0.367225,0.462773,0.046632
14000,11,14,0.023569,66,1.037234,0.392165,0.411435,0.054047
14020,73,28,0.046745,253,1.341055,0.43746,0.541446,0.047942
14020,13,17,0.028381,123,1.012715,0.510662,0.514557,0.063678
14020,42,17,0.028381,109,1.012864,0.403144,0.367639,0.05007
14020,53,17,0.028381,197,0.888358,0.462528,0.401663,0.05684
14020,2,16,0.026711,95,0.895977,0.423733,0.487356,0.053613
14020,8,16,0.026711,142,1.184031,0.39823,0.50707,0.061258
14020,91,15,0.025042,85,1.108403,0.367225,0.462773,0.046632
14020,11,14,0.023372,66,1.037234,0.392165,0.411435,0.054047
14040,73,30,0.049505,255,1.338247,0.440438,0.542789,0.04732
14040,8,17,0.028053,143,1.187537,0.391942,0.50592,0.061228
14040,42,17,0.028053,109,1.012864,0.403144,0.367639,0.05007
14040,53,17,0.028053,197,0.888358,0.462528,0.401663,0.05684
14040,2,16,0.026403,95,0.895977,0.423733,0.487356,0.053613
14040,13,16,0.026403,123,1.015479,0.511845,0.516087,0.063327
14040,91,16,0.026403,86,1.107034,0.36773,0.465764,0.047051
14040,11,14,0.023102,66,1.037234,0.392165,0.411435,0.054047
14060,73,31,0.050987,256,1.341314,0.439587,0.544288,0.046946
14060,42,18,0.029605,110,1.007946,0.403929,0.370556,0.049916
14060,53,18,0.029605,198,0.902894,0.4578,0.402428,0.056378
14060,8,17,0.027961,144,1.177221,0.397856,0.506301,0.061931
14060,13,17,0.027961,125,1.026392,0.506495,0.521285,0.062492
14060,2,16,0.026316,95,0.895977,0.423733,0.487356,0.053613
14060,91,16,0.026316,86,1.107034,0.36773,0.465764,0.047051
14060,11,14,0.023026,66,1.037234,0.392165,0.411435,0.054047
14080,73,31,0.051155,256,1.341314,0.439587,0.544288,0.046946
14080,53,18,0.029703,198,0.902894,0.4578,0.402428,0.056378
14080,8,17,0.028053,144,1.177221,0.397856,0.506301,0.061931
14080,13,17,0.028053,125,1.026392,0.506495,0.521285,0.062492
14080,42,17,0.028053,110,1.011293,0.403576,0.372454,0.049764
14080,2,16,0.026403,95,0.895977,0.423733,0.487356,0.053613
14080,91,16,0.026403,86,1.107034,0.36773,0.465764,0.047051
14080,11,15,0.024752,67,1.031311,0.385674,0.413672,0.054363
14100,73,32,0.051864,257,1.341852,0.438402,0.548065,0.046646
14100,53,18,0.029173,198,0.902894,0.4578,0.402428,0.056378
14100,8,17,0.027553,144,1.177221,0.397856,0.506301,0.061931
14100,13,17,0.027553,125,1.026392,0.506495,0.521285,0.062492
14100,42,17,0.027553,110,1.011293,0.403576,0.372454,0.049764
14100,2,16,0.025932,95,0.895977,0.423733,0.487356,0.053613
14100,11,15,0.024311,67,1.031311,0.385674,0.413672,0.054363
14100,28,14,0.02269,118,0.916332,0.450193,0.387453,0.045702
14120,73,31,0.050736,257,1.352274,0.435144,0.551475,0.046198
14120,53,18,0.02946,198,0.902894,0.4578,0.402428,0.056378
14120,8,17,0.027823,144,1.177221,0.397856,0.506301,0.061931
14120,13,17,0.027823,126,1.029768,0.507501,0.516183,0.063217
14120,42,17,0.027823,110,1.011293,0.403576,0.372454,0.049764
14120,2,16,0.026187,95,0.895977,0.423733,0.487356,0.053613
14120,11,15,0.02455,67,1.031311,0.385674,0.413672,0.054363
14120,28,14,0.022913,118,0.916332,0.450193,0.387453,0.045702
14140,73,31,0.05082,258,1.348198,0.432857,0.544817,0.046697
14140,53,18,0.029508,198,0.902894,0.4578,0.402428,0.056378
14140,13,17,0.027869,126,1.029768,0.507501,0.516183,0.063217
14140,42,17,0.027869,110,1.011293,0.403576,0.372454,0.049764
14140,2,16,0.02623,95,0.895977,0.423733,0.487356,0.053613
14140,8,15,0.02459,145,1.170523,0.409638,0.52191,0.060939
14140,11,15,0.02459,67,1.031311,0.385674,0.413672,0.054363
14140,28,14,0.022951,118,0.916332,0.450193,0.387453,0.045702
14160,73,28,0.045902,258,1.34937,0.433124,0.550155,0.046618
14160,42,19,0.031148,112,1.002034,0.406322,0.372766,0.050291
14160,13,18,0.029508,127,1.037052,0.502116,0.524331,0.06312
14160,53,18,0.029508,199,0.930162,0.443477,0.410381,0.05441
14160,2,16,0.02623,95,0.895977,0.423733,0.487356,0.053613
14160,11,15,0.02459,67,1.031311,0.385674,0.413672,0.054363
14160,8,14,0.022951,145,1.161616,0.404399,0.524321,0.061379
14160,28,14,0.022951,118,0.916332,0.450193,0.387453,0.045702
14180,73,26,0.042834,258,1.360808,0.427895,0.552201,0.046647
14180,42,19,0.031301,112,1.002034,0.406322,0.372766,0.050291
14180,13,18,0.029654,127,1.037052,0.502116,0.524331,0.06312
14180,53,18,0.029654,199,0.930162,0.443477,0.410381,0.05441
14180,2,16,0.026359,95,0.895977,0.423733,0.487356,0.053613
14180,11,15,0.024712,67,1.031311,0.385674,0.413672,0.054363
14180,8,14,0.023064,145,1.161616,0.404399,0.524321,0.061379
14180,91,14,0.023064,86,1.101422,0.364482,0.471087,0.045776
14200,73,27,0.044628,259,1.366222,0.425559,0.546966,0.047162
14200,42,19,0.031405,112,1.002034,0.406322,0.372766,0.050291
14200,13,18,0.029752,127,1.037052,0.502116,0.524331,0.06312
14200,53,18,0.029752,199,0.930162,0.443477,0.410381,0.05441
14200,2,16,0.026446,96,0.893048,0.419192,0.478034,0.053868
14200,11,15,0.024793,67,1.031311,0.385674,0.413672,0.054363
14200,28,14,0.02314,119,0.914518,0.450256,0.388177,0.045958
14200,91,14,0.02314,86,1.101422,0.364482,0.471087,0.045776
14220,73,28,0.046281,261,1.375193,0.422492,0.549763,0.046693
14220,42,18,0.029752,112,0.98983,0.406942,0.373377,0.0504
14220,13,17,0.028099,127,1.038909,0.497015,0.528568,0.063083
14220,2,16,0.026446,96,0.893048,0.419192,0.478034,0.053868
14220,53,16,0.026446,199,0.91012,0.453599,0.406991,0.056607
14220,11,15,0.024793,67,1.031311,0.385674,0.413672,0.054363
14220,91,15,0.024793,87,1.099421,0.365851,0.46997,0.045635
14220,0,14,0.02314,155,1.04404,0.322895,0.386996,0.042715
14240,73,28,0.046281,262,1.375727,0.421575,0.554109,0.045914
14240,13,17,0.028099,127,1.038909,0.497015,0.528568,0.063083
14240,2,16,0.026446,96,0.893048,0.419192,0.478034,0.053868
14240,42,16,0.026446,112,0.994869,0.403315,0.370149,0.050548
14240,53,16,0.026446,199,0.91012,0.453599,0.406991,0.056607
14240,11,15,0.024793,67,1.031311,0.385674,0.413672,0.054363
14240,91,15,0.024793,87,1.099421,0.365851,0.46997,0.045635
14240,0,14,0.02314,155,1.04404,0.322895,0.386996,0.042715
14260,73,29,0.048093,263,1.378403,0.41983,0.555259,0.046599
14260,2,16,0.026534,96,0.893048,0.419192,0.478034,0.053868
14260,13,16,0.026534,127,1.041831,0.494669,0.526044,0.062448
14260,42,16,0.026534,112,0.994869,0.403315,0.370149,0.050548
14260,53,16,0.026534,199,0.91012,0.453599,0.406991,0.056607
14260,11,15,0.024876,67,1.031311,0.385674,0.413672,0.054363
14260,91,15,0.024876,87,1.099421,0.365851,0.46997,0.045635
14260,0,14,0.023217,155,1.04404,0.322895,0.386996,0.042715
14280,73,29,0.048253,264,1.367366,0.423545,0.546377,0.046497
14280,13,17,0.028286,128,1.055711,0.492714,0.531614,0.063426
14280,42,16,0.026622,112,0.994869,0.403315,0.370149,0.050548
14280,53,16,0.026622,200,0.903426,0.451404,0.408692,0.056411
14280,2,15,0.024958,96,0.902229,0.416777,0.475501,0.053485
14280,11,15,0.024958,67,1.031311,0.385674,0.413672,0.054363
14280,91,15,0.024958,87,1.099421,0.365851,0.46997,0.045635
14280,0,14,0.023295,156,1.03539,0.324361,0.383859,0.041939
14300,73,28,0.047059,264,1.375123,0.420168,0.548073,0.046325
14300,8,16,0.026891,149,1.16811,0.401373,0.532741,0.060133
14300,13,16,0.026891,128,1.053161,0.492199,0.526563,0.064194
14300,42,16,0.026891,112,0.994869,0.403315,0.370149,0.050548
14300,53,16,0.026891,200,0.903426,0.451404,0.408692,0.056411
14300,2,15,0.02521,96,0.902229,0.416777,0.475501,0.053485
14300,28,15,0.02521,121,0.910681,0.465772,0.381159,0.0464
14300,91,15,0.02521,87,1.099421,0.365851,0.46997,0.045635
14320,73,28,0.046434,264,1.375123,0.420168,0.548073,0.046325
14320,13,16,0.026534,128,1.053161,0.492199,0.526563,0.064194
14320,42,16,0.026534,112,0.994869,0.403315,0.370149,0.050548
14320,53,16,0.026534,200,0.903426,0.451404,0.408692,0.056411
14320,2,15,0.024876,96,0.902229,0.416777,0.475501,0.053485
14320,8,15,0.024876,150,1.163935,0.41369,0.537134,0.060437
14320,28,15,0.024876,121,0.910681,0.465772,0.381159,0.0464
14320,11,14,0.023217,67,1.037234,0.392165,0.411435,0.054047
14340,73,30,0.049587,266,1.367495,0.421897,0.549064,0.04606
14340,42,17,0.028099,113,1.002307,0.400359,0.370985,0.050718
14340,2,15,0.024793,96,0.902229,0.416777,0.475501,0.053485
14340,8,15,0.024793,150,1.163935,0.41369,0.537134,0.060437
14340,13,15,0.024793,128,1.046615,0.49408,0.518589,0.065181
14340,28,15,0.024793,121,0.910681,0.465772,0.381159,0.0464
14340,53,15,0.024793,200,0.886537,0.458606,0.405247,0.057618
14340,11,14,0.02314,67,1.037234,0.392165,0.411435,0.054047
14360,73,29,0.048173,268,1.366322,0.420849,0.548079,0.045358
14360,42,16,0.026578,113,1.00892,0.397718,0.37162,0.05083
14360,2,15,0.024917,97,0.899675,0.419222,0.476014,0.053916
14360,8,15,0.024917,150,1.163935,0.41369,0.537134,0.060437
14360,13,15,0.024917,128,1.046615,0.49408,0.518589,0.065181
14360,28,15,0.024917,121,0.910681,0.465772,0.381159,0.0464
14360,53,15,0.024917,200,0.886537,0.458606,0.405247,0.057618
14360,91,15,0.024917,88,1.107988,0.360747,0.476775,0.045487
14380,73,28,0.046512,268,1.361298,0.422849,0.55298,0.044816
14380,42,16,0.026578,113,1.00892,0.397718,0.37162,0.05083
14380,2,15,0.024917,97,0.899675,0.419222,0.476014,0.053916
14380,8,15,0.024917,150,1.163935,0.41369,0.537134,0.060437
14380,13,15,0.024917,129,1.036706,0.509849,0.506114,0.066124
14380,28,15,0.024917,121,0.910681,0.465772,0.381159,0.0464
14380,53,15,0.024917,201,0.890632,0.460562,0.406866,0.056829
14380,91,15,0.024917,88,1.107988,0.360747,0.476775,0.045487
14400,73,28,0.046205,268,1.361298,0.422849,0.55298,0.044816
14400,8,17,0.028053,152,1.15307,0.416376,0.536759,0.060641
14400,42,17,0.028053,114,1.021342,0.396607,0.372143,0.050405
14400,2,15,0.024752,97,0.899675,0.419222,0.476014,0.053916
14400,13,15,0.024752,129,1.036706,0.509849,0.506114,0.066124
14400,28,15,0.024752,121,0.910681,0.465772,0.381159,0.0464
14400,53,15,0.024752,201,0.890632,0.460562,0.406866,0.056829
14400,91,15,0.024752,88,1.107988,0.360747,0.476775,0.045487
14420,73,26,0.043771,268,1.365941,0.421928,0.554357,0.044797
14420,13,17,0.02862,131,1.035415,0.51511,0.507295,0.066222
14420,42,16,0.026936,114,1.019357,0.398553,0.37293,0.05019
14420,2,15,0.025253,97,0.899675,0.419222,0.476014,0.053916
14420,8,15,0.025253,152,1.147562,0.418079,0.536608,0.059888
14420,53,15,0.025253,201,0.890632,0.460562,0.406866,0.056829
14420,91,15,0.025253,88,1.107988,0.360747,0.476775,0.045487
14420,11,14,0.023569,67,1.037234,0.392165,0.411435,0.054047
14440,73,25,0.041528,268,1.363726,0.424535,0.550557,0.044132
14440,13,17,0.028239,131,1.035415,0.51511,0.507295,0.066222
14440,42,16,0.026578,114,1.019357,0.398553,0.37293,0.05019
14440,53,16,0.026578,202,0.900341,0.45382,0.406704,0.055544
14440,2,15,0.024917,97,0.899675,0.419222,0.476014,0.053916
14440,8,15,0.024917,152,1.147562,0.418079,0.536608,0.059888
14440,28,15,0.024917,122,0.908123,0.467972,0.383038,0.045526
14440,91,15,0.024917,88,1.107988,0.360747,0.476775,0.045487
14460,73,25,0.041459,268,1.363726,0.424535,0.550557,0.044132
14460,13,17,0.028192,131,1.035415,0.51511,0.507295,0.066222
14460,28,16,0.026534,123,0.907641,0.471708,0.381835,0.04622
14460,42,16,0.026534,115,1.012385,0.397306,0.374966,0.05042
14460,53,16,0.026534,202,0.900341,0.45382,0.406704,0.055544
14460,2,15,0.024876,97,0.899675,0.419222,0.476014,0.053916
14460,8,15,0.024876,152,1.147562,0.418079,0.536608,0.059888
14460,91,15,0.024876,88,1.107988,0.360747,0.476775,0.045487
14480,73,25,0.041322,268,1.363726,0.424535,0.550557,0.044132
14480,13,17,0.028099,131,1.035415,0.51511,0.507295,0.066222
14480,28,16,0.026446,123,0.907641,0.471708,0.381835,0.04622
14480,42,16,0.026446,115,1.012385,0.397306,0.374966,0.05042
14480,53,16,0.026446,202,0.900341,0.45382,0.406704,0.055544
14480,2,15,0.024793,97,0.899675,0.419222,0.476014,0.053916
14480,8,15,0.024793,152,1.147562,0.418079,0.536608,0.059888
14480,91,15,0.024793,88,1.107988,0.360747,0.476775,0.045487
14500,73,27,0.04419,270,1.359681,0.422982,0.548287,0.044366
14500,13,18,0.02946,132,1.041708,0.513282,0.500271,0.065906
14500,8,16,0.026187,154,1.151076,0.420575,0.530244,0.060872
14500,28,16,0.026187,123,0.907641,0.471708,0.381835,0.04622
14500,42,16,0.026187,115,1.012385,0.397306,0.374966,0.05042
14500,53,16,0.026187,202,0.900341,0.45382,0.406704,0.055544
14500,2,15,0.02455,97,0.899675,0.419222,0.476014,0.053916
14500,91,15,0.02455,88,1.107988,0.360747,0.476775,0.045487
14520,73,28,0.045528,271,1.36184,0.422413,0.554508,0.043482
14520,13,18,0.029268,132,1.041708,0.513282,0.500271,0.065906
14520,8,17,0.027642,155,1.162205,0.414448,0.527456,0.060166
14520,42,17,0.027642,116,1.020775,0.397378,0.37485,0.049983
14520,53,17,0.027642,203,0.909777,0.448844,0.409486,0.05437
14520,28,16,0.026016,123,0.907641,0.471708,0.381835,0.04622
14520,2,15,0.02439,97,0.899675,0.419222,0.476014,0.053916
14520,91,15,0.02439,88,1.107988,0.360747,0.476775,0.045487
14540,73,29,0.047078,272,1.362842,0.421789,0.552418,0.044533
14540,13,19,0.030844,133,1.044033,0.510061,0.511824,0.065177
14540,53,18,0.029221,204,0.913458,0.442531,0.410129,0.053957
14540,8,17,0.027597,155,1.162205,0.414448,0.527456,0.060166
14540,42,17,0.027597,116,1.020775,0.397378,0.37485,0.049983
14540,2,15,0.024351,97,0.899675,0.419222,0.476014,0.053916
14540,28,15,0.024351,123,0.91018,0.469776,0.384898,0.04561
14540,11,14,0.022727,68,1.035293,0.390584,0.411535,0.053989
14560,73,27,0.044481,272,1.358307,0.42127,0.547269,0.045933
14560,53,19,0.031301,205,0.903193,0.456282,0.40918,0.055116
14560,13,18,0.029654,133,1.039131,0.511228,0.519284,0.065086
14560,8,16,0.026359,155,1.171455,0.408731,0.528448,0.059376
14560,2,15,0.024712,97,0.899675,0.419222,0.476014,0.053916
14560,28,15,0.024712,123,0.91018,0.469776,0.384898,0.04561
14560,42,15,0.024712,116,0.998026,0.400922,0.375865,0.050597
14560,11,14,0.023064,68,1.035293,0.390584,0.411535,0.053989
14580,73,28,0.046512,273,1.361455,0.420646,0.549995,0.045466
14580,53,19,0.031561,205,0.903193,0.456282,0.40918,0.055116
14580,13,18,0.0299,133,1.039131,0.511228,0.519284,0.065086
14580,2,16,0.026578,98,0.891128,0.422019,0.475709,0.053393
14580,8,16,0.026578,156,1.154694,0.414634,0.531726,0.060637
14580,42,16,0.026578,117,1.006617,0.397933,0.375505,0.050279
14580,28,15,0.024917,123,0.91018,0.469776,0.384898,0.04561
14580,11,14,0.023256,68,1.035293,0.390584,0.411535,0.053989
14600,73,28,0.046434,274,1.361915,0.418133,0.548141,0.045177
14600,53,18,0.029851,205,0.909884,0.450934,0.410318,0.053766
14600,8,17,0.028192,157,1.153742,0.415115,0.53746,0.060687
14600,13,17,0.028192,133,1.032072,0.515014,0.513994,0.064633
14600,2,16,0.026534,98,0.891128,0.422019,0.475709,0.053393
14600,42,16,0.026534,117,1.006617,0.397933,0.375505,0.050279
14600,28,15,0.024876,123,0.91018,0.469776,0.384898,0.04561
14600,91,15,0.024876,89,1.108326,0.363764,0.477772,0.046373
14620,73,30,0.049917,276,1.370539,0.417927,0.55331,0.044186
14620,53,18,0.02995,206,0.91094,0.452047,0.411581,0.054061
14620,13,17,0.028286,133,1.032072,0.515014,0.513994,0.064633
14620,2,16,0.026622,98,0.891128,0.422019,0.475709,0.053393
14620,8,16,0.026622,157,1.155805,0.41484,0.534101,0.061305
14620,42,16,0.026622,117,1.006617,0.397933,0.375505,0.050279
14620,91,15,0.024958,89,1.108326,0.363764,0.477772,0.046373
14620,0,14,0.023295,161,1.033213,0.332627,0.388001,0.042165
14640,73,32,0.05298,279,1.373895,0.417133,0.556709,0.043954
14640,53,17,0.028146,206,0.903178,0.458503,0.409754,0.054572
14640,8,16,0.02649,157,1.155805,0.41484,0.534101,0.061305
14640,42,16,0.02649,117,1.006617,0.397933,0.375505,0.050279
14640,2,15,0.024834,98,0.884115,0.428691,0.47343,0.05286
14640,13,15,0.024834,133,1.034133,0.514927,0.503531,0.064831
14640,91,15,0.024834,89,1.108326,0.363764,0.477772,0.046373
14640,0,14,0.023179,161,1.033213,0.332627,0.388001,0.042165
14660,73,33,0.054726,280,1.377072,0.418372,0.558907,0.043517
14660,53,17,0.028192,206,0.903178,0.458503,0.409754,0.054572
14660,8,16,0.026534,157,1.155805,0.41484,0.534101,0.061305
14660,13,16,0.026534,134,1.036317,0.513214,0.51277,0.063857
14660,2,15,0.024876,98,0.884115,0.428691,0.47343,0.05286
14660,42,15,0.024876,117,1.000637,0.400948,0.374972,0.050167
14660,91,15,0.024876,89,1.108326,0.363764,0.477772,0.046373
14660,0,14,0.023217,161,1.033213,0.332627,0.388001,0.042165
14680,73,34,0.056106,281,1.387914,0.416383,0.55868,0.044148
14680,8,17,0.028053,158,1.154842,0.420803,0.535051,0.061947
14680,13,16,0.026403,134,1.036317,0.513214,0.51277,0.063857
14680,53,16,0.026403,206,0.89333,0.464082,0.406988,0.055758
14680,0,15,0.024752,162,1.033508,0.330049,0.384693,0.042052
14680,2,15,0.024752,98,0.884115,0.428691,0.47343,0.05286
14680,42,15,0.024752,117,1.000637,0.400948,0.374972,0.050167
14680,91,15,0.024752,89,1.108326,0.363764,0.477772,0.046373
14700,73,33,0.054455,281,1.391852,0.416728,0.563003,0.043853
14700,53,17,0.028053,207,0.904742,0.459402,0.409366,0.05457
14700,2,16,0.026403,99,0.894057,0.423614,0.470913,0.052833
14700,8,16,0.026403,158,1.149262,0.419053,0.536633,0.060355
14700,13,16,0.026403,134,1.036317,0.513214,0.51277,0.063857
14700,28,15,0.024752,124,0.905515,0.468229,0.384227,0.04557
14700,42,15,0.024752,117,1.000637,0.400948,0.374972,0.050167
14700,91,15,0.024752,89,1.108326,0.363764,0.477772,0.046373
14720,73,31,0.05141,281,1.392901,0.417599,0.563272,0.042982
14720,2,17,0.028192,100,0.889525,0.428014,0.476601,0.053018
14720,53,17,0.028192,207,0.904742,0.459402,0.409366,0.05457
14720,8,16,0.026534,158,1.149262,0.419053,0.536633,0.060355
14720,13,16,0.026534,134,1.036317,0.513214,0.51277,0.063857
14720,42,15,0.024876,117,1.000637,0.400948,0.374972,0.050167
14720,91,15,0.024876,89,1.108326,0.363764,0.477772,0.046373
14720,0,14,0.023217,162,1.032485,0.327351,0.384745,0.042747
14740,73,33,0.05401,284,1.391856,0.418528,0.567547,0.043355
14740,2,17,0.027823,100,0.889525,0.428014,0.476601,0.053018
14740,53,17,0.027823,207,0.904742,0.459402,0.409366,0.05457
14740,8,16,0.026187,158,1.149262,0.419053,0.536633,0.060355
14740,0,15,0.02455,163,1.032316,0.326113,0.381924,0.042428
14740,13,15,0.02455,134,1.037401,0.511587,0.52039,0.062698
14740,42,15,0.02455,117,1.000637,0.400948,0.374972,0.050167
14740,91,15,0.02455,89,1.108326,0.363764,0.477772,0.046373
14760,73,34,0.055556,285,1.37962,0.421534,0.563871,0.043945
14760,8,18,0.029412,160,1.150772,0.418121,0.530875,0.061643
14760,53,18,0.029412,208,0.890521,0.469558,0.408134,0.056144
14760,2,16,0.026144,100,0.89282,0.429416,0.47916,0.052468
14760,11,15,0.02451,69,1.031776,0.393866,0.413422,0.053936
14760,13,15,0.02451,134,1.037401,0.511587,0.52039,0.062698
14760,42,15,0.02451,117,1.000637,0.400948,0.374972,0.050167
14760,91,15,0.02451,89,1.108326,0.363764,0.477772,0.046373
14780,73,34,0.056761,286,1.375401,0.421687,0.563669,0.04446
14780,53,17,0.028381,208,0.881377,0.476433,0.408361,0.057313
14780,42,16,0.026711,118,1.010667,0.403966,0.374663,0.049752
14780,2,15,0.025042,100,0.894638,0.432034,0.479176,0.052244
14780,8,15,0.025042,160,1.152575,0.419687,0.524405,0.061612
14780,11,15,0.025042,69,1.031776,0.393866,0.413422,0.053936
14780,13,15,0.025042,135,1.051789,0.520961,0.539908,0.062804
14780,91,15,0.025042,89,1.108326,0.363764,0.477772,0.046373
14800,73,34,0.056385,288,1.382995,0.418504,0.573894,0.04395
14800,53,18,0.029851,209,0.896832,0.47075,0.408924,0.056325
14800,13,16,0.026534,136,1.073053,0.515184,0.548124,0.063753
14800,42,16,0.026534,118,1.010667,0.403966,0.374663,0.049752
14800,2,15,0.024876,100,0.894638,0.432034,0.479176,0.052244
14800,11,15,0.024876,69,1.031776,0.393866,0.413422,0.053936
14800,91,15,0.024876,90,1.107752,0.367875,0.479923,0.047167
14800,8,14,0.023217,160,1.150547,0.428968,0.528412,0.061918
14820,73,33,0.055,288,1.380864,0.419944,0.573483,0.043289
14820,53,20,0.033333,211,0.903412,0.469148,0.403785,0.056574
14820,13,16,0.026667,136,1.073053,0.515184,0.548124,0.063753
14820,42,16,0.026667,118,1.010667,0.403966,0.374663,0.049752
14820,2,15,0.025,100,0.894638,0.432034,0.479176,0.052244
14820,91,15,0.025,90,1.107752,0.367875,0.479923,0.047167
14820,8,14,0.023333,160,1.150547,0.428968,0.528412,0.061918
14820,11,14,0.023333,69,1.027864,0.393231,0.414719,0.054424
14840,73,30,0.049917,288,1.369579,0.421793,0.56875,0.043496
14840,53,21,0.034942,212,0.896268,0.472324,0.401225,0.057504
14840,2,16,0.026622,101,0.885798,0.434272,0.482138,0.051995
14840,13,16,0.026622,136,1.073053,0.515184,0.548124,0.063753
14840,42,16,0.026622,118,1.010667,0.403966,0.374663,0.049752
14840,28,15,0.024958,126,0.907829,0.467417,0.386856,0.045018
14840,91,15,0.024958,90,1.107752,0.367875,0.479923,0.047167
14840,8,14,0.023295,160,1.150547,0.428968,0.528412,0.061918
14860,73,30,0.04894,289,1.346158,0.428812,0.565466,0.043274
14860,53,20,0.032626,212,0.888633,0.477106,0.399428,0.058434
14860,42,17,0.027732,119,1.003435,0.404009,0.373569,0.049508
14860,2,16,0.026101,101,0.885798,0.434272,0.482138,0.051995
14860,13,16,0.026101,137,1.066886,0.520477,0.548019,0.06453
14860,91,16,0.026101,91,1.104476,0.363194,0.479945,0.046102
14860,28,15,0.02447,127,0.916363,0.47119,0.386063,0.044297
14860,8,14,0.022838,161,1.141164,0.427449,0.527457,0.060945
14880,73,31,0.050571,290,1.347179,0.427902,0.566847,0.042871
14880,53,21,0.034258,213,0.895989,0.472311,0.399186,0.057318
14880,42,17,0.027732,119,1.003435,0.404009,0.373569,0.049508
14880,13,16,0.026101,137,1.066886,0.520477,0.548019,0.06453
14880,91,16,0.026101,91,1.104476,0.363194,0.479945,0.046102
14880,2,15,0.02447,101,0.89399,0.432292,0.482872,0.052425
14880,8,15,0.02447,162,1.146887,0.421908,0.52363,0.060783
14880,28,15,0.02447,127,0.916363,0.47119,0.386063,0.044297
14900,73,29,0.047231,290,1.352971,0.428695,0.568057,0.042674
14900,53,20,0.032573,213,0.886422,0.476701,0.396774,0.058406
14900,13,18,0.029316,139,1.063375,0.50557,0.547912,0.062605
14900,42,17,0.027687,119,1.003435,0.404009,0.373569,0.049508
14900,8,16,0.026059,163,1.149255,0.418938,0.517438,0.060277
14900,91,16,0.026059,91,1.104476,0.363194,0.479945,0.046102
14900,2,15,0.02443,101,0.89399,0.432292,0.482872,0.052425
14900,28,15,0.02443,127,0.916363,0.47119,0.386063,0.044297
14920,73,32,0.051613,293,1.350073,0.427895,0.567673,0.043298
14920,8,18,0.029032,165,1.141044,0.417241,0.524123,0.059481
14920,53,18,0.029032,213,0.905344,0.463176,0.402114,0.055885
14920,13,17,0.027419,139,1.063832,0.506699,0.541991,0.063364
14920,42,17,0.027419,119,1.003435,0.404009,0.373569,0.049508
14920,28,16,0.025806,128,0.912568,0.46547,0.387618,0.044102
14920,91,16,0.025806,91,1.104476,0.363194,0.479945,0.046102
14920,2,15,0.024194,101,0.89399,0.432292,0.482872,0.052425
14940,73,31,0.050081,293,1.356364,0.429074,0.572049,0.0432
14940,8,19,0.030695,167,1.145474,0.422518,0.52545,0.058459
14940,13,18,0.029079,140,1.067716,0.5103,0.536272,0.063093
14940,53,18,0.029079,214,0.925504,0.451285,0.405807,0.05378
14940,42,17,0.027464,119,1.003435,0.404009,0.373569,0.049508
14940,28,16,0.025848,128,0.912568,0.46547,0.387618,0.044102
14940,2,15,0.024233,101,0.89399,0.432292,0.482872,0.052425
14940,11,15,0.024233,70,1.032902,0.388814,0.417412,0.05446
14960,73,30,0.048544,294,1.345905,0.432037,0.562863,0.043818
14960,8,18,0.029126,167,1.154716,0.422493,0.524645,0.05775
14960,13,18,0.029126,140,1.067716,0.5103,0.536272,0.063093
14960,53,18,0.029126,214,0.925504,0.451285,0.405807,0.05378
14960,42,17,0.027508,119,1.003435,0.404009,0.373569,0.049508
14960,2,15,0.024272,101,0.89399,0.432292,0.482872,0.052425
14960,11,15,0.024272,70,1.032902,0.388814,0.417412,0.05446
14960,28,15,0.024272,128,0.914758,0.47191,0.386232,0.044019
14980,73,32,0.051613,296,1.335207,0.434906,0.560034,0.044121
14980,8,17,0.027419,167,1.159635,0.418076,0.522888,0.057554
14980,13,17,0.027419,140,1.071245,0.507713,0.532405,0.062935
14980,42,17,0.027419,119,1.003435,0.404009,0.373569,0.049508
14980,53,17,0.027419,214,0.912781,0.456959,0.405865,0.05469
14980,2,15,0.024194,101,0.89399,0.432292,0.482872,0.052425
14980,11,15,0.024194,70,1.032902,0.388814,0.417412,0.05446
14980,28,15,0.024194,128,0.914758,0.47191,0.386232,0.044019
15000,73,31,0.050654,296,1.334148,0.435651,0.554338,0.044949
15000,13,18,0.029412,141,1.064068,0.511375,0.529392,0.063728
15000,8,17,0.027778,167,1.159635,0.418076,0.522888,0.057554
15000,42,17,0.027778,119,1.003435,0.404009,0.373569,0.049508
15000,53,17,0.027778,214,0.912781,0.456959,0.405865,0.05469
15000,2,15,0.02451,101,0.89399,0.432292,0.482872,0.052425
15000,11,15,0.02451,70,1.032902,0.388814,0.417412,0.05446
15000,91,14,0.022876,91,1.107502,0.359935,0.478966,0.046079
15020,73,31,0.050571,296,1.334148,0.435651,0.554338,0.044949
15020,8,18,0.029364,168,1.158632,0.415508,0.518154,0.057615
15020,53,17,0.027732,214,0.912781,0.456959,0.405865,0.05469
15020,11,16,0.026101,71,1.033495,0.383983,0.417104,0.054104
15020,13,16,0.026101,141,1.049134,0.516523,0.527291,0.064315
15020,42,16,0.026101,119,1.010667,0.403966,0.374663,0.049752
15020,2,15,0.02447,101,0.89399,0.432292,0.482872,0.052425
15020,0,14,0.022838,167,1.045283,0.329051,0.394368,0.041428
15040,73,32,0.052545,298,1.324646,0.437962,0.545321,0.044945
15040,8,19,0.031199,170,1.16608,0.412812,0.518473,0.058923
15040,53,18,0.029557,215,0.929009,0.451884,0.407407,0.053699
15040,13,17,0.027915,142,1.037428,0.523556,0.531449,0.064396
15040,42,17,0.027915,120,0.999592,0.405782,0.379709,0.049185
15040,11,16,0.026273,71,1.033495,0.383983,0.417104,0.054104
15040,2,15,0.024631,101,0.89399,0.432292,0.482872,0.052425
15040,0,14,0.022989,167,1.045283,0.329051,0.394368,0.041428
15060,73,32,0.052033,298,1.324646,0.437962,0.545321,0.044945
15060,8,19,0.030894,171,1.182374,0.418814,0.511687,0.058964
15060,53,18,0.029268,216,0.909012,0.468146,0.406056,0.055944
15060,42,17,0.027642,120,0.999592,0.405782,0.379709,0.049185
15060,11,16,0.026016,71,1.033495,0.383983,0.417104,0.054104
15060,13,16,0.026016,142,1.036642,0.520847,0.540965,0.063861
15060,2,15,0.02439,102,0.896037,0.43408,0.496947,0.052496
15060,0,14,0.022764,167,1.045283,0.329051,0.394368,0.041428
15080,73,34,0.055556,301,1.324366,0.438964,0.542771,0.046028
15080,8,20,0.03268,172,1.178922,0.41722,0.514788,0.059569
15080,42,17,0.027778,120,0.999592,0.405782,0.379709,0.049185
15080,53,17,0.027778,216,0.900855,0.47419,0.406278,0.05725
15080,11,16,0.026144,71,1.033495,0.383983,0.417104,0.054104
15080,13,16,0.026144,143,1.038187,0.521364,0.540991,0.064289
15080,2,15,0.02451,102,0.896037,0.43408,0.496947,0.052496
15080,0,14,0.022876,167,1.045283,0.329051,0.394368,0.041428
15100,73,33,0.053746,301,1.323754,0.438505,0.542279,0.046223
15100,8,21,0.034202,173,1.189561,0.412113,0.514443,0.059261
15100,42,17,0.027687,120,0.999592,0.405782,0.379709,0.049185
15100,53,16,0.026059,216,0.896156,0.482877,0.405354,0.057895
15100,2,15,0.02443,103,0.883163,0.442161,0.502394,0.052797
15100,11,15,0.02443,71,1.03195,0.381279,0.416961,0.054002
15100,13,15,0.02443,143,1.022213,0.525359,0.535675,0.063303
15100,91,15,0.02443,92,1.102884,0.360829,0.478465,0.04634
15120,73,34,0.05475,303,1.330691,0.436521,0.543868,0.045102
15120,8,21,0.033816,173,1.189561,0.412113,0.514443,0.059261
15120,42,17,0.027375,120,0.999592,0.405782,0.379709,0.049185
15120,53,16,0.025765,216,0.896156,0.482877,0.405354,0.057895
15120,2,15,0.024155,103,0.883163,0.442161,0.502394,0.052797
15120,13,15,0.024155,143,1.022213,0.525359,0.535675,0.063303
15120,28,15,0.024155,131,0.905304,0.471902,0.380826,0.044082
15120,91,15,0.024155,92,1.102884,0.360829,0.478465,0.04634
15140,73,34,0.054313,304,1.332049,0.438977,0.542726,0.045428
15140,8,22,0.035144,174,1.193254,0.412089,0.513959,0.060138
15140,42,17,0.027157,120,0.999592,0.405782,0.379709,0.049185
15140,13,16,0.025559,144,1.024393,0.526169,0.528538,0.063554
15140,2,15,0.023962,103,0.883163,0.442161,0.502394,0.052797
15140,28,15,0.023962,131,0.905304,0.471902,0.380826,0.044082
15140,53,15,0.023962,216,0.881482,0.493615,0.404613,0.059206
15140,91,15,0.023962,92,1.102884,0.360829,0.478465,0.04634
15160,73,34,0.054226,304,1.332049,0.438977,0.542726,0.045428
15160,8,22,0.035088,175,1.192125,0.412281,0.511237,0.060713
15160,42,17,0.027113,120,0.999592,0.405782,0.379709,0.049185
15160,53,16,0.025518,217,0.901223,0.483527,0.405844,0.058056
15160,2,15,0.023923,103,0.883163,0.442161,0.502394,0.052797
15160,13,15,0.023923,144,1.028386,0.521379,0.53193,0.063094
15160,28,15,0.023923,131,0.905304,0.471902,0.380826,0.044082
15160,0,14,0.022329,167,1.045283,0.329051,0.394368,0.041428
15180,73,36,0.058632,306,1.325313,0.438847,0.543685,0.044906
15180,8,20,0.032573,176,1.195301,0.415399,0.510606,0.060943
15180,42,17,0.027687,120,0.999592,0.405782,0.379709,0.049185
15180,53,16,0.026059,217,0.901223,0.483527,0.405844,0.058056
15180,2,15,0.02443,103,0.883163,0.442161,0.502394,0.052797
15180,13,15,0.02443,144,1.028386,0.521379,0.53193,0.063094
15180,28,14,0.022801,131,0.915407,0.468915,0.382314,0.044336
15180,91,14,0.022801,93,1.110474,0.370653,0.474918,0.047113
15200,73,36,0.058347,307,1.33802,0.434425,0.551699,0.043912
15200,8,20,0.032415,177,1.199329,0.416431,0.510963,0.060494
15200,13,16,0.025932,145,1.029239,0.520703,0.539672,0.062467
15200,42,16,0.025932,120,0.991098,0.409075,0.38031,0.049414
15200,53,15,0.024311,217,0.880978,0.491389,0.403992,0.05947
15200,2,14,0.02269,103,0.872834,0.446964,0.504051,0.053049
15200,28,14,0.02269,131,0.915407,0.468915,0.382314,0.044336
15200,91,14,0.02269,93,1.110474,0.370653,0.474918,0.047113
15220,73,35,0.056634,309,1.355889,0.428111,0.554647,0.042906
15220,8,19,0.030744,177,1.190739,0.411003,0.513614,0.06059
15220,13,16,0.02589,145,1.029239,0.520703,0.539672,0.062467
15220,42,16,0.02589,120,0.991098,0.409075,0.38031,0.049414
15220,2,15,0.024272,104,0.880131,0.443318,0.497176,0.051749
15220,11,15,0.024272,73,1.026498,0.395269,0.411032,0.053498
15220,53,15,0.024272,217,0.880978,0.491389,0.403992,0.05947
15220,28,14,0.022654,131,0.915407,0.468915,0.382314,0.044336
15240,73,35,0.056,309,1.355889,0.428111,0.554647,0.042906
15240,8,20,0.032,178,1.190273,0.410534,0.51352,0.06112
15240,13,16,0.0256,145,1.029239,0.520703,0.539672,0.062467
15240,42,16,0.0256,120,0.991098,0.409075,0.38031,0.049414
15240,2,15,0.024,104,0.880131,0.443318,0.497176,0.051749
15240,11,15,0.024,73,1.026498,0.395269,0.411032,0.053498
15240,53,15,0.024,217,0.880978,0.491389,0.403992,0.05947
15240,91,15,0.024,94,1.108619,0.372475,0.47424,0.046992
15260,73,34,0.053883,309,1.347923,0.429215,0.557996,0.042027
15260,8,20,0.031696,178,1.190273,0.410534,0.51352,0.06112
15260,13,17,0.026941,146,1.020551,0.527199,0.532765,0.064089
15260,42,17,0.026941,121,0.987194,0.411445,0.382739,0.049562
15260,53,16,0.025357,219,0.925255,0.464265,0.403766,0.054954
15260,2,15,0.023772,104,0.880131,0.443318,0.497176,0.051749
15260,11,15,0.023772,73,1.026498,0.395269,0.411032,0.053498
15260,91,15,0.023772,95,1.113286,0.367583,0.475806,0.046685
15280,73,33,0.052464,311,1.342265,0.434584,0.555918,0.04196
15280,8,20,0.031797,178,1.190273,0.410534,0.51352,0.06112
15280,42,18,0.028617,122,0.998274,0.407552,0.38388,0.049177
15280,13,17,0.027027,146,1.020551,0.527199,0.532765,0.064089
15280,53,17,0.027027,220,0.930511,0.455758,0.403255,0.054269
15280,2,15,0.023847,104,0.880131,0.443318,0.497176,0.051749
15280,11,15,0.023847,73,1.026498,0.395269,0.411032,0.053498
15280,91,15,0.023847,95,1.113286,0.367583,0.475806,0.046685
15300,73,31,0.048973,311,1.343141,0.436965,0.556061,0.04209
15300,8,20,0.031596,179,1.19115,0.412686,0.510631,0.060642
15300,42,18,0.028436,122,0.998274,0.407552,0.38388,0.049177
15300,53,18,0.028436,221,0.939432,0.451533,0.403877,0.053461
15300,2,17,0.026856,106,0.885633,0.44803,0.496405,0.052062
15300,13,17,0.026856,146,1.020551,0.527199,0.532765,0.064089
15300,11,15,0.023697,73,1.026498,0.395269,0.411032,0.053498
15300,91,15,0.023697,95,1.113286,0.367583,0.475806,0.046685
15320,73,31,0.048896,312,1.337743,0.433808,0.554553,0.042888
15320,8,20,0.031546,180,1.177774,0.417125,0.518779,0.060896
15320,53,19,0.029968,222,0.925838,0.458632,0.402177,0.054633
15320,2,17,0.026814,106,0.885633,0.44803,0.496405,0.052062
15320,13,17,0.026814,146,1.020551,0.527199,0.532765,0.064089
15320,42,17,0.026814,122,1.008621,0.405948,0.379376,0.049711
15320,91,16,0.025237,96,1.119859,0.367406,0.475221,0.0476
15320,11,15,0.023659,73,1.026498,0.395269,0.411032,0.053498
15340,73,31,0.048666,312,1.337743,0.433808,0.554553,0.042888
15340,8,18,0.028257,180,1.176336,0.41477,0.520068,0.059523
15340,13,18,0.028257,147,1.020578,0.5379,0.527831,0.064554
15340,42,18,0.028257,123,1.015416,0.403336,0.378185,0.049831
15340,53,18,0.028257,222,0.910754,0.465656,0.400947,0.055401
15340,2,17,0.026688,106,0.885633,0.44803,0.496405,0.052062
15340,91,16,0.025118,96,1.119859,0.367406,0.475221,0.0476
15340,11,15,0.023548,73,1.026498,0.395269,0.411032,0.053498
15360,73,34,0.052632,315,1.35155,0.433167,0.563042,0.041923
15360,53,19,0.029412,223,0.915136,0.458755,0.400905,0.054698
15360,2,18,0.027864,107,0.89724,0.445286,0.492264,0.052034
15360,8,18,0.027864,180,1.176336,0.41477,0.520068,0.059523
15360,13,18,0.027864,147,1.020578,0.5379,0.527831,0.064554
15360,42,18,0.027864,123,1.015416,0.403336,0.378185,0.049831
15360,91,16,0.024768,97,1.116728,0.363129,0.478587,0.046209
15360,11,15,0.02322,73,1.026498,0.395269,0.411032,0.053498
15380,73,36,0.055814,317,1.35108,0.434772,0.562306,0.042052
15380,42,19,0.029457,124,1.019472,0.401664,0.377666,0.049423
15380,13,18,0.027907,147,1.020578,0.5379,0.527831,0.064554
15380,53,18,0.027907,223,0.909609,0.466483,0.401228,0.05533
15380,8,17,0.026357,180,1.17838,0.417295,0.524915,0.059573
15380,2,16,0.024806,107,0.903198,0.443437,0.483377,0.051247
15380,91,16,0.024806,97,1.116728,0.363129,0.478587,0.046209
15380,11,15,0.023256,73,1.026498,0.395269,0.411032,0.053498
15400,73,34,0.053208,317,1.348303,0.437294,0.559434,0.042134
15400,8,19,0.029734,182,1.181965,0.419758,0.517562,0.058758
15400,13,19,0.029734,148,1.029677,0.53181,0.534076,0.06536
15400,53,19,0.029734,224,0.920961,0.462226,0.401558,0.054373
15400,42,17,0.026604,124,1.001666,0.405395,0.376434,0.050201
15400,2,16,0.025039,107,0.903198,0.443437,0.483377,0.051247
15400,91,16,0.025039,98,1.113096,0.360793,0.479845,0.046347
15400,11,14,0.021909,73,1.026181,0.401344,0.413834,0.053659
15420,73,35,0.055468,318,1.34255,0.441027,0.557493,0.042692
15420,8,18,0.028526,182,1.181809,0.422279,0.52273,0.059095
15420,53,18,0.028526,224,0.912611,0.467404,0.400202,0.05524
15420,13,17,0.026941,148,1.03305,0.533252,0.525736,0.06589
15420,2,16,0.025357,107,0.903198,0.443437,0.483377,0.051247
15420,42,16,0.025357,124,0.994188,0.408666,0.375938,0.049999
15420,91,16,0.025357,98,1.113096,0.360793,0.479845,0.046347
15420,11,14,0.022187,73,1.026181,0.401344,0.413834,0.053659
15440,73,33,0.052215,318,1.340038,0.441621,0.559303,0.041852
15440,53,19,0.030063,225,0.904681,0.475248,0.398658,0.056512
15440,8,17,0.026899,183,1.182293,0.421806,0.525221,0.058844
15440,13,17,0.026899,148,1.03305,0.533252,0.525736,0.06589
15440,42,17,0.026899,125,1.00258,0.404547,0.376702,0.049415
15440,2,16,0.025316,108,0.911207,0.445037,0.48511,0.052355
15440,91,15,0.023734,98,1.115682,0.361798,0.479978,0.045715
15440,11,14,0.022152,73,1.026181,0.401344,0.413834,0.053659
15460,73,32,0.0512,319,1.35043,0.440666,0.56842,0.040899
15460,53,19,0.0304,226,0.910482,0.479294,0.397123,0.057374
15460,8,16,0.0256,183,1.177835,0.416359,0.529658,0.058594
15460,13,16,0.0256,148,1.038737,0.530729,0.528708,0.065183
15460,42,16,0.0256,125,1.007446,0.401745,0.373895,0.049258
15460,2,15,0.024,108,0.902966,0.446737,0.488298,0.052263
15460,11,14,0.0224,73,1.026181,0.401344,0.413834,0.053659
15460,28,14,0.0224,133,0.927477,0.465583,0.38306,0.044235
15480,73,33,0.0528,321,1.346057,0.441648,0.564711,0.041293
15480,53,19,0.0304,226,0.910482,0.479294,0.397123,0.057374
15480,8,16,0.0256,183,1.177835,0.416359,0.529658,0.058594
15480,13,16,0.0256,148,1.038737,0.530729,0.528708,0.065183
15480,42,16,0.0256,125,1.007446,0.401745,0.373895,0.049258
15480,2,15,0.024,108,0.902966,0.446737,0.488298,0.052263
15480,91,15,0.024,99,1.120788,0.357851,0.483763,0.045813
15480,11,14,0.0224,73,1.026181,0.401344,0.413834,0.053659
15500,73,34,0.053459,322,1.350893,0.441019,0.566926,0.040922
15500,53,20,0.031447,227,0.923576,0.474156,0.398707,0.056304
15500,8,17,0.02673,184,1.183794,0.421312,0.526018,0.058297
15500,42,17,0.02673,126,1.011992,0.401254,0.373431,0.049442
15500,13,16,0.025157,148,1.038737,0.530729,0.528708,0.065183
15500,2,15,0.023585,108,0.902966,0.446737,0.488298,0.052263
15500,91,15,0.023585,99,1.120788,0.357851,0.483763,0.045813
15500,11,14,0.022013,73,1.026181,0.401344,0.413834,0.053659
15520,73,35,0.05538,323,1.354822,0.439182,0.564856,0.041524
15520,53,20,0.031646,227,0.923576,0.474156,0.398707,0.056304
15520,8,16,0.025316,184,1.186855,0.422722,0.516988,0.058305
15520,13,16,0.025316,148,1.038737,0.530729,0.528708,0.065183
15520,42,16,0.025316,126,1.004558,0.403899,0.374399,0.049289
15520,2,15,0.023734,108,0.902966,0.446737,0.488298,0.052263
15520,11,15,0.023734,74,1.020631,0.404633,0.411128,0.052842
15520,91,15,0.023734,99,1.120788,0.357851,0.483763,0.045813
15540,73,32,0.050955,323,1.359691,0.439445,0.563603,0.042489
15540,53,19,0.030255,228,0.916291,0.473541,0.400222,0.056622
15540,8,17,0.02707,185,1.194913,0.425205,0.517312,0.058944
15540,42,17,0.02707,127,1.002448,0.408502,0.37694,0.050215
15540,13,16,0.025478,148,1.038737,0.530729,0.528708,0.065183
15540,2,15,0.023885,108,0.902966,0.446737,0.488298,0.052263
15540,11,15,0.023885,74,1.020631,0.404633,0.411128,0.052842
15540,28,14,0.022293,134,0.925739,0.46609,0.383391,0.043625
15560,73,32,0.051037,323,1.359691,0.439445,0.563603,0.042489
15560,8,18,0.028708,186,1.192868,0.427795,0.518855,0.059067
15560,53,18,0.028708,228,0.906579,0.478753,0.399432,0.057562
15560,42,17,0.027113,127,1.002448,0.408502,0.37694,0.050215
15560,13,16,0.025518,148,1.038737,0.530729,0.528708,0.065183
15560,2,15,0.023923,108,0.902966,0.446737,0.488298,0.052263
15560,11,15,0.023923,74,1.020631,0.404633,0.411128,0.052842
15560,28,15,0.023923,135,0.92703,0.460375,0.382552,0.043541
15580,73,33,0.0528,325,1.35527,0.436684,0.55739,0.04272
15580,8,18,0.0288,186,1.192868,0.427795,0.518855,0.059067
15580,13,17,0.0272,149,1.037107,0.526866,0.546452,0.064032
15580,53,17,0.0272,228,0.899323,0.483966,0.39984,0.059128
15580,42,16,0.0256,127,0.994048,0.412868,0.376191,0.050849
15580,2,15,0.024,109,0.894617,0.456801,0.494729,0.053009
15580,11,15,0.024,74,1.020631,0.404633,0.411128,0.052842
15580,28,15,0.024,135,0.92703,0.460375,0.382552,0.043541
15600,73,34,0.05414,326,1.347123,0.437896,0.552594,0.043026
15600,8,20,0.031847,188,1.187666,0.422506,0.515103,0.058694
15600,13,17,0.02707,149,1.037107,0.526866,0.546452,0.064032
15600,53,17,0.02707,229,0.91223,0.479118,0.400669,0.057737
15600,42,16,0.025478,127,0.994048,0.412868,0.376191,0.050849
15600,11,15,0.023885,74,1.020631,0.404633,0.411128,0.052842
15600,28,15,0.023885,135,0.92703,0.460375,0.382552,0.043541
15600,2,14,0.022293,109,0.893971,0.459966,0.488574,0.053318
15620,73,34,0.054054,327,1.347352,0.438347,0.551217,0.0431
15620,8,20,0.031797,188,1.187666,0.422506,0.515103,0.058694
15620,13,18,0.028617,150,1.038942,0.529716,0.541424,0.064316
15620,42,16,0.025437,127,0.994048,0.412868,0.376191,0.050849
15620,53,16,0.025437,229,0.921623,0.470536,0.402532,0.056383
15620,11,15,0.023847,74,1.020631,0.404633,0.411128,0.052842
15620,28,15,0.023847,135,0.92703,0.460375,0.382552,0.043541
15620,2,14,0.022258,109,0.893971,0.459966,0.488574,0.053318
15640,73,33,0.051805,329,1.345361,0.442615,0.541585,0.044861
15640,8,21,0.032967,189,1.200247,0.418348,0.511517,0.058212
15640,13,18,0.028257,150,1.038942,0.529716,0.541424,0.064316
15640,2,16,0.025118,111,0.878627,0.464383,0.4943,0.05377
15640,42,16,0.025118,127,0.994048,0.412868,0.376191,0.050849
15640,53,16,0.025118,229,0.921623,0.470536,0.402532,0.056383
15640,11,15,0.023548,74,1.020631,0.404633,0.411128,0.052842
15640,28,15,0.023548,135,0.92703,0.460375,0.382552,0.043541
15660,73,33,0.051643,329,1.345361,0.442615,0.541585,0.044861
15660,8,21,0.032864,189,1.200247,0.418348,0.511517,0.058212
15660,13,18,0.028169,150,1.038942,0.529716,0.541424,0.064316
15660,42,16,0.025039,127,0.994048,0.412868,0.376191,0.050849
15660,53,16,0.025039,229,0.921623,0.470536,0.402532,0.056383
15660,2,15,0.023474,111,0.867661,0.469907,0.499355,0.054641
15660,11,15,0.023474,74,1.020631,0.404633,0.411128,0.052842
15660,28,15,0.023474,135,0.92703,0.460375,0.382552,0.043541
15680,73,33,0.051402,330,1.338803,0.443911,0.536206,0.045144
15680,8,22,0.034268,190,1.197785,0.419375,0.515037,0.058441
15680,42,17,0.02648,128,0.997845,0.416027,0.375289,0.050712
15680,13,16,0.024922,150,1.036353,0.544668,0.545966,0.066636
15680,53,16,0.024922,229,0.921623,0.470536,0.402532,0.056383
15680,2,15,0.023364,111,0.867661,0.469907,0.499355,0.054641
15680,11,15,0.023364,74,1.020631,0.404633,0.411128,0.052842
15680,28,15,0.023364,135,0.92703,0.460375,0.382552,0.043541
15700,73,34,0.052795,332,1.331474,0.443121,0.534965,0.046265
15700,8,22,0.034161,190,1.197785,0.419375,0.515037,0.058441
15700,2,17,0.026398,113,0.874755,0.46363,0.498302,0.054355
15700,42,17,0.026398,128,0.997845,0.416027,0.375289,0.050712
15700,28,16,0.024845,136,0.928706,0.46103,0.380704,0.044663
15700,53,16,0.024845,229,0.921623,0.470536,0.402532,0.056383
15700,13,15,0.023292,150,1.03497,0.545091,0.554265,0.06659
15700,0,14,0.021739,173,1.053705,0.324345,0.394909,0.042178
15720,73,33,0.051643,332,1.326718,0.445134,0.536191,0.045789
15720,8,20,0.031299,190,1.19632,0.417242,0.521035,0.059102
15720,42,17,0.026604,128,0.997845,0.416027,0.375289,0.050712
15720,2,16,0.025039,113,0.881624,0.46296,0.498627,0.054428
15720,0,15,0.023474,174,1.049224,0.324848,0.395726,0.04177
15720,53,15,0.023474,229,0.904908,0.476801,0.400779,0.057743
15720,11,14,0.021909,74,1.026181,0.401344,0.413834,0.053659
15720,13,14,0.021909,150,1.009467,0.553417,0.545901,0.065776
15740,73,36,0.056604,335,1.333748,0.441751,0.548893,0.043891
15740,8,20,0.031447,190,1.19632,0.417242,0.521035,0.059102
15740,42,16,0.025157,129,1.00873,0.421781,0.376198,0.049218
15740,53,16,0.025157,230,0.92315,0.468213,0.404452,0.056914
15740,2,15,0.023585,113,0.8858,0.457344,0.495605,0.054384
15740,0,14,0.022013,174,1.04912,0.328091,0.398695,0.041605
15740,11,14,0.022013,74,1.026181,0.401344,0.413834,0.053659
15740,13,14,0.022013,150,1.009467,0.553417,0.545901,0.065776
15760,73,37,0.058085,337,1.338896,0.442179,0.546876,0.043573
15760,8,20,0.031397,190,1.19632,0.417242,0.521035,0.059102
15760,53,17,0.026688,231,0.934576,0.464135,0.405765,0.055671
15760,42,16,0.025118,129,1.00873,0.421781,0.376198,0.049218
15760,2,15,0.023548,113,0.8858,0.457344,0.495605,0.054384
15760,0,14,0.021978,174,1.04912,0.328091,0.398695,0.041605
15760,11,14,0.021978,74,1.026181,0.401344,0.413834,0.053659
15760,13,14,0.021978,150,1.009467,0.553417,0.545901,0.065776
15780,73,38,0.059375,339,1.334997,0.448128,0.544758,0.044003
15780,8,20,0.03125,190,1.19632,0.417242,0.521035,0.059102
15780,53,17,0.026562,231,0.934576,0.464135,0.405765,0.055671
15780,42,16,0.025,129,1.00873,0.421781,0.376198,0.049218
15780,2,15,0.023438,113,0.8858,0.457344,0.495605,0.054384
15780,11,14,0.021875,74,1.026181,0.401344,0.413834,0.053659
15780,13,14,0.021875,150,1.009467,0.553417,0.545901,0.065776
15780,19,14,0.021875,98,0.967783,0.443138,0.360143,0.038475
15800,73,37,0.057187,340,1.345805,0.448314,0.555297,0.043216
15800,8,21,0.032457,191,1.194233,0.418072,0.525529,0.058804
15800,42,18,0.027821,131,1.016214,0.42557,0.375293,0.049133
15800,53,17,0.026275,231,0.934576,0.464135,0.405765,0.055671
15800,2,15,0.023184,113,0.8858,0.457344,0.495605,0.054384
15800,13,15,0.023184,151,1.009222,0.549503,0.551959,0.064715
15800,28,15,0.023184,138,0.919634,0.463571,0.382939,0.045043
15800,91,15,0.023184,100,1.123211,0.356999,0.484668,0.046136
15820,73,36,0.056338,340,1.350845,0.44879,0.559799,0.043024
15820,8,20,0.031299,191,1.189988,0.413947,0.528417,0.059067
15820,42,18,0.028169,131,1.016214,0.42557,0.375293,0.049133
15820,13,17,0.026604,153,1.024652,0.536023,0.530468,0.065068
15820,53,17,0.026604,231,0.934576,0.464135,0.405765,0.055671
15820,2,16,0.025039,114,0.893606,0.452884,0.490105,0.054371
15820,28,15,0.023474,138,0.919634,0.463571,0.382939,0.045043
15820,11,14,0.021909,74,1.026181,0.401344,0.413834,0.053659
15840,73,34,0.053968,340,1.347142,0.450623,0.557276,0.0438
15840,8,19,0.030159,191,1.176204,0.418092,0.533081,0.059619
15840,42,18,0.028571,131,1.016214,0.42557,0.375293,0.049133
15840,13,17,0.026984,153,1.024652,0.536023,0.530468,0.065068
15840,53,17,0.026984,231,0.934576,0.464135,0.405765,0.055671
15840,2,16,0.025397,114,0.893606,0.452884,0.490105,0.054371
15840,28,15,0.02381,138,0.919634,0.463571,0.382939,0.045043
15840,11,14,0.022222,74,1.026181,0.401344,0.413834,0.053659
15860,73,35,0.05618,342,1.342411,0.449604,0.556833,0.04384
15860,8,18,0.028892,192,1.171662,0.416115,0.532288,0.058857
15860,13,17,0.027287,153,1.024652,0.536023,0.530468,0.065068
15860,42,17,0.027287,131,1.017281,0.427523,0.378065,0.048958
15860,53,17,0.027287,232,0.944098,0.467484,0.406351,0.055073
15860,2,16,0.025682,114,0.893606,0.452884,0.490105,0.054371
15860,28,15,0.024077,138,0.919634,0.463571,0.382939,0.045043
15860,91,14,0.022472,100,1.116408,0.356445,0.485969,0.04505
15880,73,35,0.05618,342,1.342411,0.449604,0.556833,0.04384
15880,13,18,0.028892,154,1.023543,0.538037,0.523076,0.065457
15880,8,17,0.027287,192,1.167529,0.414214,0.534708,0.058398
15880,2,16,0.025682,114,0.893606,0.452884,0.490105,0.054371
15880,42,16,0.025682,131,1.014699,0.425082,0.379141,0.048985
15880,53,16,0.025682,232,0.928305,0.475491,0.403026,0.055735
15880,28,15,0.024077,138,0.919634,0.463571,0.382939,0.045043
15880,11,14,0.022472,75,1.020293,0.401358,0.412533,0.053845
15900,73,35,0.056543,342,1.342411,0.449604,0.556833,0.04384
15900,13,18,0.029079,155,1.027071,0.530437,0.537464,0.066161
15900,2,17,0.027464,115,0.902312,0.449218,0.484975,0.053891
15900,42,16,0.025848,131,1.014699,0.425082,0.379141,0.048985
15900,8,15,0.024233,192,1.167422,0.418703,0.539364,0.058341
15900,28,15,0.024233,139,0.918755,0.46801,0.386124,0.043561
15900,53,15,0.024233,232,0.9157,0.480597,0.401443,0.057065
15900,11,14,0.022617,75,1.020293,0.401358,0.412533,0.053845
15920,73,37,0.058452,344,1.336831,0.451088,0.558954,0.043584
15920,2,17,0.026856,115,0.902312,0.449218,0.484975,0.053891
15920,13,17,0.026856,155,1.027944,0.523575,0.541097,0.065606
15920,8,16,0.025276,193,1.169092,0.419506,0.544615,0.059016
15920,42,16,0.025276,131,1.014699,0.425082,0.379141,0.048985
15920,53,16,0.025276,233,0.921991,0.475795,0.402939,0.055598
15920,28,15,0.023697,139,0.918755,0.46801,0.386124,0.043561
15920,91,15,0.023697,101,1.116061,0.355739,0.485827,0.045189
15940,73,37,0.05836,345,1.342509,0.45081,0.554078,0.044581
15940,2,16,0.025237,115,0.889304,0.451177,0.488494,0.054055
15940,8,16,0.025237,194,1.179557,0.415943,0.539971,0.058328
15940,13,16,0.025237,155,1.015659,0.520547,0.550972,0.064911
15940,42,16,0.025237,131,1.014699,0.425082,0.379141,0.048985
15940,11,15,0.023659,76,1.017098,0.402414,0.413586,0.05387
15940,28,15,0.023659,139,0.918755,0.46801,0.386124,0.043561
15940,53,15,0.023659,233,0.906571,0.484263,0.400881,0.056563
15960,73,36,0.056075,347,1.336105,0.452733,0.544349,0.045794
15960,13,17,0.02648,156,1.013543,0.519935,0.542395,0.064901
15960,2,16,0.024922,115,0.889304,0.451177,0.488494,0.054055
15960,42,16,0.024922,131,1.014699,0.425082,0.379141,0.048985
15960,53,16,0.024922,234,0.91625,0.477225,0.401266,0.055572
15960,8,15,0.023364,194,1.188803,0.416167,0.538275,0.058234
15960,11,15,0.023364,76,1.017098,0.402414,0.413586,0.05387
15960,28,15,0.023364,139,0.918755,0.46801,0.386124,0.043561
15980,73,36,0.056075,347,1.336105,0.452733,0.544349,0.045794
15980,2,17,0.02648,116,0.883671,0.452505,0.48738,0.054135
15980,8,17,0.02648,196,1.197619,0.428739,0.531929,0.058054
15980,13,17,0.02648,156,1.013543,0.519935,0.542395,0.064901
15980,11,16,0.024922,77,1.020244,0.405405,0.411757,0.05356
15980,28,16,0.024922,140,0.918933,0.472992,0.387531,0.043045
15980,42,16,0.024922,131,1.014699,0.425082,0.379141,0.048985
15980,53,16,0.024922,235,0.914587,0.47453,0.401022,0.055382
16000,73,36,0.056162,348,1.335305,0.454985,0.544913,0.045978
16000,8,18,0.028081,197,1.202145,0.430336,0.5332,0.057464
16000,2,17,0.026521,117,0.886689,0.452311,0.486903,0.053944
16000,11,16,0.024961,77,1.020244,0.405405,0.411757,0.05356
16000,13,16,0.024961,156,1.004486,0.516193,0.548828,0.064874
16000,42,16,0.024961,131,1.014699,0.425082,0.379141,0.048985
16000,53,16,0.024961,235,0.914587,0.47453,0.401022,0.055382
16000,28,15,0.023401,140,0.920505,0.470742,0.387919,0.043193
16020,73,37,0.057543,349,1.337371,0.453517,0.549201,0.045224
16020,2,17,0.026439,117,0.886689,0.452311,0.486903,0.053944
16020,8,17,0.026439,197,1.205065,0.430081,0.528363,0.057736
16020,13,17,0.026439,157,1.015422,0.509768,0.557176,0.065187
16020,11,16,0.024883,77,1.020244,0.405405,0.411757,0.05356
16020,53,16,0.024883,235,0.914587,0.47453,0.401022,0.055382
16020,28,15,0.023328,140,0.920505,0.470742,0.387919,0.043193
16020,42,15,0.023328,131,1.017331,0.424111,0.379639,0.048756
16040,73,37,0.057543,350,1.335877,0.452581,0.549945,0.044957
16040,8,18,0.027994,198,1.21377,0.429432,0.53206,0.05794
16040,13,18,0.027994,159,1.015898,0.531654,0.534019,0.067029
16040,2,17,0.026439,117,0.886689,0.452311,0.486903,0.053944
16040,42,16,0.024883,132,1.026003,0.426594,0.378592,0.048184
16040,53,16,0.024883,236,0.901768,0.470507,0.40046,0.05496
16040,11,15,0.023328,77,1.018778,0.405008,0.412095,0.053928
16040,28,14,0.021773,140,0.920152,0.480583,0.386615,0.043201
16060,73,34,0.052877,350,1.341873,0.451285,0.551381,0.043921
16060,8,18,0.027994,199,1.217738,0.42803,0.527334,0.057438
16060,13,18,0.027994,159,1.015898,0.531654,0.534019,0.067029
16060,42,17,0.026439,133,1.023847,0.425883,0.37775,0.048023
16060,53,17,0.026439,237,0.912262,0.466062,0.400892,0.053779
16060,2,16,0.024883,117,0.892854,0.44994,0.482053,0.053665
16060,11,16,0.024883,78,1.018756,0.397952,0.412625,0.054284
16060,0,14,0.021773,182,1.053304,0.329183,0.389193,0.041035
16080,73,34,0.052713,351,1.355078,0.447042,0.550833,0.044003
16080,8,19,0.029457,200,1.213716,0.431894,0.522333,0.057996
16080,42,17,0.026357,133,1.023847,0.425883,0.37775,0.048023
16080,53,17,0.026357,237,0.912262,0.466062,0.400892,0.053779
16080,11,16,0.024806,78,1.018756,0.397952,0.412625,0.054284
16080,13,16,0.024806,159,1.016937,0.531079,0.529697,0.064668
16080,2,15,0.023256,117,0.903343,0.44716,0.479373,0.053556
16080,90,15,0.023256,245,1.005124,0.383032,0.435522,0.049694
16100,73,33,0.051163,352,1.359231,0.445877,0.559373,0.041978
16100,8,20,0.031008,201,1.212078,0.429688,0.52361,0.058629
16100,42,18,0.027907,134,1.020163,0.426174,0.375796,0.04721
16100,13,16,0.024806,159,1.016937,0.531079,0.529697,0.064668
16100,53,16,0.024806,237,0.897036,0.470725,0.400317,0.055148
16100,0,15,0.023256,184,1.051178,0.327495,0.388621,0.040447
16100,2,15,0.023256,117,0.903343,0.44716,0.479373,0.053556
16100,11,15,0.023256,78,1.02175,0.396595,0.412174,0.053754
16120,73,34,0.051988,353,1.35084,0.447833,0.555516,0.042059
16120,8,20,0.030581,202,1.202047,0.428375,0.523644,0.058649
16120,42,19,0.029052,135,1.024008,0.426998,0.376187,0.046854
16120,13,17,0.025994,160,1.017719,0.543698,0.521339,0.065745
16120,53,16,0.024465,237,0.897036,0.470725,0.400317,0.055148
16120,0,15,0.022936,184,1.051178,0.327495,0.388621,0.040447
16120,2,15,0.022936,117,0.903343,0.44716,0.479373,0.053556
16120,11,15,0.022936,78,1.02175,0.396595,0.412174,0.053754
16140,73,34,0.052877,354,1.365696,0.444542,0.560446,0.041364
16140,8,19,0.029549,203,1.204396,0.433494,0.520619,0.058694
16140,42,18,0.027994,135,1.027257,0.427181,0.376956,0.046691
16140,13,17,0.026439,160,1.017719,0.543698,0.521339,0.065745
16140,53,16,0.024883,237,0.897036,0.470725,0.400317,0.055148
16140,2,15,0.023328,117,0.903343,0.44716,0.479373,0.053556
16140,11,15,0.023328,78,1.02175,0.396595,0.412174,0.053754
16140,91,15,0.023328,102,1.115125,0.362684,0.487134,0.046424
16160,73,33,0.050847,354,1.375393,0.444176,0.564843,0.041066
16160,8,19,0.029276,203,1.204396,0.433494,0.520619,0.058694
16160,13,19,0.029276,162,1.026517,0.533933,0.544868,0.064903
16160,42,17,0.026194,135,1.019678,0.425025,0.377783,0.047108
16160,53,16,0.024653,237,0.897036,0.470725,0.400317,0.055148
16160,2,15,0.023112,117,0.903343,0.44716,0.479373,0.053556
16160,11,15,0.023112,78,1.02175,0.396595,0.412174,0.053754
16160,91,15,0.023112,102,1.115125,0.362684,0.487134,0.046424
16180,73,34,0.051988,355,1.377124,0.445008,0.564174,0.041189
16180,8,20,0.030581,204,1.200518,0.429506,0.514664,0.058381
16180,42,18,0.027523,136,1.02746,0.427168,0.378541,0.046398
16180,53,18,0.027523,239,0.898857,0.476982,0.401046,0.055438
16180,13,17,0.025994,162,1.025022,0.536092,0.538823,0.064326
16180,11,15,0.022936,78,1.02175,0.396595,0.412174,0.053754
16180,91,15,0.022936,102,1.115125,0.362684,0.487134,0.046424
16180,2,14,0.021407,117,0.913983,0.44336,0.477596,0.05342
16200,73,33,0.050769,356,1.375529,0.44763,0.561716,0.041603
16200,8,21,0.032308,207,1.196776,0.427552,0.521631,0.059743
16200,53,19,0.029231,240,0.891625,0.477358,0.398671,0.0566
16200,42,18,0.027692,137,1.031508,0.429109,0.380265,0.046075
16200,13,17,0.026154,162,1.025022,0.536092,0.538823,0.064326
16200,11,16,0.024615,79,1.020927,0.389979,0.411604,0.053664
16200,91,15,0.023077,102,1.115125,0.362684,0.487134,0.046424
16200,2,14,0.021538,117,0.913983,0.44336,0.477596,0.05342
16220,73,33,0.051084,356,1.375529,0.44763,0.561716,0.041603
16220,8,22,0.034056,208,1.196078,0.431113,0.522613,0.05936
16220,53,19,0.029412,240,0.891625,0.477358,0.398671,0.0566
16220,42,18,0.027864,137,1.031508,0.429109,0.380265,0.046075
16220,13,17,0.026316,162,1.025022,0.536092,0.538823,0.064326
16220,11,16,0.024768,79,1.020927,0.389979,0.411604,0.053664
16220,91,15,0.02322,102,1.115125,0.362684,0.487134,0.046424
16220,28,14,0.021672,142,0.923253,0.469394,0.388793,0.043393
16240,73,34,0.053125,357,1.377157,0.446582,0.568142,0.040881
16240,8,20,0.03125,208,1.198815,0.436149,0.525238,0.059259
16240,53,19,0.029687,240,0.891625,0.477358,0.398671,0.0566
16240,42,18,0.028125,137,1.031508,0.429109,0.380265,0.046075
16240,13,16,0.025,162,1.02307,0.550983,0.550282,0.064677
16240,11,15,0.023438,79,1.021094,0.396504,0.411006,0.053266
16240,91,15,0.023438,102,1.115125,0.362684,0.487134,0.046424
16240,28,14,0.021875,142,0.923253,0.469394,0.388793,0.043393
16260,73,32,0.049767,357,1.385514,0.444693,0.566076,0.041085
16260,53,21,0.032659,242,0.907046,0.469417,0.40158,0.054382
16260,8,20,0.031104,209,1.200416,0.433602,0.534969,0.059041
16260,42,19,0.029549,139,1.026028,0.427401,0.382753,0.045758
16260,13,16,0.024883,162,1.02307,0.550983,0.550282,0.064677
16260,11,15,0.023328,79,1.021094,0.396504,0.411006,0.053266
16260,91,15,0.023328,102,1.115125,0.362684,0.487134,0.046424
16260,3,14,0.021773,183,1.10482,0.314129,0.381364,0.046629
16280,73,32,0.049536,358,1.368926,0.448473,0.562332,0.040861
16280,53,21,0.032508,243,0.889279,0.484259,0.400222,0.056989
16280,8,20,0.03096,209,1.200416,0.433602,0.534969,0.059041
16280,42,20,0.03096,140,1.021889,0.428908,0.383236,0.046052
16280,13,16,0.024768,162,1.02307,0.550983,0.550282,0.064677
16280,11,15,0.02322,79,1.021094,0.396504,0.411006,0.053266
16280,28,14,0.021672,142,0.923253,0.469394,0.388793,0.043393
16280,34,14,0.021672,161,1.037397,0.374221,0.391157,0.073563
16300,73,33,0.051084,359,1.365854,0.45394,0.557972,0.041425
16300,8,22,0.034056,211,1.197161,0.429014,0.527368,0.059539
16300,42,20,0.03096,140,1.021889,0.428908,0.383236,0.046052
16300,53,20,0.03096,243,0.879464,0.490652,0.399753,0.058029
16300,13,16,0.024768,162,1.02307,0.550983,0.550282,0.064677
16300,11,15,0.02322,79,1.021094,0.396504,0.411006,0.053266
16300,28,14,0.021672,142,0.923253,0.469394,0.388793,0.043393
16300,56,14,0.021672,195,1.137032,0.466478,0.343582,0.040066
16320,73,35,0.054096,362,1.349295,0.459519,0.554151,0.042102
16320,8,21,0.032457,211,1.198627,0.427733,0.528556,0.059571
16320,53,19,0.029366,243,0.884771,0.480179,0.400943,0.056861
16320,13,18,0.027821,164,1.021323,0.552564,0.532804,0.063817
16320,42,18,0.027821,142,1.023339,0.43384,0.385388,0.046406
16320,91,15,0.023184,104,1.130308,0.36419,0.490946,0.046078
16320,2,14,0.021638,118,0.913086,0.446615,0.474273,0.054062
16320,11,14,0.021638,79,1.022451,0.403374,0.41352,0.053685
16340,73,36,0.055814,364,1.355276,0.459332,0.556133,0.041896
16340,8,19,0.029457,211,1.202291,0.423178,0.526376,0.05945
16340,13,18,0.027907,164,1.021323,0.552564,0.532804,0.063817
16340,42,18,0.027907,142,1.023339,0.43384,0.385388,0.046406
16340,53,18,0.027907,244,0.890495,0.480533,0.402171,0.055727
16340,91,15,0.023256,104,1.130308,0.36419,0.490946,0.046078
16340,11,14,0.021705,79,1.022451,0.403374,0.41352,0.053685
16340,28,14,0.021705,142,0.923253,0.469394,0.388793,0.043393
16360,73,35,0.053763,365,1.362174,0.459167,0.561643,0.041732
16360,8,19,0.029186,212,1.217058,0.421843,0.531207,0.059323
16360,13,18,0.02765,164,1.021323,0.552564,0.532804,0.063817
16360,42,18,0.02765,142,1.023339,0.43384,0.385388,0.046406
16360,53,18,0.02765,244,0.890495,0.480533,0.402171,0.055727
16360,28,15,0.023041,143,0.916626,0.460983,0.389596,0.043643
16360,91,15,0.023041,104,1.130308,0.36419,0.490946,0.046078
16360,11,14,0.021505,79,1.022451,0.403374,0.41352,0.053685
16380,73,35,0.053929,365,1.362174,0.459167,0.561643,0.041732
16380,8,19,0.029276,212,1.217058,0.421843,0.531207,0.059323
16380,13,18,0.027735,164,1.021323,0.552564,0.532804,0.063817
16380,42,18,0.027735,143,1.026443,0.436384,0.384178,0.046193
16380,53,18,0.027735,244,0.890495,0.480533,0.402171,0.055727
16380,91,16,0.024653,105,1.127977,0.361535,0.491052,0.04501
16380,34,15,0.023112,164,1.035166,0.370596,0.388219,0.072482
16380,11,14,0.021572,79,1.022451,0.403374,0.41352,0.053685
16400,73,37,0.057099,367,1.369186,0.456859,0.564392,0.041755
16400,8,19,0.029321,214,1.203057,0.424825,0.527341,0.059521
16400,42,19,0.029321,144,1.03193,0.438244,0.384457,0.046003
16400,13,18,0.027778,164,1.021323,0.552564,0.532804,0.063817
16400,53,18,0.027778,244,0.890495,0.480533,0.402171,0.055727
16400,91,16,0.024691,105,1.127977,0.361535,0.491052,0.04501
16400,34,15,0.023148,165,1.046712,0.374802,0.390616,0.07375
16400,11,14,0.021605,79,1.022451,0.403374,0.41352,0.053685
16420,73,37,0.056923,367,1.369186,0.456859,0.564392,0.041755
16420,8,19,0.029231,214,1.203057,0.424825,0.527341,0.059521
16420,42,19,0.029231,144,1.03193,0.438244,0.384457,0.046003
16420,13,18,0.027692,164,1.021323,0.552564,0.532804,0.063817
16420,53,18,0.027692,244,0.890495,0.480533,0.402171,0.055727
16420,91,16,0.024615,105,1.127977,0.361535,0.491052,0.04501
16420,11,14,0.021538,79,1.022451,0.403374,0.41352,0.053685
16420,28,14,0.021538,144,0.913878,0.466574,0.38675,0.044273
16440,73,37,0.057276,368,1.360289,0.46082,0.56239,0.042501
16440,8,19,0.029412,214,1.203057,0.424825,0.527341,0.059521
16440,42,19,0.029412,144,1.03193,0.438244,0.384457,0.046003
16440,13,18,0.027864,164,1.021323,0.552564,0.532804,0.063817
16440,53,17,0.026316,244,0.901285,0.467232,0.403516,0.053733
16440,91,16,0.024768,105,1.127977,0.361535,0.491052,0.04501
16440,0,14,0.021672,190,1.060361,0.32361,0.375805,0.042212
16440,11,14,0.021672,79,1.022451,0.403374,0.41352,0.053685
16460,73,36,0.056338,368,1.35894,0.461963,0.557064,0.043171
16460,42,19,0.029734,145,1.032019,0.433229,0.382358,0.04599
16460,8,18,0.028169,214,1.201812,0.423581,0.526227,0.060054
16460,13,18,0.028169,164,1.021323,0.552564,0.532804,0.063817
16460,53,17,0.026604,244,0.901285,0.467232,0.403516,0.053733
16460,91,15,0.023474,105,1.119412,0.366332,0.490001,0.045746
16460,0,14,0.021909,190,1.060361,0.32361,0.375805,0.042212
16460,11,14,0.021909,79,1.022451,0.403374,0.41352,0.053685
16480,73,34,0.053712,368,1.34755,0.46496,0.55146,0.04402
16480,42,19,0.030016,145,1.032019,0.433229,0.382358,0.04599
16480,8,18,0.028436,214,1.201812,0.423581,0.526227,0.060054
16480,13,18,0.028436,164,1.021323,0.552564,0.532804,0.063817
16480,53,17,0.026856,244,0.901285,0.467232,0.403516,0.053733
16480,91,15,0.023697,105,1.119412,0.366332,0.490001,0.045746
16480,0,14,0.022117,190,1.060361,0.32361,0.375805,0.042212
16480,2,14,0.022117,121,0.888783,0.458188,0.485457,0.054343
16500,73,34,0.053459,369,1.346954,0.464482,0.554422,0.04377
16500,8,19,0.029874,215,1.202393,0.424362,0.52293,0.060078
16500,42,19,0.029874,145,1.032019,0.433229,0.382358,0.04599
16500,13,18,0.028302,164,1.021323,0.552564,0.532804,0.063817
16500,53,16,0.025157,244,0.897962,0.477073,0.403143,0.055042
16500,28,15,0.023585,145,0.913708,0.474024,0.385913,0.044649
16500,91,15,0.023585,105,1.119412,0.366332,0.490001,0.045746
16500,0,14,0.022013,191,1.060363,0.323456,0.374272,0.04201
16520,73,32,0.050473,370,1.34593,0.455967,0.555036,0.044011
16520,8,20,0.031546,216,1.204474,0.425466,0.52618,0.060387
16520,42,18,0.028391,145,1.029878,0.432585,0.382258,0.046323
16520,13,17,0.026814,164,1.011197,0.560233,0.526117,0.062872
16520,53,16,0.025237,244,0.897962,0.477073,0.403143,0.055042
16520,2,15,0.023659,122,0.897832,0.453106,0.483174,0.053763
16520,28,15,0.023659,145,0.913708,0.474024,0.385913,0.044649
16520,91,15,0.023659,105,1.119412,0.366332,0.490001,0.045746
16540,73,32,0.050235,370,1.34593,0.455967,0.555036,0.044011
16540,8,20,0.031397,216,1.204474,0.425466,0.52618,0.060387
16540,42,18,0.028257,145,1.029878,0.432585,0.382258,0.046323
16540,13,17,0.026688,164,1.011197,0.560233,0.526117,0.062872
16540,53,17,0.026688,245,0.887356,0.483198,0.40228,0.055703
16540,28,16,0.025118,146,0.923028,0.468799,0.38376,0.044373
16540,2,15,0.023548,122,0.897832,0.453106,0.483174,0.053763
16540,91,15,0.023548,105,1.119412,0.366332,0.490001,0.045746
16560,73,31,0.048589,370,1.354704,0.454146,0.559127,0.043988
16560,8,21,0.032915,217,1.211809,0.428405,0.524243,0.060205
16560,42,18,0.028213,145,1.029878,0.432585,0.382258,0.046323
16560,53,18,0.028213,246,0.900902,0.476555,0.403351,0.054714
16560,13,17,0.026646,164,1.011197,0.560233,0.526117,0.062872
16560,2,16,0.025078,123,0.91052,0.448264,0.480506,0.053234
16560,28,16,0.025078,146,0.923028,0.468799,0.38376,0.044373
16560,91,15,0.023511,105,1.119412,0.366332,0.490001,0.045746
16580,73,30,0.046656,370,1.353048,0.456585,0.558529,0.044352
16580,8,20,0.031104,217,1.202029,0.433407,0.52579,0.060715
16580,42,18,0.027994,145,1.029878,0.432585,0.382258,0.046323
16580,53,18,0.027994,246,0.900902,0.476555,0.403351,0.054714
16580,13,16,0.024883,164,1.011534,0.564328,0.5192,0.063685
16580,28,16,0.024883,146,0.923028,0.468799,0.38376,0.044373
16580,2,15,0.023328,123,0.90178,0.452111,0.48568,0.053702
16580,91,15,0.023328,105,1.119412,0.366332,0.490001,0.045746
16600,73,30,0.046584,370,1.353048,0.456585,0.558529,0.044352
16600,8,20,0.031056,218,1.205553,0.428398,0.525261,0.061298
16600,42,19,0.029503,146,1.02173,0.432799,0.380871,0.04593
16600,53,18,0.02795,246,0.900902,0.476555,0.403351,0.054714
16600,13,16,0.024845,164,1.011534,0.564328,0.5192,0.063685
16600,2,15,0.023292,123,0.90178,0.452111,0.48568,0.053702
16600,28,15,0.023292,146,0.929639,0.477169,0.382622,0.044189
16600,34,15,0.023292,167,1.049186,0.377171,0.388072,0.07569
16620,73,31,0.048062,371,1.355258,0.454798,0.561441,0.043915
16620,8,19,0.029457,219,1.222367,0.423705,0.520084,0.061998
16620,42,19,0.029457,146,1.02173,0.432799,0.380871,0.04593
16620,53,18,0.027907,247,0.90037,0.472667,0.403071,0.055257
16620,11,15,0.023256,80,1.015234,0.398498,0.412946,0.05426
16620,13,15,0.023256,164,1.011569,0.570945,0.498457,0.064889
16620,34,15,0.023256,167,1.049186,0.377171,0.388072,0.07569
16620,2,14,0.021705,123,0.909511,0.450565,0.486832,0.05358
16640,73,31,0.048438,372,1.351515,0.451464,0.556768,0.043803
16640,8,19,0.029687,220,1.210531,0.423122,0.528023,0.062343
16640,42,19,0.029687,146,1.02173,0.432799,0.380871,0.04593
16640,53,17,0.026562,247,0.890434,0.478093,0.401366,0.056399
16640,2,15,0.023438,124,0.896844,0.457233,0.487041,0.054223
16640,11,15,0.023438,80,1.015234,0.398498,0.412946,0.05426
16640,3,14,0.021875,191,1.088498,0.314921,0.378638,0.046849
16640,13,14,0.021875,164,1.013846,0.575288,0.505121,0.0649
16660,73,31,0.048212,372,1.351515,0.451464,0.556768,0.043803
16660,8,20,0.031104,222,1.20706,0.430727,0.530482,0.061729
16660,42,20,0.031104,147,1.023908,0.433409,0.382571,0.046118
16660,53,17,0.026439,247,0.890434,0.478093,0.401366,0.056399
16660,2,15,0.023328,124,0.896844,0.457233,0.487041,0.054223
16660,3,14,0.021773,191,1.088498,0.314921,0.378638,0.046849
16660,11,14,0.021773,80,1.009099,0.393773,0.413192,0.053745
16660,13,14,0.021773,164,1.013846,0.575288,0.505121,0.0649
16680,73,32,0.049689,375,1.370593,0.448728,0.564905,0.042873
16680,8,20,0.031056,223,1.214889,0.434399,0.522442,0.061884
16680,42,20,0.031056,147,1.023908,0.433409,0.382571,0.046118
16680,53,17,0.026398,247,0.890434,0.478093,0.401366,0.056399
16680,2,15,0.023292,124,0.896844,0.457233,0.487041,0.054223
16680,11,15,0.023292,81,1.01239,0.400456,0.413422,0.053249
16680,13,15,0.023292,165,1.02311,0.565815,0.51118,0.065855
16680,3,14,0.021739,191,1.088498,0.314921,0.378638,0.046849
16700,73,33,0.051163,377,1.370396,0.450911,0.563887,0.04269
16700,42,21,0.032558,148,1.021717,0.432101,0.38107,0.046066
16700,8,19,0.029457,223,1.213571,0.438806,0.525665,0.062376
16700,53,18,0.027907,248,0.895542,0.47177,0.401448,0.055309
16700,11,15,0.023256,81,1.01239,0.400456,0.413422,0.053249
16700,2,14,0.021705,124,0.904336,0.453457,0.488118,0.054238
16700,13,14,0.021705,165,1.022229,0.566929,0.518248,0.065607
16700,28,14,0.021705,146,0.933044,0.475631,0.385119,0.043799
16720,73,34,0.05255,378,1.373594,0.450232,0.563164,0.043201
16720,42,21,0.032457,148,1.021717,0.432101,0.38107,0.046066
16720,8,19,0.029366,223,1.213571,0.438806,0.525665,0.062376
16720,53,17,0.026275,248,0.906006,0.465334,0.402212,0.054665
16720,11,16,0.02473,82,1.012271,0.396444,0.415505,0.053896
16720,2,15,0.023184,125,0.899423,0.459122,0.491267,0.054362
16720,13,14,0.021638,165,1.022229,0.566929,0.518248,0.065607
16720,34,14,0.021638,168,1.046252,0.385859,0.382152,0.076524
16740,73,35,0.053599,379,1.364187,0.450943,0.559217,0.043113
16740,42,21,0.032159,148,1.021717,0.432101,0.38107,0.046066
16740,8,19,0.029096,223,1.213571,0.438806,0.525665,0.062376
16740,53,17,0.026034,248,0.906006,0.465334,0.402212,0.054665
16740,11,16,0.024502,82,1.012271,0.396444,0.415505,0.053896
16740,2,15,0.022971,125,0.899423,0.459122,0.491267,0.054362
16740,13,15,0.022971,166,1.025762,0.56052,0.529442,0.065657
16740,34,14,0.02144,168,1.046252,0.385859,0.382152,0.076524
16760,73,35,0.05303,379,1.364187,0.450943,0.559217,0.043113
16760,42,21,0.031818,148,1.021717,0.432101,0.38107,0.046066
16760,8,20,0.030303,224,1.204061,0.438664,0.530318,0.062821
16760,53,17,0.025758,248,0.906006,0.465334,0.402212,0.054665
16760,11,16,0.024242,82,1.012271,0.396444,0.415505,0.053896
16760,13,16,0.024242,167,1.031417,0.56318,0.519737,0.066769
16760,2,15,0.022727,125,0.899423,0.459122,0.491267,0.054362
16760,91,14,0.021212,106,1.113377,0.375229,0.488909,0.047673
16780,73,36,0.054381,380,1.369927,0.44982,0.555372,0.043928
16780,42,21,0.031722,148,1.021717,0.432101,0.38107,0.046066
16780,8,19,0.028701,225,1.213686,0.442423,0.520356,0.061599
16780,13,17,0.02568,168,1.03072,0.555614,0.538311,0.065226
16780,53,17,0.02568,249,0.894894,0.463912,0.399887,0.05488
16780,28,16,0.024169,149,0.940371,0.490899,0.387167,0.042713
16780,2,15,0.022659,125,0.899423,0.459122,0.491267,0.054362
16780,11,15,0.022659,82,1.018809,0.400859,0.416212,0.053335
16800,73,35,0.053517,381,1.377731,0.448074,0.563392,0.042286
16800,42,20,0.030581,148,1.02905,0.431874,0.382328,0.046426
16800,8,19,0.029052,225,1.213686,0.442423,0.520356,0.061599
16800,53,17,0.025994,249,0.894894,0.463912,0.399887,0.05488
16800,13,16,0.024465,168,1.03075,0.54374,0.54773,0.064118
16800,28,16,0.024465,149,0.940371,0.490899,0.387167,0.042713
16800,2,15,0.022936,125,0.899423,0.459122,0.491267,0.054362
16800,11,15,0.022936,82,1.018809,0.400859,0.416212,0.053335
16820,73,34,0.051908,383,1.390943,0.448697,0.569263,0.041697
16820,8,20,0.030534,226,1.216678,0.444073,0.522374,0.061787
16820,42,20,0.030534,148,1.02905,0.431874,0.382328,0.046426
16820,13,17,0.025954,169,1.028298,0.546242,0.536643,0.064672
16820,2,15,0.022901,125,0.899423,0.459122,0.491267,0.054362
16820,11,15,0.022901,82,1.018809,0.400859,0.416212,0.053335
16820,28,15,0.022901,149,0.942308,0.485071,0.388032,0.042232
16820,53,15,0.022901,249,0.880193,0.476498,0.398768,0.057377
16840,73,35,0.053846,385,1.375608,0.450093,0.56438,0.042488
16840,8,20,0.030769,226,1.216678,0.444073,0.522374,0.061787
16840,42,20,0.030769,148,1.02905,0.431874,0.382328,0.046426
16840,13,17,0.026154,169,1.028298,0.546242,0.536643,0.064672
16840,11,15,0.023077,82,1.018809,0.400859,0.416212,0.053335
16840,28,15,0.023077,149,0.942308,0.485071,0.388032,0.042232
16840,53,15,0.023077,250,0.880715,0.478175,0.395453,0.05683
16840,2,14,0.021538,125,0.909702,0.458016,0.488839,0.054407
16860,73,33,0.051562,385,1.37446,0.453563,0.565377,0.04225
16860,8,20,0.03125,226,1.216678,0.444073,0.522374,0.061787
16860,42,20,0.03125,148,1.02905,0.431874,0.382328,0.046426
16860,13,16,0.025,169,1.022802,0.542689,0.546798,0.063498
16860,11,15,0.023438,82,1.018809,0.400859,0.416212,0.053335
16860,28,15,0.023438,149,0.942308,0.485071,0.388032,0.042232
16860,53,15,0.023438,250,0.880715,0.478175,0.395453,0.05683
16860,2,14,0.021875,125,0.909702,0.458016,0.488839,0.054407
16880,73,33,0.051482,386,1.375448,0.453191,0.562011,0.042331
16880,8,20,0.031201,227,1.22281,0.443245,0.525689,0.060468
16880,42,20,0.031201,148,1.02905,0.431874,0.382328,0.046426
16880,13,16,0.024961,170,1.026104,0.531205,0.550387,0.062919
16880,11,15,0.023401,82,1.018809,0.400859,0.416212,0.053335
16880,28,15,0.023401,149,0.942308,0.485071,0.388032,0.042232
16880,53,15,0.023401,250,0.880715,0.478175,0.395453,0.05683
16880,2,14,0.021841,125,0.909702,0.458016,0.488839,0.054407
16900,73,33,0.051402,386,1.375448,0.453191,0.562011,0.042331
16900,8,21,0.03271,228,1.22978,0.444816,0.524959,0.06003
16900,42,19,0.029595,148,1.031742,0.433238,0.383973,0.0465
16900,53,17,0.02648,252,0.881155,0.480538,0.395471,0.057641
16900,13,16,0.024922,170,1.026104,0.531205,0.550387,0.062919
16900,11,15,0.023364,82,1.018809,0.400859,0.416212,0.053335
16900,28,15,0.023364,149,0.942308,0.485071,0.388032,0.042232
16900,2,14,0.021807,125,0.909702,0.458016,0.488839,0.054407
16920,73,32,0.049844,386,1.382254,0.447431,0.565798,0.041758
16920,8,22,0.034268,229,1.234973,0.439921,0.523498,0.060198
16920,42,19,0.029595,148,1.031742,0.433238,0.383973,0.0465
16920,53,17,0.02648,252,0.881155,0.480538,0.395471,0.057641
16920,13,16,0.024922,170,1.026104,0.531205,0.550387,0.062919
16920,11,15,0.023364,82,1.018809,0.400859,0.416212,0.053335
16920,28,15,0.023364,150,0.944952,0.480411,0.389959,0.04211
16920,2,14,0.021807,125,0.909702,0.458016,0.488839,0.054407
16940,73,30,0.046802,386,1.380278,0.444611,0.564782,0.042065
16940,8,20,0.031201,229,1.243938,0.437725,0.521656,0.059679
16940,42,18,0.028081,148,1.026244,0.4311,0.383667,0.046717
16940,13,17,0.026521,171,1.030659,0.532944,0.541774,0.06352
16940,53,17,0.026521,252,0.881155,0.480538,0.395471,0.057641
16940,28,16,0.024961,151,0.946157,0.482988,0.389865,0.041986
16940,11,15,0.023401,82,1.018809,0.400859,0.416212,0.053335
16940,82,14,0.021841,207,0.922356,0.428459,0.493472,0.035814
16960,73,30,0.046512,387,1.364326,0.447075,0.564374,0.041108
16960,8,20,0.031008,229,1.243938,0.437725,0.521656,0.059679
16960,42,18,0.027907,148,1.026244,0.4311,0.383667,0.046717
16960,53,18,0.027907,253,0.892015,0.47497,0.395956,0.056783
16960,13,17,0.026357,171,1.030659,0.532944,0.541774,0.06352
16960,11,15,0.023256,82,1.018809,0.400859,0.416212,0.053335
16960,28,15,0.023256,151,0.947796,0.477411,0.388341,0.042134
16960,82,15,0.023256,208,0.921629,0.429314,0.495479,0.035878
16980,73,31,0.048362,388,1.363838,0.445151,0.560249,0.041676
16980,8,20,0.031201,229,1.243938,0.437725,0.521656,0.059679
16980,42,18,0.028081,148,1.026244,0.4311,0.383667,0.046717
16980,53,18,0.028081,253,0.892015,0.47497,0.395956,0.056783
16980,13,17,0.026521,171,1.030659,0.532944,0.541774,0.06352
16980,28,15,0.023401,151,0.947796,0.477411,0.388341,0.042134
16980,11,14,0.021841,82,1.019404,0.405472,0.41403,0.052601
16980,34,14,0.021841,175,1.018324,0.383439,0.397763,0.07528
17000,73,32,0.049536,389,1.355851,0.450371,0.55876,0.042232
17000,8,19,0.029412,229,1.247229,0.434137,0.520519,0.060119
17000,42,18,0.027864,148,1.026244,0.4311,0.383667,0.046717
17000,53,18,0.027864,253,0.892015,0.47497,0.395956,0.056783
17000,13,17,0.026316,171,1.030659,0.532944,0.541774,0.06352
17000,0,15,0.02322,201,1.072955,0.325715,0.387666,0.04164
17000,28,15,0.02322,151,0.947796,0.477411,0.388341,0.042134
17000,11,14,0.021672,82,1.019404,0.405472,0.41403,0.052601
17020,73,33,0.050926,390,1.357402,0.451539,0.560183,0.042091
17020,13,18,0.027778,172,1.030563,0.536138,0.53666,0.064207
17020,42,18,0.027778,148,1.026244,0.4311,0.383667,0.046717
17020,53,18,0.027778,253,0.892015,0.47497,0.395956,0.056783
17020,8,17,0.026235,229,1.244808,0.433348,0.521014,0.059887
17020,28,15,0.023148,151,0.947796,0.477411,0.388341,0.042134
17020,34,15,0.023148,176,1.013574,0.377705,0.395791,0.074432
17020,11,14,0.021605,82,1.019404,0.405472,0.41403,0.052601
17040,73,35,0.05295,393,1.36372,0.447472,0.571721,0.040967
17040,8,20,0.030257,232,1.252,0.428097,0.514034,0.059527
17040,13,19,0.028744,173,1.029492,0.547205,0.529342,0.064448
17040,42,19,0.028744,149,1.021239,0.431569,0.382586,0.046869
17040,53,19,0.028744,254,0.89886,0.469149,0.397667,0.055529
17040,28,15,0.022693,151,0.947796,0.477411,0.388341,0.042134
17040,2,14,0.02118,128,0.880856,0.474407,0.486422,0.055731
17040,3,14,0.02118,198,1.09232,0.31558,0.38802,0.046002
17060,73,35,0.05279,394,1.363055,0.448312,0.570496,0.041834
17060,42,20,0.030166,150,1.018336,0.430601,0.380619,0.04681
17060,8,19,0.028658,232,1.243837,0.433102,0.515896,0.060134
17060,53,19,0.028658,254,0.89886,0.469149,0.397667,0.055529
17060,13,18,0.027149,173,1.028,0.543316,0.533006,0.06475
17060,2,15,0.022624,129,0.894234,0.470567,0.480395,0.055588
17060,28,15,0.022624,151,0.947796,0.477411,0.388341,0.042134
17060,34,15,0.022624,177,1.015782,0.382935,0.394465,0.073969
17080,73,34,0.051128,395,1.360019,0.452226,0.572151,0.04175
17080,42,21,0.031579,151,1.025772,0.432679,0.380709,0.046244
17080,53,19,0.028571,254,0.89886,0.469149,0.397667,0.055529
17080,8,18,0.027068,232,1.243508,0.438898,0.52129,0.059979
17080,13,17,0.025564,173,1.023556,0.54229,0.540597,0.064256
17080,34,16,0.02406,178,1.007824,0.379969,0.389945,0.073131
17080,28,15,0.022556,151,0.947796,0.477411,0.388341,0.042134
17080,82,15,0.022556,210,0.896309,0.437686,0.501955,0.03573
17100,73,32,0.04893,396,1.361667,0.457892,0.571973,0.041725
17100,42,21,0.03211,151,1.025772,0.432679,0.380709,0.046244
17100,8,18,0.027523,232,1.243508,0.438898,0.52129,0.059979
17100,13,18,0.027523,174,1.022808,0.557105,0.533091,0.064754
17100,53,18,0.027523,254,0.891237,0.475063,0.399116,0.056818
17100,34,16,0.024465,178,1.007824,0.379969,0.389945,0.073131
17100,28,15,0.022936,151,0.947796,0.477411,0.388341,0.042134
17100,2,14,0.021407,129,0.904234,0.468618,0.480935,0.055315
17120,73,34,0.05175,398,1.350348,0.461242,0.565726,0.042715
17120,42,21,0.031963,151,1.025772,0.432679,0.380709,0.046244
17120,8,18,0.027397,233,1.247159,0.430956,0.530263,0.061167
17120,13,18,0.027397,174,1.022808,0.557105,0.533091,0.064754
17120,53,18,0.027397,255,0.910501,0.462136,0.398398,0.054197
17120,2,15,0.022831,130,0.91492,0.46371,0.475633,0.055013
17120,11,15,0.022831,83,1.020159,0.409596,0.417438,0.052536
17120,34,15,0.022831,178,1.007601,0.384252,0.390798,0.07367
17140,73,35,0.053517,399,1.356518,0.460297,0.561904,0.043463
17140,42,21,0.03211,151,1.025772,0.432679,0.380709,0.046244
17140,8,18,0.027523,233,1.247159,0.430956,0.530263,0.061167
17140,13,18,0.027523,174,1.022808,0.557105,0.533091,0.064754
17140,53,18,0.027523,255,0.910501,0.462136,0.398398,0.054197
17140,2,16,0.024465,131,0.920453,0.463522,0.472878,0.05523
17140,11,15,0.022936,83,1.020159,0.409596,0.417438,0.052536
17140,34,15,0.022936,178,1.007601,0.384252,0.390798,0.07367
17160,73,33,0.051005,399,1.359217,0.458912,0.56555,0.04275
17160,42,21,0.032457,151,1.025772,0.432679,0.380709,0.046244
17160,8,17,0.026275,233,1.251502,0.429807,0.524577,0.061019
17160,13,17,0.026275,174,1.014976,0.563841,0.526572,0.064344
17160,53,17,0.026275,255,0.900728,0.466949,0.398056,0.054903
17160,2,16,0.02473,131,0.920453,0.463522,0.472878,0.05523
17160,11,15,0.023184,83,1.020159,0.409596,0.417438,0.052536
17160,34,14,0.021638,179,1.020284,0.397706,0.391649,0.074364
17180,73,31,0.048589,400,1.362961,0.454944,0.571431,0.042261
17180,42,21,0.032915,151,1.025772,0.432679,0.380709,0.046244
17180,8,18,0.028213,234,1.245319,0.427844,0.526688,0.06136
17180,2,17,0.026646,132,0.926429,0.459936,0.470535,0.05511
17180,13,17,0.026646,174,1.014976,0.563841,0.526572,0.064344
17180,53,16,0.025078,255,0.893144,0.47336,0.396155,0.056274
17180,11,15,0.023511,83,1.020159,0.409596,0.417438,0.052536
17180,34,14,0.021944,179,1.020284,0.397706,0.391649,0.074364
17200,73,31,0.048438,400,1.362961,0.454944,0.571431,0.042261
17200,42,19,0.029687,151,1.026085,0.435358,0.38254,0.045901
17200,53,19,0.029687,258,0.909979,0.468696,0.396781,0.056642
17200,8,18,0.028125,234,1.245319,0.427844,0.526688,0.06136
17200,2,17,0.026562,132,0.926429,0.459936,0.470535,0.05511
17200,13,17,0.026562,174,1.014976,0.563841,0.526572,0.064344
17200,11,15,0.023438,83,1.020159,0.409596,0.417438,0.052536
17200,91,14,0.021875,106,1.113377,0.375229,0.488909,0.047673
17220,73,31,0.047913,400,1.362961,0.454944,0.571431,0.042261
17220,42,19,0.029366,151,1.026085,0.435358,0.38254,0.045901
17220,53,19,0.029366,258,0.909979,0.468696,0.396781,0.056642
17220,8,18,0.027821,234,1.245319,0.427844,0.526688,0.06136
17220,2,17,0.026275,132,0.926429,0.459936,0.470535,0.05511
17220,13,17,0.026275,174,1.014976,0.563841,0.526572,0.064344
17220,11,15,0.023184,83,1.020159,0.409596,0.417438,0.052536
17220,0,14,0.021638,204,1.06603,0.323278,0.391305,0.041789
17240,73,33,0.050769,403,1.356322,0.459272,0.567216,0.043333
17240,42,19,0.029231,151,1.026085,0.435358,0.38254,0.045901
17240,53,19,0.029231,258,0.909979,0.468696,0.396781,0.056642
17240,8,18,0.027692,234,1.245319,0.427844,0.526688,0.06136
17240,2,16,0.024615,132,0.91592,0.463767,0.473577,0.055332
17240,11,16,0.024615,84,1.022645,0.404081,0.414893,0.053129
17240,13,16,0.024615,174,1.015215,0.578488,0.535732,0.065517
17240,0,14,0.021538,204,1.06603,0.323278,0.391305,0.041789
17260,73,32,0.049231,403,1.354,0.459805,0.565975,0.043803
17260,8,18,0.027692,235,1.240255,0.436924,0.526799,0.061731
17260,42,18,0.027692,151,1.02958,0.436644,0.384723,0.045912
17260,53,18,0.027692,258,0.901496,0.473073,0.397264,0.057944
17260,2,17,0.026154,133,0.905918,0.468066,0.474524,0.055509
17260,11,16,0.024615,84,1.022645,0.404081,0.414893,0.053129
17260,13,16,0.024615,174,1.015215,0.578488,0.535732,0.065517
17260,0,15,0.023077,205,1.065392,0.325805,0.392489,0.041585
17280,73,34,0.052795,405,1.34839,0.462387,0.570515,0.043495
17280,8,19,0.029503,236,1.249743,0.434402,0.532328,0.061981
17280,42,18,0.02795,151,1.02958,0.436644,0.384723,0.045912
17280,53,18,0.02795,258,0.901496,0.473073,0.397264,0.057944
17280,2,17,0.026398,133,0.905918,0.468066,0.474524,0.055509
17280,11,16,0.024845,84,1.022645,0.404081,0.414893,0.053129
17280,13,14,0.021739,174,1.010618,0.596463,0.503575,0.067242
17280,34,14,0.021739,180,1.02397,0.402525,0.389375,0.073933
17300,73,34,0.052795,405,1.34839,0.462387,0.570515,0.043495
17300,53,19,0.029503,259,0.913961,0.468723,0.398014,0.056755
17300,8,18,0.02795,236,1.2437,0.43147,0.534929,0.062282
17300,42,18,0.02795,151,1.02958,0.436644,0.384723,0.045912
17300,2,16,0.024845,133,0.895178,0.4754,0.475753,0.055796
17300,11,16,0.024845,84,1.022645,0.404081,0.414893,0.053129
17300,91,14,0.021739,106,1.113377,0.375229,0.488909,0.047673
17300,13,13,0.020186,174,1.009816,0.586975,0.508162,0.06684
17320,73,34,0.052308,406,1.345163,0.462219,0.576494,0.042259
17320,8,19,0.029231,237,1.241398,0.439376,0.530287,0.061911
17320,53,19,0.029231,259,0.913961,0.468723,0.398014,0.056755
17320,42,18,0.027692,151,1.02958,0.436644,0.384723,0.045912
17320,11,15,0.023077,84,1.025997,0.403207,0.413998,0.053056
17320,2,14,0.021538,133,0.897522,0.481053,0.472918,0.055841
17320,34,14,0.021538,181,1.025463,0.396527,0.381639,0.074487
17320,82,14,0.021538,214,0.887934,0.440467,0.507305,0.035389
17340,73,32,0.05,406,1.35277,0.458333,0.578728,0.042005
17340,8,19,0.029687,237,1.241398,0.439376,0.530287,0.061911
17340,42,19,0.029687,152,1.028348,0.434274,0.382954,0.046246
17340,53,17,0.026562,259,0.911746,0.466016,0.398462,0.056744
17340,11,15,0.023438,84,1.025997,0.403207,0.413998,0.053056
17340,2,14,0.021875,133,0.897522,0.481053,0.472918,0.055841
17340,13,14,0.021875,175,1.009716,0.578024,0.517932,0.067321
17340,91,14,0.021875,106,1.113377,0.375229,0.488909,0.047673
17360,73,32,0.050473,408,1.352193,0.460339,0.576171,0.041991
17360,8,19,0.029968,238,1.260607,0.44425,0.527505,0.061491
17360,42,19,0.029968,152,1.028348,0.434274,0.382954,0.046246
17360,53,17,0.026814,260,0.894131,0.475711,0.399726,0.058453
17360,2,15,0.023659,134,0.885375,0.485746,0.472865,0.056413
17360,11,15,0.023659,84,1.025997,0.403207,0.413998,0.053056
17360,13,15,0.023659,176,1.011533,0.561054,0.506941,0.066096
17360,91,14,0.022082,106,1.113377,0.375229,0.488909,0.047673
17380,73,33,0.051163,410,1.358195,0.459161,0.57939,0.042339
17380,8,20,0.031008,239,1.264317,0.437685,0.524761,0.06144
17380,42,19,0.029457,152,1.028348,0.434274,0.382954,0.046246
17380,53,17,0.026357,260,0.894131,0.475711,0.399726,0.058453
17380,2,15,0.023256,134,0.885375,0.485746,0.472865,0.056413
17380,11,15,0.023256,84,1.025997,0.403207,0.413998,0.053056
17380,13,15,0.023256,176,1.011533,0.561054,0.506941,0.066096
17380,91,15,0.023256,107,1.120148,0.376986,0.490505,0.047377
17400,73,33,0.050769,410,1.358195,0.459161,0.57939,0.042339
17400,8,20,0.030769,239,1.264317,0.437685,0.524761,0.06144
17400,42,19,0.029231,152,1.028348,0.434274,0.382954,0.046246
17400,53,17,0.026154,261,0.899921,0.478632,0.398993,0.05787
17400,2,15,0.023077,134,0.885375,0.485746,0.472865,0.056413
17400,11,15,0.023077,84,1.025997,0.403207,0.413998,0.053056
17400,13,15,0.023077,176,1.011533,0.561054,0.506941,0.066096
17400,91,15,0.023077,107,1.120148,0.376986,0.490505,0.047377
17420,73,34,0.052147,411,1.362474,0.457377,0.580912,0.0422
17420,42,19,0.029141,152,1.028348,0.434274,0.382954,0.046246
17420,8,17,0.026074,239,1.286985,0.440036,0.519082,0.060804
17420,53,17,0.026074,261,0.899921,0.478632,0.398993,0.05787
17420,2,15,0.023006,135,0.907163,0.475525,0.469415,0.055774
17420,13,15,0.023006,176,1.011533,0.561054,0.506941,0.066096
17420,28,15,0.023006,154,0.95365,0.478347,0.378321,0.042085
17420,82,15,0.023006,216,0.913378,0.44106,0.506903,0.035525
17440,73,37,0.056402,414,1.357384,0.460106,0.577093,0.041491
17440,42,19,0.028963,152,1.028348,0.434274,0.382954,0.046246
17440,8,17,0.025915,239,1.286985,0.440036,0.519082,0.060804
17440,13,16,0.02439,177,1.011934,0.570505,0.500683,0.066175
17440,53,16,0.02439,261,0.890354,0.485177,0.399543,0.058544
17440,82,16,0.02439,217,0.899263,0.440618,0.505165,0.035537
17440,2,15,0.022866,135,0.907163,0.475525,0.469415,0.055774
17440,28,15,0.022866,154,0.95365,0.478347,0.378321,0.042085
17460,73,36,0.054878,414,1.353996,0.462027,0.578003,0.040853
17460,13,18,0.027439,179,1.021537,0.559381,0.52666,0.065358
17460,42,18,0.027439,152,1.026372,0.438723,0.384483,0.046628
17460,8,17,0.025915,239,1.286985,0.440036,0.519082,0.060804
17460,2,16,0.02439,136,0.921088,0.471,0.464582,0.055491
17460,53,16,0.02439,261,0.890354,0.485177,0.399543,0.058544
17460,82,16,0.02439,217,0.899263,0.440618,0.505165,0.035537
17460,11,15,0.022866,85,1.0192,0.412377,0.41689,0.053221
17480,73,36,0.0553,414,1.353996,0.462027,0.578003,0.040853
17480,13,18,0.02765,179,1.021537,0.559381,0.52666,0.065358
17480,42,18,0.02765,152,1.026372,0.438723,0.384483,0.046628
17480,8,17,0.026114,239,1.286985,0.440036,0.519082,0.060804
17480,2,16,0.024578,136,0.921088,0.471,0.464582,0.055491
17480,53,16,0.024578,261,0.890354,0.485177,0.399543,0.058544
17480,82,16,0.024578,218,0.892683,0.441412,0.509476,0.03549
17480,11,15,0.023041,85,1.0192,0.412377,0.41689,0.053221
17500,73,38,0.057143,416,1.346006,0.471521,0.574424,0.041656
17500,8,18,0.027068,240,1.284899,0.442754,0.525088,0.061431
17500,13,18,0.027068,179,1.021537,0.559381,0.52666,0.065358
17500,42,18,0.027068,152,1.026372,0.438723,0.384483,0.046628
17500,2,17,0.025564,137,0.931408,0.465598,0.464621,0.054492
17500,53,17,0.025564,262,0.90232,0.479759,0.398948,0.057765
17500,28,15,0.022556,155,0.940823,0.474338,0.381396,0.043205
17500,91,15,0.022556,107,1.120148,0.376986,0.490505,0.047377
17520,73,43,0.064955,421,1.353657,0.467791,0.582726,0.041026
17520,8,19,0.028701,241,1.300655,0.441122,0.531843,0.061715
17520,42,19,0.028701,153,1.028192,0.433328,0.384252,0.046294
17520,2,18,0.02719,138,0.941585,0.462516,0.460615,0.054662
17520,13,18,0.02719,179,1.021537,0.559381,0.52666,0.065358
17520,53,17,0.02568,262,0.90232,0.479759,0.398948,0.057765
17520,28,15,0.022659,155,0.940823,0.474338,0.381396,0.043205
17520,91,15,0.022659,107,1.120148,0.376986,0.490505,0.047377
17540,73,41,0.06184,422,1.367726,0.46535,0.587245,0.041057
17540,8,19,0.028658,242,1.299063,0.436429,0.525222,0.060927
17540,42,19,0.028658,153,1.028192,0.433328,0.384252,0.046294
17540,13,18,0.027149,179,1.021537,0.559381,0.52666,0.065358
17540,2,17,0.025641,138,0.953096,0.458144,0.458905,0.054446
17540,53,16,0.024133,262,0.909685,0.475072,0.395194,0.056927
17540,91,16,0.024133,108,1.119989,0.374457,0.489735,0.046059
17540,28,15,0.022624,155,0.940823,0.474338,0.381396,0.043205
17560,73,40,0.060241,423,1.374121,0.463233,0.591587,0.04046
17560,8,20,0.03012,243,1.298696,0.439533,0.522856,0.060684
17560,42,19,0.028614,153,1.028192,0.433328,0.384252,0.046294
17560,13,18,0.027108,179,1.021537,0.559381,0.52666,0.065358
17560,2,17,0.025602,138,0.953096,0.458144,0.458905,0.054446
17560,53,16,0.024096,262,0.909685,0.475072,0.395194,0.056927
17560,91,16,0.024096,108,1.119989,0.374457,0.489735,0.046059
17560,34,15,0.02259,185,1.040662,0.395581,0.385945,0.07365
17580,73,38,0.056886,423,1.380781,0.459859,0.588615,0.040629
17580,42,19,0.028443,153,1.028192,0.433328,0.384252,0.046294
17580,8,18,0.026946,243,1.293761,0.441095,0.517703,0.060566
17580,13,18,0.026946,179,1.021537,0.559381,0.52666,0.065358
17580,2,17,0.025449,138,0.953096,0.458144,0.458905,0.054446
17580,53,17,0.025449,264,0.920984,0.464413,0.394066,0.054219
17580,34,16,0.023952,186,1.030584,0.400781,0.382998,0.075986
17580,91,16,0.023952,108,1.119989,0.374457,0.489735,0.046059
17600,73,39,0.059091,424,1.372899,0.461615,0.58478,0.040821
17600,8,20,0.030303,245,1.315566,0.448806,0.52029,0.060962
17600,13,18,0.027273,179,1.021537,0.559381,0.52666,0.065358
17600,42,17,0.025758,153,1.015761,0.430421,0.384415,0.047306
17600,91,16,0.024242,109,1.10535,0.377748,0.486552,0.046734
17600,2,15,0.022727,138,0.92768,0.466681,0.461714,0.055188
17600,34,15,0.022727,186,1.041112,0.396559,0.383852,0.075633
17600,53,15,0.022727,264,0.901114,0.477039,0.39324,0.056574
17620,73,37,0.056489,425,1.369772,0.460738,0.582096,0.041311
17620,8,18,0.027481,245,1.320919,0.448972,0.527024,0.061307
17620,13,18,0.027481,179,1.021537,0.559381,0.52666,0.065358
17620,42,17,0.025954,153,1.015761,0.430421,0.384415,0.047306
17620,34,16,0.024427,187,1.041538,0.396419,0.384679,0.074934
17620,2,15,0.022901,138,0.92768,0.466681,0.461714,0.055188
17620,53,15,0.022901,264,0.901114,0.477039,0.39324,0.056574
17620,91,15,0.022901,109,1.101721,0.37675,0.485382,0.046371
17640,73,35,0.053763,426,1.379136,0.465035,0.586853,0.041623
17640,8,19,0.029186,246,1.33596,0.451934,0.526707,0.061474
17640,13,18,0.02765,179,1.021537,0.559381,0.52666,0.065358
17640,34,17,0.026114,188,1.02887,0.398079,0.382302,0.077318
17640,42,17,0.026114,153,1.015761,0.430421,0.384415,0.047306
17640,2,15,0.023041,138,0.92768,0.466681,0.461714,0.055188
17640,53,15,0.023041,265,0.891856,0.474622,0.389365,0.05761
17640,91,15,0.023041,109,1.101721,0.37675,0.485382,0.046371
17660,73,36,0.05513,427,1.378888,0.462938,0.583351,0.042248
17660,8,20,0.030628,248,1.330741,0.439537,0.529931,0.06133
17660,13,18,0.027565,179,1.021537,0.559381,0.52666,0.065358
17660,42,17,0.026034,153,1.015761,0.430421,0.384415,0.047306
17660,34,16,0.024502,188,1.031142,0.393867,0.383912,0.075037
17660,2,15,0.022971,138,0.92768,0.466681,0.461714,0.055188
17660,28,15,0.022971,157,0.938783,0.467329,0.386606,0.042319
17660,53,15,0.022971,265,0.891856,0.474622,0.389365,0.05761
17680,73,35,0.053517,428,1.36662,0.464927,0.571638,0.04285
17680,8,21,0.03211,249,1.330531,0.443027,0.526784,0.061205
17680,13,18,0.027523,179,1.021537,0.559381,0.52666,0.065358
17680,42,17,0.025994,153,1.015761,0.430421,0.384415,0.047306
17680,34,16,0.024465,189,1.005635,0.396652,0.381364,0.078745
17680,2,15,0.022936,138,0.92768,0.466681,0.461714,0.055188
17680,53,15,0.022936,265,0.891856,0.474622,0.389365,0.05761
17680,28,14,0.021407,157,0.942196,0.475918,0.384306,0.041592
17700,73,35,0.053763,429,1.36548,0.460266,0.574915,0.042561
17700,8,21,0.032258,249,1.330531,0.443027,0.526784,0.061205
17700,13,17,0.026114,179,1.021101,0.557554,0.531186,0.064739
17700,42,17,0.026114,153,1.015761,0.430421,0.384415,0.047306
17700,53,16,0.024578,266,0.885174,0.471266,0.391325,0.057911
17700,2,15,0.023041,138,0.92768,0.466681,0.461714,0.055188
17700,28,14,0.021505,157,0.942196,0.475918,0.384306,0.041592
17700,34,14,0.021505,189,0.986213,0.393775,0.374563,0.081254
17720,73,33,0.050691,429,1.358785,0.464708,0.576467,0.041978
17720,8,21,0.032258,249,1.330531,0.443027,0.526784,0.061205
17720,13,17,0.026114,179,1.021101,0.557554,0.531186,0.064739
17720,42,17,0.026114,154,1.012366,0.432213,0.3831,0.046359
17720,53,16,0.024578,266,0.885174,0.471266,0.391325,0.057911
17720,2,15,0.023041,138,0.92768,0.466681,0.461714,0.055188
17720,11,14,0.021505,86,1.006511,0.416565,0.423431,0.052875
17720,82,14,0.021505,223,0.867642,0.434239,0.508883,0.036401
17740,73,35,0.053354,432,1.3593,0.464873,0.579579,0.04185
17740,8,21,0.032012,249,1.330531,0.443027,0.526784,0.061205
17740,42,18,0.027439,155,1.025863,0.432768,0.38256,0.046239
17740,13,17,0.025915,179,1.021101,0.557554,0.531186,0.064739
17740,2,16,0.02439,139,0.916713,0.47112,0.466245,0.056352
17740,53,16,0.02439,266,0.885174,0.471266,0.391325,0.057911
17740,82,15,0.022866,224,0.871228,0.434007,0.508445,0.036207
17740,91,15,0.022866,110,1.102172,0.385792,0.484863,0.047834
17760,73,35,0.05279,432,1.3593,0.464873,0.579579,0.04185
17760,8,21,0.031674,249,1.330531,0.443027,0.526784,0.061205
17760,42,18,0.027149,155,1.025863,0.432768,0.38256,0.046239
17760,2,17,0.025641,140,0.903762,0.475961,0.467988,0.057083
17760,13,17,0.025641,179,1.021101,0.557554,0.531186,0.064739
17760,53,17,0.025641,267,0.881145,0.472055,0.390587,0.058213
17760,82,15,0.022624,224,0.871228,0.434007,0.508445,0.036207
17760,91,15,0.022624,110,1.102172,0.385792,0.484863,0.047834
17780,73,35,0.052083,432,1.3593,0.464873,0.579579,0.04185
17780,8,21,0.03125,249,1.330531,0.443027,0.526784,0.061205
17780,42,20,0.029762,157,1.01619,0.437033,0.381605,0.046176
17780,53,18,0.026786,268,0.890006,0.468102,0.392676,0.057412
17780,2,17,0.025298,140,0.903762,0.475961,0.467988,0.057083
17780,13,17,0.025298,179,1.021101,0.557554,0.531186,0.064739
17780,11,15,0.022321,87,1.007693,0.421289,0.427846,0.05352
17780,82,15,0.022321,224,0.871228,0.434007,0.508445,0.036207
17800,73,34,0.05052,433,1.357777,0.464313,0.579553,0.041983
17800,42,22,0.032689,159,1.025629,0.440249,0.383439,0.046061
17800,8,21,0.031204,250,1.335983,0.450615,0.530114,0.061381
17800,53,18,0.026746,269,0.898275,0.470683,0.391967,0.057856
17800,2,17,0.02526,140,0.903762,0.475961,0.467988,0.057083
17800,13,17,0.02526,179,1.021101,0.557554,0.531186,0.064739
17800,28,15,0.022288,159,0.942665,0.480412,0.385856,0.041748
17800,82,15,0.022288,224,0.871228,0.434007,0.508445,0.036207
17820,73,35,0.052395,434,1.35153,0.468323,0.578222,0.042402
17820,42,20,0.02994,159,1.023705,0.437366,0.384366,0.0464
17820,53,19,0.028443,270,0.910284,0.465517,0.389933,0.056829
17820,8,18,0.026946,250,1.327322,0.446225,0.526816,0.060711
17820,2,17,0.025449,140,0.903762,0.475961,0.467988,0.057083
17820,13,15,0.022455,179,1.010618,0.572396,0.505889,0.06517
17820,28,15,0.022455,159,0.942665,0.480412,0.385856,0.041748
17820,82,15,0.022455,224,0.871228,0.434007,0.508445,0.036207
17840,73,33,0.049254,434,1.353896,0.467036,0.580756,0.04168
17840,42,20,0.029851,159,1.023705,0.437366,0.384366,0.0464
17840,8,19,0.028358,252,1.333312,0.449441,0.524157,0.058772
17840,53,18,0.026866,270,0.917247,0.467995,0.388223,0.056517
17840,2,17,0.025373,140,0.903762,0.475961,0.467988,0.057083
17840,28,16,0.023881,160,0.937413,0.481717,0.388038,0.041936
17840,82,16,0.023881,225,0.877549,0.432092,0.505632,0.036086
17840,11,15,0.022388,88,1.005648,0.426534,0.427334,0.053475
17860,73,34,0.050296,435,1.357116,0.465312,0.586834,0.041048
17860,42,21,0.031065,160,1.013392,0.435162,0.386345,0.047124
17860,8,19,0.028107,252,1.333312,0.449441,0.524157,0.058772
17860,53,18,0.026627,270,0.917247,0.467995,0.388223,0.056517
17860,2,17,0.025148,140,0.903762,0.475961,0.467988,0.057083
17860,11,16,0.023669,89,1.004468,0.428463,0.430314,0.053278
17860,13,16,0.023669,180,1.010596,0.571404,0.50102,0.065731
17860,28,16,0.023669,160,0.937413,0.481717,0.388038,0.041936
17880,73,32,0.04812,435,1.354715,0.469284,0.58407,0.041068
17880,42,21,0.031579,160,1.013392,0.435162,0.386345,0.047124
17880,8,20,0.030075,253,1.327443,0.451804,0.523087,0.058894
17880,53,18,0.027068,270,0.917247,0.467995,0.388223,0.056517
17880,2,17,0.025564,140,0.903762,0.475961,0.467988,0.057083
17880,13,16,0.02406,180,1.010596,0.571404,0.50102,0.065731
17880,28,16,0.02406,160,0.937413,0.481717,0.388038,0.041936
17880,11,15,0.022556,89,1.01099,0.428475,0.42924,0.053178
17900,73,33,0.050228,436,1.343711,0.470479,0.579072,0.041324
17900,8,22,0.033486,255,1.332328,0.445577,0.525704,0.059635
17900,42,21,0.031963,160,1.013392,0.435162,0.386345,0.047124
17900,53,18,0.027397,270,0.917247,0.467995,0.388223,0.056517
17900,2,17,0.025875,141,0.888918,0.479623,0.474521,0.056851
17900,28,16,0.024353,160,0.937413,0.481717,0.388038,0.041936
17900,11,15,0.022831,89,1.01099,0.428475,0.42924,0.053178
17900,82,15,0.022831,226,0.881263,0.436919,0.502942,0.035968
17920,73,33,0.049624,437,1.345406,0.469604,0.57368,0.042137
17920,8,21,0.031579,255,1.33836,0.45181,0.530807,0.060292
17920,42,21,0.031579,160,1.013392,0.435162,0.386345,0.047124
17920,53,19,0.028571,271,0.924773,0.463843,0.388933,0.055396
17920,2,17,0.025564,141,0.888918,0.479623,0.474521,0.056851
17920,28,16,0.02406,160,0.937413,0.481717,0.388038,0.041936
17920,11,15,0.022556,89,1.01099,0.428475,0.42924,0.053178
17920,91,15,0.022556,111,1.106773,0.384069,0.478788,0.04852
17940,73,35,0.05287,439,1.352335,0.467306,0.573319,0.042114
17940,42,21,0.031722,160,1.013392,0.435162,0.386345,0.047124
17940,8,20,0.030211,255,1.345571,0.452823,0.526178,0.05985
17940,53,19,0.028701,271,0.924773,0.463843,0.388933,0.055396
17940,2,17,0.02568,141,0.888918,0.479623,0.474521,0.056851
17940,28,16,0.024169,161,0.954721,0.472689,0.387987,0.041281
17940,91,15,0.022659,111,1.106773,0.384069,0.478788,0.04852
17940,0,14,0.021148,224,1.066651,0.333785,0.388901,0.042045
17960,73,34,0.051437,439,1.348293,0.46892,0.571012,0.042701
17960,42,22,0.033283,161,1.009349,0.435636,0.385244,0.047429
17960,8,19,0.028744,255,1.346584,0.449665,0.529459,0.05991
17960,53,18,0.027231,271,0.917112,0.468565,0.390483,0.056218
17960,2,17,0.025719,141,0.888918,0.479623,0.474521,0.056851
17960,13,15,0.022693,182,1.018535,0.543979,0.524416,0.066152
17960,28,15,0.022693,161,0.951213,0.477823,0.387684,0.041432
17960,91,15,0.022693,111,1.106773,0.384069,0.478788,0.04852
17980,73,36,0.054628,442,1.352383,0.466943,0.570875,0.043039
17980,42,22,0.033384,161,1.009349,0.435636,0.385244,0.047429
17980,8,20,0.030349,257,1.338186,0.445282,0.536069,0.06019
17980,2,17,0.025797,141,0.888918,0.479623,0.474521,0.056851
17980,53,17,0.025797,271,0.904798,0.474214,0.392669,0.05727
17980,34,16,0.024279,200,1.003104,0.384557,0.384653,0.073914
17980,13,15,0.022762,182,1.018535,0.543979,0.524416,0.066152
17980,91,15,0.022762,111,1.106773,0.384069,0.478788,0.04852
18000,73,37,0.055723,443,1.343829,0.478022,0.568683,0.043968
18000,8,21,0.031627,258,1.337256,0.44593,0.534713,0.059886
18000,42,21,0.031627,161,1.012934,0.432145,0.384795,0.047225
18000,2,17,0.025602,141,0.888918,0.479623,0.474521,0.056851
18000,53,17,0.025602,271,0.904798,0.474214,0.392669,0.05727
18000,34,16,0.024096,200,1.003104,0.384557,0.384653,0.073914
18000,13,15,0.02259,183,1.023879,0.558498,0.531028,0.067787
18000,91,15,0.02259,111,1.106773,0.384069,0.478788,0.04852
18020,73,39,0.058912,445,1.350146,0.477279,0.570871,0.04456
18020,8,22,0.033233,259,1.334348,0.447238,0.540719,0.06061
18020,42,20,0.030211,161,1.023224,0.434199,0.382739,0.046506
18020,2,18,0.02719,142,0.89306,0.479513,0.473029,0.057715
18020,53,18,0.02719,273,0.900252,0.488578,0.391173,0.057465
18020,13,17,0.02568,185,1.03442,0.5539,0.539826,0.065612
18020,34,16,0.024169,200,1.003104,0.384557,0.384653,0.073914
18020,91,15,0.022659,111,1.106773,0.384069,0.478788,0.04852
18040,73,39,0.058824,445,1.350146,0.477279,0.570871,0.04456
18040,8,21,0.031674,259,1.328615,0.445881,0.540144,0.060993
18040,42,21,0.031674,162,1.015638,0.433417,0.386167,0.046504
18040,53,19,0.028658,274,0.885362,0.49365,0.391409,0.059045
18040,2,18,0.027149,142,0.89306,0.479513,0.473029,0.057715
18040,13,18,0.027149,187,1.03993,0.591046,0.52006,0.065931
18040,34,16,0.024133,200,1.003104,0.384557,0.384653,0.073914
18040,91,15,0.022624,111,1.106773,0.384069,0.478788,0.04852
18060,73,38,0.057057,446,1.355485,0.476934,0.573124,0.044639
18060,42,21,0.031532,162,1.015638,0.433417,0.386167,0.046504
18060,8,20,0.03003,259,1.322693,0.442563,0.539712,0.061645
18060,53,19,0.028529,274,0.885362,0.49365,0.391409,0.059045
18060,2,18,0.027027,142,0.89306,0.479513,0.473029,0.057715
18060,13,18,0.027027,187,1.03993,0.591046,0.52006,0.065931
18060,11,16,0.024024,91,1.014027,0.416689,0.422464,0.054187
18060,34,15,0.022523,200,0.99044,0.384291,0.380277,0.074827
18080,73,38,0.057057,447,1.357006,0.477741,0.573562,0.044607
18080,42,21,0.031532,162,1.015638,0.433417,0.386167,0.046504
18080,8,19,0.028529,259,1.329865,0.442002,0.534456,0.061325
18080,53,18,0.027027,274,0.875856,0.499526,0.390243,0.060337
18080,2,17,0.025526,142,0.901346,0.476089,0.46943,0.056768
18080,13,17,0.025526,187,1.047032,0.589338,0.512137,0.065862
18080,11,16,0.024024,91,1.014027,0.416689,0.422464,0.054187
18080,90,15,0.022523,285,1.017002,0.408117,0.436736,0.045081
18100,73,41,0.061012,450,1.357744,0.474671,0.575326,0.043982
18100,8,21,0.03125,261,1.33116,0.431337,0.528647,0.061128
18100,42,21,0.03125,162,1.015638,0.433417,0.386167,0.046504
18100,13,18,0.026786,188,1.043159,0.59698,0.504949,0.065627
18100,2,17,0.025298,142,0.901346,0.476089,0.46943,0.056768
18100,53,17,0.025298,274,0.868585,0.508076,0.39241,0.060893
18100,11,16,0.02381,91,1.014027,0.416689,0.422464,0.054187
18100,90,15,0.022321,285,1.017002,0.408117,0.436736,0.045081
18120,73,42,0.061584,451,1.358937,0.473701,0.573355,0.04433
18120,8,21,0.030792,261,1.33116,0.431337,0.528647,0.061128
18120,13,20,0.029326,190,1.04305,0.578843,0.504356,0.064513
18120,42,20,0.029326,162,1.020198,0.432808,0.387369,0.046137
18120,53,18,0.026393,275,0.878567,0.501438,0.392384,0.059855
18120,2,17,0.024927,142,0.901346,0.476089,0.46943,0.056768
18120,11,17,0.024927,92,1.008407,0.408285,0.420233,0.054074
18120,90,16,0.02346,286,1.016308,0.410153,0.436245,0.045106
18140,73,39,0.057864,451,1.363589,0.474625,0.575634,0.043302
18140,8,20,0.029674,262,1.330218,0.442271,0.53177,0.060297
18140,13,20,0.029674,191,1.041794,0.573295,0.522198,0.062188
18140,42,20,0.029674,162,1.020198,0.432808,0.387369,0.046137
18140,90,19,0.02819,289,1.020168,0.406831,0.434565,0.045156
18140,11,17,0.025223,92,1.008407,0.408285,0.420233,0.054074
18140,53,17,0.025223,275,0.893934,0.496525,0.392192,0.05823
18140,2,16,0.023739,142,0.889148,0.482147,0.469693,0.05791
18160,73,39,0.057522,452,1.368963,0.471635,0.575943,0.042753
18160,8,20,0.029499,262,1.330218,0.442271,0.53177,0.060297
18160,13,20,0.029499,191,1.041794,0.573295,0.522198,0.062188
18160,42,19,0.028024,162,1.018053,0.437893,0.387752,0.046445
18160,90,19,0.028024,289,1.020168,0.406831,0.434565,0.045156
18160,11,17,0.025074,92,1.008407,0.408285,0.420233,0.054074
18160,2,16,0.023599,142,0.889148,0.482147,0.469693,0.05791
18160,53,16,0.023599,275,0.883539,0.50324,0.391596,0.059668
18180,73,40,0.05848,455,1.352406,0.471265,0.574863,0.042355
18180,8,22,0.032164,264,1.346786,0.443347,0.54007,0.061618
18180,13,21,0.030702,192,1.041067,0.585002,0.516683,0.06209
18180,42,18,0.026316,162,1.004872,0.437652,0.388551,0.046569
18180,90,17,0.024854,289,1.02513,0.403483,0.432857,0.045663
18180,11,16,0.023392,92,1.005429,0.41491,0.421629,0.054106
18180,53,16,0.023392,275,0.883539,0.50324,0.391596,0.059668
18180,99,15,0.02193,121,1.087322,0.284125,0.389797,0.054438
18200,73,40,0.057887,455,1.352406,0.471265,0.574863,0.042355
18200,8,22,0.031838,265,1.345092,0.443536,0.535538,0.061153
18200,13,21,0.030391,192,1.041067,0.585002,0.516683,0.06209
18200,42,19,0.027496,163,1.014666,0.434085,0.388266,0.046232
18200,90,17,0.024602,289,1.02513,0.403483,0.432857,0.045663
18200,11,16,0.023155,92,1.005429,0.41491,0.421629,0.054106
18200,53,16,0.023155,276,0.910024,0.482535,0.389,0.05784
18200,28,15,0.021708,164,0.949537,0.476637,0.381646,0.041658
18220,73,39,0.056034,455,1.358448,0.470769,0.578916,0.04207
18220,8,22,0.031609,266,1.340559,0.438292,0.533874,0.061331
18220,13,19,0.027299,192,1.042354,0.569082,0.528515,0.061631
18220,42,19,0.027299,163,1.014666,0.434085,0.388266,0.046232
18220,90,17,0.024425,289,1.02513,0.403483,0.432857,0.045663
18220,11,16,0.022989,92,1.005429,0.41491,0.421629,0.054106
18220,53,16,0.022989,276,0.910024,0.482535,0.389,0.05784
18220,28,15,0.021552,164,0.949537,0.476637,0.381646,0.041658
18240,73,38,0.055152,456,1.365676,0.472078,0.578717,0.041449
18240,8,21,0.030479,266,1.339195,0.436485,0.534994,0.06181
18240,13,20,0.029028,193,1.040759,0.575854,0.520977,0.061939
18240,42,19,0.027576,163,1.014666,0.434085,0.388266,0.046232
18240,53,17,0.024673,277,0.916406,0.474456,0.388098,0.056662
18240,90,15,0.021771,289,1.025751,0.404867,0.431709,0.045005
18240,2,14,0.020319,142,0.907189,0.477277,0.465152,0.057724
18240,11,14,0.020319,92,1.008916,0.421928,0.422527,0.053382
18260,73,39,0.057018,457,1.359055,0.474904,0.575265,0.041692
18260,8,22,0.032164,267,1.338896,0.431515,0.530928,0.06099
18260,13,19,0.027778,193,1.038534,0.580559,0.518452,0.060957
18260,42,19,0.027778,163,1.014666,0.434085,0.388266,0.046232
18260,53,16,0.023392,277,0.908165,0.479823,0.387857,0.057565
18260,2,15,0.02193,143,0.897877,0.481585,0.478725,0.057672
18260,11,14,0.020468,92,1.008916,0.421928,0.422527,0.053382
18260,25,14,0.020468,111,1.249605,0.420687,0.448153,0.070657
18280,73,39,0.057185,458,1.360732,0.472291,0.57596,0.041749
18280,8,20,0.029326,267,1.338439,0.441664,0.536675,0.061163
18280,13,19,0.027859,194,1.034201,0.581274,0.521665,0.060784
18280,42,18,0.026393,163,1.02304,0.43499,0.384574,0.046219
18280,2,16,0.02346,144,0.910975,0.475078,0.478014,0.056734
18280,53,16,0.02346,278,0.911762,0.478518,0.387075,0.05847
18280,28,15,0.021994,165,0.956596,0.477686,0.382476,0.040836
18280,11,14,0.020528,92,1.008916,0.421928,0.422527,0.053382
18300,73,39,0.056934,460,1.373552,0.468181,0.573675,0.041624
18300,8,21,0.030657,268,1.34667,0.443164,0.539773,0.061284
18300,13,19,0.027737,194,1.034201,0.581274,0.521665,0.060784
18300,42,18,0.026277,163,1.02304,0.43499,0.384574,0.046219
18300,2,16,0.023358,144,0.910975,0.475078,0.478014,0.056734
18300,28,15,0.021898,165,0.956596,0.477686,0.382476,0.040836
18300,53,15,0.021898,278,0.894208,0.4845,0.387767,0.060136
18300,90,15,0.021898,291,1.034683,0.404594,0.433337,0.044426
18320,73,40,0.05772,461,1.363898,0.471597,0.571355,0.042154
18320,8,21,0.030303,268,1.34667,0.443164,0.539773,0.061284
18320,13,19,0.027417,194,1.034201,0.581274,0.521665,0.060784
18320,42,18,0.025974,163,1.02304,0.43499,0.384574,0.046219
18320,2,17,0.024531,145,0.904568,0.478183,0.485684,0.056576
18320,53,16,0.023088,279,0.905908,0.479475,0.390193,0.058616
18320,28,15,0.021645,165,0.956596,0.477686,0.382476,0.040836
18320,90,15,0.021645,291,1.034683,0.404594,0.433337,0.044426
18340,73,38,0.0558,462,1.365177,0.468235,0.580206,0.040972
18340,8,21,0.030837,268,1.34667,0.443164,0.539773,0.061284
18340,13,19,0.0279,194,1.034201,0.581274,0.521665,0.060784
18340,2,17,0.024963,145,0.904568,0.478183,0.485684,0.056576
18340,42,17,0.024963,163,1.018114,0.433821,0.384751,0.046669
18340,53,16,0.023495,279,0.905908,0.479475,0.390193,0.058616
18340,28,15,0.022026,165,0.956596,0.477686,0.382476,0.040836
18340,90,15,0.022026,291,1.034683,0.404594,0.433337,0.044426
18360,73,37,0.054653,463,1.358174,0.474386,0.5717,0.041819
18360,8,21,0.031019,268,1.34667,0.443164,0.539773,0.061284
18360,13,18,0.026588,194,1.03553,0.582649,0.526869,0.060043
18360,2,17,0.025111,145,0.904568,0.478183,0.485684,0.056576
18360,42,17,0.025111,163,1.018114,0.433821,0.384751,0.046669
18360,53,16,0.023634,279,0.905908,0.479475,0.390193,0.058616
18360,79,15,0.022157,165,0.897184,0.368786,0.540093,0.084654
18360,90,15,0.022157,292,1.029872,0.408388,0.433303,0.044505
18380,73,36,0.053254,464,1.349734,0.482907,0.565777,0.043626
18380,8,19,0.028107,268,1.339283,0.442407,0.52919,0.060423
18380,13,19,0.028107,195,1.032364,0.600392,0.519523,0.060878
18380,2,17,0.025148,145,0.904568,0.478183,0.485684,0.056576
18380,42,17,0.025148,163,1.018114,0.433821,0.384751,0.046669
18380,53,16,0.023669,279,0.905908,0.479475,0.390193,0.058616
18380,91,16,0.023669,113,1.095143,0.39157,0.483441,0.047468
18380,7,15,0.022189,159,0.996349,0.31011,0.397537,0.043162
18400,73,34,0.050822,464,1.358369,0.48185,0.570335,0.042826
18400,13,20,0.029895,196,1.038784,0.595065,0.537007,0.059834
18400,8,19,0.028401,269,1.330105,0.432958,0.521679,0.059561
18400,42,17,0.025411,163,1.018114,0.433821,0.384751,0.046669
18400,2,16,0.023916,145,0.891442,0.482436,0.491507,0.056514
18400,53,16,0.023916,280,0.899769,0.478338,0.392929,0.058359
18400,91,16,0.023916,113,1.095143,0.39157,0.483441,0.047468
18400,7,15,0.022422,159,0.996349,0.31011,0.397537,0.043162
18420,73,36,0.053651,466,1.358793,0.481194,0.576261,0.041887
18420,13,20,0.029806,196,1.038784,0.595065,0.537007,0.059834
18420,8,19,0.028316,269,1.330105,0.432958,0.521679,0.059561
18420,53,18,0.026826,282,0.879252,0.49386,0.396875,0.060249
18420,42,17,0.025335,163,1.018114,0.433821,0.384751,0.046669
18420,2,16,0.023845,145,0.891442,0.482436,0.491507,0.056514
18420,91,16,0.023845,113,1.095143,0.39157,0.483441,0.047468
18420,90,15,0.022355,293,1.021796,0.406065,0.435367,0.04351
18440,73,36,0.053492,468,1.361775,0.479214,0.573868,0.042796
18440,8,21,0.031204,271,1.320974,0.438502,0.51882,0.058905
18440,13,20,0.029718,196,1.038784,0.595065,0.537007,0.059834
18440,53,18,0.026746,283,0.850706,0.501196,0.397064,0.062036
18440,42,17,0.02526,163,1.018114,0.433821,0.384751,0.046669
18440,2,16,0.023774,145,0.891442,0.482436,0.491507,0.056514
18440,90,16,0.023774,294,1.02389,0.401603,0.436073,0.042639
18440,91,16,0.023774,113,1.095143,0.39157,0.483441,0.047468
18460,73,36,0.053812,470,1.348883,0.490009,0.568534,0.044465
18460,8,21,0.03139,271,1.320974,0.438502,0.51882,0.058905
18460,13,20,0.029895,196,1.038784,0.595065,0.537007,0.059834
18460,42,18,0.026906,164,1.027201,0.43443,0.386644,0.046223
18460,53,18,0.026906,283,0.850706,0.501196,0.397064,0.062036
18460,2,16,0.023916,146,0.890257,0.481251,0.494211,0.056901
18460,90,16,0.023916,294,1.02389,0.401603,0.436073,0.042639
18460,34,15,0.022422,206,0.988625,0.400452,0.37421,0.077185
18480,73,36,0.053973,470,1.348883,0.490009,0.568534,0.044465
18480,8,22,0.032984,272,1.320493,0.432827,0.515502,0.058356
18480,13,21,0.031484,197,1.04255,0.594358,0.533376,0.060849
18480,53,19,0.028486,284,0.868856,0.496419,0.399644,0.060827
18480,42,18,0.026987,164,1.027201,0.43443,0.386644,0.046223
18480,2,16,0.023988,146,0.890257,0.481251,0.494211,0.056901
18480,34,16,0.023988,207,1.00397,0.401851,0.377809,0.076745
18480,91,15,0.022489,113,1.091252,0.391953,0.486256,0.046914
18500,73,36,0.053097,470,1.348883,0.490009,0.568534,0.044465
18500,8,23,0.033923,274,1.333149,0.439828,0.520281,0.058498
18500,13,21,0.030973,197,1.04255,0.594358,0.533376,0.060849
18500,53,19,0.028024,284,0.868856,0.496419,0.399644,0.060827
18500,42,18,0.026549,164,1.027201,0.43443,0.386644,0.046223
18500,2,17,0.025074,147,0.881965,0.485172,0.492636,0.057886
18500,34,16,0.023599,207,1.00397,0.401851,0.377809,0.076745
18500,90,15,0.022124,295,1.015276,0.40594,0.43655,0.043802
18520,73,36,0.052478,470,1.348883,0.490009,0.568534,0.044465
18520,8,23,0.033528,274,1.333149,0.439828,0.520281,0.058498
18520,13,21,0.030612,197,1.04255,0.594358,0.533376,0.060849
18520,42,18,0.026239,164,1.027201,0.43443,0.386644,0.046223
18520,53,18,0.026239,284,0.857048,0.501548,0.398147,0.062216
18520,2,16,0.023324,147,0.890315,0.481669,0.492349,0.057275
18520,34,16,0.023324,208,0.993625,0.409368,0.38267,0.080471
18520,79,16,0.023324,170,0.94602,0.372063,0.573653,0.081861
18540,73,36,0.052402,470,1.348883,0.490009,0.568534,0.044465
18540,8,21,0.030568,274,1.33385,0.440612,0.515305,0.057633
18540,13,21,0.030568,197,1.04255,0.594358,0.533376,0.060849
18540,42,19,0.027656,165,1.033371,0.437324,0.387085,0.046863
18540,53,18,0.026201,284,0.857048,0.501548,0.398147,0.062216
18540,2,17,0.024745,148,0.880125,0.490508,0.49367,0.057866
18540,34,16,0.02329,208,0.993625,0.409368,0.38267,0.080471
18540,79,16,0.02329,170,0.94602,0.372063,0.573653,0.081861
18560,73,37,0.053161,471,1.341436,0.492591,0.565465,0.044811
18560,8,21,0.030172,274,1.33385,0.440612,0.515305,0.057633
18560,13,21,0.030172,198,1.051222,0.588855,0.537061,0.061051
18560,42,19,0.027299,165,1.033371,0.437324,0.387085,0.046863
18560,2,18,0.025862,149,0.892595,0.485519,0.487637,0.057344
18560,53,17,0.024425,284,0.872942,0.502371,0.398908,0.061073
18560,25,15,0.021552,114,1.308081,0.440487,0.441341,0.069838
18560,34,15,0.021552,208,0.992131,0.411034,0.381359,0.081451
18580,73,37,0.053701,471,1.341436,0.492591,0.565465,0.044811
18580,8,21,0.030479,274,1.33385,0.440612,0.515305,0.057633
18580,13,20,0.029028,198,1.052456,0.577341,0.543596,0.061097
18580,42,19,0.027576,165,1.033371,0.437324,0.387085,0.046863
18580,2,18,0.026125,149,0.892595,0.485519,0.487637,0.057344
18580,53,16,0.023222,285,0.910744,0.481122,0.395395,0.058742
18580,11,14,0.020319,92,1.008916,0.421928,0.422527,0.053382
18580,28,14,0.020319,167,0.952219,0.492385,0.386051,0.039257
18600,73,38,0.054755,472,1.347336,0.492289,0.564364,0.045047
18600,8,21,0.030259,274,1.33385,0.440612,0.515305,0.057633
18600,13,21,0.030259,199,1.053755,0.569929,0.558107,0.060162
18600,2,19,0.027378,150,0.887599,0.486269,0.495664,0.057603
18600,42,19,0.027378,165,1.033371,0.437324,0.387085,0.046863
18600,53,16,0.023055,285,0.910744,0.481122,0.395395,0.058742
18600,90,16,0.023055,298,1.017501,0.395558,0.431972,0.041422
18600,79,15,0.021614,171,0.932376,0.371274,0.569932,0.081462
18620,73,38,0.055394,474,1.344167,0.487354,0.569615,0.043757
18620,2,19,0.027697,150,0.887599,0.486269,0.495664,0.057603
18620,13,19,0.027697,199,1.047044,0.570896,0.568804,0.058358
18620,42,19,0.027697,165,1.033371,0.437324,0.387085,0.046863
18620,8,18,0.026239,275,1.34026,0.450194,0.528677,0.058909
18620,53,16,0.023324,285,0.910744,0.481122,0.395395,0.058742
18620,11,15,0.021866,93,1.008971,0.4133,0.425462,0.054128
18620,79,15,0.021866,171,0.932376,0.371274,0.569932,0.081462
18640,73,37,0.054015,474,1.341718,0.48979,0.563695,0.044421
18640,13,20,0.029197,200,1.046421,0.56868,0.56109,0.05906
18640,2,19,0.027737,150,0.887599,0.486269,0.495664,0.057603
18640,42,19,0.027737,165,1.033371,0.437324,0.387085,0.046863
18640,8,17,0.024818,276,1.346538,0.437888,0.528685,0.057738
18640,11,16,0.023358,94,1.007239,0.404413,0.424532,0.053893
18640,53,16,0.023358,285,0.910744,0.481122,0.395395,0.058742
18640,34,15,0.021898,210,1.023825,0.403895,0.381899,0.077927
18660,73,39,0.056769,476,1.340035,0.48714,0.563351,0.044126
18660,2,19,0.027656,150,0.887599,0.486269,0.495664,0.057603
18660,13,18,0.026201,200,1.043895,0.577536,0.537,0.060964
18660,42,18,0.026201,165,1.029011,0.436251,0.385936,0.046714
18660,8,17,0.024745,276,1.346538,0.437888,0.528685,0.057738
18660,11,16,0.02329,94,1.007239,0.404413,0.424532,0.053893
18660,79,16,0.02329,173,0.936555,0.374486,0.5898,0.080686
18660,90,16,0.02329,300,1.029181,0.396187,0.431943,0.043562
18680,73,38,0.054519,478,1.349137,0.484517,0.565955,0.043635
18680,79,19,0.02726,177,0.952599,0.373436,0.605592,0.079753
18680,2,18,0.025825,150,0.88013,0.49092,0.499142,0.057849
18680,8,18,0.025825,277,1.348006,0.438222,0.535609,0.058866
18680,13,17,0.02439,200,1.03979,0.584784,0.515647,0.06237
18680,42,17,0.02439,165,1.035176,0.435919,0.387971,0.04714
18680,11,16,0.022956,94,1.007239,0.404413,0.424532,0.053893
18680,90,16,0.022956,301,1.034692,0.396135,0.433262,0.04417
18700,73,38,0.054755,479,1.354761,0.481176,0.570899,0.042851
18700,8,20,0.028818,279,1.341292,0.441996,0.535132,0.059355
18700,2,19,0.027378,151,0.872718,0.494709,0.499236,0.058041
18700,79,18,0.025937,177,0.946815,0.376838,0.605296,0.080526
18700,42,17,0.024496,165,1.035176,0.435919,0.387971,0.04714
18700,91,17,0.024496,117,1.098565,0.391277,0.485678,0.046129
18700,11,16,0.023055,94,1.007239,0.404413,0.424532,0.053893
18700,13,16,0.023055,200,1.039255,0.584769,0.524583,0.062237
18720,73,37,0.053701,479,1.361423,0.477636,0.572475,0.042402
18720,8,21,0.030479,280,1.332774,0.437553,0.532072,0.059313
18720,2,19,0.027576,151,0.872718,0.494709,0.499236,0.058041
18720,79,18,0.026125,177,0.946815,0.376838,0.605296,0.080526
18720,13,17,0.024673,201,1.029417,0.587175,0.521131,0.063788
18720,42,17,0.024673,165,1.035176,0.435919,0.387971,0.04714
18720,11,16,0.023222,94,1.007239,0.404413,0.424532,0.053893
18720,91,16,0.023222,117,1.10426,0.390296,0.486971,0.045454
18740,73,37,0.054015,479,1.361423,0.477636,0.572475,0.042402
18740,8,22,0.032117,281,1.332072,0.440271,0.530118,0.059249
18740,79,19,0.027737,179,0.926716,0.382167,0.598523,0.081288
18740,2,18,0.026277,151,0.880565,0.494474,0.497495,0.057788
18740,13,18,0.026277,203,1.031271,0.596775,0.5387,0.06202
18740,91,18,0.026277,119,1.10767,0.388257,0.488805,0.045157
18740,42,17,0.024818,165,1.035176,0.435919,0.387971,0.04714
18740,11,15,0.021898,94,1.007073,0.411873,0.421731,0.053181
18760,73,37,0.053936,479,1.361423,0.477636,0.572475,0.042402
18760,8,22,0.03207,281,1.332072,0.440271,0.530118,0.059249
18760,79,20,0.029155,180,0.931518,0.383054,0.60031,0.081733
18760,2,18,0.026239,151,0.880565,0.494474,0.497495,0.057788
18760,13,18,0.026239,203,1.031271,0.596775,0.5387,0.06202
18760,91,18,0.026239,119,1.10767,0.388257,0.488805,0.045157
18760,42,17,0.024781,165,1.035176,0.435919,0.387971,0.04714
18760,11,15,0.021866,94,1.007073,0.411873,0.421731,0.053181
18780,73,37,0.053623,479,1.361423,0.477636,0.572475,0.042402
18780,8,21,0.030435,281,1.322397,0.440701,0.526741,0.059459
18780,79,20,0.028986,180,0.931518,0.383054,0.60031,0.081733
18780,2,19,0.027536,152,0.889372,0.490249,0.494601,0.057215
18780,13,19,0.027536,204,1.03193,0.589522,0.538995,0.063174
18780,91,18,0.026087,120,1.109021,0.390017,0.488279,0.045617
18780,42,17,0.024638,165,1.035176,0.435919,0.387971,0.04714
18780,90,16,0.023188,302,1.030819,0.399506,0.433211,0.045201
18800,73,37,0.053546,481,1.373058,0.471777,0.571685,0.04137
18800,8,22,0.031838,282,1.310735,0.439325,0.525665,0.059723
18800,2,19,0.027496,152,0.889372,0.490249,0.494601,0.057215
18800,13,19,0.027496,205,1.042865,0.572221,0.540065,0.063658
18800,79,19,0.027496,180,0.937532,0.384188,0.612803,0.08169
18800,42,18,0.026049,166,1.046547,0.439153,0.390269,0.047187
18800,28,16,0.023155,170,0.988175,0.473061,0.37764,0.03997
18800,91,16,0.023155,120,1.1103,0.399386,0.488609,0.047463
18820,73,37,0.052933,482,1.357965,0.475676,0.570845,0.041197
18820,8,23,0.032904,284,1.317074,0.440197,0.52091,0.060809
18820,79,20,0.028612,181,0.942645,0.383536,0.609364,0.080344
18820,2,19,0.027182,152,0.889372,0.490249,0.494601,0.057215
18820,42,19,0.027182,167,1.042542,0.438871,0.390795,0.046822
18820,13,18,0.025751,205,1.040816,0.580583,0.522938,0.06489
18820,91,17,0.02432,121,1.10872,0.401126,0.488645,0.048542
18820,90,16,0.02289,304,1.03186,0.406502,0.43175,0.047993
18840,73,38,0.053597,484,1.354473,0.470699,0.568652,0.041011
18840,8,24,0.03385,285,1.316513,0.436258,0.517997,0.060764
18840,79,21,0.029619,182,0.940235,0.38231,0.613945,0.080292
18840,13,20,0.028209,207,1.052203,0.569906,0.54563,0.063304
18840,2,19,0.026798,153,0.905023,0.482704,0.491866,0.056625
18840,42,19,0.026798,167,1.042542,0.438871,0.390795,0.046822
18840,91,18,0.025388,122,1.112503,0.405458,0.488936,0.049024
18840,90,17,0.023977,305,1.03321,0.40857,0.433435,0.047661
18860,73,38,0.054286,485,1.353132,0.474144,0.566833,0.041357
18860,8,24,0.034286,286,1.312049,0.443698,0.52001,0.061471
18860,13,21,0.03,208,1.051307,0.565471,0.541825,0.064715
18860,79,21,0.03,182,0.940235,0.38231,0.613945,0.080292
18860,42,19,0.027143,167,1.042542,0.438871,0.390795,0.046822
18860,2,18,0.025714,153,0.910743,0.480195,0.485392,0.056769
18860,91,18,0.025714,122,1.112503,0.405458,0.488936,0.049024
18860,25,16,0.022857,120,1.287364,0.440943,0.438162,0.069083
18880,73,38,0.054363,486,1.357851,0.465912,0.564673,0.040275
18880,8,23,0.032904,287,1.313253,0.446377,0.531182,0.062626
18880,13,21,0.030043,209,1.059565,0.573981,0.543933,0.065814
18880,79,21,0.030043,182,0.940235,0.38231,0.613945,0.080292
18880,42,19,0.027182,167,1.042542,0.438871,0.390795,0.046822
18880,2,18,0.025751,153,0.910743,0.480195,0.485392,0.056769
18880,91,18,0.025751,122,1.112503,0.405458,0.488936,0.049024
18880,25,16,0.02289,120,1.287364,0.440943,0.438162,0.069083
18900,73,38,0.054054,487,1.371679,0.463419,0.564907,0.04016
18900,8,25,0.035562,289,1.309721,0.440934,0.526787,0.06242
18900,13,20,0.02845,209,1.053387,0.573128,0.550749,0.064849
18900,79,20,0.02845,182,0.943361,0.382381,0.611476,0.080089
18900,2,18,0.025605,153,0.910743,0.480195,0.485392,0.056769
18900,42,17,0.024182,167,1.025626,0.442581,0.389595,0.047697
18900,25,16,0.02276,120,1.287364,0.440943,0.438162,0.069083
18900,34,16,0.02276,216,1.060618,0.448205,0.395872,0.081489
18920,73,37,0.052557,488,1.362195,0.473091,0.563249,0.040969
18920,8,25,0.035511,289,1.309721,0.440934,0.526787,0.06242
18920,13,20,0.028409,209,1.053387,0.573128,0.550749,0.064849
18920,79,20,0.028409,183,0.936458,0.386611,0.626653,0.078764
18920,2,19,0.026989,154,0.914474,0.476941,0.480897,0.056254
18920,91,18,0.025568,124,1.108888,0.397026,0.491674,0.049032
18920,42,17,0.024148,167,1.025626,0.442581,0.389595,0.047697
18920,34,16,0.022727,216,1.060618,0.448205,0.395872,0.081489
18940,73,38,0.054131,489,1.365005,0.471467,0.56921,0.0404
18940,8,25,0.035613,291,1.30981,0.434911,0.519109,0.060577
18940,79,22,0.031339,185,0.928767,0.387163,0.632236,0.078071
18940,2,18,0.025641,154,0.907061,0.480426,0.48303,0.056774
18940,13,18,0.025641,210,1.063304,0.590792,0.573712,0.064309
18940,42,17,0.024217,167,1.025626,0.442581,0.389595,0.047697
18940,91,17,0.024217,124,1.103779,0.395606,0.491781,0.04846
18940,53,16,0.022792,290,0.889512,0.479942,0.392777,0.061999
18960,73,37,0.053468,490,1.374036,0.46518,0.574311,0.03869
18960,8,23,0.033237,291,1.311518,0.433115,0.519474,0.060666
18960,79,22,0.031792,186,0.903009,0.387675,0.618889,0.079021
18960,13,18,0.026012,210,1.063304,0.590792,0.573712,0.064309
18960,42,17,0.024566,167,1.025626,0.442581,0.389595,0.047697
18960,53,17,0.024566,291,0.897228,0.474036,0.394047,0.060288
18960,2,16,0.023121,154,0.882192,0.491844,0.490134,0.058175
18960,91,16,0.023121,124,1.113571,0.390416,0.492524,0.048519
18980,73,38,0.054441,492,1.369526,0.462965,0.5706,0.039411
18980,8,23,0.032951,291,1.311518,0.433115,0.519474,0.060666
18980,79,21,0.030086,186,0.897469,0.387717,0.620552,0.0795
18980,13,17,0.024355,210,1.06326,0.600682,0.555709,0.065951
18980,34,17,0.024355,218,1.065857,0.474847,0.387849,0.083436
18980,42,17,0.024355,167,1.025626,0.442581,0.389595,0.047697
18980,53,17,0.024355,291,0.897228,0.474036,0.394047,0.060288
18980,2,16,0.022923,154,0.882192,0.491844,0.490134,0.058175
19000,73,37,0.053085,492,1.367542,0.464871,0.569314,0.039872
19000,8,24,0.034433,292,1.306143,0.432664,0.527179,0.061031
19000,79,20,0.028694,187,0.909801,0.389084,0.620335,0.079458
19000,42,19,0.02726,169,1.040512,0.438781,0.388042,0.046722
19000,13,18,0.025825,211,1.071854,0.596401,0.567475,0.06484
19000,34,17,0.02439,218,1.065857,0.474847,0.387849,0.083436
19000,53,17,0.02439,291,0.897228,0.474036,0.394047,0.060288
19000,2,16,0.022956,154,0.882192,0.491844,0.490134,0.058175
19020,73,39,0.055714,494,1.362574,0.467831,0.564969,0.04058
19020,8,23,0.032857,292,1.316591,0.433631,0.528227,0.060847
19020,79,20,0.028571,188,0.902613,0.390368,0.622719,0.078699
19020,13,19,0.027143,212,1.064162,0.614294,0.557503,0.065345
19020,42,19,0.027143,169,1.040512,0.438781,0.388042,0.046722
19020,34,17,0.024286,219,1.078366,0.462813,0.383414,0.081026
19020,2,16,0.022857,154,0.882192,0.491844,0.490134,0.058175
19020,53,16,0.022857,291,0.895857,0.481313,0.392936,0.06128
19040,73,37,0.052933,494,1.371497,0.465832,0.565925,0.040873
19040,8,22,0.031474,293,1.314016,0.431368,0.530908,0.060374
19040,79,21,0.030043,190,0.884036,0.389565,0.609899,0.081371
19040,42,19,0.027182,169,1.040512,0.438781,0.388042,0.046722
19040,13,18,0.025751,212,1.057099,0.596963,0.565543,0.065221
19040,34,17,0.02432,219,1.078366,0.462813,0.383414,0.081026
19040,2,16,0.02289,154,0.882192,0.491844,0.490134,0.058175
19040,91,16,0.02289,125,1.112934,0.395363,0.493551,0.051025
19060,73,36,0.051136,494,1.372175,0.464661,0.566231,0.041108
19060,8,23,0.03267,295,1.308303,0.43459,0.531334,0.060182
19060,79,22,0.03125,192,0.867339,0.387077,0.598859,0.081967
19060,13,20,0.028409,214,1.049181,0.596992,0.569824,0.065774
19060,42,19,0.026989,170,1.049095,0.434692,0.385731,0.046865
19060,2,16,0.022727,154,0.882192,0.491844,0.490134,0.058175
19060,34,16,0.022727,219,1.057615,0.468389,0.379138,0.082254
19060,91,16,0.022727,125,1.112934,0.395363,0.493551,0.051025
19080,73,37,0.052557,495,1.375234,0.463429,0.567528,0.040784
19080,8,22,0.03125,295,1.305872,0.438275,0.534381,0.060608
19080,79,22,0.03125,192,0.867339,0.387077,0.598859,0.081967
19080,13,21,0.02983,215,1.053657,0.593649,0.564251,0.066125
19080,42,20,0.028409,171,1.054501,0.436552,0.386903,0.046334
19080,90,16,0.022727,312,1.048732,0.401701,0.430356,0.045595
19080,91,16,0.022727,125,1.112934,0.395363,0.493551,0.051025
19080,2,15,0.021307,154,0.891718,0.487105,0.489415,0.057954
19100,73,36,0.051724,495,1.369024,0.462668,0.570409,0.040446
19100,8,23,0.033046,296,1.318322,0.442925,0.535867,0.060728
19100,79,21,0.030172,192,0.871574,0.384496,0.600201,0.08158
19100,13,20,0.028736,216,1.048086,0.606775,0.549248,0.067804
19100,42,18,0.025862,171,1.046888,0.435849,0.386535,0.045914
19100,90,16,0.022989,312,1.048732,0.401701,0.430356,0.045595
19100,91,16,0.022989,125,1.112934,0.395363,0.493551,0.051025
19100,0,15,0.021552,246,1.000952,0.3511,0.390704,0.041291
19120,73,37,0.053237,497,1.381483,0.46276,0.559932,0.041906
19120,8,24,0.034532,297,1.320692,0.442665,0.537993,0.060949
19120,79,21,0.030216,192,0.871574,0.384496,0.600201,0.08158
19120,13,19,0.027338,216,1.041369,0.611829,0.556355,0.067442
19120,42,18,0.025899,171,1.046888,0.435849,0.386535,0.045914
19120,2,16,0.023022,155,0.904265,0.480758,0.486251,0.056745
19120,53,16,0.023022,294,0.883449,0.498199,0.398868,0.061256
19120,90,16,0.023022,312,1.048732,0.401701,0.430356,0.045595
19140,73,39,0.055874,499,1.381508,0.467705,0.559729,0.042113
19140,8,24,0.034384,297,1.320692,0.442665,0.537993,0.060949
19140,13,21,0.030086,218,1.042146,0.604202,0.565114,0.067604
19140,79,21,0.030086,192,0.871574,0.384496,0.600201,0.08158
19140,42,18,0.025788,171,1.046888,0.435849,0.386535,0.045914
19140,91,17,0.024355,126,1.107207,0.400656,0.493011,0.050971
19140,2,16,0.022923,155,0.904265,0.480758,0.486251,0.056745
19140,53,16,0.022923,294,0.883449,0.498199,0.398868,0.061256
19160,73,38,0.053672,499,1.379243,0.468228,0.558709,0.04222
19160,8,25,0.035311,298,1.319243,0.443221,0.536947,0.06071
19160,13,22,0.031073,219,1.044561,0.596024,0.579228,0.066105
19160,79,21,0.029661,192,0.871574,0.384496,0.600201,0.08158
19160,42,19,0.026836,172,1.043924,0.43585,0.385068,0.045563
19160,2,17,0.024011,156,0.892996,0.489708,0.485867,0.057542
19160,91,17,0.024011,126,1.107207,0.400656,0.493011,0.050971
19160,53,16,0.022599,294,0.883449,0.498199,0.398868,0.061256
19180,73,40,0.05618,501,1.377187,0.468246,0.564418,0.041262
19180,8,25,0.035112,300,1.317867,0.436214,0.534707,0.060747
19180,13,23,0.032303,220,1.034517,0.612321,0.570343,0.065689
19180,79,21,0.029494,192,0.871574,0.384496,0.600201,0.08158
19180,2,17,0.023876,156,0.892996,0.489708,0.485867,0.057542
19180,42,17,0.023876,172,1.027734,0.433125,0.384305,0.045298
19180,91,17,0.023876,126,1.107207,0.400656,0.493011,0.050971
19180,53,16,0.022472,294,0.883449,0.498199,0.398868,0.061256
19200,73,44,0.062589,505,1.376043,0.470014,0.564869,0.042009
19200,8,25,0.035562,301,1.313702,0.430844,0.522429,0.060129
19200,13,23,0.032717,220,1.034517,0.612321,0.570343,0.065689
19200,79,21,0.029872,193,0.861953,0.387234,0.599161,0.081558
19200,2,18,0.025605,157,0.904621,0.482323,0.483433,0.056771
19200,42,17,0.024182,172,1.027734,0.433125,0.384305,0.045298
19200,91,17,0.024182,126,1.107207,0.400656,0.493011,0.050971
19200,53,16,0.02276,294,0.883449,0.498199,0.398868,0.061256
19220,73,43,0.059889,507,1.374198,0.467008,0.565925,0.042046
19220,8,25,0.034819,301,1.313702,0.430844,0.522429,0.060129
19220,13,24,0.033426,221,1.03399,0.608417,0.564682,0.065946
19220,79,23,0.032033,195,0.856998,0.394911,0.598547,0.081736
19220,2,18,0.02507,157,0.904621,0.482323,0.483433,0.056771
19220,34,17,0.023677,224,1.037386,0.458946,0.374342,0.081545
19220,42,17,0.023677,172,1.027734,0.433125,0.384305,0.045298
19220,91,17,0.023677,126,1.107207,0.400656,0.493011,0.050971
19240,73,42,0.059155,507,1.372141,0.468335,0.564239,0.042418
19240,8,25,0.035211,302,1.325122,0.436428,0.524711,0.060694
19240,13,23,0.032394,221,1.029243,0.611967,0.569548,0.065633
19240,79,23,0.032394,195,0.856998,0.394911,0.598547,0.081736
19240,2,18,0.025352,157,0.904621,0.482323,0.483433,0.056771
19240,34,17,0.023944,224,1.037386,0.458946,0.374342,0.081545
19240,42,17,0.023944,172,1.027734,0.433125,0.384305,0.045298
19240,91,17,0.023944,126,1.107207,0.400656,0.493011,0.050971
19260,73,41,0.05791,507,1.378152,0.466022,0.567196,0.042279
19260,79,24,0.033898,196,0.861911,0.391761,0.605983,0.081148
19260,8,23,0.032486,302,1.331069,0.437867,0.527866,0.061977
19260,13,22,0.031073,221,1.03639,0.611344,0.574259,0.064588
19260,2,18,0.025424,158,0.902815,0.483397,0.482462,0.057165
19260,34,17,0.024011,224,1.037386,0.458946,0.374342,0.081545
19260,42,17,0.024011,172,1.027734,0.433125,0.384305,0.045298
19260,91,17,0.024011,126,1.107207,0.400656,0.493011,0.050971
19280,73,41,0.057263,507,1.378152,0.466022,0.567196,0.042279
19280,8,24,0.03352,303,1.328399,0.439463,0.527405,0.061567
19280,13,24,0.03352,223,1.042705,0.602281,0.581632,0.06386
19280,79,24,0.03352,196,0.861911,0.391761,0.605983,0.081148
19280,2,19,0.026536,159,0.89949,0.486097,0.489529,0.057748
19280,34,18,0.02514,225,1.040261,0.455846,0.372684,0.081346
19280,42,17,0.023743,172,1.027734,0.433125,0.384305,0.045298
19280,91,17,0.023743,126,1.107207,0.400656,0.493011,0.050971
19300,73,40,0.056022,507,1.36956,0.467095,0.569389,0.041822
19300,8,26,0.036415,305,1.323282,0.438814,0.520307,0.061171
19300,79,24,0.033613,197,0.86089,0.393867,0.608217,0.081211
19300,13,23,0.032213,223,1.04206,0.603001,0.587849,0.063467
19300,2,19,0.026611,159,0.89949,0.486097,0.489529,0.057748
19300,34,18,0.02521,225,1.040261,0.455846,0.372684,0.081346
19300,42,17,0.02381,172,1.027734,0.433125,0.384305,0.045298
19300,91,16,0.022409,126,1.105967,0.400256,0.491088,0.050397
19320,73,41,0.057584,508,1.367399,0.465615,0.570435,0.041365
19320,79,25,0.035112,198,0.869239,0.392943,0.610897,0.080979
19320,8,24,0.033708,305,1.31946,0.437518,0.519648,0.061326
19320,13,21,0.029494,223,1.032975,0.613396,0.571356,0.064709
19320,2,18,0.025281,159,0.888226,0.493281,0.492166,0.05853
19320,42,18,0.025281,173,1.035916,0.436021,0.385829,0.045658
19320,34,17,0.023876,225,1.040456,0.44051,0.371918,0.080066
19320,91,16,0.022472,126,1.105967,0.400256,0.491088,0.050397
19340,73,40,0.056338,508,1.372294,0.468789,0.571584,0.041394
19340,79,25,0.035211,198,0.869239,0.392943,0.610897,0.080979
19340,8,22,0.030986,305,1.317028,0.440003,0.514376,0.06052
19340,13,20,0.028169,223,1.042117,0.612262,0.570025,0.06466
19340,2,19,0.026761,160,0.901789,0.488008,0.488563,0.058001
19340,42,18,0.025352,173,1.035916,0.436021,0.385829,0.045658
19340,3,16,0.022535,241,1.105022,0.32359,0.390109,0.043744
19340,28,16,0.022535,174,0.955741,0.485751,0.383805,0.040304
19360,73,39,0.05493,510,1.369778,0.465984,0.570055,0.040827
19360,79,24,0.033803,198,0.872793,0.392018,0.607951,0.081583
19360,13,21,0.029577,224,1.046287,0.616897,0.56243,0.06502
19360,8,20,0.028169,305,1.30962,0.433683,0.516651,0.060543
19360,2,19,0.026761,160,0.901789,0.488008,0.488563,0.058001
19360,42,18,0.025352,173,1.035916,0.436021,0.385829,0.045658
19360,3,16,0.022535,241,1.105022,0.32359,0.390109,0.043744
19360,91,16,0.022535,126,1.105967,0.400256,0.491088,0.050397
19380,73,38,0.053371,511,1.361182,0.465413,0.562921,0.041157
19380,79,24,0.033708,198,0.872793,0.392018,0.607951,0.081583
19380,13,21,0.029494,224,1.046287,0.616897,0.56243,0.06502
19380,2,20,0.02809,161,0.89476,0.492122,0.486741,0.058584
19380,8,20,0.02809,305,1.30962,0.433683,0.516651,0.060543
19380,42,18,0.025281,173,1.035916,0.436021,0.385829,0.045658
19380,3,16,0.022472,241,1.105022,0.32359,0.390109,0.043744
19380,91,16,0.022472,126,1.105967,0.400256,0.491088,0.050397
19400,73,39,0.054852,512,1.363493,0.462421,0.561185,0.041432
19400,79,23,0.032349,198,0.876741,0.392081,0.605101,0.082152
19400,13,22,0.030942,225,1.04921,0.608612,0.576951,0.064178
19400,8,21,0.029536,307,1.329671,0.440307,0.503791,0.060595
19400,2,20,0.028129,161,0.89476,0.492122,0.486741,0.058584
19400,42,18,0.025316,174,1.038517,0.43936,0.386842,0.046918
19400,3,17,0.02391,242,1.097656,0.321427,0.390313,0.044632
19400,28,16,0.022504,176,0.969604,0.481152,0.380149,0.03944
19420,73,38,0.053371,513,1.367845,0.464108,0.56457,0.0413
19420,79,23,0.032303,198,0.876741,0.392081,0.605101,0.082152
19420,8,22,0.030899,309,1.327406,0.449607,0.50467,0.061492
19420,13,22,0.030899,225,1.04921,0.608612,0.576951,0.064178
19420,2,20,0.02809,162,0.898717,0.491512,0.490402,0.058424
19420,42,18,0.025281,174,1.038517,0.43936,0.386842,0.046918
19420,28,17,0.023876,177,0.964974,0.486882,0.381119,0.039128
19420,3,16,0.022472,242,1.09218,0.321243,0.390778,0.044661
19440,73,36,0.050776,513,1.373689,0.457269,0.569253,0.040262
19440,79,23,0.03244,198,0.876741,0.392081,0.605101,0.082152
19440,8,21,0.029619,309,1.333828,0.447422,0.507179,0.061046
19440,13,21,0.029619,225,1.047017,0.617389,0.562729,0.065585
19440,2,19,0.026798,162,0.890231,0.496071,0.494038,0.059094
19440,42,18,0.025388,174,1.038517,0.43936,0.386842,0.046918
19440,28,17,0.023977,177,0.964974,0.486882,0.381119,0.039128
19440,3,15,0.021157,242,1.092067,0.321383,0.390547,0.04453
19460,73,37,0.05226,514,1.365139,0.459583,0.566019,0.040754
19460,8,22,0.031073,310,1.335617,0.446964,0.507353,0.060643
19460,79,21,0.029661,198,0.876872,0.395438,0.607587,0.082285
19460,13,19,0.026836,225,1.045899,0.631011,0.564394,0.064578
19460,2,18,0.025424,162,0.891731,0.494952,0.493509,0.059624
19460,42,18,0.025424,174,1.038517,0.43936,0.386842,0.046918
19460,28,17,0.024011,177,0.964974,0.486882,0.381119,0.039128
19460,53,16,0.022599,299,0.855621,0.507853,0.39158,0.064507
19480,73,36,0.050209,514,1.363458,0.461584,0.561873,0.041407
19480,8,23,0.032078,311,1.349966,0.446249,0.512126,0.061723
19480,79,20,0.027894,198,0.883552,0.397179,0.615055,0.08135
19480,13,19,0.026499,225,1.045899,0.631011,0.564394,0.064578
19480,2,18,0.025105,162,0.891731,0.494952,0.493509,0.059624
19480,42,18,0.025105,174,1.038517,0.43936,0.386842,0.046918
19480,3,17,0.02371,245,1.096981,0.319947,0.398524,0.044084
19480,28,17,0.02371,177,0.964974,0.486882,0.381119,0.039128
19500,73,38,0.053597,516,1.362471,0.460873,0.559756,0.041624
19500,8,21,0.029619,311,1.344111,0.447811,0.513841,0.062379
19500,13,20,0.028209,226,1.046125,0.625532,0.564409,0.064771
19500,79,20,0.028209,198,0.883552,0.397179,0.615055,0.08135
19500,42,18,0.025388,174,1.038517,0.43936,0.386842,0.046918
19500,2,17,0.023977,162,0.876779,0.500944,0.497615,0.06028
19500,3,17,0.023977,245,1.096981,0.319947,0.398524,0.044084
19500,91,16,0.022567,127,1.110485,0.408088,0.48814,0.050363
19520,73,37,0.051966,517,1.367403,0.468016,0.556352,0.042521
19520,8,22,0.030899,312,1.340159,0.446635,0.515311,0.062913
19520,13,21,0.029494,227,1.052674,0.620605,0.57462,0.064095
19520,79,20,0.02809,199,0.879139,0.4007,0.609914,0.083058
19520,42,18,0.025281,174,1.038517,0.43936,0.386842,0.046918
19520,3,17,0.023876,246,1.097999,0.320073,0.394316,0.044015
19520,2,16,0.022472,162,0.878765,0.500492,0.491821,0.060363
19520,90,16,0.022472,321,1.069283,0.398937,0.437079,0.048638
19540,73,37,0.052113,520,1.370304,0.467331,0.558092,0.041862
19540,8,23,0.032394,313,1.330502,0.44274,0.512085,0.062535
19540,13,23,0.032394,230,1.058245,0.593769,0.596482,0.062568
19540,79,21,0.029577,200,0.907351,0.401917,0.606867,0.083211
19540,42,18,0.025352,174,1.038517,0.43936,0.386842,0.046918
19540,2,16,0.022535,162,0.878765,0.500492,0.491821,0.060363
19540,3,16,0.022535,246,1.102515,0.3205,0.396364,0.043776
19540,90,16,0.022535,322,1.072829,0.399056,0.435844,0.049217
19560,73,37,0.052334,521,1.370429,0.466327,0.556933,0.041723
19560,8,22,0.031117,313,1.331591,0.441246,0.514434,0.062787
19560,13,22,0.031117,230,1.056583,0.600384,0.582685,0.06371
19560,79,21,0.029703,200,0.907351,0.401917,0.606867,0.083211
19560,42,18,0.02546,174,1.038517,0.43936,0.386842,0.046918
19560,2,17,0.024045,163,0.888462,0.498057,0.491352,0.060266
19560,3,17,0.024045,247,1.103833,0.321721,0.395092,0.043375
19560,90,16,0.022631,322,1.072829,0.399056,0.435844,0.049217
19580,73,37,0.05226,521,1.370429,0.466327,0.556933,0.041723
19580,8,22,0.031073,314,1.326815,0.436368,0.516382,0.062903
19580,13,22,0.031073,230,1.056583,0.600384,0.582685,0.06371
19580,79,20,0.028249,200,0.914905,0.398508,0.610524,0.082961
19580,42,18,0.025424,174,1.038517,0.43936,0.386842,0.046918
19580,2,17,0.024011,163,0.888462,0.498057,0.491352,0.060266
19580,3,16,0.022599,247,1.111586,0.323904,0.395187,0.042409
19580,91,16,0.022599,127,1.110485,0.408088,0.48814,0.050363
19600,73,38,0.053748,522,1.369131,0.464075,0.556221,0.04181
19600,13,22,0.031117,230,1.056583,0.600384,0.582685,0.06371
19600,8,20,0.028289,314,1.327488,0.434329,0.51663,0.063979
19600,79,20,0.028289,201,0.916347,0.399242,0.595829,0.084112
19600,42,18,0.02546,174,1.038517,0.43936,0.386842,0.046918
19600,2,17,0.024045,163,0.888462,0.498057,0.491352,0.060266
19600,3,16,0.022631,247,1.111586,0.323904,0.395187,0.042409
19600,34,16,0.022631,230,1.015706,0.459591,0.392896,0.08455
19620,73,39,0.054775,523,1.3712,0.463138,0.559172,0.041434
19620,13,23,0.032303,232,1.062824,0.601937,0.589304,0.063486
19620,79,22,0.030899,203,0.925627,0.399679,0.595084,0.083646
19620,8,20,0.02809,314,1.327488,0.434329,0.51663,0.063979
19620,42,17,0.023876,174,1.033993,0.442596,0.388329,0.047347
19620,2,16,0.022472,163,0.882639,0.503038,0.497062,0.061096
19620,3,16,0.022472,247,1.111586,0.323904,0.395187,0.042409
19620,34,16,0.022472,230,1.015706,0.459591,0.392896,0.08455
19640,73,41,0.057992,526,1.363251,0.465575,0.557742,0.040924
19640,13,22,0.031117,232,1.058373,0.60685,0.576581,0.064553
19640,79,22,0.031117,203,0.925627,0.399679,0.595084,0.083646
19640,8,21,0.029703,316,1.305393,0.431459,0.522848,0.062813
19640,2,16,0.022631,163,0.882639,0.503038,0.497062,0.061096
19640,11,16,0.022631,98,1.017249,0.441209,0.421396,0.05431
19640,42,16,0.022631,174,1.025701,0.441281,0.388612,0.047869
19640,91,16,0.022631,127,1.110485,0.408088,0.48814,0.050363
19660,73,41,0.058156,527,1.363141,0.464618,0.55886,0.04101
19660,13,23,0.032624,233,1.059711,0.598487,0.590643,0.063285
19660,8,21,0.029787,316,1.305393,0.431459,0.522848,0.062813
19660,79,21,0.029787,203,0.910199,0.400224,0.597549,0.083747
19660,2,16,0.022695,163,0.882639,0.503038,0.497062,0.061096
19660,7,16,0.022695,186,0.966782,0.319526,0.397153,0.040959
19660,11,16,0.022695,98,1.017249,0.441209,0.421396,0.05431
19660,42,16,0.022695,174,1.025701,0.441281,0.388612,0.047869
19680,73,40,0.056338,527,1.363886,0.466568,0.55663,0.041503
19680,13,23,0.032394,233,1.059711,0.598487,0.590643,0.063285
19680,8,22,0.030986,318,1.317693,0.437786,0.52426,0.061882
19680,79,22,0.030986,204,0.902907,0.400064,0.599211,0.083747
19680,7,17,0.023944,187,0.969514,0.316809,0.396781,0.041843
19680,42,17,0.023944,175,1.023331,0.441141,0.387235,0.047346
19680,2,16,0.022535,163,0.882639,0.503038,0.497062,0.061096
19680,11,16,0.022535,98,1.017249,0.441209,0.421396,0.05431
19700,73,40,0.05571,527,1.363886,0.466568,0.55663,0.041503
19700,13,25,0.034819,235,1.061681,0.5927,0.600305,0.063948
19700,79,23,0.032033,205,0.895055,0.399702,0.591329,0.084055
19700,8,22,0.030641,318,1.317693,0.437786,0.52426,0.061882
19700,42,18,0.02507,176,1.016449,0.440437,0.387244,0.047139
19700,7,17,0.023677,187,0.969514,0.316809,0.396781,0.041843
19700,11,17,0.023677,99,1.021935,0.432637,0.422876,0.054967
19700,2,16,0.022284,163,0.882639,0.503038,0.497062,0.061096
19720,73,38,0.053296,528,1.358592,0.462605,0.561634,0.040508
19720,13,24,0.033661,235,1.058847,0.587829,0.608212,0.063604
19720,8,23,0.032258,319,1.330837,0.435297,0.530129,0.062298
19720,79,22,0.030856,205,0.895192,0.401607,0.586137,0.084274
19720,42,20,0.02805,178,1.017949,0.437802,0.386274,0.047534
19720,11,17,0.023843,99,1.021935,0.432637,0.422876,0.054967
19720,34,17,0.023843,234,1.040393,0.474349,0.390321,0.081816
19720,2,16,0.02244,163,0.882639,0.503038,0.497062,0.061096
19740,73,40,0.055788,530,1.349458,0.466244,0.55971,0.04049
19740,13,25,0.034868,237,1.060617,0.585949,0.607976,0.062353
19740,8,24,0.033473,320,1.325595,0.433856,0.525591,0.061957
19740,79,23,0.032078,206,0.894395,0.402927,0.588194,0.083625
19740,42,19,0.026499,178,1.011866,0.442104,0.387847,0.047774
19740,2,18,0.025105,165,0.881917,0.508189,0.491859,0.060738
19740,11,17,0.02371,99,1.021935,0.432637,0.422876,0.054967
19740,34,17,0.02371,234,1.040393,0.474349,0.390321,0.081816
19760,73,38,0.053296,530,1.349603,0.46565,0.558313,0.041241
19760,8,25,0.035063,321,1.327722,0.434214,0.528673,0.062234
19760,13,25,0.035063,238,1.05128,0.589313,0.598495,0.064008
19760,79,23,0.032258,206,0.894395,0.402927,0.588194,0.083625
19760,42,19,0.026648,178,1.011866,0.442104,0.387847,0.047774
19760,2,17,0.023843,165,0.891717,0.505644,0.493019,0.060522
19760,7,16,0.02244,189,0.953724,0.31524,0.398171,0.042429
19760,11,16,0.02244,99,1.023694,0.433835,0.424488,0.054968
19780,73,40,0.055021,532,1.351442,0.464973,0.558358,0.041262
19780,8,25,0.034388,321,1.327722,0.434214,0.528673,0.062234
19780,13,25,0.034388,239,1.049501,0.586205,0.589704,0.064445
19780,79,23,0.031637,208,0.873587,0.403053,0.582023,0.08439
19780,42,20,0.02751,179,1.016919,0.440952,0.386493,0.048011
19780,3,17,0.023384,253,1.101288,0.322884,0.391063,0.043032
19780,7,17,0.023384,190,0.956631,0.313987,0.397004,0.043292
19780,2,16,0.022008,165,0.899874,0.501603,0.495576,0.05995
19800,73,37,0.051034,532,1.354852,0.470529,0.559581,0.041078
19800,8,26,0.035862,322,1.32606,0.436769,0.524479,0.061839
19800,13,25,0.034483,239,1.049501,0.586205,0.589704,0.064445
19800,79,23,0.031724,208,0.873587,0.403053,0.582023,0.08439
19800,42,20,0.027586,179,1.016919,0.440952,0.386493,0.048011
19800,2,18,0.024828,167,0.876868,0.509954,0.497659,0.060276
19800,3,18,0.024828,254,1.099389,0.321557,0.389827,0.043532
19800,7,18,0.024828,191,0.955384,0.311942,0.397604,0.042921
19820,73,38,0.051984,533,1.346308,0.475013,0.559739,0.041601
19820,8,27,0.036936,323,1.326287,0.438156,0.522523,0.061733
19820,13,25,0.0342,240,1.051637,0.596112,0.58261,0.064266
19820,79,25,0.0342,210,0.865473,0.400663,0.58316,0.084832
19820,42,20,0.02736,179,1.016919,0.440952,0.386493,0.048011
19820,2,19,0.025992,168,0.883965,0.505399,0.494791,0.059679
19820,3,18,0.024624,254,1.099389,0.321557,0.389827,0.043532
19820,7,16,0.021888,191,0.955249,0.312987,0.397656,0.042523
19840,73,37,0.050409,533,1.339106,0.477172,0.562755,0.040914
19840,8,26,0.035422,323,1.327941,0.438804,0.519208,0.061574
19840,13,25,0.03406,241,1.049502,0.601828,0.568698,0.065419
19840,79,24,0.032698,210,0.871438,0.401036,0.590044,0.084583
19840,42,22,0.029973,181,1.029192,0.438812,0.387658,0.048053
19840,2,19,0.025886,168,0.883965,0.505399,0.494791,0.059679
19840,3,18,0.024523,254,1.099389,0.321557,0.389827,0.043532
19840,7,17,0.023161,192,0.949824,0.314694,0.399136,0.042401
19860,73,36,0.049113,534,1.339378,0.477352,0.564858,0.040536
19860,13,28,0.038199,244,1.054283,0.596768,0.570453,0.065427
19860,8,27,0.036835,324,1.329123,0.436581,0.514621,0.061436
19860,79,26,0.035471,212,0.879496,0.402058,0.595935,0.084397
19860,42,21,0.028649,181,1.031276,0.438807,0.388728,0.048485
19860,2,19,0.025921,168,0.883965,0.505399,0.494791,0.059679
19860,7,18,0.024557,193,0.96059,0.312571,0.40157,0.042589
19860,3,17,0.023192,254,1.098428,0.321575,0.387442,0.043539
19880,73,36,0.04918,535,1.337875,0.477609,0.561732,0.04056
19880,13,30,0.040984,247,1.050446,0.611257,0.559148,0.065187
19880,79,26,0.035519,213,0.873711,0.405346,0.58273,0.085831
19880,8,24,0.032787,324,1.343904,0.438283,0.519314,0.061364
19880,2,20,0.027322,169,0.881243,0.50556,0.502948,0.059976
19880,42,20,0.027322,181,1.037867,0.439325,0.388794,0.048729
19880,7,18,0.02459,193,0.96059,0.312571,0.40157,0.042589
19880,25,17,0.023224,132,1.315959,0.448998,0.447003,0.070389
19900,73,36,0.04898,537,1.341138,0.477267,0.555594,0.041358
19900,13,30,0.040816,247,1.050446,0.611257,0.559148,0.065187
19900,79,27,0.036735,214,0.87712,0.403384,0.58797,0.085241
19900,8,23,0.031293,324,1.342388,0.438087,0.515692,0.061037
19900,2,19,0.02585,169,0.872804,0.509778,0.506896,0.06062
19900,42,19,0.02585,182,1.03247,0.442086,0.389836,0.048419
19900,7,18,0.02449,193,0.96059,0.312571,0.40157,0.042589
19900,25,17,0.023129,132,1.315959,0.448998,0.447003,0.070389
19920,73,37,0.050546,538,1.341409,0.476481,0.554756,0.041963
19920,13,29,0.039617,247,1.048372,0.617348,0.548019,0.065832
19920,79,26,0.035519,215,0.898073,0.399904,0.600588,0.08417
19920,8,20,0.027322,326,1.327816,0.434048,0.507908,0.060744
19920,2,19,0.025956,169,0.872804,0.509778,0.506896,0.06062
19920,42,19,0.025956,182,1.03247,0.442086,0.389836,0.048419
19920,25,17,0.023224,132,1.315959,0.448998,0.447003,0.070389
19920,34,17,0.023224,237,1.013329,0.448302,0.385371,0.083953
19940,73,37,0.050616,538,1.341409,0.476481,0.554756,0.041963
19940,13,29,0.039672,249,1.035412,0.618109,0.540517,0.067712
19940,79,24,0.032832,215,0.910359,0.397142,0.595074,0.085261
19940,8,22,0.030096,329,1.324785,0.445732,0.502748,0.060573
19940,2,19,0.025992,169,0.872804,0.509778,0.506896,0.06062
19940,42,18,0.024624,182,1.022939,0.437092,0.387749,0.047835
19940,25,17,0.023256,132,1.315959,0.448998,0.447003,0.070389
19940,7,16,0.021888,195,0.967243,0.314407,0.406454,0.040797
19960,73,36,0.049587,539,1.352292,0.474947,0.555709,0.042675
19960,13,31,0.0427,251,1.034751,0.621513,0.537647,0.067954
19960,79,25,0.034435,216,0.903758,0.397546,0.59286,0.085335
19960,8,21,0.028926,329,1.329077,0.451143,0.502486,0.061455
19960,2,19,0.026171,169,0.872804,0.509778,0.506896,0.06062
19960,42,18,0.024793,182,1.022939,0.437092,0.387749,0.047835
19960,7,16,0.022039,195,0.967243,0.314407,0.406454,0.040797
19960,25,16,0.022039,132,1.319833,0.447329,0.44508,0.069999
19980,73,37,0.051389,540,1.35795,0.47387,0.557359,0.043069
19980,13,30,0.041667,251,1.032938,0.628413,0.525569,0.069039
19980,79,24,0.033333,216,0.907592,0.396245,0.590219,0.085381
19980,8,23,0.031944,331,1.342447,0.448987,0.502391,0.061675
19980,2,20,0.027778,170,0.866031,0.514495,0.507197,0.060984
19980,42,18,0.025,183,1.035867,0.440383,0.388358,0.048124
19980,25,16,0.022222,132,1.319833,0.447329,0.44508,0.069999
19980,34,16,0.022222,237,1.01904,0.456283,0.390079,0.084879
20000,73,39,0.053425,542,1.37035,0.473496,0.561309,0.043013
20000,13,29,0.039726,251,1.033003,0.620747,0.530824,0.069314
20000,79,23,0.031507,216,0.898799,0.398732,0.585729,0.085798
20000,8,22,0.030137,332,1.348549,0.452013,0.490409,0.060993
20000,2,20,0.027397,170,0.866031,0.514495,0.507197,0.060984
20000,42,18,0.024658,183,1.035867,0.440383,0.388358,0.048124
20000,25,16,0.021918,132,1.319833,0.447329,0.44508,0.069999
20000,34,16,0.021918,238,1.006265,0.50993,0.385985,0.087456
20020,73,39,0.053134,542,1.37035,0.473496,0.561309,0.043013
20020,13,31,0.042234,254,1.0357,0.61173,0.535003,0.069687
20020,8,22,0.029973,332,1.348549,0.452013,0.490409,0.060993
20020,79,21,0.02861,216,0.874891,0.399024,0.596928,0.085607
20020,2,18,0.024523,170,0.842226,0.52777,0.512851,0.062226
20020,42,17,0.023161,183,1.03544,0.444291,0.388393,0.04803
20020,7,16,0.021798,198,0.969627,0.311677,0.404021,0.042182
20020,25,16,0.021798,132,1.319833,0.447329,0.44508,0.069999
20040,73,40,0.054645,543,1.369404,0.472037,0.562495,0.042433
20040,13,32,0.043716,256,1.041803,0.60727,0.546435,0.068653
20040,79,22,0.030055,217,0.87211,0.397581,0.590187,0.086262
20040,8,21,0.028689,332,1.349329,0.450956,0.491302,0.06109
20040,34,19,0.025956,241,1.026699,0.485395,0.381097,0.083823
20040,2,18,0.02459,170,0.842226,0.52777,0.512851,0.062226
20040,42,17,0.023224,183,1.03544,0.444291,0.388393,0.04803
20040,90,17,0.023224,335,1.041871,0.412674,0.437307,0.047087
20060,73,39,0.053867,544,1.378683,0.468094,0.565245,0.042541
20060,13,30,0.041436,256,1.042321,0.603896,0.550534,0.068063
20060,79,22,0.030387,217,0.87211,0.397581,0.590187,0.086262
20060,8,21,0.029006,332,1.349329,0.450956,0.491302,0.06109
20060,2,18,0.024862,170,0.842226,0.52777,0.512851,0.062226
20060,34,18,0.024862,241,1.029161,0.489043,0.382699,0.081277
20060,42,18,0.024862,184,1.045186,0.446194,0.3914,0.047648
20060,90,17,0.023481,336,1.041519,0.412486,0.438947,0.046663
20080,73,40,0.055633,545,1.372317,0.470958,0.560866,0.042692
20080,13,30,0.041725,256,1.042321,0.603896,0.550534,0.068063
20080,8,21,0.029207,332,1.349329,0.450956,0.491302,0.06109
20080,79,19,0.026426,217,0.892154,0.400976,0.599729,0.085379
20080,2,18,0.025035,170,0.842226,0.52777,0.512851,0.062226
20080,34,18,0.025035,241,1.029161,0.489043,0.382699,0.081277
20080,42,18,0.025035,184,1.045186,0.446194,0.3914,0.047648
20080,90,17,0.023644,336,1.041519,0.412486,0.438947,0.046663
20100,73,41,0.056552,547,1.360172,0.473075,0.552139,0.043564
20100,13,27,0.037241,257,1.032585,0.616759,0.53659,0.069229
20100,8,22,0.030345,333,1.351184,0.448807,0.488428,0.061054
20100,79,19,0.026207,218,0.885936,0.399818,0.598735,0.085001
20100,2,18,0.024828,170,0.842226,0.52777,0.512851,0.062226
20100,34,18,0.024828,241,1.029161,0.489043,0.382699,0.081277
20100,42,17,0.023448,184,1.04037,0.444214,0.389819,0.047512
20100,91,16,0.022069,127,1.110485,0.408088,0.48814,0.050363
20120,73,41,0.05663,548,1.360616,0.469961,0.552064,0.042979
20120,13,27,0.037293,258,1.031157,0.629096,0.532492,0.07006
20120,8,24,0.033149,335,1.346624,0.454452,0.487845,0.061016
20120,79,19,0.026243,218,0.885936,0.399818,0.598735,0.085001
20120,2,17,0.023481,170,0.844847,0.529417,0.505362,0.062222
20120,7,16,0.022099,202,0.976475,0.311423,0.405398,0.042001
20120,34,16,0.022099,241,1.023069,0.499568,0.377394,0.082629
20120,42,16,0.022099,184,1.037114,0.448754,0.391162,0.047851
20140,73,41,0.056865,549,1.364296,0.469948,0.552521,0.042988
20140,13,27,0.037448,258,1.031157,0.629096,0.532492,0.07006
20140,8,24,0.033287,335,1.346624,0.454452,0.487845,0.061016
20140,79,19,0.026352,219,0.867992,0.3995,0.586495,0.086282
20140,42,17,0.023578,185,1.045013,0.450658,0.392082,0.047644
20140,2,16,0.022191,170,0.851565,0.526314,0.505096,0.062176
20140,7,16,0.022191,202,0.976475,0.311423,0.405398,0.042001
20140,11,16,0.022191,102,1.020227,0.439746,0.428867,0.056618
20160,73,42,0.057772,551,1.358024,0.467949,0.549356,0.042465
20160,13,27,0.037139,260,1.02851,0.622694,0.533155,0.069425
20160,8,24,0.033012,337,1.327759,0.457831,0.48237,0.060622
20160,79,19,0.026135,219,0.867992,0.3995,0.586495,0.086282
20160,2,17,0.023384,171,0.863772,0.525032,0.50366,0.06196
20160,42,17,0.023384,185,1.045013,0.450658,0.392082,0.047644
20160,11,16,0.022008,102,1.020227,0.439746,0.428867,0.056618
20160,90,16,0.022008,338,1.035812,0.407438,0.436985,0.047027
20180,73,40,0.055021,552,1.360064,0.469925,0.546831,0.042304
20180,13,29,0.03989,262,1.027895,0.615668,0.531427,0.068414
20180,8,22,0.030261,337,1.319347,0.456072,0.484501,0.060513
20180,79,19,0.026135,219,0.867992,0.3995,0.586495,0.086282
20180,2,17,0.023384,172,0.884929,0.51423,0.489467,0.060857
20180,3,16,0.022008,261,1.101826,0.318959,0.392277,0.041621
20180,11,16,0.022008,102,1.020227,0.439746,0.428867,0.056618
20180,28,16,0.022008,186,0.94852,0.468624,0.387146,0.042288
20200,73,41,0.056865,553,1.350989,0.470676,0.544896,0.042579
20200,13,28,0.038835,262,1.027608,0.612217,0.537915,0.068414
20200,8,21,0.029126,337,1.317419,0.459753,0.488746,0.060639
20200,79,19,0.026352,219,0.867992,0.3995,0.586495,0.086282
20200,2,17,0.023578,172,0.884929,0.51423,0.489467,0.060857
20200,91,17,0.023578,128,1.105424,0.413059,0.486876,0.050524
20200,3,16,0.022191,263,1.08196,0.317223,0.387055,0.043163
20200,28,16,0.022191,186,0.94852,0.468624,0.387146,0.042288
20220,73,42,0.058496,555,1.329287,0.474258,0.541621,0.042431
20220,13,30,0.041783,264,1.031311,0.616071,0.540124,0.067777
20220,8,21,0.029248,338,1.318796,0.462675,0.486749,0.060752
20220,79,19,0.026462,220,0.853242,0.394342,0.576686,0.086781
20220,2,17,0.023677,172,0.884929,0.51423,0.489467,0.060857
20220,91,17,0.023677,128,1.105424,0.413059,0.486876,0.050524
20220,3,16,0.022284,263,1.08196,0.317223,0.387055,0.043163
20220,7,16,0.022284,204,0.973606,0.308092,0.411107,0.041722
20240,73,41,0.056944,557,1.333667,0.470755,0.545944,0.042042
20240,13,32,0.044444,266,1.028689,0.612899,0.540176,0.066919
20240,8,22,0.030556,339,1.318522,0.457383,0.487638,0.06003
20240,79,18,0.025,220,0.855439,0.395846,0.583801,0.086046
20240,2,17,0.023611,172,0.884929,0.51423,0.489467,0.060857
20240,3,17,0.023611,264,1.08047,0.317491,0.388246,0.043126
20240,91,17,0.023611,128,1.105424,0.413059,0.486876,0.050524
20240,7,16,0.022222,204,0.973606,0.308092,0.411107,0.041722
20260,73,40,0.055325,560,1.340514,0.466539,0.554774,0.041066
20260,13,32,0.04426,266,1.028689,0.612899,0.540176,0.066919
20260,8,23,0.031812,340,1.305632,0.457518,0.485894,0.059121
20260,79,20,0.027663,222,0.854879,0.401265,0.571596,0.087461
20260,3,18,0.024896,265,1.083961,0.317091,0.387487,0.042567
20260,2,17,0.023513,173,0.906334,0.503304,0.485944,0.060487
20260,91,16,0.02213,128,1.103721,0.412876,0.48608,0.049587
20260,7,15,0.020747,205,0.983216,0.304338,0.411621,0.041001
20280,73,40,0.055556,560,1.340514,0.466539,0.554774,0.041066
20280,13,32,0.044444,266,1.028689,0.612899,0.540176,0.066919
20280,8,24,0.033333,341,1.306535,0.465535,0.487618,0.059129
20280,3,19,0.026389,266,1.082203,0.317583,0.39063,0.042331
20280,79,19,0.026389,222,0.859956,0.403241,0.577908,0.087191
20280,2,17,0.023611,173,0.906334,0.503304,0.485944,0.060487
20280,42,16,0.022222,186,1.050393,0.453732,0.39073,0.048501
20280,91,16,0.022222,128,1.103721,0.412876,0.48608,0.049587
20300,73,42,0.058011,562,1.332504,0.470107,0.551599,0.041248
20300,13,32,0.044199,267,1.033163,0.613236,0.546522,0.066054
20300,8,24,0.033149,341,1.306535,0.465535,0.487618,0.059129
20300,79,20,0.027624,223,0.857964,0.405113,0.572763,0.087791
20300,3,18,0.024862,266,1.076713,0.319281,0.391666,0.042818
20300,2,17,0.023481,173,0.906334,0.503304,0.485944,0.060487
20300,42,17,0.023481,187,1.052848,0.451991,0.390888,0.048236
20300,91,17,0.023481,129,1.110634,0.417728,0.486883,0.049585
20320,73,41,0.056474,562,1.330805,0.472195,0.55289,0.041029
20320,13,34,0.046832,269,1.031095,0.613481,0.540091,0.066272
20320,8,23,0.03168,341,1.308117,0.464895,0.48812,0.058992
20320,79,20,0.027548,224,0.850347,0.402619,0.58517,0.087557
20320,3,17,0.023416,266,1.083903,0.318098,0.394442,0.042828
20320,42,17,0.023416,187,1.052848,0.451991,0.390888,0.048236
20320,91,17,0.023416,129,1.110634,0.417728,0.486883,0.049585
20320,2,16,0.022039,173,0.892531,0.512369,0.489599,0.061881
20340,73,41,0.056241,563,1.334155,0.470962,0.550261,0.04177
20340,13,31,0.042524,269,1.029833,0.615584,0.53899,0.067305
20340,8,23,0.03155,341,1.308117,0.464895,0.48812,0.058992
20340,79,21,0.028807,225,0.863572,0.400955,0.589509,0.087512
20340,42,18,0.024691,188,1.062616,0.455299,0.391101,0.048647
20340,2,17,0.02332,174,0.90635,0.504984,0.485586,0.060574
20340,11,17,0.02332,104,1.018739,0.443915,0.442597,0.057089
20340,53,17,0.02332,309,0.845837,0.513043,0.38815,0.064003
20360,73,41,0.055858,563,1.334155,0.470962,0.550261,0.04177
20360,13,30,0.040872,269,1.022844,0.618427,0.529008,0.068023
20360,79,23,0.031335,227,0.851578,0.401689,0.588128,0.088263
20360,8,22,0.029973,341,1.310443,0.463854,0.490343,0.059099
20360,11,18,0.024523,105,1.018006,0.444472,0.44861,0.058769
20360,42,18,0.024523,189,1.056172,0.45634,0.388332,0.048242
20360,3,17,0.023161,267,1.08635,0.31706,0.390118,0.042703
20360,53,17,0.023161,309,0.845837,0.513043,0.38815,0.064003
20380,73,39,0.053279,563,1.325496,0.473799,0.551547,0.04198
20380,13,28,0.038251,270,1.03168,0.629311,0.523973,0.068207
20380,79,26,0.035519,230,0.856668,0.397495,0.588644,0.088186
20380,8,22,0.030055,341,1.310443,0.463854,0.490343,0.059099
20380,11,18,0.02459,105,1.018006,0.444472,0.44861,0.058769
20380,42,18,0.02459,189,1.056172,0.45634,0.388332,0.048242
20380,91,18,0.02459,130,1.110934,0.421696,0.489962,0.049177
20380,53,17,0.023224,309,0.845837,0.513043,0.38815,0.064003
20400,73,40,0.054496,565,1.330572,0.474891,0.547479,0.042556
20400,13,26,0.035422,270,1.03261,0.637656,0.525195,0.069241
20400,79,26,0.035422,230,0.856668,0.397495,0.588644,0.088186
20400,8,22,0.029973,341,1.310443,0.463854,0.490343,0.059099
20400,42,19,0.025886,190,1.061114,0.460878,0.388309,0.048318
20400,11,18,0.024523,105,1.018006,0.444472,0.44861,0.058769
20400,91,18,0.024523,130,1.110934,0.421696,0.489962,0.049177
20400,34,17,0.023161,247,1.020221,0.511707,0.391694,0.085737
20420,73,41,0.055108,566,1.331538,0.472842,0.549256,0.042073
20420,13,26,0.034946,270,1.03261,0.637656,0.525195,0.069241
20420,79,26,0.034946,230,0.856668,0.397495,0.588644,0.088186
20420,8,24,0.032258,343,1.338267,0.469337,0.49531,0.060412
20420,11,18,0.024194,105,1.018006,0.444472,0.44861,0.058769
20420,42,18,0.024194,190,1.059391,0.462919,0.388024,0.048558
20420,53,18,0.024194,310,0.86033,0.507082,0.387061,0.062274
20420,91,18,0.024194,130,1.110934,0.421696,0.489962,0.049177
20440,73,41,0.055182,567,1.327054,0.476832,0.545069,0.042626
20440,13,26,0.034993,271,1.023715,0.648383,0.511004,0.07005
20440,79,26,0.034993,230,0.856668,0.397495,0.588644,0.088186
20440,8,22,0.02961,343,1.342067,0.465046,0.496571,0.060395
20440,91,19,0.025572,131,1.111203,0.422897,0.489708,0.049665
20440,11,18,0.024226,105,1.018006,0.444472,0.44861,0.058769
20440,42,18,0.024226,190,1.059391,0.462919,0.388024,0.048558
20440,53,18,0.024226,310,0.86033,0.507082,0.387061,0.062274
20460,73,39,0.052989,568,1.313099,0.48686,0.542686,0.044354
20460,79,26,0.035326,230,0.856668,0.397495,0.588644,0.088186
20460,13,24,0.032609,271,1.025223,0.648321,0.519053,0.069989
20460,8,23,0.03125,344,1.336986,0.462572,0.491468,0.060557
20460,11,18,0.024457,105,1.018006,0.444472,0.44861,0.058769
20460,42,18,0.024457,190,1.059391,0.462919,0.388024,0.048558
20460,53,18,0.024457,310,0.86033,0.507082,0.387061,0.062274
20460,2,17,0.023098,176,0.90293,0.502944,0.4805,0.060711
20480,73,38,0.051351,569,1.314244,0.491601,0.547142,0.043674
20480,79,26,0.035135,230,0.856668,0.397495,0.588644,0.088186
20480,8,24,0.032432,345,1.334432,0.46278,0.491229,0.060214
20480,13,23,0.031081,271,1.024961,0.64381,0.527006,0.069747
20480,2,19,0.025676,178,0.882703,0.509146,0.482784,0.061275
20480,11,18,0.024324,105,1.018006,0.444472,0.44861,0.058769
20480,34,18,0.024324,249,1.024034,0.474197,0.393435,0.081958
20480,42,18,0.024324,190,1.059391,0.462919,0.388024,0.048558
20500,73,37,0.050272,569,1.309814,0.493588,0.543296,0.044129
20500,13,25,0.033967,273,1.027959,0.642091,0.538045,0.069449
20500,79,25,0.033967,231,0.853474,0.401023,0.593485,0.087488
20500,8,24,0.032609,346,1.345874,0.468495,0.49285,0.061423
20500,2,20,0.027174,179,0.870722,0.517988,0.482609,0.061619
20500,34,20,0.027174,251,1.0264,0.500867,0.398859,0.082956
20500,11,18,0.024457,105,1.018006,0.444472,0.44861,0.058769
20500,42,18,0.024457,190,1.059391,0.462919,0.388024,0.048558
20520,73,40,0.054127,572,1.309804,0.491976,0.541579,0.044723
20520,13,25,0.033829,274,1.028687,0.642268,0.538963,0.069811
20520,79,25,0.033829,231,0.853474,0.401023,0.593485,0.087488
20520,8,22,0.02977,346,1.348536,0.465033,0.494934,0.06132
20520,2,20,0.027064,179,0.870722,0.517988,0.482609,0.061619
20520,34,19,0.02571,251,1.01803,0.505363,0.395004,0.083627
20520,11,18,0.024357,105,1.018006,0.444472,0.44861,0.058769
20520,42,18,0.024357,190,1.059391,0.462919,0.388024,0.048558
20540,73,42,0.057456,574,1.312151,0.490013,0.537746,0.04495
20540,79,27,0.036936,233,0.852759,0.405592,0.597074,0.087249
20540,13,25,0.0342,274,1.028687,0.642268,0.538963,0.069811
20540,8,23,0.031464,347,1.353726,0.462566,0.493123,0.061043
20540,2,20,0.02736,179,0.870722,0.517988,0.482609,0.061619
20540,34,19,0.025992,251,1.01803,0.505363,0.395004,0.083627
20540,42,18,0.024624,190,1.059391,0.462919,0.388024,0.048558
20540,11,17,0.023256,105,1.019915,0.441001,0.43954,0.057618
20560,73,42,0.057143,576,1.321432,0.484985,0.539598,0.044298
20560,13,25,0.034014,274,1.028687,0.642268,0.538963,0.069811
20560,79,25,0.034014,233,0.865126,0.407696,0.600739,0.087311
20560,8,23,0.031293,348,1.357674,0.461448,0.493128,0.061802
20560,2,20,0.027211,179,0.870722,0.517988,0.482609,0.061619
20560,34,19,0.02585,251,1.01803,0.505363,0.395004,0.083627
20560,42,18,0.02449,190,1.059391,0.462919,0.388024,0.048558
20560,7,17,0.023129,215,0.976563,0.303609,0.403014,0.042076
20580,73,42,0.057377,576,1.321432,0.484985,0.539598,0.044298
20580,8,24,0.032787,350,1.349519,0.464319,0.49615,0.06215
20580,13,24,0.032787,276,1.006769,0.636982,0.541579,0.070727
20580,79,24,0.032787,233,0.868021,0.409311,0.601793,0.087188
20580,2,20,0.027322,179,0.870722,0.517988,0.482609,0.061619
20580,34,19,0.025956,251,1.01803,0.505363,0.395004,0.083627
20580,7,17,0.023224,215,0.976563,0.303609,0.403014,0.042076
20580,11,16,0.021858,105,1.016827,0.448032,0.439749,0.058199
20600,73,42,0.057377,576,1.321432,0.484985,0.539598,0.044298
20600,13,24,0.032787,276,1.006769,0.636982,0.541579,0.070727
20600,79,24,0.032787,234,0.848249,0.414227,0.608676,0.088003
20600,8,22,0.030055,350,1.347634,0.467421,0.489994,0.062617
20600,2,20,0.027322,179,0.870722,0.517988,0.482609,0.061619
20600,34,20,0.027322,252,1.019638,0.500718,0.399533,0.082685
20600,7,17,0.023224,217,0.968986,0.309982,0.399597,0.042751
20600,42,17,0.023224,191,1.031284,0.459065,0.388009,0.048879
20620,73,41,0.056164,576,1.329565,0.484601,0.541357,0.044071
20620,13,24,0.032877,276,1.006769,0.636982,0.541579,0.070727
20620,79,24,0.032877,235,0.842746,0.414841,0.619028,0.088337
20620,8,22,0.030137,350,1.347634,0.467421,0.489994,0.062617
20620,2,20,0.027397,179,0.870722,0.517988,0.482609,0.061619
20620,34,20,0.027397,252,1.019638,0.500718,0.399533,0.082685
20620,7,17,0.023288,217,0.968986,0.309982,0.399597,0.042751
20620,42,17,0.023288,191,1.031284,0.459065,0.388009,0.048879
20640,73,44,0.060357,580,1.327133,0.484662,0.542861,0.043168
20640,8,24,0.032922,352,1.340051,0.466886,0.48894,0.061946
20640,13,24,0.032922,277,1.012877,0.628382,0.564016,0.069978
20640,79,22,0.030178,235,0.83886,0.418432,0.612364,0.088662
20640,2,19,0.026063,179,0.882422,0.516523,0.483876,0.060914
20640,34,18,0.024691,252,1.001992,0.5078,0.397677,0.083807
20640,3,17,0.02332,275,1.087544,0.317705,0.389444,0.043846
20640,7,17,0.02332,217,0.968986,0.309982,0.399597,0.042751
20660,73,46,0.062842,582,1.328648,0.48211,0.547903,0.043329
20660,79,24,0.032787,238,0.811245,0.415475,0.598888,0.091868
20660,8,23,0.031421,352,1.34285,0.466857,0.48908,0.062365
20660,13,23,0.031421,277,1.015641,0.626985,0.569585,0.069989
20660,2,19,0.025956,179,0.882422,0.516523,0.483876,0.060914
20660,34,18,0.02459,252,1.001992,0.5078,0.397677,0.083807
20660,3,17,0.023224,275,1.087544,0.317705,0.389444,0.043846
20660,7,17,0.023224,217,0.968986,0.309982,0.399597,0.042751
20680,73,45,0.06156,583,1.340079,0.476335,0.547931,0.042584
20680,8,24,0.032832,353,1.356325,0.471272,0.490783,0.063171
20680,13,23,0.031464,277,1.015641,0.626985,0.569585,0.069989
20680,79,23,0.031464,239,0.835715,0.416278,0.604864,0.090612
20680,2,19,0.025992,179,0.882422,0.516523,0.483876,0.060914
20680,42,18,0.024624,192,1.025328,0.458085,0.389726,0.048954
20680,3,17,0.023256,275,1.087544,0.317705,0.389444,0.043846
20680,34,17,0.023256,252,0.991872,0.513385,0.396209,0.08466
20700,73,42,0.057143,583,1.348815,0.473841,0.551082,0.042463
20700,13,26,0.035374,280,1.012588,0.647889,0.552595,0.070127
20700,79,23,0.031293,239,0.835715,0.416278,0.604864,0.090612
20700,8,22,0.029932,353,1.355121,0.47378,0.48724,0.062809
20700,2,19,0.02585,179,0.882422,0.516523,0.483876,0.060914
20700,42,18,0.02449,192,1.025328,0.458085,0.389726,0.048954
20700,3,17,0.023129,275,1.087544,0.317705,0.389444,0.043846
20700,7,17,0.023129,220,0.971493,0.309384,0.399562,0.042668
20720,73,43,0.058985,585,1.348303,0.475386,0.544455,0.042782
20720,13,26,0.035665,280,1.012588,0.647889,0.552595,0.070127
20720,79,23,0.03155,239,0.835715,0.416278,0.604864,0.090612
20720,8,20,0.027435,353,1.355978,0.480336,0.49434,0.063137
20720,2,19,0.026063,179,0.882422,0.516523,0.483876,0.060914
20720,42,19,0.026063,193,1.027715,0.461875,0.389763,0.04909
20720,7,17,0.02332,220,0.971493,0.309384,0.399562,0.042668
20720,3,16,0.021948,275,1.094908,0.318855,0.391888,0.043555
20740,73,43,0.058503,587,1.340749,0.477074,0.545894,0.041935
20740,13,26,0.035374,280,1.012588,0.647889,0.552595,0.070127
20740,79,25,0.034014,241,0.818865,0.429447,0.607293,0.08988
20740,8,21,0.028571,354,1.349828,0.478104,0.493053,0.062306
20740,2,19,0.02585,180,0.880196,0.518558,0.475827,0.061416
20740,42,19,0.02585,193,1.027715,0.461875,0.389763,0.04909
20740,3,17,0.023129,276,1.094646,0.319244,0.390203,0.043084
20740,34,17,0.023129,253,0.988624,0.513442,0.391151,0.084157
20760,73,45,0.060976,589,1.334943,0.476956,0.543168,0.04166
20760,13,28,0.03794,282,1.020187,0.652613,0.559802,0.070101
20760,79,28,0.03794,245,0.797202,0.436298,0.607822,0.089789
20760,8,21,0.028455,354,1.349828,0.478104,0.493053,0.062306
20760,42,20,0.0271,194,1.037697,0.46382,0.388379,0.049619
20760,2,18,0.02439,180,0.888133,0.513805,0.473766,0.061055
20760,3,17,0.023035,276,1.094646,0.319244,0.390203,0.043084
20760,34,17,0.023035,253,0.988624,0.513442,0.391151,0.084157
20780,73,44,0.05914,589,1.334142,0.478913,0.541414,0.04209
20780,79,33,0.044355,250,0.783213,0.443709,0.606638,0.087944
20780,13,30,0.040323,284,1.027598,0.652661,0.570042,0.07034
20780,8,22,0.02957,356,1.35596,0.481812,0.493356,0.062174
20780,42,21,0.028226,195,1.033038,0.466829,0.391788,0.050272
20780,2,17,0.022849,180,0.874055,0.521274,0.476847,0.062314
20780,90,17,0.022849,351,1.050345,0.416481,0.442588,0.046754
20780,11,16,0.021505,105,1.016827,0.448032,0.439749,0.058199
20800,73,44,0.058589,589,1.334142,0.478913,0.541414,0.04209
20800,79,36,0.047936,253,0.775967,0.445525,0.61107,0.087568
20800,13,31,0.041278,285,1.025858,0.653776,0.566099,0.070512
20800,8,23,0.030626,357,1.357423,0.475732,0.491124,0.061201
20800,42,21,0.027963,195,1.033038,0.466829,0.391788,0.050272
20800,90,17,0.022636,352,1.044582,0.411433,0.442929,0.046289
20800,2,16,0.021305,180,0.880363,0.517734,0.472532,0.062638
20800,11,16,0.021305,105,1.016827,0.448032,0.439749,0.058199
20820,73,42,0.055851,589,1.331282,0.481278,0.537224,0.042355
20820,79,39,0.051862,256,0.761395,0.451398,0.608045,0.087162
20820,13,30,0.039894,286,1.031908,0.660302,0.559077,0.070743
20820,8,23,0.030585,357,1.357423,0.475732,0.491124,0.061201
20820,42,21,0.027926,196,1.034637,0.468554,0.38842,0.050453
20820,34,17,0.022606,254,0.992376,0.520548,0.397713,0.083653
20820,2,16,0.021277,180,0.880363,0.517734,0.472532,0.062638
20820,7,16,0.021277,222,0.979775,0.309292,0.398817,0.041812
20840,79,45,0.059682,262,0.754241,0.45171,0.614295,0.08633
20840,73,43,0.057029,590,1.324968,0.489035,0.535101,0.042635
20840,13,30,0.039788,286,1.031908,0.660302,0.559077,0.070743
20840,8,22,0.029178,357,1.353784,0.472602,0.488285,0.059987
20840,42,22,0.029178,197,1.041349,0.472379,0.389361,0.050515
20840,7,16,0.02122,222,0.979775,0.309292,0.398817,0.041812
20840,11,16,0.02122,105,1.016827,0.448032,0.439749,0.058199
20840,28,16,0.02122,191,0.953718,0.487156,0.384559,0.040887
20860,79,50,0.065703,267,0.740351,0.456196,0.616372,0.085564
20860,73,43,0.056505,593,1.327987,0.493,0.538876,0.042791
20860,13,29,0.038108,286,1.026868,0.663258,0.554325,0.071192
20860,8,23,0.030223,358,1.341686,0.470811,0.485639,0.060964
20860,42,21,0.027595,197,1.036171,0.469038,0.389431,0.050555
20860,0,16,0.021025,269,0.992263,0.348379,0.395862,0.043734
20860,11,16,0.021025,105,1.016827,0.448032,0.439749,0.058199
20860,34,16,0.021025,254,0.99103,0.508944,0.392056,0.0796
20880,79,54,0.070496,273,0.720713,0.462889,0.60647,0.086721
20880,73,42,0.05483,594,1.333658,0.494947,0.540957,0.042678
20880,13,28,0.036554,286,1.02923,0.666826,0.559941,0.070335
20880,8,22,0.028721,358,1.329643,0.468599,0.485414,0.060369
20880,42,19,0.024804,197,1.044472,0.472237,0.389499,0.051168
20880,34,17,0.022193,256,0.987105,0.496819,0.387262,0.078737
20880,11,16,0.020888,105,1.016827,0.448032,0.439749,0.058199
20880,28,16,0.020888,192,0.955144,0.487233,0.383906,0.040861
20900,79,61,0.079016,280,0.707674,0.461577,0.607254,0.085949
20900,73,42,0.054404,595,1.345417,0.49278,0.538967,0.043217
20900,13,27,0.034974,286,1.030004,0.661572,0.565042,0.07017
20900,8,21,0.027202,358,1.333655,0.468422,0.485344,0.060822
20900,42,19,0.024611,197,1.044472,0.472237,0.389499,0.051168
20900,28,17,0.022021,193,0.962543,0.480448,0.382568,0.041376
20900,0,16,0.020725,270,0.992626,0.350011,0.396936,0.043216
20900,3,16,0.020725,281,1.117012,0.321362,0.389273,0.0419
20920,79,73,0.092288,293,0.692157,0.469342,0.61357,0.08729
20920,73,42,0.053097,596,1.3388,0.489345,0.542789,0.042917
20920,13,28,0.035398,287,1.038392,0.658498,0.576729,0.070007
20920,8,22,0.027813,359,1.327625,0.464049,0.484386,0.060456
20920,42,18,0.022756,197,1.055763,0.475687,0.387208,0.051509
20920,0,17,0.021492,271,0.988971,0.35146,0.398467,0.043834
20920,28,17,0.021492,194,0.955223,0.48824,0.384492,0.040322
20920,3,16,0.020228,281,1.117012,0.321362,0.389273,0.0419
20940,79,76,0.096447,301,0.688984,0.468511,0.611947,0.087778
20940,73,43,0.054569,597,1.340521,0.487195,0.543836,0.042401
20940,13,27,0.034264,287,1.038848,0.665655,0.580426,0.070259
20940,8,22,0.027919,359,1.327625,0.464049,0.484386,0.060456
20940,28,17,0.021574,194,0.955223,0.48824,0.384492,0.040322
20940,34,17,0.021574,257,0.980888,0.497685,0.390581,0.078942
20940,42,17,0.021574,197,1.049549,0.47363,0.386411,0.051358
20940,3,16,0.020305,281,1.117012,0.321362,0.389273,0.0419
20960,79,80,0.10101,307,0.685152,0.470369,0.613095,0.088442
20960,73,41,0.051768,598,1.340321,0.495148,0.541707,0.042937
20960,13,26,0.032828,287,1.030791,0.669241,0.569789,0.070428
20960,8,22,0.027778,359,1.327625,0.464049,0.484386,0.060456
20960,34,17,0.021465,257,0.980888,0.497685,0.390581,0.078942
20960,42,17,0.021465,197,1.049549,0.47363,0.386411,0.051358
20960,3,16,0.020202,282,1.11836,0.320728,0.392357,0.041872
20960,11,16,0.020202,105,1.016827,0.448032,0.439749,0.058199
20980,79,92,0.115433,320,0.679262,0.466866,0.608085,0.088915
20980,73,40,0.050188,598,1.339943,0.49676,0.540414,0.043543
20980,13,25,0.031368,287,1.024546,0.659735,0.578206,0.070236
20980,8,22,0.027604,360,1.32878,0.462629,0.480635,0.060364
20980,34,18,0.022585,258,0.980227,0.508092,0.395298,0.08118
20980,42,17,0.02133,197,1.049549,0.47363,0.386411,0.051358
20980,2,16,0.020075,182,0.862235,0.524882,0.478476,0.062152
20980,11,16,0.020075,105,1.016827,0.448032,0.439749,0.058199
21000,79,101,0.12531,331,0.664564,0.464228,0.604476,0.088802
21000,73,41,0.050868,600,1.35025,0.490261,0.5445,0.042212
21000,13,25,0.031017,287,1.024546,0.659735,0.578206,0.070236
21000,8,22,0.027295,360,1.32878,0.462629,0.480635,0.060364
21000,34,19,0.023573,259,0.994551,0.501778,0.398377,0.080551
21000,2,17,0.021092,183,0.88068,0.524007,0.478956,0.061969
21000,11,16,0.019851,105,1.016827,0.448032,0.439749,0.058199
21000,42,16,0.019851,197,1.045588,0.47704,0.388015,0.051286
21020,79,112,0.136919,347,0.652289,0.468975,0.603135,0.088371
21020,73,42,0.051345,601,1.348253,0.491622,0.544928,0.041851
21020,8,22,0.026895,361,1.342403,0.463443,0.492344,0.060737
21020,13,22,0.026895,288,1.020791,0.665547,0.586946,0.068384
21020,34,18,0.022005,259,0.989807,0.505806,0.39486,0.082075
21020,2,17,0.020782,183,0.88068,0.524007,0.478956,0.061969
21020,91,17,0.020782,137,1.108768,0.408967,0.49509,0.047261
21020,7,16,0.01956,227,0.974993,0.307566,0.399953,0.042084
21040,79,129,0.155985,366,0.644964,0.470206,0.606472,0.088044
21040,73,42,0.050786,601,1.348253,0.491622,0.544928,0.041851
21040,13,22,0.026602,288,1.020791,0.665547,0.586946,0.068384
21040,8,20,0.024184,362,1.341569,0.456184,0.492841,0.062288
21040,34,18,0.021765,259,0.989807,0.505806,0.39486,0.082075
21040,91,17,0.020556,137,1.108768,0.408967,0.49509,0.047261
21040,0,16,0.019347,275,0.998982,0.35429,0.393826,0.045721
21040,2,16,0.019347,183,0.873007,0.527964,0.481918,0.062186
21060,79,150,0.177725,390,0.638208,0.468181,0.607509,0.087774
21060,73,42,0.049763,602,1.341413,0.490532,0.542336,0.042007
21060,13,21,0.024882,288,1.023104,0.671635,0.591464,0.067919
21060,8,20,0.023697,362,1.341569,0.456184,0.492841,0.062288
21060,2,18,0.021327,185,0.851803,0.545913,0.484447,0.063449
21060,34,18,0.021327,259,0.989807,0.505806,0.39486,0.082075
21060,0,17,0.020142,276,0.995983,0.351284,0.393953,0.046306
21060,91,17,0.020142,138,1.103482,0.400467,0.49733,0.046229
21080,79,165,0.189873,410,0.629666,0.469376,0.611002,0.088078
21080,73,42,0.048331,603,1.341021,0.482803,0.541333,0.041943
21080,13,22,0.025316,289,1.032823,0.664757,0.602383,0.06716
21080,8,21,0.024166,363,1.341774,0.460794,0.49417,0.062589
21080,2,19,0.021864,186,0.863426,0.54595,0.483961,0.063574
21080,34,18,0.020713,259,0.989807,0.505806,0.39486,0.082075
21080,91,18,0.020713,139,1.102831,0.394216,0.500971,0.045608
21080,0,17,0.019563,276,0.995983,0.351284,0.393953,0.046306
21100,79,187,0.210349,436,0.624504,0.468623,0.604192,0.08755
21100,73,39,0.04387,603,1.335039,0.484272,0.54398,0.042162
21100,13,23,0.025872,290,1.031971,0.673815,0.593437,0.067145
21100,8,22,0.024747,365,1.348363,0.465112,0.490486,0.062472
21100,2,20,0.022497,187,0.856618,0.554506,0.484077,0.064363
21100,7,17,0.019123,229,0.973379,0.305908,0.40062,0.043325
21100,34,17,0.019123,259,0.979614,0.511532,0.392152,0.082747
21100,91,17,0.019123,139,1.09971,0.394826,0.500704,0.044927
21120,79,198,0.219756,456,0.617824,0.47242,0.598874,0.088399
21120,73,38,0.042175,603,1.34148,0.483398,0.548214,0.041907
21120,13,24,0.026637,291,1.030297,0.678594,0.58726,0.066652
21120,8,22,0.024417,365,1.348363,0.465112,0.490486,0.062472
21120,2,20,0.022198,187,0.856618,0.554506,0.484077,0.064363
21120,34,18,0.019978,260,0.98799,0.503639,0.396123,0.081219
21120,7,17,0.018868,229,0.973379,0.305908,0.40062,0.043325
21120,0,16,0.017758,277,0.998617,0.353769,0.393303,0.04622
21140,79,217,0.235358,479,0.615661,0.473967,0.592294,0.0892
21140,73,38,0.041215,604,1.338675,0.484188,0.546374,0.041869
21140,13,24,0.02603,292,1.021474,0.677485,0.577673,0.066046
21140,8,22,0.023861,365,1.348363,0.465112,0.490486,0.062472
21140,2,19,0.020607,187,0.847819,0.564549,0.485744,0.065371
21140,34,19,0.020607,261,0.993788,0.497029,0.397983,0.080708
21140,7,18,0.019523,230,0.97042,0.306509,0.400313,0.043376
21140,90,17,0.018438,359,1.040078,0.425405,0.445541,0.046191
21160,79,228,0.242295,501,0.610855,0.478616,0.587032,0.089863
21160,73,41,0.043571,607,1.335874,0.483518,0.550085,0.043026
21160,13,25,0.026567,294,1.023374,0.686182,0.587554,0.06603
21160,8,22,0.023379,365,1.348363,0.465112,0.490486,0.062472
21160,2,20,0.021254,188,0.861406,0.560995,0.484443,0.065106
21160,34,19,0.020191,261,0.993788,0.497029,0.397983,0.080708
21160,7,18,0.019129,230,0.97042,0.306509,0.400313,0.043376
21160,42,17,0.018066,198,1.047013,0.476014,0.386071,0.051324
21180,79,243,0.254184,531,0.612106,0.48201,0.588299,0.089977
21180,73,41,0.042887,609,1.327405,0.48868,0.548569,0.043015
21180,13,26,0.027197,295,1.01915,0.69412,0.580728,0.065782
21180,8,23,0.024059,366,1.342254,0.45971,0.488159,0.062064
21180,2,21,0.021967,189,0.850663,0.560671,0.484297,0.064985
21180,34,20,0.020921,262,0.993892,0.523004,0.393008,0.082555
21180,42,18,0.018828,199,1.060495,0.480163,0.383426,0.051897
21180,7,17,0.017782,231,0.974948,0.305575,0.396974,0.043702
21200,79,254,0.264033,551,0.611882,0.480903,0.588214,0.090656
21200,73,42,0.043659,611,1.332001,0.490243,0.546892,0.043886
21200,13,25,0.025988,295,1.019519,0.692072,0.587256,0.065525
21200,8,22,0.022869,367,1.327302,0.463734,0.482114,0.061303
21200,2,20,0.02079,189,0.834407,0.563205,0.48418,0.065283
21200,34,19,0.019751,262,1.001789,0.494072,0.393895,0.080861
21200,42,18,0.018711,199,1.060495,0.480163,0.383426,0.051897
21200,0,16,0.016632,277,0.998617,0.353769,0.393303,0.04622
21220,79,266,0.272262,574,0.612238,0.482724,0.586864,0.090955
21220,73,41,0.041965,611,1.333003,0.492794,0.545958,0.04371
21220,13,25,0.025589,295,1.019519,0.692072,0.587256,0.065525
21220,8,22,0.022518,367,1.327302,0.463734,0.482114,0.061303
21220,2,20,0.020471,189,0.834407,0.563205,0.48418,0.065283
21220,42,19,0.019447,200,1.063187,0.480344,0.382313,0.052483
21220,34,18,0.018424,262,1.002147,0.503897,0.399029,0.081774
21220,90,17,0.0174,360,1.034669,0.433472,0.451541,0.045208
21240,79,274,0.279592,599,0.606317,0.481736,0.584229,0.091745
21240,73,41,0.041837,612,1.331895,0.492175,0.545187,0.04381
21240,13,27,0.027551,298,1.017158,0.698755,0.580312,0.065508
21240,8,21,0.021429,367,1.332314,0.466974,0.485854,0.061161
21240,2,19,0.019388,190,0.839389,0.558111,0.483638,0.064653
21240,42,19,0.019388,200,1.063187,0.480344,0.382313,0.052483
21240,34,18,0.018367,262,1.002147,0.503897,0.399029,0.081774
21240,7,17,0.017347,233,0.970436,0.30773,0.398098,0.04227
21260,79,292,0.291708,628,0.601804,0.479209,0.583971,0.091989
21260,73,43,0.042957,614,1.323552,0.497363,0.544301,0.043683
21260,13,25,0.024975,298,1.010567,0.700528,0.579128,0.066341
21260,8,21,0.020979,367,1.332314,0.466974,0.485854,0.061161
21260,2,19,0.018981,190,0.839389,0.558111,0.483638,0.064653
21260,42,19,0.018981,200,1.063187,0.480344,0.382313,0.052483
21260,34,17,0.016983,262,0.99694,0.508552,0.3937,0.082816
21260,91,17,0.016983,141,1.108504,0.408893,0.499053,0.048305
21280,79,302,0.300199,656,0.597744,0.481366,0.58327,0.09257
21280,73,45,0.044732,617,1.329414,0.488663,0.544105,0.04287
21280,13,25,0.024851,298,1.010567,0.700528,0.579128,0.066341
21280,8,21,0.020875,367,1.332314,0.466974,0.485854,0.061161
21280,34,18,0.017893,263,0.996428,0.503507,0.39741,0.081864
21280,42,18,0.017893,200,1.062819,0.481496,0.383831,0.052514
21280,2,17,0.016899,191,0.869682,0.544905,0.479959,0.063834
21280,91,17,0.016899,141,1.108504,0.408893,0.499053,0.048305
21300,79,320,0.314651,685,0.593258,0.482047,0.580598,0.093316
21300,73,44,0.043265,617,1.320388,0.488262,0.541452,0.042837
21300,13,24,0.023599,298,1.012105,0.701081,0.5846,0.065953
21300,8,23,0.022616,370,1.342679,0.472464,0.481028,0.062987
21300,34,18,0.017699,263,0.996428,0.503507,0.39741,0.081864
21300,42,18,0.017699,200,1.062819,0.481496,0.383831,0.052514
21300,2,17,0.016716,191,0.869682,0.544905,0.479959,0.063834
21300,11,17,0.016716,106,1.016815,0.456207,0.446815,0.05944
21320,79,337,0.327821,718,0.591191,0.481343,0.582622,0.09353
21320,73,43,0.041829,617,1.320734,0.48957,0.539907,0.043247
21320,13,24,0.023346,299,1.010137,0.6995,0.585346,0.065632
21320,8,23,0.022374,371,1.329466,0.466248,0.478063,0.061678
21320,2,17,0.016537,191,0.869682,0.544905,0.479959,0.063834
21320,11,17,0.016537,106,1.016815,0.456207,0.446815,0.05944
21320,34,17,0.016537,264,0.959693,0.508916,0.390163,0.084708
21320,90,17,0.016537,363,1.046658,0.42881,0.454517,0.045191
21340,79,340,0.330097,745,0.592416,0.484155,0.58156,0.093929
21340,73,43,0.041748,617,1.320734,0.48957,0.539907,0.043247
21340,13,23,0.02233,300,1.020915,0.700037,0.596439,0.065895
21340,8,20,0.019417,371,1.349445,0.468516,0.480667,0.06135
21340,2,17,0.016505,192,0.865517,0.547133,0.48151,0.063865
21340,3,17,0.016505,294,1.10483,0.320181,0.388486,0.042127
21340,11,17,0.016505,106,1.016815,0.456207,0.446815,0.05944
21340,34,17,0.016505,265,0.952379,0.507323,0.382744,0.085272
21360,79,352,0.339114,778,0.585105,0.48145,0.578053,0.094477
21360,73,41,0.039499,617,1.32399,0.490776,0.538794,0.043683
21360,13,24,0.023121,301,1.016534,0.699145,0.592936,0.06631
21360,8,20,0.019268,372,1.348364,0.484435,0.485195,0.061005
21360,2,18,0.017341,193,0.879071,0.537961,0.48229,0.062731
21360,11,18,0.017341,107,1.021268,0.454968,0.443982,0.060131
21360,3,17,0.016378,294,1.10483,0.320181,0.388486,0.042127
21360,34,17,0.016378,265,0.952379,0.507323,0.382744,0.085272
21380,79,358,0.344231,809,0.577052,0.483369,0.575097,0.094929
21380,73,40,0.038462,617,1.331008,0.490791,0.542169,0.043482
21380,13,24,0.023077,301,1.016534,0.699145,0.592936,0.06631
21380,8,19,0.018269,372,1.348495,0.480826,0.483324,0.060605
21380,2,18,0.017308,193,0.879071,0.537961,0.48229,0.062731
21380,11,18,0.017308,107,1.021268,0.454968,0.443982,0.060131
21380,34,17,0.016346,265,0.952379,0.507323,0.382744,0.085272
21380,91,17,0.016346,142,1.116053,0.417504,0.501394,0.048474
21400,79,365,0.349617,840,0.573171,0.481,0.578166,0.095032
21400,73,38,0.036398,618,1.321863,0.491195,0.541047,0.042628
21400,13,23,0.022031,301,1.009796,0.70526,0.583305,0.066819
21400,8,20,0.019157,373,1.336562,0.481302,0.483355,0.059905
21400,2,18,0.017241,193,0.879071,0.537961,0.48229,0.062731
21400,91,18,0.017241,143,1.127373,0.420179,0.502446,0.048321
21400,3,17,0.016284,295,1.100781,0.319842,0.388872,0.043179
21400,11,17,0.016284,107,1.022194,0.455029,0.437697,0.058531
21420,79,378,0.357278,868,0.565341,0.477595,0.57994,0.094802
21420,73,39,0.036862,619,1.324308,0.487367,0.540419,0.042921
21420,13,25,0.023629,303,1.011615,0.70447,0.590024,0.066805
21420,8,20,0.018904,374,1.333128,0.482968,0.48065,0.060245
21420,2,17,0.016068,193,0.864676,0.546781,0.483305,0.063486
21420,3,17,0.016068,295,1.100781,0.319842,0.388872,0.043179
21420,11,16,0.015123,107,1.015762,0.461158,0.444275,0.058256
21420,7,15,0.014178,236,0.961977,0.310946,0.405633,0.041019
21440,79,374,0.357553,896,0.557792,0.483042,0.579027,0.095466
21440,73,39,0.037285,619,1.324308,0.487367,0.540419,0.042921
21440,13,24,0.022945,303,1.011548,0.697443,0.598082,0.066804
21440,8,20,0.01912,374,1.333128,0.482968,0.48065,0.060245
21440,2,16,0.015296,194,0.891607,0.529507,0.481222,0.06111
21440,11,16,0.015296,107,1.015762,0.461158,0.444275,0.058256
21440,3,15,0.01434,296,1.110751,0.319051,0.386398,0.043128
21440,7,15,0.01434,237,0.968647,0.309208,0.402808,0.041055
21460,79,385,0.360487,931,0.550843,0.482545,0.581554,0.096251
21460,73,40,0.037453,620,1.323465,0.484823,0.54171,0.042443
21460,13,24,0.022472,303,1.011548,0.697443,0.598082,0.066804
21460,8,20,0.018727,374,1.333128,0.482968,0.48065,0.060245
21460,2,17,0.015918,195,0.904551,0.531297,0.478225,0.061198
21460,3,16,0.014981,297,1.11652,0.319968,0.384998,0.043153
21460,11,16,0.014981,107,1.015762,0.461158,0.444275,0.058256
21460,34,16,0.014981,267,0.980749,0.463041,0.39179,0.077169
21480,79,378,0.355263,961,0.54411,0.483051,0.581407,0.09641
21480,73,44,0.041353,624,1.336008,0.485286,0.540038,0.043279
21480,13,23,0.021617,303,0.994084,0.701949,0.584955,0.066903
21480,8,19,0.017857,374,1.313031,0.470297,0.485578,0.058682
21480,34,17,0.015977,268,0.970761,0.495351,0.387825,0.080026
21480,2,16,0.015038,195,0.892659,0.538485,0.481009,0.061949
21480,11,16,0.015038,107,1.015762,0.461158,0.444275,0.058256
21480,3,15,0.014098,298,1.116627,0.321682,0.384248,0.042735
21500,79,383,0.358614,1000,0.535684,0.484594,0.581488,0.097124
21500,73,45,0.042135,626,1.339173,0.484109,0.542322,0.043828
21500,13,24,0.022472,304,0.995883,0.708571,0.579697,0.067452
21500,8,20,0.018727,375,1.305122,0.467891,0.484268,0.058315
21500,34,17,0.015918,268,0.970761,0.495351,0.387825,0.080026
21500,11,16,0.014981,107,1.015762,0.461158,0.444275,0.058256
21500,90,16,0.014981,365,1.053853,0.427121,0.449336,0.045975
21500,2,15,0.014045,195,0.909782,0.537437,0.480985,0.061908
21520,79,378,0.353271,1025,0.537039,0.486293,0.580869,0.096929
21520,73,45,0.042056,628,1.330533,0.496406,0.540348,0.044162
21520,13,25,0.023364,305,0.995361,0.70279,0.584156,0.066869
21520,8,20,0.018692,375,1.305122,0.467891,0.484268,0.058315
21520,34,17,0.015888,268,0.970761,0.495351,0.387825,0.080026
21520,3,16,0.014953,299,1.118059,0.322585,0.383924,0.042628
21520,11,16,0.014953,107,1.015762,0.461158,0.444275,0.058256
21520,90,16,0.014953,365,1.053853,0.427121,0.449336,0.045975
21540,79,382,0.357009,1055,0.536261,0.488988,0.583873,0.09704
21540,73,43,0.040187,629,1.333892,0.49826,0.53841,0.044456
21540,13,25,0.023364,305,0.995361,0.70279,0.584156,0.066869
21540,8,21,0.019626,376,1.299067,0.462305,0.48009,0.058193
21540,34,18,0.016822,270,0.965482,0.508545,0.405877,0.081528
21540,0,16,0.014953,283,1.002646,0.355828,0.394841,0.043475
21540,2,16,0.014953,197,0.925068,0.533548,0.478453,0.062555
21540,11,16,0.014953,107,1.015762,0.461158,0.444275,0.058256
21560,79,378,0.352612,1088,0.529385,0.490729,0.5905,0.097176
21560,73,44,0.041045,630,1.329463,0.499925,0.536167,0.044357
21560,13,26,0.024254,306,0.997596,0.709111,0.577115,0.066983
21560,8,22,0.020522,377,1.292672,0.460269,0.479713,0.057588
21560,34,18,0.016791,270,0.965482,0.508545,0.405877,0.081528
21560,0,16,0.014925,283,1.002646,0.355828,0.394841,0.043475
21560,2,16,0.014925,197,0.925068,0.533548,0.478453,0.062555
21560,11,16,0.014925,107,1.015762,0.461158,0.444275,0.058256
21580,79,379,0.351251,1124,0.523499,0.486303,0.588681,0.097422
21580,73,44,0.040778,630,1.329463,0.499925,0.536167,0.044357
21580,13,25,0.02317,306,0.994026,0.715118,0.575609,0.067382
21580,8,23,0.021316,378,1.301527,0.457067,0.487647,0.058175
21580,34,18,0.016682,270,0.965482,0.508545,0.405877,0.081528
21580,0,16,0.014829,283,1.002646,0.355828,0.394841,0.043475
21580,2,16,0.014829,197,0.925068,0.533548,0.478453,0.062555
21580,11,16,0.014829,107,1.015762,0.461158,0.444275,0.058256
21600,79,373,0.3473,1149,0.522425,0.485858,0.586504,0.096865
21600,73,45,0.041899,631,1.324621,0.501117,0.533881,0.044638
21600,13,25,0.023277,306,0.994026,0.715118,0.575609,0.067382
21600,8,23,0.021415,379,1.298793,0.462986,0.486474,0.05841
21600,34,18,0.01676,270,0.965482,0.508545,0.405877,0.081528
21600,0,17,0.015829,284,1.005403,0.356707,0.392296,0.043302
21600,11,16,0.014898,107,1.015762,0.461158,0.444275,0.058256
21600,72,16,0.014898,268,1.005901,0.499701,0.438078,0.039796
21620,79,374,0.349206,1183,0.514251,0.482013,0.590799,0.096883
21620,73,45,0.042017,632,1.329791,0.499402,0.538158,0.043965
21620,13,26,0.024276,307,1.002188,0.709488,0.586763,0.066978
21620,8,21,0.019608,379,1.313854,0.467132,0.491216,0.058675
21620,34,18,0.016807,270,0.965482,0.508545,0.405877,0.081528
21620,0,17,0.015873,284,1.005403,0.356707,0.392296,0.043302
21620,11,16,0.014939,107,1.015762,0.461158,0.444275,0.058256
21620,72,16,0.014939,268,1.005901,0.499701,0.438078,0.039796
21640,79,369,0.344216,1216,0.512154,0.481715,0.593885,0.097363
21640,73,46,0.04291,634,1.341014,0.499923,0.538413,0.043358
21640,13,25,0.023321,307,0.991681,0.714848,0.574542,0.067034
21640,8,22,0.020522,380,1.310168,0.471809,0.497413,0.059556
21640,0,17,0.015858,284,1.005403,0.356707,0.392296,0.043302
21640,34,17,0.015858,270,0.949308,0.516707,0.405745,0.08255
21640,11,16,0.014925,107,1.015762,0.461158,0.444275,0.058256
21640,90,16,0.014925,369,1.060464,0.429547,0.440988,0.045756
21660,79,377,0.348751,1260,0.502704,0.480445,0.595371,0.098157
21660,73,46,0.042553,636,1.338353,0.500617,0.53814,0.043209
21660,13,25,0.023127,307,0.991681,0.714848,0.574542,0.067034
21660,8,22,0.020352,382,1.348452,0.473046,0.489582,0.060779
21660,34,19,0.017576,272,0.941846,0.504066,0.395808,0.080329
21660,0,17,0.015726,285,1.006457,0.356752,0.394383,0.043063
21660,2,16,0.014801,200,0.889448,0.544551,0.473189,0.064071
21660,11,16,0.014801,107,1.015762,0.461158,0.444275,0.058256
21680,79,395,0.358439,1291,0.498481,0.475937,0.594285,0.097859
21680,73,47,0.04265,638,1.345951,0.494195,0.536789,0.042401
21680,13,25,0.022686,307,0.991681,0.714848,0.574542,0.067034
21680,8,21,0.019056,382,1.359815,0.472223,0.489851,0.061455
21680,34,19,0.017241,272,0.941846,0.504066,0.395808,0.080329
21680,2,17,0.015426,201,0.876546,0.56049,0.474117,0.064909
21680,7,17,0.015426,246,0.985224,0.302075,0.40551,0.042931
21680,0,16,0.014519,285,1.001938,0.356471,0.396986,0.043384
21700,79,400,0.361337,1323,0.496345,0.471512,0.595361,0.097628
21700,73,43,0.038844,638,1.341186,0.493903,0.536355,0.042051
21700,13,24,0.02168,307,0.991392,0.721192,0.572377,0.067862
21700,8,22,0.019874,383,1.347432,0.46995,0.490548,0.061134
21700,2,18,0.01626,202,0.888558,0.557358,0.472162,0.06493
21700,34,18,0.01626,272,0.938278,0.513049,0.399047,0.08119
21700,7,17,0.015357,246,0.985224,0.302075,0.40551,0.042931
21700,0,16,0.014453,285,1.001938,0.356471,0.396986,0.043384
21720,79,415,0.369875,1363,0.490507,0.470348,0.598519,0.097647
21720,73,40,0.035651,639,1.354363,0.492011,0.542168,0.041571
21720,13,25,0.022282,308,0.984415,0.72113,0.571714,0.068851
21720,8,22,0.019608,383,1.347432,0.46995,0.490548,0.061134
21720,34,19,0.016934,273,0.958355,0.508534,0.404987,0.080187
21720,2,18,0.016043,203,0.87753,0.575216,0.47381,0.06729
21720,7,17,0.015152,247,0.982298,0.302387,0.407114,0.04331
21720,25,17,0.015152,157,1.416621,0.510459,0.486555,0.071747
21740,79,423,0.372359,1402,0.48275,0.467033,0.599118,0.09753
21740,73,39,0.034331,639,1.35703,0.490602,0.542198,0.041806
21740,13,25,0.022007,308,0.984415,0.72113,0.571714,0.068851
21740,8,21,0.018486,383,1.345399,0.473105,0.493523,0.061173
21740,34,21,0.018486,275,0.952945,0.498458,0.394809,0.078504
21740,2,17,0.014965,203,0.863791,0.589082,0.475191,0.068582
21740,25,17,0.014965,157,1.416621,0.510459,0.486555,0.071747
21740,42,17,0.014965,205,1.045133,0.474123,0.381454,0.051982
21760,79,451,0.388458,1456,0.477724,0.461529,0.600703,0.097297
21760,73,40,0.034453,640,1.35017,0.495311,0.539241,0.042211
21760,13,25,0.021533,308,0.984415,0.72113,0.571714,0.068851
21760,8,21,0.018088,383,1.345399,0.473105,0.493523,0.061173
21760,34,20,0.017227,275,0.959174,0.503412,0.398285,0.07919
21760,2,18,0.015504,204,0.851409,0.594235,0.472448,0.069575
21760,25,17,0.014643,157,1.416621,0.510459,0.486555,0.071747
21760,42,17,0.014643,205,1.045133,0.474123,0.381454,0.051982
21780,79,469,0.398471,1507,0.470138,0.454119,0.596018,0.096754
21780,73,40,0.033985,641,1.351862,0.489705,0.537163,0.04176
21780,13,27,0.02294,310,0.985721,0.710502,0.578706,0.067567
21780,8,20,0.016992,384,1.354283,0.477888,0.496261,0.061936
21780,34,20,0.016992,275,0.959174,0.503412,0.398285,0.07919
21780,2,18,0.015293,204,0.851409,0.594235,0.472448,0.069575
21780,25,17,0.014444,157,1.416621,0.510459,0.486555,0.071747
21780,3,16,0.013594,304,1.084923,0.322747,0.382937,0.041731
21800,79,494,0.408264,1565,0.462736,0.449446,0.59115,0.096501
21800,73,42,0.034711,643,1.348242,0.489747,0.539683,0.041803
21800,13,27,0.022314,310,0.985721,0.710502,0.578706,0.067567
21800,34,22,0.018182,277,0.953457,0.493212,0.391914,0.077033
21800,8,19,0.015702,386,1.303971,0.465657,0.491554,0.061896
21800,2,18,0.014876,204,0.851409,0.594235,0.472448,0.069575
21800,25,18,0.014876,158,1.416878,0.514753,0.489405,0.071078
21800,7,16,0.013223,249,0.978587,0.301612,0.407072,0.042581
21820,79,530,0.428456,1628,0.454689,0.444307,0.589255,0.096432
21820,73,41,0.033145,644,1.340678,0.492169,0.539393,0.041404
21820,13,26,0.021019,310,0.979385,0.714857,0.567051,0.067864
21820,34,21,0.016977,277,0.953088,0.49776,0.396184,0.077786
21820,8,19,0.01536,386,1.303971,0.465657,0.491554,0.061896
21820,2,18,0.014551,204,0.851409,0.594235,0.472448,0.069575
21820,25,18,0.014551,158,1.416878,0.514753,0.489405,0.071078
21820,7,17,0.013743,250,0.974541,0.302882,0.40727,0.042925
21840,79,557,0.442766,1687,0.450386,0.441443,0.582981,0.095586
21840,73,40,0.031797,645,1.335031,0.492731,0.541933,0.041829
21840,13,27,0.021463,311,0.997957,0.710866,0.577241,0.067654
21840,34,21,0.016693,278,0.961621,0.496211,0.397525,0.077972
21840,8,19,0.015103,387,1.316012,0.466246,0.494235,0.061521
21840,25,19,0.015103,159,1.428021,0.517567,0.490858,0.070418
21840,2,17,0.013514,204,0.833683,0.598734,0.471668,0.069527
21840,11,17,0.013514,109,1.017542,0.438737,0.435176,0.057234
21860,79,586,0.456386,1749,0.443308,0.441157,0.580896,0.095663
21860,73,40,0.031153,646,1.333442,0.493074,0.542867,0.042109
21860,13,25,0.01947,311,0.987405,0.7103,0.572753,0.067999
21860,8,20,0.015576,388,1.327283,0.462149,0.504427,0.062017
21860,25,19,0.014798,159,1.428021,0.517567,0.490858,0.070418
21860,34,19,0.014798,278,0.966548,0.504996,0.399661,0.079364
21860,2,17,0.01324,204,0.833683,0.598734,0.471668,0.069527
21860,11,17,0.01324,109,1.017542,0.438737,0.435176,0.057234
21880,79,600,0.46332,1812,0.437308,0.43946,0.577344,0.09471
21880,73,43,0.033205,650,1.31187,0.509484,0.538431,0.042096
21880,13,25,0.019305,311,0.987405,0.7103,0.572753,0.067999
21880,34,20,0.015444,279,0.975289,0.497708,0.400926,0.079014
21880,8,19,0.014672,389,1.339985,0.463931,0.507558,0.061837
21880,11,18,0.0139,110,1.018465,0.453099,0.443584,0.059296
21880,25,18,0.0139,161,1.406012,0.50302,0.495264,0.070608
21880,2,17,0.013127,204,0.833683,0.598734,0.471668,0.069527
21900,79,645,0.482063,1886,0.432433,0.440744,0.580678,0.094729
21900,73,43,0.032138,651,1.314833,0.506659,0.538182,0.042663
21900,13,27,0.020179,313,0.994063,0.70329,0.586104,0.06703
21900,8,20,0.014948,390,1.334374,0.46169,0.504794,0.061961
21900,34,19,0.0142,280,0.981633,0.498418,0.392915,0.07888
21900,11,18,0.013453,110,1.018465,0.453099,0.443584,0.059296
21900,25,18,0.013453,161,1.406012,0.50302,0.495264,0.070608
21900,2,17,0.012706,204,0.833683,0.598734,0.471668,0.069527
21920,79,692,0.497842,1984,0.429358,0.43925,0.580806,0.094966
21920,73,42,0.030216,651,1.319378,0.497989,0.539966,0.042015
21920,13,25,0.017986,313,0.988213,0.702015,0.588915,0.066812
21920,8,20,0.014388,390,1.334374,0.46169,0.504794,0.061961
21920,34,20,0.014388,281,0.986301,0.541693,0.392862,0.081164
21920,11,18,0.01295,110,1.018465,0.453099,0.443584,0.059296
21920,25,18,0.01295,161,1.406012,0.50302,0.495264,0.070608
21920,0,17,0.01223,291,0.985695,0.357293,0.39875,0.044974
21940,79,716,0.506723,2060,0.423211,0.437321,0.582956,0.09517
21940,73,39,0.027601,651,1.317188,0.50189,0.535592,0.043182
21940,13,24,0.016985,313,0.993906,0.704616,0.593592,0.066161
21940,8,21,0.014862,391,1.3318,0.457962,0.503038,0.061867
21940,11,19,0.013447,111,1.014533,0.452472,0.443879,0.058904
21940,0,18,0.012739,292,0.984767,0.358302,0.398123,0.044369
21940,25,18,0.012739,162,1.422655,0.513984,0.502687,0.071587
21940,34,18,0.012739,281,0.981441,0.524514,0.392343,0.079437
21960,79,779,0.531016,2158,0.417176,0.43537,0.576805,0.095739
21960,73,38,0.025903,652,1.318765,0.49732,0.542391,0.04192
21960,13,24,0.01636,313,0.993906,0.704616,0.593592,0.066161
21960,8,21,0.014315,391,1.3318,0.457962,0.503038,0.061867
21960,0,18,0.01227,292,0.984767,0.358302,0.398123,0.044369
21960,11,18,0.01227,111,1.016822,0.461541,0.446815,0.059032
21960,25,18,0.01227,162,1.422655,0.513984,0.502687,0.071587
21960,3,17,0.011588,309,1.098799,0.318245,0.384051,0.041941
21980,79,841,0.551114,2271,0.4146,0.436447,0.574236,0.094958
21980,73,39,0.025557,653,1.312083,0.500452,0.537738,0.041806
21980,13,24,0.015727,314,1.008734,0.711649,0.585934,0.065803
21980,8,22,0.014417,392,1.32186,0.459226,0.501226,0.061457
21980,0,18,0.011796,292,0.984767,0.358302,0.398123,0.044369
21980,2,18,0.011796,207,0.821199,0.623166,0.464692,0.072458
21980,11,18,0.011796,111,1.016822,0.461541,0.446815,0.059032
21980,25,17,0.01114,162,1.443331,0.523253,0.507295,0.0719
22000,79,908,0.567855,2383,0.408484,0.435321,0.569544,0.094388
22000,73,39,0.02439,653,1.312083,0.500452,0.537738,0.041806
22000,13,24,0.015009,314,1.008734,0.711649,0.585934,0.065803
22000,8,23,0.014384,393,1.325258,0.46211,0.504945,0.061707
22000,2,19,0.011882,208,0.813315,0.623115,0.467335,0.072096
22000,25,19,0.011882,164,1.461579,0.526958,0.516725,0.072867
22000,11,18,0.011257,111,1.016822,0.461541,0.446815,0.059032
22000,0,17,0.010632,292,0.984256,0.358454,0.399707,0.044334
22020,79,971,0.581437,2501,0.405352,0.437526,0.567253,0.093938
22020,73,40,0.023952,655,1.309254,0.50081,0.534057,0.040785
22020,8,23,0.013772,393,1.325258,0.46211,0.504945,0.061707
22020,13,23,0.013772,314,1.0128,0.707209,0.590552,0.065489
22020,2,21,0.012575,210,0.817447,0.618893,0.464728,0.07265
22020,25,20,0.011976,165,1.471114,0.532297,0.515476,0.073793
22020,34,19,0.011377,283,0.995404,0.525007,0.396147,0.080551
22020,11,18,0.010778,111,1.016822,0.461541,0.446815,0.059032
22040,79,1043,0.59977,2635,0.402741,0.437698,0.56225,0.09378
22040,73,42,0.024152,658,1.320068,0.491016,0.539059,0.040359
22040,8,25,0.014376,396,1.335058,0.47095,0.492991,0.062681
22040,13,24,0.013801,315,1.018747,0.718621,0.58224,0.06551
22040,2,21,0.012076,210,0.817447,0.618893,0.464728,0.07265
22040,25,20,0.011501,166,1.448141,0.525187,0.510069,0.073844
22040,34,19,0.010926,283,0.995404,0.525007,0.396147,0.080551
22040,11,16,0.009201,111,1.016451,0.471372,0.443532,0.059478
22060,79,1102,0.611882,2765,0.400398,0.439404,0.558213,0.093089
22060,73,41,0.022765,658,1.326084,0.490106,0.541498,0.04017
22060,13,25,0.013881,316,1.021674,0.72636,0.583749,0.066017
22060,8,24,0.013326,397,1.331552,0.46143,0.484408,0.063277
22060,2,21,0.01166,210,0.817447,0.618893,0.464728,0.07265
22060,25,20,0.011105,166,1.448141,0.525187,0.510069,0.073844
22060,34,19,0.01055,283,0.995404,0.525007,0.396147,0.080551
22060,3,17,0.009439,312,1.096871,0.316167,0.386891,0.041257
22080,79,1171,0.627882,2899,0.398932,0.439357,0.559384,0.092501
22080,73,41,0.021984,660,1.319497,0.502044,0.534251,0.041431
22080,8,24,0.012869,397,1.331552,0.46143,0.484408,0.063277
22080,13,24,0.012869,316,1.021926,0.733527,0.579545,0.066158
22080,2,21,0.01126,211,0.816188,0.617535,0.468029,0.071998
22080,25,19,0.010188,166,1.469132,0.527475,0.518162,0.073741
22080,3,18,0.009651,314,1.101047,0.317638,0.390236,0.041074
22080,34,18,0.009651,283,1.000108,0.532542,0.39987,0.081813
22100,79,1221,0.639602,3028,0.395337,0.441783,0.557825,0.092305
22100,73,42,0.022001,661,1.319199,0.503562,0.534013,0.041162
22100,8,24,0.012572,397,1.331552,0.46143,0.484408,0.063277
22100,13,24,0.012572,316,1.021926,0.733527,0.579545,0.066158
22100,2,20,0.010477,211,0.814713,0.617595,0.471081,0.071825
22100,25,19,0.009953,166,1.469132,0.527475,0.518162,0.073741
22100,34,18,0.009429,284,0.988763,0.537471,0.402327,0.081345
22100,3,17,0.008905,314,1.103868,0.319059,0.392808,0.040672
22120,79,1287,0.651976,3162,0.39567,0.442872,0.556311,0.091569
22120,73,44,0.02229,663,1.314123,0.504331,0.535366,0.041133
22120,8,24,0.012158,397,1.331552,0.46143,0.484408,0.063277
22120,13,23,0.011651,317,1.017131,0.740104,0.567325,0.06604
22120,2,20,0.010132,212,0.819778,0.611951,0.467047,0.071596
22120,25,20,0.010132,167,1.460391,0.518812,0.511507,0.072947
22120,3,18,0.009119,315,1.094952,0.319894,0.392161,0.041248
22120,34,17,0.008612,284,0.992462,0.539113,0.402518,0.080589
22140,79,1346,0.66502,3312,0.39542,0.442655,0.555424,0.091245
22140,73,44,0.021739,664,1.318132,0.501501,0.541029,0.041036
22140,8,22,0.01087,397,1.334662,0.470147,0.485326,0.063924
22140,13,22,0.01087,317,1.018381,0.734853,0.572659,0.065694
22140,25,20,0.009881,167,1.460391,0.518812,0.511507,0.072947
22140,2,19,0.009387,212,0.816841,0.613665,0.468775,0.071263
22140,3,18,0.008893,315,1.094952,0.319894,0.392161,0.041248
22140,34,17,0.008399,284,0.992462,0.539113,0.402518,0.080589
22160,79,1402,0.675663,3460,0.391675,0.440753,0.549546,0.091333
22160,73,44,0.021205,665,1.31214,0.506296,0.535895,0.041274
22160,8,22,0.010602,397,1.334662,0.470147,0.485326,0.063924
22160,13,22,0.010602,317,1.018381,0.734853,0.572659,0.065694
22160,25,19,0.009157,167,1.465111,0.522898,0.508326,0.07357
22160,2,17,0.008193,212,0.828338,0.612026,0.471596,0.069987
22160,3,17,0.008193,315,1.092031,0.319612,0.389482,0.04118
22160,42,17,0.008193,211,1.020587,0.471653,0.374487,0.051531
22180,79,1442,0.683089,3610,0.388335,0.441969,0.547803,0.09115
22180,73,44,0.020843,665,1.31214,0.506296,0.535895,0.041274
22180,13,22,0.010422,317,1.018381,0.734853,0.572659,0.065694
22180,8,21,0.009948,397,1.339752,0.472577,0.4869,0.063904
22180,2,17,0.008053,212,0.828338,0.612026,0.471596,0.069987
22180,3,17,0.008053,315,1.092031,0.319612,0.389482,0.04118
22180,25,17,0.008053,167,1.45129,0.521443,0.505351,0.073789
22180,34,17,0.008053,285,0.997664,0.543211,0.404847,0.080949
22200,79,1473,0.687354,3746,0.385254,0.443772,0.546282,0.090978
22200,73,42,0.019599,666,1.321735,0.501685,0.536365,0.040895
22200,13,23,0.010733,318,1.016938,0.739532,0.572642,0.066034
22200,8,21,0.009799,397,1.339752,0.472577,0.4869,0.063904
22200,42,18,0.008399,212,1.026135,0.474806,0.374247,0.051873
22200,2,17,0.007933,213,0.825245,0.613141,0.469341,0.070471
22200,25,17,0.007933,167,1.45129,0.521443,0.505351,0.073789
22200,34,17,0.007933,285,0.997664,0.543211,0.404847,0.080949
22220,79,1501,0.691386,3887,0.383124,0.442013,0.543044,0.090523
22220,73,42,0.019346,668,1.329748,0.500193,0.545003,0.040946
22220,13,23,0.010594,319,1.010085,0.72328,0.582358,0.064919
22220,8,22,0.010134,399,1.321698,0.461345,0.484303,0.063576
22220,42,18,0.008291,212,1.026135,0.474806,0.374247,0.051873
22220,25,17,0.00783,168,1.462315,0.523928,0.510255,0.073487
22220,34,17,0.00783,285,0.997664,0.543211,0.404847,0.080949
22220,2,16,0.00737,213,0.808525,0.619955,0.471242,0.070795
22240,79,1515,0.695273,4028,0.379809,0.441918,0.541369,0.089957
22240,73,43,0.019734,670,1.33587,0.498667,0.546148,0.041477
22240,13,23,0.010555,320,1.027721,0.720439,0.602092,0.064651
22240,8,22,0.010096,399,1.321698,0.461345,0.484303,0.063576
22240,25,19,0.00872,170,1.449919,0.524988,0.501519,0.074026
22240,42,18,0.008261,212,1.026135,0.474806,0.374247,0.051873
22240,34,17,0.007802,286,0.985686,0.548978,0.410778,0.080623
22240,0,15,0.006884,295,0.982332,0.358555,0.396817,0.044334
22260,79,1545,0.700363,4185,0.376856,0.442321,0.537085,0.090468
22260,73,42,0.019039,670,1.345349,0.491587,0.548529,0.041074
22260,13,23,0.010426,320,1.027721,0.720439,0.602092,0.064651
22260,8,22,0.009973,399,1.321698,0.461345,0.484303,0.063576
22260,25,20,0.009066,171,1.461564,0.52759,0.502692,0.073755
22260,34,18,0.00816,287,0.989549,0.538044,0.404126,0.079433
22260,42,17,0.007706,212,1.021684,0.475632,0.376793,0.051264
22260,0,15,0.0068,295,0.982332,0.358555,0.396817,0.044334
22280,79,1573,0.703803,4342,0.370684,0.441431,0.535226,0.090946
22280,73,43,0.019239,672,1.345591,0.488742,0.548256,0.041229
22280,13,22,0.009843,320,1.032911,0.712614,0.610821,0.064881
22280,8,21,0.009396,399,1.324693,0.466443,0.488296,0.06351
22280,25,19,0.008501,171,1.452888,0.518394,0.501556,0.073406
22280,34,18,0.008054,287,0.989549,0.538044,0.404126,0.079433
22280,0,16,0.007159,296,0.982941,0.359589,0.396024,0.043934
22280,42,16,0.007159,212,1.024817,0.478791,0.379899,0.052127
22300,79,1595,0.705752,4503,0.367619,0.441915,0.534636,0.091555
22300,73,42,0.018584,673,1.343869,0.489861,0.544711,0.042017
22300,13,22,0.009735,322,1.023462,0.726654,0.602929,0.066032
22300,8,20,0.00885,399,1.32929,0.461265,0.481334,0.062783
22300,25,19,0.008407,171,1.452888,0.518394,0.501556,0.073406
22300,34,18,0.007965,287,0.989549,0.538044,0.404126,0.079433
22300,0,17,0.007522,297,0.986942,0.359119,0.398441,0.043614
22300,42,16,0.00708,212,1.024817,0.478791,0.379899,0.052127
22320,79,1624,0.707625,4656,0.365351,0.440329,0.534641,0.092053
22320,73,42,0.018301,673,1.343869,0.489861,0.544711,0.042017
22320,13,23,0.010022,324,1.024319,0.7244,0.59798,0.06629
22320,8,21,0.00915,400,1.333103,0.47039,0.485506,0.062912
22320,25,19,0.008279,171,1.452888,0.518394,0.501556,0.073406
22320,34,18,0.007843,287,0.989549,0.538044,0.404126,0.079433
22320,0,17,0.007407,297,0.986942,0.359119,0.398441,0.043614
22320,90,16,0.006972,381,1.035364,0.441416,0.446301,0.044265
22340,79,1647,0.712678,4826,0.361009,0.443121,0.533003,0.091535
22340,73,42,0.018174,675,1.332859,0.49121,0.544537,0.041409
22340,13,22,0.00952,324,1.033589,0.72617,0.598901,0.065768
22340,8,21,0.009087,401,1.332537,0.468374,0.484009,0.063463
22340,25,19,0.008222,171,1.452888,0.518394,0.501556,0.073406
22340,34,18,0.007789,287,0.989549,0.538044,0.404126,0.079433
22340,90,17,0.007356,382,1.042397,0.441315,0.446018,0.044769
22340,0,16,0.006923,297,0.988063,0.358097,0.399127,0.044209
22360,79,1653,0.717137,4970,0.359867,0.444359,0.53028,0.091509
22360,73,40,0.017354,675,1.33147,0.488389,0.544934,0.040603
22360,8,22,0.009544,402,1.323386,0.46495,0.483668,0.062663
22360,13,20,0.008677,324,1.004356,0.722845,0.595478,0.065645
22360,25,19,0.008243,171,1.452888,0.518394,0.501556,0.073406
22360,34,18,0.007809,287,0.989549,0.538044,0.404126,0.079433
22360,90,17,0.007375,383,1.031359,0.442095,0.45995,0.044938
22360,0,16,0.006941,297,0.988063,0.358097,0.399127,0.044209
22380,79,1660,0.716753,5127,0.357826,0.445169,0.527335,0.091367
22380,73,41,0.017703,676,1.331699,0.487646,0.546247,0.040254
22380,8,22,0.009499,403,1.327371,0.464076,0.483864,0.062756
22380,13,21,0.009067,325,1.005643,0.714172,0.601908,0.065594
22380,25,20,0.008636,172,1.452548,0.519696,0.504086,0.072539
22380,34,18,0.007772,287,0.989549,0.538044,0.404126,0.079433
22380,90,17,0.00734,383,1.031359,0.442095,0.45995,0.044938
22380,0,16,0.006908,297,0.988063,0.358097,0.399127,0.044209
22400,79,1667,0.719465,5282,0.355035,0.44771,0.525835,0.091451
22400,73,41,0.017695,676,1.331699,0.487646,0.546247,0.040254
22400,13,23,0.009927,327,1.009537,0.730258,0.598189,0.066916
22400,8,21,0.009063,403,1.329325,0.471141,0.4864,0.063091
22400,25,20,0.008632,172,1.452548,0.519696,0.504086,0.072539
22400,34,18,0.007769,288,1.009738,0.524608,0.405903,0.076778
22400,90,17,0.007337,383,1.031359,0.442095,0.45995,0.044938
22400,0,16,0.006905,297,0.988063,0.358097,0.399127,0.044209
22420,79,1681,0.72084,5440,0.352683,0.447975,0.524655,0.091422
22420,73,42,0.01801,678,1.334808,0.489807,0.544536,0.04128
22420,8,23,0.009863,405,1.34272,0.463285,0.491771,0.063448
22420,13,23,0.009863,328,1.012454,0.743393,0.594224,0.068057
22420,25,19,0.008148,172,1.460877,0.528406,0.510351,0.073311
22420,34,17,0.00729,288,1.017386,0.482688,0.409429,0.074221
22420,90,17,0.00729,383,1.031359,0.442095,0.45995,0.044938
22420,0,16,0.006861,297,0.988063,0.358097,0.399127,0.044209
22440,79,1691,0.721416,5585,0.351006,0.44965,0.520495,0.091669
22440,73,43,0.018345,681,1.337049,0.492915,0.542739,0.040539
22440,8,24,0.010239,406,1.337952,0.464253,0.494642,0.062744
22440,13,22,0.009386,328,1.013115,0.749578,0.593302,0.069316
22440,25,19,0.008106,172,1.460877,0.528406,0.510351,0.073311
22440,90,18,0.007679,384,1.034638,0.445091,0.457902,0.044957
22440,34,17,0.007253,288,1.017386,0.482688,0.409429,0.074221
22440,0,16,0.006826,297,0.988063,0.358097,0.399127,0.044209
22460,79,1688,0.722912,5723,0.349539,0.448819,0.516589,0.092028
22460,73,42,0.017987,681,1.335524,0.493762,0.541854,0.040914
22460,8,23,0.00985,406,1.338624,0.463456,0.493143,0.061878
22460,13,21,0.008994,328,1.017119,0.743465,0.601032,0.069956
22460,25,21,0.008994,174,1.476598,0.524486,0.520308,0.073931
22460,90,18,0.007709,384,1.034638,0.445091,0.457902,0.044957
22460,34,17,0.007281,288,1.017386,0.482688,0.409429,0.074221
22460,0,16,0.006852,297,0.988063,0.358097,0.399127,0.044209
22480,79,1682,0.722198,5867,0.350333,0.450693,0.514112,0.09239
22480,73,40,0.017175,681,1.343165,0.492801,0.544897,0.041035
22480,8,24,0.010305,407,1.337854,0.457496,0.492589,0.061245
22480,13,23,0.009875,330,1.015472,0.737892,0.598749,0.069712
22480,25,20,0.008587,175,1.454438,0.507544,0.521299,0.07403
22480,2,17,0.007299,216,0.828144,0.627783,0.470416,0.07182
22480,34,17,0.007299,288,1.017386,0.482688,0.409429,0.074221
22480,90,17,0.007299,384,1.035657,0.45113,0.459919,0.045278
22500,79,1667,0.720709,6007,0.350544,0.453364,0.511621,0.092449
22500,73,40,0.017294,683,1.325026,0.505675,0.539419,0.041884
22500,8,24,0.010376,407,1.337854,0.457496,0.492589,0.061245
22500,13,24,0.010376,331,1.016941,0.74704,0.590503,0.069335
22500,25,21,0.009079,176,1.455532,0.510099,0.520107,0.073464
22500,2,17,0.00735,216,0.828144,0.627783,0.470416,0.07182
22500,34,17,0.00735,290,1.009295,0.498122,0.430651,0.077457
22500,0,15,0.006485,297,0.981482,0.357705,0.39719,0.044679
22520,79,1673,0.71957,6134,0.349917,0.455028,0.508847,0.092839
22520,73,39,0.016774,684,1.330576,0.50235,0.548853,0.04246
22520,8,25,0.010753,408,1.337404,0.453473,0.490429,0.060918
22520,13,24,0.010323,331,1.016941,0.74704,0.590503,0.069335
22520,25,21,0.009032,176,1.455532,0.510099,0.520107,0.073464
22520,2,18,0.007742,217,0.847247,0.629155,0.466588,0.071153
22520,34,16,0.006882,290,1.017262,0.504689,0.437111,0.07898
22520,42,16,0.006882,216,1.021012,0.484079,0.380897,0.050225
22540,79,1688,0.720751,6270,0.348951,0.454389,0.502965,0.093635
22540,73,39,0.016652,684,1.330576,0.50235,0.548853,0.04246
22540,13,25,0.010675,332,1.021488,0.754611,0.5926,0.069741
22540,8,23,0.009821,408,1.33495,0.448908,0.491542,0.059992
22540,25,20,0.00854,177,1.448839,0.508351,0.520177,0.073307
22540,2,18,0.007686,217,0.847247,0.629155,0.466588,0.071153
22540,34,16,0.006832,290,1.017262,0.504689,0.437111,0.07898
22540,0,15,0.006405,297,0.981482,0.357705,0.39719,0.044679
22560,79,1704,0.719595,6402,0.348896,0.458052,0.498502,0.094216
22560,73,41,0.017314,686,1.336265,0.503693,0.546771,0.042948
22560,13,26,0.01098,333,1.026654,0.745609,0.603022,0.069164
22560,8,23,0.009713,408,1.33495,0.448908,0.491542,0.059992
22560,2,20,0.008446,219,0.843448,0.64172,0.465313,0.072294
22560,25,20,0.008446,178,1.459908,0.503661,0.519856,0.073607
22560,0,15,0.006334,297,0.981482,0.357705,0.39719,0.044679
22560,34,15,0.006334,290,1.017652,0.509283,0.433903,0.080177
22580,79,1757,0.725434,6558,0.346528,0.462215,0.496708,0.094655
22580,73,42,0.017341,688,1.347129,0.500146,0.548569,0.043041
22580,13,28,0.011561,335,1.025608,0.748139,0.597559,0.068517
22580,2,20,0.008258,219,0.843448,0.64172,0.465313,0.072294
22580,8,20,0.008258,408,1.345648,0.457759,0.482965,0.060629
22580,25,18,0.007432,178,1.463298,0.502222,0.520954,0.073529
22580,82,16,0.006606,321,0.892832,0.425841,0.446515,0.034486
22580,0,15,0.006193,297,0.981482,0.357705,0.39719,0.044679
22600,79,1783,0.72835,6699,0.347344,0.464813,0.491738,0.095069
22600,73,42,0.017157,688,1.347129,0.500146,0.548569,0.043041
22600,13,28,0.011438,335,1.025608,0.748139,0.597559,0.068517
22600,2,20,0.00817,219,0.843448,0.64172,0.465313,0.072294
22600,8,19,0.007761,408,1.339888,0.457723,0.483908,0.05994
22600,25,18,0.007353,178,1.463298,0.502222,0.520954,0.073529
22600,42,17,0.006944,220,1.030775,0.490764,0.378567,0.051006
22600,90,16,0.006536,386,1.037687,0.451949,0.464433,0.044353
22620,79,1798,0.731192,6827,0.346388,0.468026,0.489666,0.095667
22620,73,44,0.017893,690,1.346584,0.495457,0.550758,0.042169
22620,13,26,0.010573,335,1.02694,0.752488,0.593418,0.068476
22620,2,20,0.008133,219,0.843448,0.64172,0.465313,0.072294
22620,8,19,0.007727,408,1.339888,0.457723,0.483908,0.05994
22620,42,19,0.007727,222,1.044331,0.490399,0.376344,0.051944
22620,25,18,0.00732,178,1.463298,0.502222,0.520954,0.073529
22620,0,16,0.006507,298,0.982253,0.359065,0.398334,0.044555
22640,79,1833,0.735554,6972,0.346453,0.469466,0.486707,0.096282
22640,73,45,0.018058,692,1.341595,0.49871,0.548334,0.042647
22640,13,25,0.010032,335,1.02557,0.756165,0.59954,0.068101
22640,2,20,0.008026,219,0.843448,0.64172,0.465313,0.072294
22640,25,19,0.007624,179,1.472184,0.503325,0.518108,0.074781
22640,42,19,0.007624,222,1.044331,0.490399,0.376344,0.051944
22640,8,18,0.007223,408,1.340626,0.463323,0.486426,0.060322
22640,0,15,0.006019,298,0.983008,0.360479,0.401068,0.043815
22660,79,1856,0.736508,7109,0.34461,0.471074,0.485057,0.096393
22660,73,46,0.018254,694,1.344543,0.49272,0.551597,0.041628
22660,13,24,0.009524,335,1.023402,0.763031,0.59895,0.069391
22660,2,20,0.007937,219,0.843448,0.64172,0.465313,0.072294
22660,42,19,0.00754,222,1.044331,0.490399,0.376344,0.051944
22660,8,18,0.007143,409,1.361093,0.483864,0.482252,0.062268
22660,25,18,0.007143,179,1.482967,0.51244,0.512232,0.074991
22660,0,15,0.005952,298,0.983008,0.360479,0.401068,0.043815
22680,79,1888,0.738365,7254,0.343076,0.472483,0.483559,0.097229
22680,73,48,0.018772,696,1.343176,0.49241,0.548463,0.0413
22680,13,25,0.009777,336,1.025022,0.769925,0.591602,0.069314
22680,2,20,0.007822,219,0.843448,0.64172,0.465313,0.072294
22680,25,19,0.007431,180,1.489894,0.517269,0.509338,0.073892
22680,42,18,0.007039,222,1.041523,0.490016,0.375436,0.052948
22680,0,16,0.006257,299,0.980788,0.359529,0.398249,0.044029
22680,8,16,0.006257,409,1.379203,0.485942,0.482233,0.063108
22700,79,1910,0.739164,7394,0.341062,0.472099,0.480438,0.097117
22700,73,47,0.018189,697,1.335191,0.493113,0.548694,0.041761
22700,13,26,0.010062,337,1.023709,0.763226,0.594414,0.068363
22700,2,20,0.00774,219,0.843448,0.64172,0.465313,0.072294
22700,25,20,0.00774,181,1.481774,0.514277,0.513375,0.073955
22700,8,18,0.006966,411,1.366599,0.476252,0.475313,0.06299
22700,42,18,0.006966,222,1.041523,0.490016,0.375436,0.052948
22700,0,16,0.006192,299,0.980788,0.359529,0.398249,0.044029
22720,79,1941,0.739429,7535,0.338994,0.474008,0.481227,0.097045
22720,73,47,0.017905,697,1.335191,0.493113,0.548694,0.041761
22720,13,25,0.009524,337,1.021281,0.759521,0.594197,0.067759
22720,25,21,0.008,183,1.431942,0.496333,0.49972,0.071068
22720,2,20,0.007619,219,0.843448,0.64172,0.465313,0.072294
22720,8,20,0.007619,413,1.363484,0.480904,0.477677,0.062111
22720,42,18,0.006857,222,1.041523,0.490016,0.375436,0.052948
22720,90,17,0.006476,389,1.044747,0.443256,0.456026,0.045654
22740,79,1975,0.741923,7672,0.338246,0.475293,0.480782,0.096875
22740,73,47,0.017656,699,1.337383,0.489765,0.549741,0.041764
22740,13,22,0.008264,337,1.013508,0.754204,0.592621,0.067358
22740,25,22,0.008264,184,1.439922,0.49562,0.498655,0.071021
22740,2,20,0.007513,219,0.843448,0.64172,0.465313,0.072294
22740,8,20,0.007513,413,1.363484,0.480904,0.477677,0.062111
22740,42,19,0.007137,224,1.048055,0.497393,0.37429,0.053079
22740,34,16,0.006011,294,0.979479,0.55412,0.397333,0.082853
22760,79,2029,0.74678,7825,0.336221,0.475948,0.479319,0.097259
22760,73,44,0.016194,700,1.349435,0.486126,0.548843,0.042104
22760,13,22,0.008097,338,1.000979,0.760943,0.589752,0.068535
22760,25,22,0.008097,186,1.446447,0.503625,0.489804,0.070353
22760,42,21,0.007729,226,1.040839,0.493206,0.369679,0.053479
22760,2,20,0.007361,219,0.843448,0.64172,0.465313,0.072294
22760,8,20,0.007361,413,1.363484,0.480904,0.477677,0.062111
22760,34,17,0.006257,295,0.984405,0.539434,0.392074,0.08233
22780,79,2051,0.746361,7950,0.334949,0.478939,0.478085,0.09764
22780,73,42,0.015284,700,1.351156,0.480611,0.553654,0.041667
22780,13,23,0.00837,340,0.981395,0.773909,0.570253,0.069711
22780,25,22,0.008006,186,1.446447,0.503625,0.489804,0.070353
22780,2,21,0.007642,221,0.830726,0.650979,0.464818,0.072109
22780,42,21,0.007642,226,1.040839,0.493206,0.369679,0.053479
22780,8,20,0.007278,413,1.363484,0.480904,0.477677,0.062111
22780,34,17,0.006186,295,0.984405,0.539434,0.392074,0.08233
22800,79,2074,0.74658,8075,0.332641,0.481657,0.476263,0.098398
22800,73,43,0.015479,701,1.350418,0.479262,0.553796,0.04123
22800,13,23,0.008279,341,0.976376,0.757605,0.574668,0.06825
22800,25,22,0.007919,186,1.446447,0.503625,0.489804,0.070353
22800,2,21,0.007559,221,0.830726,0.650979,0.464818,0.072109
22800,42,21,0.007559,226,1.040839,0.493206,0.369679,0.053479
22800,8,20,0.007199,413,1.363484,0.480904,0.477677,0.062111
22800,34,16,0.00576,295,0.979615,0.553351,0.396969,0.083533
22820,79,2079,0.746499,8187,0.332618,0.484798,0.475215,0.098271
22820,73,43,0.01544,703,1.353742,0.4758,0.554951,0.040795
22820,13,23,0.008259,341,0.976376,0.757605,0.574668,0.06825
22820,25,22,0.007899,186,1.446447,0.503625,0.489804,0.070353
22820,2,21,0.00754,221,0.830726,0.650979,0.464818,0.072109
22820,8,21,0.00754,415,1.342576,0.460797,0.490354,0.061383
22820,42,21,0.00754,226,1.040839,0.493206,0.369679,0.053479
22820,72,17,0.006104,288,0.952634,0.562069,0.442476,0.042348
22840,79,2090,0.749104,8300,0.330622,0.489565,0.473833,0.098976
22840,73,40,0.014337,704,1.354431,0.485101,0.550292,0.041793
22840,13,23,0.008244,342,0.96353,0.744801,0.575031,0.068139
22840,25,22,0.007885,186,1.446447,0.503625,0.489804,0.070353
22840,2,21,0.007527,221,0.830726,0.650979,0.464818,0.072109
22840,8,21,0.007527,415,1.342576,0.460797,0.490354,0.061383
22840,42,21,0.007527,227,1.057067,0.495484,0.370892,0.053588
22840,34,17,0.006093,297,0.980779,0.543311,0.39269,0.082234
22860,79,2103,0.749465,8410,0.328577,0.490909,0.473437,0.099337
22860,73,40,0.014255,705,1.352686,0.486221,0.553296,0.042113
22860,25,24,0.008553,189,1.463661,0.507538,0.499101,0.071061
22860,13,23,0.008197,342,0.96353,0.744801,0.575031,0.068139
22860,42,22,0.00784,228,1.054778,0.493893,0.370013,0.053335
22860,2,21,0.007484,221,0.830726,0.650979,0.464818,0.072109
22860,8,21,0.007484,415,1.342576,0.460797,0.490354,0.061383
22860,34,18,0.006415,298,0.975653,0.537255,0.395941,0.081199
22880,79,2099,0.750715,8527,0.328271,0.493627,0.473462,0.099692
22880,73,40,0.014306,706,1.352637,0.486959,0.552742,0.042488
22880,25,25,0.008941,190,1.466122,0.507989,0.497042,0.070531
22880,42,22,0.007868,228,1.054778,0.493893,0.370013,0.053335
22880,2,21,0.007511,221,0.830726,0.650979,0.464818,0.072109
22880,8,21,0.007511,416,1.357554,0.470056,0.497064,0.06167
22880,13,21,0.007511,342,0.967658,0.75342,0.573056,0.068559
22880,34,18,0.006438,298,0.975653,0.537255,0.395941,0.081199
22900,79,2104,0.749822,8646,0.327612,0.495017,0.472593,0.099816
22900,73,41,0.014612,707,1.35399,0.485034,0.553059,0.041853
22900,25,26,0.009266,192,1.471561,0.503586,0.507342,0.070526
22900,2,22,0.00784,222,0.83524,0.654066,0.462048,0.073236
22900,13,22,0.00784,343,0.968438,0.746455,0.579638,0.067307
22900,42,21,0.007484,228,1.054004,0.492974,0.36959,0.053395
22900,8,20,0.007128,416,1.355432,0.467281,0.492578,0.061393
22900,34,18,0.006415,299,0.965672,0.485953,0.388444,0.07829
22920,79,2128,0.751943,8767,0.32778,0.496367,0.4727,0.100246
22920,73,41,0.014488,707,1.35399,0.485034,0.553059,0.041853
22920,25,24,0.008481,192,1.463819,0.500295,0.510507,0.071396
22920,2,22,0.007774,222,0.83524,0.654066,0.462048,0.073236
22920,42,22,0.007774,229,1.045632,0.495765,0.37515,0.05383
22920,13,21,0.00742,344,0.976905,0.743753,0.58103,0.069389
22920,8,20,0.007067,416,1.355432,0.467281,0.492578,0.061393
22920,34,18,0.00636,300,0.967369,0.486765,0.38653,0.078319
22940,79,2129,0.753895,8877,0.327375,0.497257,0.472027,0.100314
22940,73,40,0.014164,708,1.357458,0.481699,0.55582,0.040561
22940,25,24,0.008499,192,1.463819,0.500295,0.510507,0.071396
22940,2,22,0.00779,222,0.83524,0.654066,0.462048,0.073236
22940,13,21,0.007436,344,0.976905,0.743753,0.58103,0.069389
22940,42,21,0.007436,229,1.043992,0.497923,0.375594,0.053499
22940,8,19,0.006728,416,1.362551,0.46752,0.496502,0.062188
22940,34,19,0.006728,301,0.970273,0.484003,0.391364,0.0778
22960,79,2112,0.751601,8964,0.326758,0.497595,0.471191,0.100627
22960,73,41,0.014591,709,1.350643,0.49063,0.552763,0.040719
22960,25,24,0.008541,192,1.463819,0.500295,0.510507,0.071396
22960,2,22,0.007829,222,0.83524,0.654066,0.462048,0.073236
22960,13,22,0.007829,346,0.993782,0.740126,0.58334,0.067594
22960,42,21,0.007473,229,1.043992,0.497923,0.375594,0.053499
22960,8,20,0.007117,417,1.355727,0.4642,0.493634,0.061649
22960,34,18,0.006406,301,0.965109,0.493978,0.395999,0.078014
22980,79,2102,0.750714,9055,0.327518,0.497388,0.472076,0.100817
22980,73,41,0.014643,710,1.359492,0.494873,0.557145,0.040949
22980,25,23,0.008214,192,1.46459,0.498376,0.508697,0.072062
22980,2,22,0.007857,222,0.83524,0.654066,0.462048,0.073236
22980,13,22,0.007857,346,0.993782,0.740126,0.58334,0.067594
22980,8,21,0.0075,418,1.373079,0.472435,0.493851,0.06302
22980,42,21,0.0075,229,1.043992,0.497923,0.375594,0.053499
22980,34,19,0.006786,302,0.974825,0.490372,0.407021,0.077697
23000,79,2094,0.751615,9164,0.328393,0.499135,0.472129,0.100978
23000,73,43,0.015434,712,1.353465,0.499068,0.55469,0.041154
23000,13,22,0.007897,346,0.993782,0.740126,0.58334,0.067594
23000,25,22,0.007897,192,1.472663,0.505202,0.514915,0.072667
23000,2,21,0.007538,222,0.839697,0.657681,0.464235,0.072875
23000,42,21,0.007538,229,1.043992,0.497923,0.375594,0.053499
23000,8,20,0.007179,418,1.382829,0.476683,0.494759,0.063538
23000,34,18,0.006461,302,0.980619,0.482436,0.400645,0.07585
23020,79,2107,0.7525,9277,0.328053,0.500326,0.472337,0.10125
23020,73,41,0.014643,712,1.35518,0.50069,0.553216,0.041794
23020,13,25,0.008929,349,1.008527,0.741461,0.592354,0.067089
23020,2,21,0.0075,222,0.839697,0.657681,0.464235,0.072875
23020,25,21,0.0075,192,1.460931,0.499024,0.505517,0.071551
23020,42,21,0.0075,230,1.045602,0.497469,0.37814,0.053251
23020,8,19,0.006786,418,1.374482,0.481544,0.484058,0.063122
23020,34,19,0.006786,303,0.997987,0.478165,0.401122,0.075198
23040,79,2108,0.755556,9376,0.328871,0.50185,0.474656,0.101043
23040,73,39,0.013978,713,1.365016,0.498974,0.554695,0.042939
23040,13,23,0.008244,349,1.013239,0.751687,0.590473,0.067622
23040,2,21,0.007527,222,0.839697,0.657681,0.464235,0.072875
23040,25,21,0.007527,192,1.460931,0.499024,0.505517,0.071551
23040,42,20,0.007168,230,1.049421,0.499232,0.380761,0.053109
23040,8,19,0.00681,418,1.374482,0.481544,0.484058,0.063122
23040,34,19,0.00681,303,0.997987,0.478165,0.401122,0.075198
23060,79,2109,0.757815,9483,0.328418,0.503405,0.474689,0.101259
23060,73,39,0.014014,713,1.365016,0.498974,0.554695,0.042939
23060,13,24,0.008624,350,1.018193,0.760008,0.591256,0.067632
23060,2,21,0.007546,222,0.839697,0.657681,0.464235,0.072875
23060,25,20,0.007186,192,1.453602,0.499944,0.506979,0.071627
23060,34,20,0.007186,305,1.015704,0.526595,0.393819,0.078645
23060,8,19,0.006827,418,1.374482,0.481544,0.484058,0.063122
23060,42,19,0.006827,230,1.048475,0.497065,0.382247,0.053659
23080,79,2116,0.75788,9582,0.328012,0.505994,0.47464,0.101297
23080,73,39,0.013968,713,1.365016,0.498974,0.554695,0.042939
23080,13,23,0.008238,350,1.031715,0.762083,0.589656,0.067147
23080,2,21,0.007521,222,0.839697,0.657681,0.464235,0.072875
23080,34,20,0.007163,306,1.010372,0.528023,0.394324,0.077906
23080,8,19,0.006805,419,1.370904,0.487542,0.493409,0.062018
23080,25,19,0.006805,192,1.449835,0.49895,0.510103,0.072354
23080,42,19,0.006805,230,1.048475,0.497065,0.382247,0.053659
23100,79,2123,0.757403,9702,0.327405,0.505723,0.474517,0.101421
23100,73,37,0.0132,713,1.371918,0.496273,0.554966,0.042277
23100,13,24,0.008562,351,1.031076,0.773587,0.595081,0.067695
23100,2,21,0.007492,222,0.839697,0.657681,0.464235,0.072875
23100,34,21,0.007492,307,1.007332,0.531634,0.393475,0.080796
23100,25,19,0.006778,192,1.449835,0.49895,0.510103,0.072354
23100,42,19,0.006778,230,1.048475,0.497065,0.382247,0.053659
23100,8,18,0.006422,419,1.368768,0.478356,0.489212,0.061824
23120,79,2122,0.757316,9791,0.326959,0.508994,0.474754,0.101672
23120,73,36,0.012848,713,1.371969,0.498468,0.554333,0.042986
23120,13,23,0.008208,351,1.033087,0.781125,0.589743,0.068855
23120,2,22,0.007852,223,0.837628,0.655453,0.460441,0.072903
23120,25,20,0.007138,193,1.458133,0.499356,0.509411,0.072408
23120,34,19,0.006781,307,1.014956,0.545928,0.404389,0.082409
23120,42,19,0.006781,230,1.048475,0.497065,0.382247,0.053659
23120,8,18,0.006424,420,1.396505,0.479683,0.489056,0.062735
23140,79,2133,0.759886,9897,0.32542,0.511251,0.474766,0.101748
23140,73,35,0.012469,713,1.362483,0.497561,0.552179,0.042794
23140,2,21,0.007481,223,0.845543,0.657037,0.457848,0.073253
23140,13,21,0.007481,352,1.041962,0.793148,0.594856,0.068026
23140,25,20,0.007125,193,1.458133,0.499356,0.509411,0.072408
23140,8,19,0.006769,421,1.386172,0.477604,0.488409,0.06332
23140,42,19,0.006769,230,1.048475,0.497065,0.382247,0.053659
23140,34,18,0.006413,307,0.998531,0.553963,0.404094,0.083461
23160,79,2152,0.7615,10007,0.325181,0.512763,0.474676,0.101881
23160,73,37,0.013093,716,1.357419,0.499907,0.555098,0.043364
23160,2,21,0.007431,223,0.845543,0.657037,0.457848,0.073253
23160,13,21,0.007431,352,1.041962,0.793148,0.594856,0.068026
23160,8,20,0.007077,422,1.371015,0.476076,0.488247,0.062583
23160,25,20,0.007077,194,1.457494,0.503644,0.50436,0.071572
23160,34,18,0.006369,308,0.989917,0.548279,0.390827,0.082975
23160,56,18,0.006369,321,1.140354,0.510666,0.364036,0.037878
23180,79,2169,0.760786,10106,0.32552,0.5151,0.475611,0.102172
23180,73,37,0.012978,716,1.357419,0.499907,0.555098,0.043364
23180,2,22,0.007717,224,0.854308,0.652523,0.45658,0.073446
23180,25,22,0.007717,196,1.466444,0.506982,0.509397,0.071757
23180,13,21,0.007366,352,1.041962,0.793148,0.594856,0.068026
23180,8,20,0.007015,423,1.346115,0.465532,0.480093,0.060879
23180,33,18,0.006314,210,1.00168,0.37197,0.370243,0.047556
23180,34,18,0.006314,308,0.989917,0.548279,0.390827,0.082975
23200,79,2175,0.762355,10199,0.327328,0.517571,0.475506,0.1024
23200,73,40,0.01402,720,1.350594,0.499007,0.547293,0.04356
23200,13,23,0.008062,354,1.034582,0.792655,0.597769,0.066809
23200,2,22,0.007711,224,0.854308,0.652523,0.45658,0.073446
23200,8,21,0.007361,424,1.350715,0.472237,0.487207,0.060781
23200,25,21,0.007361,196,1.47054,0.5116,0.508072,0.071729
23200,33,17,0.005959,210,0.995972,0.371916,0.371549,0.047722
23200,34,17,0.005959,308,0.981162,0.559462,0.393408,0.08362
23220,79,2190,0.763865,10303,0.327109,0.524295,0.473655,0.102616
23220,73,40,0.013952,720,1.350594,0.499007,0.547293,0.04356
23220,2,22,0.007674,224,0.854308,0.652523,0.45658,0.073446
23220,13,22,0.007674,354,1.046841,0.797826,0.59917,0.06604
23220,8,21,0.007325,424,1.350715,0.472237,0.487207,0.060781
23220,25,21,0.007325,196,1.47054,0.5116,0.508072,0.071729
23220,34,18,0.006278,309,0.977271,0.552975,0.397097,0.082156
23220,33,17,0.00593,210,0.995972,0.371916,0.371549,0.047722
23240,79,2175,0.762088,10389,0.327845,0.529251,0.473108,0.102908
23240,73,41,0.014366,721,1.351137,0.500776,0.546648,0.043306
23240,25,23,0.008059,198,1.505521,0.517521,0.509464,0.073725
23240,2,22,0.007708,224,0.854308,0.652523,0.45658,0.073446
23240,8,22,0.007708,426,1.315824,0.472139,0.490923,0.059464
23240,13,21,0.007358,355,1.034001,0.793432,0.581435,0.06727
23240,34,18,0.006307,309,0.977271,0.552975,0.397097,0.082156
23240,33,17,0.005957,210,0.995972,0.371916,0.371549,0.047722
23260,79,2192,0.762435,10488,0.328457,0.531584,0.472037,0.103149
23260,73,41,0.014261,723,1.351789,0.501225,0.543834,0.042651
23260,25,24,0.008348,199,1.516583,0.524147,0.517614,0.074911
23260,8,23,0.008,427,1.310282,0.471178,0.488432,0.058777
23260,2,22,0.007652,224,0.854308,0.652523,0.45658,0.073446
23260,13,21,0.007304,356,1.02285,0.819456,0.573703,0.068638
23260,33,18,0.006261,211,0.996409,0.370381,0.372476,0.047819
23260,34,18,0.006261,309,0.977271,0.552975,0.397097,0.082156
23280,79,2187,0.758585,10583,0.329219,0.532374,0.472682,0.103328
23280,73,44,0.015262,726,1.348989,0.501946,0.541628,0.042773
23280,25,24,0.008325,199,1.516583,0.524147,0.517614,0.074911
23280,8,23,0.007978,427,1.310282,0.471178,0.488432,0.058777
23280,2,22,0.007631,224,0.854308,0.652523,0.45658,0.073446
23280,13,22,0.007631,357,1.029956,0.828893,0.578618,0.069964
23280,33,18,0.006243,211,0.996409,0.370381,0.372476,0.047819
23280,34,18,0.006243,309,0.977271,0.552975,0.397097,0.082156
23300,79,2198,0.755586,10689,0.330014,0.53547,0.474771,0.10321
23300,73,44,0.015125,727,1.360407,0.490863,0.545635,0.042098
23300,25,25,0.008594,200,1.515024,0.523145,0.516833,0.075273
23300,8,24,0.00825,428,1.304943,0.471325,0.486399,0.058252
23300,13,24,0.00825,360,1.032388,0.84008,0.56547,0.071289
23300,2,22,0.007563,224,0.854308,0.652523,0.45658,0.073446
23300,34,19,0.006531,310,0.977428,0.541155,0.400544,0.082217
23300,33,18,0.006188,211,0.996409,0.370381,0.372476,0.047819
23320,79,2221,0.758279,10794,0.330218,0.538606,0.477148,0.103187
23320,73,44,0.015022,727,1.360407,0.490863,0.545635,0.042098
23320,25,26,0.008877,201,1.505291,0.523394,0.516811,0.074368
23320,13,24,0.008194,361,1.023193,0.845893,0.575855,0.071628
23320,8,23,0.007853,428,1.309498,0.472679,0.486818,0.057574
23320,2,22,0.007511,224,0.854308,0.652523,0.45658,0.073446
23320,34,19,0.006487,310,0.977428,0.541155,0.400544,0.082217
23320,33,18,0.006145,211,0.996409,0.370381,0.372476,0.047819
23340,79,2231,0.757298,10868,0.32987,0.539366,0.477736,0.103373
23340,73,43,0.014596,727,1.357375,0.493072,0.546352,0.041772
23340,13,25,0.008486,362,1.027451,0.850465,0.575404,0.071501
23340,25,25,0.008486,201,1.497115,0.52054,0.5148,0.074065
23340,8,23,0.007807,428,1.309498,0.472679,0.486818,0.057574
23340,2,21,0.007128,225,0.846253,0.65782,0.458375,0.07416
23340,34,20,0.006789,311,0.971421,0.537538,0.395744,0.081438
23340,56,19,0.006449,324,1.113614,0.516343,0.367998,0.038427
23360,79,2222,0.756812,10941,0.329037,0.54114,0.478681,0.103468
23360,73,43,0.014646,728,1.363176,0.485738,0.549531,0.041696
23360,13,24,0.008174,362,1.023089,0.846259,0.573993,0.071652
23360,25,24,0.008174,202,1.501029,0.515329,0.5122,0.074513
23360,8,23,0.007834,428,1.309498,0.472679,0.486818,0.057574
23360,2,21,0.007153,225,0.846253,0.65782,0.458375,0.07416
23360,34,21,0.007153,312,0.982466,0.528497,0.393333,0.080862
23360,56,20,0.006812,325,1.129878,0.514823,0.366133,0.038704
23380,79,2246,0.76239,11036,0.328745,0.542321,0.478663,0.103569
23380,73,44,0.014936,731,1.355041,0.493299,0.540029,0.041204
23380,13,24,0.008147,362,1.023089,0.846259,0.573993,0.071652
23380,25,23,0.007807,202,1.502056,0.513334,0.512893,0.075051
23380,2,21,0.007128,225,0.846253,0.65782,0.458375,0.07416
23380,8,21,0.007128,428,1.32415,0.47324,0.483379,0.058526
23380,34,20,0.006789,312,0.976485,0.478777,0.395034,0.078118
23380,56,19,0.006449,326,1.122289,0.51926,0.362785,0.038691
23400,79,2268,0.763894,11128,0.32836,0.547279,0.478222,0.103907
23400,73,47,0.01583,735,1.358913,0.493038,0.541094,0.041775
23400,13,24,0.008084,362,1.023089,0.846259,0.573993,0.071652
23400,25,24,0.008084,203,1.500549,0.515248,0.512891,0.074108
23400,2,22,0.00741,226,0.84628,0.660918,0.455566,0.074447
23400,8,19,0.006399,428,1.324635,0.468694,0.480918,0.05912
23400,34,19,0.006399,312,0.979674,0.479616,0.390116,0.079403
23400,56,18,0.006063,326,1.121405,0.519231,0.360769,0.038178
23420,79,2270,0.762513,11220,0.325911,0.54856,0.476931,0.104255
23420,73,44,0.01478,735,1.359034,0.492407,0.543514,0.041971
23420,13,24,0.008062,362,1.023089,0.846259,0.573993,0.071652
23420,25,24,0.008062,203,1.500549,0.515248,0.512891,0.074108
23420,2,21,0.007054,226,0.853354,0.65935,0.451748,0.074323
23420,8,21,0.007054,430,1.326288,0.463162,0.490035,0.058873
23420,34,20,0.006718,313,0.985133,0.475149,0.391613,0.078886
23420,56,19,0.006382,327,1.120056,0.523573,0.363068,0.038507
23440,79,2276,0.764015,11301,0.32562,0.549621,0.477898,0.104329
23440,73,42,0.014099,736,1.367202,0.48989,0.55035,0.043217
23440,13,24,0.008056,362,1.023089,0.846259,0.573993,0.071652
23440,25,24,0.008056,204,1.485139,0.508732,0.507893,0.074301
23440,2,22,0.007385,227,0.851808,0.656914,0.449682,0.073914
23440,8,20,0.006714,430,1.331496,0.465007,0.497781,0.058998
23440,56,20,0.006714,328,1.113399,0.524513,0.363153,0.038432
23440,34,19,0.006378,313,0.985389,0.482873,0.387878,0.078653
23460,79,2298,0.764471,11400,0.325649,0.552457,0.478307,0.10452
23460,73,42,0.013972,737,1.365375,0.488795,0.552505,0.043231
23460,13,24,0.007984,362,1.023089,0.846259,0.573993,0.071652
23460,25,24,0.007984,205,1.467033,0.500654,0.51442,0.072703
23460,2,21,0.006986,227,0.856293,0.658029,0.448208,0.074234
23460,56,20,0.006653,328,1.113399,0.524513,0.363153,0.038432
23460,8,19,0.006321,430,1.342074,0.466021,0.49955,0.059484
23460,72,18,0.005988,300,0.970277,0.562955,0.44094,0.040198
23480,79,2293,0.765865,11471,0.324935,0.554015,0.478692,0.104619
23480,73,42,0.014028,738,1.365778,0.484607,0.557207,0.042593
23480,13,23,0.007682,363,1.009614,0.841694,0.570626,0.071587
23480,25,23,0.007682,205,1.474295,0.501978,0.512464,0.072358
23480,2,21,0.007014,227,0.856293,0.658029,0.448208,0.074234
23480,56,20,0.00668,328,1.113399,0.524513,0.363153,0.038432
23480,8,19,0.006346,430,1.342074,0.466021,0.49955,0.059484
23480,33,17,0.005678,212,0.999088,0.370339,0.37546,0.048426
23500,79,2296,0.765333,11561,0.325065,0.554397,0.480361,0.104389
23500,73,43,0.014333,740,1.358442,0.492255,0.554474,0.042644
23500,13,23,0.007667,363,1.009614,0.841694,0.570626,0.071587
23500,25,23,0.007667,205,1.474295,0.501978,0.512464,0.072358
23500,56,21,0.007,329,1.128531,0.523152,0.362044,0.037952
23500,2,20,0.006667,228,0.871045,0.657352,0.447669,0.075123
23500,8,20,0.006667,431,1.33862,0.459724,0.497189,0.059251
23500,33,17,0.005667,212,0.999088,0.370339,0.37546,0.048426
23520,79,2289,0.766834,11641,0.324593,0.556909,0.481968,0.10439
23520,73,43,0.014405,740,1.358442,0.492255,0.554474,0.042644
23520,13,22,0.00737,364,1.011807,0.838454,0.562268,0.071056
23520,25,22,0.00737,205,1.466642,0.502343,0.511602,0.07266
23520,2,20,0.0067,228,0.871045,0.657352,0.447669,0.075123
23520,8,20,0.0067,431,1.33862,0.459724,0.497189,0.059251
23520,56,20,0.0067,329,1.134245,0.522011,0.360335,0.038075
23520,33,17,0.005695,212,0.999088,0.370339,0.37546,0.048426
23540,79,2317,0.769001,11732,0.323748,0.560151,0.482818,0.104431
23540,73,43,0.014271,740,1.358442,0.492255,0.554474,0.042644
23540,13,22,0.007302,364,1.011807,0.838454,0.562268,0.071056
23540,25,22,0.007302,205,1.466642,0.502343,0.511602,0.07266
23540,8,20,0.006638,432,1.359463,0.474326,0.506271,0.059667
23540,56,20,0.006638,329,1.134245,0.522011,0.360335,0.038075
23540,2,19,0.006306,228,0.875122,0.645416,0.445977,0.074667
23540,33,18,0.005974,213,0.99767,0.370909,0.375607,0.048356
23560,79,2316,0.770715,11808,0.323851,0.565208,0.482963,0.104186
23560,73,45,0.014975,742,1.358307,0.48727,0.554046,0.042939
23560,13,22,0.007321,365,0.994134,0.848335,0.551948,0.070823
23560,8,21,0.006988,433,1.376247,0.486605,0.503428,0.060812
23560,56,21,0.006988,330,1.135834,0.521812,0.357726,0.03788
23560,2,20,0.006656,229,0.865918,0.641132,0.444301,0.074753
23560,25,20,0.006656,205,1.4819,0.507594,0.519575,0.073967
23560,33,18,0.00599,213,0.99767,0.370909,0.375607,0.048356
23580,79,2312,0.768873,11884,0.323927,0.569411,0.483024,0.104328
23580,73,45,0.014965,743,1.353242,0.495856,0.548427,0.043698
23580,13,23,0.007649,366,0.989194,0.841666,0.545714,0.071889
23580,8,21,0.006984,433,1.376247,0.486605,0.503428,0.060812
23580,25,21,0.006984,206,1.481221,0.5124,0.516413,0.072864
23580,56,20,0.006651,330,1.14122,0.520557,0.357269,0.037443
23580,2,19,0.006319,229,0.866589,0.642335,0.442822,0.074351
23580,33,17,0.005653,213,0.995464,0.371126,0.37583,0.048985
23600,79,2313,0.767419,11975,0.322671,0.576414,0.483235,0.105372
23600,73,43,0.014267,743,1.347001,0.496148,0.547968,0.042212
23600,13,23,0.007631,366,0.989194,0.841666,0.545714,0.071889
23600,25,22,0.007299,207,1.489555,0.515019,0.518059,0.073668
23600,8,20,0.006636,433,1.373316,0.492869,0.494954,0.060058
23600,56,20,0.006636,330,1.14122,0.520557,0.357269,0.037443
23600,2,19,0.006304,230,0.870073,0.644672,0.447748,0.074215
23600,34,18,0.005972,317,0.996184,0.542653,0.404358,0.082331
23620,79,2318,0.766788,12055,0.323582,0.583569,0.482338,0.105607
23620,73,41,0.013563,744,1.344491,0.499736,0.546846,0.04247
23620,13,23,0.007608,367,0.981523,0.834051,0.558362,0.070521
23620,25,23,0.007608,208,1.489808,0.513887,0.521108,0.074374
23620,8,21,0.006947,434,1.361186,0.488066,0.493975,0.05944
23620,56,20,0.006616,330,1.14122,0.520557,0.357269,0.037443
23620,2,19,0.006285,230,0.870073,0.644672,0.447748,0.074215
23620,34,18,0.005954,317,0.996184,0.542653,0.404358,0.082331
23640,79,2338,0.768573,12135,0.322923,0.586593,0.480957,0.105768
23640,73,40,0.013149,744,1.343778,0.50134,0.543151,0.04276
23640,13,24,0.00789,368,0.985864,0.838532,0.554387,0.070926
23640,25,24,0.00789,209,1.48229,0.513641,0.519966,0.075024
23640,8,20,0.006575,434,1.365596,0.495465,0.496058,0.059672
23640,2,19,0.006246,230,0.870073,0.644672,0.447748,0.074215
23640,34,19,0.006246,318,0.992894,0.536065,0.407651,0.081974
23640,56,19,0.006246,330,1.14745,0.518925,0.355589,0.037405
23660,79,2342,0.768625,12203,0.322501,0.589336,0.480159,0.105733
23660,73,42,0.013784,747,1.334169,0.510878,0.534381,0.043202
23660,25,25,0.008205,212,1.506439,0.525938,0.526556,0.076297
23660,13,24,0.007877,368,0.985864,0.838532,0.554387,0.070926
23660,8,21,0.006892,435,1.356628,0.494297,0.496301,0.058736
23660,34,19,0.006236,318,0.992894,0.536065,0.407651,0.081974
23660,2,18,0.005907,230,0.866742,0.640549,0.450185,0.072955
23660,56,18,0.005907,330,1.154332,0.519426,0.354952,0.037089
23680,79,2349,0.769912,12278,0.322097,0.590793,0.47947,0.105836
23680,73,43,0.014094,748,1.335705,0.510243,0.53535,0.042954
23680,13,24,0.007866,368,0.985864,0.838532,0.554387,0.070926
23680,25,24,0.007866,213,1.481865,0.533609,0.521666,0.074893
23680,8,20,0.006555,435,1.363931,0.497065,0.496463,0.059543
23680,56,19,0.006227,331,1.15501,0.527173,0.357971,0.037369
23680,2,18,0.0059,230,0.866742,0.640549,0.450185,0.072955
23680,34,18,0.0059,318,0.987563,0.544165,0.406962,0.082692
23700,79,2327,0.76748,12334,0.321867,0.597208,0.478147,0.106076
23700,73,43,0.014182,749,1.335314,0.510533,0.534957,0.042882
23700,25,24,0.007916,213,1.481865,0.533609,0.521666,0.074893
23700,13,23,0.007586,368,0.981253,0.835332,0.551535,0.070609
23700,8,19,0.006266,435,1.353891,0.490572,0.491438,0.059314
23700,34,19,0.006266,319,0.99367,0.5338,0.402915,0.081265
23700,56,19,0.006266,331,1.15501,0.527173,0.357971,0.037369
23700,33,18,0.005937,215,0.994037,0.373119,0.378066,0.047655
23720,79,2303,0.764862,12404,0.322173,0.60079,0.478907,0.106171
23720,73,45,0.014945,752,1.332887,0.507902,0.537161,0.043075
23720,13,24,0.007971,369,0.978436,0.839615,0.551498,0.070867
23720,25,24,0.007971,213,1.481865,0.533609,0.521666,0.074893
23720,34,22,0.007307,322,0.989217,0.518288,0.405045,0.078972
23720,8,20,0.006642,437,1.356224,0.50348,0.493969,0.060005
23720,56,20,0.006642,332,1.151913,0.527724,0.36111,0.036985
23720,2,19,0.00631,232,0.861686,0.643647,0.44719,0.072717
23740,79,2287,0.764116,12466,0.321789,0.601924,0.480078,0.106128
23740,73,43,0.014367,752,1.336492,0.505003,0.540025,0.043391
23740,13,26,0.008687,371,0.969889,0.833594,0.542045,0.071326
23740,25,23,0.007685,213,1.482483,0.530352,0.524644,0.07594
23740,34,22,0.00735,322,0.989217,0.518288,0.405045,0.078972
23740,56,21,0.007016,333,1.143926,0.527263,0.361098,0.036793
23740,8,20,0.006682,438,1.337095,0.48457,0.491872,0.058956
23740,33,20,0.006682,218,0.994257,0.372563,0.379173,0.047603
23760,79,2306,0.763576,12542,0.32218,0.604795,0.480959,0.105902
23760,73,42,0.013907,753,1.338231,0.503164,0.543422,0.042517
23760,13,27,0.00894,372,0.973231,0.83692,0.536558,0.07213
23760,25,24,0.007947,214,1.482484,0.531169,0.5219,0.075506
23760,33,22,0.007285,220,0.996226,0.37156,0.380822,0.048054
23760,34,22,0.007285,322,0.989217,0.518288,0.405045,0.078972
23760,56,22,0.007285,334,1.14072,0.526167,0.364063,0.036903
23760,8,20,0.006623,438,1.337095,0.48457,0.491872,0.058956
23780,79,2299,0.764804,12616,0.323135,0.614081,0.479967,0.106618
23780,73,40,0.013307,753,1.337852,0.504255,0.548116,0.041898
23780,13,27,0.008982,372,0.973231,0.83692,0.536558,0.07213
23780,25,24,0.007984,215,1.473181,0.529983,0.519099,0.074341
23780,33,22,0.007319,220,0.996226,0.37156,0.380822,0.048054
23780,56,22,0.007319,334,1.14072,0.526167,0.364063,0.036903
23780,34,21,0.006986,322,0.980214,0.522048,0.399417,0.079347
23780,8,20,0.006653,438,1.337095,0.48457,0.491872,0.058956
23800,79,2313,0.763114,12698,0.322857,0.61635,0.479097,0.107148
23800,73,39,0.012867,753,1.342437,0.501339,0.552345,0.041919
23800,13,28,0.009238,373,0.971245,0.8401,0.534006,0.072427
23800,25,27,0.008908,218,1.453745,0.519581,0.525602,0.074174
23800,33,23,0.007588,221,0.993514,0.371969,0.380978,0.047343
23800,56,23,0.007588,335,1.130745,0.528138,0.364338,0.037144
23800,8,21,0.006928,439,1.355181,0.484293,0.490658,0.059119
23800,34,20,0.006598,323,0.973432,0.485501,0.40215,0.07746
23820,79,2302,0.76074,12771,0.323939,0.620883,0.478844,0.107659
23820,73,41,0.013549,755,1.35306,0.494836,0.565342,0.042361
23820,13,29,0.009584,374,0.970055,0.848348,0.535042,0.073018
23820,25,27,0.008923,218,1.453745,0.519581,0.525602,0.074174
23820,33,23,0.007601,221,0.993514,0.371969,0.380978,0.047343
23820,56,23,0.007601,335,1.130745,0.528138,0.364338,0.037144
23820,8,22,0.00727,440,1.366101,0.493114,0.489663,0.059928
23820,34,19,0.006279,323,0.966582,0.492778,0.405943,0.078612
23840,79,2305,0.759974,12843,0.324802,0.625918,0.479067,0.107733
23840,73,41,0.013518,755,1.35306,0.494836,0.565342,0.042361
23840,13,28,0.009232,374,0.969339,0.85766,0.530765,0.073974
23840,25,27,0.008902,218,1.453745,0.519581,0.525602,0.074174
23840,33,25,0.008243,223,0.997696,0.372824,0.379493,0.047648
23840,56,23,0.007583,335,1.130745,0.528138,0.364338,0.037144
23840,8,22,0.007254,440,1.366101,0.493114,0.489663,0.059928
23840,2,19,0.006264,236,0.875547,0.638406,0.447885,0.071975
23860,79,2327,0.759713,12933,0.326427,0.629644,0.479438,0.107415
23860,73,40,0.013059,755,1.351453,0.495112,0.56518,0.042657
23860,13,29,0.009468,375,0.975054,0.864108,0.528742,0.073602
23860,25,27,0.008815,218,1.453745,0.519581,0.525602,0.074174
23860,33,25,0.008162,223,0.997696,0.372824,0.379493,0.047648
23860,8,22,0.007183,441,1.385334,0.507813,0.492024,0.060966
23860,56,22,0.007183,336,1.119348,0.520002,0.361101,0.036697
23860,34,20,0.00653,325,0.961885,0.490354,0.405935,0.077536
23880,79,2347,0.760285,13012,0.325812,0.633175,0.479095,0.107746
23880,73,41,0.013282,757,1.361352,0.485152,0.569631,0.04149
23880,13,29,0.009394,375,0.975054,0.864108,0.528742,0.073602
23880,25,27,0.008746,218,1.453745,0.519581,0.525602,0.074174
23880,33,24,0.007775,223,0.999262,0.372543,0.378668,0.047453
23880,8,22,0.007127,441,1.385334,0.507813,0.492024,0.060966
23880,56,21,0.006803,337,1.126477,0.528991,0.359199,0.0369
23880,34,20,0.006479,325,0.961885,0.490354,0.405935,0.077536
23900,79,2340,0.759001,13076,0.325576,0.638892,0.479889,0.107863
23900,73,42,0.013623,760,1.349862,0.487249,0.562023,0.040788
23900,13,29,0.009406,375,0.975054,0.864108,0.528742,0.073602
23900,25,26,0.008433,218,1.452827,0.520369,0.52666,0.073797
23900,33,24,0.007785,223,0.999262,0.372543,0.378668,0.047453
23900,8,23,0.00746,442,1.375327,0.508514,0.490543,0.060163
23900,34,20,0.006487,325,0.961885,0.490354,0.405935,0.077536
23900,2,19,0.006163,236,0.875547,0.638406,0.447885,0.071975
23920,79,2360,0.762274,13153,0.324437,0.640952,0.480695,0.108096
23920,73,40,0.01292,760,1.348639,0.491677,0.563858,0.041274
23920,13,28,0.009044,375,0.984309,0.873032,0.532905,0.073962
23920,25,25,0.008075,219,1.43859,0.515637,0.514065,0.071419
23920,33,24,0.007752,223,0.999262,0.372543,0.378668,0.047453
23920,8,23,0.007429,442,1.375327,0.508514,0.490543,0.060163
23920,34,20,0.00646,325,0.961885,0.490354,0.405935,0.077536
23920,2,19,0.006137,236,0.875547,0.638406,0.447885,0.071975
23940,79,2364,0.763319,13226,0.324637,0.64391,0.482141,0.108099
23940,73,42,0.013562,762,1.351598,0.488217,0.561995,0.041945
23940,13,29,0.009364,376,0.99843,0.864623,0.544161,0.0734
23940,25,27,0.008718,221,1.443377,0.518987,0.509778,0.070628
23940,33,24,0.007749,223,0.999262,0.372543,0.378668,0.047453
23940,8,23,0.007427,442,1.375327,0.508514,0.490543,0.060163
23940,34,21,0.006781,327,0.963096,0.533198,0.41217,0.07979
23940,2,19,0.006135,236,0.875547,0.638406,0.447885,0.071975
23960,79,2377,0.763082,13304,0.324761,0.644612,0.482497,0.108153
23960,73,42,0.013483,763,1.346787,0.492284,0.557365,0.042329
23960,13,28,0.008989,377,0.997036,0.857603,0.536621,0.073414
23960,25,25,0.008026,222,1.450461,0.510042,0.51488,0.069828
23960,8,24,0.007705,445,1.3658,0.509332,0.505037,0.06113
23960,33,23,0.007384,223,1.002144,0.371532,0.376589,0.04712
23960,56,22,0.007063,342,1.091968,0.533521,0.365145,0.037443
23960,34,21,0.006742,327,0.963096,0.533198,0.41217,0.07979
23980,79,2389,0.763747,13380,0.325174,0.649925,0.48163,0.10831
23980,73,44,0.014066,766,1.346818,0.489089,0.561053,0.041488
23980,13,28,0.008951,377,0.997036,0.857603,0.536621,0.073414
23980,25,25,0.007992,222,1.450461,0.510042,0.51488,0.069828
23980,8,24,0.007673,445,1.3658,0.509332,0.505037,0.06113
23980,33,24,0.007673,224,1.00065,0.371078,0.377521,0.047566
23980,34,22,0.007033,328,0.969049,0.531065,0.42062,0.079715
23980,56,21,0.006714,342,1.091915,0.533299,0.362497,0.037812
24000,79,2382,0.763462,13443,0.32433,0.655898,0.480148,0.10865
24000,73,44,0.014103,769,1.344603,0.48842,0.557013,0.039999
24000,13,28,0.008974,378,0.999112,0.845879,0.540102,0.072251
24000,25,24,0.007692,222,1.455565,0.508882,0.515855,0.070139
24000,33,24,0.007692,224,1.00065,0.371078,0.377521,0.047566
24000,8,23,0.007372,445,1.375124,0.51015,0.508592,0.061519
24000,34,22,0.007051,328,0.969049,0.531065,0.42062,0.079715
24000,56,20,0.00641,343,1.07255,0.535401,0.363716,0.037678
24020,79,2374,0.76482,13492,0.324884,0.657598,0.480769,0.108868
24020,73,46,0.01482,771,1.348173,0.488419,0.556019,0.040833
24020,13,27,0.008698,378,0.996796,0.842444,0.545173,0.072199
24020,33,24,0.007732,224,1.00065,0.371078,0.377521,0.047566
24020,25,22,0.007088,222,1.4297,0.502826,0.511342,0.069644
24020,34,21,0.006765,328,0.965264,0.540647,0.425285,0.080543
24020,56,21,0.006765,344,1.063709,0.537876,0.364195,0.038163
24020,90,21,0.006765,413,1.015893,0.466488,0.489976,0.049607
24040,79,2381,0.764857,13562,0.324395,0.661122,0.478952,0.109067
24040,73,49,0.01574,774,1.342281,0.487637,0.55282,0.040854
24040,13,26,0.008352,378,0.994361,0.839331,0.550991,0.071398
24040,33,24,0.00771,224,1.00065,0.371078,0.377521,0.047566
24040,25,23,0.007388,224,1.418139,0.50312,0.511187,0.069824
24040,56,23,0.007388,346,1.071037,0.539253,0.363,0.038548
24040,8,21,0.006746,446,1.369147,0.507619,0.511922,0.061667
24040,34,21,0.006746,328,0.965264,0.540647,0.425285,0.080543
24060,79,2383,0.765746,13633,0.324143,0.66482,0.478821,0.109114
24060,73,46,0.014781,775,1.332743,0.484399,0.550657,0.041069
24060,13,24,0.007712,378,0.982023,0.843157,0.540213,0.071699
24060,33,24,0.007712,224,1.00065,0.371078,0.377521,0.047566
24060,56,24,0.007712,347,1.061938,0.539194,0.364687,0.038663
24060,25,23,0.007391,225,1.419887,0.511926,0.499909,0.069574
24060,8,22,0.007069,447,1.359067,0.502887,0.50863,0.061521
24060,69,20,0.006427,227,1.099796,0.74929,0.377526,0.06388
24080,79,2371,0.766818,13706,0.324877,0.667888,0.476672,0.109341
24080,73,44,0.01423,775,1.333112,0.485744,0.548962,0.041739
24080,56,25,0.008085,348,1.056283,0.539653,0.365705,0.03895
24080,13,24,0.007762,379,0.974492,0.83742,0.540156,0.072174
24080,25,24,0.007762,226,1.418501,0.513855,0.4969,0.069583
24080,33,24,0.007762,225,1.000734,0.372486,0.377411,0.047745
24080,8,21,0.006792,447,1.367492,0.50423,0.511916,0.062251
24080,69,20,0.006468,227,1.099796,0.74929,0.377526,0.06388
24100,79,2390,0.766763,13785,0.324237,0.667273,0.476138,0.109115
24100,73,44,0.014116,776,1.341034,0.479216,0.559164,0.042069
24100,56,26,0.008341,351,1.052411,0.539321,0.361336,0.038503
24100,13,25,0.008021,380,0.974117,0.840824,0.540129,0.072437
24100,25,24,0.0077,226,1.418501,0.513855,0.4969,0.069583
24100,33,23,0.007379,226,1.002182,0.367706,0.377433,0.047037
24100,8,21,0.006737,447,1.367492,0.50423,0.511916,0.062251
24100,69,20,0.006416,227,1.099796,0.74929,0.377526,0.06388
24120,79,2385,0.762956,13859,0.324605,0.676531,0.476414,0.109091
24120,73,44,0.014075,778,1.335744,0.479994,0.559703,0.042901
24120,56,28,0.008957,353,1.049148,0.540115,0.363229,0.03874
24120,13,26,0.008317,381,0.980565,0.84545,0.546085,0.072681
24120,33,25,0.007997,228,1.002817,0.367612,0.377243,0.047151
24120,25,24,0.007678,226,1.418501,0.513855,0.4969,0.069583
24120,8,22,0.007038,448,1.357371,0.499922,0.509514,0.062409
24120,69,20,0.006398,227,1.099796,0.74929,0.377526,0.06388
24140,79,2400,0.765795,13936,0.323516,0.683444,0.476547,0.109385
24140,73,42,0.013401,778,1.335659,0.478913,0.565476,0.042432
24140,56,27,0.008615,353,1.04047,0.542068,0.364167,0.038871
24140,13,26,0.008296,381,0.980565,0.84545,0.546085,0.072681
24140,33,25,0.007977,228,1.002817,0.367612,0.377243,0.047151
24140,25,23,0.007339,227,1.415821,0.503374,0.503731,0.071044
24140,8,22,0.00702,448,1.357371,0.499922,0.509514,0.062409
24140,69,20,0.006382,227,1.099796,0.74929,0.377526,0.06388
24160,79,2389,0.764235,14006,0.322512,0.690236,0.475261,0.109435
24160,73,41,0.013116,778,1.32969,0.481808,0.564469,0.043044
24160,56,28,0.008957,354,1.051023,0.539904,0.362918,0.038906
24160,13,27,0.008637,382,0.982619,0.849307,0.540656,0.073342
24160,33,25,0.007997,228,1.002817,0.367612,0.377243,0.047151
24160,25,23,0.007358,228,1.408049,0.504422,0.508879,0.070759
24160,8,22,0.007038,448,1.357371,0.499922,0.509514,0.062409
24160,69,21,0.006718,228,1.10007,0.751311,0.37751,0.06412
24180,79,2411,0.765154,14089,0.322389,0.695768,0.47476,0.109501
24180,73,42,0.013329,779,1.326962,0.486938,0.560546,0.043501
24180,13,29,0.009203,384,0.984444,0.865773,0.535219,0.073911
24180,56,26,0.008251,354,1.064966,0.538157,0.360939,0.038469
24180,33,25,0.007934,228,1.002817,0.367612,0.377243,0.047151
24180,8,22,0.006982,449,1.335503,0.491931,0.501165,0.062125
24180,25,22,0.006982,228,1.401357,0.501573,0.510326,0.070783
24180,69,21,0.006665,228,1.10007,0.751311,0.37751,0.06412
24200,79,2413,0.76506,14168,0.321878,0.700239,0.473997,0.10979
24200,73,44,0.013951,781,1.319878,0.488149,0.557138,0.043119
24200,13,28,0.008878,384,0.97749,0.860013,0.529983,0.073057
24200,56,27,0.008561,356,1.054798,0.539922,0.364709,0.038697
24200,33,25,0.007926,228,1.002817,0.367612,0.377243,0.047151
24200,8,23,0.007292,451,1.338367,0.498653,0.489376,0.062533
24200,25,21,0.006658,228,1.395029,0.497906,0.511917,0.071211
24200,34,21,0.006658,332,0.978162,0.541071,0.414001,0.080444
24220,79,2431,0.765428,14253,0.32096,0.706605,0.473678,0.109971
24220,73,45,0.014169,783,1.326505,0.493355,0.553338,0.043727
24220,13,27,0.008501,384,0.979546,0.859307,0.528155,0.073732
24220,56,26,0.008186,357,1.043056,0.542465,0.364424,0.038879
24220,33,25,0.007872,228,1.002817,0.367612,0.377243,0.047151
24220,8,23,0.007242,452,1.335918,0.497924,0.490856,0.06272
24220,25,23,0.007242,230,1.422734,0.507491,0.510452,0.071606
24220,34,21,0.006612,332,0.978162,0.541071,0.414001,0.080444
24240,79,2469,0.766294,14343,0.321074,0.719483,0.474122,0.110858
24240,73,44,0.013656,784,1.320846,0.492777,0.55679,0.042857
24240,13,29,0.009001,386,0.980504,0.875294,0.534209,0.074591
24240,56,27,0.00838,358,1.039328,0.544007,0.365331,0.038842
24240,33,25,0.007759,228,1.002817,0.367612,0.377243,0.047151
24240,25,24,0.007449,232,1.448243,0.505955,0.505807,0.07096
24240,8,23,0.007138,453,1.348666,0.505077,0.496905,0.063061
24240,34,21,0.006518,332,0.978162,0.541071,0.414001,0.080444
24260,79,2471,0.769303,14408,0.321474,0.718486,0.474197,0.110245
24260,73,42,0.013076,786,1.311846,0.501992,0.553757,0.042294
24260,13,28,0.008717,386,0.986493,0.874601,0.533708,0.07447
24260,56,27,0.008406,358,1.039328,0.544007,0.365331,0.038842
24260,33,25,0.007783,228,1.002817,0.367612,0.377243,0.047151
24260,34,24,0.007472,335,0.985755,0.52296,0.40345,0.07818
24260,25,23,0.007161,232,1.449111,0.512315,0.500235,0.071184
24260,8,22,0.006849,453,1.357931,0.509424,0.498623,0.062939
24280,79,2463,0.767768,14472,0.321285,0.72978,0.47368,0.110729
24280,73,44,0.013716,788,1.300367,0.508352,0.547219,0.042626
24280,13,29,0.00904,387,0.984496,0.877242,0.534485,0.074529
24280,33,26,0.008105,229,1.00148,0.367568,0.376823,0.04714
24280,56,26,0.008105,359,1.043479,0.543076,0.364405,0.038747
24280,34,24,0.007481,335,0.985755,0.52296,0.40345,0.07818
24280,8,23,0.00717,454,1.34557,0.506535,0.499168,0.063142
24280,69,22,0.006858,229,1.09908,0.753357,0.376479,0.064017
24300,79,2466,0.770144,14546,0.321025,0.739545,0.473072,0.111128
24300,73,43,0.013429,788,1.303511,0.506142,0.550899,0.042639
24300,13,29,0.009057,387,0.984496,0.877242,0.534485,0.074529
24300,33,26,0.00812,229,1.00148,0.367568,0.376823,0.04714
24300,56,26,0.00812,360,1.042728,0.544933,0.364241,0.038693
24300,34,24,0.007495,335,0.985755,0.52296,0.40345,0.07818
24300,8,23,0.007183,454,1.34557,0.506535,0.499168,0.063142
24300,69,22,0.006871,229,1.09908,0.753357,0.376479,0.064017
24320,79,2459,0.769399,14614,0.320958,0.746278,0.471343,0.111176
24320,73,41,0.012829,788,1.315697,0.497899,0.557881,0.042311
24320,13,29,0.009074,387,0.984496,0.877242,0.534485,0.074529
24320,56,27,0.008448,361,1.041238,0.54268,0.364475,0.038885
24320,33,26,0.008135,229,1.00148,0.367568,0.376823,0.04714
24320,34,23,0.007196,335,0.987069,0.52524,0.399579,0.078752
24320,8,22,0.006884,454,1.354224,0.505744,0.50104,0.06408
24320,69,22,0.006884,229,1.09908,0.753357,0.376479,0.064017
24340,79,2474,0.771678,14694,0.319003,0.753225,0.470817,0.111175
24340,73,39,0.012165,788,1.31912,0.498388,0.555222,0.041835
24340,13,30,0.009357,388,0.986887,0.887626,0.541939,0.074499
24340,56,27,0.008422,362,1.032247,0.547082,0.368027,0.038884
24340,33,26,0.00811,229,1.00148,0.367568,0.376823,0.04714
24340,8,23,0.007174,455,1.357965,0.4998,0.49639,0.06395
24340,69,22,0.006862,229,1.09908,0.753357,0.376479,0.064017
24340,25,21,0.00655,232,1.445616,0.51142,0.497844,0.070854
24360,79,2494,0.772136,14780,0.31809,0.765926,0.470183,0.111457
24360,73,40,0.012384,790,1.30183,0.509351,0.541316,0.041663
24360,13,31,0.009598,390,1.004598,0.892347,0.550809,0.07461
24360,56,27,0.008359,362,1.032247,0.547082,0.368027,0.038884
24360,33,26,0.00805,229,1.00148,0.367568,0.376823,0.04714
24360,80,23,0.007121,140,0.890061,0.552546,0.466976,0.050215
24360,8,22,0.006811,455,1.336125,0.497028,0.499175,0.063345
24360,25,21,0.006502,232,1.445616,0.51142,0.497844,0.070854
24380,79,2499,0.773445,14867,0.317624,0.77004,0.469967,0.112378
24380,73,39,0.012071,790,1.302084,0.5129,0.540488,0.041272
24380,13,31,0.009595,390,1.004598,0.892347,0.550809,0.07461
24380,56,27,0.008357,363,1.03129,0.547543,0.366728,0.039209
24380,33,25,0.007738,229,0.999267,0.36716,0.377737,0.047162
24380,80,24,0.007428,141,0.894135,0.549694,0.468489,0.050318
24380,69,22,0.006809,230,1.096607,0.750404,0.378161,0.063164
24380,8,21,0.0065,455,1.345112,0.501481,0.502017,0.063578
24400,79,2497,0.772587,14935,0.31719,0.778104,0.470576,0.112823
24400,73,40,0.012376,792,1.303865,0.504707,0.543944,0.040595
24400,13,31,0.009592,390,1.004598,0.892347,0.550809,0.07461
24400,33,26,0.008045,230,1.001246,0.367079,0.37621,0.047063
24400,56,26,0.008045,363,1.033102,0.548677,0.366953,0.03945
24400,80,24,0.007426,141,0.894135,0.549694,0.468489,0.050318
24400,69,22,0.006807,230,1.096607,0.750404,0.378161,0.063164
24400,8,21,0.006498,455,1.345112,0.501481,0.502017,0.063578
24420,79,2503,0.773008,15012,0.317266,0.790674,0.470464,0.11341
24420,73,41,0.012662,796,1.31249,0.498658,0.545472,0.040243
24420,13,30,0.009265,390,1.000026,0.890054,0.546003,0.07447
24420,33,26,0.00803,230,1.001246,0.367079,0.37621,0.047063
24420,56,25,0.007721,363,1.020987,0.551364,0.368464,0.039434
24420,80,25,0.007721,143,0.895894,0.551312,0.469339,0.050218
24420,69,23,0.007103,231,1.100423,0.747982,0.379377,0.063028
24420,8,21,0.006485,455,1.345112,0.501481,0.502017,0.063578
24440,79,2530,0.776074,15108,0.319456,0.807414,0.468129,0.113953
24440,73,41,0.012577,797,1.307954,0.497665,0.54498,0.039906
24440,13,32,0.009816,392,0.994681,0.891906,0.544914,0.074356
24440,33,28,0.008589,232,1.00068,0.367922,0.375911,0.046457
24440,56,26,0.007975,365,1.002604,0.555819,0.369348,0.039667
24440,80,25,0.007669,144,0.88879,0.551713,0.468151,0.05009
24440,69,24,0.007362,232,1.09976,0.748557,0.380454,0.063021
24440,8,21,0.006442,456,1.367673,0.512988,0.501837,0.064841
24460,79,2543,0.777676,15190,0.319273,0.825392,0.467265,0.114958
24460,73,39,0.011927,797,1.307622,0.501555,0.542196,0.040738
24460,13,33,0.010092,394,0.995651,0.891522,0.548305,0.074268
24460,33,26,0.007951,232,1.002473,0.367639,0.375874,0.04621
24460,56,26,0.007951,365,1.002604,0.555819,0.369348,0.039667
24460,69,25,0.007645,233,1.104053,0.75122,0.379929,0.063676
24460,80,24,0.007339,145,0.888186,0.551548,0.466444,0.049368
24460,8,21,0.006422,456,1.367673,0.512988,0.501837,0.064841
24480,79,2551,0.7806,15269,0.319554,0.852069,0.465478,0.116089
24480,73,41,0.012546,799,1.303701,0.510986,0.54171,0.040874
24480,13,33,0.010098,394,0.995651,0.891522,0.548305,0.074268
24480,56,27,0.008262,367,1.006763,0.556044,0.365619,0.039365
24480,33,26,0.007956,232,1.002473,0.367639,0.375874,0.04621
24480,80,25,0.00765,146,0.89052,0.549521,0.467859,0.049065
24480,69,24,0.007344,235,1.106909,0.761195,0.380168,0.063741
24480,8,22,0.006732,457,1.377477,0.510173,0.499196,0.064744
24500,79,2564,0.781231,15366,0.319868,0.86897,0.465793,0.116509
24500,73,44,0.013406,802,1.301615,0.510701,0.541156,0.041544
24500,13,33,0.010055,396,0.976859,0.886247,0.531374,0.074698
24500,56,27,0.008227,367,1.006763,0.556044,0.365619,0.039365
24500,80,26,0.007922,147,0.888621,0.551123,0.467995,0.048912
24500,33,25,0.007617,232,1.005218,0.367105,0.375532,0.046791
24500,69,25,0.007617,238,1.119343,0.760741,0.384027,0.063911
24500,8,21,0.006399,457,1.374487,0.516894,0.504201,0.064919
24520,79,2590,0.784136,15462,0.319861,0.890598,0.46402,0.116907
24520,73,43,0.013018,804,1.296141,0.512745,0.538175,0.041861
24520,13,32,0.009688,396,0.975945,0.88126,0.526135,0.074378
24520,56,27,0.008174,367,1.006763,0.556044,0.365619,0.039365
24520,80,27,0.008174,151,0.885878,0.550371,0.468868,0.049592
24520,69,26,0.007872,239,1.119542,0.758396,0.383833,0.063589
24520,33,25,0.007569,232,1.005218,0.367105,0.375532,0.046791
24520,8,23,0.006963,459,1.383255,0.514777,0.518885,0.064353
24540,79,2598,0.78442,15549,0.320675,0.906717,0.462969,0.117267
24540,73,44,0.013285,806,1.304408,0.505166,0.544978,0.041075
24540,13,32,0.009662,396,0.975945,0.88126,0.526135,0.074378
24540,80,29,0.008756,153,0.888379,0.547294,0.468143,0.049723
24540,69,27,0.008152,240,1.11766,0.759053,0.384708,0.063264
24540,33,25,0.007548,232,1.005218,0.367105,0.375532,0.046791
24540,56,25,0.007548,367,1.010146,0.553775,0.364118,0.039144
24540,8,24,0.007246,460,1.379178,0.514783,0.519047,0.063386
24560,79,2606,0.784467,15627,0.321009,0.91058,0.462346,0.117221
24560,73,43,0.012944,806,1.302138,0.507614,0.544555,0.041564
24560,13,32,0.009633,396,0.975945,0.88126,0.526135,0.074378
24560,80,31,0.009332,155,0.887165,0.548834,0.468005,0.049013
24560,69,29,0.00873,242,1.111064,0.763878,0.384323,0.063296
24560,33,25,0.007526,233,0.999473,0.367878,0.374845,0.04656
24560,8,24,0.007225,460,1.379178,0.514783,0.519047,0.063386
24560,56,24,0.007225,367,1.006936,0.554366,0.362052,0.039353
24580,79,2593,0.783384,15705,0.320883,0.914335,0.461267,0.116768
24580,73,43,0.012991,806,1.302138,0.507614,0.544555,0.041564
24580,13,32,0.009668,397,0.975213,0.87947,0.531272,0.074215
24580,80,32,0.009668,156,0.887716,0.548976,0.466866,0.048624
24580,69,30,0.009063,243,1.109032,0.764059,0.384087,0.063267
24580,33,25,0.007553,233,0.999473,0.367878,0.374845,0.04656
24580,8,24,0.007251,460,1.379178,0.514783,0.519047,0.063386
24580,56,23,0.006949,368,1.011221,0.552353,0.362392,0.038436
24600,79,2599,0.782596,15798,0.320763,0.931381,0.460872,0.117595
24600,73,41,0.012346,806,1.297132,0.510471,0.541605,0.042417
24600,13,34,0.010238,400,0.984177,0.884325,0.525064,0.073999
24600,80,34,0.010238,158,0.895167,0.546583,0.467557,0.049083
24600,69,31,0.009335,244,1.105035,0.766841,0.382519,0.063662
24600,33,26,0.007829,234,0.998935,0.367375,0.373859,0.046419
24600,8,25,0.007528,461,1.381186,0.515661,0.521731,0.063282
24600,56,22,0.006625,368,0.991781,0.555372,0.363832,0.038184
24620,79,2607,0.785005,15900,0.319685,0.951903,0.459526,0.11841
24620,73,39,0.011743,806,1.296364,0.51217,0.537426,0.04297
24620,13,34,0.010238,400,0.984177,0.884325,0.525064,0.073999
24620,80,33,0.009937,160,0.899008,0.545567,0.46773,0.049788
24620,69,32,0.009636,245,1.108493,0.764894,0.381785,0.063388
24620,33,27,0.00813,235,0.995579,0.368576,0.374257,0.046572
24620,8,25,0.007528,462,1.409144,0.523824,0.520538,0.06407
24620,56,22,0.006625,368,0.991781,0.555372,0.363832,0.038184
24640,79,2621,0.784261,15993,0.319712,0.965499,0.457873,0.119163
24640,73,42,0.012567,809,1.297008,0.5131,0.534222,0.043243
24640,69,33,0.009874,246,1.105681,0.766074,0.381946,0.063769
24640,80,33,0.009874,160,0.899008,0.545567,0.46773,0.049788
24640,13,32,0.009575,400,0.990784,0.882523,0.520446,0.074417
24640,33,27,0.008079,235,0.995579,0.368576,0.374257,0.046572
24640,8,26,0.00778,463,1.415546,0.527496,0.523968,0.063798
24640,25,21,0.006284,239,1.408129,0.530905,0.483561,0.074224
24660,79,2613,0.784214,16067,0.318587,0.966164,0.459242,0.119262
24660,73,43,0.012905,810,1.297862,0.510492,0.535091,0.042676
24660,69,34,0.010204,247,1.097135,0.767056,0.381149,0.063929
24660,80,34,0.010204,162,0.901017,0.543402,0.465932,0.050197
24660,13,31,0.009304,400,0.985434,0.87873,0.517026,0.074074
24660,33,27,0.008103,235,0.995579,0.368576,0.374257,0.046572
24660,8,24,0.007203,464,1.423011,0.532765,0.526078,0.063218
24660,56,20,0.006002,368,0.983526,0.557296,0.367501,0.038622
24680,79,2648,0.785757,16160,0.31883,0.989163,0.458611,0.120515
24680,73,44,0.013056,813,1.292896,0.507276,0.542262,0.043288
24680,80,36,0.010682,165,0.899362,0.543041,0.464768,0.049578
24680,69,34,0.010089,247,1.097135,0.767056,0.381149,0.063929
24680,13,33,0.009792,402,0.986993,0.882345,0.522237,0.07397
24680,33,28,0.008309,237,0.989443,0.368218,0.37166,0.046413
24680,8,22,0.006528,464,1.414924,0.519801,0.526608,0.062225
24680,56,20,0.005935,368,0.983526,0.557296,0.367501,0.038622
24700,79,2655,0.7869,16246,0.318995,1.000481,0.459022,0.121384
24700,73,41,0.012152,813,1.300062,0.505392,0.544296,0.043736
24700,69,35,0.010373,248,1.094139,0.76898,0.381088,0.063928
24700,80,35,0.010373,165,0.896834,0.544726,0.463668,0.049489
24700,13,33,0.009781,402,0.986993,0.882345,0.522237,0.07397
24700,33,27,0.008002,238,0.986906,0.370588,0.372301,0.046328
24700,8,22,0.00652,464,1.414924,0.519801,0.526608,0.062225
24700,56,20,0.005928,369,0.964946,0.557756,0.371314,0.038321
24720,79,2641,0.786246,16322,0.318926,0.998725,0.459686,0.121668
24720,73,41,0.012206,813,1.300062,0.505392,0.544296,0.043736
24720,69,37,0.011015,250,1.096536,0.764997,0.380709,0.064066
24720,13,33,0.009824,402,0.986993,0.882345,0.522237,0.07397
24720,80,33,0.009824,166,0.894737,0.548048,0.464164,0.049244
24720,33,26,0.00774,238,0.984365,0.369742,0.372387,0.046256
24720,8,22,0.00655,464,1.414924,0.519801,0.526608,0.062225
24720,56,19,0.005656,369,0.962969,0.561631,0.371354,0.038029
24740,79,2643,0.788955,16403,0.318814,1.018242,0.45841,0.122941
24740,73,41,0.012239,814,1.298645,0.505758,0.544799,0.043383
24740,69,38,0.011343,251,1.096311,0.76466,0.37964,0.063727
24740,80,33,0.009851,168,0.895833,0.550399,0.464581,0.049023
24740,13,32,0.009552,403,0.996789,0.900762,0.518,0.075908
24740,33,27,0.00806,239,0.985079,0.370518,0.373923,0.04638
24740,8,19,0.005672,464,1.414344,0.524399,0.51583,0.063603
24740,56,19,0.005672,369,0.962969,0.561631,0.371354,0.038029
24760,79,2658,0.789192,16488,0.318366,1.037619,0.456118,0.124306
24760,73,41,0.012173,815,1.295618,0.508131,0.546324,0.04295
24760,69,40,0.011876,253,1.098611,0.765776,0.379688,0.063769
24760,13,32,0.009501,403,0.996789,0.900762,0.518,0.075908
24760,80,32,0.009501,169,0.8944,0.548582,0.464487,0.048812
24760,33,28,0.008314,240,0.984679,0.370407,0.373259,0.046283
24760,8,19,0.005641,465,1.380699,0.516001,0.517879,0.062
24760,56,19,0.005641,369,0.962969,0.561631,0.371354,0.038029
24780,79,2650,0.789395,16575,0.317977,1.043937,0.455081,0.124031
24780,73,41,0.012213,816,1.294327,0.508783,0.546206,0.043135
24780,69,40,0.011915,253,1.098611,0.765776,0.379688,0.063769
24780,80,33,0.00983,171,0.89641,0.546392,0.463967,0.04983
24780,13,32,0.009532,403,0.996789,0.900762,0.518,0.075908
24780,33,28,0.008341,240,0.984679,0.370407,0.373259,0.046283
24780,8,19,0.00566,465,1.380699,0.516001,0.517879,0.062
24780,56,19,0.00566,369,0.962969,0.561631,0.371354,0.038029
24800,79,2658,0.789896,16666,0.318316,1.048701,0.455956,0.124642
24800,69,43,0.012779,256,1.100165,0.764695,0.380144,0.063863
24800,73,38,0.011293,816,1.28266,0.510297,0.545667,0.043032
24800,13,32,0.00951,403,0.996789,0.900762,0.518,0.075908
24800,80,32,0.00951,173,0.890554,0.546985,0.465203,0.049783
24800,33,27,0.008024,240,0.982745,0.370503,0.373159,0.046002
24800,8,19,0.005646,465,1.380699,0.516001,0.517879,0.062
24800,56,18,0.005349,370,0.974231,0.56261,0.372489,0.038768
24820,79,2656,0.789302,16745,0.319226,1.050027,0.456881,0.125159
24820,69,42,0.012481,256,1.100913,0.764423,0.379494,0.064079
24820,73,37,0.010996,816,1.290043,0.502199,0.547913,0.042726
24820,80,33,0.009807,175,0.889752,0.544295,0.467822,0.050604
24820,13,29,0.008618,403,0.989255,0.907181,0.518963,0.077322
24820,33,26,0.007727,240,0.983937,0.369752,0.372455,0.046044
24820,56,19,0.005646,371,0.97835,0.559867,0.373981,0.038493
24820,8,18,0.005349,466,1.402999,0.521034,0.513833,0.062379
24840,79,2682,0.792787,16854,0.319188,1.068169,0.455384,0.126033
24840,69,43,0.012711,257,1.100078,0.766545,0.379615,0.063852
24840,73,33,0.009755,816,1.280658,0.509116,0.546355,0.044008
24840,80,33,0.009755,177,0.892271,0.540538,0.470313,0.050117
24840,13,31,0.009163,406,0.987854,0.891262,0.529199,0.077853
24840,33,26,0.007685,240,0.983937,0.369752,0.372455,0.046044
24840,56,19,0.005616,371,0.97835,0.559867,0.373981,0.038493
24840,8,18,0.005321,466,1.402999,0.521034,0.513833,0.062379
24860,79,2687,0.794031,16942,0.319317,1.078604,0.457094,0.126452
24860,69,43,0.012707,257,1.100078,0.766545,0.379615,0.063852
24860,73,33,0.009752,817,1.280276,0.509859,0.546302,0.043772
24860,80,33,0.009752,178,0.886043,0.541759,0.470962,0.049889
24860,13,29,0.00857,407,1.000425,0.893424,0.538486,0.07805
24860,33,26,0.007683,240,0.983937,0.369752,0.372455,0.046044
24860,56,19,0.005615,371,0.97835,0.559867,0.373981,0.038493
24860,8,18,0.005319,467,1.398478,0.524984,0.517586,0.063094
24880,79,2681,0.796258,17012,0.319921,1.07629,0.458417,0.126284
24880,69,43,0.012771,257,1.100078,0.766545,0.379615,0.063852
24880,80,32,0.009504,178,0.885866,0.541823,0.472133,0.050205
24880,73,31,0.009207,817,1.283924,0.505296,0.549241,0.044309
24880,13,28,0.008316,407,1.003099,0.898742,0.541702,0.077761
24880,33,25,0.007425,240,0.98434,0.369845,0.373139,0.046139
24880,56,21,0.006237,373,1.001854,0.556282,0.366722,0.037713
24880,8,18,0.005346,467,1.398478,0.524984,0.517586,0.063094
24900,79,2692,0.79645,17102,0.319737,1.083427,0.45802,0.126537
24900,69,42,0.012426,257,1.099496,0.768135,0.379629,0.06405
24900,80,33,0.009763,180,0.885238,0.544401,0.471754,0.050268
24900,73,31,0.009172,818,1.277858,0.517953,0.53465,0.043992
24900,13,28,0.008284,408,0.99833,0.891299,0.530472,0.077924
24900,33,24,0.007101,240,0.984292,0.370471,0.374137,0.046274
24900,8,20,0.005917,469,1.361144,0.514239,0.512284,0.0623
24900,56,20,0.005917,373,1.007037,0.55553,0.367146,0.03787
24920,79,2681,0.795785,17184,0.320377,1.084687,0.460839,0.126685
24920,69,42,0.012467,257,1.099496,0.768135,0.379629,0.06405
24920,80,34,0.010092,181,0.885783,0.545958,0.471458,0.050635
24920,73,32,0.009498,820,1.288587,0.512644,0.549387,0.043456
24920,13,28,0.008311,408,0.99833,0.891299,0.530472,0.077924
24920,33,24,0.007124,242,0.988165,0.36739,0.373728,0.04614
24920,8,20,0.005936,469,1.361144,0.514239,0.512284,0.0623
24920,56,20,0.005936,373,1.007037,0.55553,0.367146,0.03787
24940,79,2677,0.793655,17265,0.320535,1.096319,0.462065,0.127269
24940,69,40,0.011859,257,1.097109,0.770939,0.380529,0.064252
24940,73,34,0.01008,822,1.287222,0.514703,0.551567,0.044104
24940,80,34,0.01008,183,0.881571,0.549644,0.47324,0.050424
24940,13,28,0.008301,410,1.003123,0.880437,0.518766,0.078667
24940,33,23,0.006819,242,0.987724,0.368446,0.374619,0.046124
24940,8,21,0.006226,470,1.350438,0.512099,0.507281,0.06282
24940,56,20,0.005929,373,1.007037,0.55553,0.367146,0.03787
24960,79,2673,0.794354,17343,0.321528,1.101318,0.461967,0.1275
24960,69,40,0.011887,257,1.097109,0.770939,0.380529,0.064252
24960,73,35,0.010401,824,1.278831,0.517977,0.548987,0.043509
24960,80,32,0.00951,183,0.883131,0.548377,0.473673,0.050401
24960,13,27,0.008024,410,1.000727,0.882149,0.52194,0.078841
24960,33,23,0.006835,242,0.987724,0.368446,0.374619,0.046124
24960,8,21,0.006241,470,1.350438,0.512099,0.507281,0.06282
24960,56,19,0.005646,373,1.008055,0.55573,0.368515,0.037788
24980,79,2679,0.7959,17441,0.320212,1.101215,0.461635,0.127424
24980,69,37,0.010992,257,1.098911,0.768229,0.380364,0.064718
24980,73,35,0.010398,825,1.267253,0.52611,0.54389,0.044296
24980,80,31,0.00921,183,0.882364,0.548996,0.473091,0.050534
24980,13,30,0.008913,415,1.034834,0.899714,0.52286,0.079457
24980,33,23,0.006833,242,0.987724,0.368446,0.374619,0.046124
24980,3,19,0.005645,376,1.060527,0.320593,0.384718,0.042904
24980,8,19,0.005645,470,1.318018,0.497414,0.510248,0.061925
25000,79,2686,0.798454,17542,0.319716,1.125091,0.461382,0.129395
25000,73,34,0.010107,825,1.264622,0.52962,0.543192,0.045023
25000,13,33,0.00981,418,1.037952,0.893582,0.517829,0.079758
25000,69,33,0.00981,257,1.106435,0.767977,0.382407,0.064701
25000,80,33,0.00981,185,0.881324,0.548787,0.47364,0.050379
25000,33,24,0.007134,244,0.990454,0.366931,0.374784,0.046079
25000,8,20,0.005945,471,1.309511,0.493073,0.506677,0.061364
25000,3,19,0.005648,376,1.060527,0.320593,0.384718,0.042904
25020,79,2711,0.80065,17632,0.320145,1.135051,0.460733,0.129839
25020,13,34,0.010041,419,1.04327,0.900548,0.517416,0.079537
25020,80,32,0.009451,185,0.879871,0.547606,0.472064,0.050145
25020,69,31,0.009155,258,1.10738,0.765647,0.384138,0.064583
25020,73,31,0.009155,825,1.273334,0.528092,0.551996,0.045977
25020,33,24,0.007088,245,0.995495,0.366516,0.375031,0.04607
25020,8,21,0.006202,472,1.315348,0.488276,0.516609,0.062246
25020,2,18,0.005316,248,0.970575,0.634687,0.460687,0.067288
25040,79,2713,0.799352,17715,0.32042,1.135596,0.460838,0.129217
25040,13,33,0.009723,420,1.048149,0.903989,0.517741,0.079176
25040,80,32,0.009428,185,0.879871,0.547606,0.472064,0.050145
25040,69,31,0.009134,259,1.111995,0.762932,0.385669,0.064442
25040,73,31,0.009134,826,1.261492,0.531793,0.548687,0.046192
25040,33,25,0.007366,246,0.995365,0.366968,0.372124,0.046464
25040,8,22,0.006482,473,1.342483,0.493555,0.52097,0.062275
25040,2,19,0.005598,249,0.980786,0.635732,0.464482,0.067552
25060,79,2711,0.798763,17801,0.31972,1.139467,0.459701,0.129456
25060,13,38,0.011196,425,1.041744,0.908118,0.510845,0.078537
25060,80,34,0.010018,187,0.880591,0.547422,0.470957,0.049864
25060,73,30,0.008839,826,1.267455,0.526887,0.552846,0.045798
25060,69,29,0.008544,259,1.11467,0.765934,0.384655,0.064724
25060,33,24,0.007071,246,0.996273,0.366401,0.371875,0.046434
25060,8,22,0.006482,473,1.342483,0.493555,0.52097,0.062275
25060,2,19,0.005598,249,0.980786,0.635732,0.464482,0.067552
25080,79,2709,0.795595,17893,0.320808,1.153341,0.460366,0.130647
25080,13,39,0.011454,428,1.027547,0.91146,0.499153,0.079495
25080,73,33,0.009692,830,1.266167,0.534544,0.542898,0.046988
25080,80,33,0.009692,187,0.880256,0.549606,0.47055,0.049533
25080,69,30,0.008811,260,1.120728,0.76581,0.385272,0.065356
25080,33,24,0.007048,246,0.996273,0.366401,0.371875,0.046434
25080,8,22,0.006461,474,1.364645,0.502278,0.525491,0.061567
25080,2,20,0.005874,250,0.990239,0.635786,0.466599,0.068112
25100,79,2737,0.796798,17994,0.321248,1.172853,0.458522,0.132259
25100,13,38,0.011063,430,1.027803,0.906874,0.500522,0.080299
25100,73,32,0.009316,830,1.253158,0.536145,0.53933,0.046878
25100,80,32,0.009316,188,0.878852,0.551287,0.473776,0.049215
25100,69,29,0.008443,260,1.118021,0.764761,0.384845,0.065711
25100,33,24,0.006987,246,0.996273,0.366401,0.371875,0.046434
25100,8,23,0.006696,475,1.352484,0.499562,0.521218,0.061227
25100,2,20,0.005822,250,0.990239,0.635786,0.466599,0.068112
25120,79,2732,0.794879,18084,0.321037,1.182248,0.458888,0.132993
25120,13,38,0.011056,432,1.034284,0.917198,0.493337,0.081438
25120,73,33,0.009601,831,1.264207,0.532916,0.538137,0.046837
25120,80,32,0.00931,189,0.882111,0.551948,0.474366,0.049608
25120,69,30,0.008729,261,1.116995,0.764275,0.385628,0.065072
25120,8,24,0.006983,476,1.359541,0.506585,0.515952,0.061563
25120,33,24,0.006983,248,0.99533,0.36581,0.375568,0.046018
25120,2,21,0.00611,251,0.985559,0.629279,0.465013,0.067864
25140,79,2746,0.79756,18191,0.321666,1.202777,0.457658,0.134577
25140,13,38,0.011037,433,1.034479,0.919965,0.495497,0.081615
25140,73,32,0.009294,833,1.253299,0.541422,0.523915,0.045413
25140,80,30,0.008713,189,0.881114,0.553261,0.474969,0.049711
25140,69,29,0.008423,262,1.115208,0.765933,0.383933,0.065428
25140,8,23,0.00668,476,1.371346,0.510444,0.517873,0.061993
25140,33,23,0.00668,248,0.993561,0.366852,0.374598,0.046058
25140,2,21,0.006099,252,0.967646,0.62607,0.461361,0.067424
25160,79,2743,0.799942,18285,0.322764,1.204077,0.458015,0.134628
25160,13,40,0.011665,435,1.032735,0.922506,0.494802,0.081469
25160,73,32,0.009332,833,1.253299,0.541422,0.523915,0.045413
25160,80,30,0.008749,190,0.878957,0.551565,0.475609,0.049378
25160,69,29,0.008457,263,1.116246,0.765887,0.384627,0.064637
25160,8,22,0.006416,476,1.357171,0.503455,0.513777,0.061927
25160,33,22,0.006416,248,0.994369,0.366042,0.375621,0.04595
25160,2,21,0.006124,252,0.967646,0.62607,0.461361,0.067424
25180,79,2759,0.801569,18391,0.323134,1.215452,0.456579,0.135292
25180,13,40,0.011621,436,1.02863,0.916852,0.489251,0.08198
25180,73,32,0.009297,834,1.254818,0.541708,0.525559,0.045153
25180,80,30,0.008716,190,0.878957,0.551565,0.475609,0.049378
25180,69,28,0.008135,263,1.114445,0.761854,0.384132,0.065107
25180,33,23,0.006682,250,1.000419,0.365337,0.375763,0.045877
25180,2,21,0.006101,252,0.967646,0.62607,0.461361,0.067424
25180,8,21,0.006101,476,1.367137,0.507877,0.517345,0.062461
25200,79,2778,0.802195,18494,0.323265,1.219853,0.456686,0.135797
25200,13,41,0.011839,437,1.02791,0.920549,0.49053,0.081734
25200,73,30,0.008663,834,1.259116,0.542989,0.528779,0.046047
25200,80,30,0.008663,190,0.878957,0.551565,0.475609,0.049378
25200,69,29,0.008374,264,1.117563,0.765094,0.384345,0.065123
25200,33,25,0.007219,252,1.00673,0.364352,0.377391,0.045732
25200,2,21,0.006064,252,0.967646,0.62607,0.461361,0.067424
25200,8,21,0.006064,478,1.327953,0.501453,0.517295,0.061289
25220,79,2788,0.80485,18594,0.323335,1.22597,0.457077,0.135918
25220,13,39,0.011259,438,1.041628,0.931645,0.496365,0.081679
25220,69,29,0.008372,264,1.117563,0.765094,0.384345,0.065123
25220,80,29,0.008372,191,0.877566,0.551835,0.475835,0.049432
25220,73,27,0.007794,834,1.264093,0.533084,0.528507,0.046531
25220,33,25,0.007217,252,1.00673,0.364352,0.377391,0.045732
25220,8,21,0.006062,479,1.316048,0.505275,0.502673,0.060283
25220,75,21,0.006062,328,0.957486,0.677365,0.608802,0.080047
25240,79,2791,0.805949,18672,0.322878,1.23705,0.457198,0.136469
25240,13,40,0.011551,440,1.035334,0.92855,0.493604,0.082812
25240,69,31,0.008952,266,1.119176,0.76729,0.384897,0.065329
25240,80,29,0.008374,192,0.876691,0.553009,0.476609,0.049113
25240,73,28,0.008085,836,1.253065,0.537446,0.526267,0.046695
25240,33,25,0.007219,252,1.00673,0.364352,0.377391,0.045732
25240,56,21,0.006064,382,0.968844,0.565823,0.375327,0.037833
25240,8,20,0.005775,479,1.333737,0.509676,0.504939,0.060366
25260,79,2764,0.803956,18749,0.324556,1.229999,0.454414,0.135764
25260,13,40,0.011635,442,1.058147,0.95546,0.498161,0.083158
25260,69,32,0.009308,267,1.116672,0.768456,0.384281,0.065171
25260,80,28,0.008144,192,0.879277,0.553648,0.475321,0.049281
25260,73,27,0.007853,836,1.258699,0.532912,0.531204,0.047075
25260,33,24,0.006981,252,1.009291,0.366042,0.37621,0.045495
25260,8,21,0.006108,480,1.327793,0.511015,0.50606,0.059999
25260,56,21,0.006108,382,0.968844,0.565823,0.375327,0.037833
25280,79,2784,0.803695,18856,0.322789,1.234631,0.454011,0.136554
25280,13,43,0.012413,446,1.06343,0.948957,0.508644,0.082516
25280,69,33,0.009527,268,1.116043,0.77068,0.383605,0.064617
25280,80,31,0.008949,195,0.875455,0.550423,0.476978,0.048404
25280,73,26,0.007506,836,1.266409,0.528962,0.536463,0.047217
25280,33,23,0.00664,252,1.01116,0.366277,0.37522,0.044959
25280,56,21,0.006062,383,0.96582,0.562976,0.378248,0.038004
25280,8,20,0.005774,480,1.339935,0.514575,0.510002,0.060312
25300,79,2766,0.804304,18938,0.323185,1.25239,0.453729,0.138216
25300,13,42,0.012213,447,1.057199,0.940848,0.506835,0.082293
25300,69,34,0.009887,269,1.115767,0.771152,0.382418,0.064913
25300,80,29,0.008433,195,0.872011,0.549985,0.476199,0.048279
25300,73,26,0.00756,837,1.283504,0.529642,0.542876,0.047567
25300,33,22,0.006397,252,1.008398,0.366927,0.375173,0.04491
25300,56,21,0.006106,384,0.971722,0.564001,0.377577,0.037558
25300,8,20,0.005816,480,1.339935,0.514575,0.510002,0.060312
25320,79,2740,0.804227,19015,0.323677,1.260941,0.45395,0.139187
25320,13,41,0.012034,447,1.054229,0.937878,0.507422,0.082677
25320,69,34,0.009979,269,1.115767,0.771152,0.382418,0.064913
25320,80,28,0.008218,195,0.866881,0.551703,0.476607,0.047739
25320,73,24,0.007044,837,1.282099,0.529851,0.543508,0.046342
25320,33,23,0.006751,253,1.007665,0.366698,0.376387,0.045038
25320,56,20,0.00587,384,0.975244,0.565428,0.378811,0.037977
25320,8,19,0.005577,480,1.335227,0.513408,0.505994,0.060287
25340,79,2750,0.805507,19114,0.323554,1.288632,0.453538,0.141384
25340,13,41,0.012009,450,1.065435,0.958042,0.508708,0.082775
25340,69,34,0.009959,271,1.115998,0.76977,0.38231,0.064715
25340,80,28,0.008202,195,0.866881,0.551703,0.476607,0.047739
25340,33,23,0.006737,253,1.007665,0.366698,0.376387,0.045038
25340,73,22,0.006444,837,1.279339,0.540264,0.538542,0.04852
25340,56,20,0.005858,384,0.975244,0.565428,0.378811,0.037977
25340,8,19,0.005565,480,1.335227,0.513408,0.505994,0.060287
25360,79,2756,0.804672,19203,0.323664,1.305707,0.451139,0.142009
25360,13,42,0.012263,451,1.063514,0.959433,0.508094,0.082541
25360,69,34,0.009927,272,1.115823,0.772193,0.383448,0.064444
25360,80,29,0.008467,196,0.863257,0.549752,0.477521,0.047705
25360,33,23,0.006715,253,1.007665,0.366698,0.376387,0.045038
25360,73,21,0.006131,837,1.296044,0.533342,0.545463,0.048621
25360,56,20,0.005839,385,0.977357,0.566675,0.377735,0.038453
25360,8,19,0.005547,481,1.30324,0.499881,0.509325,0.059415
25380,79,2747,0.803686,19300,0.323562,1.304941,0.450481,0.142028
25380,13,42,0.012288,452,1.062561,0.960909,0.508991,0.082744
25380,69,35,0.01024,275,1.115661,0.773201,0.380673,0.065678
25380,80,30,0.008777,198,0.861419,0.553306,0.477731,0.04773
25380,33,24,0.007022,254,1.00508,0.365318,0.377396,0.04483
25380,56,22,0.006437,387,0.994239,0.564001,0.372054,0.037895
25380,73,21,0.006144,837,1.296044,0.533342,0.545463,0.048621
25380,8,20,0.005851,482,1.302374,0.501422,0.510766,0.058397
25400,79,2749,0.804978,19403,0.322809,1.307319,0.447249,0.142142
25400,13,42,0.012299,455,1.07793,0.973213,0.512797,0.083057
25400,69,35,0.010249,275,1.115661,0.773201,0.380673,0.065678
25400,80,31,0.009078,199,0.859352,0.555885,0.479921,0.04769
25400,33,24,0.007028,255,0.999933,0.363751,0.379647,0.045436
25400,56,22,0.006442,387,0.994239,0.564001,0.372054,0.037895
25400,73,22,0.006442,838,1.312273,0.528448,0.542704,0.048679
25400,8,21,0.006149,483,1.294435,0.498045,0.510811,0.057946
25420,79,2742,0.803163,19489,0.322701,1.313032,0.445901,0.141931
25420,13,43,0.012595,457,1.065564,0.964087,0.505946,0.083375
25420,69,38,0.011131,279,1.11995,0.768358,0.38048,0.065753
25420,80,30,0.008787,199,0.857929,0.555655,0.480753,0.047459
25420,33,24,0.00703,255,0.999933,0.363751,0.379647,0.045436
25420,73,24,0.00703,840,1.302721,0.54036,0.542538,0.048465
25420,56,20,0.005858,387,0.989777,0.56712,0.372602,0.038001
25420,2,19,0.005565,256,0.965125,0.632751,0.450787,0.068711
25440,79,2769,0.805176,19595,0.322368,1.325544,0.447048,0.143479
25440,13,43,0.012504,458,1.062736,0.966654,0.508186,0.083181
25440,69,38,0.01105,280,1.125662,0.770116,0.380682,0.066357
25440,80,30,0.008723,200,0.858857,0.553991,0.480708,0.048018
25440,33,23,0.006688,255,0.995244,0.363052,0.37868,0.045546
25440,73,22,0.006397,840,1.310884,0.536275,0.548131,0.049591
25440,56,20,0.005816,387,0.989777,0.56712,0.372602,0.038001
25440,2,19,0.005525,256,0.965125,0.632751,0.450787,0.068711
25460,79,2772,0.80558,19683,0.323279,1.328266,0.446457,0.144001
25460,13,44,0.012787,459,1.068621,0.967876,0.509297,0.083159
25460,69,38,0.011043,281,1.12791,0.769257,0.379655,0.066158
25460,80,29,0.008428,201,0.852479,0.555634,0.4801,0.047012
25460,33,23,0.006684,255,0.995244,0.363052,0.37868,0.045546
25460,2,20,0.005812,257,0.977474,0.629962,0.452127,0.069677
25460,8,20,0.005812,484,1.312418,0.507867,0.513495,0.056505
25460,56,20,0.005812,387,0.989777,0.56712,0.372602,0.038001
25480,79,2779,0.804807,19777,0.32381,1.344635,0.445553,0.144313
25480,13,45,0.013032,461,1.067944,0.967158,0.503471,0.08289
25480,69,36,0.010426,281,1.124096,0.77032,0.378131,0.066119
25480,80,30,0.008688,202,0.858435,0.556562,0.479909,0.047241
25480,33,23,0.006661,257,0.996443,0.363995,0.381782,0.045497
25480,2,20,0.005792,257,0.977474,0.629962,0.452127,0.069677
25480,8,20,0.005792,485,1.334619,0.504932,0.521961,0.057468
25480,56,20,0.005792,387,0.989777,0.56712,0.372602,0.038001
25500,79,2784,0.806489,19877,0.323118,1.361453,0.444573,0.145748
25500,13,48,0.013905,464,1.064837,0.965552,0.502637,0.08278
25500,69,36,0.010429,282,1.118717,0.770084,0.379373,0.065775
25500,80,30,0.008691,202,0.858435,0.556562,0.479909,0.047241
25500,8,21,0.006083,486,1.323628,0.501966,0.521805,0.057145
25500,33,21,0.006083,257,0.994814,0.363877,0.38561,0.045083
25500,2,20,0.005794,257,0.977474,0.629962,0.452127,0.069677
25500,73,20,0.005794,841,1.286479,0.563542,0.532018,0.049546
25520,79,2780,0.805797,19979,0.322115,1.372812,0.443537,0.146308
25520,13,49,0.014203,465,1.06936,0.970955,0.503055,0.083469
25520,69,35,0.010145,282,1.118881,0.769913,0.378299,0.065977
25520,80,31,0.008986,203,0.858448,0.556446,0.480273,0.047298
25520,33,21,0.006087,257,0.994814,0.363877,0.38561,0.045083
25520,73,21,0.006087,842,1.296525,0.552629,0.547453,0.049376
25520,2,20,0.005797,257,0.977474,0.629962,0.452127,0.069677
25520,8,20,0.005797,486,1.333683,0.505945,0.524842,0.057254
25540,79,2786,0.805901,20075,0.322287,1.397488,0.441939,0.147834
25540,13,50,0.014463,466,1.074745,0.974466,0.503472,0.083294
25540,69,37,0.010703,284,1.11569,0.774042,0.375907,0.066072
25540,80,31,0.008967,203,0.858448,0.556446,0.480273,0.047298
25540,73,22,0.006364,843,1.287915,0.559582,0.541418,0.049752
25540,2,21,0.006075,258,0.985073,0.627629,0.450243,0.069826
25540,8,21,0.006075,487,1.348388,0.50934,0.526185,0.057727
25540,33,21,0.006075,257,0.994814,0.363877,0.38561,0.045083
25560,79,2800,0.807615,20170,0.3227,1.416083,0.441385,0.148738
25560,13,50,0.014422,469,1.080445,0.96477,0.507466,0.083237
25560,69,37,0.010672,284,1.11569,0.774042,0.375907,0.066072
25560,80,31,0.008941,204,0.868058,0.558203,0.478438,0.048398
25560,2,22,0.006346,259,0.972515,0.623158,0.447103,0.070749
25560,33,22,0.006346,258,0.997238,0.364298,0.385215,0.045317
25560,73,22,0.006346,844,1.272925,0.573421,0.530914,0.050491
25560,8,21,0.006057,487,1.348388,0.50934,0.526185,0.057727
25580,79,2816,0.808266,20284,0.322474,1.428339,0.440963,0.148382
25580,13,50,0.014351,472,1.086864,0.964785,0.511991,0.083624
25580,69,38,0.010907,286,1.116126,0.773436,0.374038,0.065599
25580,80,31,0.008898,204,0.868058,0.558203,0.478438,0.048398
25580,73,23,0.006602,846,1.247638,0.593889,0.518824,0.051597
25580,2,22,0.006315,260,0.956158,0.621563,0.443286,0.072194
25580,33,22,0.006315,258,0.997238,0.364298,0.385215,0.045317
25580,8,21,0.006028,487,1.348388,0.50934,0.526185,0.057727
25600,79,2814,0.808388,20381,0.322845,1.430195,0.441421,0.147721
25600,13,52,0.014938,475,1.087842,0.969196,0.516107,0.082994
25600,69,41,0.011778,289,1.117178,0.773865,0.372836,0.065143
25600,80,32,0.009193,206,0.862063,0.558016,0.480197,0.047747
25600,33,23,0.006607,260,0.996403,0.36774,0.384098,0.045677
25600,73,23,0.006607,846,1.247638,0.593889,0.518824,0.051597
25600,2,22,0.00632,260,0.956158,0.621563,0.443286,0.072194
25600,8,21,0.006033,488,1.372404,0.520022,0.536048,0.057102
25620,79,2811,0.808921,20464,0.323117,1.434182,0.440109,0.148261
25620,13,50,0.014388,475,1.078463,0.979413,0.510131,0.083307
25620,69,39,0.011223,289,1.109687,0.775152,0.372376,0.0649
25620,80,31,0.008921,207,0.862101,0.558718,0.476729,0.048648
25620,2,23,0.006619,261,0.952509,0.627583,0.443763,0.072134
25620,73,22,0.006331,846,1.229209,0.601535,0.520372,0.051675
25620,8,21,0.006043,488,1.372404,0.520022,0.536048,0.057102
25620,33,21,0.006043,260,0.991869,0.368531,0.383871,0.045262
25640,79,2813,0.809264,20577,0.323225,1.443069,0.440621,0.149153
25640,13,52,0.01496,479,1.084188,0.974514,0.514244,0.082679
25640,69,39,0.01122,289,1.109687,0.775152,0.372376,0.0649
25640,80,29,0.008343,207,0.859524,0.558699,0.476895,0.048713
25640,2,23,0.006617,261,0.952509,0.627583,0.443763,0.072134
25640,73,22,0.006329,846,1.229209,0.601535,0.520372,0.051675
25640,8,21,0.006041,488,1.372404,0.520022,0.536048,0.057102
25640,33,21,0.006041,261,0.994568,0.365817,0.385294,0.04565
25660,79,2788,0.806246,20676,0.32446,1.432584,0.440931,0.147539
25660,13,51,0.014748,479,1.083801,0.974593,0.516394,0.082646
25660,69,41,0.011857,291,1.112915,0.777917,0.37321,0.065208
25660,80,31,0.008965,209,0.862387,0.558986,0.477977,0.048257
25660,2,23,0.006651,261,0.952509,0.627583,0.443763,0.072134
25660,8,22,0.006362,489,1.388851,0.518114,0.53114,0.058138
25660,73,22,0.006362,846,1.229209,0.601535,0.520372,0.051675
25660,33,20,0.005784,261,0.994719,0.366026,0.384404,0.045539
25680,79,2791,0.805251,20769,0.325708,1.435643,0.441492,0.147128
25680,13,55,0.015868,483,1.083567,0.976027,0.515423,0.082952
25680,69,41,0.011829,293,1.119784,0.783145,0.369787,0.065847
25680,80,32,0.009233,210,0.86088,0.560133,0.478039,0.04801
25680,2,24,0.006924,262,0.95727,0.62949,0.444697,0.072028
25680,8,21,0.006059,490,1.388653,0.517105,0.534776,0.058094
25680,33,20,0.00577,262,0.997555,0.368378,0.383838,0.044435
25680,73,20,0.00577,846,1.249823,0.591415,0.529721,0.052224
25700,79,2785,0.807012,20866,0.326988,1.442704,0.442705,0.147145
25700,13,55,0.015937,484,1.080541,0.971448,0.513974,0.0823
25700,69,40,0.011591,293,1.120795,0.781112,0.370586,0.065484
25700,80,32,0.009273,211,0.864133,0.56179,0.477066,0.04882
25700,2,22,0.006375,262,0.975452,0.628474,0.448491,0.071377
25700,33,22,0.006375,264,1.005584,0.367909,0.381426,0.044688
25700,8,20,0.005795,491,1.38623,0.517069,0.517947,0.057765
25700,73,19,0.005506,846,1.258425,0.584087,0.535704,0.052182
25720,79,2789,0.806536,20967,0.326307,1.448606,0.442718,0.148223
25720,13,54,0.015616,484,1.073355,0.977798,0.507023,0.082867
25720,69,40,0.011567,294,1.128191,0.7799,0.372036,0.065916
25720,80,35,0.010121,214,0.864241,0.560394,0.478937,0.047759
25720,2,22,0.006362,262,0.975452,0.628474,0.448491,0.071377
25720,8,21,0.006073,492,1.397158,0.52181,0.52154,0.057599
25720,33,21,0.006073,265,1.00511,0.367719,0.380848,0.044069
25720,73,19,0.005495,846,1.258425,0.584087,0.535704,0.052182
25740,79,2793,0.804204,21060,0.325707,1.458669,0.4435,0.148738
25740,13,54,0.015549,485,1.077434,0.981968,0.509431,0.082622
25740,69,42,0.012093,297,1.122108,0.780691,0.373054,0.065963
25740,80,35,0.010078,214,0.864241,0.560394,0.478937,0.047759
25740,2,21,0.006047,262,0.967139,0.624416,0.445817,0.071683
25740,8,21,0.006047,492,1.397158,0.52181,0.52154,0.057599
25740,33,21,0.006047,265,1.00511,0.367719,0.380848,0.044069
25740,73,20,0.005759,848,1.26409,0.590109,0.527178,0.053049
25760,79,2786,0.803113,21152,0.324654,1.459848,0.443318,0.148659
25760,13,53,0.015278,486,1.070004,0.976118,0.509175,0.08284
25760,69,41,0.011819,298,1.125675,0.780828,0.376177,0.066317
25760,80,37,0.010666,216,0.865018,0.563346,0.477763,0.047826
25760,8,22,0.006342,494,1.41965,0.53932,0.520525,0.059093
25760,2,21,0.006054,262,0.967139,0.624416,0.445817,0.071683
25760,33,20,0.005765,265,1.005225,0.365344,0.381674,0.043861
25760,90,20,0.005765,453,1.015007,0.475322,0.489948,0.050114
25780,79,2806,0.805627,21270,0.324662,1.482503,0.440189,0.149829
25780,13,52,0.01493,486,1.066192,0.972308,0.508851,0.082952
25780,69,40,0.011484,298,1.128923,0.781871,0.375942,0.06638
25780,80,36,0.010336,216,0.865214,0.564116,0.47827,0.047626
25780,2,21,0.006029,262,0.967139,0.624416,0.445817,0.071683
25780,8,20,0.005742,494,1.423064,0.537996,0.520024,0.06008
25780,33,20,0.005742,265,1.005225,0.365344,0.381674,0.043861
25780,90,20,0.005742,453,1.015007,0.475322,0.489948,0.050114
25800,79,2812,0.808743,21373,0.325336,1.510033,0.437228,0.150193
25800,13,53,0.015243,487,1.065385,0.973788,0.50991,0.082644
25800,69,38,0.010929,299,1.122187,0.783073,0.379055,0.066822
25800,80,37,0.010641,220,0.865122,0.562434,0.476976,0.047565
25800,2,22,0.006327,263,0.966739,0.630326,0.442794,0.071604
25800,8,21,0.00604,495,1.410153,0.533123,0.520228,0.05996
25800,73,20,0.005752,849,1.256162,0.579727,0.522519,0.051509
25800,33,19,0.005464,265,1.008362,0.367015,0.380677,0.044063
25820,79,2792,0.806237,21452,0.323658,1.526759,0.439048,0.151286
25820,13,56,0.016171,491,1.067307,0.970483,0.511949,0.082452
25820,69,40,0.011551,301,1.128075,0.784957,0.377328,0.067256
25820,80,38,0.010973,221,0.866777,0.561113,0.478252,0.047675
25820,2,21,0.006064,264,0.996336,0.635397,0.444838,0.069854
25820,8,20,0.005775,495,1.422483,0.537328,0.51842,0.059916
25820,73,20,0.005775,849,1.256162,0.579727,0.522519,0.051509
25820,56,19,0.005487,394,0.97716,0.570985,0.382767,0.039328
25840,79,2792,0.805307,21548,0.323986,1.517382,0.440689,0.150503
25840,13,58,0.016729,493,1.072518,0.975879,0.509351,0.082805
25840,69,40,0.011537,301,1.128075,0.784957,0.377328,0.067256
25840,80,40,0.011537,223,0.867832,0.563733,0.478009,0.047976
25840,2,21,0.006057,264,0.996336,0.635397,0.444838,0.069854
25840,8,21,0.006057,496,1.436314,0.54313,0.521706,0.060609
25840,56,20,0.005769,395,0.983826,0.571145,0.384534,0.039447
25840,73,20,0.005769,849,1.256162,0.579727,0.522519,0.051509
25860,79,2778,0.804052,21649,0.32505,1.523154,0.439682,0.150617
25860,13,58,0.016787,494,1.074629,0.974404,0.509795,0.082549
25860,69,42,0.012156,303,1.134184,0.781957,0.377492,0.067407
25860,80,40,0.011577,223,0.867832,0.563733,0.478009,0.047976
25860,2,22,0.006368,265,0.991846,0.638878,0.443776,0.069323
25860,8,22,0.006368,497,1.42984,0.542258,0.522227,0.060673
25860,73,21,0.006078,850,1.254992,0.571488,0.524176,0.051529
25860,56,20,0.005789,395,0.983826,0.571145,0.384534,0.039447
25880,79,2775,0.803649,21744,0.325295,1.531715,0.438795,0.150754
25880,13,57,0.016507,494,1.076191,0.973827,0.509442,0.082797
25880,69,43,0.012453,304,1.132105,0.781962,0.376351,0.067298
25880,80,41,0.011874,224,0.870191,0.564261,0.476902,0.048664
25880,2,23,0.006661,266,0.987469,0.637448,0.448084,0.06934
25880,8,23,0.006661,498,1.435909,0.547475,0.525867,0.060023
25880,73,23,0.006661,853,1.267556,0.562188,0.528456,0.050712
25880,34,18,0.005213,374,0.991962,0.571371,0.4203,0.069234
25900,79,2764,0.803021,21829,0.324966,1.540403,0.439786,0.149949
25900,13,56,0.01627,496,1.091801,0.977545,0.508419,0.083174
25900,69,46,0.013364,308,1.12411,0.7759,0.37696,0.067581
25900,80,41,0.011912,224,0.870191,0.564261,0.476902,0.048664
25900,73,23,0.006682,853,1.267556,0.562188,0.528456,0.050712
25900,8,22,0.006392,498,1.442977,0.554658,0.533104,0.060189
25900,2,20,0.005811,266,0.997554,0.647579,0.450986,0.068994
25900,34,18,0.00523,374,0.991962,0.571371,0.4203,0.069234
25920,79,2777,0.802137,21920,0.325859,1.551698,0.438831,0.15034
25920,13,58,0.016753,498,1.10003,0.979179,0.508953,0.08253
25920,69,48,0.013865,311,1.121394,0.770653,0.375684,0.067722
25920,80,40,0.011554,224,0.868595,0.564735,0.477082,0.048927
25920,8,22,0.006355,499,1.456531,0.559487,0.537048,0.059561
25920,73,22,0.006355,853,1.25747,0.568048,0.518906,0.050126
25920,2,20,0.005777,266,0.997554,0.647579,0.450986,0.068994
25920,34,18,0.005199,374,0.991962,0.571371,0.4203,0.069234
25940,79,2781,0.80121,22013,0.32632,1.552102,0.438242,0.148949
25940,13,58,0.01671,498,1.10003,0.979179,0.508953,0.08253
25940,69,48,0.013829,312,1.122568,0.768986,0.375429,0.06741
25940,80,43,0.012388,230,0.880042,0.567133,0.478147,0.049926
25940,8,24,0.006914,501,1.448844,0.555313,0.529974,0.060273
25940,73,23,0.006626,854,1.266219,0.570754,0.516166,0.050725
25940,2,20,0.005762,266,0.997554,0.647579,0.450986,0.068994
25940,34,18,0.005186,374,0.991962,0.571371,0.4203,0.069234
25960,79,2784,0.802537,22108,0.327221,1.561763,0.437095,0.149918
25960,13,59,0.017008,501,1.108551,0.979759,0.513756,0.082762
25960,69,49,0.014125,314,1.123956,0.770552,0.374925,0.067365
25960,80,44,0.012684,231,0.87895,0.567826,0.478815,0.049804
25960,8,24,0.006918,502,1.446482,0.556541,0.52277,0.060525
25960,73,24,0.006918,855,1.255212,0.583594,0.513638,0.051158
25960,2,20,0.005765,266,0.997554,0.647579,0.450986,0.068994
25960,34,17,0.004901,374,0.991954,0.574087,0.416169,0.070229
25980,79,2773,0.801445,22203,0.328216,1.556535,0.436665,0.149492
25980,13,62,0.017919,505,1.109904,0.981272,0.516394,0.082215
25980,69,50,0.014451,316,1.12249,0.770785,0.372516,0.067865
25980,80,43,0.012428,231,0.87781,0.569119,0.47773,0.049759
25980,8,24,0.006936,502,1.446482,0.556541,0.52277,0.060525
25980,73,24,0.006936,855,1.255212,0.583594,0.513638,0.051158
25980,2,19,0.005491,266,0.993912,0.646222,0.450186,0.068962
25980,34,18,0.005202,375,0.991471,0.560813,0.442308,0.070192
26000,79,2809,0.806026,22313,0.32896,1.573242,0.435431,0.150603
26000,13,61,0.017504,505,1.110946,0.980341,0.518346,0.082498
26000,69,49,0.01406,317,1.120894,0.769342,0.371853,0.067984
26000,80,43,0.012339,232,0.876546,0.570472,0.476395,0.049897
26000,8,25,0.007174,503,1.45779,0.557679,0.528078,0.060107
26000,73,22,0.006313,855,1.247524,0.598645,0.495809,0.052053
26000,2,19,0.005452,266,0.993912,0.646222,0.450186,0.068962
26000,34,17,0.004878,375,0.989054,0.57254,0.45081,0.069941
26020,79,2801,0.804423,22397,0.328105,1.56229,0.437677,0.149991
26020,13,61,0.017519,506,1.116711,0.984863,0.522104,0.082024
26020,69,51,0.014647,320,1.119519,0.76644,0.374175,0.067529
26020,80,42,0.012062,233,0.878576,0.571887,0.476789,0.050241
26020,8,24,0.006893,503,1.467555,0.56069,0.526476,0.060726
26020,73,21,0.006031,855,1.25638,0.591881,0.500568,0.052307
26020,2,19,0.005457,266,0.993912,0.646222,0.450186,0.068962
26020,75,18,0.005169,344,1.009588,0.678503,0.588735,0.092481
26040,79,2807,0.803607,22514,0.328867,1.571214,0.43725,0.149773
26040,13,63,0.018036,509,1.131467,0.990517,0.521795,0.08257
26040,69,54,0.015459,323,1.12131,0.7701,0.373522,0.068047
26040,80,41,0.011738,234,0.881855,0.576545,0.477738,0.050681
26040,8,24,0.006871,503,1.467555,0.56069,0.526476,0.060726
26040,73,21,0.006012,855,1.25638,0.591881,0.500568,0.052307
26040,2,19,0.005439,266,0.993912,0.646222,0.450186,0.068962
26040,3,19,0.005439,402,1.082033,0.331209,0.376094,0.041972
26060,79,2807,0.805221,22623,0.326186,1.586056,0.437292,0.148629
26060,13,61,0.017499,511,1.123269,0.982123,0.518928,0.081667
26060,69,55,0.015777,325,1.11926,0.768697,0.372816,0.068095
26060,80,43,0.012335,236,0.878319,0.575477,0.479731,0.050121
26060,8,24,0.006885,503,1.467555,0.56069,0.526476,0.060726
26060,73,21,0.006024,856,1.23207,0.616995,0.493564,0.05301
26060,2,19,0.00545,266,0.993912,0.646222,0.450186,0.068962
26060,3,18,0.005164,402,1.083195,0.329802,0.375337,0.041913
26080,79,2805,0.804647,22713,0.326596,1.596595,0.437396,0.14929
26080,13,60,0.017212,512,1.124296,0.983091,0.51852,0.081411
26080,69,56,0.016064,329,1.124675,0.762358,0.373859,0.068144
26080,80,44,0.012622,237,0.876582,0.575852,0.480129,0.050071
26080,8,26,0.007458,505,1.458138,0.55398,0.528591,0.060481
26080,2,20,0.005737,267,0.982907,0.645764,0.447481,0.069338
26080,73,19,0.00545,856,1.25723,0.608308,0.503129,0.054309
26080,3,17,0.004877,402,1.083016,0.330397,0.375867,0.041606
26100,79,2804,0.805516,22812,0.326431,1.608777,0.436227,0.149905
26100,13,58,0.016662,514,1.118252,0.985319,0.515985,0.082261
26100,69,57,0.016375,330,1.124297,0.76045,0.373265,0.068202
26100,80,42,0.012065,237,0.875837,0.576311,0.481091,0.050253
26100,8,25,0.007182,505,1.471038,0.558919,0.529267,0.060944
26100,2,21,0.006033,268,0.982988,0.64473,0.446559,0.068827
26100,73,18,0.005171,856,1.254218,0.620044,0.499136,0.0547
26100,75,18,0.005171,346,1.025667,0.670432,0.588783,0.092643
26120,79,2802,0.805635,22904,0.325636,1.633556,0.435398,0.152777
26120,13,60,0.017251,516,1.108688,0.984161,0.517061,0.082062
26120,69,54,0.015526,331,1.123945,0.760888,0.372131,0.069087
26120,80,44,0.012651,239,0.874887,0.576028,0.48322,0.049724
26120,8,22,0.006325,505,1.452689,0.565402,0.536307,0.059754
26120,2,21,0.006038,268,0.982988,0.64473,0.446559,0.068827
26120,75,18,0.005175,347,1.025341,0.673874,0.593286,0.091623
26120,33,17,0.004888,268,1.010649,0.371812,0.385223,0.045382
26140,79,2799,0.806628,23000,0.326501,1.643406,0.436408,0.153964
26140,13,60,0.017291,517,1.106815,0.979855,0.516496,0.082347
26140,69,52,0.014986,331,1.128053,0.761188,0.372944,0.068832
26140,80,45,0.012968,241,0.877486,0.579789,0.483364,0.050714
26140,2,22,0.00634,269,0.987537,0.644737,0.447486,0.068221
26140,8,19,0.005476,505,1.460486,0.562604,0.543079,0.059648
26140,75,18,0.005187,347,1.025341,0.673874,0.593286,0.091623
26140,33,17,0.004899,268,1.010649,0.371812,0.385223,0.045382
26160,79,2808,0.806897,23101,0.325766,1.667451,0.435187,0.154084
26160,13,60,0.017241,519,1.10631,0.99241,0.516945,0.082258
26160,69,52,0.014943,331,1.128053,0.761188,0.372944,0.068832
26160,80,46,0.013218,242,0.876643,0.579762,0.483032,0.050491
26160,2,22,0.006322,269,0.987537,0.644737,0.447486,0.068221
26160,8,19,0.00546,505,1.460486,0.562604,0.543079,0.059648
26160,33,17,0.004885,268,1.010649,0.371812,0.385223,0.045382
26160,75,17,0.004885,348,1.00391,0.683921,0.601618,0.089612
26180,79,2799,0.805699,23200,0.326867,1.659943,0.436064,0.152825
26180,13,61,0.017559,523,1.099868,0.997047,0.513077,0.08285
26180,69,55,0.015832,334,1.12912,0.764845,0.373042,0.069548
26180,80,47,0.013529,243,0.882315,0.581127,0.483083,0.050485
26180,2,23,0.006621,270,0.991454,0.644744,0.445566,0.067705
26180,8,21,0.006045,508,1.465593,0.565221,0.53358,0.059443
26180,33,17,0.004893,268,1.010649,0.371812,0.385223,0.045382
26180,73,17,0.004893,858,1.209739,0.627328,0.494174,0.053311
26200,79,2821,0.807384,23320,0.326713,1.675557,0.43583,0.152337
26200,13,61,0.017459,525,1.110221,1.006469,0.515618,0.083399
26200,69,56,0.016027,336,1.135826,0.766889,0.372242,0.069831
26200,80,48,0.013738,245,0.881325,0.583209,0.48387,0.050856
26200,2,23,0.006583,270,0.991454,0.644744,0.445566,0.067705
26200,8,20,0.005724,508,1.460092,0.562517,0.529773,0.059564
26200,33,18,0.005152,269,1.014111,0.37422,0.385366,0.045458
26200,73,18,0.005152,859,1.200283,0.629961,0.488481,0.05306
26220,79,2810,0.807471,23418,0.32671,1.686152,0.438032,0.153124
26220,13,59,0.016954,527,1.107244,1.015007,0.520606,0.08313
26220,69,54,0.015517,337,1.13632,0.763694,0.371066,0.069911
26220,80,49,0.01408,248,0.883112,0.580639,0.481731,0.05137
26220,2,23,0.006609,270,0.991454,0.644744,0.445566,0.067705
26220,8,21,0.006034,509,1.450659,0.5606,0.530271,0.058723
26220,73,19,0.00546,860,1.213106,0.614445,0.51014,0.052409
26220,33,18,0.005172,270,1.002171,0.375633,0.385993,0.045103
26240,79,2824,0.809865,23535,0.326422,1.699379,0.439981,0.15359
26240,13,58,0.016633,528,1.108321,1.014485,0.524191,0.082331
26240,69,51,0.014626,338,1.130141,0.763731,0.370818,0.069807
26240,80,48,0.013765,250,0.883668,0.578906,0.481921,0.051045
26240,2,23,0.006596,270,0.991454,0.644744,0.445566,0.067705
26240,8,21,0.006022,510,1.458594,0.571471,0.52875,0.057623
26240,73,19,0.005449,860,1.213106,0.614445,0.51014,0.052409
26240,33,17,0.004875,270,1.002778,0.379057,0.386793,0.044244
26260,79,2852,0.810688,23645,0.327093,1.726063,0.440387,0.155443
26260,13,57,0.016202,528,1.108022,1.014607,0.524,0.082699
26260,69,52,0.014781,339,1.130244,0.764367,0.371056,0.06973
26260,80,48,0.013644,251,0.879659,0.581546,0.481649,0.050995
26260,2,24,0.006822,271,0.989473,0.643775,0.445507,0.06698
26260,73,22,0.006254,863,1.192799,0.612887,0.503829,0.050708
26260,8,21,0.005969,510,1.458594,0.571471,0.52875,0.057623
26260,75,18,0.005117,351,1.015948,0.673099,0.616818,0.086507
26280,79,2843,0.81159,23745,0.325561,1.733418,0.441432,0.155051
26280,13,58,0.016557,530,1.109153,1.015844,0.525381,0.082666
26280,69,54,0.015415,341,1.127626,0.767403,0.371302,0.069269
26280,80,48,0.013703,251,0.879659,0.581546,0.481649,0.050995
26280,2,25,0.007137,272,0.991712,0.644546,0.447725,0.067115
26280,73,23,0.006566,864,1.179799,0.616734,0.499175,0.05043
26280,8,20,0.005709,510,1.471415,0.579931,0.536009,0.057193
26280,33,17,0.004853,270,1.002778,0.379057,0.386793,0.044244
26300,79,2845,0.810772,23849,0.326296,1.743072,0.441896,0.154681
26300,13,56,0.015959,531,1.107591,1.032155,0.523844,0.082269
26300,69,56,0.015959,344,1.131393,0.770947,0.371548,0.069142
26300,80,47,0.013394,251,0.87989,0.582341,0.4806,0.051201
26300,2,24,0.00684,272,0.993102,0.639968,0.450576,0.066998
26300,73,23,0.006555,864,1.179799,0.616734,0.499175,0.05043
26300,8,21,0.005985,511,1.459783,0.569593,0.530879,0.05716
26300,34,18,0.00513,384,1.01321,0.556053,0.432553,0.069067
26320,79,2846,0.811751,23933,0.327567,1.754219,0.44246,0.154171
26320,69,56,0.015973,344,1.131393,0.770947,0.371548,0.069142
26320,13,54,0.015402,531,1.103637,1.033248,0.524685,0.08251
26320,80,49,0.013976,253,0.878436,0.584311,0.48099,0.051102
26320,2,25,0.007131,273,0.994753,0.639399,0.450737,0.06689
26320,73,22,0.006275,864,1.186294,0.602714,0.502196,0.04946
26320,8,21,0.00599,511,1.459783,0.569593,0.530879,0.05716
26320,87,18,0.005134,326,1.203419,1.017686,0.36605,0.098958
26340,79,2875,0.812606,24054,0.327762,1.767281,0.442514,0.154864
26340,69,56,0.015828,346,1.131385,0.77426,0.37239,0.069422
26340,13,54,0.015263,534,1.105981,1.043945,0.527738,0.083175
26340,80,49,0.01385,253,0.878436,0.584311,0.48099,0.051102
26340,2,25,0.007066,273,0.994753,0.639399,0.450737,0.06689
26340,8,23,0.006501,513,1.449455,0.559495,0.53736,0.05676
26340,73,21,0.005936,864,1.199242,0.597044,0.50842,0.049828
26340,75,18,0.005088,352,1.001218,0.675279,0.621068,0.088952
26360,79,2849,0.810065,24135,0.328146,1.785207,0.442515,0.154265
26360,69,57,0.016207,350,1.130559,0.774532,0.373506,0.068583
26360,13,54,0.015354,537,1.099968,1.038733,0.529705,0.082875
26360,80,51,0.014501,256,0.87691,0.583533,0.47875,0.05021
26360,2,25,0.007108,274,1.003998,0.640654,0.452428,0.066108
26360,8,24,0.006824,514,1.438358,0.553764,0.534924,0.057031
26360,73,23,0.00654,867,1.199056,0.604299,0.489156,0.050283
26360,87,19,0.005402,328,1.208248,1.033337,0.37245,0.095409
26380,79,2850,0.80897,24218,0.329314,1.791829,0.440877,0.154321
26380,69,56,0.015896,350,1.130473,0.775938,0.373228,0.06866
26380,13,54,0.015328,539,1.11026,1.045479,0.536833,0.082916
26380,80,51,0.014476,259,0.878839,0.585296,0.47727,0.050821
26380,8,25,0.007096,515,1.43308,0.553946,0.535884,0.056697
26380,2,24,0.006812,274,1.001973,0.64336,0.455115,0.06565
26380,73,22,0.006245,868,1.198422,0.615897,0.484627,0.050895
26380,87,19,0.005393,330,1.235624,1.013723,0.368578,0.09493
26400,79,2858,0.81124,24322,0.331517,1.80543,0.439908,0.154628
26400,69,55,0.015612,351,1.134901,0.776305,0.373146,0.068276
26400,13,54,0.015328,539,1.11026,1.045479,0.536833,0.082916
26400,80,49,0.013909,259,0.878145,0.585771,0.476136,0.051037
26400,2,23,0.006529,274,0.997019,0.642101,0.45199,0.06539
26400,8,22,0.006245,515,1.435926,0.544714,0.541834,0.057042
26400,73,21,0.005961,868,1.209507,0.614304,0.489444,0.051122
26400,87,19,0.005393,331,1.208851,1.017268,0.367294,0.095636
26420,79,2850,0.813588,24418,0.330762,1.799709,0.442173,0.154759
26420,69,57,0.016272,353,1.135075,0.776477,0.373354,0.068104
26420,13,52,0.014844,541,1.120965,1.055781,0.539293,0.083359
26420,80,49,0.013988,261,0.875652,0.586493,0.477171,0.051364
26420,2,24,0.006851,275,0.993881,0.64578,0.453506,0.066178
26420,8,21,0.005995,515,1.429184,0.538403,0.539128,0.057341
26420,73,21,0.005995,868,1.209507,0.614304,0.489444,0.051122
26420,87,18,0.005138,331,1.218744,1.02136,0.3706,0.095574
26440,79,2858,0.814245,24524,0.331238,1.809031,0.441846,0.154576
26440,13,55,0.01567,544,1.128955,1.054098,0.543991,0.083546
26440,69,55,0.01567,353,1.136268,0.780382,0.373893,0.067626
26440,80,51,0.01453,264,0.874863,0.585521,0.477746,0.050495
26440,2,24,0.006838,275,0.993881,0.64578,0.453506,0.066178
26440,73,21,0.005983,868,1.209507,0.614304,0.489444,0.051122
26440,8,20,0.005698,515,1.42668,0.533155,0.536908,0.057843
26440,87,18,0.005128,333,1.224903,1.051489,0.374067,0.097023
26460,79,2872,0.81429,24635,0.331659,1.82348,0.443179,0.154548
26460,69,56,0.015878,355,1.138061,0.779883,0.374742,0.067311
26460,13,54,0.01531,544,1.131285,1.055632,0.543143,0.083796
26460,80,51,0.01446,265,0.875004,0.586472,0.476304,0.050598
26460,2,26,0.007372,277,0.989573,0.644537,0.455039,0.065606
26460,73,21,0.005954,868,1.209507,0.614304,0.489444,0.051122
26460,87,19,0.005387,335,1.210561,1.025589,0.383175,0.093879
26460,8,18,0.005103,515,1.42561,0.529868,0.536361,0.058746
26480,79,2886,0.816638,24737,0.329809,1.83088,0.442245,0.15341
26480,13,57,0.016129,547,1.118755,1.051332,0.539783,0.083109
26480,69,54,0.01528,355,1.138947,0.777826,0.374363,0.067229
26480,80,51,0.014431,266,0.870734,0.586917,0.477709,0.049984
26480,2,23,0.006508,277,0.995403,0.645826,0.449863,0.065638
26480,73,22,0.006225,870,1.219084,0.604807,0.496688,0.049731
26480,87,19,0.005376,335,1.210561,1.025589,0.383175,0.093879
26480,8,18,0.005093,515,1.42561,0.529868,0.536361,0.058746
26500,79,2871,0.815162,24833,0.330376,1.832055,0.442076,0.15264
26500,13,57,0.016184,549,1.135563,1.053418,0.542312,0.082674
26500,69,56,0.0159,358,1.133903,0.778362,0.374724,0.067338
26500,80,51,0.01448,267,0.86972,0.586831,0.477255,0.049934
26500,2,24,0.006814,278,0.992511,0.650616,0.449229,0.065739
26500,73,23,0.00653,871,1.209619,0.615535,0.495098,0.050572
26500,87,18,0.005111,335,1.21141,1.042319,0.378462,0.097409
26500,8,17,0.004827,515,1.433827,0.529819,0.536255,0.059904
26520,79,2877,0.816402,24935,0.329455,1.833877,0.441736,0.153139
26520,13,58,0.016459,550,1.132833,1.053523,0.543147,0.082599
26520,69,56,0.015891,359,1.135562,0.778334,0.376192,0.067432
26520,80,53,0.01504,270,0.868935,0.585204,0.478623,0.050307
26520,2,23,0.006527,278,0.990691,0.651697,0.448995,0.065802
26520,73,23,0.006527,871,1.209619,0.615535,0.495098,0.050572
26520,33,18,0.005108,277,0.977623,0.374386,0.388362,0.043814
26520,87,18,0.005108,336,1.223242,1.023472,0.376565,0.09723
26540,79,2872,0.815909,25026,0.329451,1.834142,0.441387,0.152818
26540,13,60,0.017045,552,1.125194,1.054518,0.542282,0.082657
26540,69,57,0.016193,360,1.138441,0.780372,0.376077,0.067785
26540,80,53,0.015057,271,0.868314,0.584993,0.480188,0.050249
26540,2,23,0.006534,278,0.990691,0.651697,0.448995,0.065802
26540,73,22,0.00625,873,1.241771,0.591638,0.519779,0.050093
26540,87,18,0.005114,337,1.218338,1.016305,0.377865,0.096445
26540,33,17,0.00483,277,0.979719,0.374113,0.388595,0.043985
26560,79,2861,0.817195,25117,0.328814,1.842785,0.442826,0.152371
26560,13,59,0.016852,552,1.126882,1.056337,0.539972,0.082724
26560,69,54,0.015424,361,1.132346,0.781421,0.376199,0.068024
26560,80,48,0.01371,271,0.871243,0.580616,0.480186,0.050871
26560,2,24,0.006855,279,0.980925,0.654675,0.452465,0.066305
26560,73,22,0.006284,873,1.241771,0.591638,0.519779,0.050093
26560,87,20,0.005713,339,1.212537,0.999909,0.380888,0.094871
26560,33,19,0.005427,279,0.983001,0.372915,0.387735,0.044671
26580,79,2879,0.818828,25216,0.32921,1.856307,0.440985,0.151695
26580,13,61,0.017349,555,1.127623,1.049797,0.538361,0.083345
26580,69,53,0.015074,362,1.129764,0.777989,0.376899,0.068708
26580,80,48,0.013652,272,0.872556,0.581432,0.480258,0.051017
26580,2,25,0.00711,280,0.982125,0.657494,0.451681,0.065832
26580,73,21,0.005973,874,1.248066,0.602104,0.516317,0.050392
26580,87,19,0.005404,340,1.231895,1.016509,0.375917,0.09449
26580,34,18,0.005119,391,0.99139,0.58451,0.441654,0.071274
26600,79,2883,0.816483,25312,0.329344,1.874887,0.441354,0.152078
26600,13,63,0.017842,557,1.129942,1.048777,0.537625,0.083424
26600,69,51,0.014444,363,1.126208,0.772635,0.379292,0.069005
26600,80,50,0.01416,274,0.877808,0.580306,0.480967,0.05065
26600,2,25,0.00708,280,0.982125,0.657494,0.451681,0.065832
26600,73,20,0.005664,875,1.222299,0.627435,0.504181,0.051401
26600,87,19,0.005381,340,1.231895,1.016509,0.375917,0.09449
26600,33,18,0.005098,280,0.989342,0.369044,0.387858,0.04505
26620,79,2900,0.816671,25411,0.329288,1.899917,0.442638,0.153041
26620,13,62,0.01746,559,1.127956,1.052367,0.536494,0.08405
26620,69,51,0.014362,364,1.123143,0.773672,0.380853,0.068803
26620,80,51,0.014362,276,0.875615,0.583612,0.482626,0.051224
26620,2,26,0.007322,282,0.979846,0.656463,0.454403,0.064904
26620,73,20,0.005632,875,1.222299,0.627435,0.504181,0.051401
26620,87,19,0.005351,341,1.209487,1.032882,0.377822,0.093673
26620,34,17,0.004787,391,0.986233,0.596099,0.447425,0.072061
26640,79,2882,0.812518,25505,0.328604,1.904844,0.443452,0.152399
26640,13,64,0.018043,562,1.141199,1.051479,0.538142,0.083103
26640,69,52,0.01466,366,1.120948,0.774807,0.380846,0.069331
26640,80,49,0.013814,276,0.876365,0.582815,0.482788,0.051008
26640,2,27,0.007612,283,0.981409,0.658309,0.453321,0.06453
26640,73,20,0.005639,875,1.222299,0.627435,0.504181,0.051401
26640,34,19,0.005357,393,0.986662,0.576543,0.434709,0.070855
26640,87,19,0.005357,341,1.209487,1.032882,0.377822,0.093673
26660,79,2869,0.81091,25597,0.328515,1.916516,0.441324,0.153342
26660,13,65,0.018372,563,1.136804,1.053186,0.539398,0.082828
26660,69,52,0.014698,366,1.120948,0.774807,0.380846,0.069331
26660,80,49,0.01385,277,0.875993,0.58447,0.484841,0.050757
26660,2,27,0.007631,283,0.981409,0.658309,0.453321,0.06453
26660,73,21,0.005936,876,1.245616,0.615251,0.50407,0.051755
26660,87,21,0.005936,344,1.203977,1.031308,0.369005,0.096672
26660,3,20,0.005653,421,1.064056,0.335298,0.376146,0.042459
26680,79,2866,0.811209,25694,0.329164,1.922728,0.443876,0.15334
26680,13,64,0.018115,564,1.140902,1.052301,0.539525,0.08292
26680,69,50,0.014152,366,1.115816,0.773661,0.380126,0.069444
26680,80,49,0.013869,278,0.873818,0.583008,0.48405,0.050445
26680,2,26,0.007359,284,0.985968,0.653508,0.453354,0.064322
26680,87,23,0.00651,346,1.199733,1.042303,0.364436,0.098164
26680,73,22,0.006227,878,1.208446,0.637855,0.478212,0.051438
26680,33,20,0.005661,285,0.992337,0.368322,0.39087,0.04726
26700,79,2876,0.811971,25776,0.330376,1.925801,0.444406,0.153304
26700,13,65,0.018351,565,1.139833,1.05173,0.537901,0.082835
26700,69,52,0.014681,369,1.113768,0.776384,0.379566,0.069098
26700,80,49,0.013834,280,0.865174,0.582676,0.483821,0.050651
26700,2,27,0.007623,285,0.980462,0.658887,0.45284,0.064571
26700,73,22,0.006211,879,1.205646,0.625668,0.485408,0.049703
26700,87,21,0.005929,346,1.185077,1.042394,0.367969,0.096546
26700,33,20,0.005647,285,0.992337,0.368322,0.39087,0.04726
26720,79,2886,0.812729,25875,0.330225,1.927707,0.44366,0.153
26720,13,64,0.018023,566,1.135204,1.053697,0.540409,0.082603
26720,69,53,0.014925,372,1.118244,0.777988,0.380741,0.069019
26720,80,48,0.013517,280,0.866084,0.584517,0.485009,0.050845
26720,2,29,0.008167,287,0.977929,0.662141,0.451171,0.064648
26720,73,21,0.005914,879,1.219604,0.619849,0.489921,0.049526
26720,87,21,0.005914,347,1.206814,1.011482,0.365226,0.095594
26720,33,20,0.005632,285,0.992337,0.368322,0.39087,0.04726
26740,79,2870,0.813723,25965,0.329767,1.935514,0.44427,0.152195
26740,13,67,0.018996,569,1.136161,1.059631,0.54105,0.083683
26740,69,52,0.014743,372,1.119411,0.777301,0.381968,0.068942
26740,80,47,0.013326,281,0.871596,0.583212,0.486419,0.050923
26740,2,29,0.008222,287,0.977929,0.662141,0.451171,0.064648
26740,87,22,0.006238,348,1.197407,1.009089,0.36408,0.095837
26740,73,21,0.005954,879,1.219604,0.619849,0.489921,0.049526
26740,33,20,0.005671,285,0.992337,0.368322,0.39087,0.04726
26760,79,2860,0.814351,26050,0.330101,1.940988,0.445851,0.153341
26760,13,64,0.018223,570,1.138651,1.057477,0.543008,0.083151
26760,69,54,0.015376,376,1.114433,0.778887,0.380494,0.068338
26760,80,47,0.013383,283,0.874077,0.582465,0.486418,0.050641
26760,2,30,0.008542,289,0.981683,0.666408,0.447066,0.064236
26760,33,21,0.005979,286,0.991986,0.369197,0.392989,0.047637
26760,73,21,0.005979,879,1.219604,0.619849,0.489921,0.049526
26760,87,20,0.005695,348,1.199702,1.030269,0.361384,0.097481
26780,79,2862,0.815385,26155,0.330046,1.950611,0.444803,0.152775
26780,13,63,0.017949,572,1.124234,1.051016,0.537842,0.083385
26780,69,54,0.015385,379,1.115099,0.77927,0.379155,0.068029
26780,80,47,0.01339,285,0.874281,0.582514,0.486119,0.050658
26780,2,30,0.008547,290,0.979211,0.667948,0.4448,0.064234
26780,33,22,0.006268,287,0.994029,0.368296,0.393407,0.047331
26780,73,22,0.006268,880,1.227306,0.62302,0.488445,0.05058
26780,87,19,0.005413,348,1.199289,1.022504,0.36346,0.096643
26800,79,2856,0.814836,26260,0.330565,1.944985,0.445264,0.1523
26800,13,62,0.017689,572,1.11628,1.048173,0.537329,0.083408
26800,69,56,0.015977,381,1.117079,0.780845,0.380416,0.068182
26800,80,46,0.013124,285,0.870038,0.581743,0.485723,0.050919
26800,2,30,0.008559,290,0.979211,0.667948,0.4448,0.064234
26800,33,21,0.005991,287,0.995701,0.367583,0.394087,0.048048
26800,73,21,0.005991,880,1.240025,0.619085,0.491732,0.050807
26800,75,19,0.005421,362,1.033175,0.692487,0.611003,0.086231
26820,79,2860,0.814351,26355,0.330921,1.949406,0.445674,0.152064
26820,13,62,0.017654,574,1.115952,1.047392,0.538876,0.084062
26820,69,57,0.01623,384,1.102969,0.784201,0.381024,0.067328
26820,80,46,0.013098,285,0.870038,0.581743,0.485723,0.050919
26820,2,29,0.008257,290,0.980428,0.66955,0.444822,0.064715
26820,33,21,0.005979,287,0.995701,0.367583,0.394087,0.048048
26820,73,21,0.005979,880,1.240025,0.619085,0.491732,0.050807
26820,8,19,0.00541,525,1.469808,0.555887,0.55676,0.058908
26840,79,2883,0.815098,26471,0.331128,1.964227,0.444463,0.154114
26840,13,63,0.017812,575,1.121647,1.045017,0.538651,0.084242
26840,69,59,0.016681,386,1.104026,0.783257,0.380791,0.067307
26840,80,47,0.013288,286,0.871422,0.579588,0.484784,0.050678
26840,2,28,0.007916,293,0.964211,0.671391,0.449164,0.065623
26840,33,22,0.00622,288,0.995891,0.368534,0.39363,0.04889
26840,8,20,0.005655,526,1.469494,0.55084,0.561891,0.058508
26840,73,18,0.005089,880,1.245278,0.623191,0.497201,0.051398
26860,79,2876,0.8145,26570,0.329612,1.974813,0.445902,0.154492
26860,13,65,0.018408,577,1.123742,1.044755,0.538466,0.084039
26860,69,59,0.016709,388,1.104282,0.78271,0.379759,0.0672
26860,80,48,0.013594,288,0.875326,0.58066,0.484826,0.05105
26860,2,27,0.007647,293,0.968912,0.666674,0.449522,0.065422
26860,33,23,0.006514,289,0.992755,0.366823,0.393021,0.048445
26860,87,19,0.005381,350,1.183005,1.008935,0.373466,0.0918
26860,8,18,0.005098,526,1.458542,0.558271,0.56641,0.059247
26880,79,2863,0.813121,26662,0.329256,1.972403,0.447169,0.153018
26880,13,64,0.018177,578,1.120504,1.037944,0.535855,0.084022
26880,69,57,0.016189,389,1.10926,0.780907,0.379179,0.066929
26880,80,49,0.013917,289,0.87972,0.580513,0.485858,0.050951
26880,2,27,0.007668,293,0.968912,0.666674,0.449522,0.065422
26880,33,23,0.006532,289,0.992755,0.366823,0.393021,0.048445
26880,8,20,0.00568,528,1.438669,0.541609,0.553863,0.059235
26880,87,20,0.00568,351,1.189636,1.046533,0.368213,0.093064
26900,79,2872,0.812677,26771,0.32919,1.980203,0.44475,0.15271
26900,13,65,0.018393,580,1.115935,1.034105,0.536263,0.083383
26900,69,57,0.016129,390,1.10987,0.782362,0.380343,0.067322
26900,80,49,0.013865,289,0.87972,0.580513,0.485858,0.050951
26900,2,28,0.007923,294,0.962266,0.673321,0.449489,0.065366
26900,33,23,0.006508,289,0.992755,0.366823,0.393021,0.048445
26900,8,20,0.005659,528,1.438669,0.541609,0.553863,0.059235
26900,87,19,0.005376,351,1.17394,1.047899,0.371053,0.092446
26920,79,2868,0.813156,26863,0.328179,1.987545,0.445909,0.152564
26920,13,65,0.018429,580,1.115935,1.034105,0.536263,0.083383
26920,69,56,0.015878,392,1.109866,0.779612,0.380555,0.067583
26920,80,47,0.013326,289,0.877286,0.581341,0.487288,0.050724
26920,2,26,0.007372,294,0.965706,0.673551,0.449632,0.065739
26920,33,23,0.006521,289,0.992755,0.366823,0.393021,0.048445
26920,8,19,0.005387,528,1.424226,0.540118,0.545642,0.059666
26920,87,19,0.005387,351,1.17394,1.047899,0.371053,0.092446
26940,79,2868,0.813386,26955,0.327282,1.987844,0.448064,0.152655
26940,13,65,0.018434,581,1.11426,1.042788,0.534353,0.083925
26940,69,54,0.015315,392,1.106873,0.779539,0.38101,0.067213
26940,80,47,0.01333,290,0.878344,0.581216,0.487657,0.05083
26940,2,24,0.006807,294,0.968872,0.664624,0.45241,0.065795
26940,33,23,0.006523,289,0.992755,0.366823,0.393021,0.048445
26940,75,19,0.005389,364,1.011146,0.732436,0.602822,0.086736
26940,8,18,0.005105,528,1.438104,0.540912,0.546298,0.06052
26960,79,2877,0.814322,27058,0.328591,2.000549,0.447246,0.153408
26960,13,67,0.018964,583,1.113126,1.041389,0.530896,0.084649
26960,69,51,0.014435,392,1.107891,0.778018,0.382441,0.067293
26960,80,47,0.013303,290,0.878344,0.581216,0.487657,0.05083
26960,2,25,0.007076,295,0.964415,0.673648,0.449394,0.066046
26960,33,23,0.00651,289,0.992755,0.366823,0.393021,0.048445
26960,75,19,0.005378,364,1.011146,0.732436,0.602822,0.086736
26960,34,18,0.005095,399,0.993788,0.601697,0.415086,0.068634
26980,79,2914,0.817391,27185,0.330041,2.021838,0.446484,0.154771
26980,13,68,0.019074,585,1.117706,1.047092,0.531262,0.084837
26980,69,53,0.014867,395,1.114433,0.778204,0.381955,0.066662
26980,80,46,0.012903,290,0.879916,0.582558,0.48715,0.051117
26980,2,25,0.007013,295,0.964415,0.673648,0.449394,0.066046
26980,33,23,0.006452,289,0.992755,0.366823,0.393021,0.048445
26980,73,19,0.00533,883,1.253567,0.619167,0.504545,0.052661
26980,75,19,0.00533,364,1.011146,0.732436,0.602822,0.086736
27000,79,2894,0.815211,27264,0.330715,2.007059,0.448581,0.154533
27000,13,69,0.019437,587,1.11587,1.046502,0.531255,0.084618
27000,69,53,0.01493,397,1.107473,0.783008,0.382395,0.066629
27000,80,47,0.013239,291,0.881123,0.581976,0.487627,0.050703
27000,2,25,0.007042,295,0.964415,0.673648,0.449394,0.066046
27000,33,23,0.006479,290,0.992053,0.36773,0.392159,0.049
27000,75,20,0.005634,365,1.015952,0.728713,0.603939,0.088643
27000,34,18,0.00507,400,0.985386,0.590775,0.439114,0.069363
27020,79,2880,0.816327,27350,0.328698,2.012132,0.44788,0.153949
27020,13,69,0.019558,588,1.107951,1.054015,0.531992,0.08491
27020,69,54,0.015306,398,1.107976,0.782621,0.382191,0.066799
27020,80,48,0.013605,292,0.88262,0.5815,0.488294,0.050696
27020,2,25,0.007086,296,0.978163,0.668703,0.447366,0.065719
27020,33,21,0.005952,290,0.998309,0.369364,0.38972,0.047693
27020,34,18,0.005102,400,0.985386,0.590775,0.439114,0.069363
27020,56,18,0.005102,414,0.96808,0.601931,0.384912,0.041192
27040,79,2907,0.818412,27464,0.32909,2.008471,0.446444,0.153463
27040,13,67,0.018863,590,1.108149,1.064721,0.531527,0.085769
27040,69,55,0.015484,400,1.101817,0.783944,0.381513,0.066437
27040,80,47,0.013232,292,0.883519,0.581404,0.489313,0.050928
27040,2,26,0.00732,298,0.958877,0.670222,0.449698,0.066367
27040,33,19,0.005349,290,1.00215,0.370472,0.39055,0.047175
27040,34,18,0.005068,400,0.985386,0.590775,0.439114,0.069363
27040,56,18,0.005068,414,0.96808,0.601931,0.384912,0.041192
27060,79,2930,0.820039,27576,0.329599,2.013924,0.445216,0.15335
27060,13,69,0.019312,593,1.113976,1.065659,0.533877,0.085368
27060,69,54,0.015113,403,1.10358,0.778796,0.381235,0.066511
27060,80,44,0.012315,292,0.880621,0.582717,0.491975,0.050528
27060,2,26,0.007277,298,0.958877,0.670222,0.449698,0.066367
27060,33,19,0.005318,291,0.99943,0.373136,0.389274,0.046665
27060,34,19,0.005318,401,0.980522,0.593335,0.441263,0.069058
27060,56,18,0.005038,414,0.96808,0.601931,0.384912,0.041192
27080,79,2928,0.822472,27673,0.329559,2.02655,0.447595,0.153315
27080,13,67,0.01882,596,1.1096,1.066064,0.535143,0.084661
27080,69,55,0.015449,405,1.110514,0.776583,0.382005,0.065797
27080,80,44,0.01236,293,0.880387,0.58449,0.492764,0.049904
27080,2,26,0.007303,298,0.958877,0.670222,0.449698,0.066367
27080,34,19,0.005337,401,0.980522,0.593335,0.441263,0.069058
27080,33,18,0.005056,291,0.997646,0.373727,0.389144,0.046864
27080,72,18,0.005056,373,0.903187,0.650256,0.471445,0.044466
27100,79,2946,0.820384,27766,0.329833,2.04723,0.446992,0.153976
27100,13,68,0.018936,598,1.113942,1.068914,0.537789,0.084194
27100,69,55,0.015316,406,1.113415,0.777452,0.381755,0.066085
27100,80,45,0.012531,294,0.879692,0.583181,0.49302,0.049601
27100,2,28,0.007797,300,0.952928,0.67638,0.448095,0.065838
27100,34,19,0.005291,401,0.980522,0.593335,0.441263,0.069058
27100,7,18,0.005013,361,1.030676,0.29846,0.403049,0.044019
27100,72,18,0.005013,374,0.906449,0.654196,0.473472,0.044219
27120,79,2939,0.821409,27857,0.329002,2.042711,0.447048,0.153739
27120,13,67,0.018726,599,1.117918,1.079058,0.535968,0.08454
27120,69,57,0.015931,408,1.114821,0.777633,0.383027,0.066027
27120,80,45,0.012577,294,0.879692,0.583181,0.49302,0.049601
27120,2,28,0.007826,300,0.952928,0.67638,0.448095,0.065838
27120,34,18,0.005031,401,0.972685,0.593228,0.439532,0.068358
27120,33,17,0.004751,291,0.997839,0.375499,0.388345,0.046064
27120,56,17,0.004751,417,0.971309,0.609163,0.38749,0.040066
27140,79,2953,0.81914,27969,0.328736,2.035492,0.447704,0.153337
27140,13,68,0.018863,601,1.121275,1.075306,0.53735,0.084867
27140,69,59,0.016366,410,1.110557,0.778882,0.38251,0.066419
27140,80,47,0.013037,296,0.880723,0.584929,0.49165,0.049044
27140,2,28,0.007767,300,0.952928,0.67638,0.448095,0.065838
27140,34,19,0.00527,402,0.980031,0.592161,0.44006,0.067542
27140,33,18,0.004993,292,0.996548,0.375683,0.385658,0.046243
27140,72,17,0.004716,374,0.904037,0.656953,0.474906,0.043995
27160,79,2951,0.817678,28071,0.327721,2.046674,0.446428,0.153232
27160,13,66,0.018288,603,1.11093,1.073769,0.532782,0.085848
27160,69,59,0.016348,411,1.108635,0.781016,0.381481,0.06642
27160,80,47,0.013023,296,0.880723,0.584929,0.49165,0.049044
27160,2,29,0.008035,301,0.948733,0.6793,0.447785,0.065712
27160,33,19,0.005265,293,0.992222,0.374704,0.386291,0.046594
27160,34,19,0.005265,402,0.980031,0.592161,0.44006,0.067542
27160,87,18,0.004988,357,1.186673,1.102826,0.382387,0.098862
27180,79,2961,0.817956,28168,0.328113,2.055903,0.445506,0.154015
27180,13,68,0.018785,606,1.107592,1.074948,0.530417,0.085843
27180,69,60,0.016575,412,1.11118,0.781545,0.380812,0.066782
27180,80,47,0.012983,298,0.880595,0.58367,0.491336,0.048674
27180,2,29,0.008011,301,0.948733,0.6793,0.447785,0.065712
27180,34,19,0.005249,402,0.980031,0.592161,0.44006,0.067542
27180,33,18,0.004972,293,0.989649,0.373712,0.384929,0.046901
27180,87,18,0.004972,357,1.186673,1.102826,0.382387,0.098862
27200,79,2948,0.81662,28251,0.329772,2.046208,0.444762,0.154337
27200,13,68,0.018837,606,1.107592,1.074948,0.530417,0.085843
27200,69,60,0.01662,415,1.113874,0.782396,0.380914,0.067642
27200,80,45,0.012465,300,0.873833,0.581039,0.489559,0.047879
27200,2,28,0.007756,301,0.953635,0.677632,0.448778,0.065349
27200,34,19,0.005263,402,0.980031,0.592161,0.44006,0.067542
27200,87,19,0.005263,358,1.201223,1.101263,0.383987,0.098915
27200,33,18,0.004986,293,0.989649,0.373712,0.384929,0.046901
27220,79,2918,0.815312,28335,0.328858,2.048668,0.444304,0.15302
27220,13,69,0.019279,607,1.104766,1.074515,0.531708,0.085669
27220,69,59,0.016485,418,1.117689,0.781778,0.381751,0.067189
27220,80,47,0.013132,303,0.873628,0.579394,0.490137,0.04715
27220,2,29,0.008103,302,0.950563,0.678572,0.448309,0.065309
27220,87,20,0.005588,360,1.202881,1.170761,0.371413,0.104662
27220,33,17,0.00475,293,0.987884,0.376441,0.384037,0.046953
27220,34,17,0.00475,402,0.969579,0.606518,0.443942,0.067747
27240,79,2918,0.815767,28430,0.328166,2.056325,0.444766,0.152944
27240,13,67,0.018731,609,1.100224,1.069664,0.532794,0.085809
27240,69,59,0.016494,418,1.117689,0.781778,0.381751,0.067189
27240,80,47,0.01314,304,0.874638,0.57864,0.490057,0.047168
27240,2,28,0.007828,302,0.95994,0.673694,0.449246,0.065479
27240,33,18,0.005032,294,0.985975,0.376594,0.384484,0.047081
27240,73,18,0.005032,890,1.184875,0.68249,0.483582,0.055728
27240,87,18,0.005032,361,1.220619,1.087229,0.381819,0.098403
27260,79,2926,0.816862,28523,0.328345,2.067119,0.441938,0.153191
27260,13,70,0.019542,612,1.106475,1.070809,0.533751,0.085586
27260,69,55,0.015355,418,1.116002,0.787508,0.383086,0.067265
27260,80,49,0.01368,307,0.877357,0.577849,0.49073,0.047124
27260,2,26,0.007259,302,0.958408,0.679556,0.450454,0.06545
27260,33,18,0.005025,294,0.985975,0.376594,0.384484,0.047081
27260,87,18,0.005025,361,1.220619,1.087229,0.381819,0.098403
27260,3,17,0.004746,434,1.064011,0.335131,0.384376,0.039912
27280,79,2939,0.816389,28622,0.329863,2.069651,0.441496,0.153522
27280,13,70,0.019444,614,1.108389,1.070572,0.532984,0.086062
27280,69,57,0.015833,421,1.116031,0.788834,0.381743,0.066363
27280,80,51,0.014167,309,0.874391,0.579008,0.490684,0.047116
27280,2,27,0.0075,304,0.965332,0.680328,0.448977,0.065665
27280,73,19,0.005278,892,1.198866,0.688306,0.484423,0.055864
27280,33,18,0.005,294,0.985975,0.376594,0.384484,0.047081
27280,87,18,0.005,361,1.220619,1.087229,0.381819,0.098403
27300,79,2938,0.816338,28717,0.329656,2.069129,0.438512,0.153195
27300,13,71,0.019728,617,1.116542,1.067967,0.53267,0.086052
27300,69,56,0.01556,421,1.119924,0.789301,0.381443,0.066527
27300,80,50,0.013893,309,0.870066,0.579119,0.48979,0.047134
27300,2,25,0.006946,304,0.967797,0.683321,0.44667,0.065776
27300,33,20,0.005557,296,0.983142,0.379332,0.383078,0.04727
27300,73,20,0.005557,893,1.185579,0.693079,0.480375,0.055177
27300,87,19,0.005279,362,1.206553,1.114104,0.379268,0.099533
27320,79,2947,0.81793,28818,0.329543,2.087675,0.435375,0.153966
27320,13,72,0.019983,619,1.117151,1.066891,0.533609,0.086279
27320,69,57,0.01582,423,1.126394,0.790539,0.380339,0.06717
27320,80,48,0.013322,310,0.868751,0.577038,0.488751,0.046432
27320,2,24,0.006661,304,0.963823,0.682722,0.447264,0.066126
27320,33,20,0.005551,296,0.983142,0.379332,0.383078,0.04727
27320,73,19,0.005273,894,1.167655,0.699777,0.477546,0.05511
27320,75,19,0.005273,372,1.047132,0.71916,0.608976,0.08788
27340,79,2949,0.818031,28932,0.328404,2.088945,0.436839,0.153743
27340,13,73,0.02025,621,1.110643,1.068902,0.531169,0.08603
27340,69,56,0.015534,425,1.127016,0.792865,0.378534,0.066914
27340,80,47,0.013037,312,0.864438,0.580447,0.489007,0.046854
27340,2,25,0.006935,305,0.962312,0.686075,0.444717,0.065908
27340,87,20,0.005548,363,1.217578,1.10318,0.379942,0.099966
27340,33,19,0.00527,296,0.98031,0.380908,0.382072,0.047605
27340,75,19,0.00527,372,1.047132,0.71916,0.608976,0.08788
27360,79,2945,0.818738,29027,0.328981,2.068195,0.439601,0.152156
27360,13,72,0.020017,622,1.113013,1.069941,0.529913,0.086042
27360,69,57,0.015847,428,1.122388,0.794106,0.37998,0.067536
27360,80,47,0.013066,312,0.864438,0.580447,0.489007,0.046854
27360,2,25,0.00695,305,0.962312,0.686075,0.444717,0.065908
27360,87,20,0.00556,363,1.217578,1.10318,0.379942,0.099966
27360,33,19,0.005282,296,0.98031,0.380908,0.382072,0.047605
27360,75,19,0.005282,372,1.047132,0.71916,0.608976,0.08788
27380,79,2909,0.815989,29098,0.327555,2.059844,0.442586,0.151675
27380,13,75,0.021038,626,1.114062,1.062206,0.529008,0.085375
27380,69,58,0.016269,431,1.116861,0.795163,0.378396,0.066677
27380,80,48,0.013464,313,0.864434,0.580413,0.488438,0.046691
27380,2,23,0.006452,305,0.974366,0.678008,0.444964,0.066071
27380,33,20,0.00561,297,0.975534,0.381014,0.382548,0.047448
27380,3,18,0.005049,437,1.055194,0.335862,0.382343,0.041283
27380,87,18,0.005049,363,1.199795,1.137297,0.379881,0.098487
27400,79,2882,0.815045,29177,0.328579,2.063443,0.442248,0.152356
27400,13,77,0.021776,629,1.121425,1.07374,0.530458,0.085997
27400,69,58,0.016403,432,1.116866,0.793579,0.377773,0.066669
27400,80,48,0.013575,314,0.865287,0.580392,0.490014,0.046761
27400,2,23,0.006505,306,0.97157,0.680171,0.440752,0.066133
27400,33,20,0.005656,297,0.975534,0.381014,0.382548,0.047448
27400,73,18,0.00509,896,1.191215,0.700534,0.477182,0.056322
27400,87,18,0.00509,363,1.199795,1.137297,0.379881,0.098487
27420,79,2873,0.815267,29263,0.329416,2.082049,0.440869,0.152551
27420,13,77,0.02185,630,1.124757,1.074313,0.531343,0.085991
27420,69,59,0.016742,434,1.119455,0.795165,0.378304,0.066715
27420,80,48,0.013621,315,0.866403,0.581262,0.490265,0.046808
27420,2,23,0.006527,306,0.97157,0.680171,0.440752,0.066133
27420,33,21,0.005959,298,0.971747,0.380813,0.381135,0.047902
27420,34,17,0.004824,408,0.943876,0.600437,0.394323,0.065854
27420,73,17,0.004824,897,1.171264,0.705577,0.476364,0.053473
27440,79,2850,0.814751,29350,0.32999,2.10028,0.438999,0.153807
27440,13,74,0.021155,632,1.122541,1.078299,0.535447,0.086261
27440,69,58,0.016581,435,1.123747,0.798274,0.378096,0.066914
27440,80,49,0.014008,316,0.867961,0.582507,0.490172,0.04665
27440,2,26,0.007433,309,0.966398,0.679767,0.443634,0.065635
27440,33,21,0.006003,299,0.970162,0.380374,0.379612,0.048065
27440,73,17,0.00486,897,1.171264,0.705577,0.476364,0.053473
27440,87,17,0.00486,364,1.200805,1.068393,0.391614,0.092613
27460,79,2860,0.814583,29438,0.329419,2.11086,0.438673,0.153921
27460,13,75,0.021361,635,1.126144,1.069838,0.532482,0.086062
27460,69,57,0.016235,437,1.128884,0.795351,0.378196,0.067078
27460,80,50,0.014241,318,0.865563,0.581444,0.490467,0.046275
27460,2,25,0.00712,309,0.962613,0.681163,0.444558,0.065911
27460,33,21,0.005981,299,0.970162,0.380374,0.379612,0.048065
27460,73,17,0.004842,898,1.198027,0.672039,0.493416,0.052639
27460,87,17,0.004842,364,1.200805,1.068393,0.391614,0.092613
27480,79,2865,0.814615,29534,0.330897,2.107236,0.439878,0.154092
27480,13,77,0.021894,638,1.12618,1.079415,0.53044,0.08627
27480,69,55,0.015638,438,1.131466,0.791432,0.378585,0.06725
27480,80,49,0.013932,319,0.864815,0.580761,0.487349,0.046091
27480,2,25,0.007108,309,0.962613,0.681163,0.444558,0.065911
27480,73,20,0.005687,901,1.163464,0.690565,0.480839,0.053042
27480,33,19,0.005402,300,0.969611,0.382658,0.382242,0.047884
27480,87,18,0.005118,365,1.198775,1.061573,0.392855,0.094384
27500,79,2862,0.81353,29626,0.329794,2.11677,0.437757,0.15525
27500,13,78,0.022172,640,1.119746,1.08485,0.531936,0.086045
27500,69,55,0.015634,440,1.131516,0.795126,0.380912,0.067582
27500,80,52,0.014781,322,0.866898,0.579044,0.489622,0.045927
27500,2,26,0.007391,310,0.964636,0.68089,0.447697,0.066035
27500,33,18,0.005117,300,0.967048,0.381242,0.382675,0.048268
27500,73,18,0.005117,902,1.174572,0.676636,0.490825,0.053745
27500,7,17,0.004832,373,1.011853,0.304521,0.396695,0.042932
27520,79,2859,0.813603,29710,0.329844,2.118633,0.438218,0.154149
27520,13,78,0.022197,642,1.113689,1.077204,0.53168,0.08629
27520,69,56,0.015936,442,1.129257,0.792947,0.381988,0.067859
27520,80,53,0.015083,323,0.867336,0.578483,0.489825,0.04569
27520,2,26,0.007399,311,0.959516,0.685673,0.446671,0.065963
27520,87,18,0.005122,367,1.184371,1.053265,0.396282,0.091667
27520,73,17,0.004838,903,1.186201,0.649126,0.489332,0.052121
27520,7,16,0.004553,373,1.008342,0.305553,0.396085,0.043155
27540,79,2865,0.812997,29803,0.330686,2.122903,0.438012,0.154474
27540,13,79,0.022418,646,1.123234,1.076076,0.529945,0.086855
27540,69,55,0.015607,443,1.129319,0.793961,0.383963,0.067915
27540,80,54,0.015323,324,0.867708,0.577725,0.489928,0.045703
27540,2,28,0.007946,313,0.958146,0.681005,0.447638,0.065242
27540,73,19,0.005392,905,1.153595,0.667806,0.483531,0.05133
27540,87,18,0.005108,367,1.184371,1.053265,0.396282,0.091667
27540,7,17,0.004824,374,1.003884,0.306256,0.400407,0.042634
27560,79,2864,0.812252,29892,0.332103,2.118786,0.438275,0.154348
27560,13,80,0.022689,648,1.12668,1.073826,0.529438,0.086895
27560,69,57,0.016166,446,1.129594,0.793757,0.385002,0.067265
27560,80,54,0.015315,325,0.86898,0.580192,0.48762,0.04578
27560,2,26,0.007374,313,0.955188,0.67718,0.450053,0.06522
27560,87,20,0.005672,369,1.179274,1.109205,0.392062,0.093306
27560,7,17,0.004821,374,1.003884,0.306256,0.400407,0.042634
27560,34,17,0.004821,411,0.932563,0.620853,0.424621,0.068227
27580,79,2888,0.811236,29989,0.332332,2.131456,0.435893,0.155661
27580,13,79,0.022191,649,1.114323,1.074352,0.53428,0.086616
27580,69,57,0.016011,447,1.128403,0.794215,0.386545,0.067993
27580,80,55,0.015449,326,0.868771,0.579627,0.488569,0.04577
27580,2,27,0.007584,314,0.959196,0.674607,0.450791,0.064909
27580,87,20,0.005618,370,1.183377,1.119328,0.387282,0.098027
27580,3,18,0.005056,444,1.052811,0.335771,0.385894,0.039629
27580,7,18,0.005056,375,1.009326,0.307052,0.397598,0.043
27600,79,2901,0.81215,30085,0.331516,2.140472,0.436155,0.155736
27600,13,79,0.022116,652,1.120823,1.079411,0.531522,0.087479
27600,69,57,0.015957,449,1.129207,0.795829,0.385419,0.068409
27600,80,56,0.015677,328,0.86703,0.581416,0.48967,0.046148
27600,2,25,0.006999,314,0.954641,0.675947,0.450921,0.065208
27600,87,20,0.005599,370,1.183377,1.119328,0.387282,0.098027
27600,3,19,0.005319,445,1.050217,0.334728,0.384659,0.040581
27600,7,18,0.005039,375,1.009326,0.307052,0.397598,0.043
27620,79,2894,0.811781,30179,0.332417,2.146392,0.437803,0.155376
27620,13,81,0.022721,655,1.121481,1.092374,0.530497,0.088317
27620,69,59,0.01655,453,1.134732,0.790611,0.385191,0.068297
27620,80,56,0.015708,328,0.86703,0.581416,0.48967,0.046148
27620,2,25,0.007013,314,0.954641,0.675947,0.450921,0.065208
27620,87,21,0.005891,371,1.176944,1.120005,0.385058,0.098513
27620,3,19,0.00533,446,1.047329,0.335691,0.38521,0.04022
27620,34,17,0.004769,412,0.928934,0.691676,0.427621,0.071318
27640,79,2907,0.814058,30277,0.333382,2.14966,0.438654,0.155517
27640,13,79,0.022123,656,1.125849,1.093046,0.527235,0.088068
27640,69,58,0.016242,453,1.134614,0.792409,0.385878,0.068339
27640,80,55,0.015402,329,0.870407,0.582769,0.489929,0.046296
27640,2,23,0.006441,314,0.958416,0.677326,0.449596,0.064904
27640,87,21,0.005881,372,1.182486,1.08896,0.383678,0.097939
27640,3,19,0.005321,446,1.047329,0.335691,0.38521,0.04022
27640,34,17,0.004761,412,0.928934,0.691676,0.427621,0.071318
27660,79,2916,0.815436,30361,0.333152,2.152304,0.438072,0.155045
27660,13,83,0.02321,661,1.130266,1.099277,0.523961,0.088107
27660,69,57,0.01594,455,1.131641,0.79786,0.385312,0.068101
27660,80,53,0.014821,329,0.869021,0.582521,0.490986,0.046169
27660,2,22,0.006152,315,0.956272,0.678919,0.448552,0.064869
27660,87,22,0.006152,373,1.184774,1.117016,0.382315,0.099669
27660,3,19,0.005313,446,1.047329,0.335691,0.38521,0.04022
27660,73,17,0.004754,910,1.101425,0.705715,0.463342,0.051123
27680,79,2904,0.81413,30452,0.332216,2.150154,0.437626,0.15509
27680,13,84,0.023549,665,1.124048,1.09803,0.523743,0.087072
27680,69,59,0.016541,458,1.12904,0.797972,0.384915,0.067742
27680,80,52,0.014578,331,0.872012,0.583465,0.49319,0.04622
27680,2,24,0.006728,317,0.951803,0.691598,0.446247,0.065515
27680,3,20,0.005607,447,1.042051,0.337547,0.38515,0.039917
27680,34,20,0.005607,417,0.943808,0.721629,0.427295,0.072427
27680,73,18,0.005046,912,1.096776,0.706075,0.460805,0.050189
27700,79,2883,0.811655,30535,0.330641,2.153132,0.43771,0.155107
27700,13,88,0.024775,669,1.123532,1.097784,0.525693,0.087323
27700,69,59,0.01661,458,1.12904,0.797972,0.384915,0.067742
27700,80,51,0.014358,331,0.870607,0.581988,0.493058,0.04591
27700,2,25,0.007038,318,0.949068,0.684565,0.449751,0.065008
27700,34,19,0.005349,417,0.943601,0.738682,0.433236,0.07385
27700,87,18,0.005068,374,1.14983,1.104606,0.377603,0.099054
27700,3,17,0.004786,447,1.048332,0.337604,0.384065,0.0395
27720,79,2859,0.812447,30608,0.331212,2.145324,0.437982,0.15489
27720,13,89,0.025291,670,1.122908,1.094477,0.524393,0.087151
27720,69,58,0.016482,461,1.12941,0.794574,0.383366,0.066869
27720,80,47,0.013356,331,0.873526,0.585633,0.493216,0.046047
27720,2,26,0.007388,319,0.94899,0.683488,0.450463,0.065218
27720,34,19,0.005399,417,0.943601,0.738682,0.433236,0.07385
27720,33,18,0.005115,305,0.978102,0.387066,0.38176,0.046838
27720,75,18,0.005115,381,1.056042,0.740223,0.605521,0.090831
27740,79,2876,0.813809,30708,0.332684,2.146078,0.437019,0.154543
27740,13,85,0.024052,670,1.115353,1.095559,0.524846,0.087022
27740,69,59,0.016695,464,1.133368,0.799084,0.383406,0.06763
27740,80,49,0.013865,333,0.872586,0.58308,0.491539,0.045812
27740,2,26,0.007357,320,0.942707,0.687479,0.445327,0.064775
27740,34,20,0.005659,419,0.940629,0.729126,0.428862,0.07174
27740,33,19,0.005376,306,0.972202,0.389736,0.381698,0.046232
27740,75,18,0.005093,381,1.056042,0.740223,0.605521,0.090831
27760,79,2872,0.810841,30795,0.333348,2.146559,0.43885,0.154184
27760,13,85,0.023998,672,1.112511,1.093598,0.520842,0.086769
27760,69,61,0.017222,467,1.131729,0.800971,0.382991,0.066989
27760,80,49,0.013834,334,0.871647,0.585434,0.49215,0.046341
27760,2,27,0.007623,321,0.942797,0.681755,0.447504,0.064691
27760,34,20,0.005647,419,0.940629,0.729126,0.428862,0.07174
27760,33,19,0.005364,306,0.972202,0.389736,0.381698,0.046232
27760,87,19,0.005364,376,1.190128,1.133173,0.3798,0.098611
27780,79,2902,0.812885,30902,0.333754,2.172526,0.435628,0.155224
27780,13,86,0.02409,675,1.11223,1.068601,0.519166,0.085562
27780,69,62,0.017367,469,1.131271,0.802297,0.383688,0.067475
27780,80,46,0.012885,334,0.872365,0.588308,0.490782,0.04668
27780,2,25,0.007003,321,0.928804,0.685888,0.448445,0.0652
27780,34,20,0.005602,420,0.94224,0.726995,0.427391,0.0721
27780,33,19,0.005322,306,0.972202,0.389736,0.381698,0.046232
27780,87,19,0.005322,377,1.184481,1.181303,0.373019,0.102268
27800,79,2894,0.810417,30983,0.333773,2.167147,0.435466,0.155293
27800,13,86,0.024083,676,1.113722,1.066861,0.520857,0.085373
27800,69,64,0.017922,471,1.133147,0.804479,0.383043,0.067688
27800,80,45,0.012602,335,0.870652,0.587943,0.490076,0.046014
27800,2,25,0.007001,323,0.932662,0.684568,0.450191,0.064718
27800,34,21,0.005881,421,0.935874,0.761482,0.428069,0.073689
27800,33,19,0.005321,306,0.972202,0.389736,0.381698,0.046232
27800,87,19,0.005321,377,1.184481,1.181303,0.373019,0.102268
27820,79,2873,0.811353,31083,0.332462,2.152811,0.436685,0.15485
27820,13,86,0.024287,679,1.110806,1.061276,0.520237,0.085309
27820,69,65,0.018356,472,1.134949,0.801985,0.382903,0.067609
27820,80,49,0.013838,339,0.867703,0.585568,0.48982,0.046369
27820,2,24,0.006778,323,0.927962,0.685465,0.448075,0.064483
27820,34,21,0.005931,421,0.935874,0.761482,0.428069,0.073689
27820,87,19,0.005366,377,1.184481,1.181303,0.373019,0.102268
27820,33,18,0.005083,306,0.971493,0.389905,0.378716,0.045735
27840,79,2882,0.813894,31173,0.332847,2.141882,0.43719,0.15486
27840,13,85,0.024005,680,1.11665,1.056147,0.521685,0.0856
27840,69,65,0.018356,473,1.130465,0.801777,0.38337,0.067676
27840,80,49,0.013838,341,0.863932,0.588567,0.49195,0.047081
27840,2,24,0.006778,323,0.927962,0.685465,0.448075,0.064483
27840,34,19,0.005366,421,0.938481,0.73489,0.434783,0.07314
27840,33,18,0.005083,307,0.973915,0.388106,0.378368,0.04539
27840,73,18,0.005083,917,1.1301,0.708433,0.460564,0.053678
27860,79,2901,0.814202,31274,0.332729,2.163061,0.435991,0.15554
27860,13,86,0.024137,683,1.119019,1.050274,0.518404,0.08577
27860,69,64,0.017962,474,1.127952,0.803778,0.382485,0.068189
27860,80,50,0.014033,343,0.865186,0.586883,0.491988,0.046911
27860,2,25,0.007017,324,0.929432,0.684454,0.448081,0.063896
27860,34,20,0.005613,422,0.933946,0.782506,0.431684,0.074501
27860,87,18,0.005052,377,1.190595,1.184122,0.37559,0.101635
27860,33,17,0.004771,307,0.975115,0.38863,0.377561,0.045162
27880,79,2919,0.81468,31370,0.332314,2.159084,0.436574,0.154733
27880,13,84,0.023444,683,1.11631,1.054658,0.522493,0.085883
27880,69,64,0.017862,476,1.126184,0.804139,0.383142,0.068348
27880,80,51,0.014234,344,0.863771,0.588884,0.491093,0.047151
27880,2,25,0.006977,326,0.921851,0.674455,0.452463,0.064514
27880,34,19,0.005303,422,0.934127,0.789614,0.430707,0.074771
27880,33,18,0.005024,308,0.968176,0.38975,0.37745,0.045002
27880,73,18,0.005024,918,1.161333,0.6866,0.466356,0.053596
27900,79,2928,0.818106,31463,0.332152,2.162279,0.43647,0.154585
27900,13,84,0.02347,686,1.123164,1.05155,0.520408,0.086116
27900,69,57,0.015926,478,1.113709,0.809512,0.382305,0.069423
27900,80,52,0.014529,346,0.865527,0.587821,0.492043,0.047502
27900,2,24,0.006706,326,0.92088,0.680352,0.450311,0.064598
27900,33,18,0.005029,308,0.968176,0.38975,0.37745,0.045002
27900,73,18,0.005029,918,1.161333,0.6866,0.466356,0.053596
27900,34,17,0.00475,422,0.943401,0.689907,0.432401,0.071535
27920,79,2935,0.818233,31557,0.332054,2.179364,0.436547,0.155695
27920,13,87,0.024254,690,1.122917,1.055618,0.517696,0.086336
27920,69,55,0.015333,479,1.112366,0.811518,0.382446,0.068545
27920,80,50,0.013939,346,0.866372,0.58459,0.492884,0.047544
27920,2,24,0.006691,326,0.92088,0.680352,0.450311,0.064598
27920,33,18,0.005018,309,0.977965,0.39107,0.374506,0.044537
27920,34,18,0.005018,423,0.939835,0.740764,0.429448,0.073491
27920,73,17,0.004739,918,1.173856,0.669218,0.469949,0.053011
27940,79,2939,0.818435,31659,0.332141,2.180661,0.436538,0.155464
27940,13,88,0.024506,693,1.114726,1.053145,0.515927,0.085867
27940,69,54,0.015038,480,1.111717,0.814167,0.38178,0.06814
27940,80,53,0.014759,350,0.867385,0.586037,0.494227,0.047326
27940,2,24,0.006683,326,0.92088,0.680352,0.450311,0.064598
27940,33,18,0.005013,309,0.977965,0.39107,0.374506,0.044537
27940,34,17,0.004734,423,0.931859,0.753891,0.426012,0.074762
27940,73,17,0.004734,918,1.173856,0.669218,0.469949,0.053011
27960,79,2946,0.819244,31756,0.332129,2.182161,0.437633,0.155015
27960,13,85,0.023637,693,1.111734,1.057171,0.515749,0.085794
27960,69,54,0.015017,482,1.112036,0.811214,0.380576,0.068143
27960,80,52,0.014461,352,0.870736,0.582096,0.496578,0.047253
27960,2,26,0.00723,328,0.922217,0.673248,0.453467,0.063614
27960,33,18,0.005006,310,0.988989,0.395383,0.37426,0.045351
27960,73,17,0.004727,918,1.173856,0.669218,0.469949,0.053011
27960,75,17,0.004727,387,1.054179,0.700432,0.620438,0.082291
27980,79,2967,0.820974,31868,0.33329,2.194049,0.435479,0.155962
27980,13,85,0.02352,695,1.106957,1.060202,0.519115,0.085673
27980,69,53,0.014665,484,1.106111,0.812317,0.383707,0.069281
27980,80,52,0.014388,352,0.870736,0.582096,0.496578,0.047253
27980,2,26,0.007194,328,0.922217,0.673248,0.453467,0.063614
27980,33,18,0.004981,310,0.988989,0.395383,0.37426,0.045351
27980,87,17,0.004704,380,1.187052,1.251865,0.373129,0.103808
27980,3,16,0.004427,454,1.024524,0.33399,0.386901,0.039226
28000,79,2954,0.8201,31951,0.33281,2.201119,0.436577,0.156408
28000,13,86,0.023876,697,1.111591,1.058496,0.520715,0.085926
28000,69,53,0.014714,485,1.105574,0.814371,0.382996,0.069124
28000,80,51,0.014159,352,0.871216,0.583332,0.496814,0.047514
28000,2,25,0.006941,328,0.921225,0.673915,0.452876,0.063339
28000,33,17,0.00472,310,0.986362,0.39492,0.374613,0.045009
28000,34,17,0.00472,425,0.947446,0.654799,0.419574,0.069643
28000,87,17,0.00472,380,1.187052,1.251865,0.373129,0.103808
28020,79,2966,0.821607,32036,0.333754,2.215447,0.436087,0.15681
28020,13,89,0.024654,702,1.111403,1.05407,0.523192,0.085954
28020,69,55,0.015235,488,1.107599,0.817039,0.381368,0.069893
28020,80,50,0.01385,352,0.868619,0.584266,0.495763,0.04762
28020,2,26,0.007202,329,0.919346,0.667365,0.453362,0.063129
28020,3,17,0.004709,455,1.023927,0.335345,0.386056,0.039341
28020,34,17,0.004709,425,0.947446,0.654799,0.419574,0.069643
28020,87,17,0.004709,381,1.186525,1.200366,0.381991,0.099761
28040,79,2944,0.817097,32115,0.333329,2.216537,0.436347,0.156501
28040,13,95,0.026367,709,1.114029,1.048868,0.523797,0.086125
28040,69,56,0.015543,490,1.107405,0.820936,0.382175,0.06982
28040,80,51,0.014155,354,0.866551,0.590283,0.492251,0.048474
28040,2,27,0.007494,330,0.918159,0.66278,0.454211,0.062752
28040,87,18,0.004996,382,1.18688,1.18397,0.383093,0.099116
28040,34,17,0.004718,425,0.947446,0.654799,0.419574,0.069643
28040,3,16,0.004441,455,1.025787,0.338496,0.386091,0.038395
28060,79,2948,0.816394,32210,0.33403,2.222625,0.434652,0.156533
28060,13,95,0.026309,711,1.119568,1.049652,0.52339,0.085516
28060,69,56,0.015508,492,1.113445,0.821383,0.380363,0.069874
28060,80,51,0.014124,356,0.875868,0.588344,0.490468,0.047084
28060,2,27,0.007477,330,0.918159,0.66278,0.454211,0.062752
28060,33,18,0.004985,313,1.016938,0.392525,0.373647,0.046265
28060,87,18,0.004985,383,1.16971,1.165278,0.385309,0.099247
28060,3,17,0.004708,456,1.025403,0.336417,0.38646,0.039379
28080,79,2947,0.818839,32295,0.335347,2.211236,0.436338,0.155578
28080,13,94,0.026118,712,1.116648,1.045628,0.523236,0.085794
28080,69,58,0.016116,494,1.115756,0.820405,0.378515,0.070398
28080,80,50,0.013893,356,0.876481,0.588131,0.492158,0.047232
28080,2,27,0.007502,330,0.918159,0.66278,0.454211,0.062752
28080,33,18,0.005001,313,1.016938,0.392525,0.373647,0.046265
28080,34,18,0.005001,428,0.929205,0.736935,0.393493,0.072173
28080,87,17,0.004724,383,1.16297,1.190897,0.380217,0.103528
28100,79,2940,0.817575,32381,0.33434,2.204452,0.438772,0.155191
28100,13,95,0.026418,715,1.1142,1.05457,0.52482,0.086032
28100,69,60,0.016685,496,1.116031,0.817434,0.378653,0.070495
28100,80,47,0.01307,356,0.873674,0.590591,0.492451,0.047275
28100,2,28,0.007786,331,0.917787,0.658092,0.457344,0.06254
28100,33,18,0.005006,313,1.016938,0.392525,0.373647,0.046265
28100,3,17,0.004727,457,1.028808,0.334025,0.388354,0.041077
28100,87,17,0.004727,383,1.16297,1.190897,0.380217,0.103528
28120,79,2967,0.817581,32485,0.335015,2.227076,0.438494,0.155577
28120,13,95,0.026178,717,1.116869,1.055651,0.519729,0.086082
28120,69,61,0.016809,498,1.113971,0.819751,0.379415,0.070227
28120,80,48,0.013227,357,0.873382,0.589657,0.493735,0.047096
28120,2,30,0.008267,333,0.915956,0.660645,0.460459,0.06219
28120,33,18,0.00496,313,1.016938,0.392525,0.373647,0.046265
28120,34,18,0.00496,430,0.92687,0.753345,0.372207,0.072168
28120,3,17,0.004684,458,1.043216,0.333612,0.385068,0.04142
28140,79,2956,0.818383,32571,0.335746,2.240302,0.438208,0.156049
28140,13,91,0.025194,718,1.111471,1.06394,0.518642,0.086168
28140,69,61,0.016888,499,1.111241,0.820217,0.378395,0.07078
28140,80,48,0.013289,358,0.871167,0.588442,0.49188,0.047007
28140,2,30,0.008306,333,0.915956,0.660645,0.460459,0.06219
28140,33,19,0.00526,314,1.022177,0.395116,0.371971,0.04675
28140,34,19,0.00526,432,0.92104,0.819919,0.379842,0.073382
28140,87,19,0.00526,385,1.184654,1.199162,0.378061,0.10442
28160,79,2946,0.819244,32656,0.334268,2.223763,0.438273,0.154766
28160,13,90,0.025028,719,1.106965,1.059811,0.516303,0.086074
28160,69,61,0.016963,500,1.112903,0.819715,0.379524,0.070486
28160,80,45,0.012514,358,0.869974,0.590719,0.491081,0.047475
28160,2,31,0.008621,334,0.914598,0.654269,0.461918,0.062188
28160,87,20,0.005562,386,1.188539,1.228421,0.379182,0.105832
28160,33,19,0.005284,314,1.022177,0.395116,0.371971,0.04675
28160,34,17,0.004727,433,0.911884,0.808186,0.38999,0.072565
28180,79,2952,0.819317,32740,0.335704,2.219338,0.438736,0.154552
28180,13,92,0.025534,723,1.10677,1.060835,0.515964,0.086319
28180,69,58,0.016098,501,1.109289,0.821595,0.379811,0.07012
28180,80,46,0.012767,360,0.873546,0.589758,0.489486,0.047015
28180,2,31,0.008604,334,0.914598,0.654269,0.461918,0.062188
28180,87,20,0.005551,386,1.188539,1.228421,0.379182,0.105832
28180,33,19,0.005273,314,1.022177,0.395116,0.371971,0.04675
28180,34,18,0.004996,434,0.899221,0.845125,0.389387,0.074106
28200,79,2955,0.818786,32838,0.335663,2.231601,0.438107,0.156204
28200,13,93,0.025769,726,1.11047,1.064718,0.518257,0.086418
28200,69,61,0.016902,505,1.106791,0.82502,0.38028,0.070524
28200,80,46,0.012746,361,0.871208,0.589616,0.488641,0.047042
28200,2,31,0.00859,334,0.914598,0.654269,0.461918,0.062188
28200,87,21,0.005819,387,1.197113,1.211572,0.37805,0.106046
28200,33,18,0.004988,315,1.039657,0.40036,0.369897,0.046763
28200,34,17,0.00471,434,0.890742,0.789799,0.389171,0.07174
28220,79,2941,0.817399,32919,0.33585,2.235355,0.437931,0.156111
28220,13,94,0.026126,728,1.113404,1.065219,0.514971,0.086416
28220,69,58,0.01612,506,1.111354,0.823181,0.381185,0.070914
28220,80,46,0.012785,361,0.871208,0.589616,0.488641,0.047042
28220,2,31,0.008616,334,0.914598,0.654269,0.461918,0.062188
28220,87,22,0.006115,388,1.195193,1.202867,0.375288,0.105919
28220,34,19,0.005281,437,0.881695,0.772068,0.392592,0.070487
28220,33,18,0.005003,315,1.039657,0.40036,0.369897,0.046763
28240,79,2942,0.818587,33021,0.335203,2.220704,0.437991,0.155063
28240,13,96,0.026711,732,1.121012,1.062682,0.518047,0.08617
28240,69,54,0.015025,506,1.110536,0.825202,0.379552,0.069564
28240,80,47,0.013077,362,0.872933,0.591243,0.486587,0.04675
28240,2,30,0.008347,334,0.91035,0.653574,0.463724,0.062218
28240,87,20,0.005565,388,1.197493,1.201319,0.376745,0.104766
28240,34,19,0.005287,438,0.886314,0.710095,0.387244,0.068568
28240,33,18,0.005008,315,1.039657,0.40036,0.369897,0.046763
28260,79,2937,0.818106,33111,0.334064,2.239051,0.438362,0.155142
28260,13,96,0.026741,734,1.121567,1.058877,0.517931,0.08619
28260,69,54,0.015042,507,1.109435,0.826185,0.380327,0.069774
28260,80,48,0.01337,364,0.876829,0.591761,0.487538,0.047295
28260,2,30,0.008357,334,0.91035,0.653574,0.463724,0.062218
28260,33,19,0.005292,316,1.044564,0.401732,0.367604,0.047037
28260,34,19,0.005292,439,0.890469,0.700536,0.390501,0.069562
28260,87,19,0.005292,388,1.182578,1.219281,0.379154,0.10433
28280,79,2926,0.817775,33180,0.334231,2.245126,0.438058,0.155095
28280,13,99,0.027669,739,1.124757,1.05367,0.51637,0.08639
28280,69,55,0.015372,509,1.109971,0.825878,0.381122,0.069778
28280,80,49,0.013695,366,0.877421,0.588987,0.487174,0.047311
28280,2,29,0.008105,334,0.910441,0.657783,0.461027,0.062404
28280,33,19,0.00531,316,1.044564,0.401732,0.367604,0.047037
28280,87,19,0.00531,389,1.192087,1.220782,0.37825,0.10482
28280,34,18,0.005031,439,0.901145,0.705558,0.387033,0.068915
28300,79,2902,0.814254,33271,0.335004,2.248652,0.438947,0.154681
28300,13,100,0.028058,741,1.124072,1.054536,0.516788,0.086404
28300,69,56,0.015713,510,1.110997,0.828325,0.381079,0.07042
28300,80,49,0.013749,366,0.877421,0.588987,0.487174,0.047311
28300,2,28,0.007856,334,0.911405,0.662855,0.458426,0.062746
28300,33,19,0.005331,316,1.044564,0.401732,0.367604,0.047037
28300,34,19,0.005331,441,0.905011,0.686558,0.380311,0.069174
28300,87,19,0.005331,389,1.192087,1.220782,0.37825,0.10482
28320,79,2903,0.817056,33363,0.336109,2.248727,0.439727,0.155123
28320,13,96,0.027019,742,1.117759,1.051234,0.519565,0.086702
28320,69,55,0.01548,510,1.110224,0.830833,0.381216,0.070162
28320,80,49,0.013791,367,0.878119,0.588506,0.486324,0.047399
28320,2,28,0.007881,334,0.911405,0.662855,0.458426,0.062746
28320,34,18,0.005066,441,0.906023,0.696124,0.37994,0.069128
28320,87,18,0.005066,389,1.199859,1.231123,0.381087,0.10417
28320,33,16,0.004503,316,1.036004,0.40035,0.36714,0.046773
28340,79,2927,0.816457,33461,0.336391,2.245295,0.440242,0.154957
28340,13,95,0.026499,744,1.108939,1.052758,0.519946,0.086891
28340,69,58,0.016179,513,1.107306,0.828614,0.381642,0.069871
28340,80,48,0.013389,368,0.878705,0.588649,0.487675,0.047548
28340,2,28,0.00781,334,0.911405,0.662855,0.458426,0.062746
28340,87,19,0.0053,390,1.177961,1.243198,0.379798,0.105549
28340,34,18,0.005021,442,0.899833,0.753086,0.375554,0.072189
28340,73,16,0.004463,925,1.152214,0.683985,0.475307,0.053863
28360,79,2933,0.818359,33551,0.336272,2.237895,0.44167,0.154673
28360,13,98,0.027344,748,1.106751,1.052796,0.521795,0.086501
28360,69,59,0.016462,515,1.111535,0.827637,0.3808,0.069763
28360,80,48,0.013393,368,0.878705,0.588649,0.487675,0.047548
28360,2,27,0.007533,334,0.912796,0.670258,0.456675,0.062768
28360,34,19,0.005301,443,0.895782,0.746537,0.379648,0.072404
28360,87,17,0.004743,390,1.172118,1.231247,0.377286,0.104979
28360,3,15,0.004185,466,1.053909,0.342394,0.382847,0.041527
28380,79,2946,0.817652,33661,0.335685,2.244975,0.439206,0.156059
28380,13,99,0.027477,750,1.106458,1.057408,0.521423,0.086592
28380,69,61,0.01693,518,1.111007,0.825169,0.382077,0.069764
28380,80,48,0.013322,369,0.879784,0.584895,0.487902,0.047006
28380,2,28,0.007771,335,0.914238,0.674328,0.454896,0.062481
28380,34,20,0.005551,444,0.881653,0.770187,0.379925,0.073517
28380,3,17,0.004718,468,1.062855,0.338263,0.382906,0.041572
28380,73,16,0.004441,926,1.147479,0.698838,0.480734,0.054368
28400,79,2963,0.818508,33755,0.336553,2.235361,0.438999,0.155396
28400,13,100,0.027624,752,1.109577,1.054888,0.52026,0.086259
28400,69,60,0.016575,519,1.111414,0.822068,0.382718,0.069455
28400,80,50,0.013812,371,0.880939,0.583616,0.48741,0.046616
28400,2,29,0.008011,336,0.908072,0.676329,0.456332,0.0628
28400,34,20,0.005525,444,0.881653,0.770187,0.379925,0.073517
28400,3,18,0.004972,469,1.056102,0.340633,0.382047,0.041266
28400,87,17,0.004696,391,1.149617,1.267912,0.386025,0.106331
28420,79,2976,0.818482,33846,0.337126,2.243133,0.438802,0.155805
28420,13,95,0.026128,753,1.11251,1.051481,0.519904,0.086245
28420,69,61,0.016777,520,1.114653,0.822422,0.380809,0.069619
28420,80,51,0.014026,372,0.884702,0.584241,0.488034,0.046561
28420,2,29,0.007976,336,0.908072,0.676329,0.456332,0.0628
28420,34,22,0.006051,446,0.870419,0.805469,0.380831,0.075443
28420,3,18,0.00495,469,1.056102,0.340633,0.382047,0.041266
28420,87,18,0.00495,393,1.125534,1.22025,0.380618,0.106634
28440,79,2959,0.819441,33932,0.337343,2.246343,0.439939,0.155677
28440,13,95,0.026309,755,1.112372,1.050722,0.520159,0.086801
28440,69,60,0.016616,521,1.113558,0.827369,0.38063,0.070164
28440,80,50,0.013847,372,0.885247,0.584943,0.486999,0.046588
28440,2,30,0.008308,337,0.908672,0.677659,0.45533,0.062602
28440,34,20,0.005539,447,0.865326,0.785803,0.381909,0.075131
28440,3,19,0.005262,470,1.049115,0.338587,0.38167,0.041784
28440,87,18,0.004985,393,1.125534,1.22025,0.380618,0.106634
28460,79,2960,0.818811,34020,0.337171,2.25422,0.439568,0.155609
28460,13,97,0.026833,760,1.114572,1.049621,0.52416,0.086814
28460,69,59,0.016321,525,1.109298,0.824328,0.379835,0.069754
28460,80,49,0.013555,372,0.885827,0.585293,0.487983,0.046779
28460,2,30,0.008299,337,0.908672,0.677659,0.45533,0.062602
28460,34,19,0.005256,447,0.871672,0.733981,0.381515,0.073264
28460,3,18,0.004979,470,1.050337,0.336794,0.380263,0.042028
28460,87,17,0.004703,393,1.121016,1.248433,0.372111,0.111203
28480,79,2954,0.819645,34107,0.336334,2.257782,0.439023,0.155878
28480,13,96,0.026637,762,1.112797,1.053343,0.523968,0.086766
28480,69,57,0.015816,528,1.116258,0.822515,0.375916,0.068387
28480,80,47,0.013041,372,0.883355,0.587324,0.487554,0.046894
28480,2,29,0.008047,337,0.908661,0.67536,0.457366,0.062335
28480,34,19,0.005272,447,0.871672,0.733981,0.381515,0.073264
28480,87,18,0.004994,394,1.12901,1.231264,0.37235,0.111788
28480,3,17,0.004717,470,1.053552,0.338685,0.381653,0.041269
28500,79,2951,0.81995,34206,0.337235,2.271635,0.439722,0.156279
28500,13,96,0.026674,764,1.109059,1.059588,0.524619,0.086383
28500,69,55,0.015282,529,1.121309,0.81737,0.378077,0.068002
28500,80,48,0.013337,373,0.883101,0.585874,0.487715,0.046849
28500,2,29,0.008058,337,0.908661,0.67536,0.457366,0.062335
28500,34,18,0.005001,447,0.856062,0.75409,0.386645,0.07367
28500,87,18,0.005001,394,1.12901,1.231264,0.37235,0.111788
28500,3,17,0.004724,471,1.054364,0.337314,0.38258,0.040948
28520,79,2969,0.820846,34312,0.337719,2.273173,0.439843,0.156087
28520,13,97,0.026818,765,1.106257,1.064728,0.526081,0.086476
28520,69,56,0.015482,532,1.116143,0.81695,0.378498,0.068099
28520,80,50,0.013824,375,0.884256,0.584152,0.488348,0.046788
28520,2,29,0.008018,338,0.913078,0.674983,0.458999,0.061514
28520,87,19,0.005253,395,1.123025,1.252651,0.372685,0.11066
28520,34,17,0.0047,448,0.869272,0.720415,0.38094,0.072863
28520,73,17,0.0047,932,1.129747,0.70698,0.473052,0.053709
28540,79,2975,0.821369,34399,0.338175,2.27235,0.439174,0.156247
28540,13,97,0.026781,767,1.104672,1.06372,0.528484,0.086889
28540,69,56,0.015461,534,1.118904,0.820738,0.375346,0.067855
28540,80,49,0.013528,375,0.883768,0.584909,0.489115,0.046846
28540,2,30,0.008283,339,0.918072,0.67336,0.459242,0.06126
28540,87,20,0.005522,396,1.131563,1.259755,0.377585,0.111882
28540,73,18,0.00497,933,1.120241,0.705731,0.471514,0.053161
28540,34,17,0.004694,448,0.869272,0.720415,0.38094,0.072863
28560,79,2968,0.820343,34482,0.337717,2.267733,0.440079,0.15584
28560,13,99,0.027363,770,1.10501,1.061351,0.529231,0.087007
28560,69,58,0.016031,536,1.121492,0.821641,0.375315,0.068644
28560,80,48,0.013267,376,0.880287,0.586636,0.488584,0.046851
28560,2,30,0.008292,340,0.92184,0.682592,0.454994,0.061304
28560,87,21,0.005804,397,1.119802,1.250007,0.37614,0.111726
28560,73,18,0.004975,933,1.120241,0.705731,0.471514,0.053161
28560,34,16,0.004422,448,0.861862,0.740128,0.386549,0.073478
28580,79,2973,0.820591,34566,0.337564,2.279084,0.439249,0.155298
28580,13,98,0.027049,770,1.10666,1.05975,0.528546,0.086989
28580,69,60,0.016561,538,1.121958,0.820561,0.376856,0.06894
28580,80,47,0.012973,376,0.878421,0.58523,0.487255,0.046769
28580,2,31,0.008556,342,0.928551,0.681486,0.455917,0.061049
28580,87,20,0.00552,398,1.11966,1.271166,0.371553,0.109714
28580,73,18,0.004968,933,1.120241,0.705731,0.471514,0.053161
28580,3,16,0.004416,474,1.039019,0.344747,0.387591,0.041579
28600,79,2953,0.81914,34659,0.338077,2.262332,0.440221,0.154074
28600,13,97,0.026907,771,1.110106,1.061913,0.527701,0.08755
28600,69,60,0.016644,540,1.12474,0.821398,0.375558,0.069279
28600,80,48,0.013315,377,0.876286,0.586302,0.488809,0.046758
28600,2,31,0.008599,342,0.928551,0.681486,0.455917,0.061049
28600,87,20,0.005548,399,1.112861,1.300519,0.367086,0.111564
28600,34,18,0.004993,450,0.877769,0.788256,0.380913,0.074834
28600,73,18,0.004993,935,1.160859,0.68041,0.494905,0.053574
28620,79,2940,0.821,34751,0.33842,2.261753,0.439417,0.15421
28620,13,97,0.027087,773,1.106736,1.073969,0.525019,0.087712
28620,69,58,0.016197,541,1.128754,0.823224,0.376235,0.069362
28620,80,45,0.012566,378,0.873267,0.589888,0.49001,0.046333
28620,2,29,0.008098,342,0.931523,0.694784,0.453734,0.060852
28620,87,22,0.006144,402,1.1314,1.244447,0.369669,0.107873
28620,34,18,0.005027,450,0.877769,0.788256,0.380913,0.074834
28620,73,18,0.005027,936,1.167972,0.669777,0.499752,0.052051
28640,79,2942,0.822707,34840,0.336804,2.270571,0.440624,0.154239
28640,13,94,0.026286,774,1.100907,1.073179,0.522997,0.087797
28640,69,59,0.016499,543,1.125917,0.823619,0.3774,0.069635
28640,80,45,0.012584,378,0.873267,0.589888,0.49001,0.046333
28640,2,29,0.00811,343,0.928743,0.693581,0.453329,0.060906
28640,87,21,0.005872,402,1.123667,1.237291,0.364859,0.106576
28640,34,20,0.005593,452,0.882645,0.754495,0.375305,0.074859
28640,3,16,0.004474,475,1.050559,0.342236,0.385131,0.041121
28660,79,2939,0.821868,34926,0.336809,2.281201,0.438617,0.155241
28660,13,97,0.027125,778,1.098562,1.06819,0.524224,0.087877
28660,69,58,0.016219,543,1.127088,0.82467,0.376629,0.06997
28660,80,46,0.012864,379,0.871028,0.588356,0.489873,0.046052
28660,2,27,0.00755,343,0.934286,0.690023,0.450718,0.061156
28660,87,22,0.006152,403,1.110103,1.257522,0.365647,0.106765
28660,34,20,0.005593,452,0.882645,0.754495,0.375305,0.074859
28660,3,16,0.004474,476,1.053879,0.34923,0.388416,0.040319
28680,79,2945,0.820334,35036,0.33762,2.274755,0.439567,0.155486
28680,13,99,0.027577,783,1.093143,1.056091,0.5233,0.088189
28680,69,58,0.016156,544,1.12534,0.824765,0.377402,0.069792
28680,80,50,0.013928,384,0.869702,0.585878,0.489393,0.046181
28680,2,26,0.007242,343,0.933307,0.696444,0.447889,0.061166
28680,87,21,0.00585,403,1.117531,1.26837,0.367281,0.107267
28680,34,20,0.005571,452,0.882645,0.754495,0.375305,0.074859
28680,3,17,0.004735,477,1.047506,0.350509,0.388442,0.039817
28700,79,2961,0.819994,35131,0.338891,2.271755,0.439955,0.155729
28700,13,96,0.026585,784,1.092537,1.060843,0.525348,0.088294
28700,69,59,0.016339,546,1.121811,0.825303,0.377657,0.069442
28700,80,50,0.013847,384,0.869702,0.585878,0.489393,0.046181
28700,2,28,0.007754,345,0.930166,0.699262,0.44627,0.060369
28700,34,22,0.006092,454,0.87645,0.79986,0.37673,0.074297
28700,87,22,0.006092,404,1.116532,1.26404,0.365142,0.106889
28700,3,17,0.004708,477,1.047506,0.350509,0.388442,0.039817
28720,79,2974,0.819961,35226,0.339225,2.263827,0.439289,0.155943
28720,13,96,0.026468,787,1.090915,1.069775,0.525851,0.088718
28720,69,59,0.016267,547,1.122261,0.828746,0.37749,0.069518
28720,80,49,0.01351,385,0.863986,0.584258,0.491104,0.046465
28720,2,29,0.007996,346,0.935114,0.69496,0.448271,0.061126
28720,34,21,0.00579,454,0.875737,0.811522,0.378567,0.075111
28720,87,21,0.00579,405,1.120653,1.243053,0.36444,0.107116
28720,3,16,0.004411,477,1.047888,0.349909,0.387722,0.039685
28740,79,2984,0.820456,35313,0.339048,2.268526,0.437926,0.156585
28740,13,96,0.026395,788,1.084507,1.070108,0.525741,0.089382
28740,69,61,0.016772,550,1.127884,0.824558,0.376062,0.069241
28740,80,50,0.013748,386,0.868024,0.583905,0.492575,0.046456
28740,2,30,0.008249,347,0.929059,0.698396,0.446486,0.06094
28740,87,22,0.006049,406,1.132306,1.263103,0.367019,0.107921
28740,34,21,0.005774,454,0.875737,0.811522,0.378567,0.075111
28740,72,15,0.004124,401,0.865497,0.676268,0.472146,0.045818
28760,79,2983,0.818831,35392,0.339482,2.259736,0.439523,0.155792
28760,13,98,0.026901,790,1.086213,1.079611,0.527492,0.089821
28760,69,60,0.01647,550,1.127777,0.82545,0.376188,0.069205
28760,80,53,0.014548,389,0.869157,0.582531,0.493239,0.046798
28760,2,29,0.00796,347,0.92847,0.695939,0.448059,0.061175
28760,87,22,0.006039,407,1.117541,1.261254,0.372867,0.107699
28760,34,21,0.005764,454,0.875737,0.811522,0.378567,0.075111
28760,72,15,0.004117,402,0.887935,0.656982,0.472605,0.04489
28780,79,3014,0.820359,35505,0.340615,2.259666,0.438953,0.156565
28780,13,101,0.02749,795,1.094737,1.080777,0.524173,0.090064
28780,69,58,0.015787,550,1.125644,0.825271,0.376133,0.068613
28780,80,54,0.014698,391,0.868235,0.581616,0.493753,0.04668
28780,2,27,0.007349,347,0.926554,0.69457,0.449562,0.061382
28780,87,22,0.005988,407,1.117541,1.261254,0.372867,0.107699
28780,34,20,0.005444,454,0.875733,0.830275,0.38279,0.075196
28780,72,15,0.004083,402,0.887935,0.656982,0.472605,0.04489
28800,79,2996,0.820148,35588,0.341226,2.279124,0.437849,0.157194
28800,13,99,0.027101,797,1.088811,1.088422,0.52335,0.089629
28800,69,56,0.01533,552,1.127955,0.825789,0.374756,0.067766
28800,80,53,0.014509,391,0.869658,0.583173,0.494512,0.046869
28800,2,27,0.007391,348,0.925546,0.690803,0.450816,0.062197
28800,87,21,0.005749,407,1.099162,1.27116,0.374343,0.108099
28800,34,20,0.005475,454,0.875733,0.830275,0.38279,0.075196
28800,72,15,0.004106,402,0.887935,0.656982,0.472605,0.04489
28820,79,2950,0.819217,35665,0.33974,2.294807,0.437472,0.156639
28820,13,100,0.02777,800,1.087119,1.0904,0.527331,0.08942
28820,69,54,0.014996,552,1.121137,0.82772,0.374268,0.067892
28820,80,50,0.013885,391,0.868813,0.586578,0.494893,0.047674
28820,2,26,0.00722,348,0.924039,0.69198,0.450916,0.062673
28820,87,21,0.005832,407,1.099162,1.27116,0.374343,0.108099
28820,34,20,0.005554,454,0.875733,0.830275,0.38279,0.075196
28820,72,16,0.004443,403,0.882712,0.656952,0.470763,0.044449
28840,79,2941,0.821508,35751,0.340096,2.298967,0.43647,0.156591
28840,13,100,0.027933,802,1.081171,1.08796,0.525609,0.089579
28840,69,52,0.014525,552,1.122411,0.83089,0.373361,0.067895
28840,80,48,0.013408,392,0.870016,0.586156,0.493981,0.04775
28840,2,25,0.006983,348,0.918485,0.694608,0.4503,0.063024
28840,87,20,0.005587,407,1.099343,1.276062,0.377049,0.108556
28840,34,19,0.005307,454,0.867911,0.852304,0.384589,0.076041
28840,72,16,0.004469,403,0.882712,0.656952,0.470763,0.044449
28860,79,2915,0.817672,35829,0.34085,2.308834,0.437266,0.156537
28860,13,103,0.028892,806,1.071047,1.08931,0.525353,0.089459
28860,69,55,0.015428,555,1.119864,0.829543,0.372875,0.068207
28860,80,48,0.013464,393,0.870133,0.586654,0.494125,0.047645
28860,2,26,0.007293,349,0.918596,0.689468,0.45138,0.062641
28860,34,19,0.00533,454,0.867911,0.852304,0.384589,0.076041
28860,87,19,0.00533,407,1.105952,1.280259,0.380219,0.108805
28860,95,17,0.004769,135,1.141086,0.491418,0.412071,0.044642
28880,79,2915,0.817443,35922,0.340558,2.303632,0.436159,0.156186
28880,13,105,0.029445,810,1.068325,1.087073,0.526849,0.088673
28880,69,56,0.015704,557,1.123717,0.826404,0.373723,0.068345
28880,80,49,0.013741,394,0.871816,0.586291,0.493761,0.04787
28880,2,25,0.007011,350,0.913764,0.690333,0.449596,0.061328
28880,34,19,0.005328,454,0.867911,0.852304,0.384589,0.076041
28880,87,19,0.005328,408,1.112642,1.281781,0.376939,0.108974
28880,95,17,0.004767,136,1.140979,0.487797,0.412351,0.044551
28900,79,2922,0.816429,36021,0.340144,2.289075,0.439432,0.155355
28900,13,105,0.029338,812,1.061975,1.094584,0.526735,0.088768
28900,69,61,0.017044,562,1.130389,0.831537,0.369438,0.06903
28900,80,49,0.013691,394,0.871816,0.586291,0.493761,0.04787
28900,2,28,0.007823,353,0.928329,0.688547,0.450879,0.06176
28900,34,20,0.005588,455,0.869498,0.835807,0.382443,0.074363
28900,87,19,0.005309,408,1.112642,1.281781,0.376939,0.108974
28900,95,17,0.00475,136,1.140979,0.487797,0.412351,0.044551
28920,79,2953,0.817326,36146,0.340098,2.319993,0.436857,0.156579
28920,13,107,0.029615,817,1.051137,1.09549,0.524095,0.088376
28920,69,60,0.016607,564,1.119244,0.834099,0.370623,0.068646
28920,80,49,0.013562,395,0.871933,0.587158,0.494442,0.047338
28920,2,28,0.00775,354,0.934365,0.687478,0.450223,0.060436
28920,34,20,0.005536,455,0.869498,0.835807,0.382443,0.074363
28920,87,19,0.005259,409,1.092569,1.273899,0.374415,0.108984
28920,95,18,0.004982,137,1.136894,0.484682,0.409725,0.043794
28940,79,2952,0.81547,36243,0.338887,2.318123,0.436977,0.157123
28940,13,106,0.029282,820,1.043775,1.102629,0.523547,0.088096
28940,69,66,0.018232,571,1.119963,0.837385,0.372262,0.069109
28940,80,49,0.013536,396,0.874319,0.588023,0.49341,0.047598
28940,2,29,0.008011,355,0.934221,0.688953,0.448433,0.060284
28940,34,21,0.005801,457,0.874213,0.816465,0.378647,0.073548
28940,87,19,0.005249,410,1.086979,1.270427,0.382139,0.108009
28940,95,18,0.004972,137,1.136894,0.484682,0.409725,0.043794
28960,79,2970,0.817056,36347,0.339661,2.328829,0.437946,0.158561
28960,13,107,0.029436,822,1.04556,1.099652,0.522963,0.088077
28960,69,67,0.018432,573,1.119575,0.835917,0.372658,0.069138
28960,80,49,0.01348,397,0.877511,0.586743,0.496093,0.047667
28960,2,29,0.007978,355,0.934221,0.688953,0.448433,0.060284
28960,34,20,0.005502,457,0.864643,0.832394,0.37453,0.074298
28960,87,19,0.005227,410,1.086979,1.270427,0.382139,0.108009
28960,95,18,0.004952,137,1.136894,0.484682,0.409725,0.043794
28980,79,2958,0.816,36425,0.339917,2.336726,0.438744,0.157932
28980,13,111,0.030621,829,1.051999,1.089435,0.525192,0.088373
28980,69,65,0.017931,575,1.110678,0.833723,0.377496,0.068266
28980,80,49,0.013517,398,0.880003,0.586763,0.49516,0.047894
28980,2,30,0.008276,356,0.925746,0.690847,0.448442,0.060496
28980,34,20,0.005517,457,0.864643,0.832394,0.37453,0.074298
28980,87,19,0.005241,410,1.086979,1.270427,0.382139,0.108009
28980,95,19,0.005241,138,1.128163,0.484736,0.409433,0.043551
29000,79,2979,0.818857,36524,0.338857,2.337447,0.437841,0.157661
29000,13,107,0.029412,830,1.048482,1.083929,0.529158,0.087811
29000,69,65,0.017867,576,1.108893,0.834339,0.379122,0.067813
29000,80,48,0.013194,398,0.880301,0.58714,0.495566,0.04814
29000,2,31,0.008521,357,0.929753,0.690602,0.449202,0.060129
29000,34,20,0.005498,457,0.864643,0.832394,0.37453,0.074298
29000,95,20,0.005498,139,1.125487,0.482423,0.406934,0.042992
29000,3,19,0.005223,487,1.04209,0.350112,0.39241,0.042116
29020,79,2997,0.8229,36615,0.339454,2.336422,0.437608,0.157225
29020,13,103,0.028281,831,1.057201,1.087526,0.527609,0.087577
29020,69,66,0.018122,578,1.110731,0.840863,0.379367,0.068576
29020,80,47,0.012905,399,0.875102,0.586606,0.494865,0.047966
29020,2,28,0.007688,357,0.924252,0.696447,0.447824,0.060741
29020,87,20,0.005491,411,1.089248,1.277119,0.382343,0.108598
29020,95,20,0.005491,139,1.125487,0.482423,0.406934,0.042992
29020,34,19,0.005217,457,0.872523,0.843994,0.370554,0.074448
29040,79,2985,0.822994,36698,0.339202,2.333012,0.437103,0.156368
29040,13,102,0.028122,833,1.059875,1.088301,0.52981,0.086766
29040,69,67,0.018473,580,1.115038,0.838399,0.379177,0.06781
29040,80,46,0.012683,400,0.876391,0.583918,0.4938,0.047626
29040,2,26,0.007168,357,0.922139,0.704271,0.445931,0.061231
29040,87,22,0.006066,413,1.095839,1.262652,0.381069,0.109408
29040,95,21,0.00579,141,1.128066,0.476466,0.40283,0.04115
29040,34,18,0.004963,458,0.875979,0.859005,0.370835,0.076127
29060,79,2981,0.822572,36794,0.33882,2.352793,0.43731,0.156924
29060,13,103,0.028422,835,1.063477,1.090964,0.532199,0.086856
29060,69,69,0.01904,583,1.12159,0.841763,0.376776,0.068765
29060,80,45,0.012417,400,0.877372,0.585547,0.494264,0.047098
29060,2,26,0.007174,358,0.918392,0.704648,0.445626,0.061636
29060,87,24,0.006623,415,1.079034,1.273828,0.381673,0.110664
29060,95,21,0.005795,141,1.128066,0.476466,0.40283,0.04115
29060,34,18,0.004967,458,0.875979,0.859005,0.370835,0.076127
29080,79,2961,0.822043,36872,0.339749,2.351088,0.43778,0.156302
29080,13,105,0.02915,838,1.063345,1.097704,0.532263,0.086684
29080,69,67,0.018601,585,1.118796,0.835463,0.375745,0.069068
29080,80,44,0.012215,400,0.879523,0.587865,0.49327,0.047406
29080,2,25,0.006941,358,0.918257,0.707748,0.445738,0.061816
29080,95,22,0.006108,143,1.129726,0.476974,0.406352,0.042254
29080,87,21,0.00583,415,1.076455,1.305672,0.376278,0.114031
29080,3,18,0.004997,488,1.05058,0.350926,0.390545,0.041622
29100,79,2961,0.822043,36970,0.339786,2.361931,0.437301,0.157597
29100,13,106,0.029428,839,1.060268,1.099992,0.531699,0.087193
29100,69,68,0.018878,587,1.118094,0.837462,0.37613,0.069043
29100,80,45,0.012493,402,0.88642,0.591424,0.49134,0.047311
29100,2,24,0.006663,358,0.918127,0.713864,0.444378,0.06218
29100,87,21,0.00583,415,1.076455,1.305672,0.376278,0.114031
29100,95,21,0.00583,143,1.133594,0.479964,0.407688,0.042352
29100,3,18,0.004997,488,1.05058,0.350926,0.390545,0.041622
29120,79,2959,0.82126,37067,0.340442,2.350304,0.436681,0.157162
29120,13,109,0.030253,842,1.066756,1.105575,0.5276,0.087576
29120,69,67,0.018596,588,1.116344,0.838734,0.376007,0.068968
29120,80,45,0.01249,402,0.88642,0.591424,0.49134,0.047311
29120,2,24,0.006661,359,0.919471,0.716684,0.444728,0.061602
29120,87,21,0.005828,416,1.111031,1.269498,0.379478,0.114142
29120,95,21,0.005828,143,1.133594,0.479964,0.407688,0.042352
29120,3,18,0.004996,488,1.05058,0.350926,0.390545,0.041622
29140,79,2970,0.821577,37177,0.34083,2.360293,0.4373,0.157959
29140,13,108,0.029876,843,1.063767,1.101763,0.525817,0.087557
29140,69,66,0.018257,590,1.106692,0.843561,0.375948,0.069316
29140,80,46,0.012725,403,0.886709,0.59322,0.489771,0.047894
29140,2,25,0.006916,360,0.920584,0.712494,0.444614,0.060977
29140,95,21,0.005809,143,1.133594,0.479964,0.407688,0.042352
29140,87,20,0.005533,417,1.09025,1.312493,0.379424,0.114243
29140,34,16,0.004426,460,0.899871,0.701309,0.38467,0.069954
29160,79,2971,0.819812,37280,0.34038,2.376322,0.438428,0.157771
29160,13,109,0.030077,846,1.057603,1.105083,0.522974,0.088027
29160,69,70,0.019316,595,1.106003,0.845895,0.376634,0.069455
29160,80,46,0.012693,403,0.886709,0.59322,0.489771,0.047894
29160,2,25,0.006898,361,0.915527,0.716785,0.444044,0.059372
29160,95,23,0.006347,145,1.125119,0.477205,0.404533,0.042112
29160,87,21,0.005795,418,1.081694,1.29604,0.375779,0.113358
29160,3,16,0.004415,489,1.031955,0.357424,0.391197,0.04175
29180,79,2971,0.821172,37384,0.341842,2.382639,0.437493,0.157702
29180,13,111,0.03068,848,1.053402,1.108808,0.522152,0.088459
29180,69,71,0.019624,596,1.103946,0.846334,0.377704,0.069537
29180,80,45,0.012438,403,0.889286,0.5941,0.488752,0.048144
29180,2,23,0.006357,361,0.906977,0.71853,0.441816,0.059432
29180,95,22,0.006081,145,1.125331,0.477693,0.404736,0.042381
29180,87,20,0.005528,419,1.116815,1.294024,0.377045,0.112534
29180,3,16,0.004422,490,1.033974,0.352529,0.391659,0.042017
29200,79,2955,0.820605,37469,0.34273,2.3835,0.437432,0.156999
29200,13,113,0.03138,852,1.054254,1.104552,0.523707,0.088863
29200,69,69,0.019161,596,1.099608,0.84561,0.379477,0.069387
29200,80,45,0.012497,405,0.893821,0.594495,0.488508,0.048557
29200,2,23,0.006387,362,0.89737,0.724117,0.438629,0.057956
29200,95,22,0.006109,147,1.120568,0.475613,0.402268,0.042734
29200,87,20,0.005554,420,1.114508,1.29562,0.376735,0.112014
29200,3,16,0.004443,490,1.033974,0.352529,0.391659,0.042017
29220,79,2937,0.819247,37552,0.342788,2.383938,0.436045,0.15731
29220,13,113,0.03152,854,1.05335,1.102321,0.523259,0.088548
29220,69,64,0.017852,598,1.093103,0.849582,0.378199,0.069264
29220,80,44,0.012273,405,0.895555,0.593475,0.487903,0.047974
29220,2,23,0.006416,362,0.89737,0.724117,0.438629,0.057956
29220,95,22,0.006137,147,1.120568,0.475613,0.402268,0.042734
29220,87,20,0.005579,420,1.114508,1.29562,0.376735,0.112014
29220,47,17,0.004742,152,0.961193,0.310925,0.390497,0.045674
29240,79,2944,0.819371,37648,0.34144,2.382791,0.437168,0.156572
29240,13,111,0.030893,855,1.048434,1.101303,0.522032,0.088546
29240,69,65,0.018091,600,1.093693,0.850234,0.377668,0.069628
29240,80,42,0.011689,406,0.89765,0.598179,0.4861,0.047847
29240,2,23,0.006401,363,0.912009,0.723817,0.43798,0.058063
29240,87,19,0.005288,420,1.084826,1.313723,0.37619,0.111788
29240,95,19,0.005288,147,1.124798,0.480095,0.403344,0.0441
29240,34,17,0.004731,463,0.925336,0.597954,0.387892,0.068045
29260,79,2921,0.817063,37727,0.340478,2.371565,0.438584,0.155609
29260,13,110,0.030769,855,1.048172,1.102448,0.522835,0.088676
29260,69,63,0.017622,601,1.083388,0.848843,0.378566,0.068963
29260,80,44,0.012308,408,0.899848,0.595831,0.486275,0.048288
29260,2,24,0.006713,364,0.916735,0.724824,0.438562,0.057882
29260,87,19,0.005315,421,1.0925,1.290927,0.381794,0.107975
29260,34,18,0.005035,465,0.918672,0.605291,0.389279,0.068625
29260,95,18,0.005035,147,1.133343,0.479784,0.403298,0.044374
29280,79,2903,0.816596,37812,0.341215,2.359513,0.439097,0.155666
29280,13,109,0.030661,857,1.038451,1.103612,0.523695,0.088973
29280,69,64,0.018003,602,1.083345,0.846801,0.37897,0.068887
29280,80,44,0.012377,408,0.899848,0.595831,0.486275,0.048288
29280,2,24,0.006751,364,0.916735,0.724824,0.438562,0.057882
29280,34,19,0.005345,466,0.922994,0.671766,0.390566,0.070589
29280,87,19,0.005345,422,1.136155,1.289733,0.389394,0.108442
29280,95,19,0.005345,149,1.120029,0.473408,0.402524,0.04392
29300,79,2913,0.817569,37901,0.34178,2.369669,0.438333,0.155808
29300,13,109,0.030592,860,1.035338,1.104454,0.523459,0.088953
29300,69,65,0.018243,604,1.086402,0.844261,0.379983,0.069093
29300,80,44,0.012349,409,0.895345,0.600133,0.486739,0.048693
29300,2,24,0.006736,364,0.916735,0.724824,0.438562,0.057882
29300,34,19,0.005333,466,0.922994,0.671766,0.390566,0.070589
29300,95,19,0.005333,149,1.120029,0.473408,0.402524,0.04392
29300,87,18,0.005052,422,1.112764,1.27507,0.385943,0.106478
29320,79,2936,0.818968,38011,0.342586,2.367954,0.4367,0.154942
29320,13,109,0.030404,862,1.025898,1.104245,0.522879,0.088715
29320,69,68,0.018968,607,1.084536,0.842661,0.378967,0.06924
29320,80,42,0.011715,410,0.894835,0.603151,0.487647,0.048807
29320,2,22,0.006137,364,0.91398,0.723717,0.439981,0.057988
29320,95,19,0.0053,150,1.107434,0.47229,0.402825,0.044784
29320,34,18,0.005021,467,0.939457,0.685278,0.39711,0.07007
29320,87,18,0.005021,422,1.112764,1.27507,0.385943,0.106478
29340,79,2954,0.81919,38122,0.343739,2.380217,0.437101,0.154834
29340,13,111,0.030782,865,1.026109,1.11851,0.524165,0.088303
29340,69,68,0.018857,609,1.082927,0.845441,0.380382,0.069108
29340,80,40,0.011093,411,0.893184,0.605162,0.487478,0.049472
29340,2,23,0.006378,366,0.92147,0.71555,0.442541,0.058325
29340,87,19,0.005269,423,1.106378,1.292811,0.384459,0.107637
29340,34,18,0.004992,467,0.939457,0.685278,0.39711,0.07007
29340,3,16,0.004437,494,1.037503,0.341397,0.386944,0.043206
29360,79,2950,0.818535,38224,0.343435,2.388748,0.438249,0.153782
29360,13,114,0.031632,869,1.027849,1.126702,0.523874,0.088295
29360,69,69,0.019145,610,1.087661,0.843662,0.380527,0.069136
29360,80,41,0.011376,412,0.894423,0.604089,0.488153,0.049622
29360,2,23,0.006382,366,0.92147,0.71555,0.442541,0.058325
29360,87,19,0.005272,423,1.106378,1.292811,0.384459,0.107637
29360,34,18,0.004994,467,0.939457,0.685278,0.39711,0.07007
29360,3,16,0.00444,494,1.037503,0.341397,0.386944,0.043206
29380,79,2945,0.818738,38334,0.343791,2.377941,0.438289,0.153357
29380,13,114,0.031693,872,1.041806,1.12024,0.528013,0.087648
29380,69,69,0.019183,612,1.093148,0.840944,0.380565,0.069226
29380,80,39,0.010842,412,0.889831,0.605656,0.48577,0.049963
29380,2,22,0.006116,366,0.916743,0.714076,0.442113,0.058533
29380,87,21,0.005838,425,1.094265,1.308028,0.386295,0.109806
29380,34,19,0.005282,468,0.94358,0.670337,0.393064,0.069215
29380,3,17,0.004726,495,1.032546,0.336895,0.386095,0.043751
29400,79,2934,0.817498,38415,0.343025,2.366583,0.439835,0.152604
29400,13,115,0.032042,875,1.038795,1.120827,0.530554,0.086636
29400,69,70,0.019504,615,1.0886,0.844518,0.380421,0.068849
29400,80,38,0.010588,412,0.884753,0.605038,0.484971,0.050104
29400,2,23,0.006408,367,0.917392,0.714769,0.441836,0.058498
29400,87,20,0.005573,425,1.061978,1.326215,0.383246,0.11007
29400,34,19,0.005294,468,0.94358,0.670337,0.393064,0.069215
29400,3,18,0.005015,496,1.031714,0.336342,0.38514,0.043395
29420,79,2944,0.820284,38513,0.344834,2.373725,0.438598,0.153144
29420,13,114,0.031764,875,1.041559,1.116782,0.529764,0.086528
29420,69,69,0.019225,616,1.092989,0.843151,0.380593,0.068588
29420,80,37,0.010309,412,0.884602,0.60757,0.484865,0.049424
29420,2,23,0.006408,367,0.917392,0.714769,0.441836,0.058498
29420,87,21,0.005851,427,1.072834,1.369729,0.381467,0.111907
29420,34,20,0.005573,470,0.950326,0.653359,0.381783,0.069349
29420,3,16,0.004458,496,1.02518,0.339946,0.384563,0.042244
29440,79,2944,0.819827,38606,0.347004,2.384487,0.437504,0.153286
29440,13,115,0.032025,879,1.043321,1.110465,0.528105,0.086368
29440,69,70,0.019493,619,1.08883,0.850612,0.380664,0.06894
29440,80,37,0.010304,413,0.883283,0.608526,0.486652,0.049373
29440,2,23,0.006405,368,0.911229,0.723997,0.443205,0.058838
29440,87,22,0.006126,429,1.084216,1.325814,0.372265,0.111387
29440,34,21,0.005848,471,0.951263,0.647595,0.385705,0.068886
29440,3,16,0.004456,497,1.021496,0.343227,0.386475,0.041089
29460,79,2941,0.819905,38684,0.346808,2.379636,0.437537,0.153915
29460,13,118,0.032897,882,1.048098,1.107219,0.527553,0.086172
29460,69,73,0.020351,622,1.089911,0.851974,0.37924,0.069821
29460,80,35,0.009757,413,0.878724,0.609553,0.48504,0.049788
29460,2,23,0.006412,368,0.911229,0.723997,0.443205,0.058838
29460,87,22,0.006133,429,1.084216,1.325814,0.372265,0.111387
29460,34,21,0.005854,471,0.951263,0.647595,0.385705,0.068886
29460,3,15,0.004182,497,1.025691,0.340638,0.386024,0.040924
29480,79,2939,0.82095,38769,0.347382,2.389262,0.437314,0.154925
29480,13,117,0.032682,884,1.049986,1.112144,0.525828,0.086657
29480,69,71,0.019832,623,1.084623,0.853646,0.379261,0.070268
29480,80,35,0.009777,413,0.878724,0.609553,0.48504,0.049788
29480,2,22,0.006145,368,0.90815,0.722747,0.443721,0.059444
29480,87,20,0.005587,429,1.098838,1.325037,0.374241,0.110671
29480,34,18,0.005028,471,0.94089,0.67122,0.387422,0.070539
29480,3,16,0.004469,498,1.034068,0.339793,0.385833,0.04025
29500,79,2950,0.821956,38868,0.346331,2.386503,0.436461,0.154709
29500,13,119,0.033157,887,1.044236,1.113536,0.529099,0.086664
29500,69,72,0.020061,624,1.081952,0.853977,0.380093,0.070185
29500,80,36,0.010031,415,0.884864,0.603548,0.484571,0.048645
29500,2,22,0.00613,368,0.90815,0.722747,0.443721,0.059444
29500,87,20,0.005573,429,1.098838,1.325037,0.374241,0.110671
29500,3,18,0.005015,500,1.033514,0.340849,0.387264,0.039915
29500,34,17,0.004737,471,0.935784,0.686854,0.392339,0.070747
29520,79,2958,0.823497,38962,0.346157,2.379906,0.436831,0.154374
29520,13,119,0.033129,889,1.045173,1.110608,0.528353,0.086766
29520,69,72,0.020045,626,1.081386,0.858094,0.381106,0.070244
29520,80,34,0.009465,415,0.881965,0.602152,0.48341,0.0487
29520,2,23,0.006403,369,0.907213,0.722987,0.441044,0.059634
29520,87,20,0.005568,429,1.098838,1.325037,0.374241,0.110671
29520,3,18,0.005011,501,1.03029,0.343001,0.386971,0.039916
29520,34,17,0.004733,472,0.936079,0.601249,0.385564,0.068241
29540,79,2959,0.822859,39069,0.346559,2.394058,0.436875,0.154348
29540,13,118,0.032814,893,1.046059,1.124215,0.527805,0.08652
29540,69,74,0.020578,629,1.075872,0.863611,0.379138,0.070236
29540,80,35,0.009733,416,0.881499,0.602527,0.482723,0.048634
29540,2,23,0.006396,369,0.907213,0.722987,0.441044,0.059634
29540,87,22,0.006118,431,1.112086,1.299426,0.36823,0.112763
29540,3,17,0.004727,501,1.03431,0.341664,0.386898,0.040188
29540,34,17,0.004727,472,0.936079,0.601249,0.385564,0.068241
29560,79,2994,0.824112,39184,0.347589,2.400428,0.434019,0.154886
29560,13,118,0.03248,897,1.037866,1.125418,0.524992,0.088017
29560,69,73,0.020094,630,1.074293,0.861195,0.379393,0.06987
29560,80,34,0.009359,416,0.87966,0.603744,0.48177,0.048428
29560,2,23,0.006331,369,0.907213,0.722987,0.441044,0.059634
29560,87,19,0.00523,431,1.116802,1.288727,0.371214,0.111146
29560,3,17,0.004679,501,1.03431,0.341664,0.386898,0.040188
29560,34,17,0.004679,472,0.936079,0.601249,0.385564,0.068241
29580,79,2982,0.822394,39272,0.346662,2.397926,0.436425,0.154498
29580,13,119,0.032819,899,1.042162,1.125986,0.523301,0.088241
29580,69,71,0.019581,631,1.076051,0.86395,0.380955,0.069878
29580,80,35,0.009653,418,0.881812,0.60198,0.478624,0.048967
29580,2,24,0.006619,370,0.909153,0.724196,0.439999,0.059594
29580,87,20,0.005516,432,1.127402,1.297704,0.372982,0.112296
29580,3,17,0.004688,501,1.03431,0.341664,0.386898,0.040188
29580,34,17,0.004688,472,0.936079,0.601249,0.385564,0.068241
29600,79,2969,0.822438,39361,0.345212,2.402639,0.436757,0.154313
29600,13,121,0.033518,902,1.042237,1.12455,0.527662,0.088152
29600,69,70,0.019391,634,1.081066,0.867365,0.377088,0.070358
29600,80,36,0.009972,419,0.882861,0.600432,0.4803,0.048807
29600,2,23,0.006371,370,0.907494,0.729077,0.439918,0.060186
29600,87,21,0.005817,433,1.11587,1.320789,0.374145,0.112153
29600,3,18,0.004986,502,1.029946,0.345596,0.386772,0.040198
29600,34,17,0.004709,472,0.936079,0.601249,0.385564,0.068241
29620,79,2970,0.823171,39454,0.345902,2.402668,0.438408,0.154062
29620,13,122,0.033814,903,1.045961,1.123509,0.527426,0.088072
29620,69,69,0.019124,636,1.082212,0.87074,0.377747,0.071239
29620,80,38,0.010532,421,0.892917,0.599936,0.481625,0.048313
29620,2,22,0.006098,370,0.905262,0.726446,0.440614,0.060748
29620,87,19,0.005266,433,1.10148,1.31583,0.379549,0.111451
29620,3,17,0.004712,502,1.030675,0.346694,0.387823,0.040366
29620,34,17,0.004712,473,0.934686,0.693442,0.38639,0.07131
29640,79,2972,0.821448,39542,0.344701,2.396892,0.438427,0.153603
29640,13,122,0.03372,906,1.041159,1.129118,0.526528,0.088096
29640,69,71,0.019624,639,1.082828,0.864977,0.375686,0.070908
29640,80,40,0.011056,424,0.895164,0.602074,0.47807,0.048836
29640,2,22,0.006081,370,0.905262,0.726446,0.440614,0.060748
29640,87,19,0.005252,433,1.10148,1.31583,0.379549,0.111451
29640,34,18,0.004975,474,0.943177,0.68602,0.391212,0.070063
29640,3,16,0.004422,502,1.022609,0.347917,0.388126,0.041005
29660,79,2962,0.821409,39631,0.34481,2.41578,0.435427,0.154975
29660,13,123,0.03411,907,1.042539,1.127713,0.525669,0.088266
29660,69,74,0.020521,642,1.079664,0.865319,0.375672,0.07095
29660,80,39,0.010815,424,0.89365,0.603257,0.477853,0.048979
29660,2,21,0.005824,370,0.906151,0.72636,0.443398,0.060602
29660,34,18,0.004992,474,0.943177,0.68602,0.391212,0.070063
29660,87,18,0.004992,434,1.110151,1.31736,0.373966,0.114435
29660,72,17,0.004714,418,0.896649,0.678818,0.470234,0.047245
29680,79,2982,0.823985,39733,0.345178,2.415693,0.436609,0.154264
29680,13,122,0.033711,910,1.029844,1.139401,0.526908,0.089
29680,69,73,0.020171,643,1.081682,0.86443,0.376718,0.070806
29680,80,39,0.010776,424,0.89365,0.603257,0.477853,0.048979
29680,2,21,0.005803,370,0.906151,0.72636,0.443398,0.060602
29680,34,19,0.00525,475,0.941375,0.6789,0.387094,0.068793
29680,87,18,0.004974,434,1.110151,1.31736,0.373966,0.114435
29680,72,17,0.004697,419,0.912777,0.662454,0.470177,0.046612
29700,79,2972,0.823269,39824,0.344061,2.430388,0.436348,0.154539
29700,13,120,0.033241,914,1.01628,1.146361,0.528447,0.088671
29700,69,72,0.019945,644,1.08608,0.856949,0.378641,0.070278
29700,80,40,0.01108,425,0.893438,0.602702,0.47561,0.048714
29700,2,21,0.005817,370,0.906151,0.72636,0.443398,0.060602
29700,34,18,0.004986,475,0.93713,0.694316,0.390808,0.069624
29700,87,18,0.004986,434,1.110151,1.31736,0.373966,0.114435
29700,72,16,0.004432,419,0.911864,0.660714,0.469387,0.046697
29720,79,2954,0.82307,39915,0.344021,2.421315,0.437426,0.1539
29720,13,121,0.033714,916,1.016775,1.150412,0.530234,0.088713
29720,69,69,0.019225,644,1.082648,0.85911,0.379757,0.069983
29720,80,39,0.010867,425,0.891223,0.603234,0.477766,0.048258
29720,2,22,0.00613,371,0.914025,0.724474,0.443005,0.060831
29720,87,19,0.005294,436,1.104303,1.33132,0.367339,0.112627
29720,34,18,0.005015,475,0.93713,0.694316,0.390808,0.069624
29720,3,15,0.004179,504,1.033014,0.344708,0.387577,0.041032
29740,79,2982,0.823529,40019,0.343993,2.424062,0.436962,0.154023
29740,13,123,0.033969,920,1.014845,1.147863,0.532854,0.088394
29740,69,73,0.02016,650,1.076094,0.862341,0.379063,0.0707
29740,80,38,0.010494,425,0.885612,0.605128,0.477371,0.048574
29740,2,22,0.006076,371,0.914025,0.724474,0.443005,0.060831
29740,87,19,0.005247,437,1.093718,1.351022,0.371898,0.112469
29740,34,18,0.004971,475,0.93713,0.694316,0.390808,0.069624
29740,3,15,0.004143,505,1.040595,0.349179,0.390928,0.039745
29760,79,2984,0.821586,40110,0.343864,2.429496,0.435908,0.15429
29760,13,124,0.034141,922,1.017822,1.148121,0.533866,0.088312
29760,69,72,0.019824,650,1.075294,0.863334,0.379082,0.070629
29760,80,37,0.010187,425,0.88596,0.606057,0.47958,0.048881
29760,2,22,0.006057,371,0.914025,0.724474,0.443005,0.060831
29760,87,21,0.005782,439,1.09517,1.357384,0.366334,0.110986
29760,34,20,0.005507,477,0.926317,0.66695,0.384346,0.068905
29760,3,16,0.004405,506,1.046097,0.347157,0.390373,0.039975
29780,79,2957,0.82025,40189,0.342961,2.438876,0.436271,0.15468
29780,13,124,0.034397,924,1.015508,1.138099,0.534105,0.088398
29780,69,70,0.019417,652,1.078808,0.863641,0.381807,0.070558
29780,80,38,0.010541,426,0.88534,0.605228,0.478133,0.048609
29780,2,22,0.006103,371,0.914025,0.724474,0.443005,0.060831
29780,87,21,0.005825,439,1.09517,1.357384,0.366334,0.110986
29780,34,19,0.00527,477,0.935477,0.671955,0.382312,0.068391
29780,3,16,0.004438,506,1.046097,0.347157,0.390373,0.039975
29800,79,2970,0.82135,40296,0.3446,2.442043,0.434958,0.155561
29800,13,127,0.035122,927,1.0207,1.135994,0.538725,0.088011
29800,69,69,0.019082,655,1.083791,0.864686,0.381188,0.070156
29800,80,38,0.010509,427,0.889187,0.6074,0.479795,0.048561
29800,2,21,0.005808,371,0.906754,0.726887,0.442358,0.060395
29800,87,21,0.005808,439,1.09517,1.357384,0.366334,0.110986
29800,34,19,0.005254,478,0.937183,0.665447,0.374796,0.069048
29800,3,16,0.004425,506,1.046097,0.347157,0.390373,0.039975
29820,79,2952,0.820912,40382,0.34465,2.449033,0.434246,0.155232
29820,13,128,0.035595,931,1.022474,1.142955,0.539369,0.087933
29820,69,69,0.019188,657,1.084836,0.8581,0.38168,0.0691
29820,80,38,0.010567,427,0.889187,0.6074,0.479795,0.048561
29820,2,21,0.00584,371,0.906754,0.726887,0.442358,0.060395
29820,87,21,0.00584,441,1.078519,1.406298,0.362248,0.111439
29820,34,18,0.005006,478,0.933371,0.67947,0.37903,0.069365
29820,3,16,0.004449,506,1.046097,0.347157,0.390373,0.039975
29840,79,2961,0.819767,40476,0.345547,2.470503,0.433668,0.155247
29840,13,129,0.035714,932,1.021032,1.142569,0.538964,0.087949
29840,69,69,0.019103,657,1.084836,0.8581,0.38168,0.0691
29840,80,38,0.01052,428,0.889109,0.606087,0.479954,0.048549
29840,87,21,0.005814,441,1.078519,1.406298,0.362248,0.111439
29840,2,20,0.005537,371,0.897807,0.72902,0.441309,0.061019
29840,3,18,0.004983,508,1.042773,0.34759,0.38863,0.040322
29840,34,18,0.004983,479,0.942628,0.676888,0.376143,0.069778
29860,79,2953,0.82005,40559,0.345029,2.457204,0.433754,0.155247
29860,13,133,0.036934,938,1.015039,1.14496,0.540585,0.087143
29860,69,67,0.018606,658,1.075208,0.862282,0.380414,0.068913
29860,80,39,0.01083,429,0.890815,0.604448,0.479856,0.048424
29860,2,20,0.005554,371,0.897807,0.72902,0.441309,0.061019
29860,87,19,0.005276,442,1.084696,1.341917,0.373971,0.106365
29860,3,18,0.004999,509,1.034726,0.345956,0.389688,0.041721
29860,72,18,0.004999,422,0.910543,0.673353,0.466746,0.047473
29880,79,2975,0.82069,40659,0.345029,2.477986,0.433445,0.156491
29880,13,130,0.035862,938,1.010655,1.149843,0.542267,0.087081
29880,69,69,0.019034,661,1.079754,0.859423,0.381212,0.069328
29880,80,38,0.010483,429,0.893007,0.60288,0.479703,0.048107
29880,2,21,0.005793,372,0.890643,0.732955,0.442571,0.062048
29880,87,20,0.005517,443,1.094712,1.360043,0.376848,0.106557
29880,72,18,0.004966,422,0.910543,0.673353,0.466746,0.047473
29880,3,17,0.00469,510,1.051728,0.341239,0.385554,0.041966
29900,79,2974,0.820188,40763,0.34409,2.496753,0.435222,0.157895
29900,13,134,0.036955,944,1.008899,1.150726,0.547421,0.087246
29900,69,70,0.019305,664,1.084354,0.857787,0.380012,0.068712
29900,80,39,0.010756,430,0.891634,0.602968,0.477757,0.047901
29900,2,21,0.005792,372,0.890643,0.732955,0.442571,0.062048
29900,87,19,0.00524,443,1.093942,1.34873,0.377464,0.106194
29900,72,18,0.004964,423,0.899237,0.6947,0.468379,0.047907
29900,3,17,0.004688,510,1.051728,0.341239,0.385554,0.041966
29920,79,2964,0.821053,40856,0.345706,2.482958,0.435979,0.157032
29920,13,135,0.037396,947,1.017666,1.151256,0.545114,0.087233
29920,69,70,0.019391,669,1.080904,0.866414,0.378087,0.069962
29920,80,37,0.010249,430,0.890136,0.600511,0.476277,0.048137
29920,2,20,0.00554,372,0.888593,0.733102,0.442912,0.062264
29920,72,18,0.004986,423,0.899237,0.6947,0.468379,0.047907
29920,87,18,0.004986,443,1.085257,1.328005,0.378479,0.105281
29920,3,16,0.004432,510,1.057726,0.33679,0.385612,0.042065
29940,79,2965,0.81974,40937,0.346045,2.482652,0.435309,0.156638
29940,13,136,0.0376,950,1.005605,1.148215,0.543362,0.087192
29940,69,70,0.019353,671,1.083523,0.866341,0.376154,0.07036
29940,80,38,0.010506,432,0.892236,0.605323,0.478785,0.047615
29940,2,21,0.005806,373,0.895617,0.730213,0.442964,0.061739
29940,72,18,0.004976,423,0.899237,0.6947,0.468379,0.047907
29940,87,18,0.004976,444,1.081661,1.340319,0.378163,0.106459
29940,34,16,0.004424,480,0.927151,0.599203,0.389997,0.068561
29960,79,2976,0.820739,41035,0.347788,2.498336,0.434997,0.158199
29960,13,135,0.037231,951,1.004932,1.159331,0.542174,0.087326
29960,69,73,0.020132,674,1.083263,0.863802,0.37554,0.07028
29960,80,39,0.010756,433,0.893026,0.603076,0.477471,0.048018
29960,2,21,0.005792,373,0.895617,0.730213,0.442964,0.061739
29960,72,18,0.004964,423,0.899237,0.6947,0.468379,0.047907
29960,87,18,0.004964,445,1.079705,1.339796,0.377042,0.106237
29960,3,15,0.004137,511,1.048731,0.338636,0.385781,0.04207
29980,79,2992,0.821076,41129,0.347031,2.491983,0.435078,0.158169
29980,13,137,0.037596,955,1.005481,1.162408,0.544109,0.087101
29980,69,74,0.020307,676,1.082902,0.862353,0.37534,0.069777
29980,80,40,0.010977,435,0.893148,0.602528,0.476831,0.04795
29980,2,22,0.006037,374,0.899599,0.728986,0.443476,0.061267
29980,87,19,0.005214,446,1.095522,1.377805,0.380074,0.107409
29980,72,17,0.004665,423,0.899077,0.692766,0.467824,0.047309
29980,3,16,0.004391,512,1.048257,0.334523,0.384538,0.043431
30000,79,2983,0.822216,41218,0.344684,2.493186,0.435976,0.157414
30000,13,133,0.036659,956,1.003114,1.160858,0.543262,0.087164
30000,69,74,0.020397,677,1.080618,0.865349,0.375384,0.07008
30000,80,39,0.01075,436,0.881521,0.605087,0.474521,0.048005
30000,2,22,0.006064,374,0.899599,0.728986,0.443476,0.061267
30000,87,19,0.005237,446,1.095522,1.377805,0.380074,0.107409
30000,34,17,0.004686,482,0.926639,0.59941,0.387232,0.069512
30000,3,16,0.00441,512,1.048257,0.334523,0.384538,0.043431
