tick,population,births_cum,deaths_cum,deaths_starvation,deaths_damage,deaths_predation,deaths_disaster,corpse_count,corpse_matter,corpse_energy,total_energy,total_biomass,nutrient_total,chemical_total,mean_age,max_age,max_generation,n_lineages,light_supply_cum,flow_light_cum,flow_chemical_cum,flow_nutrient_cum,flow_corpse_matter_cum,flow_corpse_energy_cum,flow_predation_energy_cum,flow_predation_matter_cum,top_lineage_id,top_lineage_frac,mean_body_size,mean_membrane_strength,mean_movement_power,mean_movement_efficiency,mean_sensory_range,mean_light_absorption,mean_chemical_absorption,mean_nutrient_absorption,mean_predation_efficiency,mean_corpse_digestion,mean_repair_rate,mean_damage_resistance,mean_reproduction_investment,mean_mutation_rate,var_body_size,var_membrane_strength,var_movement_power,var_movement_efficiency,var_sensory_range,var_light_absorption,var_chemical_absorption,var_nutrient_absorption,var_predation_efficiency,var_corpse_digestion,var_repair_rate,var_damage_resistance,var_reproduction_investment,var_mutation_rate
20,197,197,0,0,0,0,0,0,0,0,5618.657419,130.997788,3149.002212,1749.1333,19.47,20,1,100,24960.0,1938.03,9.2916,50.9978,0.0,0.0,0.0,0.0,0,0.010152,0.999708,0.500701,0.500834,1.000055,0.399209,0.29903,0.299307,0.501458,0.050131,0.199558,0.300607,0.498527,0.402256,0.050855,0.001677,0.000462,0.000451,0.001387,0.000224,0.000143,0.000143,0.000451,4e-06,6e-05,0.00018,0.00044,0.000265,1.5e-05
40,201,201,0,0,0,0,0,0,0,0,5939.275379,193.466601,3086.533399,2102.85814,38.7,40,2,100,49920.0,3903.21,24.4423,113.4666,0.0,0.0,0.0,0.0,12,0.014925,0.999594,0.50034,0.500742,1.000335,0.399431,0.298703,0.299639,0.501946,0.050194,0.199457,0.300964,0.498394,0.402314,0.050923,0.001833,0.000469,0.000503,0.001526,0.000233,0.000153,0.000149,0.00046,4e-06,6.4e-05,0.000194,0.000446,0.000274,1.6e-05
60,207,207,0,0,0,0,0,0,0,0,5955.116539,234.342801,3045.657199,2268.470467,57.44,60,2,100,74880.0,5888.289,44.2515,154.3428,0.0,0.0,0.0,0.0,79,0.019324,0.99877,0.500735,0.500596,1.000189,0.399896,0.298711,0.299735,0.501975,0.05023,0.199713,0.301259,0.498253,0.401548,0.051004,0.001857,0.000501,0.000557,0.001541,0.000261,0.000154,0.000164,0.00046,4e-06,6.9e-05,0.000196,0.000451,0.000302,1.7e-05
80,209,212,3,3,0,0,0,3,2.339472,0.0,5856.640567,242.607057,3035.053471,2334.563025,75.88,80,2,100,99840.0,7892.1615,65.6275,166.1736,0.0,0.0,0.0,0.0,12,0.019139,0.999048,0.500461,0.499755,1.001254,0.399784,0.298797,0.299521,0.502275,0.050234,0.199751,0.300952,0.498099,0.401734,0.050994,0.001844,0.000499,0.000551,0.001555,0.000266,0.000155,0.000165,0.000458,4e-06,7.3e-05,0.000186,0.000446,0.000315,1.7e-05
100,201,216,15,15,0,0,0,6,3.311421,0.0,5811.135781,236.443869,3040.24471,2359.520564,94.07,100,3,100,124800.0,9920.172,87.0093,174.536,0.0,0.0,0.0,0.0,96,0.024876,0.999252,0.500971,0.500033,1.000042,0.399969,0.299238,0.299777,0.503375,0.050282,0.199707,0.300811,0.498169,0.401062,0.050955,0.001791,0.00049,0.000615,0.001579,0.000261,0.000139,0.000153,0.00044,4e-06,7.5e-05,0.000188,0.00045,0.000321,1.8e-05
120,203,226,23,23,0,0,0,8,5.386275,0.0,5805.929674,231.855304,3042.758421,2368.733089,108.53,120,3,96,149760.0,11940.1275,108.3912,179.4634,0.0,0.0,0.0,0.0,96,0.029557,1.000755,0.50055,0.499995,0.999715,0.399908,0.300159,0.299452,0.503353,0.050221,0.199861,0.301134,0.498081,0.400557,0.050808,0.001856,0.000496,0.000706,0.001672,0.000281,0.000174,0.000156,0.000481,4e-06,7.9e-05,0.000206,0.000444,0.000331,1.9e-05
140,199,231,32,32,0,0,0,11,4.864323,0.0,5823.447248,230.282916,3044.852761,2372.118662,125.11,140,3,96,174720.0,13959.6075,129.773,188.5936,0.0,0.0,0.0,0.0,96,0.030151,1.001737,0.500802,0.500199,1.000507,0.400102,0.300152,0.299587,0.502829,0.050273,0.200068,0.301231,0.498148,0.400654,0.050893,0.001756,0.000486,0.000696,0.001814,0.000283,0.000185,0.000158,0.00049,4e-06,8.7e-05,0.000216,0.000448,0.000311,2.1e-05
160,202,242,40,40,0,0,0,9,4.434192,0.0,5871.36702,230.802301,3044.763507,2373.367573,137.15,160,3,95,199680.0,16011.3495,151.1549,198.651,0.0,0.0,0.0,0.0,96,0.034653,1.00296,0.500681,0.50055,0.997742,0.399385,0.3004,0.298975,0.502268,0.05024,0.200622,0.300649,0.49808,0.400749,0.050881,0.001805,0.000454,0.000656,0.001782,0.000295,0.000186,0.000169,0.000482,4e-06,8.6e-05,0.00022,0.000506,0.000351,2.2e-05
180,200,246,46,46,0,0,0,11,6.996113,0.0,5954.795407,233.285639,3039.718248,2373.832256,153.5,180,3,93,224640.0,18105.7245,172.5367,208.4126,0.0,0.0,0.0,0.0,96,0.04,1.003974,0.500869,0.500692,0.996404,0.399414,0.300126,0.299083,0.502554,0.050228,0.200745,0.300829,0.498779,0.40097,0.05083,0.002086,0.000476,0.000698,0.001774,0.000318,0.000191,0.000182,0.000504,4e-06,8.7e-05,0.000224,0.000535,0.000366,2.2e-05
200,197,248,51,51,0,0,0,10,7.403931,0.0,6060.164858,233.509968,3039.086101,2374.00733,171.78,200,3,92,249600.0,20219.607,193.9185,214.8202,0.0312,0.0,0.0,0.0,96,0.035533,1.003997,0.500651,0.50154,0.995668,0.399015,0.300127,0.298949,0.502255,0.05014,0.201013,0.300688,0.499392,0.40103,0.05071,0.002098,0.000483,0.000677,0.001729,0.000305,0.00019,0.000181,0.00048,4e-06,8.5e-05,0.000223,0.000534,0.000374,2e-05
220,198,253,55,55,0,0,0,12,7.265155,0.0,6165.236258,232.795978,3039.938868,2374.061322,186.71,220,4,91,274560.0,22325.8755,215.3136,218.8242,0.0312,0.0,0.0,0.0,96,0.040404,1.003849,0.500047,0.502195,0.996803,0.398918,0.300549,0.299126,0.502311,0.050225,0.201284,0.300304,0.498542,0.401246,0.050626,0.002016,0.000521,0.000742,0.001728,0.000316,0.000205,0.000188,0.000477,4e-06,8.4e-05,0.000236,0.00062,0.000387,2.1e-05
240,196,257,61,61,0,0,0,15,9.494747,0.0,6259.618167,230.815736,3039.689517,2373.068997,202.07,240,4,89,299520.0,24413.868,237.9665,224.1166,0.0312,0.0,0.0,0.0,96,0.040816,1.003348,0.500171,0.502126,0.996373,0.399145,0.300959,0.299556,0.502093,0.050268,0.201305,0.300026,0.49886,0.401413,0.05061,0.001991,0.000545,0.000736,0.001782,0.000314,0.000205,0.000201,0.000494,5e-06,8.1e-05,0.000236,0.000639,0.000396,2.1e-05
260,195,260,65,65,0,0,0,17,10.044646,0.0,6362.035974,230.753415,3039.201939,2371.446814,219.3,260,4,88,324480.0,26496.372,262.1254,228.9186,0.166,0.0,0.0,0.0,96,0.041026,1.002773,0.499964,0.501026,0.995565,0.399262,0.300691,0.299483,0.502338,0.050296,0.201122,0.300753,0.498836,0.401564,0.050487,0.00197,0.000553,0.000717,0.001652,0.000318,0.000177,0.000201,0.000496,5e-06,7.3e-05,0.000227,0.000661,0.000405,2.2e-05
280,195,266,71,71,0,0,0,20,10.478614,0.0,6465.520656,228.547708,3040.973678,2369.916315,232.96,280,4,88,349440.0,28581.522,287.157,234.2081,0.166,0.0,0.0,0.0,96,0.046154,1.003419,0.499308,0.500457,0.992844,0.398974,0.300336,0.299473,0.501619,0.050162,0.201326,0.299979,0.499979,0.401482,0.050447,0.002002,0.000544,0.000719,0.001643,0.000318,0.000199,0.000198,0.000532,5e-06,6.9e-05,0.000219,0.000657,0.000389,2.1e-05
300,191,268,77,77,0,0,0,21,9.517941,0.0,6591.506132,226.876458,3043.605601,2370.746172,251.32,300,4,88,374400.0,30666.2595,310.1925,239.5817,0.4063,0.0,0.0,0.0,96,0.04712,1.002889,0.498957,0.500538,0.992973,0.398915,0.300296,0.299507,0.50201,0.050074,0.201193,0.300133,0.500955,0.401235,0.050357,0.002052,0.000494,0.000708,0.001618,0.000311,0.000199,0.000192,0.000567,4e-06,6.9e-05,0.000226,0.00069,0.000394,1.9e-05
320,195,275,80,80,0,0,0,23,7.845567,0.0,6720.400907,228.451435,3043.702998,2372.2712,261.93,320,4,88,399360.0,32747.7105,331.2246,244.95,0.4063,0.0,0.0,0.0,96,0.046154,1.003762,0.49913,0.500731,0.993453,0.399189,0.300546,0.299185,0.50226,0.050025,0.201382,0.299808,0.501135,0.401468,0.050483,0.002193,0.000486,0.000719,0.001873,0.000325,0.000205,0.000207,0.000574,4e-06,7.8e-05,0.000237,0.000759,0.000414,1.9e-05
340,199,280,81,81,0,0,0,21,7.001913,0.0,6824.471645,233.138207,3039.859879,2372.881977,275.77,340,4,88,424320.0,34833.0105,352.2568,250.7448,0.6494,0.0,0.0,0.0,96,0.045226,1.004805,0.499915,0.501252,0.993056,0.398884,0.300923,0.298979,0.502165,0.050052,0.201332,0.299923,0.500754,0.401826,0.050465,0.002363,0.000541,0.00073,0.001872,0.000352,0.000205,0.00023,0.000573,4e-06,7.7e-05,0.000243,0.000766,0.000421,1.9e-05
360,196,281,85,85,0,0,0,25,8.974634,0.0,6899.785533,234.078068,3036.947297,2373.082001,295.34,360,4,88,449280.0,36918.3105,373.289,256.3182,0.6494,0.0,0.0,0.0,96,0.045918,1.006078,0.499981,0.50122,0.992831,0.398844,0.301009,0.298764,0.501839,0.050042,0.201339,0.300099,0.500936,0.401911,0.050432,0.002391,0.000526,0.000735,0.001903,0.000356,0.000201,0.000224,0.00057,4e-06,7.7e-05,0.000245,0.000709,0.000427,1.9e-05
380,194,284,90,90,0,0,0,25,7.835608,0.0,6983.063641,231.299986,3040.864406,2374.366427,312.58,380,4,87,474240.0,38999.2755,392.8941,259.4064,0.6494,0.0,0.0,0.0,66,0.046392,1.007018,0.499633,0.501427,0.992487,0.398274,0.301168,0.298701,0.501653,0.049985,0.201467,0.299834,0.501362,0.40157,0.050503,0.002382,0.000521,0.000745,0.001907,0.000357,0.0002,0.000225,0.00055,4e-06,8.1e-05,0.000238,0.00071,0.000422,1.9e-05
400,200,293,93,93,0,0,0,24,6.88397,0.0,7069.3936,233.203225,3039.912805,2375.997301,320.08,400,4,87,499200.0,41093.415,410.7553,265.1086,0.6494,0.0,0.0,0.0,66,0.04,1.005531,0.499582,0.502288,0.992713,0.397772,0.301409,0.299163,0.501909,0.050019,0.202022,0.299574,0.501249,0.401601,0.050464,0.002307,0.00053,0.000791,0.001959,0.000352,0.000207,0.000233,0.000528,4e-06,9.3e-05,0.000264,0.000714,0.00043,2e-05
420,207,303,96,96,0,0,0,23,6.716118,0.0,7174.595148,239.239113,3034.04477,2376.713349,326.01,420,4,87,524160.0,43254.006,428.6164,274.8405,0.6813,0.0,0.0,0.0,96,0.038647,1.002875,0.499837,0.502142,0.992949,0.398069,0.301167,0.299133,0.502985,0.050077,0.201688,0.299238,0.500717,0.401684,0.050434,0.002457,0.000522,0.000774,0.001956,0.000334,0.000218,0.000236,0.000558,4e-06,9.7e-05,0.000267,0.000731,0.000418,2e-05
440,213,310,97,97,0,0,0,21,5.757063,0.0,7227.754012,248.178863,3026.064073,2377.011995,335.23,440,4,87,549120.0,45429.666,446.4775,284.9513,0.6813,0.0,0.0,0.0,96,0.037559,1.003191,0.500309,0.502163,0.994488,0.398422,0.300966,0.299212,0.502389,0.050096,0.201759,0.298964,0.501124,0.402027,0.050542,0.002469,0.0006,0.000788,0.002077,0.000335,0.000243,0.000232,0.000612,4e-06,0.000103,0.000283,0.000736,0.000422,2e-05
460,215,314,99,99,0,0,0,21,5.256831,0.0,7249.377703,252.811804,3021.931366,2377.131126,349.2,460,4,87,574080.0,47613.177,464.3386,291.9807,0.6813,0.0,0.0,0.0,96,0.037209,1.003546,0.500936,0.502191,0.995015,0.398699,0.300973,0.299066,0.502313,0.05013,0.201875,0.298954,0.501748,0.402509,0.050524,0.002545,0.000661,0.000776,0.002057,0.000333,0.000249,0.000236,0.000619,4e-06,0.000103,0.000283,0.000703,0.000441,2e-05
480,215,316,101,101,0,0,0,22,5.688739,0.0,7261.262815,255.249933,3019.061328,2377.175881,366.33,480,4,87,599040.0,49805.937,482.1997,296.9811,0.6813,0.0,0.0,0.0,96,0.037209,1.002895,0.501097,0.502131,0.995181,0.398782,0.300804,0.299016,0.502491,0.050101,0.201908,0.29885,0.501907,0.402525,0.050469,0.002383,0.000679,0.000783,0.00208,0.000332,0.000245,0.000248,0.000625,4e-06,0.000103,0.000281,0.000707,0.000438,2e-05
500,219,323,104,104,0,0,0,22,6.662883,0.0,7255.957123,256.56943,3016.767687,2377.190906,376.85,500,4,87,624000.0,52014.816,500.0608,302.2548,0.6813,0.0,0.0,0.0,96,0.03653,1.00142,0.50028,0.50181,0.995626,0.398888,0.300935,0.29933,0.502277,0.050095,0.201977,0.29846,0.501718,0.40213,0.050447,0.002272,0.000634,0.000771,0.002118,0.000326,0.000253,0.000228,0.000613,4e-06,0.00011,0.000299,0.000668,0.000416,2.1e-05
520,220,330,110,110,0,0,0,23,7.516323,0.0,7239.510689,256.636205,3015.847472,2377.194642,388.35,520,4,86,648960.0,54219.2985,517.9219,309.2999,0.9093,0.0,0.0,0.0,96,0.036364,1.002307,0.50029,0.502092,0.995707,0.399097,0.301103,0.300017,0.502081,0.050118,0.202145,0.297607,0.501057,0.402404,0.05044,0.002232,0.000648,0.000822,0.002114,0.000332,0.000265,0.000238,0.000596,4e-06,0.000112,0.000309,0.000624,0.000406,2.2e-05
540,222,335,113,113,0,0,0,24,6.236924,0.0,7207.992423,260.715536,3013.04754,2377.194484,402.19,540,4,86,673920.0,56427.399,535.7831,317.0361,0.9093,0.0,0.0,0.0,45,0.036036,1.001659,0.500363,0.502778,0.996678,0.399119,0.301507,0.300219,0.50225,0.050093,0.202162,0.297717,0.501931,0.40249,0.050571,0.002328,0.00066,0.000878,0.002138,0.000332,0.000278,0.000242,0.000604,4e-06,0.000112,0.000335,0.000626,0.000413,2.3e-05
560,224,339,115,115,0,0,0,22,5.546905,0.0,7170.082668,263.28478,3011.168315,2377.193269,416.7,560,4,86,698880.0,58646.049,553.6442,322.1117,0.9093,0.0,0.0,0.0,45,0.035714,1.000962,0.50027,0.502778,0.996395,0.399114,0.301782,0.300251,0.501914,0.050097,0.202296,0.297983,0.502292,0.402337,0.050572,0.002388,0.000657,0.000872,0.002056,0.000339,0.00028,0.000236,0.000584,4e-06,0.000112,0.000349,0.000635,0.000403,2.3e-05
580,224,341,117,117,0,0,0,23,5.885612,0.0,7110.10551,266.132901,3007.981487,2376.562181,433.04,580,4,85,723840.0,60860.154,572.2696,327.1783,1.0711,0.0,0.0,0.0,45,0.035714,1.001498,0.500068,0.503031,0.99678,0.39932,0.301887,0.300139,0.501925,0.050092,0.202317,0.298017,0.50263,0.402393,0.050633,0.002416,0.000672,0.000865,0.002083,0.000326,0.00028,0.000231,0.000579,4e-06,0.000114,0.000353,0.000627,0.000402,2.3e-05
600,226,349,123,123,0,0,0,26,6.321379,0.0,7039.857558,263.107547,3010.571074,2374.722394,440.68,600,4,85,748800.0,63070.4625,593.0992,331.5609,1.1423,0.0,0.0,0.0,45,0.035398,1.001271,0.500384,0.502727,0.996906,0.399015,0.3019,0.300473,0.501668,0.050096,0.202481,0.297903,0.502196,0.402011,0.050409,0.002358,0.000646,0.000921,0.002053,0.000317,0.000289,0.000225,0.000542,4e-06,0.000116,0.000354,0.00063,0.000388,2.2e-05
620,221,351,130,130,0,0,0,29,6.33582,0.0,7007.792827,261.219246,3012.444934,2371.758475,461.3,620,4,85,773760.0,65287.7175,616.9785,337.4651,1.5927,0.0,0.0,0.0,45,0.040724,1.001921,0.500766,0.50288,0.996149,0.399472,0.302386,0.300947,0.501246,0.050136,0.202549,0.297893,0.502445,0.401402,0.050284,0.002263,0.000666,0.000955,0.002042,0.000313,0.000291,0.000226,0.000508,4e-06,0.000114,0.000376,0.000619,0.00039,2.2e-05
640,222,357,135,135,0,0,0,31,6.903895,0.0,6968.232674,260.913749,3012.182356,2369.379665,473.23,640,4,85,798720.0,67497.6975,642.2668,342.821,2.022,0.0,0.0,0.0,96,0.040541,1.001554,0.500247,0.502669,0.996177,0.399029,0.302358,0.301032,0.501887,0.050162,0.202383,0.298551,0.502043,0.401242,0.050322,0.0022,0.000654,0.000949,0.002069,0.000343,0.000293,0.000222,0.00056,5e-06,0.00011,0.000366,0.000618,0.0004,2.3e-05
660,220,360,140,140,0,0,0,33,8.590477,0.0,6936.214278,260.274572,3011.134951,2368.028997,492.85,660,4,85,823680.0,69716.142,667.8593,348.1102,2.0683,0.0,0.0,0.0,96,0.040909,1.001386,0.500965,0.501973,0.994963,0.399141,0.302346,0.300973,0.502203,0.050159,0.202376,0.299083,0.502186,0.401187,0.050357,0.002084,0.000646,0.000921,0.002115,0.000314,0.000277,0.00021,0.000589,5e-06,0.000109,0.000358,0.000632,0.000401,2.3e-05
680,220,365,145,145,0,0,0,31,6.903444,0.0,6934.037077,259.278354,3013.818202,2367.34133,506.45,680,4,85,848640.0,71941.512,693.4519,352.9535,2.2591,0.0,0.0,0.0,96,0.040909,1.001951,0.501079,0.502646,0.996952,0.399702,0.302479,0.301319,0.50182,0.050107,0.202701,0.299402,0.502214,0.401004,0.050281,0.002143,0.000614,0.000904,0.002065,0.00033,0.000278,0.000224,0.000596,5e-06,0.000122,0.000355,0.00065,0.000405,2.2e-05
700,217,369,152,152,0,0,0,33,10.143252,0.0,6936.756448,254.689707,3015.167041,2366.985035,523.83,700,4,85,873600.0,74167.6935,719.0445,357.0103,2.2887,0.0,0.0,0.0,45,0.036866,1.000719,0.501181,0.502426,0.997651,0.399677,0.302715,0.301265,0.50127,0.050145,0.202735,0.299498,0.502754,0.400093,0.049996,0.001975,0.000606,0.000914,0.002048,0.000338,0.000298,0.000224,0.000591,5e-06,0.000121,0.000375,0.000654,0.000403,2.2e-05
720,215,372,157,157,0,0,0,33,7.207542,0.0,7000.076384,253.861217,3018.931241,2366.798747,544.16,720,4,85,898560.0,76409.2935,744.6371,362.2282,2.2887,0.0,0.0,0.0,96,0.037209,1.00168,0.501721,0.501344,0.996347,0.399132,0.302336,0.300855,0.501596,0.050083,0.20251,0.299675,0.502774,0.399948,0.049938,0.002061,0.000599,0.000852,0.002067,0.000343,0.000294,0.000217,0.000593,5e-06,0.000119,0.000341,0.000674,0.0004,2.1e-05
740,215,376,161,161,0,0,0,31,6.62122,0.0,7066.475937,253.124196,3020.254584,2366.700871,560.55,740,4,85,923520.0,78650.8935,770.2296,366.0325,2.5543,0.0,0.0,0.0,96,0.037209,1.00188,0.500976,0.500836,0.997091,0.398915,0.302405,0.301059,0.501264,0.050128,0.202344,0.300064,0.502987,0.399903,0.050026,0.002072,0.000639,0.000841,0.002121,0.000348,0.00029,0.000225,0.000597,5e-06,0.00012,0.000331,0.000671,0.000401,2.1e-05
760,217,384,167,167,0,0,0,36,9.079433,0.0,7127.548791,251.981584,3018.938982,2366.649306,566.7,760,4,85,948480.0,80901.831,795.8222,372.0418,2.5543,0.0,0.0,0.0,96,0.036866,1.003715,0.50125,0.500885,0.998114,0.398247,0.302415,0.300761,0.50065,0.050039,0.202154,0.299754,0.503118,0.399732,0.050158,0.002215,0.00064,0.000837,0.002102,0.000382,0.000295,0.000231,0.000566,5e-06,0.000119,0.000333,0.000666,0.000391,2.2e-05
780,215,387,172,172,0,0,0,34,7.458312,0.0,7217.010018,252.558062,3019.983626,2366.622096,583.14,780,4,85,973440.0,83155.881,821.4148,378.5178,2.5543,0.0,0.0,0.0,96,0.037209,1.00422,0.500344,0.500923,0.998116,0.398503,0.302615,0.300877,0.501132,0.050038,0.202218,0.299846,0.503219,0.39923,0.050129,0.002175,0.000602,0.000849,0.002212,0.000395,0.000293,0.000241,0.000582,5e-06,0.000119,0.000322,0.000676,0.000367,2.2e-05
800,219,393,174,174,0,0,0,32,5.675156,0.0,7276.085476,257.496025,3016.828819,2366.607722,590.11,800,4,85,998400.0,85409.931,847.0074,385.9674,2.5543,0.0,0.0,0.0,66,0.03653,1.004739,0.500364,0.501538,0.996479,0.398357,0.302313,0.300934,0.501586,0.050037,0.202176,0.299392,0.503104,0.399244,0.050033,0.00223,0.000607,0.000911,0.002071,0.000383,0.000314,0.000242,0.000579,5e-06,0.000118,0.000325,0.000659,0.000376,2.4e-05
820,214,396,182,182,0,0,0,34,7.777063,0.0,7330.874686,253.751151,3018.471786,2366.600123,609.26,820,4,84,1023360.0,87664.7085,872.5999,391.593,2.8642,0.0,0.0,0.0,66,0.037383,1.004542,0.500713,0.502078,0.99543,0.398685,0.30193,0.300235,0.501317,0.05,0.201914,0.299767,0.502394,0.399974,0.049989,0.002173,0.000631,0.000855,0.001998,0.000377,0.000303,0.000219,0.000551,5e-06,0.000112,0.000319,0.000645,0.000406,2.3e-05
840,217,401,184,184,0,0,0,32,5.182449,0.0,7413.998031,256.028565,3018.788987,2366.596104,616.19,840,4,84,1048320.0,89933.3085,898.1925,396.1453,2.8642,0.0,0.0,0.0,66,0.036866,1.004356,0.500278,0.502071,0.995697,0.398747,0.301976,0.300003,0.501295,0.050025,0.201789,0.299401,0.502541,0.400031,0.049941,0.002196,0.000623,0.000866,0.002064,0.000378,0.000301,0.00021,0.000561,5e-06,0.000108,0.000315,0.000705,0.0004,2.3e-05
860,220,407,187,187,0,0,0,32,5.88762,0.0,7486.323932,257.654747,3016.457633,2366.593976,625.86,860,4,84,1073280.0,92217.2985,923.7851,401.7008,2.8642,0.0,0.0,0.0,96,0.036364,1.00237,0.499963,0.502062,0.996172,0.398452,0.302012,0.300428,0.500573,0.050049,0.202012,0.299597,0.502341,0.399802,0.050054,0.002195,0.000631,0.000848,0.002124,0.000384,0.000309,0.000216,0.00059,5e-06,0.000109,0.000334,0.000712,0.000415,2.3e-05
880,215,409,194,194,0,0,0,33,7.524438,0.0,7560.727462,254.742571,3017.732992,2366.59285,650.74,880,4,84,1098240.0,94501.2885,949.3777,406.9063,3.3111,0.0,0.0,0.0,96,0.037209,1.002462,0.4996,0.501719,0.995338,0.398595,0.302122,0.300061,0.499787,0.050062,0.201546,0.299633,0.502241,0.399864,0.050107,0.002192,0.000622,0.000859,0.002135,0.000395,0.000291,0.000223,0.000625,5e-06,0.000104,0.000335,0.000701,0.000413,2.2e-05
900,219,416,197,197,0,0,0,27,4.436644,0.0,7650.045297,256.834998,3018.728359,2366.592253,653.2,900,4,84,1123200.0,96797.5905,974.9702,412.72,3.3927,0.0,0.0,0.0,96,0.03653,1.000811,0.50014,0.501646,0.996075,0.398747,0.301991,0.30005,0.500579,0.050116,0.201533,0.300631,0.501683,0.401278,0.049995,0.00209,0.000651,0.000858,0.002225,0.000394,0.000289,0.000227,0.000636,6e-06,0.000105,0.000347,0.000766,0.000478,2.3e-05
920,225,426,201,201,0,0,0,28,5.742306,0.0,7723.068026,261.969174,3012.288521,2366.591936,651.49,920,4,84,1148160.0,99127.6965,1000.5628,422.3642,3.4883,0.0,0.0,0.0,96,0.04,1.002194,0.500675,0.500596,0.996035,0.399101,0.30234,0.299643,0.50118,0.050115,0.201379,0.300615,0.501135,0.4012,0.049877,0.002101,0.000615,0.00087,0.002236,0.000399,0.000291,0.000233,0.000635,6e-06,0.000106,0.000351,0.000804,0.000491,2.4e-05
940,226,432,206,206,0,0,0,25,4.299044,0.0,7775.182152,264.9184,3010.782556,2366.591768,659.23,940,4,84,1173120.0,101461.2165,1026.1554,431.0176,4.1066,0.0,0.0,0.0,67,0.035398,1.001237,0.501058,0.500513,0.996164,0.399903,0.30232,0.299954,0.500832,0.050153,0.201292,0.300629,0.500813,0.401196,0.049923,0.002056,0.000625,0.000939,0.002242,0.000409,0.00031,0.000238,0.000655,6e-06,0.000114,0.000377,0.000818,0.000495,2.4e-05
960,232,440,208,208,0,0,0,24,3.853373,0.0,7785.832138,270.602299,3005.544328,2366.591679,657.22,960,4,84,1198080.0,103794.7365,1051.748,439.0866,4.1626,0.0,0.0,0.0,67,0.034483,0.999737,0.500362,0.500399,0.997885,0.399353,0.30269,0.300136,0.501562,0.050182,0.201331,0.300185,0.500494,0.400767,0.049999,0.002071,0.000639,0.00096,0.002438,0.000439,0.000315,0.000236,0.000669,6e-06,0.000116,0.000389,0.000834,0.00052,2.4e-05
980,231,446,215,215,0,0,0,24,4.542304,0.0,7789.332498,269.364433,3006.093262,2369.07462,672.99,980,4,84,1223040.0,106128.2565,1074.2528,446.4126,4.3112,0.0,0.0,0.0,67,0.034632,0.99754,0.500966,0.500192,0.998326,0.399278,0.302265,0.300262,0.501245,0.050174,0.201644,0.300404,0.500627,0.400745,0.050103,0.002177,0.000637,0.001007,0.002345,0.000418,0.000313,0.000216,0.000683,6e-06,0.000125,0.000392,0.000894,0.000547,2.5e-05
1000,230,450,220,220,0,0,0,26,3.731008,0.0,7801.136519,269.912322,3006.356671,2372.152208,682.7,1000,4,84,1248000.0,108461.7765,1094.2826,453.0524,4.3112,0.0,0.0,0.0,45,0.034783,0.997341,0.501129,0.500295,0.999452,0.399654,0.302483,0.300727,0.50142,0.050129,0.201868,0.300147,0.500646,0.40082,0.05019,0.002228,0.000637,0.001019,0.002388,0.00043,0.000313,0.000227,0.000687,6e-06,0.000131,0.000395,0.000918,0.000542,2.5e-05
1020,232,457,225,225,0,0,0,24,3.590752,0.0,7803.758201,269.954274,3006.454974,2374.951685,692.47,1020,4,84,1272960.0,110795.2965,1112.1437,459.0669,4.377,0.0,0.0,0.0,50,0.034483,0.997716,0.501727,0.500453,0.998525,0.399069,0.302422,0.300218,0.501378,0.050079,0.202062,0.300257,0.500173,0.40127,0.050212,0.002259,0.000662,0.001016,0.002278,0.00043,0.000326,0.000229,0.000681,6e-06,0.000135,0.00038,0.000914,0.000568,2.5e-05
1040,235,462,227,227,0,0,0,23,3.069185,0.0,7810.72584,274.622594,3002.308221,2376.218971,701.99,1040,4,84,1297920.0,113155.8165,1130.0048,466.0291,4.4052,0.0,0.0,0.0,50,0.034043,0.998235,0.502086,0.499981,0.9978,0.398556,0.303003,0.30059,0.501566,0.049973,0.201926,0.300546,0.500779,0.40134,0.050159,0.00222,0.000678,0.001015,0.002283,0.000463,0.000343,0.000243,0.000686,6e-06,0.000134,0.000394,0.000947,0.000562,2.5e-05
1060,238,468,230,230,0,0,0,21,3.714142,0.0,7782.255328,277.294955,2998.990903,2376.772856,710.92,1060,4,84,1322880.0,115517.19,1147.8659,472.3995,4.4052,0.0,0.0,0.0,96,0.033613,0.997198,0.502481,0.499517,0.998413,0.398289,0.302842,0.300124,0.501877,0.049933,0.201763,0.300802,0.500418,0.401178,0.050383,0.002229,0.000696,0.000979,0.002298,0.00045,0.000336,0.000246,0.000682,6e-06,0.000131,0.000386,0.000943,0.000551,2.6e-05
1080,238,475,237,237,0,0,0,25,4.190678,0.0,7775.804243,276.120442,2999.688881,2377.01117,724.57,1080,4,84,1347840.0,117909.7875,1165.727,479.4391,4.4052,0.0,0.0,0.0,96,0.033613,0.997924,0.501986,0.49976,0.998735,0.399704,0.303107,0.300188,0.502178,0.050065,0.201977,0.300475,0.500757,0.401351,0.050408,0.0021,0.000696,0.000952,0.002201,0.000467,0.000321,0.000252,0.000691,6e-06,0.000141,0.000414,0.000954,0.000561,2.7e-05
1100,237,479,242,242,0,0,0,26,5.74289,0.0,7790.458434,277.818131,2996.438978,2377.113011,741.16,1100,4,84,1372800.0,120322.779,1183.5881,486.879,4.4052,0.0,0.0,0.0,96,0.033755,0.998751,0.501973,0.500071,0.999338,0.40017,0.303089,0.299946,0.502127,0.050036,0.201765,0.300258,0.50117,0.401444,0.05042,0.002049,0.000715,0.000965,0.0022,0.000467,0.000324,0.000254,0.000699,6e-06,0.000139,0.0004,0.000945,0.000553,2.7e-05
1120,238,485,247,247,0,0,0,25,6.008221,0.0,7812.962222,278.271717,2995.720062,2377.156404,750.32,1120,4,84,1397760.0,122759.6115,1201.4493,493.1785,4.6988,0.0,0.0,0.0,96,0.033613,0.998486,0.501795,0.499159,1.000211,0.399576,0.303774,0.299885,0.502728,0.050083,0.201643,0.300417,0.500997,0.401658,0.05057,0.001948,0.000749,0.000954,0.002272,0.000506,0.000304,0.00025,0.00064,6e-06,0.000137,0.000392,0.00091,0.000544,2.7e-05
1140,240,491,251,251,0,0,0,25,5.662741,0.0,7838.848997,279.812767,2994.524492,2377.174871,760.46,1140,4,84,1422720.0,125205.9015,1219.3104,499.1094,5.0706,0.0,0.0,0.0,96,0.033333,0.997931,0.503023,0.499078,0.99984,0.399342,0.303518,0.299816,0.503582,0.050052,0.201725,0.300589,0.501575,0.401507,0.050603,0.002079,0.000808,0.00095,0.002302,0.000506,0.000313,0.000257,0.000639,6e-06,0.000135,0.000394,0.000968,0.000548,2.8e-05
1160,242,500,258,258,0,0,0,27,6.697583,0.0,7847.506268,279.044474,2994.257943,2377.182726,764.95,1160,4,84,1447680.0,127652.1915,1237.1715,507.112,5.0706,0.0,0.0,0.0,96,0.03719,0.998638,0.502049,0.499401,0.998291,0.399696,0.303617,0.299907,0.503397,0.050077,0.201813,0.301312,0.501048,0.401126,0.050643,0.002177,0.000814,0.000952,0.002358,0.000565,0.000309,0.000252,0.000672,7e-06,0.000135,0.000387,0.00103,0.000545,2.8e-05
1180,242,505,263,263,0,0,0,27,6.161716,0.0,7847.819028,282.75568,2991.082604,2377.186066,777.65,1180,4,84,1472640.0,130098.4815,1255.0326,516.6867,5.0706,0.0,0.0,0.0,96,0.03719,0.998357,0.502308,0.498952,0.999379,0.399843,0.30332,0.299931,0.502784,0.050125,0.202162,0.301637,0.500688,0.400998,0.050587,0.002222,0.000806,0.000917,0.00253,0.000577,0.000311,0.000255,0.00069,7e-06,0.000135,0.000369,0.001003,0.000558,2.8e-05
1200,242,508,266,266,0,0,0,25,5.55935,0.0,7848.339364,286.306125,2988.134525,2377.168384,795.31,1200,4,84,1497600.0,132558.993,1272.913,523.6417,5.207,0.0,0.0,0.0,96,0.03719,0.99986,0.502013,0.498787,0.998603,0.399811,0.30324,0.299505,0.502475,0.050129,0.202212,0.301814,0.500715,0.401524,0.050436,0.002367,0.000795,0.000913,0.002534,0.000578,0.000312,0.00025,0.000696,7e-06,0.000135,0.000369,0.001002,0.000581,2.7e-05
1220,241,517,276,276,0,0,0,28,6.637398,0.0,7879.235807,281.032511,2992.330092,2375.843594,806.9,1220,4,84,1522560.0,135040.386,1292.5366,529.867,5.7193,0.0,0.0,0.0,96,0.041494,1.000389,0.501383,0.497888,1.000832,0.399336,0.303621,0.300241,0.502786,0.050074,0.202663,0.301611,0.502555,0.400047,0.050375,0.002306,0.00087,0.000915,0.002689,0.000561,0.000318,0.000234,0.000716,7e-06,0.000151,0.000368,0.001051,0.000556,2.7e-05
1240,241,522,281,281,0,0,0,30,6.894918,0.0,7940.596005,282.428562,2990.676521,2373.998802,822.86,1240,4,84,1547520.0,137543.676,1313.9912,537.0099,6.0111,0.0,0.0,0.0,96,0.041494,1.0013,0.50033,0.49788,1.000061,0.399546,0.303846,0.300386,0.503,0.050141,0.202647,0.301238,0.50292,0.400036,0.050267,0.002397,0.000874,0.000941,0.002675,0.00055,0.000319,0.000241,0.000712,7e-06,0.000152,0.000366,0.001063,0.000546,2.6e-05
1260,245,527,282,282,0,0,0,28,6.577994,0.0,7988.828458,288.122743,2985.299264,2373.189763,828.62,1260,4,84,1572480.0,140060.0595,1335.4434,543.8535,6.0462,0.0,0.0,0.0,96,0.040816,1.001079,0.500289,0.498025,1.001295,0.399363,0.3043,0.300083,0.502806,0.050177,0.202755,0.301157,0.502916,0.399795,0.050097,0.002381,0.000853,0.000966,0.002712,0.00056,0.000334,0.000247,0.000729,7e-06,0.00015,0.000378,0.001064,0.00055,2.7e-05
1280,242,529,287,287,0,0,0,29,6.738278,0.0,8040.935361,287.751076,2985.510646,2372.3196,841.66,1280,4,84,1597440.0,142587.5775,1357.4405,549.373,6.1082,0.0,0.0,0.0,96,0.041322,1.001534,0.499991,0.497804,1.001875,0.399801,0.30462,0.299982,0.502949,0.050136,0.202965,0.301056,0.502582,0.399381,0.050167,0.002403,0.000875,0.000944,0.002701,0.000582,0.000336,0.00024,0.000738,7e-06,0.000149,0.000377,0.001046,0.000541,2.8e-05
1300,244,536,292,292,0,0,0,28,5.844387,0.0,8124.68824,286.518131,2987.637481,2371.863592,850.45,1300,4,84,1622400.0,145135.2705,1379.4899,553.9861,6.1082,0.0,0.0,0.0,96,0.040984,1.001588,0.499396,0.497045,1.00218,0.400168,0.304628,0.299999,0.503392,0.050112,0.202946,0.301226,0.502882,0.399663,0.050137,0.002472,0.00084,0.000989,0.002692,0.000554,0.000334,0.000227,0.000744,8e-06,0.000158,0.000376,0.001032,0.000564,2.8e-05
1320,246,542,296,296,0,0,0,30,6.308258,0.0,8192.579468,288.725178,2984.966565,2371.634467,854.81,1320,4,84,1647360.0,147688.623,1401.5393,560.6269,6.5378,0.0,0.0,0.0,96,0.04065,1.001314,0.500026,0.497488,1.002955,0.399619,0.304092,0.300079,0.50292,0.050086,0.202621,0.300949,0.50346,0.399395,0.050025,0.002569,0.000856,0.001034,0.002712,0.000542,0.000333,0.000232,0.000731,8e-06,0.000164,0.000378,0.001062,0.000562,2.8e-05
1340,246,548,302,302,0,0,0,31,6.451523,0.0,8263.987392,288.775984,2984.772493,2371.517521,865.77,1340,4,84,1672320.0,150253.833,1423.5887,567.6696,6.9189,0.0,0.0,0.0,96,0.04065,1.001482,0.500063,0.497629,1.001489,0.400105,0.304457,0.299876,0.503258,0.050006,0.20252,0.300904,0.502801,0.399178,0.050194,0.00248,0.000854,0.00104,0.002645,0.000588,0.000319,0.000242,0.000728,7e-06,0.000166,0.000382,0.001003,0.00058,2.8e-05
1360,248,559,311,311,0,0,0,35,6.882252,0.0,8326.528553,287.680361,2985.437387,2371.457122,861.71,1360,4,84,1697280.0,152819.043,1445.6381,576.767,7.1569,0.0,0.0,0.0,96,0.03629,1.003528,0.499486,0.497759,1.000677,0.400277,0.304855,0.299959,0.502613,0.050087,0.202924,0.300022,0.502903,0.399376,0.049936,0.002517,0.000848,0.001127,0.002666,0.000581,0.000342,0.000239,0.000717,8e-06,0.000177,0.000421,0.000998,0.000593,3e-05
1380,249,562,313,313,0,0,0,33,6.015976,0.0,8378.203067,293.602407,2980.381617,2373.307617,871.07,1380,4,84,1722240.0,155384.253,1465.5213,584.7311,7.2297,0.0,0.0,0.0,80,0.036145,1.005503,0.499246,0.49783,1.001272,0.400717,0.304876,0.300213,0.50294,0.050047,0.202923,0.300032,0.502851,0.398857,0.04987,0.002457,0.000875,0.001126,0.002674,0.000603,0.00035,0.000237,0.000727,8e-06,0.000176,0.000425,0.000995,0.000614,2.9e-05
1400,248,571,323,323,0,0,0,37,8.668691,0.0,8402.123795,289.668279,2981.663031,2375.128086,871.5,1400,4,84,1747200.0,157949.463,1484.4095,592.2165,7.6662,0.0,0.0,0.0,80,0.03629,1.00611,0.4992,0.497154,1.001104,0.401118,0.305244,0.300893,0.502798,0.050033,0.202817,0.300159,0.502986,0.399826,0.04984,0.002308,0.000836,0.001121,0.002596,0.000594,0.000342,0.00021,0.000703,8e-06,0.000169,0.000403,0.00093,0.000595,2.9e-05
1420,250,578,328,328,0,0,0,33,6.777362,0.0,8446.441032,292.758308,2980.464331,2376.41846,875.12,1420,4,84,1772160.0,160526.328,1502.7812,601.3192,7.7277,0.0,0.0,0.0,96,0.036,1.005596,0.499368,0.497184,1.002773,0.401049,0.305571,0.300756,0.503413,0.04995,0.202722,0.300164,0.503084,0.399599,0.049899,0.002281,0.000846,0.001121,0.002684,0.000517,0.000351,0.000214,0.000732,9e-06,0.000178,0.000407,0.000908,0.000598,2.9e-05
1440,249,583,334,334,0,0,0,36,7.822071,0.0,8476.889178,293.686572,2978.491357,2376.75877,888.16,1440,4,84,1797120.0,163108.188,1521.7359,609.4689,7.7277,0.0,0.0,0.0,96,0.036145,1.006091,0.499266,0.497999,1.002193,0.401364,0.305932,0.300798,0.503663,0.049939,0.202774,0.300208,0.502623,0.399189,0.049976,0.002309,0.000759,0.001073,0.002596,0.000511,0.000344,0.000201,0.000726,9e-06,0.000173,0.000412,0.000891,0.000618,3.1e-05
1460,255,590,335,335,0,0,0,35,5.239587,0.0,8486.961251,299.383282,2975.377132,2376.962156,886.36,1460,4,84,1822080.0,165690.048,1540.6906,616.5292,7.7277,0.0,0.0,0.0,96,0.035294,1.006258,0.499272,0.498601,1.002912,0.401544,0.3064,0.301006,0.503216,0.049971,0.203014,0.299985,0.502875,0.399504,0.049921,0.002371,0.000757,0.001096,0.002574,0.000527,0.00036,0.000201,0.000728,9e-06,0.000176,0.00042,0.000881,0.000646,3.1e-05
1480,258,596,338,338,0,0,0,34,5.224654,0.0,8474.790404,302.66336,2972.111986,2377.077633,889.96,1480,4,84,1847040.0,168272.6985,1559.6454,623.3964,7.7569,0.0,0.0,0.0,96,0.034884,1.005795,0.499131,0.498055,1.003682,0.40104,0.306129,0.301169,0.503026,0.049941,0.202791,0.300275,0.502883,0.399739,0.049931,0.002387,0.000749,0.001089,0.002703,0.000523,0.000358,0.0002,0.000718,9e-06,0.000178,0.000424,0.000869,0.000631,3.1e-05
1500,255,599,344,344,0,0,0,34,5.798186,0.0,8467.785869,303.390868,2970.810947,2377.141373,910.34,1500,4,84,1872000.0,170882.856,1578.6001,630.9563,8.044,0.0,0.0,0.0,96,0.035294,1.005894,0.498999,0.498722,1.003877,0.400959,0.306128,0.30098,0.502824,0.049881,0.203031,0.300204,0.502161,0.399905,0.049946,0.00237,0.000763,0.001074,0.002712,0.000522,0.00036,0.000202,0.000739,9e-06,0.000178,0.000428,0.000867,0.000665,3e-05
1520,258,608,350,350,0,0,0,33,5.962045,0.0,8447.079182,304.008734,2970.029221,2377.175953,915.17,1520,4,84,1896960.0,173497.176,1597.5548,638.8994,8.2247,0.0,0.0,0.0,96,0.034884,1.00631,0.499221,0.498793,1.004589,0.400623,0.306572,0.301179,0.503221,0.04989,0.202941,0.300956,0.501487,0.400531,0.049961,0.002334,0.000812,0.001105,0.002839,0.000568,0.00037,0.000207,0.00084,9e-06,0.000179,0.000441,0.000827,0.000664,3.1e-05
1540,256,612,356,356,0,0,0,35,6.035673,0.0,8430.884961,303.009085,2970.955242,2377.194501,933.31,1540,4,84,1921920.0,176106.531,1616.5095,645.0666,8.4513,0.0,0.0,0.0,96,0.035156,1.005484,0.498884,0.499008,1.004652,0.400202,0.306278,0.301018,0.503614,0.049956,0.202786,0.301044,0.501788,0.401292,0.049835,0.002332,0.00079,0.0011,0.002784,0.000562,0.000354,0.000206,0.000865,8e-06,0.000173,0.00043,0.000836,0.000672,2.9e-05
1560,254,619,365,365,0,0,0,34,7.041109,0.0,8408.544711,300.389102,2972.56979,2377.108607,949.58,1560,4,84,1946880.0,178710.921,1635.5659,652.5306,9.2537,0.0,0.0,0.0,12,0.031496,1.004786,0.499075,0.498095,1.004807,0.399895,0.30675,0.300416,0.504354,0.049957,0.202563,0.301261,0.500814,0.400898,0.049983,0.002338,0.000786,0.00105,0.002691,0.000545,0.000364,0.000221,0.000867,8e-06,0.000167,0.00042,0.000863,0.000659,3e-05
1580,253,627,374,374,0,0,0,36,8.885484,0.0,8415.328547,296.530858,2974.583657,2375.881515,965.56,1580,4,84,1971840.0,181324.782,1656.256,659.7986,9.2537,0.0,0.0,0.0,12,0.031621,1.003072,0.499035,0.497601,1.002907,0.399804,0.306004,0.300493,0.505023,0.049852,0.202635,0.30144,0.500121,0.400829,0.050244,0.002367,0.000813,0.000963,0.002804,0.000561,0.00034,0.000221,0.000884,8e-06,0.00016,0.000396,0.000813,0.000683,2.9e-05
1600,260,634,374,374,0,0,0,29,4.595094,0.0,8446.243967,304.753224,2970.651681,2374.458806,959.28,1600,4,84,1996800.0,183959.532,1678.2433,667.876,9.3986,0.0,0.0,0.0,12,0.030769,1.002652,0.4995,0.497344,1.003985,0.400459,0.306183,0.300677,0.505496,0.049775,0.202498,0.301775,0.500314,0.400219,0.050237,0.002378,0.000896,0.000948,0.002936,0.000586,0.000352,0.000228,0.000889,8e-06,0.000158,0.000396,0.000814,0.000689,3e-05
1620,259,638,379,379,0,0,0,30,4.882463,0.0,8450.075776,306.084351,2969.033187,2373.661935,979.18,1620,4,84,2021760.0,186594.282,1700.4466,675.3466,9.3986,0.0,0.0,0.0,50,0.034749,1.001616,0.500068,0.497442,1.004477,0.400287,0.306161,0.300767,0.505978,0.049828,0.202528,0.301998,0.500376,0.400086,0.050208,0.002396,0.000899,0.000959,0.00295,0.00059,0.000352,0.00024,0.000886,8e-06,0.000153,0.00038,0.000803,0.000705,2.9e-05
1640,260,645,385,385,0,0,0,30,6.401349,0.0,8450.147304,305.538671,2968.05998,2373.269411,985.49,1640,4,84,2046720.0,189235.9575,1722.6499,681.8727,9.4651,0.0,0.0,0.0,50,0.034615,1.001547,0.500462,0.496776,1.004202,0.39984,0.306406,0.300996,0.506746,0.049848,0.202864,0.302333,0.500423,0.399867,0.050256,0.002288,0.000923,0.00097,0.002996,0.000578,0.000343,0.000265,0.000909,8e-06,0.000163,0.000396,0.000917,0.00072,3e-05
1660,264,654,390,390,0,0,0,28,4.355202,0.0,8452.112221,305.984617,2969.660181,2373.072538,986.84,1660,4,84,2071680.0,191886.0975,1744.8533,688.5853,9.4651,0.0,0.0,0.0,42,0.034091,1.000985,0.500053,0.497763,1.002362,0.40059,0.306431,0.300906,0.507543,0.049869,0.202744,0.302036,0.500283,0.399879,0.050373,0.002332,0.000924,0.001003,0.002886,0.000595,0.000344,0.000269,0.000958,8e-06,0.000158,0.000398,0.000915,0.000713,3e-05
1680,262,658,396,396,0,0,0,30,5.100271,0.0,8448.038027,307.968155,2966.931574,2372.841227,1002.4,1680,4,84,2096640.0,194536.2375,1767.1974,697.7453,9.5202,0.0,0.0,0.0,42,0.034351,1.00195,0.50015,0.498155,1.001658,0.400269,0.306449,0.300951,0.507471,0.049885,0.202721,0.301899,0.499578,0.400074,0.050492,0.00243,0.000929,0.001015,0.002985,0.000622,0.000345,0.000276,0.000983,8e-06,0.000157,0.000399,0.000898,0.00073,3.1e-05
1700,258,663,405,405,0,0,0,35,8.271074,0.0,8444.852412,304.151643,2967.577282,2371.490184,1027.27,1700,4,84,2121600.0,197197.9185,1791.127,704.4475,9.8794,0.0,0.0,0.0,12,0.031008,1.002139,0.500774,0.497874,1.000338,0.400428,0.306238,0.301513,0.506946,0.049907,0.202428,0.301764,0.499804,0.400729,0.050566,0.002509,0.000914,0.001028,0.003004,0.00061,0.000316,0.000269,0.000945,8e-06,0.000156,0.0004,0.000882,0.000767,3.1e-05
1720,257,671,414,414,0,0,0,31,6.918411,0.0,8518.78466,300.744468,2972.33712,2369.768775,1040.17,1720,4,84,2146560.0,199872.9585,1816.3524,711.3237,10.1668,0.0,0.0,0.0,12,0.031128,1.003698,0.501502,0.496813,1.000288,0.40039,0.306059,0.301879,0.506573,0.049909,0.202357,0.301532,0.499724,0.401213,0.05071,0.002635,0.000938,0.001047,0.002896,0.000612,0.000319,0.000282,0.000921,8e-06,0.00016,0.000412,0.00088,0.000741,3.3e-05
1740,261,680,419,419,0,0,0,30,7.502281,0.0,8560.883286,303.39103,2969.106689,2368.040369,1031.84,1740,4,84,2171520.0,202547.9985,1842.5388,719.7255,10.3469,0.0,0.0,0.0,12,0.030651,1.003817,0.500539,0.497141,1.0007,0.399972,0.30631,0.301761,0.506868,0.049803,0.202393,0.301722,0.499826,0.401002,0.050845,0.002809,0.000918,0.00106,0.003077,0.000624,0.00035,0.000289,0.000974,7e-06,0.000166,0.000431,0.000942,0.000741,3.3e-05
1760,261,688,427,427,0,0,0,26,7.260614,0.0,8583.819942,305.965199,2966.774186,2366.942462,1036.05,1760,4,84,2196480.0,205223.0385,1868.7464,731.1785,10.9833,0.0,0.0,0.0,12,0.030651,1.0037,0.499838,0.497149,0.999961,0.399451,0.306275,0.301701,0.507009,0.049829,0.202133,0.302005,0.500097,0.401765,0.05082,0.002857,0.00087,0.001128,0.003039,0.000609,0.000348,0.000284,0.00099,7e-06,0.000161,0.000446,0.000974,0.00072,3.3e-05
1780,263,696,433,433,0,0,0,28,6.251845,0.0,8609.662331,308.376385,2965.37177,2366.220729,1041.55,1780,4,84,2221440.0,207905.85,1894.954,740.591,11.1919,0.0,0.0,0.0,12,0.030418,1.002795,0.499758,0.498611,1.000641,0.399999,0.306808,0.301679,0.507026,0.049822,0.202575,0.301394,0.500841,0.401541,0.050832,0.002943,0.000866,0.001202,0.003066,0.000618,0.000356,0.000285,0.000977,7e-06,0.000183,0.000469,0.00094,0.00072,3.3e-05
1800,262,702,440,440,0,0,0,31,9.374894,0.0,8606.384656,309.761689,2960.863417,2368.845196,1045.24,1800,4,83,2246400.0,210591.048,1916.9734,749.4167,11.8615,0.0,0.0,0.0,42,0.030534,1.003967,0.500081,0.499283,1.001651,0.399877,0.307082,0.301371,0.506727,0.049745,0.202554,0.301474,0.500977,0.401859,0.050889,0.002988,0.000886,0.001214,0.00321,0.000659,0.000384,0.000297,0.000973,7e-06,0.000191,0.000465,0.000966,0.000721,3.3e-05
1820,262,705,443,443,0,0,0,30,7.05528,0.0,8607.809543,312.031646,2960.913073,2370.005354,1058.16,1820,4,83,2271360.0,213270.288,1938.9927,755.3137,11.928,0.0,0.0,0.0,42,0.030534,1.003065,0.500469,0.499461,1.002013,0.399846,0.30701,0.30122,0.506256,0.049751,0.202665,0.301254,0.50087,0.401506,0.050837,0.003026,0.000855,0.001198,0.003358,0.000639,0.00038,0.0003,0.000924,7e-06,0.000189,0.000453,0.000974,0.000737,3.3e-05
1840,263,713,450,450,0,0,0,34,8.174455,0.0,8595.304653,310.978369,2960.847176,2370.440858,1061.57,1840,4,83,2296320.0,215949.528,1961.012,762.4253,12.1061,0.0,0.0,0.0,80,0.034221,1.003522,0.500585,0.498914,1.001849,0.400137,0.307257,0.3013,0.50564,0.049769,0.20306,0.30121,0.501023,0.40127,0.050899,0.003087,0.000885,0.001293,0.003435,0.000662,0.000381,0.000298,0.000852,8e-06,0.000206,0.000485,0.000995,0.000724,3.3e-05
1860,260,718,458,458,0,0,0,34,8.273743,0.0,8603.021515,308.299668,2963.426588,2370.565174,1075.72,1860,4,83,2321280.0,218628.768,1983.0313,768.5729,12.7758,0.0,0.0,0.0,80,0.034615,1.002948,0.500432,0.49884,0.999856,0.399748,0.307417,0.301203,0.505501,0.049714,0.203189,0.300971,0.501075,0.401672,0.050874,0.002933,0.000922,0.001299,0.003409,0.000655,0.000381,0.000285,0.000824,8e-06,0.000213,0.000477,0.00104,0.000752,3.3e-05
1880,266,729,463,463,0,0,0,34,7.641403,0.0,8621.663518,309.953844,2962.404753,2370.570375,1067.48,1880,4,83,2346240.0,221321.778,2005.0507,775.5666,13.3314,0.0,0.0,0.0,80,0.037594,1.003001,0.500216,0.498816,0.999971,0.400671,0.307757,0.300602,0.50558,0.049768,0.203274,0.30039,0.500803,0.401101,0.050856,0.002868,0.000955,0.001313,0.003484,0.000674,0.000396,0.000287,0.000873,8e-06,0.000234,0.000479,0.001023,0.000758,3.3e-05
1900,261,731,470,470,0,0,0,35,7.982774,0.0,8652.731363,308.600187,2963.417039,2370.537432,1090.66,1900,4,83,2371200.0,224023.968,2027.07,782.4558,13.4742,0.0,0.0,0.0,80,0.034483,1.002863,0.500482,0.499353,0.99918,0.400511,0.308152,0.300675,0.505371,0.049822,0.203237,0.30034,0.500459,0.40131,0.050643,0.0029,0.000933,0.001278,0.003444,0.000681,0.000398,0.000293,0.000899,8e-06,0.000223,0.000479,0.001028,0.000774,3.3e-05
1920,269,743,474,474,0,0,0,33,8.116438,0.0,8644.570726,312.929032,2958.95453,2370.497835,1074.54,1920,4,83,2396160.0,226726.158,2049.0893,791.1497,14.0116,0.0,0.0,0.0,80,0.033457,1.003209,0.501913,0.500118,0.999369,0.400501,0.308229,0.300489,0.50504,0.049838,0.203253,0.300769,0.501694,0.401258,0.050631,0.002764,0.001095,0.001274,0.003357,0.000709,0.000405,0.000294,0.000936,9e-06,0.00022,0.000489,0.001057,0.000849,3.1e-05
1940,270,749,479,479,0,0,0,35,6.221146,0.0,8627.916013,315.86537,2957.913484,2370.462415,1080.34,1940,4,83,2421120.0,229428.348,2071.1086,800.0449,14.0116,0.0,0.0,0.0,80,0.037037,1.003511,0.502162,0.499853,1.000988,0.400524,0.308308,0.300277,0.50516,0.049833,0.203487,0.301217,0.501322,0.401159,0.050526,0.002807,0.0011,0.001282,0.003307,0.000745,0.000404,0.000308,0.000967,9e-06,0.000226,0.00049,0.001081,0.00085,3.3e-05
1960,265,752,487,487,0,0,0,37,6.907146,0.0,8613.855727,314.877526,2958.215329,2370.433859,1109.38,1960,4,83,2446080.0,232130.538,2093.1279,808.6822,14.0116,0.0,0.0,0.0,80,0.033962,1.003944,0.502517,0.499831,1.000865,0.400038,0.308297,0.300362,0.505553,0.049908,0.203269,0.301671,0.501268,0.401323,0.05051,0.00293,0.001099,0.001228,0.003257,0.000731,0.000395,0.000293,0.000951,9e-06,0.000208,0.000475,0.00108,0.000892,3.1e-05
1980,269,762,493,493,0,0,0,39,7.791349,0.0,8621.119821,315.173257,2957.035394,2370.411911,1092.08,1980,4,83,2471040.0,234864.9255,2115.1473,816.3293,14.0116,0.0,0.0,0.0,20,0.02974,1.003927,0.502518,0.498892,0.999723,0.399343,0.307882,0.300168,0.505217,0.049906,0.203193,0.300985,0.502322,0.401532,0.050379,0.003319,0.001104,0.00122,0.003392,0.000727,0.000391,0.000316,0.000974,8e-06,0.000209,0.000468,0.001177,0.000902,3.2e-05
2000,270,769,499,499,0,0,0,41,8.414805,0.0,8611.630404,317.468942,2954.116253,2371.906978,1098.25,2000,4,83,2496000.0,237606.7155,2135.3799,825.5303,14.0116,0.0,0.0,0.0,20,0.02963,1.005432,0.502165,0.499359,0.999158,0.399727,0.307467,0.300758,0.504741,0.049929,0.203433,0.300939,0.502524,0.40141,0.050378,0.003571,0.001086,0.00123,0.003223,0.000708,0.0004,0.000315,0.000967,8e-06,0.000203,0.000454,0.001175,0.000904,3.1e-05
2020,269,777,508,508,0,0,0,46,10.278997,0.0,8598.737721,315.990359,2953.730644,2373.469399,1110.8,2020,5,83,2520960.0,240348.5055,2154.1506,834.5465,14.2333,0.0,0.0,0.0,96,0.033457,1.005992,0.50169,0.498359,0.998743,0.399678,0.307034,0.300432,0.504741,0.049864,0.203216,0.301031,0.502409,0.401203,0.050432,0.003622,0.001111,0.001234,0.00324,0.000743,0.000411,0.000323,0.000932,8e-06,0.000206,0.000445,0.001191,0.000922,3.4e-05
2040,272,786,514,514,0,0,0,45,10.268267,0.0,8581.636296,319.09542,2950.636313,2374.595466,1105.18,2040,5,83,2545920.0,243099.5835,2172.2952,843.815,14.9589,0.0,0.0,0.0,96,0.033088,1.008062,0.502046,0.498062,0.998448,0.400033,0.307454,0.300845,0.506022,0.0499,0.203219,0.300974,0.503358,0.401385,0.050553,0.003583,0.001124,0.001234,0.003203,0.000755,0.000418,0.000326,0.001022,8e-06,0.000209,0.000442,0.001282,0.000905,3.5e-05
2060,268,791,523,523,0,0,0,48,10.781368,0.0,8568.944474,317.780649,2951.437983,2374.659711,1135.49,2060,5,83,2570880.0,245852.9835,2191.0593,852.7658,15.3429,0.0,0.0,0.0,96,0.033582,1.009193,0.502646,0.497674,0.998431,0.39982,0.30722,0.300852,0.505113,0.049876,0.203162,0.300525,0.504196,0.402253,0.050618,0.003505,0.001132,0.001149,0.00314,0.000729,0.000397,0.000325,0.00101,8e-06,0.000206,0.00042,0.00129,0.000897,3.5e-05
2080,269,799,530,530,0,0,0,44,7.655853,0.0,8586.387967,317.052158,2955.291989,2374.684988,1145.81,2080,5,83,2595840.0,248611.917,2209.83,860.0235,15.8742,0.0,0.0,0.0,96,0.033457,1.00878,0.502792,0.49722,1.000286,0.399747,0.307505,0.301111,0.505848,0.049896,0.202514,0.300446,0.503693,0.402746,0.050532,0.003362,0.001122,0.001078,0.003294,0.000718,0.000399,0.000331,0.000995,8e-06,0.000183,0.000397,0.001305,0.000879,3.7e-05
2100,266,806,540,540,0,0,0,45,12.257512,0.0,8603.267715,312.477803,2955.264685,2374.69494,1170.17,2100,5,83,2620800.0,251381.127,2228.6007,867.7116,15.9814,0.0,0.0,0.0,20,0.033835,1.008229,0.502689,0.497996,1.000518,0.400829,0.307763,0.30054,0.506292,0.04979,0.202778,0.300181,0.502863,0.402879,0.050533,0.003226,0.001138,0.001141,0.003191,0.000732,0.000389,0.000324,0.000988,8e-06,0.000177,0.000391,0.001238,0.000907,3.7e-05
2120,265,811,546,546,0,0,0,43,11.693951,0.0,8649.376196,313.173146,2955.132903,2374.698288,1191.13,2120,5,83,2645760.0,254150.337,2247.3714,875.7989,15.9814,0.0,0.0,0.0,20,0.033962,1.007684,0.502071,0.498644,0.99953,0.400548,0.308073,0.300075,0.506542,0.049755,0.203125,0.299695,0.502579,0.402545,0.05063,0.003139,0.001157,0.001215,0.003227,0.000748,0.000395,0.000317,0.001005,8e-06,0.000183,0.000404,0.001282,0.000903,3.8e-05
2140,267,820,553,553,0,0,0,46,9.898669,0.0,8710.361881,314.753326,2955.348005,2374.698996,1196.87,2140,5,83,2670720.0,256940.58,2266.1422,885.6791,15.9834,0.0,0.0,0.0,12,0.033708,1.008725,0.501447,0.498278,1.001856,0.400075,0.308255,0.300402,0.505708,0.049841,0.20283,0.29974,0.501608,0.402929,0.050663,0.003188,0.001081,0.001196,0.003432,0.000801,0.000399,0.000332,0.001019,8e-06,0.000189,0.000405,0.001219,0.000905,3.7e-05
2160,270,828,558,558,0,0,0,46,9.665269,0.0,8755.031599,317.756509,2952.578223,2375.005105,1196.2,2160,5,83,2695680.0,259733.16,2284.5702,894.5268,16.1267,0.0,0.0,0.0,12,0.033333,1.008759,0.501519,0.498868,1.002222,0.399443,0.30784,0.300506,0.504985,0.049901,0.202279,0.299429,0.501368,0.403573,0.050639,0.003208,0.001059,0.001197,0.003461,0.000793,0.000414,0.000334,0.001001,8e-06,0.000196,0.00038,0.001195,0.000907,3.7e-05
2180,273,835,562,562,0,0,0,43,8.48545,0.0,8777.624294,321.274837,2950.239713,2374.976987,1195.22,2180,5,83,2720640.0,262527.279,2303.0508,902.79,16.1267,0.0,0.0,0.0,12,0.032967,1.007516,0.501601,0.499312,1.00066,0.399564,0.308063,0.300624,0.504465,0.049864,0.20247,0.298869,0.501417,0.404043,0.050712,0.003269,0.001038,0.001204,0.003762,0.000819,0.000422,0.000344,0.000981,8e-06,0.000198,0.000395,0.001214,0.000943,3.8e-05
2200,267,838,571,571,0,0,0,46,9.767233,0.0,8826.447861,317.311364,2952.921403,2374.815648,1230.62,2200,4,83,2745600.0,265335.249,2321.8216,910.154,16.1744,0.0,0.0,0.0,12,0.033708,1.005956,0.500873,0.499113,1.002063,0.400336,0.308208,0.300904,0.504569,0.0498,0.202582,0.298659,0.501841,0.403505,0.050735,0.00308,0.000977,0.001222,0.003694,0.000843,0.000411,0.000341,0.000985,8e-06,0.000198,0.000396,0.001177,0.000966,3.8e-05
2220,274,850,576,576,0,0,0,45,7.511429,0.0,8883.205302,319.572199,2952.916372,2374.747303,1206.97,2220,4,83,2770560.0,268145.9055,2340.5923,918.4073,16.1744,0.0,0.0,0.0,67,0.036496,1.006042,0.500788,0.500477,1.001723,0.400742,0.308746,0.301451,0.504508,0.049786,0.202251,0.298502,0.501329,0.403119,0.050559,0.003014,0.000953,0.00133,0.003743,0.000871,0.000418,0.000351,0.000985,8e-06,0.000203,0.00042,0.001235,0.001036,4e-05
2240,271,853,582,582,0,0,0,41,8.036498,0.0,8946.404214,320.562489,2951.401013,2374.718191,1236.2,2240,4,83,2795520.0,270971.7855,2359.363,926.5205,16.3452,0.0,0.0,0.0,12,0.03321,1.006328,0.500899,0.50061,1.001968,0.400561,0.308914,0.30107,0.503887,0.049786,0.202305,0.298654,0.501159,0.40233,0.050394,0.002937,0.00096,0.001331,0.003634,0.000847,0.000418,0.000337,0.000939,8e-06,0.000203,0.000426,0.001229,0.001022,3.8e-05
2260,269,857,588,588,0,0,0,39,6.673441,0.0,9023.504687,319.620909,2953.70565,2374.705725,1255.84,2260,4,83,2820480.0,273797.6655,2378.1338,932.8937,16.3452,0.0,0.0,0.0,12,0.033457,1.005739,0.501262,0.501201,1.001933,0.400398,0.308977,0.300452,0.504237,0.049727,0.202435,0.298846,0.501191,0.401817,0.050421,0.002872,0.000984,0.001328,0.003596,0.000862,0.000426,0.000341,0.000968,8e-06,0.000204,0.000423,0.001258,0.001032,3.8e-05
2280,272,866,594,594,0,0,0,40,9.550904,0.0,9086.876573,318.398317,2952.050779,2374.63755,1256.54,2280,5,83,2845440.0,276630.4425,2396.9696,938.5608,16.4268,0.0,0.0,0.0,61,0.036765,1.005228,0.50109,0.501711,1.000242,0.400324,0.309032,0.300524,0.504476,0.049608,0.202398,0.298847,0.501529,0.403222,0.050638,0.002847,0.000981,0.001366,0.003775,0.000869,0.000423,0.000343,0.000961,9e-06,0.000202,0.000425,0.001241,0.001143,3.8e-05
2300,275,873,598,598,0,0,0,38,7.647972,0.0,9158.161508,322.672733,2949.679295,2373.877411,1259.62,2300,5,83,2870400.0,279483.7425,2416.762,947.7352,16.4268,0.0,0.0,0.0,61,0.036364,1.005519,0.500897,0.502569,0.998183,0.400902,0.308681,0.300544,0.504081,0.049572,0.202684,0.298623,0.50083,0.403001,0.050519,0.002877,0.000925,0.001358,0.003791,0.000905,0.000436,0.000334,0.000947,9e-06,0.000205,0.000441,0.001243,0.001137,3.8e-05
2320,272,879,607,607,0,0,0,44,10.287701,0.0,9209.960492,319.990965,2949.721334,2372.071007,1280.53,2320,5,83,2895360.0,282337.0425,2438.6458,955.6747,16.6852,0.0,0.0,0.0,61,0.036765,1.006111,0.500954,0.502068,0.999185,0.400688,0.308376,0.301235,0.504248,0.049577,0.202259,0.298472,0.499988,0.402391,0.050573,0.003078,0.000899,0.001328,0.003989,0.000878,0.000426,0.000348,0.000925,9e-06,0.000204,0.000453,0.001139,0.001126,3.8e-05
2340,269,885,616,616,0,0,0,42,6.969434,0.0,9310.041101,316.94504,2956.085526,2370.901268,1292.23,2340,5,83,2920320.0,285190.3425,2461.0675,963.2793,16.8322,0.0,0.0,0.0,61,0.037175,1.005677,0.500811,0.502253,0.998468,0.400164,0.307938,0.301158,0.504261,0.049539,0.202107,0.298801,0.499744,0.401993,0.050473,0.003111,0.000913,0.001308,0.003492,0.000844,0.000418,0.000338,0.000912,9e-06,0.000203,0.000457,0.001145,0.001127,3.9e-05
2360,272,892,620,620,0,0,0,41,7.851372,0.0,9396.875995,320.850556,2951.298072,2370.32613,1285.85,2360,5,82,2945280.0,288034.209,2483.4891,972.0935,16.8322,0.0,0.0,0.0,61,0.036765,1.004951,0.500296,0.501222,0.99744,0.400794,0.307816,0.300949,0.505017,0.049537,0.202393,0.298869,0.49989,0.401903,0.050557,0.003303,0.000953,0.001351,0.003505,0.000848,0.000417,0.000356,0.000918,9e-06,0.000231,0.000447,0.001157,0.001125,4.1e-05
2380,271,895,624,624,0,0,0,40,6.529354,0.0,9471.127373,322.63867,2950.831976,2370.036286,1307.54,2380,5,82,2970240.0,290877.579,2505.9107,978.5579,16.9549,0.0,0.0,0.0,61,0.0369,1.005035,0.500043,0.500969,0.996585,0.40088,0.307683,0.30023,0.505476,0.0495,0.202616,0.29923,0.499692,0.401873,0.05067,0.003402,0.00096,0.001307,0.003513,0.000847,0.000407,0.000348,0.000957,9e-06,0.000229,0.000438,0.001161,0.001122,4.1e-05
2400,277,902,625,625,0,0,0,37,5.765496,0.0,9517.971419,326.783817,2947.450687,2369.888185,1298.44,2400,5,82,2995200.0,293720.949,2528.3323,983.8198,16.9549,0.0,0.0,0.0,61,0.036101,1.004785,0.500244,0.501356,0.996837,0.400847,0.307745,0.300195,0.505787,0.049487,0.202298,0.299136,0.499789,0.402009,0.050511,0.003454,0.000989,0.001303,0.003484,0.000837,0.000407,0.00035,0.001027,9e-06,0.00023,0.000438,0.001137,0.001108,4.1e-05
2420,280,912,632,632,0,0,0,38,6.439299,0.0,9534.877526,326.793199,2946.767502,2370.080646,1295.29,2420,5,82,3020160.0,296565.0255,2550.4602,991.8454,17.4295,0.0,0.0,0.0,61,0.039286,1.004888,0.499493,0.500609,0.997151,0.400368,0.307316,0.29994,0.506316,0.049474,0.20231,0.29928,0.499832,0.402205,0.050522,0.003551,0.001023,0.001282,0.003576,0.000851,0.000422,0.000355,0.000994,8e-06,0.000224,0.000434,0.001094,0.00112,4.1e-05
2440,282,921,639,639,0,0,0,39,8.004827,0.0,9542.649563,329.103308,2942.891865,2370.063407,1302.2,2440,5,82,3045120.0,299426.0235,2572.5427,1002.6203,17.6962,0.0,0.0,0.0,61,0.042553,1.003579,0.499239,0.50018,0.998173,0.400341,0.306949,0.299789,0.505766,0.049539,0.202507,0.298759,0.500612,0.403053,0.050457,0.003622,0.001042,0.001277,0.003535,0.000828,0.000414,0.000357,0.000973,9e-06,0.000221,0.000449,0.001144,0.001125,4.1e-05
2460,286,930,644,644,0,0,0,36,5.800913,0.0,9534.975538,334.42002,2939.779067,2369.874947,1291.76,2460,5,82,3070080.0,302301.0135,2594.9644,1013.2781,18.286,0.0,0.0,0.0,61,0.041958,1.003904,0.500327,0.500012,0.99845,0.401027,0.307554,0.299912,0.504966,0.049525,0.202795,0.29881,0.500877,0.403297,0.050273,0.003809,0.00104,0.001284,0.003528,0.000802,0.000413,0.000352,0.001025,8e-06,0.000215,0.000451,0.001198,0.001116,4.2e-05
2480,287,934,647,647,0,0,0,36,4.646881,0.0,9484.972232,340.409423,2934.943696,2369.793366,1303.8,2480,5,82,3095040.0,305176.0035,2617.386,1022.8744,18.286,0.0,0.0,0.0,61,0.041812,1.00396,0.499892,0.499744,0.999852,0.401105,0.307705,0.299841,0.504882,0.049495,0.202703,0.298738,0.500829,0.402522,0.050207,0.003784,0.00104,0.001305,0.003626,0.000809,0.000415,0.00034,0.001028,8e-06,0.000214,0.000443,0.001151,0.001121,4.2e-05
2500,287,937,650,650,0,0,0,35,4.662065,0.0,9430.140474,341.501079,2933.836856,2369.757762,1320.4,2500,5,82,3120000.0,308050.9935,2639.8076,1027.4879,18.3581,0.0,0.0,0.0,61,0.041812,1.003673,0.499432,0.499819,0.999879,0.401171,0.307668,0.299777,0.504848,0.04947,0.202799,0.298975,0.50072,0.402811,0.050259,0.003712,0.001067,0.001319,0.003622,0.000809,0.000415,0.000347,0.001038,8e-06,0.000213,0.000441,0.001183,0.001125,4.2e-05
2520,285,944,659,659,0,0,0,33,5.841123,0.0,9394.716874,336.833423,2937.325454,2369.742113,1334.26,2520,5,82,3144960.0,310925.9835,2662.2292,1033.0443,18.4974,0.0,0.0,0.0,61,0.042105,1.005206,0.499732,0.498996,1.000157,0.400745,0.307835,0.299379,0.504527,0.04956,0.202851,0.299516,0.500886,0.402954,0.05035,0.003717,0.001163,0.001341,0.003624,0.000772,0.000454,0.000342,0.001097,8e-06,0.000209,0.000445,0.001189,0.001148,4.4e-05
2540,285,952,667,667,0,0,0,31,5.735943,0.0,9379.321758,334.443699,2939.820359,2369.735184,1346.64,2540,5,82,3169920.0,313800.9735,2684.6508,1040.0672,19.0475,0.0,0.0,0.0,61,0.038596,1.00434,0.499575,0.49993,0.998267,0.4011,0.308016,0.299227,0.504014,0.049514,0.202964,0.298678,0.500951,0.40318,0.050431,0.003552,0.001123,0.001377,0.003677,0.000768,0.000452,0.00031,0.001046,8e-06,0.000196,0.000437,0.001181,0.001152,4.4e-05
2560,287,959,672,672,0,0,0,31,7.606452,0.0,9338.328665,336.978087,2935.415461,2369.370197,1351.9,2560,5,82,3194880.0,316675.9635,2707.4911,1048.4804,19.0475,0.0,0.0,0.0,61,0.038328,1.005212,0.499774,0.500008,0.997384,0.400834,0.308357,0.299002,0.50369,0.049629,0.202786,0.299322,0.501259,0.403812,0.050476,0.00346,0.001197,0.001383,0.003735,0.000799,0.000439,0.000311,0.001024,8e-06,0.000198,0.000455,0.001224,0.001142,4.5e-05
2580,285,964,679,679,0,0,0,29,7.503137,0.0,9305.741031,337.018546,2935.478318,2367.993395,1376.72,2580,5,82,3219840.0,319559.4315,2732.1057,1056.844,19.6412,0.0,0.0,0.0,61,0.038596,1.003316,0.498472,0.500284,0.99581,0.400669,0.308309,0.299198,0.504069,0.049617,0.202807,0.299058,0.500925,0.40376,0.050365,0.003451,0.001224,0.001381,0.003787,0.000797,0.000454,0.000313,0.001013,7e-06,0.000199,0.000462,0.001205,0.001156,4.7e-05
2600,283,973,690,690,0,0,0,30,6.764152,0.0,9331.618045,330.533243,2942.702605,2368.676401,1392.77,2600,5,82,3244800.0,322467.2475,2755.2797,1063.3032,19.6712,0.0,0.0,0.0,61,0.031802,1.006088,0.497939,0.500189,0.997158,0.400471,0.308838,0.299291,0.504477,0.049672,0.202677,0.299277,0.501136,0.404178,0.050092,0.003913,0.001222,0.001365,0.003768,0.000787,0.00043,0.000314,0.001011,7e-06,0.000199,0.000462,0.001167,0.001184,4.4e-05
2620,284,980,696,696,0,0,0,28,6.565648,0.0,9365.644052,332.158232,2941.27612,2369.544971,1400.24,2620,5,82,3269760.0,325379.7375,2777.4902,1072.1533,19.6712,0.0,0.0,0.0,67,0.03169,1.005218,0.49802,0.500199,0.998178,0.400859,0.308388,0.299253,0.504267,0.04971,0.202714,0.299331,0.501084,0.404201,0.050253,0.003933,0.001249,0.001353,0.003751,0.000809,0.000412,0.000317,0.000985,8e-06,0.000197,0.000456,0.001178,0.00113,4.4e-05
2640,285,985,700,700,0,0,0,29,6.763654,0.0,9388.568204,336.583132,2936.653213,2369.906133,1404.61,2640,5,82,3294720.0,328300.23,2799.7008,1081.0749,19.7197,0.0,0.0,0.0,67,0.031579,1.005473,0.498101,0.500181,0.998677,0.400707,0.308591,0.299326,0.504124,0.049762,0.202674,0.299187,0.500451,0.403639,0.050199,0.003847,0.001244,0.001348,0.003766,0.000826,0.000414,0.000316,0.000985,8e-06,0.000196,0.000463,0.00116,0.001151,4.4e-05
2660,283,991,708,708,0,0,0,32,7.9279,0.0,9420.307582,335.002764,2937.069335,2370.039463,1419.73,2660,5,81,3319680.0,331227.27,2821.9114,1088.8508,19.7726,0.0,0.0,0.0,12,0.028269,1.006441,0.498319,0.499465,0.998741,0.400285,0.307848,0.299423,0.504599,0.049803,0.202586,0.299419,0.500815,0.403865,0.050532,0.003915,0.001245,0.001313,0.003866,0.000879,0.000407,0.000318,0.000975,8e-06,0.000194,0.000456,0.001168,0.001169,4.6e-05
2680,282,995,713,713,0,0,0,31,6.425168,0.0,9466.097432,335.375101,2938.199731,2370.082397,1434.2,2680,5,81,3344640.0,334161.78,2844.1219,1095.3341,20.0555,0.0,0.0,0.0,67,0.031915,1.005601,0.498237,0.499877,0.998106,0.400387,0.308101,0.299721,0.505167,0.049808,0.202771,0.299525,0.501385,0.403556,0.05042,0.003814,0.001271,0.001357,0.003834,0.000886,0.00041,0.000321,0.000958,8e-06,0.000196,0.000467,0.001188,0.001159,4.6e-05
2700,284,1002,718,718,0,0,0,33,7.134831,0.0,9511.580228,334.702944,2938.162225,2370.092886,1425.05,2700,5,81,3369600.0,337101.27,2866.3325,1100.7179,20.0555,0.0,0.0,0.0,67,0.03169,1.005533,0.497832,0.500461,0.998204,0.400204,0.307767,0.299619,0.504421,0.049782,0.202739,0.299889,0.501973,0.403881,0.050494,0.004128,0.001258,0.001379,0.003924,0.000891,0.000421,0.000331,0.000949,8e-06,0.000204,0.000448,0.001258,0.001172,4.6e-05
2720,285,1006,721,721,0,0,0,32,6.221922,0.0,9554.311816,337.486534,2936.291545,2370.093206,1437.31,2720,5,81,3394560.0,340040.76,2888.5431,1106.863,20.0555,0.0,0.0,0.0,67,0.031579,1.005625,0.497347,0.500283,0.997905,0.400169,0.307756,0.299885,0.504514,0.049767,0.20273,0.300122,0.502032,0.403611,0.050501,0.004084,0.001247,0.00136,0.004057,0.000888,0.000424,0.000338,0.000904,8e-06,0.000205,0.000442,0.001263,0.001191,4.6e-05
2740,287,1015,728,728,0,0,0,33,7.031831,0.0,9588.427485,336.553449,2936.41472,2370.091179,1437.08,2740,5,81,3419520.0,342988.224,2910.7536,1114.587,20.0555,0.0,0.0,0.0,67,0.031359,1.00691,0.497514,0.500398,0.999724,0.400252,0.307825,0.300068,0.504227,0.049856,0.20229,0.300178,0.502915,0.402933,0.050476,0.004215,0.001227,0.001308,0.004242,0.000839,0.000424,0.000315,0.000952,8e-06,0.000198,0.000446,0.001215,0.001132,4.5e-05
2760,287,1024,737,737,0,0,0,37,8.084051,0.0,9631.941164,335.780242,2936.135708,2370.089197,1441.64,2760,5,81,3444480.0,345951.639,2932.9642,1124.6841,20.2235,0.0,0.0,0.0,67,0.031359,1.006565,0.498018,0.500974,0.998884,0.399857,0.308292,0.299531,0.504418,0.049917,0.202614,0.299909,0.501497,0.403121,0.050534,0.004264,0.001289,0.001378,0.004194,0.000839,0.000436,0.000341,0.000984,9e-06,0.000211,0.000461,0.001237,0.00116,4.7e-05
2780,288,1031,743,743,0,0,0,35,6.393645,0.0,9692.015269,338.242705,2935.36365,2370.087775,1442.99,2780,5,81,3469440.0,348925.689,2955.1748,1134.3663,20.4307,0.0,0.0,0.0,61,0.03125,1.005171,0.498956,0.5014,0.999691,0.399397,0.30814,0.29971,0.50434,0.049933,0.202251,0.300409,0.502277,0.403768,0.050465,0.004332,0.001313,0.00139,0.004533,0.000843,0.000436,0.000346,0.001039,8e-06,0.000218,0.000465,0.001216,0.001181,4.7e-05
2800,287,1036,749,749,0,0,0,35,5.713792,0.0,9739.368698,340.135089,2934.151119,2370.086872,1460.8,2800,5,81,3494400.0,351899.739,2977.3853,1143.1497,20.7765,0.0,0.0,0.0,61,0.031359,1.004579,0.49855,0.502606,0.99919,0.399092,0.307803,0.299941,0.504068,0.049949,0.20198,0.300308,0.502054,0.403488,0.050337,0.004285,0.00127,0.001355,0.004412,0.000837,0.000411,0.000331,0.000997,8e-06,0.000199,0.000464,0.001207,0.001179,4.7e-05
2820,292,1044,752,752,0,0,0,36,6.803047,0.0,9762.050209,343.367994,2929.828959,2370.086334,1453.3,2820,5,81,3519360.0,354873.789,2999.5959,1149.8954,20.8887,0.0,0.0,0.0,67,0.034247,1.00549,0.4976,0.501926,0.999262,0.399512,0.307549,0.29995,0.504523,0.049955,0.202112,0.300432,0.502147,0.403624,0.050455,0.00431,0.001255,0.001389,0.004322,0.00085,0.000414,0.000342,0.00101,8e-06,0.000206,0.000461,0.001196,0.001154,4.8e-05
2840,292,1048,756,756,0,0,0,39,9.177918,0.0,9775.345998,346.154118,2924.667964,2370.023832,1462.06,2840,5,80,3544320.0,357877.008,3021.8708,1157.5257,20.9584,0.0,0.0,0.0,67,0.034247,1.005484,0.498168,0.502326,0.999294,0.399504,0.307854,0.300174,0.505149,0.049983,0.202199,0.300722,0.501826,0.403656,0.050422,0.004279,0.001312,0.001471,0.004333,0.000848,0.000411,0.000351,0.00103,8e-06,0.000208,0.000463,0.001213,0.001153,4.9e-05
2860,292,1057,765,765,0,0,0,41,10.13658,0.0,9786.615296,343.205101,2926.658319,2368.680932,1471.13,2860,5,80,3569280.0,360879.468,3045.9086,1165.2926,21.2402,0.0,0.0,0.0,61,0.030822,1.005034,0.498235,0.501632,0.999489,0.399859,0.3078,0.300004,0.505732,0.049919,0.202508,0.300566,0.501821,0.403882,0.050418,0.004311,0.001318,0.001452,0.004384,0.000855,0.000392,0.000346,0.001057,9e-06,0.00023,0.000444,0.001159,0.001173,4.8e-05
2880,293,1064,771,771,0,0,0,44,10.4712,0.0,9800.212644,345.015015,2924.513785,2366.945875,1474.97,2880,5,80,3594240.0,363881.928,3071.6243,1174.1401,21.27,0.0,0.0,0.0,61,0.037543,1.004422,0.498109,0.501785,0.999828,0.39969,0.307641,0.299844,0.505811,0.04991,0.202601,0.300151,0.50069,0.403848,0.050474,0.004388,0.00132,0.001494,0.004391,0.000854,0.000391,0.000349,0.001087,9e-06,0.000236,0.000437,0.001171,0.001176,5e-05
2900,296,1076,780,780,0,0,0,43,9.695919,0.0,9796.94993,344.760072,2925.544009,2365.933208,1471.37,2900,5,80,3619200.0,366884.388,3097.6452,1184.5091,21.3474,0.0,0.0,0.0,61,0.037162,1.005295,0.498656,0.501947,1.002568,0.399617,0.308319,0.299763,0.506255,0.049835,0.202587,0.300121,0.500827,0.404083,0.050613,0.004511,0.001344,0.001535,0.004153,0.000937,0.000387,0.00035,0.001104,8e-06,0.000242,0.000453,0.001181,0.001181,5.3e-05
2920,299,1085,786,786,0,0,0,40,7.866295,0.0,9781.939557,349.592653,2922.541052,2364.780653,1458.22,2920,5,80,3644160.0,369886.848,3124.4224,1196.4322,21.5701,0.0,0.0,0.0,61,0.036789,1.003513,0.49831,0.502232,1.002087,0.399728,0.308289,0.299845,0.505697,0.049836,0.202861,0.300397,0.500767,0.404325,0.050594,0.004571,0.001358,0.001538,0.004167,0.001004,0.000397,0.000348,0.001088,9e-06,0.000234,0.000461,0.001199,0.001172,5.2e-05
2940,297,1089,792,792,0,0,0,36,7.348489,0.0,9741.47791,352.277219,2920.374292,2363.420258,1473.77,2940,5,80,3669120.0,372889.308,3152.2485,1206.5162,21.753,0.0,0.0,0.0,61,0.037037,1.002643,0.498329,0.502775,1.002708,0.399813,0.308042,0.299696,0.50619,0.049856,0.202713,0.300222,0.500858,0.403567,0.05073,0.004584,0.001323,0.001595,0.004179,0.001001,0.00039,0.000354,0.001119,9e-06,0.000236,0.000452,0.001187,0.001158,5.2e-05
2960,299,1095,796,796,0,0,0,32,7.673837,0.0,9696.720788,353.922861,2918.403303,2361.886157,1479.64,2960,5,80,3694080.0,375891.768,3181.0532,1212.9137,21.8646,0.0,0.0,0.0,20,0.033445,1.003215,0.49838,0.502772,1.002157,0.399657,0.308184,0.299614,0.506068,0.049868,0.202805,0.299783,0.501586,0.403402,0.050694,0.004407,0.001306,0.001556,0.00415,0.001003,0.00039,0.000349,0.001112,9e-06,0.000231,0.000485,0.001253,0.001153,5.1e-05
2980,303,1107,804,804,0,0,0,30,7.725329,0.0,9644.767719,353.129808,2919.144863,2360.678038,1472.08,2980,5,80,3719040.0,378905.7705,3210.2743,1221.2166,22.4484,0.0,0.0,0.0,61,0.036304,1.003865,0.498127,0.502668,1.003086,0.399651,0.308552,0.299339,0.506028,0.049862,0.202334,0.299801,0.501285,0.403206,0.050664,0.004197,0.001325,0.001544,0.003928,0.001009,0.000414,0.000356,0.001122,8e-06,0.000236,0.000506,0.001238,0.001136,5.1e-05
3000,305,1114,809,809,0,0,0,29,5.807662,0.0,9611.647413,357.571785,2916.620553,2359.921081,1469.13,3000,5,80,3744000.0,381956.223,3239.4955,1231.3083,22.6179,0.0,0.0,0.0,61,0.036066,1.004796,0.498054,0.501856,1.00249,0.399317,0.308526,0.299699,0.505785,0.049897,0.202705,0.299606,0.501725,0.403981,0.050668,0.004238,0.001338,0.001544,0.003951,0.001016,0.000428,0.000369,0.00114,9e-06,0.000243,0.000507,0.001372,0.001147,5e-05
3020,305,1123,818,818,0,0,0,32,7.024822,0.0,9557.930689,356.994247,2915.98093,2360.235831,1469.97,3020,5,80,3768960.0,385010.733,3267.8566,1241.1979,22.782,0.0,0.0,0.0,61,0.036066,1.005223,0.497495,0.501136,1.001798,0.398908,0.308968,0.299984,0.505669,0.049908,0.203003,0.299236,0.502663,0.40373,0.050493,0.004322,0.001326,0.001584,0.003958,0.00101,0.000411,0.000377,0.001149,8e-06,0.000247,0.000521,0.001415,0.001124,4.9e-05
3040,300,1128,828,828,0,0,0,34,7.678203,0.0,9536.873775,355.045828,2917.27597,2362.008463,1507.88,3040,5,80,3793920.0,388065.243,3293.6379,1251.3321,22.933,0.0,0.0,0.0,61,0.036667,1.00463,0.497925,0.502074,1.002156,0.398103,0.308967,0.300078,0.505951,0.049904,0.203124,0.299148,0.502671,0.403591,0.050635,0.004382,0.001371,0.001661,0.004033,0.001011,0.000411,0.000378,0.001128,8e-06,0.000251,0.000545,0.001419,0.001109,4.9e-05
3060,303,1138,835,835,0,0,0,36,7.054311,0.0,9515.823523,355.226903,2917.718786,2362.756494,1508.36,3060,5,80,3818880.0,391119.753,3319.4192,1259.8197,23.103,0.0,0.0,0.0,61,0.036304,1.004596,0.498577,0.500524,1.00154,0.398512,0.309085,0.299621,0.50606,0.049962,0.203029,0.299328,0.50244,0.403199,0.050662,0.004191,0.001405,0.001573,0.004113,0.000991,0.000418,0.000378,0.001116,8e-06,0.000249,0.000543,0.00144,0.001112,4.7e-05
3080,298,1145,847,847,0,0,0,36,7.510427,0.0,9506.329094,351.616158,2920.873415,2365.347446,1545.32,3080,5,80,3843840.0,394174.263,3342.4802,1269.9858,23.2723,0.0,0.0,0.0,61,0.033557,1.004956,0.498609,0.500805,0.999823,0.399267,0.308839,0.299538,0.504941,0.049929,0.202619,0.299023,0.501736,0.4023,0.050598,0.003785,0.00136,0.001508,0.004008,0.001041,0.000424,0.000368,0.001107,8e-06,0.000243,0.000563,0.001388,0.001115,4.6e-05
3100,301,1151,850,850,0,0,0,34,5.950485,0.0,9508.57034,356.537839,2917.511676,2369.767687,1539.02,3100,5,80,3868800.0,397228.773,3362.1357,1278.2212,23.4599,0.0,0.0,0.0,61,0.033223,1.005062,0.49891,0.501037,1.000235,0.399411,0.30883,0.299534,0.504532,0.049962,0.202375,0.299475,0.501919,0.402486,0.050651,0.003844,0.001382,0.001507,0.004014,0.001083,0.000426,0.000367,0.001103,7e-06,0.000244,0.00057,0.001423,0.001123,4.7e-05
3120,293,1158,865,865,0,0,0,43,9.280944,0.0,9540.132096,346.471189,2924.247867,2375.583684,1560.22,3120,5,80,3893760.0,400283.283,3377.8209,1285.6973,23.588,0.0,0.0,0.0,12,0.03413,1.007195,0.499031,0.499768,1.000545,0.399125,0.308421,0.299435,0.503881,0.049948,0.202504,0.299655,0.503135,0.402137,0.050509,0.003834,0.00135,0.001487,0.003969,0.001117,0.000426,0.000362,0.001012,8e-06,0.00024,0.000564,0.00141,0.001111,4.7e-05
3140,301,1172,871,871,0,0,0,39,7.676486,0.0,9554.742682,350.199547,2922.123967,2379.052329,1534.97,3140,5,80,3918720.0,403337.793,3392.9347,1296.9065,23.7006,0.0,0.0,0.0,12,0.033223,1.00676,0.499799,0.500321,0.999887,0.399547,0.307778,0.299113,0.504293,0.049996,0.202421,0.300151,0.502675,0.40167,0.050474,0.003946,0.001477,0.001524,0.004004,0.001125,0.000421,0.000354,0.001135,8e-06,0.000236,0.000561,0.001362,0.001134,4.7e-05
3160,296,1176,880,880,0,0,0,39,8.33801,0.0,9571.993835,350.230371,2921.431619,2380.798395,1573.48,3160,5,80,3943680.0,406392.303,3408.0484,1307.4724,23.7756,0.0,0.0,0.0,12,0.033784,1.006975,0.499014,0.499553,0.99729,0.40026,0.307633,0.298871,0.504586,0.049963,0.20221,0.300366,0.502547,0.402369,0.050482,0.00394,0.001488,0.001497,0.004122,0.001114,0.000419,0.000348,0.00114,8e-06,0.00023,0.000542,0.001301,0.001138,4.8e-05
3180,305,1188,883,883,0,0,0,39,6.517188,0.0,9566.462604,356.56484,2916.917972,2381.652766,1545.29,3180,6,80,3968640.0,409458.6405,3423.1622,1317.2544,23.9679,0.0,0.0,0.0,12,0.032787,1.00761,0.498843,0.499816,0.998295,0.400268,0.308055,0.299012,0.504599,0.049927,0.202295,0.300224,0.502849,0.402792,0.050536,0.004252,0.00159,0.001541,0.004542,0.001137,0.000459,0.000358,0.001216,8e-06,0.000243,0.00055,0.001312,0.001265,5.2e-05
3200,301,1193,892,892,0,0,0,38,7.125527,0.0,9556.944986,356.372619,2916.501854,2382.067884,1579.48,3200,6,80,3993600.0,412528.5105,3438.2759,1327.7287,24.2746,0.0,0.0,0.0,50,0.036545,1.006838,0.498933,0.499859,0.999053,0.40039,0.308601,0.299378,0.50399,0.049993,0.202362,0.299804,0.502255,0.401906,0.050667,0.004294,0.001528,0.001464,0.004486,0.001068,0.000437,0.000337,0.001184,8e-06,0.00024,0.00054,0.001284,0.001242,5e-05
3220,303,1200,897,897,0,0,0,36,5.750968,0.0,9559.605323,359.057969,2915.191063,2382.270128,1583.47,3220,6,80,4018560.0,415622.5305,3453.3897,1336.2343,24.4104,0.0,0.0,0.0,50,0.036304,1.006952,0.499143,0.500102,1.000411,0.400876,0.308386,0.29943,0.504282,0.049959,0.201974,0.300082,0.502619,0.40208,0.050633,0.00423,0.001558,0.00152,0.004578,0.001063,0.000427,0.000337,0.001218,8e-06,0.000238,0.000529,0.001279,0.001217,4.7e-05
3240,305,1209,904,904,0,0,0,38,6.221294,0.0,9534.578793,360.35749,2913.421215,2382.035561,1577.06,3240,6,80,4043520.0,418724.8905,3468.8859,1345.8059,24.5623,0.0,0.0,0.0,50,0.032787,1.006318,0.499082,0.500196,1.000446,0.400365,0.308527,0.299324,0.504296,0.050036,0.201709,0.300347,0.502431,0.402338,0.050516,0.004225,0.001536,0.001465,0.00455,0.00101,0.000425,0.000336,0.001227,9e-06,0.000231,0.00052,0.001278,0.001195,4.6e-05
3260,300,1214,914,914,0,0,0,38,8.617637,0.0,9541.658233,354.825986,2916.556377,2380.739748,1600.74,3260,6,80,4068480.0,421827.2505,3486.1278,1352.5427,24.9758,0.0,0.0,0.0,50,0.033333,1.004268,0.498809,0.501221,1.000717,0.400651,0.309022,0.299663,0.504621,0.050071,0.201708,0.299652,0.502519,0.402178,0.050328,0.004077,0.001505,0.001535,0.004451,0.001015,0.000433,0.000333,0.001201,9e-06,0.000238,0.00054,0.001293,0.001199,4.7e-05
3280,302,1224,922,922,0,0,0,35,5.489665,0.0,9564.819926,354.095977,2920.414357,2379.373636,1594.5,3280,6,80,4093440.0,424929.6105,3504.5061,1361.2172,25.0829,0.0,0.0,0.0,61,0.033113,1.004266,0.499038,0.500839,1.00015,0.400046,0.308963,0.300074,0.504344,0.05005,0.201669,0.299878,0.503066,0.402612,0.050251,0.004071,0.001525,0.00157,0.004556,0.000985,0.000427,0.000326,0.001233,9e-06,0.000246,0.000548,0.001304,0.001189,4.8e-05
3300,301,1230,929,929,0,0,0,34,5.541712,0.0,9603.599506,354.984758,2919.47353,2378.633227,1615.22,3300,6,80,4118400.0,428031.9705,3523.0405,1370.4933,25.4048,0.0,0.0,0.0,61,0.036545,1.003313,0.499293,0.500972,1.000967,0.400138,0.308929,0.300191,0.503823,0.050031,0.201815,0.299591,0.503111,0.402431,0.050331,0.004067,0.001501,0.001551,0.004514,0.000997,0.000422,0.000331,0.001261,9e-06,0.000251,0.00055,0.001303,0.001177,4.8e-05
3320,300,1235,935,935,0,0,0,39,7.491801,0.0,9639.46529,354.424291,2918.083909,2378.265913,1626.25,3320,6,80,4143360.0,431136.45,3541.5749,1376.982,25.4801,0.0,0.0,0.0,61,0.036667,1.00475,0.498611,0.501058,1.001602,0.399528,0.309238,0.300179,0.504209,0.050039,0.201997,0.299842,0.503025,0.402026,0.050323,0.004145,0.001401,0.001515,0.00484,0.001009,0.000432,0.000333,0.001231,9e-06,0.000247,0.000563,0.001311,0.00117,5.1e-05
3340,301,1241,940,940,0,0,0,37,6.992919,0.0,9687.057877,355.77758,2917.229501,2378.08052,1626.74,3340,6,80,4168320.0,434252.94,3560.1093,1384.4529,25.4801,0.0,0.0,0.0,61,0.033223,1.004911,0.498855,0.500829,1.002845,0.400047,0.309465,0.300317,0.504325,0.050082,0.201853,0.299509,0.502618,0.401872,0.050443,0.004354,0.001393,0.001497,0.004901,0.000984,0.000443,0.000345,0.00122,9e-06,0.000248,0.000554,0.001239,0.001167,5e-05
3360,301,1247,946,946,0,0,0,38,7.15533,0.0,9726.589048,355.6845,2917.160169,2377.986138,1623.04,3360,6,80,4193280.0,437369.43,3578.6437,1392.15,25.4801,0.0,0.0,0.0,61,0.033223,1.00379,0.498787,0.501511,1.00433,0.399737,0.309709,0.300113,0.504147,0.0501,0.201762,0.299459,0.501951,0.401437,0.050325,0.004008,0.001379,0.001515,0.004837,0.000979,0.000459,0.000344,0.00123,1e-05,0.000248,0.000565,0.001234,0.001137,5.1e-05
3380,304,1255,951,951,0,0,0,41,7.209659,0.0,9755.030966,356.696766,2916.093575,2377.939354,1620.92,3380,6,80,4218240.0,440486.8785,3597.1766,1398.8989,25.4801,0.0,0.0,0.0,80,0.029605,1.003846,0.49783,0.501291,1.003638,0.399572,0.309496,0.299745,0.504423,0.050091,0.201916,0.299969,0.501741,0.401569,0.050385,0.004034,0.001457,0.001521,0.004833,0.001021,0.000455,0.000362,0.001257,1e-05,0.000258,0.000565,0.001236,0.001073,5.2e-05
3400,306,1262,956,956,0,0,0,39,6.847411,0.0,9790.176823,359.926095,2913.226495,2377.190657,1615.62,3400,6,80,4243200.0,443629.155,3616.7874,1407.8395,25.6272,0.0,0.0,0.0,61,0.029412,1.004075,0.498418,0.501067,1.004669,0.399882,0.309363,0.299883,0.504554,0.050038,0.202071,0.3002,0.501791,0.401828,0.050346,0.004057,0.00148,0.001513,0.005235,0.001051,0.000463,0.000368,0.001283,1e-05,0.000256,0.000595,0.001269,0.001072,5.2e-05
3420,304,1267,963,963,0,0,0,38,6.53699,0.0,9845.532414,360.63506,2912.82795,2374.720787,1634.46,3420,6,80,4268160.0,446790.2685,3639.5613,1416.4911,26.1214,0.0,0.0,0.0,61,0.032895,1.004581,0.498944,0.501436,1.004938,0.39924,0.309283,0.300078,0.504223,0.050106,0.202045,0.300156,0.501535,0.402401,0.050372,0.004194,0.001518,0.001519,0.005413,0.001001,0.000464,0.000369,0.001272,9e-06,0.000258,0.000603,0.001308,0.001115,5.5e-05
3440,309,1278,969,969,0,0,0,38,6.954651,0.0,9885.975711,361.11833,2911.927019,2371.626604,1619.94,3440,6,80,4293120.0,449952.0885,3665.2895,1424.362,26.1491,0.0,0.0,0.0,61,0.032362,1.002515,0.498203,0.50038,1.006112,0.399077,0.309109,0.299964,0.50482,0.050166,0.202228,0.300201,0.501539,0.401808,0.05059,0.004334,0.001433,0.001518,0.005425,0.000991,0.000489,0.000367,0.001218,1e-05,0.000258,0.000597,0.001275,0.001096,5.7e-05
3460,310,1287,977,977,0,0,0,36,8.136193,0.0,9911.514785,361.10817,2910.755637,2368.735479,1628.7,3460,6,80,4318080.0,453113.9085,3693.2855,1433.7155,26.391,0.0,0.0,0.0,61,0.032258,1.003236,0.498008,0.499654,1.006134,0.399473,0.308837,0.299346,0.504763,0.050301,0.202364,0.300528,0.501847,0.402314,0.050493,0.004313,0.001389,0.001485,0.005298,0.001005,0.000497,0.000367,0.001201,1e-05,0.000251,0.000589,0.001295,0.001098,5.6e-05
3480,309,1291,982,982,0,0,0,30,5.870342,0.0,9952.737944,365.238292,2908.891366,2366.548915,1650.12,3480,6,80,4343040.0,456281.997,3722.4641,1443.5382,26.5286,0.0,0.0,0.0,61,0.032362,1.003813,0.498128,0.499648,1.005366,0.39934,0.309214,0.299305,0.505163,0.050248,0.202625,0.300432,0.501487,0.402208,0.050467,0.004293,0.001386,0.001499,0.005324,0.001006,0.000508,0.000372,0.001161,1e-05,0.000247,0.000572,0.001296,0.001102,5.6e-05
3500,307,1296,989,989,0,0,0,32,6.200799,0.0,10000.273795,363.974835,2909.824366,2365.153385,1675.89,3500,6,80,4368000.0,459461.727,3752.1775,1450.4561,26.5286,0.0,0.0,0.0,61,0.032573,1.003957,0.497816,0.499035,1.006962,0.399878,0.309091,0.298876,0.505296,0.050195,0.20244,0.30067,0.5013,0.401783,0.050658,0.004309,0.001392,0.001457,0.005436,0.000992,0.000497,0.000366,0.001191,1e-05,0.000246,0.000575,0.001333,0.001123,5.5e-05
3520,301,1300,999,999,0,0,0,38,7.780374,0.0,10071.912775,358.778229,2913.441397,2364.448834,1710.46,3520,6,80,4392960.0,462641.457,3781.8909,1457.0362,26.8474,0.0,0.0,0.0,61,0.033223,1.004252,0.497432,0.499535,1.003891,0.400375,0.3093,0.298928,0.505328,0.050225,0.202226,0.300158,0.500663,0.401616,0.050577,0.004301,0.001352,0.001405,0.004879,0.000997,0.000496,0.000371,0.001181,1e-05,0.000228,0.000565,0.001323,0.00114,5.2e-05
3540,294,1306,1012,1012,0,0,0,39,12.030668,0.0,10192.05482,348.682445,2919.286888,2364.085386,1742.2,3540,6,80,4417920.0,465821.187,3811.6044,1462.6762,27.0399,0.0,0.0,0.0,61,0.034014,1.003558,0.497466,0.498671,1.004676,0.400071,0.30888,0.299177,0.505179,0.050187,0.202189,0.300884,0.500981,0.401028,0.050496,0.004202,0.001377,0.001401,0.004875,0.001,0.000504,0.000356,0.001217,9e-06,0.000225,0.00057,0.001284,0.001097,5.2e-05
3560,296,1310,1014,1014,0,0,0,37,7.351729,0.0,10379.342392,350.841673,2921.806599,2363.89583,1748.61,3560,6,80,4442880.0,469000.917,3841.3178,1467.3587,27.2405,0.0,0.0,0.0,61,0.033784,1.002574,0.497773,0.498457,1.005227,0.400287,0.308447,0.299147,0.505487,0.050183,0.202267,0.300525,0.5004,0.400861,0.050535,0.004056,0.001382,0.001407,0.004813,0.000983,0.0005,0.000356,0.001253,9e-06,0.000223,0.00057,0.001291,0.001096,5.3e-05
3580,304,1322,1018,1018,0,0,0,37,7.477561,0.0,10520.182542,353.705645,2918.816794,2363.555975,1708.46,3580,6,79,4467840.0,472180.647,3871.2942,1474.8809,27.2405,0.0,0.0,0.0,61,0.032895,1.002505,0.498728,0.498951,1.005709,0.400408,0.308229,0.298798,0.505025,0.050229,0.202653,0.300564,0.501064,0.400222,0.050656,0.004222,0.001406,0.001421,0.004903,0.001009,0.000499,0.00036,0.001285,9e-06,0.000237,0.000543,0.001358,0.001141,5.3e-05
3600,308,1330,1022,1022,0,0,0,37,7.38293,0.0,10608.527319,359.766541,2912.850529,2362.051274,1703.8,3600,7,79,4492800.0,475360.377,3902.9913,1485.475,27.3559,0.0,0.0,0.0,61,0.035714,1.002841,0.498726,0.499016,1.005734,0.40068,0.308797,0.298945,0.50556,0.050186,0.202578,0.301134,0.500951,0.400843,0.0505,0.004219,0.001415,0.001395,0.004984,0.001035,0.000501,0.000354,0.001343,9e-06,0.000233,0.000531,0.001384,0.001194,5.1e-05
3620,310,1337,1027,1027,0,0,0,37,7.77517,0.0,10674.230642,364.40689,2907.81794,2360.332307,1709.75,3620,7,79,4517760.0,478549.4955,3935.8407,1495.9589,27.3559,0.0,0.0,0.0,61,0.035484,1.001837,0.499643,0.499557,1.004683,0.4011,0.30914,0.299074,0.505895,0.050147,0.202415,0.301154,0.501091,0.400931,0.050585,0.004217,0.001546,0.001519,0.004972,0.001034,0.000497,0.00036,0.001364,9e-06,0.000236,0.000525,0.0014,0.001209,5.1e-05
3640,316,1348,1032,1032,0,0,0,38,7.922835,0.0,10702.962044,367.918347,2904.158818,2359.189937,1689.92,3640,7,79,4542720.0,481746.2955,3968.847,1505.2656,27.3966,0.0,0.0,0.0,61,0.031646,1.003903,0.49887,0.49969,1.005609,0.401291,0.309474,0.299229,0.505385,0.050116,0.202007,0.301207,0.501242,0.401289,0.050541,0.004294,0.001523,0.001521,0.005024,0.001038,0.000504,0.00036,0.001366,1e-05,0.000239,0.000513,0.001393,0.001288,5.1e-05
3660,316,1356,1040,1040,0,0,0,40,7.353536,0.0,10718.845149,368.55209,2904.094374,2359.938811,1693.03,3660,7,79,4567680.0,484943.0955,4000.143,1515.0278,27.7359,0.0,0.0,0.0,50,0.031646,1.005796,0.499238,0.500861,1.005813,0.400688,0.309673,0.299378,0.504541,0.05016,0.202044,0.300976,0.500963,0.401656,0.050222,0.004504,0.001581,0.001532,0.005236,0.000991,0.000513,0.000356,0.0014,9e-06,0.000237,0.000528,0.001406,0.001299,5.1e-05
3680,318,1364,1046,1046,0,0,0,43,8.725881,0.0,10700.326554,372.306461,2898.967657,2361.192802,1698.06,3680,7,79,4592640.0,488139.8955,4029.7286,1526.1537,27.868,0.0,0.0,0.0,50,0.031447,1.005362,0.499415,0.500474,1.005025,0.400076,0.309167,0.299053,0.504563,0.050082,0.202093,0.300904,0.500986,0.402289,0.050236,0.004556,0.001568,0.001525,0.005281,0.001044,0.000511,0.000356,0.001393,9e-06,0.000239,0.000541,0.001323,0.001324,5.2e-05
3700,318,1371,1053,1053,0,0,0,46,10.201131,0.0,10671.877403,375.524633,2894.274236,2361.665181,1711.97,3700,7,79,4617600.0,491346.033,4059.3091,1537.1899,28.2816,0.0,0.0,0.0,50,0.031447,1.005136,0.499522,0.502185,1.004581,0.400176,0.309398,0.299773,0.504176,0.050147,0.201971,0.301173,0.500776,0.40237,0.050338,0.004629,0.001573,0.001516,0.005147,0.001033,0.000483,0.000378,0.001417,9e-06,0.000249,0.000529,0.001376,0.001389,5.2e-05
3720,318,1379,1061,1061,0,0,0,47,10.216872,0.0,10647.030898,375.300784,2894.482345,2360.912072,1716.57,3720,7,79,4642560.0,494569.6785,4089.9552,1545.9991,28.7629,0.0,0.0,0.0,50,0.031447,1.005609,0.499559,0.502069,1.004408,0.400093,0.310176,0.299775,0.504674,0.050107,0.202023,0.301301,0.50095,0.402726,0.050364,0.004678,0.001737,0.001692,0.005187,0.001041,0.000505,0.000375,0.001391,1e-05,0.000247,0.000525,0.001395,0.001449,5.3e-05
3740,319,1390,1071,1071,0,0,0,48,9.139973,0.0,10669.140053,372.598035,2898.261992,2359.420199,1717.44,3740,7,79,4667520.0,497831.106,4121.9671,1554.9981,28.7888,0.0,0.0,0.0,50,0.031348,1.006897,0.49967,0.502385,1.00365,0.40058,0.310047,0.29938,0.503686,0.050074,0.201982,0.300426,0.500456,0.402136,0.050273,0.004708,0.00169,0.00167,0.005041,0.000999,0.00049,0.000363,0.001372,1e-05,0.000239,0.000519,0.001415,0.001427,5.1e-05
3760,322,1398,1076,1076,0,0,0,43,7.387819,0.0,10712.004179,378.098964,2894.513217,2358.957235,1706.95,3760,7,79,4692480.0,501114.786,4153.6304,1566.5639,28.8603,0.0,0.0,0.0,50,0.031056,1.007567,0.49976,0.503586,1.002691,0.400892,0.310333,0.299703,0.503779,0.050135,0.202382,0.299905,0.500878,0.401707,0.050115,0.004852,0.001715,0.001751,0.005021,0.000996,0.000514,0.000384,0.00138,1e-05,0.000248,0.000553,0.001448,0.001443,5.2e-05
3780,321,1406,1085,1085,0,0,0,44,8.453923,0.0,10738.417132,378.16268,2893.383397,2359.93488,1724.83,3780,7,79,4717440.0,504410.052,4183.0525,1577.3165,29.0735,0.0,0.0,0.0,91,0.031153,1.007637,0.500335,0.504459,1.003787,0.400822,0.310407,0.299247,0.504376,0.050052,0.202148,0.299993,0.500659,0.401792,0.050235,0.00471,0.001834,0.001953,0.00547,0.000985,0.000538,0.000396,0.001447,1e-05,0.00025,0.000551,0.001495,0.001456,5.3e-05
3800,315,1412,1097,1097,0,0,0,46,10.257096,0.0,10812.94478,372.943085,2896.79982,2360.179384,1762.2,3800,7,79,4742400.0,507729.552,4212.4746,1585.6238,29.7442,0.0,0.0,0.0,91,0.031746,1.007756,0.50065,0.50481,1.003285,0.400795,0.310899,0.299605,0.504112,0.049963,0.202084,0.29991,0.500592,0.40241,0.050157,0.004904,0.001868,0.001992,0.005357,0.001022,0.000539,0.000397,0.001458,1e-05,0.000249,0.000551,0.001494,0.001438,5.2e-05
3820,320,1422,1102,1102,0,0,0,49,11.853408,0.0,10885.262809,374.442175,2893.704417,2360.126979,1746.56,3820,7,79,4767360.0,511049.052,4241.8968,1593.2853,29.9291,0.0,0.0,0.0,91,0.03125,1.005381,0.50129,0.505202,1.002074,0.400647,0.310904,0.299626,0.503874,0.049999,0.202095,0.299726,0.500123,0.401862,0.050077,0.004938,0.001876,0.001928,0.005255,0.00102,0.000545,0.000392,0.001435,1e-05,0.000248,0.000547,0.001482,0.001401,5.3e-05
3840,316,1427,1111,1111,0,0,0,49,10.305366,0.0,10985.320244,373.111292,2896.583342,2359.987703,1779.41,3840,7,79,4792320.0,514369.3845,4271.3189,1602.4724,30.2151,0.0,0.0,0.0,12,0.028481,1.005426,0.500663,0.503958,1.001967,0.400502,0.310861,0.299762,0.503215,0.050047,0.202395,0.29935,0.500361,0.401132,0.050124,0.004834,0.001717,0.001757,0.005144,0.001015,0.000532,0.000407,0.00141,1e-05,0.000261,0.00054,0.001494,0.001304,5.3e-05
3860,320,1438,1118,1118,0,0,0,47,9.531788,0.0,11071.581472,374.872185,2895.596027,2359.84499,1767.02,3860,7,79,4817280.0,517705.5345,4300.741,1612.4535,30.5755,0.0,0.0,0.0,12,0.028125,1.006252,0.501924,0.504726,1.002002,0.400503,0.310522,0.299865,0.502745,0.050037,0.202254,0.298899,0.500615,0.400413,0.049899,0.004696,0.00172,0.00179,0.005252,0.00102,0.000517,0.000417,0.001398,1e-05,0.000262,0.000553,0.001459,0.001258,5.3e-05
3880,323,1448,1125,1125,0,0,0,45,10.371201,0.0,11143.196426,376.843343,2892.785456,2360.147754,1761.46,3880,7,79,4842240.0,521051.3085,4329.537,1623.0659,30.8646,0.0,0.0,0.0,91,0.03096,1.005388,0.502388,0.504252,1.001592,0.400609,0.310282,0.299499,0.503719,0.05003,0.201755,0.299157,0.499859,0.400422,0.049977,0.004598,0.001689,0.001807,0.005361,0.001015,0.000493,0.000401,0.001408,1e-05,0.000249,0.000542,0.00143,0.001277,5.3e-05
3900,332,1461,1129,1129,0,0,0,41,7.902238,0.0,11168.395734,385.607931,2886.489831,2359.814311,1719.99,3900,7,79,4867200.0,524399.4885,4358.9525,1636.2196,31.2065,0.0,0.0,0.0,61,0.033133,1.00549,0.50203,0.503613,1.002622,0.400881,0.309949,0.299145,0.50385,0.050096,0.201652,0.299468,0.499499,0.401389,0.050146,0.004618,0.001697,0.001815,0.005904,0.001013,0.00051,0.000403,0.001471,1e-05,0.000245,0.000561,0.00149,0.001312,5.8e-05
3920,328,1466,1138,1138,0,0,0,40,6.815139,0.0,11178.948768,386.939311,2886.24555,2359.641411,1749.92,3920,7,79,4892160.0,527747.6685,4388.3746,1648.3452,31.2065,0.0,0.0,0.0,91,0.033537,1.005466,0.502593,0.503179,1.004504,0.400337,0.310029,0.299547,0.503428,0.050132,0.201759,0.299561,0.500025,0.402087,0.050117,0.004593,0.001724,0.001817,0.005974,0.000964,0.000502,0.000399,0.001478,1e-05,0.000248,0.00056,0.001506,0.001294,5.9e-05
3940,330,1475,1145,1145,0,0,0,43,7.036163,0.0,11176.898103,388.003357,2884.960481,2359.547552,1751.48,3940,7,79,4917120.0,531095.8485,4417.7967,1657.7408,31.4452,0.0,0.0,0.0,61,0.030303,1.005209,0.502309,0.501974,1.004193,0.400045,0.309856,0.298922,0.503486,0.050174,0.201857,0.299761,0.499626,0.40208,0.050216,0.004553,0.001727,0.001823,0.005944,0.001044,0.000496,0.000408,0.001503,1.1e-05,0.000249,0.000545,0.0015,0.00132,5.9e-05
3960,339,1491,1152,1152,0,0,0,47,11.639013,0.0,11097.975267,392.658443,2875.702544,2359.396998,1712.09,3960,7,79,4942080.0,534444.0285,4447.3143,1670.838,31.5753,0.0,0.0,0.0,12,0.029499,1.004975,0.502742,0.501941,1.002615,0.400626,0.309638,0.299202,0.503362,0.05017,0.201705,0.299211,0.499584,0.402764,0.050011,0.004622,0.001711,0.001764,0.006154,0.001011,0.000508,0.000415,0.001485,1e-05,0.000243,0.000558,0.001627,0.001356,5.9e-05
3980,338,1502,1164,1164,0,0,0,44,10.381236,0.0,11005.007476,393.834507,2875.784257,2357.914572,1714.8,3980,7,79,4967040.0,537792.2085,4478.3722,1685.8508,32.4007,0.0,0.0,0.0,12,0.029586,1.004229,0.502092,0.500708,1.003127,0.400456,0.309755,0.298758,0.503732,0.050126,0.201692,0.299516,0.499283,0.402623,0.049929,0.004593,0.001686,0.001681,0.006103,0.001028,0.000508,0.000412,0.001539,1.1e-05,0.000227,0.000537,0.001665,0.001362,6e-05
4000,338,1509,1171,1171,0,0,0,40,7.540212,0.0,10910.139351,398.427926,2874.031861,2355.945569,1725.68,4000,7,79,4992000.0,541140.3885,4510.4035,1698.2648,33.1578,0.0,0.0,0.0,12,0.029586,1.003301,0.502689,0.501329,1.003346,0.400315,0.309592,0.299221,0.504153,0.050148,0.20153,0.299412,0.498755,0.402045,0.050055,0.004662,0.001723,0.001715,0.006085,0.001029,0.000508,0.00042,0.001539,1.1e-05,0.000225,0.000534,0.001606,0.00138,5.9e-05
4020,336,1515,1179,1179,0,0,0,40,7.154901,0.0,10824.248563,397.580503,2875.264595,2353.180475,1751.97,4020,7,79,5016960.0,544488.5685,4543.4613,1707.1469,33.2398,0.0,0.0,0.0,12,0.029762,1.00304,0.50298,0.500689,1.002967,0.400716,0.309552,0.299185,0.504074,0.050114,0.201854,0.299227,0.498117,0.402047,0.049957,0.004582,0.001718,0.001651,0.00612,0.001048,0.000509,0.000403,0.001554,1.1e-05,0.000223,0.000525,0.001601,0.001374,5.9e-05
4040,339,1524,1185,1185,0,0,0,33,5.488364,0.0,10741.870868,399.42891,2875.082726,2349.320929,1746.61,4040,7,79,5041920.0,547841.121,4578.8017,1715.4629,34.0019,0.0,0.0,0.0,12,0.029499,1.002333,0.503274,0.50031,1.003783,0.400402,0.309315,0.299078,0.504448,0.05017,0.201871,0.299585,0.49763,0.401848,0.050103,0.004774,0.00172,0.001634,0.006084,0.001028,0.000501,0.000415,0.001561,1.1e-05,0.000217,0.000531,0.001587,0.001379,6e-05
4060,332,1528,1196,1196,0,0,0,37,8.291199,0.0,10693.956674,394.96602,2876.74278,2345.438241,1773.76,4060,7,79,5066880.0,551206.791,4615.5756,1723.347,34.4275,0.0,0.0,0.0,12,0.03012,1.00328,0.502684,0.500333,1.00315,0.400202,0.309034,0.298953,0.505137,0.05015,0.201828,0.299705,0.497282,0.401542,0.050258,0.004518,0.001754,0.001696,0.006176,0.001026,0.000504,0.000421,0.001544,1.1e-05,0.000221,0.000537,0.001604,0.001409,6.1e-05
4080,338,1542,1204,1204,0,0,0,36,7.597544,0.0,10648.108636,393.569877,2878.832579,2342.251217,1749.29,4080,7,79,5091840.0,554572.461,4652.4299,1731.9298,34.4781,0.0,0.0,0.0,91,0.032544,1.003662,0.503663,0.501132,1.004555,0.400522,0.309872,0.299165,0.50438,0.050117,0.202061,0.300108,0.498401,0.402326,0.050217,0.004742,0.001809,0.001848,0.006364,0.001018,0.000519,0.000432,0.001573,1.1e-05,0.000237,0.000555,0.001655,0.001493,6.1e-05
4100,336,1546,1210,1210,0,0,0,34,7.07206,0.0,10619.485193,396.156415,2876.771525,2339.100126,1761.4,4100,7,79,5116800.0,557946.4575,4689.2842,1741.9631,34.5117,0.0,0.0,0.0,91,0.032738,1.002978,0.503205,0.501239,1.004307,0.400261,0.309501,0.299385,0.504329,0.050136,0.202063,0.300053,0.498257,0.40216,0.050254,0.004676,0.001838,0.001855,0.006271,0.001023,0.000513,0.000439,0.001569,1.1e-05,0.000237,0.000549,0.001592,0.001443,6.2e-05
4120,329,1554,1225,1225,0,0,0,40,11.29205,0.0,10616.740454,388.335213,2880.372738,2335.323596,1792.0,4120,7,79,5141760.0,561335.9175,4726.1384,1751.5207,34.9373,0.0,0.0,0.0,96,0.030395,1.003698,0.501151,0.500688,1.000611,0.399718,0.309556,0.299098,0.502919,0.050133,0.20245,0.299519,0.498461,0.402262,0.050176,0.004647,0.001728,0.001866,0.005557,0.000987,0.000521,0.000441,0.001474,1.1e-05,0.000258,0.000551,0.001617,0.00143,5.8e-05
4140,330,1564,1234,1234,0,0,0,40,8.822806,0.0,10674.804621,387.552232,2883.624962,2329.218078,1796.78,4140,7,79,5166720.0,564738.0,4763.7084,1760.9103,35.4887,0.0,0.0,0.0,61,0.030303,1.004541,0.501025,0.501314,1.000799,0.400086,0.309313,0.298914,0.503334,0.050196,0.202181,0.299688,0.497991,0.402418,0.050286,0.004658,0.001721,0.001916,0.005492,0.001002,0.000524,0.000448,0.001445,1.1e-05,0.00025,0.000568,0.001566,0.00146,5.8e-05
4160,334,1574,1240,1240,0,0,0,40,8.050764,0.0,10726.082884,391.452241,2880.496995,2318.567779,1791.63,4160,7,79,5191680.0,568150.41,4801.9835,1771.8106,35.712,0.0,0.0,0.0,61,0.02994,1.005247,0.501039,0.501478,1.000871,0.400109,0.309693,0.298891,0.503427,0.050274,0.202517,0.299482,0.498525,0.402705,0.050352,0.004615,0.00184,0.002009,0.005707,0.001007,0.000523,0.000456,0.001521,1.1e-05,0.000255,0.000578,0.001584,0.001454,5.8e-05
4180,335,1582,1247,1247,0,0,0,41,8.382091,0.0,10720.070469,394.987381,2876.630528,2317.106883,1800.72,4180,7,79,5216640.0,571562.82,4828.284,1783.7127,35.9228,0.0,0.0,0.0,50,0.029851,1.004478,0.500356,0.501108,1.00217,0.399526,0.31002,0.299062,0.503782,0.050257,0.202477,0.29973,0.499581,0.40186,0.050339,0.004644,0.001856,0.002006,0.005682,0.00097,0.000536,0.000453,0.001472,1.1e-05,0.000252,0.000557,0.001598,0.001409,5.9e-05
4200,341,1593,1252,1252,0,0,0,36,6.801954,0.0,10681.03968,401.602234,2871.595812,2316.301709,1785.69,4200,7,79,5241600.0,574975.23,4854.7504,1795.9519,35.9883,0.0,0.0,0.0,50,0.032258,1.005724,0.500747,0.501519,1.003304,0.399633,0.310218,0.298547,0.504414,0.050283,0.202123,0.300018,0.500976,0.401669,0.050383,0.004653,0.001843,0.001994,0.006351,0.000985,0.000544,0.000463,0.001544,1.2e-05,0.000257,0.000571,0.001579,0.001386,5.9e-05
4220,338,1599,1261,1261,0,0,0,40,9.449452,0.0,10623.825695,400.116371,2870.434178,2318.41146,1813.4,4220,7,79,5266560.0,578387.64,4878.2531,1804.843,36.1944,0.0,0.0,0.0,50,0.032544,1.00648,0.500578,0.501243,1.004944,0.399788,0.310168,0.298317,0.504243,0.050194,0.202093,0.299906,0.500505,0.401494,0.050244,0.004607,0.001859,0.002006,0.006383,0.000998,0.000526,0.000469,0.001536,1.1e-05,0.000261,0.00057,0.001599,0.001391,5.8e-05
4240,336,1607,1271,1271,0,0,0,39,9.602336,0.0,10578.072846,396.825798,2873.571866,2320.01341,1825.23,4240,7,79,5291520.0,581800.05,4901.4265,1813.4732,36.6777,0.0,0.0,0.0,50,0.035714,1.007077,0.500266,0.501819,1.004718,0.400973,0.310106,0.298719,0.50455,0.050245,0.202393,0.299973,0.500155,0.400745,0.050285,0.004593,0.001866,0.002039,0.006423,0.001056,0.000545,0.000468,0.001556,1.2e-05,0.000257,0.000594,0.001654,0.001352,5.8e-05
4260,337,1613,1276,1276,0,0,0,37,8.040861,0.0,10553.949921,400.248005,2871.711135,2320.968627,1825.92,4260,7,79,5316480.0,585225.291,4924.6,1822.5949,37.0594,0.0,0.0,0.0,50,0.035608,1.006455,0.50025,0.501731,1.00407,0.401098,0.309683,0.298359,0.504953,0.050192,0.202169,0.299521,0.500135,0.400792,0.050256,0.004541,0.001841,0.001993,0.006274,0.001075,0.00056,0.000459,0.001568,1.1e-05,0.000257,0.000581,0.001669,0.001343,5.8e-05
4280,344,1622,1278,1278,0,0,0,34,6.470198,0.0,10505.737943,406.915656,2866.614146,2321.508615,1806.68,4280,7,79,5341440.0,588665.517,4947.7735,1831.514,37.2425,0.0,0.0,0.0,50,0.034884,1.005289,0.500647,0.500924,1.002983,0.400426,0.309477,0.298331,0.50493,0.050189,0.202319,0.299413,0.500784,0.401148,0.050244,0.004556,0.001794,0.001792,0.006277,0.001079,0.000537,0.000468,0.001593,1.1e-05,0.000263,0.00058,0.001655,0.001396,5.6e-05
4300,334,1625,1291,1291,0,0,0,41,9.965922,0.0,10465.379598,397.485636,2872.548442,2321.804943,1860.55,4300,7,79,5366400.0,592112.067,4970.9469,1838.3272,37.2425,0.0,0.0,0.0,50,0.035928,1.004417,0.499458,0.500667,1.003944,0.400508,0.309805,0.298413,0.50425,0.050182,0.202355,0.299292,0.500545,0.400854,0.05016,0.004826,0.001753,0.001792,0.006384,0.001077,0.000539,0.00048,0.001576,1.2e-05,0.000267,0.000569,0.001609,0.001367,5.5e-05
4320,330,1631,1301,1301,0,0,0,38,7.508155,0.0,10511.806616,392.992067,2879.499779,2321.96495,1887.76,4320,7,79,5391360.0,595558.617,4994.1204,1844.6758,38.456,0.0,0.0,0.0,61,0.033333,1.004513,0.499552,0.500527,1.00517,0.400745,0.310307,0.298626,0.503477,0.050131,0.202306,0.299608,0.501271,0.400535,0.050158,0.004979,0.001743,0.00168,0.006496,0.001028,0.00055,0.000462,0.001545,1.1e-05,0.000261,0.000562,0.001674,0.001369,5.6e-05
4340,330,1637,1307,1307,0,0,0,40,7.953771,0.0,10576.763829,391.913373,2880.132856,2322.0506,1902.92,4340,6,79,5416320.0,599005.167,5017.2938,1850.4453,38.6642,0.0,0.0,0.0,50,0.030303,1.003999,0.499679,0.500498,1.004625,0.40094,0.309937,0.298385,0.503104,0.050185,0.201973,0.299555,0.500438,0.399947,0.05031,0.004995,0.001655,0.001653,0.006281,0.001026,0.000532,0.00046,0.001466,1.2e-05,0.000257,0.000552,0.00165,0.001365,5.5e-05
4360,328,1644,1316,1316,0,0,0,43,10.059945,0.0,10658.424726,387.306997,2882.633058,2322.096236,1928.05,4360,6,79,5441280.0,602452.4445,5040.4673,1856.247,38.9488,0.0,0.0,0.0,50,0.030488,1.004601,0.500194,0.500742,1.003614,0.400986,0.309703,0.298397,0.503823,0.050199,0.201843,0.29976,0.500141,0.400851,0.050211,0.004924,0.001638,0.001687,0.006415,0.000995,0.000523,0.000472,0.001473,1.2e-05,0.000252,0.000563,0.001645,0.001381,5.8e-05
4380,322,1653,1331,1331,0,0,0,47,10.32203,0.0,10816.179333,379.909182,2889.768788,2321.080622,1921.82,4380,6,78,5466240.0,605930.7975,5065.1426,1865.966,39.8764,0.0,0.0,0.0,50,0.031056,1.004895,0.500165,0.501329,1.004124,0.4002,0.30979,0.298431,0.504054,0.050201,0.201809,0.3004,0.499138,0.400347,0.050294,0.004908,0.001626,0.001883,0.006486,0.001043,0.000527,0.000479,0.001545,1.1e-05,0.000264,0.00058,0.001705,0.001394,6e-05
4400,325,1663,1338,1338,0,0,0,46,10.699506,0.0,11006.969381,381.051729,2888.248765,2320.094447,1901.2,4400,6,78,5491200.0,609420.0848,5090.7706,1875.3599,40.207,0.0,0.0,0.0,50,0.033846,1.005272,0.499553,0.501494,1.002805,0.399696,0.309806,0.298397,0.503886,0.050262,0.201654,0.300878,0.498667,0.400676,0.050251,0.004978,0.00164,0.001864,0.006398,0.00104,0.000534,0.000492,0.001552,1.1e-05,0.000271,0.00059,0.001782,0.001426,6.1e-05
4420,332,1674,1342,1342,0,0,0,46,9.875806,0.0,11168.184021,387.809337,2882.314857,2321.626256,1878.11,4420,6,78,5516160.0,612923.7248,5113.9083,1886.4918,40.207,0.0,0.0,0.0,50,0.036145,1.008256,0.499959,0.50045,1.003727,0.399349,0.310202,0.297885,0.503457,0.050243,0.201769,0.301038,0.498404,0.40081,0.050231,0.005026,0.001658,0.001867,0.006479,0.001049,0.000542,0.000505,0.001588,1.1e-05,0.000284,0.000597,0.001806,0.001461,6.3e-05
4440,338,1689,1351,1351,0,0,0,50,11.444312,0.0,11279.984031,391.805915,2876.749773,2320.353234,1858.06,4440,6,78,5541120.0,616436.5223,5139.8721,1901.3451,40.5671,0.0,0.0,0.0,50,0.035503,1.007836,0.501705,0.500539,1.003538,0.398904,0.309892,0.298407,0.504598,0.050182,0.201175,0.3005,0.497007,0.400485,0.050119,0.004863,0.001746,0.001852,0.006301,0.001056,0.000566,0.000486,0.001631,1.1e-05,0.000274,0.000572,0.001849,0.00148,6.3e-05
4460,341,1697,1356,1356,0,0,0,52,9.5989,0.0,11389.659012,399.444788,2870.956311,2316.913243,1856.54,4460,6,78,5566080.0,619967.1248,5169.5662,1914.8408,40.595,0.0,0.0,0.0,50,0.035191,1.008962,0.502224,0.501566,1.001764,0.399406,0.310105,0.298896,0.503836,0.050213,0.201106,0.300581,0.49638,0.400403,0.050397,0.004876,0.001921,0.001964,0.006011,0.001064,0.000556,0.000492,0.001598,1.1e-05,0.000288,0.000583,0.001845,0.001522,6.9e-05
4480,342,1704,1362,1362,0,0,0,51,9.851213,0.0,11480.46446,404.340711,2865.808077,2312.371877,1854.21,4480,6,78,5591040.0,623521.9748,5202.7373,1926.6301,40.7924,0.0,0.0,0.0,50,0.032164,1.00909,0.502096,0.501258,1.00181,0.399392,0.309768,0.298749,0.504458,0.050184,0.201072,0.300601,0.497022,0.400852,0.050379,0.00486,0.00193,0.00196,0.005979,0.001079,0.00056,0.000488,0.001609,1.1e-05,0.000285,0.000585,0.001788,0.001518,6.7e-05
4500,342,1711,1369,1369,0,0,0,49,9.020803,0.0,11542.573013,406.043419,2864.935778,2308.499058,1857.81,4500,6,78,5616000.0,627076.8248,5237.0268,1936.3889,41.2583,0.0,0.0,0.0,12,0.032164,1.008751,0.501301,0.500616,1.002138,0.399607,0.310203,0.298782,0.503898,0.050176,0.201779,0.300633,0.496565,0.399994,0.050312,0.004891,0.001971,0.002002,0.006157,0.001103,0.000576,0.000501,0.001708,1.1e-05,0.000317,0.000596,0.00179,0.00157,7e-05
4520,342,1719,1377,1377,0,0,0,48,11.418642,0.0,11591.824205,405.512142,2863.069216,2304.69962,1863.92,4520,6,78,5640960.0,630631.6748,5272.3517,1944.9768,41.4882,0.0,0.0,0.0,12,0.032164,1.010047,0.500526,0.500244,1.000929,0.400319,0.310473,0.298553,0.503948,0.050199,0.201603,0.300193,0.496882,0.399784,0.050253,0.004949,0.00205,0.002038,0.006347,0.001146,0.000568,0.000523,0.001716,1.2e-05,0.000317,0.000598,0.001853,0.001594,7.2e-05
4540,349,1735,1386,1386,0,0,0,49,9.2647,0.0,11636.508963,407.519615,2863.215685,2301.370972,1836.99,4540,6,78,5665920.0,634200.5468,5307.7207,1957.6446,41.8591,0.0,0.0,0.0,12,0.031519,1.009512,0.501344,0.500508,1.000769,0.399916,0.310599,0.29889,0.503423,0.050184,0.201647,0.300049,0.497316,0.399917,0.050205,0.0049,0.002017,0.002023,0.006461,0.001085,0.000555,0.000545,0.001687,1.2e-05,0.000334,0.000599,0.001834,0.001553,7.2e-05
4560,348,1744,1396,1396,0,0,0,50,9.74082,0.0,11687.847169,408.270786,2861.988394,2297.177915,1848.93,4560,6,78,5690880.0,637778.7668,5344.1488,1970.4195,41.9641,0.0,0.0,0.0,12,0.034483,1.01102,0.5015,0.500787,0.999209,0.399183,0.311191,0.299332,0.50314,0.05023,0.202217,0.30025,0.497085,0.400973,0.050295,0.004802,0.002096,0.002093,0.006565,0.001076,0.000575,0.000541,0.001747,1.2e-05,0.000341,0.000618,0.001868,0.001645,7.6e-05
4580,349,1753,1404,1404,0,0,0,49,9.96159,0.0,11720.095032,410.825321,2859.213089,2292.12454,1857.44,4580,6,78,5715840.0,641356.9868,5381.6338,1982.4411,42.2721,0.0,0.0,0.0,12,0.034384,1.011201,0.501135,0.500272,0.999141,0.399464,0.311466,0.299366,0.502829,0.050172,0.202436,0.299047,0.497238,0.400324,0.050281,0.004889,0.002018,0.002071,0.006673,0.001086,0.000569,0.000524,0.001764,1.3e-05,0.000344,0.000586,0.001859,0.001641,7.5e-05
4600,355,1765,1410,1410,0,0,0,46,8.145855,0.0,11717.878735,416.86917,2854.984974,2285.489546,1841.9,4600,6,78,5740800.0,644935.2068,5420.126,1995.5407,42.6685,0.0,0.0,0.0,12,0.03662,1.008882,0.501207,0.501027,0.999152,0.399918,0.311551,0.299393,0.503015,0.05027,0.20243,0.299275,0.497613,0.400088,0.05036,0.00518,0.001991,0.002117,0.006792,0.001099,0.00057,0.000535,0.001795,1.3e-05,0.000344,0.000637,0.001871,0.001615,7.6e-05
4620,352,1773,1421,1421,0,0,0,51,9.13297,0.0,11690.183027,416.161182,2854.705849,2275.711751,1860.32,4620,6,78,5765760.0,648515.6093,5459.1528,2008.1723,42.6685,0.0,0.0,0.0,12,0.036932,1.009183,0.501368,0.501551,0.998907,0.400334,0.311218,0.299626,0.501573,0.050323,0.202018,0.299132,0.497553,0.399815,0.050122,0.00505,0.002079,0.00211,0.007064,0.0011,0.000561,0.000553,0.001798,1.3e-05,0.000333,0.000637,0.001922,0.001543,7.5e-05
4640,356,1783,1427,1427,0,0,0,44,6.812061,0.0,11677.984369,419.806067,2853.381872,2270.624822,1856.2,4640,6,78,5790720.0,652108.3793,5487.7828,2018.901,43.1317,0.0,0.0,0.0,12,0.039326,1.009307,0.501941,0.501863,0.999547,0.400211,0.311804,0.299572,0.501556,0.050274,0.201533,0.299196,0.496942,0.400634,0.050217,0.005195,0.002084,0.002117,0.007139,0.001117,0.000559,0.000569,0.001836,1.3e-05,0.000329,0.000631,0.001975,0.001572,8.2e-05
4660,357,1792,1435,1435,0,0,0,47,9.194817,0.0,11628.948463,421.079227,2849.725956,2269.960811,1838.56,4660,6,78,5815680.0,655701.1493,5511.7015,2029.8134,43.2916,0.0,0.0,0.0,12,0.036415,1.010572,0.501914,0.502636,0.998808,0.400344,0.311562,0.29963,0.501712,0.05027,0.201597,0.299359,0.496456,0.400765,0.050217,0.005204,0.002149,0.002281,0.007049,0.0011,0.000568,0.000578,0.001848,1.3e-05,0.000328,0.000641,0.001888,0.001596,8.1e-05
4680,356,1796,1440,1440,0,0,0,42,7.092938,0.0,11574.852778,423.673858,2849.233204,2268.541605,1861.45,4680,6,78,5840640.0,659293.9193,5536.8179,2038.7228,43.3544,0.0,0.0,0.0,12,0.036517,1.010432,0.501208,0.502495,0.998968,0.400066,0.311595,0.299409,0.500558,0.050316,0.201423,0.299026,0.496083,0.401549,0.050244,0.005358,0.002047,0.002316,0.007002,0.001067,0.000567,0.00058,0.001795,1.4e-05,0.000318,0.000625,0.001875,0.001611,7.9e-05
4700,354,1804,1450,1450,0,0,0,45,6.964355,0.0,11545.034603,420.174812,2852.860833,2266.384476,1885.76,4700,6,78,5865600.0,662886.6893,5563.8855,2047.1868,43.5969,0.0,0.0,0.0,12,0.036723,1.010436,0.501514,0.503093,0.999935,0.400183,0.312012,0.299506,0.500465,0.050367,0.201608,0.299551,0.496076,0.400644,0.050143,0.005267,0.001981,0.002297,0.006679,0.001073,0.000577,0.000592,0.001755,1.3e-05,0.000317,0.000642,0.001833,0.001567,7.3e-05
4720,352,1811,1459,1459,0,0,0,49,9.948483,0.0,11524.415467,417.830802,2852.220715,2263.203782,1891.77,4720,6,78,5890560.0,666479.4593,5593.8043,2055.7121,43.5969,0.0,0.0,0.0,12,0.036932,1.009166,0.501106,0.502377,1.001139,0.400686,0.311622,0.299609,0.500016,0.050402,0.201547,0.29943,0.496524,0.400052,0.050008,0.005296,0.001952,0.002204,0.006789,0.001094,0.000564,0.000584,0.001757,1.3e-05,0.000315,0.000648,0.001815,0.001552,7.1e-05
4740,349,1818,1469,1469,0,0,0,48,8.906988,0.0,11533.127792,414.917606,2856.175406,2262.833295,1922.34,4740,6,78,5915520.0,670072.2293,5621.9504,2064.6199,44.0243,0.0,0.0,0.0,12,0.037249,1.008958,0.500736,0.501376,1.000935,0.400313,0.311923,0.299777,0.499797,0.050352,0.201478,0.299027,0.497323,0.400237,0.050068,0.005139,0.001938,0.002177,0.007007,0.001109,0.000555,0.000587,0.001733,1.4e-05,0.000317,0.000642,0.001862,0.001571,7.5e-05
4760,351,1827,1476,1476,0,0,0,46,8.007557,0.0,11548.215307,416.009843,2855.9826,2262.463681,1905.93,4760,6,78,5940480.0,673664.9993,5650.3474,2073.7854,44.1926,0.0,0.0,0.0,12,0.037037,1.009891,0.501807,0.501721,1.002593,0.399501,0.31232,0.300256,0.500394,0.050324,0.20119,0.299292,0.498798,0.400567,0.050037,0.005407,0.001994,0.00229,0.007393,0.001106,0.000564,0.000597,0.001823,1.4e-05,0.000301,0.000633,0.001936,0.001568,7.4e-05
4780,357,1839,1482,1482,0,0,0,45,7.870291,0.0,11532.803371,419.493644,2852.636065,2262.236901,1890.17,4780,6,78,5965440.0,677268.7673,5678.7444,2084.5357,44.5651,0.0,0.0,0.0,12,0.033613,1.009902,0.500607,0.501815,1.000878,0.399586,0.312506,0.300261,0.500991,0.050353,0.201063,0.299561,0.499005,0.400941,0.049946,0.005338,0.001963,0.002271,0.007214,0.0011,0.000592,0.000593,0.001791,1.4e-05,0.0003,0.000631,0.001932,0.00155,7.3e-05
4800,359,1847,1488,1488,0,0,0,43,8.071208,0.0,11507.370692,423.419074,2848.509718,2262.090689,1884.8,4800,7,78,5990400.0,680894.2358,5707.1415,2095.6674,44.8001,0.0,0.0,0.0,12,0.033426,1.009506,0.500565,0.501572,1.001199,0.400079,0.312979,0.300654,0.500651,0.050336,0.2011,0.299488,0.499862,0.400973,0.049845,0.005531,0.001928,0.002284,0.007509,0.001067,0.000586,0.000581,0.001751,1.4e-05,0.000302,0.000638,0.002027,0.001581,7.3e-05
4820,359,1853,1494,1494,0,0,0,43,6.800978,0.0,11474.159164,426.954102,2846.24492,2261.992429,1896.05,4820,7,78,6015360.0,684535.2758,5735.5385,2106.1726,44.8001,0.0,0.0,0.0,12,0.033426,1.010876,0.500461,0.501182,1.002815,0.399941,0.312848,0.300076,0.50072,0.050403,0.201253,0.299494,0.500067,0.401014,0.049807,0.005555,0.001924,0.002239,0.007584,0.001067,0.00061,0.000576,0.001738,1.4e-05,0.000298,0.000638,0.00203,0.001568,7.2e-05
4840,351,1859,1508,1508,0,0,0,45,10.330375,0.0,11470.96604,418.150821,2851.518804,2261.924057,1948.97,4840,7,78,6040320.0,688187.3213,5763.9355,2114.4827,45.0846,0.0,0.0,0.0,12,0.034188,1.009088,0.500653,0.500237,1.002852,0.399773,0.313084,0.30049,0.502086,0.050393,0.200983,0.299465,0.500992,0.400879,0.049949,0.005512,0.00189,0.002233,0.007771,0.001076,0.000612,0.000569,0.001709,1.4e-05,0.000293,0.000634,0.002043,0.00158,7.3e-05
4860,349,1869,1520,1520,0,0,0,43,8.426527,0.0,11557.975743,412.255821,2859.317652,2261.87511,1964.11,4860,7,78,6065280.0,691851.1973,5792.3326,2122.4542,45.3435,0.0,0.0,0.0,12,0.034384,1.010714,0.500365,0.499692,1.001473,0.399068,0.313,0.301015,0.503117,0.050404,0.201022,0.300228,0.501383,0.400215,0.049847,0.005342,0.001885,0.002383,0.00735,0.001095,0.000611,0.000569,0.001713,1.4e-05,0.000308,0.000644,0.002102,0.001551,7.1e-05
4880,354,1880,1526,1526,0,0,0,43,8.729816,0.0,11633.698887,417.421915,2853.848269,2261.839268,1949.5,4880,7,78,6090240.0,695526.3773,5820.7296,2134.671,45.5783,0.0,0.0,0.0,12,0.033898,1.011361,0.501103,0.500081,1.003104,0.398958,0.313199,0.300959,0.504189,0.050424,0.200921,0.300274,0.501304,0.399449,0.049981,0.005139,0.002068,0.002469,0.008051,0.001084,0.00064,0.00056,0.001773,1.3e-05,0.000308,0.000639,0.002095,0.001517,7.3e-05
4900,349,1883,1534,1534,0,0,0,44,8.757599,0.0,11708.940401,418.261714,2852.980687,2261.812564,1983.53,4900,7,78,6115200.0,699201.5573,5849.1266,2144.8019,45.9152,0.0,0.0,0.0,12,0.034384,1.011441,0.501064,0.500447,1.00334,0.398826,0.313258,0.300713,0.503872,0.050387,0.201289,0.300857,0.501103,0.399978,0.049951,0.005109,0.002078,0.00248,0.008048,0.001075,0.000636,0.000547,0.001807,1.3e-05,0.000308,0.000644,0.002082,0.001519,7.2e-05
4920,348,1888,1540,1540,0,0,0,44,7.740196,0.0,11802.517115,417.267185,2854.992618,2261.792409,2005.41,4920,7,78,6140160.0,702884.7398,5877.5237,2150.4495,46.1652,0.0,0.0,0.0,12,0.034483,1.01092,0.500773,0.499204,1.003179,0.398425,0.312812,0.30063,0.50415,0.050422,0.201212,0.30059,0.500966,0.400248,0.049877,0.005203,0.002012,0.002341,0.008427,0.001037,0.000624,0.000556,0.001816,1.3e-05,0.000304,0.00063,0.002103,0.001546,7.4e-05
4940,348,1897,1549,1549,0,0,0,43,7.307408,0.0,11923.920537,413.003599,2859.688993,2264.448087,2006.86,4940,7,78,6165120.0,706574.4698,5902.3912,2156.3207,46.6749,0.0,0.0,0.0,12,0.034483,1.011335,0.501157,0.499705,1.002842,0.39866,0.312997,0.300025,0.503917,0.050373,0.201444,0.300769,0.500627,0.399169,0.049717,0.005105,0.002053,0.002425,0.008413,0.001026,0.000632,0.000562,0.001851,1.3e-05,0.00032,0.000654,0.002023,0.0015,7.3e-05
4960,347,1902,1555,1555,0,0,0,41,7.015124,0.0,12051.707121,415.246146,2857.73873,2265.838735,2027.1,4960,7,78,6190080.0,710264.1998,5927.073,2165.2183,47.4613,0.0,0.0,0.0,12,0.034582,1.011268,0.502169,0.499947,1.003334,0.39885,0.31299,0.299888,0.504483,0.050412,0.200975,0.300667,0.500193,0.399038,0.049923,0.005087,0.002259,0.00257,0.00825,0.001068,0.000639,0.000577,0.001904,1.3e-05,0.000316,0.000647,0.001993,0.001533,7.3e-05
4980,352,1916,1564,1564,0,0,0,42,8.903159,0.0,12159.905642,413.710537,2857.386304,2267.573496,2000.24,4980,7,78,6215040.0,713966.9543,5950.5655,2174.4143,47.4613,0.0,0.0,0.0,12,0.036932,1.010807,0.501971,0.499628,1.0041,0.398312,0.312803,0.29991,0.504981,0.050411,0.20079,0.300637,0.500448,0.399279,0.050011,0.005285,0.002346,0.002586,0.008273,0.001048,0.000639,0.000597,0.001887,1.3e-05,0.000316,0.000654,0.001991,0.001553,7.3e-05
5000,353,1923,1570,1570,0,0,0,42,7.492469,0.0,12277.825034,416.504287,2856.003243,2270.23497,1994.93,5000,7,78,6240000.0,717670.3943,5971.2829,2184.4778,47.4613,0.0,0.0,0.0,12,0.036827,1.010131,0.501945,0.499092,1.004373,0.398318,0.312447,0.299668,0.505043,0.050462,0.200892,0.300667,0.500019,0.399111,0.050046,0.005317,0.00234,0.002584,0.008224,0.001074,0.000665,0.000595,0.001892,1.3e-05,0.000316,0.000651,0.00199,0.001586,7.5e-05
5020,354,1934,1580,1580,0,0,0,45,10.136145,0.0,12350.49869,417.949789,2851.914066,2271.470494,2001.62,5020,7,78,6264960.0,721373.8343,5992.0003,2197.0561,48.0217,0.0,0.0,0.0,12,0.036723,1.012152,0.50329,0.499613,1.007348,0.398346,0.313448,0.299705,0.504107,0.050478,0.20128,0.301003,0.500827,0.400103,0.050013,0.005488,0.002354,0.00256,0.008677,0.001097,0.000659,0.000585,0.001895,1.2e-05,0.000326,0.00065,0.002065,0.001628,7.7e-05
5040,350,1941,1591,1591,0,0,0,44,10.3992,0.0,12417.137214,417.721801,2851.878999,2272.016896,2007.29,5040,7,78,6289920.0,725077.2743,6012.7177,2209.9685,48.4926,0.0,0.0,0.0,12,0.037143,1.011445,0.502904,0.500082,1.006159,0.398942,0.31295,0.299777,0.504717,0.050493,0.201167,0.300883,0.500082,0.399349,0.049966,0.005626,0.002329,0.002567,0.008855,0.001083,0.000678,0.000594,0.001958,1.2e-05,0.000332,0.000648,0.002065,0.001612,7.7e-05
5060,353,1951,1598,1598,0,0,0,42,7.706169,0.0,12508.813913,418.702721,2853.591109,2272.252771,1990.35,5060,7,78,6314880.0,728780.7143,6033.435,2219.277,48.589,0.0,0.0,0.0,12,0.036827,1.01249,0.502735,0.500117,1.00623,0.399536,0.313395,0.299757,0.504924,0.050435,0.201084,0.301044,0.500567,0.399323,0.04997,0.00582,0.002305,0.002581,0.00878,0.001152,0.000707,0.000602,0.001928,1.3e-05,0.00033,0.000655,0.002074,0.001626,7.9e-05
5080,364,1967,1603,1603,0,0,0,44,7.724353,0.0,12535.514548,425.932162,2846.343485,2272.353127,1946.45,5080,7,78,6339840.0,732484.1543,6054.1524,2232.4574,48.6464,0.0,0.0,0.0,12,0.035714,1.01273,0.503957,0.50187,1.007987,0.399162,0.313741,0.300192,0.504153,0.050438,0.200977,0.301025,0.500555,0.399668,0.050111,0.005918,0.002359,0.002699,0.008665,0.001183,0.00069,0.000609,0.001989,1.3e-05,0.000326,0.00066,0.002133,0.001711,7.9e-05
5100,367,1973,1606,1606,0,0,0,43,8.541988,0.0,12502.862595,435.986259,2835.471753,2272.395243,1949.05,5100,7,78,6364800.0,736195.7738,6074.8698,2246.2316,48.6799,0.0,0.0,0.0,12,0.035422,1.012487,0.503045,0.501476,1.007935,0.39955,0.314087,0.300297,0.5042,0.050408,0.200954,0.300926,0.499952,0.399794,0.05005,0.005787,0.002252,0.002707,0.008608,0.001184,0.000679,0.000609,0.002015,1.3e-05,0.000327,0.000658,0.00216,0.001702,7.7e-05
5120,362,1976,1614,1614,0,0,0,43,8.735247,0.0,12462.514939,435.995361,2835.269393,2272.412564,1981.94,5120,7,78,6389760.0,739922.5838,6095.5872,2255.8608,48.9662,0.0,0.0,0.0,12,0.035912,1.012204,0.502279,0.50161,1.007008,0.39955,0.313865,0.300224,0.503456,0.050427,0.201089,0.300737,0.500621,0.400136,0.05002,0.005719,0.002063,0.002613,0.007761,0.001178,0.000676,0.00059,0.001914,1.3e-05,0.000335,0.000658,0.00213,0.001672,7.7e-05
5140,364,1983,1619,1619,0,0,0,39,6.844051,0.0,12455.026982,435.342152,2837.813797,2272.419424,1988.12,5140,7,78,6414720.0,743671.9943,6116.3046,2261.1457,48.9662,0.0,0.0,0.0,12,0.035714,1.012086,0.501868,0.501123,1.006987,0.399411,0.313899,0.300062,0.503022,0.050359,0.200987,0.300555,0.500721,0.400053,0.04991,0.005633,0.002058,0.002603,0.007848,0.001187,0.000676,0.00058,0.001886,1.3e-05,0.000335,0.000653,0.002126,0.001668,7.7e-05
5160,366,1994,1628,1628,0,0,0,42,8.389033,0.0,12457.519555,432.453278,2839.15769,2272.421931,1987.39,5160,7,78,6439680.0,747422.5943,6137.022,2268.9436,49.2795,0.0,0.0,0.0,12,0.032787,1.011886,0.501439,0.500682,1.004245,0.39958,0.314183,0.300684,0.503665,0.050307,0.201351,0.299964,0.501861,0.400241,0.049983,0.006069,0.002047,0.002632,0.007752,0.00118,0.000679,0.000586,0.001834,1.4e-05,0.000357,0.00066,0.002189,0.001803,7.7e-05
5180,372,2008,1636,1636,0,0,0,42,8.836376,0.0,12434.386477,434.862939,2836.300684,2272.89055,1970.18,5180,7,78,6464640.0,751173.1943,6157.0705,2281.002,49.5572,0.0,0.0,0.0,12,0.032258,1.011341,0.501824,0.500457,1.00567,0.399992,0.314093,0.301031,0.5026,0.050242,0.201305,0.300361,0.501864,0.400144,0.04995,0.006114,0.002117,0.00258,0.007927,0.001151,0.000674,0.000565,0.001799,1.4e-05,0.000352,0.000653,0.00216,0.001786,8e-05
5200,384,2024,1640,1640,0,0,0,41,7.195812,0.0,12361.787834,447.523586,2825.280602,2272.628777,1912.55,5200,7,78,6489600.0,754944.4433,6177.7794,2298.3667,49.5572,0.0,0.0,0.0,12,0.03125,1.013019,0.50197,0.502084,1.004875,0.400274,0.314467,0.301039,0.502096,0.05024,0.201644,0.300091,0.501036,0.399597,0.049919,0.006136,0.002178,0.002745,0.007951,0.001177,0.000682,0.000579,0.001824,1.4e-05,0.000361,0.00066,0.002178,0.001777,7.9e-05
5220,378,2031,1653,1653,0,0,0,45,9.533007,0.0,12245.244533,447.790144,2822.676849,2272.51194,1946.68,5220,6,78,6514560.0,758722.8833,6198.4968,2313.7429,49.9963,0.0,0.0,0.0,12,0.031746,1.014073,0.502447,0.503258,1.004582,0.399839,0.315039,0.301635,0.501711,0.050262,0.201824,0.299646,0.500335,0.399551,0.049935,0.006273,0.002254,0.002764,0.008181,0.00119,0.000678,0.00059,0.001803,1.4e-05,0.000372,0.00065,0.002222,0.0017,8e-05
5240,372,2038,1666,1666,0,0,0,46,9.850642,0.0,12171.016899,442.643388,2827.50597,2272.642977,1984.29,5240,6,78,6539520.0,762501.3233,6219.0243,2324.5496,50.2021,0.0,0.0,0.0,12,0.032258,1.014302,0.50142,0.501981,1.003675,0.400223,0.315285,0.30244,0.499903,0.050305,0.201796,0.29901,0.499754,0.399921,0.049934,0.00645,0.002012,0.002592,0.007607,0.001206,0.000663,0.000563,0.001736,1.5e-05,0.000367,0.000619,0.002254,0.001734,8.1e-05
5260,369,2045,1676,1676,0,0,0,48,12.184446,0.0,12127.084651,439.525933,2828.289621,2272.766102,2001.72,5260,6,78,6564480.0,766279.7633,6239.282,2333.4255,50.2021,0.0,0.0,0.0,12,0.03252,1.014012,0.501062,0.500721,1.00313,0.399855,0.315289,0.302062,0.499343,0.050367,0.201366,0.299971,0.499713,0.400291,0.049951,0.006487,0.002016,0.002438,0.007735,0.001207,0.000666,0.000538,0.001737,1.4e-05,0.000365,0.000581,0.00223,0.00166,7.8e-05
5280,372,2058,1686,1686,0,0,0,46,12.322084,0.0,12091.583426,439.794508,2827.883407,2272.568089,1994.05,5280,6,78,6589440.0,770067.5063,6259.9994,2345.2129,51.0085,0.0,0.0,0.0,12,0.034946,1.01368,0.501452,0.500831,1.00207,0.400025,0.315346,0.301522,0.498918,0.050408,0.201612,0.299416,0.499032,0.400749,0.05016,0.006381,0.002029,0.00257,0.007683,0.001175,0.000689,0.000553,0.001749,1.6e-05,0.000378,0.000573,0.002172,0.001704,7.8e-05
5300,367,2065,1698,1698,0,0,0,46,12.346132,0.0,12091.393153,435.910376,2831.743492,2272.484031,2023.54,5300,6,78,6614400.0,773859.2363,6280.7168,2355.5602,51.2995,0.0,0.0,0.0,12,0.035422,1.013512,0.501352,0.501332,1.003119,0.400238,0.315373,0.301261,0.499841,0.050399,0.201438,0.299269,0.49827,0.399841,0.050096,0.006328,0.002149,0.002713,0.007642,0.001187,0.00068,0.000566,0.00177,1.6e-05,0.000381,0.000569,0.002173,0.001674,7.8e-05
5320,370,2075,1705,1705,0,0,0,48,11.387516,0.0,12097.759892,437.338125,2831.274359,2272.238206,2023.07,5320,6,78,6639360.0,777651.5678,6301.6647,2365.6044,51.3488,0.0,0.0,0.0,12,0.035135,1.01403,0.501797,0.502021,1.00357,0.400199,0.31561,0.301643,0.499952,0.050493,0.201477,0.299929,0.498678,0.399801,0.050093,0.006651,0.002131,0.00267,0.007758,0.001163,0.000677,0.000551,0.001799,1.6e-05,0.000374,0.000592,0.002171,0.001623,7.7e-05
5340,366,2080,1714,1714,0,0,0,47,10.668749,0.0,12139.800523,436.835745,2832.495506,2270.55427,2042.45,5340,6,78,6664320.0,781470.5198,6324.7886,2376.2229,51.6174,0.0,0.0,0.0,12,0.035519,1.012491,0.501543,0.501489,1.002714,0.400028,0.31573,0.301568,0.500584,0.05049,0.20151,0.300199,0.497444,0.399821,0.050051,0.006559,0.002135,0.002711,0.007749,0.001195,0.000677,0.000557,0.001819,1.6e-05,0.000379,0.00059,0.002207,0.00167,7.6e-05
5360,369,2090,1721,1721,0,0,0,49,10.732645,0.0,12199.742663,438.566617,2830.700738,2268.750496,2037.25,5360,7,78,6689280.0,785308.5548,6349.4235,2386.486,51.8696,0.0,0.0,0.0,12,0.03523,1.011904,0.501425,0.502108,1.002838,0.399635,0.316238,0.301519,0.501867,0.050468,0.201682,0.300695,0.499015,0.398871,0.050021,0.006705,0.002357,0.002803,0.008414,0.001211,0.000716,0.000573,0.001837,1.7e-05,0.000381,0.000591,0.002334,0.001598,7.6e-05
5380,366,2102,1736,1736,0,0,0,51,11.227802,0.0,12277.031659,431.183473,2837.588725,2268.850076,2061.23,5380,7,78,6714240.0,789155.5448,6373.0619,2397.6216,52.3859,0.0,0.0,0.0,12,0.035519,1.009868,0.501587,0.501737,1.003756,0.399055,0.316365,0.301219,0.502554,0.050471,0.201817,0.300044,0.49864,0.397953,0.049946,0.006676,0.002329,0.002642,0.008428,0.00122,0.000691,0.000581,0.00179,1.7e-05,0.000369,0.000588,0.002329,0.001586,7.5e-05
5400,370,2116,1746,1746,0,0,0,49,9.981114,0.0,12348.298408,433.753573,2836.265313,2270.885944,2045.87,5400,7,78,6739200.0,793002.5348,6394.5429,2411.8267,52.7413,0.0,0.0,0.0,12,0.035135,1.010782,0.501891,0.501196,1.005012,0.398378,0.31619,0.300983,0.502551,0.050583,0.201727,0.299797,0.499723,0.39828,0.050053,0.006612,0.002378,0.002621,0.008272,0.001244,0.000711,0.000582,0.001812,1.7e-05,0.000374,0.000579,0.002453,0.001611,7.8e-05
5420,371,2128,1757,1757,0,0,0,48,11.181752,0.0,12409.330602,435.392727,2833.425521,2270.905752,2051.39,5420,7,78,6764160.0,796849.5248,6418.1479,2426.4358,53.1385,0.0,0.0,0.0,12,0.03504,1.009895,0.503088,0.501592,1.005068,0.398947,0.316856,0.300778,0.502726,0.050487,0.201894,0.300287,0.499738,0.397779,0.049989,0.006876,0.002453,0.002659,0.008117,0.001231,0.000731,0.000569,0.001803,1.7e-05,0.000384,0.000618,0.002391,0.001625,7.9e-05
5440,367,2131,1764,1764,0,0,0,47,8.293306,0.0,12479.053208,437.695395,2834.011299,2270.354512,2088.44,5440,7,78,6789120.0,800696.5148,6443.0238,2437.4463,53.3297,0.0,0.0,0.0,12,0.035422,1.008832,0.502793,0.500928,1.006104,0.39866,0.316477,0.300159,0.502836,0.050452,0.201723,0.300328,0.500664,0.398064,0.049926,0.006711,0.002348,0.002494,0.008163,0.00124,0.000742,0.000559,0.00177,1.7e-05,0.000381,0.000624,0.002354,0.001603,7.4e-05
5460,364,2138,1774,1774,0,0,0,47,8.135163,0.0,12574.989112,433.477447,2838.38739,2270.155946,2105.79,5460,7,78,6814080.0,804543.5048,6467.9603,2444.2562,53.593,0.0,0.0,0.0,12,0.035714,1.01211,0.502771,0.501614,1.006879,0.399311,0.316916,0.300637,0.502395,0.050454,0.201269,0.300671,0.500494,0.397064,0.049695,0.006616,0.0023,0.002516,0.008243,0.001228,0.000758,0.000553,0.001735,1.7e-05,0.000378,0.000645,0.002382,0.001582,7.6e-05
5480,372,2154,1782,1782,0,0,0,48,8.606846,0.0,12661.166686,434.342964,2837.050189,2270.092209,2074.74,5480,7,78,6839040.0,808390.4948,6492.8968,2454.2541,53.6536,0.0,0.0,0.0,12,0.037634,1.012301,0.502933,0.500922,1.007297,0.398976,0.316956,0.300482,0.502874,0.050489,0.200621,0.300912,0.501759,0.398057,0.049728,0.006566,0.002308,0.002549,0.00888,0.001216,0.000768,0.000569,0.001702,1.8e-05,0.000363,0.000675,0.002323,0.001557,7.3e-05
5500,373,2164,1791,1791,0,0,0,48,8.879534,0.0,12720.106672,439.552428,2831.568038,2270.016145,2067.79,5500,7,78,6864000.0,812237.4848,6517.8922,2470.1518,54.0006,0.0,0.0,0.0,12,0.037534,1.011397,0.503045,0.500385,1.007284,0.398802,0.317354,0.30011,0.502514,0.050463,0.200008,0.300872,0.500105,0.39893,0.049822,0.006581,0.002381,0.002607,0.008785,0.00122,0.000806,0.000567,0.00178,1.8e-05,0.000378,0.00068,0.002367,0.001607,7.2e-05
5520,371,2171,1800,1800,0,0,0,51,9.35338,0.0,12759.543761,440.659418,2829.987202,2268.819183,2089.45,5520,7,78,6888960.0,816084.4748,6544.3088,2482.1277,54.1906,0.0,0.0,0.0,12,0.037736,1.012054,0.504311,0.500832,1.007895,0.398932,0.31771,0.300065,0.502634,0.05039,0.19992,0.301029,0.498763,0.398671,0.049844,0.006757,0.002365,0.002667,0.008643,0.001206,0.000808,0.000556,0.001789,1.6e-05,0.000374,0.000674,0.002357,0.001609,7.4e-05
5540,369,2178,1809,1809,0,0,0,52,9.683265,0.0,12810.936399,439.718882,2830.597853,2266.935629,2117.01,5540,7,78,6913920.0,819931.4648,6572.2839,2491.9036,54.5363,0.0,0.0,0.0,12,0.03794,1.012223,0.503325,0.501368,1.007144,0.399419,0.317364,0.299867,0.501984,0.050336,0.199669,0.301014,0.498063,0.399143,0.049738,0.006708,0.002371,0.002702,0.008567,0.001195,0.000794,0.000577,0.001772,1.6e-05,0.000371,0.000683,0.00226,0.001609,7.2e-05
5560,367,2183,1816,1816,0,0,0,53,10.406654,0.0,12864.314041,438.817304,2830.776042,2264.809855,2140.56,5560,7,78,6938880.0,823778.4548,6601.4628,2499.3517,54.9093,0.0,0.0,0.0,12,0.038147,1.009839,0.503354,0.501402,1.00765,0.398885,0.317479,0.300614,0.501979,0.05039,0.199611,0.300674,0.498435,0.398843,0.049768,0.006766,0.002351,0.00266,0.008563,0.001212,0.000782,0.000592,0.001775,1.6e-05,0.000359,0.000686,0.002223,0.001607,7.2e-05
5580,376,2196,1820,1820,0,0,0,52,9.072828,0.0,12905.609834,442.324101,2828.603071,2263.284059,2107.0,5580,7,78,6963840.0,827630.4098,6630.7739,2507.4362,55.2239,0.0,0.0,0.0,12,0.037234,1.009269,0.50384,0.501589,1.0075,0.39824,0.317049,0.300658,0.502912,0.050364,0.199323,0.301213,0.498979,0.398368,0.049867,0.006857,0.002461,0.00285,0.008497,0.001209,0.000812,0.000581,0.001787,1.7e-05,0.000353,0.000722,0.002192,0.001596,7.6e-05
5600,384,2207,1823,1823,0,0,0,49,7.359766,0.0,12901.213829,450.501607,2822.138627,2261.687714,2079.29,5600,7,78,6988800.0,831487.3298,6660.6306,2519.368,55.4574,0.0,0.0,0.0,12,0.036458,1.008926,0.502778,0.50061,1.007509,0.398763,0.317531,0.300508,0.502656,0.050395,0.19942,0.301267,0.498466,0.398627,0.049854,0.00681,0.002412,0.002695,0.008801,0.001212,0.000828,0.000596,0.001855,1.6e-05,0.000361,0.000747,0.002201,0.001655,7.6e-05
5620,385,2220,1835,1835,0,0,0,54,8.862446,0.0,12849.630106,449.887917,2821.249638,2259.305719,2064.26,5620,7,78,7013760.0,835344.2498,6692.1802,2533.2197,55.919,0.0,0.0,0.0,12,0.036364,1.008142,0.502012,0.501477,1.003599,0.398608,0.316185,0.300384,0.502401,0.050433,0.199846,0.301004,0.49742,0.398649,0.049857,0.006808,0.002336,0.002747,0.008002,0.001171,0.000862,0.000596,0.001894,1.7e-05,0.000364,0.00075,0.002133,0.001637,7.6e-05
5640,381,2227,1846,1846,0,0,0,55,10.100942,0.0,12781.766757,452.545841,2817.353217,2256.641791,2093.23,5640,7,78,7038720.0,839201.1698,6725.0885,2548.0187,56.7628,0.0,0.0,0.0,12,0.034121,1.009562,0.501948,0.50179,1.002526,0.39825,0.316759,0.300293,0.502891,0.050441,0.200529,0.300976,0.497668,0.398587,0.049805,0.006716,0.002361,0.002749,0.007772,0.00116,0.000857,0.000595,0.001928,1.7e-05,0.000384,0.000758,0.002198,0.001676,7.3e-05
5660,380,2234,1854,1854,0,0,0,55,10.929014,0.0,12732.82683,451.339399,2817.731587,2254.573394,2104.17,5660,6,78,7063680.0,843058.0898,6758.3347,2556.7835,57.1513,0.0,0.0,0.0,12,0.034211,1.007521,0.502479,0.501762,1.002666,0.397789,0.316592,0.300026,0.50316,0.050412,0.200605,0.300844,0.498453,0.397454,0.049939,0.006461,0.002417,0.002729,0.007944,0.00115,0.000835,0.000603,0.001982,1.7e-05,0.000384,0.000766,0.002227,0.001602,7.3e-05
5680,386,2247,1861,1861,0,0,0,50,8.47191,0.0,12666.272735,452.927679,2818.600411,2253.07832,2082.13,5680,6,78,7088640.0,846915.0098,6791.5808,2566.6609,57.2382,0.0,0.0,0.0,12,0.031088,1.009305,0.502051,0.502692,1.001133,0.397976,0.316746,0.300229,0.503119,0.050362,0.200724,0.3005,0.498663,0.397281,0.049889,0.007002,0.002453,0.002748,0.008028,0.001157,0.000866,0.000608,0.001984,1.7e-05,0.000384,0.000784,0.002275,0.001572,7.4e-05
5700,383,2253,1870,1870,0,0,0,46,9.378671,0.0,12596.886869,453.546339,2817.07499,2251.951071,2104.04,5700,6,78,7113600.0,850771.9298,6824.827,2577.6144,57.6616,0.0,0.0,0.0,12,0.031332,1.00942,0.501558,0.502197,1.001406,0.398013,0.316864,0.300032,0.503017,0.050326,0.200681,0.300947,0.499064,0.397263,0.050003,0.006917,0.002463,0.002743,0.008063,0.001146,0.000856,0.000604,0.00197,1.7e-05,0.000374,0.000774,0.002285,0.001574,7.3e-05
5720,384,2267,1883,1883,0,0,0,50,10.398686,0.0,12506.373833,451.945257,2817.656057,2251.074861,2095.96,5720,7,78,7138560.0,854628.8498,6858.0731,2590.402,58.2707,0.0,0.0,0.0,12,0.033854,1.010419,0.500791,0.501563,1.003047,0.398426,0.316783,0.300292,0.501576,0.050268,0.201177,0.300522,0.498801,0.397168,0.049909,0.006691,0.002372,0.002589,0.008276,0.001119,0.000816,0.000576,0.002,1.7e-05,0.000372,0.000757,0.002292,0.001552,7.2e-05
5740,387,2280,1893,1893,0,0,0,48,11.723868,0.0,12424.694359,453.371238,2814.904894,2250.377955,2087.3,5740,7,78,7163520.0,858485.7698,6891.3193,2603.5711,58.6285,0.0,0.0,0.0,12,0.036176,1.010396,0.501554,0.501349,1.002406,0.397803,0.317279,0.300618,0.501892,0.050314,0.20146,0.300161,0.498922,0.397719,0.050033,0.006523,0.002491,0.00259,0.008709,0.001124,0.000812,0.000591,0.002076,1.7e-05,0.000369,0.000756,0.002385,0.001558,7.4e-05
5760,392,2294,1902,1902,0,0,0,45,9.214947,0.0,12344.559385,457.926199,2812.858854,2252.558602,2072.73,5760,7,78,7188480.0,862342.6898,6921.5517,2618.5556,58.8449,0.0,0.0,0.0,12,0.035714,1.01077,0.501259,0.501067,1.002847,0.39798,0.318104,0.300417,0.501358,0.0503,0.201796,0.299257,0.499805,0.398239,0.050151,0.006953,0.002471,0.002688,0.008451,0.001139,0.000814,0.000593,0.00213,1.8e-05,0.000384,0.000728,0.002418,0.001628,7.9e-05
5780,389,2298,1909,1909,0,0,0,49,10.68751,0.0,12213.76004,463.2595,2806.05299,2255.031543,2091.33,5780,7,78,7213440.0,866206.0448,6950.5828,2632.32,58.8449,0.0,0.0,0.0,12,0.03599,1.01188,0.501225,0.500428,1.002309,0.397679,0.318584,0.300257,0.500728,0.050228,0.20186,0.299532,0.499436,0.398121,0.050144,0.007056,0.002455,0.002511,0.008644,0.001179,0.000822,0.000594,0.002105,1.9e-05,0.000381,0.00073,0.002476,0.001645,7.9e-05
5800,381,2303,1922,1922,0,0,0,55,12.517454,0.0,12119.427389,455.223384,2812.259162,2259.469523,2142.01,5800,7,78,7238400.0,870075.8348,6975.8755,2640.1596,58.9527,0.0,0.0,0.0,12,0.036745,1.011395,0.501479,0.501082,1.003719,0.398101,0.318624,0.300343,0.500262,0.050329,0.201741,0.299711,0.498601,0.397666,0.050154,0.007105,0.002491,0.00253,0.00839,0.001199,0.000821,0.000583,0.002083,1.8e-05,0.00036,0.000724,0.002355,0.001616,7.9e-05
5820,381,2313,1932,1932,0,0,0,52,9.723243,0.0,12075.957886,452.031899,2818.244859,2261.797032,2140.29,5820,7,78,7263360.0,873945.6248,7001.1683,2648.8747,59.5843,0.0,0.0,0.0,12,0.036745,1.009695,0.500303,0.500641,1.003053,0.397841,0.318462,0.300406,0.500596,0.050349,0.201645,0.299832,0.49835,0.397938,0.050196,0.007082,0.002454,0.002525,0.008602,0.001203,0.000857,0.000586,0.002065,1.9e-05,0.000366,0.000709,0.002447,0.001598,7.9e-05
5840,384,2323,1939,1939,0,0,0,54,10.117445,0.0,12033.088133,454.416401,2815.466155,2262.858994,2138.03,5840,7,78,7288320.0,877815.4148,7026.461,2659.4799,59.7965,0.0,0.0,0.0,12,0.036458,1.010044,0.50062,0.500421,1.00377,0.398122,0.317871,0.300459,0.50018,0.050326,0.201704,0.299646,0.498891,0.398192,0.049978,0.006995,0.002462,0.002516,0.008707,0.001202,0.000834,0.000587,0.002053,1.8e-05,0.000373,0.000665,0.002428,0.001577,7.7e-05
5860,382,2334,1952,1952,0,0,0,56,12.883473,0.0,11967.197511,451.683274,2815.433253,2263.287663,2141.84,5860,7,78,7313280.0,881685.2048,7051.7538,2671.1589,60.6629,0.0,0.0,0.0,12,0.036649,1.010515,0.500371,0.501282,1.004101,0.398504,0.318148,0.300234,0.501625,0.05039,0.201436,0.299739,0.499266,0.398078,0.04977,0.007015,0.002391,0.002645,0.00894,0.001226,0.000844,0.000628,0.002114,1.9e-05,0.000365,0.000691,0.00243,0.001581,7.4e-05
5880,383,2343,1960,1960,0,0,0,52,11.052156,0.0,11923.50473,454.749255,2814.198588,2263.427284,2120.35,5880,7,78,7338240.0,885554.9948,7077.0465,2683.6276,60.8815,0.0,0.0,0.0,12,0.036554,1.011074,0.499306,0.500329,1.002142,0.39838,0.31822,0.300356,0.501495,0.050421,0.200985,0.29945,0.49961,0.398774,0.0498,0.00657,0.002396,0.002671,0.009228,0.001248,0.000864,0.000648,0.002133,1.9e-05,0.000369,0.000689,0.00253,0.001583,7.6e-05
5900,376,2350,1974,1974,0,0,0,54,11.559281,0.0,11922.14705,447.238284,2821.202435,2263.442335,2169.75,5900,7,78,7363200.0,889444.1933,7102.3392,2692.8442,60.955,0.0,0.0,0.0,12,0.034574,1.011169,0.500663,0.502566,1.001418,0.399181,0.319167,0.300669,0.501475,0.050414,0.201072,0.299441,0.498496,0.398463,0.049894,0.006839,0.002496,0.003205,0.009011,0.001277,0.000888,0.000642,0.002123,2e-05,0.000369,0.000693,0.002485,0.0016,7.8e-05
5920,365,2354,1989,1989,0,0,0,56,12.944982,0.0,12002.87022,437.39108,2829.663938,2265.350286,2217.98,5920,7,78,7388160.0,893334.4133,7125.3169,2700.5331,60.955,0.0,0.0,0.0,12,0.035616,1.011119,0.500069,0.502557,1.002631,0.399675,0.319387,0.300656,0.501321,0.050389,0.2008,0.299915,0.498639,0.398861,0.049659,0.006833,0.002374,0.003174,0.009234,0.001309,0.000899,0.000643,0.002025,2e-05,0.000358,0.000688,0.002532,0.001629,7.6e-05
5940,369,2366,1997,1997,0,0,0,61,13.842255,0.0,12093.574776,436.025115,2830.13263,2267.147817,2208.15,5940,7,78,7413120.0,897224.6333,7146.7511,2709.0543,61.3543,0.0,0.0,0.0,12,0.03523,1.00937,0.500458,0.502183,1.001835,0.400037,0.318817,0.300887,0.500342,0.050321,0.200492,0.299908,0.497653,0.398201,0.04969,0.006413,0.002431,0.003083,0.009141,0.001287,0.000888,0.00063,0.00204,1.9e-05,0.000365,0.000703,0.002479,0.001558,7.6e-05
5960,365,2375,2010,2010,0,0,0,61,14.067219,0.0,12218.940734,431.271197,2834.661584,2267.937009,2228.3,5960,7,78,7438080.0,901114.8533,7168.1854,2719.1219,62.1748,0.0,0.0,0.0,12,0.035616,1.010002,0.499177,0.502093,0.999735,0.399028,0.319447,0.301281,0.500339,0.050447,0.200512,0.300052,0.497705,0.397701,0.049505,0.006516,0.00238,0.003029,0.00892,0.001271,0.000866,0.000627,0.002032,1.9e-05,0.000364,0.000741,0.002535,0.001533,7.8e-05
5980,368,2382,2014,2014,0,0,0,57,10.945154,0.0,12362.892169,436.759534,2832.295313,2268.252725,2227.9,5980,7,78,7463040.0,905005.0733,7189.6196,2729.261,62.4091,0.0,0.0,0.0,12,0.038043,1.00912,0.499755,0.502097,1.000323,0.39909,0.31946,0.301281,0.500417,0.050483,0.200509,0.299869,0.497305,0.397654,0.049609,0.006499,0.00251,0.003065,0.008528,0.001255,0.000857,0.000633,0.002011,1.9e-05,0.000367,0.00075,0.002427,0.001524,8e-05
6000,374,2397,2023,2023,0,0,0,59,14.499993,0.0,12435.538216,438.201761,2827.298246,2268.36,2184.35,6000,7,78,7488000.0,908900.9738,7211.0539,2741.1307,62.5685,0.0,0.0,0.0,12,0.037433,1.008272,0.499095,0.501467,1.000487,0.39892,0.319303,0.30187,0.501494,0.050523,0.200847,0.299966,0.49644,0.397159,0.049728,0.006537,0.002496,0.003022,0.008518,0.001245,0.000854,0.000643,0.001984,1.9e-05,0.000366,0.000751,0.002395,0.00147,8.1e-05
6020,382,2409,2027,2027,0,0,0,61,12.025298,0.0,12499.170181,447.721614,2820.253088,2268.379106,2155.85,6020,7,78,7512960.0,912819.1778,7232.4881,2755.3061,62.8475,0.0,0.0,0.0,12,0.036649,1.006718,0.499139,0.502361,1.000729,0.398637,0.319195,0.30209,0.501867,0.050485,0.201178,0.299989,0.496587,0.397505,0.049877,0.006991,0.002518,0.002991,0.008384,0.001267,0.000844,0.000628,0.002015,1.9e-05,0.000379,0.000779,0.002331,0.001517,8.4e-05
6040,380,2417,2037,2037,0,0,0,61,12.587638,0.0,12539.473912,448.932684,2818.479678,2268.362517,2164.37,6040,7,78,7537920.0,916745.2178,7253.9224,2768.4002,63.0364,0.0,0.0,0.0,12,0.036842,1.007696,0.498953,0.5021,1.000325,0.398066,0.319269,0.302011,0.502331,0.050526,0.20087,0.299704,0.496509,0.397516,0.050145,0.007053,0.002488,0.002978,0.008354,0.001246,0.00087,0.00064,0.002071,1.9e-05,0.000378,0.000792,0.002337,0.001524,8.5e-05
6060,380,2427,2047,2047,0,0,0,64,12.648185,0.0,12605.484182,448.292224,2819.059591,2268.332655,2162.37,6060,7,78,7562880.0,920695.0478,7275.3566,2780.2481,63.068,0.0,0.0,0.0,12,0.036842,1.006963,0.499475,0.500453,1.002519,0.398245,0.318744,0.302077,0.502012,0.050511,0.201041,0.300214,0.497801,0.39776,0.050003,0.007029,0.002424,0.002783,0.008285,0.001268,0.000871,0.000634,0.002086,1.9e-05,0.000381,0.000795,0.002305,0.001543,8.5e-05
6080,382,2434,2052,2052,0,0,0,64,12.903886,0.0,12660.280354,451.736115,2815.359999,2268.298936,2142.69,6080,7,78,7587840.0,924644.8778,7296.7908,2789.6991,63.1634,0.0,0.0,0.0,12,0.036649,1.006786,0.499331,0.499947,1.000286,0.398104,0.318587,0.302553,0.501987,0.050504,0.201139,0.300134,0.498407,0.398456,0.049995,0.007124,0.002498,0.002755,0.008267,0.001258,0.00086,0.000621,0.002088,1.9e-05,0.000387,0.000785,0.002362,0.001545,8.7e-05
6100,386,2444,2058,2058,0,0,0,61,12.259952,0.0,12664.710843,455.66532,2812.074728,2267.515726,2138.01,6100,7,78,7612800.0,928594.7078,7319.129,2800.5663,63.7197,0.0,0.0,0.0,12,0.036269,1.006933,0.497944,0.499823,1.002231,0.397573,0.317941,0.301565,0.502523,0.050559,0.20102,0.300561,0.497679,0.398749,0.050174,0.007268,0.00225,0.002595,0.008097,0.001323,0.000868,0.000628,0.002173,1.9e-05,0.000371,0.000806,0.002319,0.001517,8.4e-05
6120,384,2452,2068,2068,0,0,0,60,10.375016,0.0,12687.181131,453.480998,2816.143986,2265.755865,2144.7,6120,7,78,7637760.0,932546.3423,7343.4986,2809.9753,63.7197,0.0,0.0,0.0,12,0.033854,1.006786,0.498542,0.499916,0.99973,0.397766,0.31781,0.301593,0.503616,0.050536,0.201277,0.300261,0.498924,0.398491,0.050355,0.007486,0.002307,0.002618,0.008003,0.001319,0.00088,0.000655,0.00215,2e-05,0.000381,0.000823,0.002361,0.001517,8.8e-05
6140,382,2459,2077,2077,0,0,0,61,12.888852,0.0,12734.827637,452.893913,2814.217236,2264.059603,2148.03,6140,7,78,7662720.0,936525.2183,7369.0986,2819.9095,63.7793,0.0,0.0,0.0,12,0.034031,1.007843,0.499413,0.499501,1.001038,0.397805,0.317971,0.301209,0.503658,0.050477,0.201347,0.300794,0.498982,0.398687,0.050413,0.007588,0.002264,0.002568,0.008043,0.001305,0.000892,0.000631,0.002281,2e-05,0.00038,0.000814,0.002302,0.001512,8.8e-05
6160,383,2468,2085,2085,0,0,0,61,12.119561,0.0,12804.44273,454.765114,2813.115326,2263.154637,2159.1,6160,7,78,7687680.0,940529.6183,7394.7383,2831.2914,63.9059,0.0,0.0,0.0,12,0.033943,1.00851,0.499957,0.500449,1.002093,0.397905,0.319085,0.301553,0.503802,0.050469,0.20136,0.3009,0.498306,0.398755,0.050611,0.007655,0.002387,0.002713,0.008364,0.001357,0.000907,0.000651,0.00243,2e-05,0.000387,0.000846,0.002366,0.001567,9.1e-05
6180,376,2474,2098,2098,0,0,0,62,12.719973,0.0,12902.081351,448.387498,2818.892528,2262.660282,2212.59,6180,7,78,7712640.0,944534.0183,7420.378,2840.144,64.1405,0.0,0.0,0.0,12,0.034574,1.009697,0.499097,0.500092,1.002676,0.398688,0.319343,0.301107,0.50366,0.050408,0.200921,0.300856,0.498526,0.398996,0.050703,0.007423,0.00239,0.002743,0.008306,0.001382,0.000926,0.000632,0.002468,2e-05,0.000387,0.000802,0.002368,0.001553,8.7e-05
6200,384,2491,2107,2107,0,0,0,65,11.669726,0.0,13020.650818,448.154541,2820.175732,2262.380708,2168.46,6200,7,78,7737600.0,948538.4183,7446.0177,2850.5186,64.1405,0.0,0.0,0.0,12,0.03125,1.012365,0.498879,0.500342,1.001542,0.398619,0.319654,0.301,0.504185,0.050365,0.201534,0.300603,0.499219,0.399084,0.050735,0.00752,0.002416,0.002854,0.00871,0.00137,0.000953,0.000662,0.00249,2e-05,0.000402,0.000827,0.002467,0.001618,9e-05
6220,382,2501,2119,2119,0,0,0,70,13.353934,0.0,13120.059339,450.070308,2816.575758,2262.448451,2186.31,6220,7,78,7762560.0,952542.8183,7471.4106,2866.4799,64.3528,0.0,0.0,0.0,12,0.031414,1.013679,0.49873,0.500458,1.002714,0.398191,0.319335,0.301331,0.504098,0.050305,0.201386,0.300853,0.499012,0.398038,0.050625,0.007481,0.002502,0.00275,0.008585,0.001357,0.000951,0.000665,0.002438,2e-05,0.000401,0.00085,0.002409,0.001577,9.1e-05
6240,388,2512,2124,2124,0,0,0,69,12.096312,0.0,13175.225908,459.240872,2808.662816,2262.431697,2158.65,6240,7,78,7787520.0,956548.4213,7496.6475,2881.666,64.3528,0.0,0.0,0.0,12,0.030928,1.014062,0.499771,0.501225,1.002818,0.398363,0.319511,0.301637,0.504053,0.050328,0.201351,0.301153,0.499008,0.397336,0.050495,0.007309,0.002573,0.00281,0.008537,0.001339,0.00096,0.00068,0.002553,2e-05,0.000396,0.000842,0.002435,0.001539,9.4e-05
6260,392,2524,2132,2132,0,0,0,68,14.632486,0.0,13167.722543,463.847542,2801.519972,2262.188428,2136.23,6260,7,78,7812480.0,960564.8513,7522.2872,2895.2156,64.8692,0.0,0.0,0.0,12,0.030612,1.015061,0.499579,0.500507,1.001382,0.398358,0.31984,0.301883,0.503593,0.050393,0.200926,0.301358,0.498924,0.397914,0.050315,0.007803,0.00252,0.002747,0.00837,0.001355,0.000986,0.000683,0.002642,2.1e-05,0.000404,0.00087,0.002436,0.001532,9.3e-05
6280,390,2532,2142,2142,0,0,0,67,12.265309,0.0,13182.762731,463.665495,2804.069196,2262.069691,2157.12,6280,7,78,7837440.0,964581.2813,7547.9269,2907.2821,65.151,0.0,0.0,0.0,12,0.030769,1.014824,0.499619,0.499971,1.002409,0.397999,0.320128,0.30207,0.504787,0.050432,0.200713,0.301577,0.499139,0.397015,0.0505,0.007921,0.002417,0.002774,0.008318,0.001336,0.000984,0.000672,0.002626,2.1e-05,0.000402,0.000875,0.002455,0.001543,9e-05
6300,391,2542,2151,2151,0,0,0,69,12.641392,0.0,13199.579198,464.928061,2802.430547,2262.006848,2167.49,6300,7,78,7862400.0,968613.7193,7573.5666,2918.4205,65.8429,0.0,0.0,0.0,12,0.030691,1.01639,0.499582,0.499922,1.004311,0.397888,0.320963,0.30211,0.504664,0.050357,0.200808,0.301688,0.499181,0.397052,0.050406,0.00775,0.002428,0.002781,0.008541,0.001346,0.001004,0.000672,0.002601,2.1e-05,0.000405,0.000881,0.002485,0.001558,9.1e-05
6320,395,2551,2156,2156,0,0,0,62,10.143192,0.0,13183.384885,471.204113,2798.652695,2261.969803,2143.91,6320,7,78,7887360.0,972650.1593,7599.2063,2930.4642,66.1521,0.0,0.0,0.0,12,0.03038,1.017732,0.499961,0.50087,1.005173,0.398096,0.320727,0.301503,0.505136,0.050283,0.200931,0.301808,0.499706,0.397258,0.050534,0.008117,0.002547,0.002998,0.008526,0.001351,0.001025,0.000696,0.002693,2.2e-05,0.000421,0.000887,0.002485,0.001591,9.1e-05
6340,394,2563,2169,2169,0,0,0,65,15.595935,0.0,13128.746986,467.938982,2796.465083,2261.945113,2140.19,6340,7,78,7912320.0,976694.6588,7624.846,2943.0446,66.3534,0.0,0.0,0.0,12,0.030457,1.01787,0.500127,0.50059,1.006391,0.397977,0.320999,0.300996,0.504891,0.05031,0.200937,0.301908,0.498813,0.39658,0.050587,0.007952,0.002588,0.003076,0.00853,0.001336,0.001034,0.000712,0.002646,2.1e-05,0.000442,0.000904,0.002468,0.001581,8.9e-05
6360,395,2573,2178,2178,0,0,0,64,13.338998,0.0,13098.969062,471.012067,2795.648935,2261.926666,2134.22,6360,7,78,7937280.0,980749.0088,7650.4857,2956.9258,66.7533,0.0,0.0,0.0,12,0.03038,1.017769,0.499942,0.500443,1.003519,0.398673,0.321223,0.30129,0.505408,0.050331,0.201142,0.302091,0.498932,0.396055,0.050384,0.008173,0.002594,0.003097,0.008968,0.001347,0.001027,0.000713,0.002679,2.2e-05,0.000442,0.000893,0.002496,0.001573,9.1e-05
6380,399,2586,2187,2187,0,0,0,65,12.429422,0.0,13079.050844,471.911048,2795.65953,2261.580182,2122.47,6380,7,78,7962240.0,984803.3588,7676.5056,2968.2065,67.0576,0.0,0.0,0.0,12,0.030075,1.018868,0.498753,0.499978,1.000911,0.398214,0.32168,0.301848,0.50391,0.050299,0.20129,0.302339,0.499175,0.396312,0.050312,0.008218,0.002425,0.003035,0.008806,0.001365,0.001027,0.000707,0.002704,2.2e-05,0.000442,0.000864,0.00256,0.001584,8.9e-05
6400,391,2597,2206,2206,0,0,0,68,14.579532,0.0,13063.653341,464.286945,2801.133523,2260.025685,2165.73,6400,7,78,7987200.0,988857.7088,7704.5187,2982.4767,69.0798,0.0,0.0,0.0,12,0.030691,1.017527,0.499647,0.500963,1.000696,0.397733,0.321586,0.302388,0.504857,0.050281,0.200952,0.301953,0.501096,0.39603,0.050286,0.008236,0.002424,0.003096,0.008047,0.001302,0.001005,0.000675,0.00274,2.1e-05,0.000421,0.000913,0.002555,0.001528,8.9e-05
6420,388,2602,2214,2214,0,0,0,66,12.076133,0.0,13095.15535,466.394819,2801.529048,2258.303403,2197.27,6420,7,78,8012160.0,992904.7853,7733.9755,2994.0101,69.3607,0.0,0.0,0.0,12,0.030928,1.017879,0.499219,0.500278,0.998863,0.398258,0.3213,0.302642,0.504814,0.050207,0.200973,0.301794,0.50123,0.395615,0.050282,0.008025,0.002441,0.003101,0.00828,0.001311,0.001004,0.000684,0.002711,2.1e-05,0.000429,0.000878,0.002596,0.001555,9.1e-05
6440,388,2613,2225,2225,0,0,0,60,12.052341,0.0,13123.516377,463.617105,2804.330554,2257.293514,2207.47,6440,7,78,8037120.0,996954.8018,7763.7075,3003.7714,70.8684,0.0,0.0,0.0,12,0.030928,1.017242,0.498555,0.50065,1.002088,0.398432,0.321164,0.302668,0.505413,0.050186,0.200393,0.301014,0.499821,0.395674,0.050328,0.007861,0.002435,0.002857,0.00895,0.001293,0.001005,0.000667,0.002706,2e-05,0.000395,0.00088,0.002448,0.001501,9e-05
6460,386,2622,2236,2236,0,0,0,63,13.299927,0.0,13204.364064,458.592906,2808.107167,2256.770357,2225.91,6460,7,78,8062080.0,1001017.5518,7793.4394,3011.873,71.1506,0.0,0.0,0.0,12,0.033679,1.016187,0.497929,0.500298,1.001885,0.398132,0.321731,0.30288,0.50549,0.050188,0.200319,0.30096,0.498864,0.39523,0.050401,0.007683,0.002381,0.00289,0.008769,0.001258,0.000992,0.000666,0.00268,2e-05,0.000388,0.000876,0.002406,0.001521,8.8e-05
6480,396,2637,2241,2241,0,0,0,55,9.16191,0.0,13252.856924,465.647305,2805.190786,2256.491341,2178.33,6480,7,78,8087040.0,1005080.3018,7823.1714,3024.9486,71.6382,0.0,0.0,0.0,12,0.032828,1.015969,0.498238,0.501258,1.001365,0.3979,0.321897,0.303408,0.504636,0.050098,0.20038,0.301279,0.498317,0.394951,0.050586,0.007939,0.002398,0.003147,0.009005,0.001336,0.001026,0.000674,0.002662,2e-05,0.000402,0.000872,0.002493,0.0015,8.9e-05
6500,394,2647,2253,2253,0,0,0,58,11.82048,0.0,13252.578706,466.581119,2801.598401,2256.753701,2194.48,6500,7,78,8112000.0,1009143.0518,7852.4829,3040.6013,71.6382,0.0,0.0,0.0,12,0.032995,1.015192,0.497966,0.500154,0.998668,0.398043,0.322292,0.303547,0.503634,0.050044,0.200206,0.300809,0.498637,0.39525,0.050392,0.00793,0.002414,0.003133,0.008897,0.001288,0.001037,0.000647,0.002699,2.1e-05,0.0004,0.000882,0.002563,0.001552,8.7e-05
6520,394,2660,2266,2266,0,0,0,58,12.520763,0.0,13254.908088,465.501032,2801.978205,2259.641279,2200.91,6520,7,78,8136960.0,1013208.9638,7878.0094,3054.831,71.8369,0.0,0.0,0.0,12,0.032995,1.014405,0.498007,0.499461,0.999477,0.39944,0.322193,0.303507,0.503715,0.050025,0.200402,0.301223,0.498388,0.395196,0.050332,0.008082,0.002343,0.003097,0.008946,0.001285,0.001053,0.000667,0.002718,2.1e-05,0.000401,0.000883,0.002629,0.00153,8.5e-05
6540,392,2665,2273,2273,0,0,0,57,11.498473,0.0,13308.740967,469.235737,2799.265789,2261.056433,2222.84,6540,7,78,8161920.0,1017307.7303,7903.5359,3066.6147,72.1662,0.0,0.0,0.0,12,0.033163,1.015883,0.497417,0.499848,1.000257,0.399417,0.322481,0.303664,0.503994,0.050059,0.200657,0.301307,0.498488,0.395227,0.050238,0.008343,0.002265,0.002964,0.008906,0.001313,0.001042,0.000658,0.002722,2.2e-05,0.000396,0.000921,0.002662,0.001533,8.5e-05
6560,392,2674,2282,2282,0,0,0,58,12.180917,0.0,13366.15441,467.962719,2799.856364,2261.70153,2227.61,6560,7,78,8186880.0,1021407.5603,7929.0624,3075.9321,72.55,0.0,0.0,0.0,12,0.035714,1.015031,0.498407,0.500691,1.000586,0.398909,0.322444,0.303599,0.504932,0.05011,0.201037,0.301241,0.49787,0.39439,0.0503,0.0083,0.002406,0.003198,0.009265,0.001347,0.001051,0.000677,0.002805,2.2e-05,0.0004,0.000916,0.002669,0.001594,8.6e-05
6580,387,2684,2297,2297,0,0,0,62,15.042045,0.0,13455.14891,459.913552,2805.044403,2261.984006,2223.86,6580,7,78,8211840.0,1025507.3903,7954.589,3086.1373,72.55,0.0,0.0,0.0,12,0.036176,1.015917,0.4986,0.501317,1.003163,0.398754,0.322326,0.303841,0.505066,0.050194,0.200827,0.301119,0.499696,0.393942,0.050074,0.008368,0.002362,0.003223,0.009572,0.001369,0.001065,0.000671,0.002816,2.2e-05,0.000372,0.000934,0.002681,0.001563,8.7e-05
6600,387,2691,2304,2304,0,0,0,60,12.748319,0.0,13582.940523,463.086438,2804.165243,2262.103911,2233.7,6600,7,78,8236800.0,1029621.3188,7980.1155,3096.9603,72.9747,0.0,0.0,0.0,12,0.036176,1.015569,0.498446,0.501455,1.002687,0.398712,0.322576,0.303267,0.504904,0.050134,0.200766,0.301292,0.499272,0.394235,0.050006,0.008404,0.00237,0.003209,0.009671,0.00137,0.001067,0.000702,0.002831,2.1e-05,0.000379,0.000929,0.002718,0.001638,8.7e-05
6620,387,2704,2317,2317,0,0,0,60,14.884849,0.0,13715.416661,458.090823,2807.024328,2262.152671,2233.64,6620,8,78,8261760.0,1033756.4948,8005.642,3107.9315,73.1126,0.0,0.0,0.0,12,0.036176,1.014951,0.498922,0.501372,1.001224,0.398227,0.323052,0.302445,0.505038,0.050243,0.200999,0.301944,0.499208,0.394589,0.050155,0.008782,0.002379,0.003305,0.00972,0.001432,0.00109,0.000681,0.002744,2.2e-05,0.000376,0.000962,0.002674,0.001661,8.7e-05
6640,394,2715,2321,2321,0,0,0,57,12.428689,0.0,13837.333537,466.056744,2801.514568,2262.170747,2211.96,6640,8,78,8286720.0,1037895.0848,8031.1686,3120.13,73.8579,0.0,0.0,0.0,12,0.035533,1.013976,0.49841,0.500992,1.000124,0.398113,0.323204,0.302765,0.50447,0.050265,0.200852,0.301977,0.499529,0.394494,0.050105,0.008755,0.00236,0.003311,0.009971,0.001383,0.001085,0.000687,0.002778,2.2e-05,0.000378,0.000947,0.002713,0.001685,8.8e-05
6660,401,2730,2329,2329,0,0,0,54,11.399862,0.0,13893.688117,470.636132,2797.964006,2262.175776,2187.37,6660,8,78,8311680.0,1042033.6748,8056.6951,3133.7527,73.9241,0.0,0.0,0.0,12,0.032419,1.01414,0.498799,0.499989,1.000311,0.398517,0.322792,0.302302,0.504786,0.050314,0.201436,0.302441,0.499347,0.39527,0.050243,0.008981,0.00229,0.003077,0.009801,0.001449,0.001085,0.000675,0.002797,2.1e-05,0.000376,0.000931,0.002695,0.001691,9.1e-05
6680,406,2741,2335,2335,0,0,0,55,11.704289,0.0,13891.946176,480.530215,2787.765496,2262.175375,2177.93,6680,8,78,8336640.0,1046172.2648,8082.2216,3150.4321,74.2268,0.0,0.0,0.0,12,0.03202,1.012892,0.498513,0.500133,0.999627,0.397999,0.322994,0.302229,0.504941,0.050304,0.201473,0.301911,0.498064,0.395168,0.050327,0.008904,0.002351,0.002977,0.009995,0.001448,0.001102,0.000693,0.002736,2.2e-05,0.000373,0.000904,0.002656,0.001687,9.1e-05
6700,408,2754,2346,2346,0,0,0,58,13.96359,0.0,13823.51116,482.845668,2783.190742,2262.172816,2168.96,6700,9,78,8361600.0,1050310.8548,8107.7482,3165.2923,74.619,0.0,0.0,0.0,12,0.031863,1.013334,0.499178,0.499956,1.001761,0.397406,0.323076,0.302116,0.50533,0.050325,0.201899,0.302004,0.499196,0.39525,0.050337,0.008791,0.002399,0.003019,0.010629,0.001435,0.001084,0.000688,0.002742,2.2e-05,0.000361,0.000915,0.002649,0.001679,9.3e-05
6720,410,2766,2356,2356,0,0,0,63,14.706596,0.0,13762.877713,485.543194,2779.750209,2262.169488,2166.89,6720,9,78,8386560.0,1054449.4448,8133.2747,3179.4631,75.5429,0.0,0.0,0.0,12,0.031707,1.01396,0.499773,0.500133,0.998755,0.397051,0.323759,0.302469,0.505607,0.050339,0.202092,0.302049,0.500122,0.395289,0.050475,0.008941,0.002587,0.003242,0.010569,0.001423,0.001142,0.000678,0.002872,2.1e-05,0.000374,0.000902,0.002704,0.001668,9.6e-05
6740,408,2775,2367,2367,0,0,0,65,16.189444,0.0,13676.933176,487.231455,2776.579101,2262.165977,2166.53,6740,9,78,8411520.0,1058599.7888,8158.8012,3193.7702,76.3553,0.0,0.0,0.0,12,0.029412,1.014713,0.50029,0.501067,0.999999,0.396258,0.323945,0.302232,0.505736,0.050297,0.201953,0.302082,0.499835,0.395997,0.05053,0.009115,0.002662,0.003387,0.010468,0.001348,0.001163,0.000698,0.002868,2.1e-05,0.000374,0.000896,0.002772,0.001665,9.8e-05
6760,414,2791,2377,2377,0,0,0,65,14.781689,0.0,13594.551962,488.413985,2776.804326,2261.493388,2139.86,6760,9,78,8436480.0,1062763.7738,8185.128,3207.2128,76.3842,0.0,0.0,0.0,12,0.028986,1.014787,0.499194,0.500772,0.99749,0.396044,0.324294,0.302022,0.506474,0.050354,0.20193,0.30289,0.500223,0.396558,0.050681,0.009131,0.002639,0.003513,0.010617,0.001396,0.001172,0.000704,0.002917,2.2e-05,0.00038,0.000916,0.002815,0.001679,9.8e-05
6780,414,2797,2383,2383,0,0,0,64,13.019966,0.0,13504.939779,495.276508,2771.703526,2259.715171,2154.22,6780,9,78,8461440.0,1066933.5638,8213.599,3220.605,76.8307,0.0,0.0,0.0,12,0.028986,1.016043,0.499062,0.499857,0.997224,0.396306,0.324146,0.301983,0.506269,0.050344,0.201797,0.303046,0.500792,0.396909,0.050655,0.009116,0.00262,0.003495,0.010675,0.001427,0.001163,0.000704,0.002919,2.2e-05,0.000381,0.000918,0.002794,0.00166,9.8e-05
6800,412,2805,2393,2393,0,0,0,65,14.666764,0.0,13402.950526,492.811005,2772.522231,2257.848778,2180.85,6800,9,78,8486400.0,1071109.1588,8243.5131,3230.5447,77.3855,0.0,0.0,0.0,12,0.029126,1.012936,0.498597,0.499681,0.998276,0.395989,0.324476,0.301877,0.5063,0.050357,0.201806,0.302765,0.500985,0.397019,0.050772,0.00894,0.002594,0.003441,0.010563,0.001376,0.001155,0.000715,0.002857,2.2e-05,0.000399,0.000938,0.002784,0.001649,0.000102
6820,419,2819,2400,2400,0,0,0,64,11.655151,0.0,13302.92161,497.049126,2771.295723,2256.805089,2155.35,6820,9,78,8511360.0,1075290.5588,8273.5648,3242.0543,78.4063,0.0,0.0,0.0,12,0.02864,1.01462,0.498178,0.499518,1.000205,0.396159,0.32493,0.301905,0.506027,0.050354,0.201539,0.302562,0.500475,0.396926,0.050908,0.009144,0.002585,0.003382,0.011588,0.001386,0.001179,0.000705,0.002851,2.2e-05,0.000393,0.000935,0.002756,0.001664,0.000103
6840,415,2826,2411,2411,0,0,0,64,14.304967,0.0,13173.511678,496.496162,2769.19887,2256.239337,2190.67,6840,9,78,8536320.0,1079471.9588,8303.6166,3254.9745,78.6169,0.0,0.0,0.0,12,0.028916,1.014313,0.498462,0.499978,1.001613,0.396352,0.325136,0.301853,0.505747,0.050325,0.201095,0.302591,0.500861,0.396816,0.050826,0.008962,0.002562,0.003301,0.011498,0.001406,0.001195,0.000703,0.002923,2.2e-05,0.000392,0.000937,0.002648,0.001668,0.000101
6860,407,2831,2424,2424,0,0,0,67,13.546045,0.0,13116.496495,489.537325,2776.916629,2255.924449,2239.0,6860,9,78,8561280.0,1083653.3588,8333.6683,3263.2526,78.9737,0.0,0.0,0.0,12,0.029484,1.014103,0.499018,0.499246,1.00188,0.396237,0.325194,0.301938,0.505644,0.05034,0.200833,0.302507,0.501023,0.397238,0.050951,0.009022,0.00253,0.003347,0.011316,0.001427,0.001208,0.000708,0.002973,2.2e-05,0.000383,0.000914,0.002698,0.001665,0.0001
6880,408,2842,2434,2434,0,0,0,68,13.256912,0.0,13099.124338,485.132252,2781.610836,2255.746369,2248.28,6880,9,78,8586240.0,1087834.7588,8363.7201,3270.8413,79.0083,0.0,0.0,0.0,12,0.031863,1.014718,0.498855,0.499622,1.002372,0.396256,0.325201,0.301549,0.506216,0.050285,0.200651,0.302572,0.499584,0.397259,0.05087,0.00912,0.002625,0.003457,0.011454,0.001453,0.001177,0.000708,0.002982,2.2e-05,0.000374,0.0009,0.002679,0.00165,0.0001
6900,408,2855,2447,2447,0,0,0,70,12.897179,0.0,13097.294979,482.034731,2785.06809,2254.418945,2252.59,6900,9,78,8611200.0,1092016.1588,8395.2581,3283.3154,79.0718,0.0,0.0,0.0,12,0.031863,1.014017,0.498714,0.49995,1.002291,0.395529,0.326587,0.301653,0.505413,0.050346,0.200531,0.302376,0.499597,0.397181,0.051035,0.009206,0.002648,0.003532,0.01189,0.001469,0.001193,0.000704,0.003048,2.2e-05,0.000375,0.000918,0.002725,0.001689,9.9e-05
6920,406,2867,2461,2461,0,0,0,70,13.553753,0.0,13103.586937,479.700442,2786.745806,2252.543871,2255.88,6920,9,78,8636160.0,1096198.5383,8428.1643,3297.0196,80.1197,0.0,0.0,0.0,12,0.03202,1.013831,0.499325,0.50129,1.001131,0.396141,0.32572,0.301334,0.505973,0.050287,0.200166,0.301713,0.500903,0.396801,0.051058,0.009011,0.002726,0.003491,0.011599,0.001447,0.001177,0.0007,0.003134,2.1e-05,0.000373,0.000937,0.002669,0.001692,0.000102
6940,402,2874,2472,2472,0,0,0,70,12.39451,0.0,13156.039666,479.291376,2788.314114,2250.450894,2293.75,6940,9,78,8661120.0,1100399.5283,8462.1854,3309.9935,80.2792,0.0,0.0,0.0,12,0.034826,1.012583,0.498962,0.500053,1.002457,0.396381,0.325062,0.301711,0.505343,0.050302,0.200053,0.301157,0.501088,0.396815,0.050881,0.008923,0.002633,0.003286,0.011091,0.001476,0.00115,0.000699,0.003037,2.2e-05,0.000366,0.000914,0.002717,0.001647,0.000101
6960,402,2883,2481,2481,0,0,0,67,12.460746,0.0,13224.49293,478.925809,2788.613445,2248.96631,2305.74,6960,9,78,8686080.0,1104600.5183,8496.2328,3320.1022,80.5907,0.0,0.0,0.0,12,0.034826,1.013271,0.499205,0.501173,1.004094,0.396735,0.3254,0.301393,0.505089,0.05031,0.199813,0.30064,0.499371,0.396522,0.050699,0.008841,0.002542,0.003214,0.01062,0.001441,0.00118,0.000698,0.003024,2.2e-05,0.000372,0.000904,0.002661,0.001636,9.7e-05
6980,400,2890,2490,2490,0,0,0,72,14.266325,0.0,13307.548736,476.84382,2788.889855,2249.485846,2325.86,6980,9,78,8711040.0,1108805.8733,8528.4386,3329.1212,80.6705,0.0,0.0,0.0,12,0.035,1.013064,0.498361,0.501781,1.005068,0.396372,0.325261,0.301144,0.505542,0.050354,0.200249,0.300734,0.49983,0.396217,0.050556,0.008733,0.002489,0.003249,0.010686,0.001461,0.001184,0.000694,0.002988,2.3e-05,0.000369,0.000967,0.00272,0.001643,9.1e-05
7000,406,2902,2496,2496,0,0,0,64,11.754037,0.0,13390.197189,480.499636,2787.746327,2250.839306,2308.56,7000,9,78,8736000.0,1113021.4133,8558.3937,3340.2787,80.8186,0.0,0.0,0.0,12,0.034483,1.013022,0.499754,0.501265,1.004271,0.395947,0.325167,0.301447,0.505115,0.050319,0.200236,0.300943,0.500681,0.396024,0.050618,0.008696,0.002695,0.003311,0.010858,0.00147,0.001177,0.000678,0.00317,2.3e-05,0.000364,0.000959,0.002762,0.001628,9.2e-05
7020,406,2912,2506,2506,0,0,0,65,13.199484,0.0,13424.617888,481.744981,2785.055535,2251.171362,2322.46,7020,9,78,8760960.0,1117236.9533,8588.3488,3352.7242,81.6261,0.0,0.0,0.0,12,0.03202,1.014126,0.498936,0.499728,1.002582,0.3964,0.325034,0.301134,0.503483,0.050311,0.200026,0.301211,0.500487,0.396365,0.050477,0.008852,0.002566,0.003054,0.009773,0.001492,0.001212,0.000666,0.003043,2.2e-05,0.000365,0.000948,0.002638,0.001622,9e-05
7040,402,2922,2520,2520,0,0,0,66,16.58441,0.0,13469.526564,477.222753,2786.192837,2251.640991,2342.2,7040,9,78,8785920.0,1121458.0958,8617.7045,3365.1302,81.8077,0.0,0.0,0.0,12,0.032338,1.012093,0.499116,0.499166,1.002838,0.396337,0.325715,0.301137,0.503699,0.050458,0.199987,0.302062,0.499052,0.395354,0.050296,0.00849,0.002612,0.003109,0.009666,0.001471,0.001202,0.000685,0.003026,2.2e-05,0.000354,0.000961,0.002713,0.001624,8.7e-05
7060,405,2931,2526,2526,0,0,0,63,11.2529,0.0,13572.583587,482.52201,2786.225091,2254.867315,2337.26,7060,9,78,8810880.0,1125707.8883,8643.664,3376.6265,82.7486,0.0,0.0,0.0,12,0.02963,1.011445,0.499241,0.500596,1.002308,0.39666,0.326096,0.301404,0.504756,0.050492,0.200096,0.301962,0.500173,0.395149,0.050205,0.008747,0.002797,0.003349,0.00971,0.001473,0.001212,0.000697,0.003199,2.2e-05,0.000352,0.000987,0.002755,0.001604,9e-05
7080,406,2939,2533,2533,0,0,0,64,11.923261,0.0,13623.455127,484.797026,2783.279713,2257.200474,2343.39,7080,9,78,8835840.0,1129958.8283,8669.6235,3386.5608,82.9841,0.0,0.0,0.0,12,0.029557,1.012487,0.498956,0.500399,1.002815,0.397134,0.326268,0.301492,0.504977,0.050488,0.200519,0.302298,0.500186,0.395067,0.050115,0.008922,0.002833,0.003312,0.009972,0.00152,0.001198,0.000704,0.003251,2.2e-05,0.000356,0.001011,0.002753,0.001624,9.1e-05
7100,405,2954,2549,2549,0,0,0,58,13.018112,0.0,13692.547077,477.999657,2788.982232,2261.476933,2351.32,7100,9,78,8860800.0,1134209.7683,8692.4153,3398.809,83.5966,0.0,0.0,0.0,12,0.02963,1.011772,0.498634,0.500261,1.001605,0.396443,0.326636,0.301665,0.5042,0.050517,0.200724,0.302209,0.500905,0.394588,0.05013,0.00885,0.002889,0.00341,0.009968,0.001499,0.001214,0.000719,0.003181,2.2e-05,0.000356,0.001001,0.002786,0.001616,9.3e-05
7120,408,2967,2559,2559,0,0,0,55,10.184759,0.0,13788.041305,479.686231,2790.12901,2264.776674,2340.85,7120,9,78,8885760.0,1138460.7083,8713.8495,3412.1129,83.903,0.0,0.0,0.0,50,0.031863,1.011956,0.499182,0.500819,1.00284,0.396638,0.326225,0.301713,0.503434,0.050567,0.200661,0.301593,0.501456,0.395036,0.050101,0.009077,0.002699,0.003437,0.009825,0.00151,0.00123,0.0007,0.002939,2.2e-05,0.000352,0.001,0.00264,0.001625,9.2e-05
7140,406,2975,2569,2569,0,0,0,62,12.657692,0.0,13857.24394,481.838654,2785.503654,2266.425119,2342.71,7140,9,78,8910720.0,1142712.4598,8735.2838,3426.0669,84.1296,0.0,0.0,0.0,50,0.03202,1.011674,0.499256,0.500977,1.000664,0.396614,0.326242,0.302026,0.503706,0.050513,0.200894,0.301336,0.501516,0.395164,0.050213,0.009177,0.002719,0.003628,0.009889,0.001522,0.001226,0.000721,0.003004,2.2e-05,0.000375,0.000964,0.002722,0.001652,9.6e-05
7160,405,2984,2579,2579,0,0,0,63,13.768471,0.0,13940.139271,481.714244,2784.517285,2267.189298,2363.73,7160,9,78,8935680.0,1146979.6298,8756.718,3437.1499,84.4294,0.0,0.0,0.0,50,0.032099,1.013349,0.499015,0.500475,1.001092,0.396573,0.325987,0.302062,0.504234,0.050447,0.200952,0.301288,0.501758,0.395066,0.050239,0.008987,0.002637,0.003427,0.009881,0.001526,0.001213,0.000715,0.002958,2.2e-05,0.000373,0.000961,0.002746,0.001673,9.8e-05
7180,408,2997,2589,2589,0,0,0,59,11.093878,0.0,14021.842932,482.694478,2786.211644,2267.530961,2354.07,7180,9,78,8960640.0,1151254.9148,8778.1523,3449.4163,85.364,0.0,0.0,0.0,12,0.029412,1.013564,0.498807,0.500929,1.001157,0.396793,0.326269,0.302512,0.505783,0.05045,0.201169,0.301566,0.50183,0.395378,0.050197,0.009161,0.002681,0.003502,0.009774,0.001572,0.001253,0.000703,0.002958,2.2e-05,0.000369,0.000973,0.002815,0.001684,0.000101
7200,413,3011,2598,2598,0,0,0,58,12.60358,0.0,14083.519275,484.112943,2783.283477,2267.681031,2319.45,7200,9,78,8985600.0,1155538.3148,8799.5865,3462.02,85.4252,0.0,0.0,0.0,12,0.031477,1.012625,0.499882,0.501857,1.003193,0.396187,0.325393,0.302145,0.506603,0.050403,0.201124,0.302103,0.50113,0.395706,0.050371,0.009129,0.002759,0.003605,0.009692,0.001563,0.001188,0.000706,0.003076,2.1e-05,0.000377,0.000982,0.002703,0.001687,0.0001
7220,415,3020,2605,2605,0,0,0,56,11.099452,0.0,14129.328932,490.715696,2778.184853,2267.746239,2315.92,7220,9,78,9010560.0,1159828.4228,8821.0207,3476.3269,86.0378,0.0,0.0,0.0,12,0.031325,1.013409,0.499672,0.502018,1.003163,0.395751,0.325126,0.302157,0.506634,0.050392,0.200937,0.301952,0.501522,0.395689,0.050451,0.008981,0.002728,0.003586,0.009512,0.001545,0.001183,0.000692,0.003059,2.1e-05,0.000376,0.000979,0.002719,0.001687,0.0001
7240,412,3028,2616,2616,0,0,0,57,11.732185,0.0,14191.764624,490.296177,2777.971638,2267.774256,2327.94,7240,9,78,9035520.0,1164139.6628,8842.455,3488.8674,86.1223,0.0,0.0,0.0,12,0.031553,1.013799,0.499336,0.502859,1.00245,0.395025,0.325504,0.302338,0.505846,0.050313,0.200801,0.302095,0.501353,0.395777,0.050368,0.009339,0.002646,0.003621,0.009553,0.001554,0.001199,0.000706,0.003093,2.2e-05,0.000381,0.000994,0.002811,0.001678,9.5e-05
7260,410,3038,2628,2628,0,0,0,57,12.097314,0.0,14263.957447,485.736103,2782.166583,2267.786062,2349.1,7260,9,78,9060480.0,1168448.4203,8863.8892,3499.5694,86.1845,0.0,0.0,0.0,12,0.031707,1.011056,0.499077,0.502103,1.001736,0.394895,0.325423,0.301514,0.506279,0.050328,0.200917,0.302054,0.500663,0.396328,0.050479,0.009123,0.002618,0.003665,0.009385,0.001541,0.001215,0.000704,0.003111,2.2e-05,0.000383,0.000997,0.002787,0.001662,9.4e-05
7280,416,3053,2637,2637,0,0,0,57,10.942321,0.0,14325.600254,488.316319,2780.741359,2267.790829,2312.99,7280,9,78,9085440.0,1172755.5218,8885.3235,3513.1223,86.4646,0.0,0.0,0.0,12,0.036058,1.009832,0.498597,0.501621,1.003025,0.394092,0.325332,0.30146,0.506572,0.050253,0.201265,0.302299,0.499779,0.396139,0.050454,0.008821,0.002635,0.003669,0.010548,0.001545,0.001205,0.000732,0.003125,2.2e-05,0.000389,0.00098,0.002858,0.001667,9.8e-05
7300,428,3070,2642,2642,0,0,0,55,11.047899,0.0,14328.426018,498.160201,2770.7919,2267.746787,2265.41,7300,9,78,9110400.0,1177087.9493,8906.8053,3528.9377,86.842,0.0,0.0,0.0,12,0.035047,1.009392,0.499879,0.501991,1.004976,0.394275,0.324506,0.301167,0.507089,0.050232,0.201239,0.302281,0.500019,0.396016,0.050431,0.008675,0.002729,0.003711,0.0104,0.001495,0.001197,0.000734,0.003102,2.2e-05,0.000402,0.000974,0.002768,0.001674,9.7e-05
7320,418,3077,2659,2659,0,0,0,61,12.472265,0.0,14337.707628,495.425151,2772.102584,2266.549029,2331.86,7320,9,78,9135360.0,1181434.2773,8929.857,3546.0744,87.1116,0.0,0.0,0.0,12,0.035885,1.011005,0.498716,0.501642,1.00478,0.394875,0.324861,0.300957,0.506379,0.050283,0.201107,0.301599,0.498999,0.396563,0.05042,0.008706,0.002623,0.003459,0.010471,0.001531,0.001216,0.000724,0.003113,2.1e-05,0.00042,0.000962,0.002732,0.001693,9.7e-05
7340,420,3089,2669,2669,0,0,0,62,11.411109,0.0,14398.574297,496.300805,2772.288086,2264.91783,2331.33,7340,9,78,9160320.0,1185798.3128,8954.5241,3558.718,87.4053,0.0,0.0,0.0,12,0.035714,1.012594,0.498396,0.501342,1.00486,0.394762,0.325368,0.301069,0.506219,0.050251,0.200803,0.300751,0.49883,0.396572,0.050491,0.008988,0.002697,0.003404,0.010482,0.001533,0.001237,0.000761,0.003017,2.1e-05,0.000431,0.000978,0.002736,0.001743,9.7e-05
7360,420,3098,2678,2678,0,0,0,59,11.691475,0.0,14464.055276,496.628855,2771.67967,2263.929914,2340.31,7360,9,78,9185280.0,1190171.5328,8979.5516,3569.6542,87.4925,0.0,0.0,0.0,12,0.035714,1.01379,0.497408,0.50188,1.004973,0.395005,0.32563,0.301337,0.50625,0.050253,0.200808,0.301422,0.498574,0.396211,0.050352,0.008955,0.002631,0.003458,0.010498,0.001532,0.001254,0.000749,0.003018,2.1e-05,0.000434,0.001041,0.002649,0.001744,9.5e-05
7380,415,3104,2689,2689,0,0,0,58,10.988206,0.0,14529.458059,497.037222,2771.974572,2262.121657,2373.75,7380,9,78,9210240.0,1194544.7528,9006.2572,3581.7533,88.68,0.0,0.0,0.0,12,0.036145,1.015894,0.497717,0.501519,1.004265,0.394944,0.324935,0.301222,0.50548,0.050167,0.201072,0.300869,0.497575,0.395395,0.05037,0.008975,0.002673,0.00324,0.010829,0.001548,0.001214,0.00076,0.002981,2.1e-05,0.000437,0.001001,0.002683,0.001712,9.6e-05
7400,421,3114,2693,2693,0,0,0,54,8.860021,0.0,14570.717883,504.078294,2767.061685,2259.654544,2343.13,7400,9,78,9235200.0,1198917.9728,9035.2983,3593.0537,89.2843,0.0,0.0,0.0,12,0.035629,1.015559,0.497639,0.501313,1.006182,0.394874,0.325018,0.300898,0.505798,0.050153,0.20135,0.301013,0.497106,0.395238,0.050462,0.009122,0.002667,0.003213,0.011213,0.001557,0.001209,0.000766,0.002983,2.1e-05,0.000439,0.001017,0.002652,0.001707,9.5e-05
7420,425,3126,2701,2701,0,0,0,53,10.230882,0.0,14566.564911,505.461043,2764.308075,2258.037255,2326.28,7420,9,78,9260160.0,1203291.1928,9064.9557,3604.3756,89.381,0.0,0.0,0.0,12,0.032941,1.015725,0.497213,0.502584,1.004844,0.394607,0.325939,0.300503,0.504898,0.050231,0.201141,0.300543,0.49678,0.395159,0.050395,0.009527,0.002665,0.003339,0.010864,0.001563,0.001263,0.000773,0.002878,2.2e-05,0.000436,0.00102,0.002659,0.001749,9.6e-05
7440,430,3140,2710,2710,0,0,0,50,9.785297,0.0,14567.039053,506.678072,2763.536631,2257.177385,2312.92,7440,9,78,9285120.0,1207685.0183,9094.613,3616.7972,89.8113,0.0,0.0,0.0,50,0.037209,1.016453,0.497787,0.503221,1.002578,0.395304,0.327022,0.300699,0.504814,0.050312,0.201251,0.300528,0.497572,0.395435,0.050412,0.009566,0.002691,0.003341,0.010463,0.001554,0.001356,0.000765,0.002834,2.1e-05,0.000422,0.001036,0.002715,0.00176,9.9e-05
7460,424,3148,2724,2724,0,0,0,53,11.414415,0.0,14575.38665,505.130112,2763.455473,2256.704759,2348.05,7460,9,78,9310080.0,1212079.9283,9124.2704,3631.6283,90.5228,0.0,0.0,0.0,50,0.035377,1.017041,0.497109,0.502204,1.003792,0.395708,0.326926,0.300746,0.504046,0.050349,0.201028,0.300601,0.496818,0.395224,0.050398,0.009606,0.002665,0.003244,0.010527,0.001658,0.001348,0.000774,0.002794,2.2e-05,0.00043,0.000985,0.002754,0.00176,9.9e-05
7480,422,3154,2732,2732,0,0,0,52,9.910356,0.0,14584.435433,508.387281,2761.702363,2256.440101,2375.74,7480,9,78,9335040.0,1216474.8383,9153.9278,3643.4769,91.2564,0.0,0.0,0.0,50,0.035545,1.019451,0.497425,0.502904,1.004464,0.396298,0.327257,0.300968,0.504205,0.050334,0.201069,0.300221,0.496746,0.395448,0.050497,0.009734,0.002656,0.003303,0.010569,0.001651,0.001387,0.000784,0.002832,2.2e-05,0.000434,0.001012,0.002802,0.001785,0.0001
7500,429,3167,2738,2738,0,0,0,49,9.511857,0.0,14577.063192,510.219011,2760.269133,2256.290266,2354.47,7500,9,78,9360000.0,1220873.0708,9183.5852,3652.5163,91.5661,0.0,0.0,0.0,50,0.034965,1.017814,0.497827,0.503482,1.005073,0.396757,0.327575,0.300458,0.503718,0.050283,0.201092,0.300435,0.496265,0.395846,0.050457,0.009739,0.002678,0.003304,0.0104,0.001678,0.001387,0.000746,0.002817,2.2e-05,0.000428,0.00101,0.002785,0.001797,9.8e-05
7520,428,3185,2757,2757,0,0,0,51,11.386655,0.0,14581.588593,503.466192,2765.147153,2256.204854,2364.75,7520,9,78,9384960.0,1225281.2708,9213.2425,3668.8143,92.6025,0.0,0.0,0.0,50,0.035047,1.016323,0.4983,0.503557,1.007795,0.396224,0.328731,0.300552,0.50607,0.050364,0.20128,0.302303,0.497442,0.395447,0.050583,0.009638,0.002733,0.003551,0.011343,0.001657,0.001479,0.000729,0.003101,2.1e-05,0.000408,0.001068,0.002755,0.001701,0.000103
7540,429,3198,2769,2769,0,0,0,51,10.88158,0.0,14576.481003,509.717129,2759.401291,2256.155933,2370.73,7540,8,78,9409920.0,1229689.4708,9242.8999,3688.5427,93.4924,0.0,0.0,0.0,50,0.034965,1.017497,0.497687,0.503864,1.008249,0.396071,0.328121,0.300442,0.506277,0.050313,0.201464,0.302419,0.497333,0.395178,0.050499,0.009813,0.002664,0.003426,0.011319,0.001627,0.001474,0.000731,0.003077,2.1e-05,0.000401,0.001073,0.002663,0.001629,0.000101
7560,425,3206,2781,2781,0,0,0,53,11.501439,0.0,14579.420347,510.044551,2758.45401,2256.127802,2400.68,7560,8,78,9434880.0,1234097.6708,9272.5573,3702.529,93.8684,0.0,0.0,0.0,12,0.030588,1.019442,0.497029,0.502957,1.006795,0.396437,0.328604,0.300487,0.506638,0.050338,0.201359,0.30281,0.497814,0.396031,0.050507,0.009669,0.002737,0.003488,0.011421,0.001619,0.001507,0.000717,0.003152,2.1e-05,0.000394,0.001065,0.002617,0.001642,0.0001
7580,428,3218,2790,2790,0,0,0,52,11.902073,0.0,14577.936203,510.536406,2757.561521,2256.111559,2381.23,7580,8,78,9459840.0,1238505.8708,9302.2147,3713.7878,94.6972,0.0,0.0,0.0,12,0.030374,1.017862,0.497023,0.502594,1.006437,0.39694,0.32822,0.300852,0.506687,0.050313,0.201735,0.302304,0.497849,0.396146,0.050331,0.009196,0.002806,0.003423,0.01164,0.001632,0.001502,0.000724,0.003101,2.1e-05,0.000384,0.001041,0.002604,0.001566,0.000101
7600,432,3231,2799,2799,0,0,0,55,14.504918,0.0,14539.427979,512.856878,2752.638204,2256.102133,2328.78,7600,8,78,9484800.0,1242914.0708,9331.872,3727.4343,95.3667,0.0,0.0,0.0,50,0.030093,1.016153,0.496916,0.503573,1.007287,0.397483,0.32912,0.300671,0.507112,0.050352,0.201628,0.302633,0.498317,0.396711,0.050403,0.009513,0.002803,0.003609,0.012099,0.001686,0.001587,0.000725,0.003162,2.2e-05,0.000381,0.00103,0.002675,0.001599,0.000103
7620,435,3246,2811,2811,0,0,0,58,14.784365,0.0,14485.628289,513.305811,2751.909824,2256.096622,2302.86,7620,8,78,9509760.0,1247322.2708,9361.5294,3742.3702,95.7596,0.0,0.0,0.0,50,0.029885,1.01421,0.497802,0.500981,1.006777,0.397222,0.32832,0.300589,0.507027,0.050226,0.201844,0.302911,0.498453,0.396328,0.050576,0.009081,0.00292,0.00346,0.011815,0.001646,0.00159,0.000728,0.003127,2.2e-05,0.000389,0.000973,0.002686,0.001619,0.000104
7640,439,3258,2819,2819,0,0,0,62,14.610643,0.0,14418.357205,518.148766,2747.240591,2256.093366,2297.56,7640,8,78,9534720.0,1251730.4708,9391.1868,3757.3814,96.0173,0.0,0.0,0.0,12,0.029613,1.011476,0.498404,0.500237,1.00961,0.395511,0.328051,0.300421,0.507147,0.050206,0.201556,0.302954,0.498679,0.396642,0.050431,0.008971,0.002886,0.00322,0.012052,0.001551,0.001586,0.000713,0.003127,2.2e-05,0.000383,0.000957,0.002703,0.001605,0.000104
7660,435,3268,2833,2833,0,0,0,63,14.72593,0.0,14355.355679,516.464295,2748.809775,2256.09141,2304.01,7660,8,78,9559680.0,1256138.6708,9420.8441,3771.7607,96.4268,0.0,0.0,0.0,12,0.029885,1.014041,0.496531,0.500874,1.010037,0.395218,0.328416,0.300168,0.508136,0.050238,0.201248,0.302946,0.498818,0.397081,0.050544,0.009266,0.002827,0.00325,0.012241,0.001538,0.001658,0.000717,0.003203,2.3e-05,0.000378,0.000987,0.002748,0.001665,0.000103
7680,435,3277,2842,2842,0,0,0,66,14.630416,0.0,14280.214842,519.23872,2746.130863,2256.090207,2320.44,7680,8,78,9584640.0,1260546.8708,9450.5015,3783.9141,97.2969,0.0,0.0,0.0,12,0.029885,1.013655,0.497637,0.501895,1.010653,0.395187,0.328644,0.299921,0.506822,0.050246,0.201054,0.30269,0.49862,0.397198,0.050747,0.009491,0.002852,0.003358,0.011984,0.001535,0.001622,0.00071,0.003094,2.4e-05,0.000389,0.001016,0.002726,0.001646,0.000102
7700,434,3287,2853,2853,0,0,0,67,15.408184,0.0,14206.291804,515.539456,2749.052359,2258.235857,2338.76,7700,8,78,9609600.0,1264955.0708,9477.464,3794.0925,97.4394,0.0,0.0,0.0,12,0.029954,1.011791,0.498059,0.501324,1.007855,0.394657,0.328094,0.300064,0.505768,0.050236,0.2007,0.301823,0.499259,0.397547,0.050602,0.009229,0.002898,0.003334,0.012234,0.001507,0.001593,0.00071,0.003047,2.4e-05,0.000391,0.000994,0.002807,0.001627,0.000101
7720,434,3296,2862,2862,0,0,0,69,14.538536,0.0,14155.47987,516.013619,2749.447845,2259.753661,2339.84,7720,8,78,9634560.0,1269379.4873,9503.5282,3805.3183,98.0474,0.0,0.0,0.0,12,0.029954,1.011599,0.497849,0.500278,1.005517,0.394739,0.327981,0.299913,0.50593,0.050188,0.200932,0.302023,0.499798,0.397919,0.050757,0.009124,0.002889,0.00334,0.011787,0.001524,0.00161,0.000718,0.003121,2.5e-05,0.000406,0.001024,0.002761,0.001677,0.0001
7740,437,3306,2869,2869,0,0,0,67,14.875824,0.0,14112.184043,518.536458,2746.587718,2260.438942,2335.95,7740,8,78,9659520.0,1273818.6833,9529.5924,3816.8687,98.2364,0.0,0.0,0.0,12,0.029748,1.010527,0.498774,0.500174,1.005783,0.395187,0.32783,0.299565,0.506402,0.050154,0.201158,0.302036,0.499805,0.397793,0.05094,0.009205,0.00304,0.003334,0.012265,0.001559,0.001603,0.000712,0.003136,2.5e-05,0.000415,0.001022,0.002797,0.001691,0.000108
7760,440,3320,2880,2880,0,0,0,73,14.976506,0.0,14062.981085,518.756559,2746.266935,2260.738466,2331.99,7760,8,78,9684480.0,1278281.5403,9555.6565,3830.2057,98.7538,0.0,0.0,0.0,12,0.029545,1.010733,0.498196,0.501469,1.004509,0.395293,0.328513,0.299729,0.50664,0.050184,0.201445,0.301468,0.500513,0.397954,0.050807,0.009838,0.003034,0.003352,0.012358,0.001521,0.001609,0.000724,0.003157,2.6e-05,0.000427,0.001024,0.002958,0.001688,0.000109
7780,440,3331,2891,2891,0,0,0,70,15.554054,0.0,14024.049825,520.36169,2744.084257,2260.86748,2341.1,7780,8,78,9709440.0,1282761.6503,9581.7207,3844.613,99.0518,0.0,0.0,0.0,12,0.031818,1.011104,0.498578,0.500894,1.004836,0.394548,0.329683,0.300284,0.50621,0.050163,0.201073,0.301167,0.500834,0.39761,0.050742,0.010077,0.00292,0.003206,0.01242,0.001543,0.001644,0.000743,0.003164,2.5e-05,0.00041,0.001023,0.002923,0.001728,0.000109
7800,436,3343,2907,2907,0,0,0,74,16.608491,0.0,14006.92536,515.839891,2747.551618,2260.922665,2342.4,7800,8,78,9734400.0,1287241.7603,9607.7849,3858.0075,99.3024,0.0,0.0,0.0,12,0.03211,1.014341,0.498609,0.500738,1.003542,0.394189,0.329523,0.300478,0.506723,0.050177,0.200555,0.301479,0.500499,0.39774,0.050769,0.01022,0.002899,0.003088,0.012376,0.001559,0.001605,0.000728,0.003314,2.5e-05,0.000407,0.001051,0.002862,0.001707,0.000105
7820,431,3351,2920,2920,0,0,0,82,16.564207,0.0,13999.12239,513.61639,2749.819403,2260.946167,2376.88,7820,8,78,9759360.0,1291721.8703,9633.8491,3870.9086,99.4055,0.0,0.0,0.0,12,0.032483,1.016332,0.498127,0.499264,1.002376,0.394156,0.330456,0.300254,0.506221,0.050135,0.200795,0.301647,0.501809,0.397283,0.050928,0.01025,0.002883,0.003137,0.012666,0.001652,0.001625,0.000732,0.003352,2.6e-05,0.000408,0.001086,0.00297,0.001769,0.000106
7840,423,3360,2937,2937,0,0,0,85,18.194039,0.0,14066.32352,503.204128,2758.601833,2260.956127,2411.03,7840,8,78,9784320.0,1296201.9803,9659.9132,3881.657,99.5007,0.0,0.0,0.0,12,0.030733,1.013884,0.498754,0.499395,1.000183,0.395132,0.330234,0.300628,0.506755,0.050132,0.200919,0.301396,0.502487,0.396898,0.050766,0.010257,0.002799,0.003174,0.012243,0.00164,0.001643,0.000725,0.00332,2.5e-05,0.000413,0.001087,0.003035,0.001788,0.000107
7860,425,3370,2945,2945,0,0,0,88,17.36213,0.0,14173.870334,504.514763,2758.123107,2264.239383,2378.54,7860,8,78,9809280.0,1300682.0903,9682.5492,3892.7631,99.5659,0.0,0.0,0.0,12,0.030588,1.012695,0.498535,0.499891,1.001959,0.394993,0.330001,0.300159,0.506625,0.050062,0.201248,0.30123,0.502736,0.396603,0.050833,0.010277,0.002813,0.00317,0.012933,0.001633,0.001627,0.00076,0.003342,2.5e-05,0.000411,0.001114,0.002983,0.001771,0.00011
7880,428,3381,2953,2953,0,0,0,80,14.006478,0.0,14260.698803,507.313424,2758.680098,2267.279963,2360.11,7880,8,78,9834240.0,1305162.2003,9704.8042,3904.6726,99.9492,0.0,0.0,0.0,12,0.03271,1.01408,0.498095,0.500737,1.002808,0.395116,0.330308,0.300296,0.505656,0.050136,0.201228,0.301786,0.501992,0.396403,0.050937,0.010535,0.002885,0.003248,0.012881,0.001669,0.001649,0.000776,0.003312,2.6e-05,0.00041,0.001098,0.002981,0.001815,0.000114
7900,432,3391,2959,2959,0,0,0,79,14.230067,0.0,14298.805635,515.449184,2750.320749,2269.272791,2354.78,7900,8,78,9859200.0,1309659.8558,9727.3166,3919.2141,100.2421,0.0,0.0,0.0,12,0.032407,1.014947,0.497793,0.500806,1.004727,0.39493,0.330553,0.300261,0.505468,0.050156,0.2013,0.301248,0.50179,0.397255,0.050738,0.010438,0.002845,0.003189,0.012891,0.001665,0.001663,0.000791,0.003259,2.6e-05,0.000407,0.00109,0.003018,0.001782,0.000108
7920,429,3399,2970,2970,0,0,0,76,13.664711,0.0,14358.815198,513.363527,2752.971762,2269.761684,2367.2,7920,8,78,9884160.0,1314174.9458,9751.2946,3930.2422,100.4601,0.0,0.0,0.0,66,0.034965,1.014933,0.497213,0.500671,1.004383,0.395071,0.330917,0.299597,0.506226,0.05013,0.201557,0.301528,0.50165,0.397744,0.050912,0.010288,0.002753,0.003155,0.013098,0.001713,0.001781,0.000814,0.003315,2.6e-05,0.000411,0.001094,0.003101,0.001826,0.000112
7940,426,3407,2981,2981,0,0,0,75,16.770085,0.0,14442.804141,508.627026,2754.602889,2270.230517,2397.16,7940,8,78,9909120.0,1318690.0358,9775.4353,3939.1783,100.8526,0.0,0.0,0.0,12,0.032864,1.014388,0.497004,0.501258,1.006939,0.394906,0.330094,0.299767,0.506468,0.050241,0.201214,0.301933,0.501373,0.39753,0.050753,0.010034,0.002727,0.003117,0.012661,0.001637,0.00174,0.000803,0.003346,2.6e-05,0.000388,0.001098,0.00303,0.001791,0.000112
7960,426,3418,2992,2992,0,0,0,72,14.992894,0.0,14555.776548,506.507023,2758.500083,2268.719748,2408.61,7960,8,78,9934080.0,1323205.1258,9802.136,3950.8239,101.5153,0.0,0.0,0.0,12,0.032864,1.012583,0.496782,0.500899,1.007581,0.395285,0.329786,0.299473,0.506987,0.050194,0.200977,0.302221,0.50025,0.397817,0.050681,0.009533,0.002715,0.003156,0.013159,0.001637,0.001736,0.000792,0.003396,2.6e-05,0.000375,0.001096,0.003024,0.001761,0.000111
7980,435,3434,2999,2999,0,0,0,69,14.022255,0.0,14633.866376,512.078627,2753.899118,2267.243153,2366.45,7980,8,78,9959040.0,1327720.2158,9830.5659,3964.8499,101.7838,0.0,0.0,0.0,50,0.032184,1.013278,0.496396,0.5005,1.00794,0.395677,0.330152,0.299169,0.506158,0.050177,0.201,0.302165,0.499375,0.397581,0.050742,0.009726,0.002759,0.003173,0.013172,0.001673,0.001738,0.000796,0.003362,2.6e-05,0.000387,0.001098,0.00302,0.001789,0.00011
8000,441,3449,3008,3008,0,0,0,68,12.899492,0.0,14645.964828,517.111616,2749.988892,2269.26433,2345.14,8000,8,78,9984000.0,1332235.3058,9855.5502,3980.3887,102.2976,0.0,0.0,0.0,50,0.034014,1.012971,0.495943,0.500465,1.009579,0.397074,0.330316,0.299828,0.505904,0.050108,0.201136,0.302135,0.499044,0.397314,0.050998,0.009797,0.002765,0.003187,0.013524,0.001684,0.001851,0.000817,0.003402,2.6e-05,0.000395,0.001072,0.003054,0.001807,0.000114
8020,441,3458,3017,3017,0,0,0,68,10.814213,0.0,14632.753079,524.413693,2744.772094,2270.014897,2351.33,8020,8,78,10008960.0,1336750.3958,9880.7947,3997.6489,102.5723,0.0,0.0,0.0,50,0.034014,1.014486,0.496242,0.500396,1.010449,0.39713,0.330866,0.299691,0.506149,0.050164,0.201292,0.302733,0.498355,0.397275,0.05103,0.010064,0.002809,0.003235,0.013582,0.001738,0.001889,0.000795,0.003391,2.6e-05,0.000392,0.001077,0.003064,0.001756,0.000114
8040,436,3464,3028,3028,0,0,0,68,11.4204,0.0,14615.570507,522.872544,2745.707056,2270.279501,2383.58,8040,8,78,10033920.0,1341265.4858,9906.2173,4009.0132,102.7832,0.0,0.0,0.0,50,0.034404,1.015001,0.496122,0.499243,1.010667,0.396404,0.330854,0.299934,0.506614,0.050197,0.201228,0.302723,0.498618,0.397571,0.051022,0.009931,0.0028,0.00307,0.013466,0.001689,0.001922,0.000784,0.00343,2.5e-05,0.000398,0.001064,0.00307,0.001802,0.000112
8060,446,3485,3039,3039,0,0,0,69,13.317491,0.0,14550.333509,523.436309,2743.2462,2270.747326,2340.47,8060,9,78,10058880.0,1345780.5758,9931.0653,4021.9649,103.0994,0.0,0.0,0.0,50,0.033632,1.015901,0.496445,0.497824,1.008333,0.397635,0.331473,0.300142,0.506254,0.050159,0.200898,0.302731,0.500528,0.39952,0.051042,0.009983,0.002872,0.003033,0.013182,0.001819,0.002026,0.000777,0.003421,2.5e-05,0.000411,0.001091,0.003264,0.001878,0.000115
8080,448,3495,3047,3047,0,0,0,63,9.132614,0.0,14499.663507,530.273579,2740.593807,2269.486788,2337.32,8080,9,78,10083840.0,1350295.6658,9958.0674,4037.9566,103.6854,0.0,0.0,0.0,50,0.035714,1.016334,0.495977,0.497733,1.009689,0.39772,0.331341,0.300698,0.505136,0.050257,0.20109,0.30249,0.499503,0.39907,0.050946,0.009934,0.002838,0.00305,0.013469,0.001895,0.001974,0.000761,0.003459,2.5e-05,0.000424,0.001066,0.003363,0.00185,0.000112
8100,444,3503,3059,3059,0,0,0,67,12.057853,0.0,14402.955293,530.603048,2737.339099,2267.703456,2363.04,8100,9,78,10108800.0,1354810.7558,9986.8337,4052.5027,104.0121,0.0,0.0,0.0,50,0.038288,1.016871,0.495037,0.497801,1.010341,0.397856,0.331316,0.300721,0.505248,0.050311,0.201457,0.302467,0.499096,0.399361,0.050802,0.009962,0.002813,0.003145,0.012864,0.001887,0.001972,0.000784,0.003395,2.5e-05,0.000432,0.001061,0.003442,0.001842,0.000112
8120,436,3513,3077,3077,0,0,0,70,13.323675,0.0,14378.940952,518.840149,2747.836177,2266.018252,2406.61,8120,9,78,10133760.0,1359325.8458,10016.808,4062.3473,104.7699,0.0,0.0,0.0,50,0.036697,1.015347,0.495825,0.497753,1.010338,0.397222,0.331912,0.300336,0.505413,0.050308,0.201556,0.302257,0.498759,0.399361,0.050737,0.009861,0.002878,0.003131,0.012908,0.001893,0.002,0.000812,0.003346,2.5e-05,0.000442,0.001082,0.003526,0.00187,0.000111
8140,439,3527,3088,3088,0,0,0,69,11.938182,0.0,14392.153628,519.696255,2748.365562,2265.132921,2397.39,8140,9,78,10158720.0,1363840.9358,10046.8316,4075.5422,105.6407,0.0,0.0,0.0,50,0.034169,1.01647,0.497003,0.499,1.011977,0.39699,0.331891,0.30076,0.505928,0.0504,0.201544,0.301695,0.49873,0.399222,0.050743,0.010062,0.00291,0.003138,0.0126,0.001875,0.001988,0.000845,0.003302,2.5e-05,0.00044,0.001112,0.003478,0.001861,0.000114
8160,441,3539,3098,3098,0,0,0,69,13.001339,0.0,14381.027114,523.652531,2743.346131,2264.483991,2393.29,8160,9,78,10183680.0,1368374.6363,10077.0499,4091.1653,106.0735,0.0,0.0,0.0,50,0.034014,1.01733,0.497927,0.498391,1.012281,0.396368,0.332001,0.300112,0.505954,0.050326,0.201239,0.301398,0.499256,0.400595,0.050996,0.010363,0.002882,0.00305,0.012559,0.001868,0.002016,0.000839,0.003367,2.5e-05,0.000451,0.001105,0.003583,0.002011,0.000115
8180,443,3547,3104,3104,0,0,0,64,11.885234,0.0,14353.54073,528.72845,2739.386316,2262.654426,2395.74,8180,9,78,10208640.0,1372909.3163,10109.0962,4103.5268,106.1121,0.0,0.0,0.0,50,0.03386,1.017487,0.498089,0.499102,1.011349,0.396959,0.332023,0.300525,0.505455,0.05042,0.201601,0.301899,0.500282,0.400177,0.050979,0.010334,0.002889,0.003252,0.01201,0.001889,0.001982,0.000843,0.003336,2.5e-05,0.000454,0.001137,0.003656,0.001994,0.000116
8200,441,3553,3112,3112,0,0,0,62,11.774171,0.0,14309.504499,530.38589,2737.839939,2260.343074,2413.73,8200,9,78,10233600.0,1377443.9963,10142.6666,4115.184,106.2547,0.0,0.0,0.0,50,0.034014,1.017636,0.498233,0.498573,1.009619,0.396405,0.332254,0.300368,0.506447,0.050372,0.201583,0.301509,0.501705,0.400034,0.050899,0.010432,0.002912,0.003203,0.011938,0.001919,0.00198,0.000833,0.003393,2.4e-05,0.00045,0.001138,0.003741,0.001998,0.000118
8220,436,3564,3128,3128,0,0,0,67,15.18911,0.0,14282.134245,520.846061,2743.964829,2258.147833,2445.58,8220,9,78,10258560.0,1381978.6763,10177.0863,4125.3581,106.5631,0.0,0.0,0.0,50,0.03211,1.015136,0.498285,0.497823,1.007887,0.395795,0.332638,0.300351,0.50612,0.050344,0.201396,0.301589,0.501257,0.398878,0.050718,0.010224,0.00299,0.003202,0.011804,0.001935,0.001983,0.000843,0.003514,2.4e-05,0.00044,0.001124,0.003689,0.001975,0.000114
8240,437,3580,3143,3143,0,0,0,67,13.472972,0.0,14321.402865,516.400092,2750.126936,2256.769063,2449.65,8240,9,78,10283520.0,1386513.3563,10211.2118,4138.7332,107.1734,0.0,0.0,0.0,50,0.032037,1.014985,0.497489,0.496952,1.007102,0.395783,0.332071,0.300254,0.505608,0.050259,0.201764,0.301789,0.501446,0.399268,0.050847,0.010076,0.00291,0.003014,0.012034,0.00192,0.001932,0.000842,0.003464,2.4e-05,0.000448,0.001153,0.003637,0.002061,0.000113
8260,437,3593,3156,3156,0,0,0,62,14.152692,0.0,14375.663794,516.345877,2749.501431,2253.426778,2443.65,8260,9,78,10308480.0,1391048.0363,10248.3698,4153.6208,107.858,0.0,0.0,0.0,50,0.032037,1.015382,0.498586,0.497498,1.008161,0.395319,0.332509,0.299883,0.505778,0.050179,0.201335,0.301543,0.501072,0.39961,0.050842,0.010495,0.002965,0.00305,0.012735,0.001894,0.001991,0.000847,0.00354,2.4e-05,0.000431,0.001154,0.003692,0.002054,0.000112
8280,436,3604,3168,3168,0,0,0,63,15.643761,0.0,14429.804993,516.372443,2747.983796,2250.613498,2456.98,8280,9,78,10333440.0,1395582.7163,10286.7667,4167.737,108.4277,0.0,0.0,0.0,50,0.03211,1.015159,0.497988,0.498532,1.007994,0.39556,0.333147,0.300005,0.505542,0.050319,0.201386,0.301722,0.500951,0.399521,0.050682,0.010701,0.00298,0.003115,0.012467,0.0019,0.001999,0.000811,0.003533,2.5e-05,0.000426,0.001169,0.003626,0.002037,0.000113
8300,443,3617,3174,3174,0,0,0,57,13.112155,0.0,14455.821947,523.289945,2743.5979,2248.832739,2415.23,8300,9,78,10358400.0,1400117.3963,10325.1636,4182.4584,108.7643,0.0,0.0,0.0,50,0.031603,1.015323,0.497705,0.499456,1.009048,0.395469,0.332472,0.300226,0.505678,0.050301,0.201025,0.301586,0.501861,0.399651,0.050684,0.010495,0.002991,0.003215,0.012405,0.001823,0.002002,0.000828,0.003454,2.6e-05,0.000409,0.001166,0.003523,0.002054,0.000111
8320,437,3625,3188,3188,0,0,0,61,15.901407,0.0,14478.691046,520.050251,2744.048342,2247.596155,2459.6,8320,9,78,10383360.0,1404652.0763,10363.5605,4195.4492,109.0232,0.0,0.0,0.0,50,0.029748,1.016145,0.49845,0.499598,1.009394,0.394899,0.333172,0.30052,0.504939,0.050357,0.201239,0.301858,0.502647,0.400487,0.05052,0.010305,0.00302,0.003246,0.012525,0.001854,0.001986,0.000814,0.003482,2.6e-05,0.000408,0.00118,0.003499,0.002033,0.00011
8340,445,3639,3194,3194,0,0,0,61,13.918204,0.0,14467.799332,526.960716,2739.12108,2247.293422,2432.46,8340,10,78,10408320.0,1409186.7563,10401.1484,4209.377,109.2256,0.0,0.0,0.0,50,0.029213,1.016565,0.49898,0.498302,1.009084,0.394152,0.33332,0.300499,0.504449,0.050314,0.200884,0.301559,0.501657,0.400693,0.050528,0.010105,0.002974,0.003001,0.012429,0.001841,0.00198,0.000813,0.003583,2.7e-05,0.000412,0.001164,0.003548,0.002128,0.000111
8360,446,3651,3205,3205,0,0,0,65,16.769254,0.0,14422.2549,528.575783,2734.654963,2247.027147,2433.49,8360,10,78,10433280.0,1413732.3488,10438.7077,4223.9709,109.8343,0.0,0.0,0.0,12,0.029148,1.016363,0.499348,0.497741,1.011604,0.395154,0.333263,0.300281,0.504675,0.050257,0.200801,0.300744,0.501826,0.400573,0.050467,0.009607,0.003138,0.002894,0.012973,0.001856,0.001953,0.000823,0.003598,2.6e-05,0.00041,0.001157,0.003549,0.002134,0.000108
8380,434,3660,3226,3226,0,0,0,72,18.905192,0.0,14460.477244,516.004781,2745.090026,2248.742004,2483.93,8380,10,78,10458240.0,1418281.5788,10473.1675,4236.6208,110.4397,0.0,0.0,0.0,12,0.029954,1.015516,0.498449,0.499637,1.009589,0.395068,0.333468,0.300863,0.505541,0.050233,0.200311,0.300842,0.501379,0.400751,0.050489,0.009473,0.003185,0.003142,0.012632,0.001738,0.001977,0.0008,0.003725,2.6e-05,0.000398,0.001151,0.003578,0.00213,0.000107
8400,437,3672,3235,3235,0,0,0,70,16.674723,0.0,14522.614206,519.480534,2743.844743,2249.250299,2481.01,8400,10,78,10483200.0,1422842.4188,10507.6274,4251.0543,110.5915,0.0,0.0,0.0,12,0.029748,1.014914,0.498641,0.499097,1.00883,0.395042,0.333983,0.300677,0.505378,0.05028,0.200496,0.301971,0.500803,0.399854,0.05056,0.009262,0.003114,0.003186,0.012536,0.00171,0.00202,0.000803,0.003736,2.6e-05,0.000407,0.001154,0.003576,0.002174,0.000106
8420,443,3687,3244,3244,0,0,0,73,17.103166,0.0,14560.488242,524.258444,2738.63839,2249.165416,2458.66,8420,10,78,10508160.0,1427415.1883,10542.0872,4265.6574,111.6413,0.0,0.0,0.0,12,0.031603,1.015794,0.498154,0.498915,1.010498,0.394658,0.333996,0.300587,0.504856,0.050342,0.200358,0.302673,0.500597,0.399713,0.050587,0.009697,0.003089,0.003206,0.012076,0.001733,0.002037,0.000786,0.003749,2.6e-05,0.000416,0.001192,0.003539,0.002186,0.000107
8440,440,3698,3258,3258,0,0,0,71,15.844112,0.0,14596.053584,521.589405,2742.566483,2248.808076,2485.05,8440,10,78,10533120.0,1431997.7183,10576.547,4279.514,112.3738,0.0,0.0,0.0,12,0.031818,1.01497,0.498561,0.499356,1.008995,0.394945,0.334351,0.300675,0.503767,0.050336,0.200128,0.303336,0.500837,0.398831,0.050503,0.009993,0.003188,0.003346,0.012053,0.00179,0.002011,0.000793,0.003725,2.6e-05,0.000418,0.001198,0.003488,0.002211,0.000106
8460,438,3709,3271,3271,0,0,0,70,14.644083,0.0,14675.054474,519.148402,2746.207514,2248.319489,2510.82,8460,10,78,10558080.0,1436580.2483,10611.0068,4293.3836,112.6464,0.0,0.0,0.0,12,0.031963,1.014757,0.498431,0.499374,1.008067,0.395094,0.334381,0.30085,0.505523,0.050376,0.199961,0.303469,0.501317,0.399232,0.050521,0.009884,0.003166,0.003403,0.012095,0.00181,0.00203,0.000795,0.003851,2.6e-05,0.000405,0.001174,0.003467,0.002243,0.000108
8480,441,3722,3281,3281,0,0,0,71,14.138871,0.0,14755.90656,521.673363,2744.187766,2247.752177,2505.41,8480,10,78,10583040.0,1441162.7783,10645.4667,4307.3319,112.7781,0.0,0.0,0.0,66,0.034014,1.015886,0.498884,0.499162,1.008147,0.39587,0.334887,0.300031,0.504927,0.050324,0.200089,0.303713,0.501823,0.400044,0.050603,0.010024,0.003166,0.003374,0.012299,0.001822,0.001989,0.000785,0.003871,2.6e-05,0.00041,0.001179,0.003521,0.002293,0.000112
8500,448,3735,3287,3287,0,0,0,64,12.2298,0.0,14783.182824,528.795791,2738.974408,2247.11687,2481.58,8500,10,78,10608000.0,1445751.4643,10679.9265,4321.8097,113.0042,0.0,0.0,0.0,66,0.033482,1.014834,0.498907,0.498312,1.008592,0.396176,0.334928,0.300091,0.505477,0.050293,0.200277,0.304832,0.500884,0.398069,0.050763,0.009982,0.003222,0.003407,0.01213,0.001888,0.001994,0.000788,0.003882,2.6e-05,0.000396,0.001246,0.003423,0.002206,0.000116
8520,450,3749,3299,3299,0,0,0,70,15.085021,0.0,14780.036227,530.260516,2734.654463,2246.402546,2456.17,8520,10,78,10632960.0,1450367.2013,10714.3863,4337.8459,113.2011,0.0,0.0,0.0,66,0.033333,1.014191,0.498165,0.497991,1.010757,0.396393,0.33486,0.299292,0.505207,0.050206,0.200254,0.304268,0.500112,0.398062,0.050995,0.009806,0.003144,0.00335,0.012525,0.001912,0.002008,0.000826,0.003889,2.6e-05,0.000396,0.00121,0.003362,0.002243,0.000114
8540,449,3756,3307,3307,0,0,0,67,13.494472,0.0,14813.238675,534.972542,2731.532986,2245.582553,2477.23,8540,10,78,10657920.0,1455025.9313,10748.8461,4352.4071,113.2956,0.0,0.0,0.0,66,0.03118,1.015235,0.497831,0.498013,1.011441,0.396057,0.335255,0.299571,0.505714,0.050217,0.200082,0.304009,0.500622,0.397584,0.050972,0.01038,0.003071,0.003421,0.01257,0.001909,0.002111,0.000841,0.003868,2.6e-05,0.000404,0.001209,0.003419,0.002124,0.000114
8560,452,3766,3314,3314,0,0,0,66,12.882809,0.0,14841.849357,538.969481,2728.14771,2245.061101,2475.61,8560,10,78,10682880.0,1459696.7513,10782.7533,4364.1564,113.5818,0.0,0.0,0.0,66,0.033186,1.015728,0.497556,0.498429,1.011739,0.395856,0.335269,0.299409,0.505851,0.050234,0.200007,0.30392,0.500606,0.39734,0.051008,0.010658,0.002974,0.003169,0.012594,0.001916,0.002094,0.000834,0.003742,2.6e-05,0.000411,0.001221,0.003452,0.002135,0.000113
8580,456,3785,3329,3329,0,0,0,68,14.568447,0.0,14845.947974,535.844281,2729.587272,2243.855798,2464.23,8580,10,78,10707840.0,1464367.5713,10816.9916,4378.8791,114.318,0.0,0.0,0.0,12,0.028509,1.017095,0.497888,0.499807,1.011833,0.396802,0.336267,0.29965,0.506147,0.050219,0.19979,0.303251,0.500005,0.397848,0.051422,0.011146,0.003164,0.003318,0.013012,0.001925,0.002446,0.000876,0.003746,2.7e-05,0.000425,0.00121,0.003294,0.002236,0.000125
8600,454,3792,3338,3338,0,0,0,70,13.889187,0.0,14838.210667,540.7899,2725.320913,2242.584343,2476.08,8600,10,78,10732800.0,1469038.3913,10850.7499,4394.4694,114.5383,0.0,0.0,0.0,50,0.028634,1.017226,0.497868,0.500088,1.010512,0.397003,0.335952,0.299716,0.504841,0.050232,0.199801,0.303542,0.499302,0.397748,0.051394,0.01117,0.00313,0.003327,0.012701,0.001946,0.002465,0.000877,0.003635,2.8e-05,0.00043,0.001203,0.003272,0.00224,0.000125
8620,448,3799,3351,3351,0,0,0,71,12.728715,0.0,14849.857512,538.043918,2729.227367,2240.159718,2523.23,8620,10,78,10757760.0,1473709.2113,10885.2097,4407.2937,114.9568,0.0,0.0,0.0,66,0.029018,1.016042,0.498419,0.498548,1.009261,0.397155,0.336387,0.299925,0.504527,0.050217,0.199561,0.303342,0.499542,0.397152,0.051388,0.010951,0.003152,0.003198,0.011885,0.001914,0.002467,0.000856,0.003592,2.8e-05,0.000425,0.001205,0.003245,0.002212,0.000125
8640,446,3813,3367,3367,0,0,0,78,18.955982,0.0,14885.866556,530.00136,2731.042658,2237.198946,2539.83,8640,10,78,10782720.0,1478380.0313,10919.2726,4418.6365,115.1471,0.0,0.0,0.0,86,0.03139,1.016182,0.498268,0.497886,1.008,0.395859,0.336339,0.299925,0.504516,0.050173,0.199968,0.303225,0.500025,0.397838,0.051456,0.010934,0.003195,0.003106,0.012345,0.001817,0.002502,0.000876,0.003521,2.7e-05,0.00045,0.001206,0.003362,0.002198,0.00013
8660,450,3828,3378,3378,0,0,0,75,14.771623,0.0,14945.609856,532.224004,2733.004373,2231.721052,2505.56,8660,10,78,10807680.0,1483050.8513,10953.4798,4433.2351,115.5981,0.0,0.0,0.0,86,0.033333,1.017625,0.498721,0.497869,1.012377,0.395178,0.33675,0.299528,0.504693,0.050178,0.199932,0.302086,0.500071,0.397895,0.051502,0.010769,0.00317,0.003135,0.013637,0.001857,0.002601,0.000916,0.003563,2.7e-05,0.000456,0.001168,0.003374,0.002188,0.00013
8680,449,3838,3389,3389,0,0,0,75,15.857464,0.0,14990.200471,533.9161,2730.226436,2224.945142,2526.78,8680,10,78,10832640.0,1487721.6713,10984.0023,4448.262,115.8883,0.0,0.0,0.0,86,0.033408,1.017062,0.497891,0.498372,1.012097,0.395078,0.336334,0.300047,0.504086,0.050185,0.199846,0.302146,0.49954,0.398446,0.05152,0.010888,0.003264,0.003131,0.013495,0.001888,0.002396,0.000922,0.00361,2.7e-05,0.000462,0.001183,0.003353,0.002224,0.00013
8700,444,3848,3404,3404,0,0,0,78,17.52235,0.0,15056.867384,529.553668,2732.923982,2224.434064,2531.71,8700,10,78,10857600.0,1492414.8248,11006.3873,4461.0167,116.9134,0.0,0.0,0.0,50,0.031532,1.017488,0.497117,0.497442,1.012213,0.395015,0.336973,0.299638,0.504809,0.050218,0.200037,0.30319,0.498539,0.398081,0.05166,0.010782,0.003363,0.003049,0.013708,0.001891,0.002404,0.000931,0.003772,2.8e-05,0.000472,0.001181,0.003442,0.002315,0.000132
8720,444,3857,3413,3413,0,0,0,75,14.835669,0.0,15184.341972,530.772354,2734.391977,2223.241771,2530.43,8720,10,78,10882560.0,1497126.9248,11030.4063,4472.2871,118.0587,0.0,0.0,0.0,50,0.031532,1.017344,0.497342,0.497982,1.013538,0.394821,0.336645,0.299825,0.504501,0.05023,0.199951,0.302607,0.499033,0.397986,0.051528,0.011022,0.003268,0.003045,0.013794,0.001846,0.002392,0.000943,0.003709,2.7e-05,0.000476,0.001165,0.003379,0.002295,0.000132
8740,453,3872,3419,3419,0,0,0,72,12.695992,0.0,15259.61319,536.302687,2731.001321,2222.729314,2497.0,8740,10,78,10907520.0,1501839.0248,11054.5441,4484.9742,118.4321,0.0,0.0,0.0,50,0.030905,1.017177,0.497434,0.498014,1.012669,0.395097,0.336117,0.300196,0.504305,0.05024,0.199805,0.30247,0.498621,0.398124,0.051536,0.010904,0.003328,0.003065,0.014092,0.001806,0.002384,0.00094,0.003611,2.8e-05,0.000475,0.001142,0.003414,0.002242,0.000136
8760,455,3885,3430,3430,0,0,0,73,14.433998,0.0,15297.17474,537.306276,2728.259726,2221.748656,2497.64,8760,10,78,10932480.0,1506551.1248,11079.7753,4499.2449,119.1092,0.0,0.0,0.0,86,0.032967,1.016114,0.498196,0.497935,1.015039,0.394937,0.336468,0.299621,0.505522,0.050325,0.199948,0.30299,0.498505,0.397688,0.051426,0.010751,0.003308,0.003099,0.014078,0.001826,0.002362,0.00094,0.003645,2.7e-05,0.000475,0.001139,0.003329,0.002204,0.000126
8780,450,3895,3445,3445,0,0,0,71,14.184096,0.0,15349.944051,535.279619,2730.536285,2220.882985,2511.47,8780,10,78,10957440.0,1511263.2248,11105.805,4516.2141,119.3779,0.0,0.0,0.0,86,0.033333,1.014387,0.498197,0.497527,1.015027,0.3962,0.336497,0.29995,0.505238,0.050261,0.199829,0.302934,0.496825,0.396725,0.051359,0.010577,0.003335,0.003085,0.014202,0.001894,0.002379,0.000959,0.003726,2.7e-05,0.000481,0.001136,0.003317,0.002164,0.000127
8800,459,3914,3455,3455,0,0,0,66,10.840913,0.0,15399.811376,538.593119,2730.565969,2220.22336,2473.51,8800,10,78,10982400.0,1515975.3248,11132.2137,4530.547,120.7254,0.0,0.0,0.0,50,0.030501,1.013839,0.499347,0.498048,1.013871,0.396111,0.336295,0.300204,0.50384,0.050179,0.200102,0.302667,0.497285,0.396801,0.051128,0.010383,0.003319,0.003055,0.014058,0.001883,0.002314,0.000931,0.003735,2.8e-05,0.000473,0.001124,0.003281,0.002151,0.000131
8820,458,3922,3464,3464,0,0,0,66,13.963275,0.0,15403.698061,543.103848,2722.932878,2218.704025,2493.78,8820,10,78,11007360.0,1520687.4248,11160.2325,4546.1077,121.226,0.0,0.0,0.0,12,0.030568,1.013053,0.498835,0.498506,1.013538,0.395505,0.336354,0.300386,0.503938,0.050207,0.200114,0.303438,0.49706,0.396987,0.051173,0.010218,0.003353,0.002949,0.01382,0.00182,0.002276,0.000894,0.00379,2.8e-05,0.000467,0.001155,0.003287,0.002142,0.00013
8840,469,3943,3474,3474,0,0,0,70,12.646976,0.0,15339.867528,549.237545,2718.115479,2217.041833,2431.98,8840,10,78,11032320.0,1525399.5248,11189.8489,4563.2374,122.151,0.0,0.0,0.0,12,0.029851,1.013976,0.499116,0.499062,1.015221,0.394598,0.335782,0.300437,0.504478,0.050265,0.200101,0.303994,0.497363,0.397066,0.051183,0.010495,0.003417,0.002924,0.014502,0.001917,0.002246,0.000889,0.00384,2.8e-05,0.000463,0.001205,0.003231,0.002083,0.000131
8860,468,3955,3487,3487,0,0,0,64,13.716743,0.0,15245.125542,552.609208,2713.674049,2216.205008,2447.41,8860,10,78,11057280.0,1530111.6248,11219.4109,4580.8661,123.4009,0.0,0.0,0.0,12,0.029915,1.015578,0.499916,0.499376,1.01488,0.394564,0.336271,0.300416,0.503033,0.050298,0.199975,0.304167,0.49833,0.397527,0.051146,0.010126,0.003434,0.003169,0.013961,0.001922,0.002304,0.000879,0.003646,2.9e-05,0.00046,0.001233,0.003341,0.002103,0.000133
8880,470,3968,3498,3498,0,0,0,61,12.697172,0.0,15122.947604,555.973844,2711.328984,2213.30838,2450.93,8880,10,78,11082240.0,1534823.7248,11252.1849,4596.1515,124.5704,0.0,0.0,0.0,12,0.029787,1.017433,0.499392,0.500674,1.015034,0.394734,0.336666,0.300715,0.501665,0.050395,0.200204,0.303918,0.497507,0.398574,0.051154,0.010605,0.003422,0.003288,0.014063,0.001991,0.002315,0.000864,0.003658,3e-05,0.000481,0.001214,0.003382,0.002094,0.000133
8900,468,3977,3509,3509,0,0,0,60,10.92963,0.0,15019.112835,557.788913,2711.281458,2209.495526,2457.39,8900,10,78,11107200.0,1539535.8248,11288.1925,4611.0138,124.8661,0.0,0.0,0.0,12,0.029915,1.017234,0.500852,0.500255,1.013839,0.395214,0.337063,0.300762,0.500878,0.050436,0.200425,0.303631,0.498552,0.397243,0.051229,0.01045,0.00352,0.003265,0.013929,0.002027,0.002458,0.000845,0.003545,2.9e-05,0.000465,0.001205,0.003285,0.002075,0.000142
8920,469,3990,3521,3521,0,0,0,63,12.024393,0.0,14902.160105,557.59419,2710.381417,2206.392449,2458.61,8920,10,78,11132160.0,1544247.9248,11325.6598,4624.7803,124.9407,0.0,0.0,0.0,12,0.029851,1.018053,0.500819,0.499603,1.014976,0.394809,0.337461,0.300643,0.501351,0.050349,0.200526,0.303943,0.500044,0.397959,0.051475,0.010355,0.003536,0.003277,0.014307,0.0021,0.002458,0.00087,0.00366,3e-05,0.000471,0.001233,0.003425,0.002098,0.000142
8940,463,3995,3532,3532,0,0,0,63,12.272764,0.0,14814.341229,556.593156,2711.13408,2204.578779,2496.77,8940,10,78,11157120.0,1548960.0248,11363.1453,4637.0858,125.0029,0.0,0.0,0.0,12,0.030238,1.018492,0.500865,0.49974,1.014931,0.394456,0.337734,0.300221,0.501902,0.050381,0.200464,0.304039,0.500794,0.398701,0.051594,0.010295,0.003464,0.00343,0.014084,0.002081,0.002493,0.000858,0.003661,3e-05,0.000475,0.001226,0.003406,0.002165,0.000143
8960,459,4001,3542,3542,0,0,0,65,11.942114,0.0,14754.249312,553.791415,2714.266471,2203.468227,2522.71,8960,10,78,11182080.0,1553672.1248,11400.6308,4646.1755,125.0029,0.0,0.0,0.0,12,0.030501,1.019784,0.50097,0.498961,1.012368,0.394136,0.337745,0.300206,0.502218,0.05033,0.200356,0.30388,0.500535,0.399164,0.051534,0.010343,0.003569,0.003448,0.013358,0.002073,0.002505,0.000862,0.003731,3e-05,0.00049,0.001233,0.003403,0.002241,0.000141
8980,459,4014,3555,3555,0,0,0,69,13.451501,0.0,14726.65932,547.24345,2719.305048,2202.760402,2524.12,8980,10,78,11207040.0,1558384.2248,11438.1163,4655.711,125.6228,0.0,0.0,0.0,66,0.030501,1.018369,0.500812,0.498527,1.013626,0.394609,0.338645,0.299789,0.502855,0.05035,0.20022,0.30416,0.500889,0.399643,0.051688,0.010732,0.003538,0.003496,0.013663,0.00207,0.002644,0.000875,0.003698,3.1e-05,0.000488,0.001329,0.00336,0.002281,0.00014
9000,460,4028,3568,3568,0,0,0,71,15.006368,0.0,14705.998241,546.17336,2718.820272,2202.294288,2533.5,9000,10,78,11232000.0,1563106.2743,11475.6018,4669.8973,126.2027,0.0,0.0,0.0,66,0.030435,1.018657,0.499173,0.498105,1.013382,0.394624,0.338207,0.299678,0.50318,0.050394,0.19972,0.304312,0.500481,0.399269,0.051655,0.010877,0.003394,0.00352,0.01344,0.002046,0.002544,0.000891,0.003704,3.1e-05,0.000487,0.001315,0.003374,0.002257,0.000135
9020,461,4043,3582,3582,0,0,0,75,17.686974,0.0,14678.140419,545.343586,2716.96944,2201.978847,2519.01,9020,10,78,11256960.0,1567840.4843,11513.0873,4685.0951,126.9196,0.0,0.0,0.0,66,0.032538,1.018237,0.499101,0.498544,1.012486,0.393621,0.338686,0.299084,0.504493,0.05033,0.19966,0.304777,0.498735,0.39868,0.051496,0.010811,0.003285,0.003561,0.013222,0.002061,0.002597,0.000915,0.003718,3e-05,0.000496,0.001328,0.003421,0.002308,0.000136
9040,453,4053,3600,3600,0,0,0,76,19.123947,0.0,14710.497662,538.836019,2722.040035,2201.760449,2573.35,9040,10,78,11281920.0,1572574.6943,11550.5728,4699.7818,127.7005,0.0,0.0,0.0,66,0.030905,1.019143,0.498169,0.498403,1.011985,0.394314,0.3384,0.298284,0.504339,0.050237,0.199715,0.305196,0.498081,0.3977,0.051415,0.010571,0.003338,0.003588,0.013065,0.00208,0.00255,0.000867,0.003658,2.9e-05,0.000493,0.001306,0.003489,0.002389,0.000137
9060,453,4067,3614,3614,0,0,0,73,15.745494,0.0,14805.404803,535.30275,2728.951756,2201.60637,2572.34,9060,11,78,11306880.0,1577308.9043,11588.0583,4713.5725,128.4766,0.0,0.0,0.0,42,0.028698,1.016443,0.49886,0.497791,1.009534,0.394473,0.338116,0.29905,0.50388,0.050232,0.199963,0.304871,0.499477,0.397718,0.05137,0.010429,0.003384,0.00341,0.012483,0.002074,0.002497,0.000846,0.003683,2.9e-05,0.000478,0.001324,0.00353,0.00247,0.000138
9080,458,4080,3622,3622,0,0,0,72,14.961463,0.0,14876.80822,543.234299,2721.804238,2204.717692,2559.56,9080,11,78,11331840.0,1582061.9078,11621.3767,4730.8174,129.1895,0.0,0.0,0.0,42,0.030568,1.015059,0.499579,0.49812,1.01362,0.394504,0.338362,0.298829,0.505176,0.050235,0.199628,0.304779,0.499161,0.397396,0.051577,0.010504,0.003484,0.00361,0.013106,0.002052,0.002577,0.000859,0.003619,3e-05,0.000451,0.001295,0.00339,0.002484,0.00014
9100,462,4098,3636,3636,0,0,0,79,18.013146,0.0,14901.810264,543.923969,2718.062885,2206.097179,2531.22,9100,11,78,11356800.0,1586832.4493,11654.8854,4747.8682,129.4119,0.0,0.0,0.0,66,0.030303,1.015849,0.4988,0.497806,1.013066,0.394853,0.338272,0.299,0.505229,0.05015,0.199703,0.304916,0.49921,0.398014,0.051579,0.010445,0.00356,0.003671,0.013091,0.002116,0.002645,0.000866,0.003683,3e-05,0.000464,0.001305,0.003341,0.002573,0.000139
9120,455,4109,3654,3654,0,0,0,88,22.449469,0.0,14931.748156,540.941544,2716.608987,2206.720007,2565.8,9120,11,78,11381760.0,1591614.2333,11688.3941,4765.6051,130.6798,0.0,0.0,0.0,12,0.030769,1.016985,0.499214,0.497122,1.013435,0.395495,0.338146,0.299314,0.506026,0.050102,0.199329,0.304635,0.498951,0.398893,0.051635,0.01077,0.003609,0.003457,0.013592,0.002113,0.002595,0.000866,0.003645,3e-05,0.000465,0.00131,0.00334,0.002538,0.000141
9140,456,4121,3665,3665,0,0,0,79,16.230791,0.0,15018.553642,543.425888,2720.343321,2206.979107,2548.35,9140,11,78,11406720.0,1596404.3423,11721.9029,4780.3146,131.5015,0.0,0.0,0.0,12,0.030702,1.017608,0.499378,0.497905,1.01201,0.396172,0.337396,0.299389,0.506297,0.050073,0.199551,0.304882,0.499492,0.398393,0.051428,0.010684,0.003578,0.003297,0.013377,0.00211,0.002531,0.000859,0.003714,3e-05,0.000465,0.001336,0.003349,0.002462,0.000139
9160,451,4128,3677,3677,0,0,0,79,17.677053,0.0,15123.233931,541.840514,2720.482434,2206.98197,2554.33,9160,11,78,11431680.0,1601206.4123,11755.5116,4792.7004,132.0585,0.0,0.0,0.0,12,0.031042,1.018909,0.49985,0.498505,1.014109,0.396681,0.337825,0.299619,0.506428,0.050005,0.199375,0.30466,0.498765,0.39867,0.051398,0.010457,0.003642,0.003261,0.013989,0.002094,0.002564,0.000863,0.003824,3e-05,0.000464,0.001253,0.00338,0.002401,0.000147
9180,459,4142,3683,3683,0,0,0,71,12.338891,0.0,15196.795377,548.609495,2719.051614,2205.680763,2524.58,9180,11,78,11456640.0,1606008.4823,11790.7108,4805.6085,132.8531,0.0,0.0,0.0,12,0.030501,1.018831,0.500618,0.499141,1.016606,0.396312,0.337925,0.300006,0.505488,0.050024,0.199419,0.304365,0.498964,0.398807,0.051341,0.010673,0.003614,0.003251,0.013942,0.002062,0.002635,0.00088,0.003742,3e-05,0.000467,0.001184,0.003266,0.002319,0.000146
9200,461,4156,3695,3695,0,0,0,71,14.918359,0.0,15250.794062,548.346882,2716.734759,2203.741241,2514.18,9200,11,78,11481600.0,1610810.5523,11827.439,4818.6726,133.2666,0.0,0.0,0.0,12,0.030369,1.019638,0.500157,0.499546,1.017485,0.397145,0.338134,0.300485,0.50458,0.05002,0.199313,0.303489,0.499532,0.398764,0.051196,0.010654,0.00363,0.003273,0.013812,0.002047,0.002611,0.000894,0.003766,3e-05,0.000462,0.001189,0.003162,0.002316,0.000147
9220,461,4164,3703,3703,0,0,0,68,12.849827,0.0,15317.723878,553.036902,2714.113272,2202.073388,2526.59,9220,11,78,11506560.0,1615648.8848,11864.7787,4832.9124,133.4337,0.0,0.0,0.0,12,0.030369,1.019528,0.500644,0.498821,1.017473,0.397459,0.337729,0.301032,0.504338,0.050012,0.199474,0.303166,0.499939,0.398901,0.051255,0.010615,0.003629,0.003255,0.01374,0.002034,0.002564,0.000892,0.003699,3e-05,0.000451,0.001183,0.003166,0.002293,0.000149
9240,465,4178,3713,3713,0,0,0,68,12.684871,0.0,15402.21001,551.741592,2715.573537,2200.958469,2518.48,9240,11,78,11531520.0,1620489.7148,11902.1183,4843.4038,133.6911,0.0,0.0,0.0,12,0.032258,1.019729,0.500351,0.498407,1.019076,0.396342,0.338066,0.300797,0.504099,0.04994,0.199713,0.303357,0.498845,0.399003,0.051028,0.010409,0.003689,0.003204,0.013891,0.00202,0.002609,0.000888,0.003718,3e-05,0.000466,0.001144,0.003167,0.002311,0.000146
9260,463,4192,3729,3729,0,0,0,72,15.197794,0.0,15473.147993,546.968677,2717.833528,2200.177983,2521.97,9260,11,78,11556480.0,1625330.5448,11939.4579,4857.4213,134.3966,0.0,0.0,0.0,50,0.032397,1.019006,0.500507,0.500151,1.019791,0.396599,0.338697,0.300797,0.503737,0.049902,0.200305,0.302895,0.498951,0.398872,0.051096,0.010277,0.003566,0.003223,0.013574,0.001998,0.002645,0.000884,0.003753,3e-05,0.000465,0.001149,0.003057,0.002282,0.000148
9280,468,4208,3740,3740,0,0,0,73,14.436188,0.0,15517.957468,554.878943,2710.684869,2199.614031,2508.17,9280,11,78,11581440.0,1630171.3748,11976.7975,4877.4798,135.3618,0.0,0.0,0.0,50,0.032051,1.019862,0.502328,0.500553,1.019298,0.396542,0.339185,0.301268,0.504496,0.049999,0.200772,0.302998,0.500421,0.399187,0.05108,0.010212,0.003677,0.003304,0.013414,0.001959,0.002693,0.000891,0.003926,3e-05,0.000466,0.001196,0.003128,0.002331,0.000151
9300,464,4212,3748,3748,0,0,0,73,12.874942,0.0,15539.892927,559.677786,2707.447273,2199.197203,2542.8,9300,11,78,11606400.0,1635012.2048,12014.1372,4891.7066,135.8519,0.0,0.0,0.0,50,0.032328,1.020422,0.502854,0.500726,1.021093,0.396691,0.339001,0.30089,0.50398,0.050008,0.200785,0.30286,0.500547,0.399505,0.051213,0.00998,0.003676,0.003282,0.013448,0.001921,0.002675,0.00092,0.003895,2.9e-05,0.000463,0.001196,0.003024,0.002311,0.000156
9320,469,4228,3759,3759,0,0,0,72,13.681016,0.0,15534.677387,558.80779,2707.511194,2199.353121,2531.07,9320,11,78,11631360.0,1639853.0348,12050.7533,4904.3037,135.9704,0.0,0.0,0.0,50,0.031983,1.019438,0.502025,0.500532,1.018603,0.396842,0.339983,0.300569,0.504024,0.049988,0.200631,0.303681,0.499954,0.399297,0.051283,0.010087,0.003756,0.003264,0.012983,0.001906,0.002702,0.000897,0.00393,3e-05,0.000482,0.001244,0.003064,0.00238,0.000158
9340,475,4244,3769,3769,0,0,0,72,12.565085,0.0,15522.588506,562.42557,2705.009345,2198.85292,2503.81,9340,11,78,11656320.0,1644693.8648,12088.0929,4920.1307,136.3701,0.0,0.0,0.0,50,0.029474,1.017651,0.502305,0.501054,1.018863,0.397257,0.339744,0.300412,0.503778,0.049993,0.200477,0.303772,0.500141,0.39891,0.051266,0.010131,0.003857,0.003267,0.012971,0.001895,0.00269,0.000901,0.003928,3.1e-05,0.000476,0.001221,0.00305,0.002342,0.00016
9360,471,4255,3784,3784,0,0,0,73,15.144788,0.0,15491.949904,559.500269,2705.354944,2198.554393,2537.1,9360,11,78,11681280.0,1649534.6948,12125.4325,4936.0993,136.6434,0.0,0.0,0.0,50,0.029724,1.015941,0.503193,0.500745,1.020232,0.396481,0.339513,0.300347,0.502862,0.049992,0.200221,0.303533,0.499945,0.399048,0.051312,0.009832,0.003825,0.003264,0.013042,0.00187,0.002682,0.000902,0.003785,3e-05,0.000463,0.001245,0.003012,0.002384,0.000159
9380,468,4269,3801,3801,0,0,0,76,14.955637,0.0,15512.434885,555.432629,2709.611734,2198.361518,2543.37,9380,11,78,11706240.0,1654375.5248,12162.7721,4951.3793,138.3,0.0,0.0,0.0,12,0.027778,1.014669,0.502923,0.50089,1.023144,0.395657,0.33866,0.300589,0.502678,0.050102,0.199875,0.303319,0.499769,0.398798,0.051206,0.009721,0.003717,0.003197,0.013252,0.001855,0.002575,0.000905,0.003792,3e-05,0.000472,0.001197,0.00298,0.002326,0.000155
9400,472,4277,3805,3805,0,0,0,75,13.859296,0.0,15501.772919,564.194452,2701.946252,2198.228473,2540.16,9400,11,78,11731200.0,1659216.3548,12200.1118,4964.4506,138.3,0.0,0.0,0.0,12,0.027542,1.015194,0.503209,0.500773,1.022623,0.395828,0.3387,0.300416,0.502968,0.050124,0.199905,0.303365,0.499281,0.398952,0.051191,0.00958,0.003797,0.003204,0.013429,0.001841,0.002592,0.000917,0.003825,3e-05,0.000466,0.001198,0.003,0.002312,0.000156
9420,476,4290,3814,3814,0,0,0,74,12.945629,0.0,15460.426417,565.546542,2701.507829,2198.132109,2527.09,9420,11,78,11756160.0,1664062.3058,12237.4514,4976.6745,138.797,0.0,0.0,0.0,12,0.027311,1.017182,0.502667,0.501708,1.020702,0.396263,0.338937,0.300798,0.502388,0.050201,0.200002,0.303187,0.499544,0.39931,0.051239,0.010186,0.003766,0.003525,0.012822,0.001836,0.002594,0.000941,0.003794,3e-05,0.000455,0.001245,0.002977,0.002381,0.00016
9440,472,4301,3829,3829,0,0,0,78,16.673511,0.0,15434.285348,561.35448,2701.972009,2200.021595,2545.95,9440,11,78,11781120.0,1668920.2058,12272.1894,4990.3469,138.8264,0.0,0.0,0.0,66,0.029661,1.017174,0.502259,0.501631,1.021412,0.396481,0.339112,0.301125,0.502888,0.050253,0.19956,0.303713,0.500225,0.399583,0.051051,0.010084,0.003719,0.003525,0.012844,0.001876,0.0026,0.000957,0.003771,3e-05,0.00045,0.001257,0.003117,0.002448,0.00016
9460,470,4311,3841,3841,0,0,0,78,16.811212,0.0,15417.449552,561.421505,2701.767283,2199.817858,2566.61,9460,11,78,11806080.0,1673778.1058,12307.3506,5004.0411,139.7892,0.0,0.0,0.0,66,0.029787,1.016839,0.501128,0.501485,1.01858,0.39676,0.33934,0.301193,0.50249,0.050235,0.199958,0.303135,0.499671,0.400573,0.050878,0.010467,0.003782,0.003527,0.01269,0.001915,0.002566,0.000973,0.003764,2.9e-05,0.000474,0.001251,0.003191,0.002515,0.000159
9480,477,4327,3850,3850,0,0,0,74,15.409672,0.0,15383.515119,564.166587,2700.423742,2197.912614,2533.32,9480,11,78,11831040.0,1678636.0058,12343.7098,5017.4277,140.1081,0.0,0.0,0.0,20,0.027254,1.017768,0.500754,0.501492,1.018401,0.396371,0.340115,0.301324,0.503257,0.05023,0.200321,0.303888,0.500201,0.399734,0.05083,0.010603,0.003717,0.00352,0.012461,0.001818,0.002683,0.00097,0.003748,3.1e-05,0.00049,0.001265,0.003244,0.002493,0.000156
9500,464,4335,3871,3871,0,0,0,84,20.240214,0.0,15410.836585,553.564795,2706.19499,2195.649389,2600.75,9500,11,78,11856000.0,1683493.9058,12380.1476,5032.0671,141.0036,0.0,0.0,0.0,20,0.028017,1.016329,0.500754,0.50081,1.014564,0.396477,0.339975,0.301208,0.503225,0.050208,0.200303,0.303617,0.50026,0.398747,0.050685,0.01018,0.00355,0.003564,0.012025,0.00178,0.002698,0.000952,0.003727,3.1e-05,0.000498,0.001238,0.003206,0.002467,0.000153
9520,464,4341,3877,3877,0,0,0,73,15.59853,0.0,15481.459843,557.643776,2706.757694,2193.033827,2617.55,9520,11,78,11880960.0,1688351.8058,12416.5853,5042.0769,141.8555,0.0,0.0,0.0,86,0.030172,1.018651,0.501134,0.500649,1.014171,0.395842,0.340531,0.301235,0.502894,0.050223,0.200281,0.303822,0.499985,0.399395,0.050685,0.010285,0.003592,0.003593,0.012028,0.001763,0.002879,0.000952,0.003708,3.1e-05,0.000507,0.001248,0.003195,0.00249,0.000158
9540,466,4357,3891,3891,0,0,0,73,14.753701,0.0,15548.553907,552.994935,2712.251364,2189.795678,2617.26,9540,11,78,11905920.0,1693209.7058,12453.0231,5054.3638,142.456,0.0,0.0,0.0,20,0.030043,1.019395,0.501763,0.500242,1.015205,0.396185,0.341808,0.300735,0.503521,0.050233,0.200213,0.303694,0.499395,0.399939,0.051137,0.010747,0.003685,0.00375,0.011967,0.001801,0.00306,0.000951,0.003858,3.1e-05,0.000504,0.001226,0.003198,0.002614,0.000172
9560,461,4368,3907,3907,0,0,0,78,18.599536,0.0,15617.827445,549.771529,2711.628935,2185.811332,2622.63,9560,11,78,11930880.0,1698067.6058,12488.939,5070.3164,143.2746,0.0,0.0,0.0,20,0.030369,1.018013,0.501566,0.499155,1.016419,0.395849,0.341566,0.301162,0.503591,0.050271,0.200093,0.303788,0.500215,0.399652,0.051039,0.010581,0.003732,0.003782,0.012356,0.001844,0.00301,0.000955,0.003966,3.3e-05,0.000506,0.00122,0.003261,0.002623,0.000171
9580,465,4383,3918,3918,0,0,0,78,17.247133,0.0,15686.478861,550.674146,2712.078721,2180.709887,2612.07,9580,11,78,11955840.0,1702925.5058,12522.4335,5084.7048,143.3371,0.0,0.0,0.0,20,0.030108,1.019395,0.501721,0.500033,1.014474,0.396092,0.341387,0.302143,0.502708,0.05034,0.200141,0.30379,0.500225,0.39863,0.051039,0.010752,0.003736,0.003938,0.012205,0.001862,0.00302,0.000946,0.003811,3.3e-05,0.000515,0.001244,0.003241,0.002606,0.000166
9600,467,4396,3929,3929,0,0,0,77,16.52086,0.0,15724.230332,554.70424,2708.7749,2175.47198,2613.45,9600,11,78,11980800.0,1707783.4058,12549.9991,5101.6653,143.5166,0.0,0.0,0.0,66,0.029979,1.018534,0.502219,0.500298,1.014296,0.395313,0.341332,0.302228,0.503355,0.050287,0.200252,0.304462,0.500354,0.398162,0.051047,0.010911,0.003739,0.003853,0.012137,0.001938,0.003008,0.000928,0.003831,3.2e-05,0.000513,0.001246,0.003227,0.002603,0.000164
9620,471,4409,3938,3938,0,0,0,79,17.089453,0.0,15728.783192,560.210785,2702.699762,2174.608588,2602.68,9620,11,78,12005760.0,1712641.3058,12573.0096,5118.2012,144.1218,0.0,0.0,0.0,66,0.031847,1.01797,0.502994,0.499515,1.016929,0.396102,0.341194,0.301909,0.504556,0.050202,0.200146,0.304846,0.499625,0.398552,0.050992,0.010677,0.003773,0.003708,0.012434,0.001986,0.003086,0.00091,0.003958,3.2e-05,0.000499,0.001228,0.0032,0.00263,0.000162
9640,467,4421,3954,3954,0,0,0,81,17.117978,0.0,15739.759436,556.102437,2706.779584,2174.173541,2621.76,9640,11,78,12030720.0,1717499.2058,12596.0772,5132.9808,144.9707,0.0,0.0,0.0,50,0.029979,1.017998,0.502898,0.49905,1.016366,0.396107,0.341989,0.301116,0.504566,0.0502,0.200659,0.304752,0.498615,0.398458,0.050775,0.010661,0.003712,0.003712,0.012288,0.001982,0.003145,0.00094,0.003816,3.2e-05,0.000507,0.001249,0.003182,0.002596,0.000161
9660,465,4429,3964,3964,0,0,0,80,16.376928,0.0,15765.155961,557.464965,2706.158107,2173.934039,2639.14,9660,12,78,12055680.0,1722356.8093,12619.1448,5145.5798,145.7059,0.0,0.0,0.0,12,0.027957,1.019507,0.502144,0.499751,1.017839,0.397033,0.342082,0.301044,0.504487,0.050243,0.200714,0.304788,0.498156,0.399166,0.050677,0.011208,0.003815,0.003826,0.012434,0.001958,0.003143,0.000964,0.003849,3.3e-05,0.000505,0.001279,0.003079,0.002735,0.000162
9680,466,4442,3976,3976,0,0,0,83,16.301271,0.0,15819.196131,556.124957,2707.573772,2173.789098,2609.59,9680,12,78,12080640.0,1727236.7998,12642.2124,5158.7126,146.314,0.0,0.0,0.0,66,0.030043,1.019283,0.502021,0.499577,1.01755,0.397628,0.341329,0.300512,0.504067,0.050169,0.200855,0.304246,0.498046,0.399766,0.050592,0.010956,0.003751,0.003767,0.012685,0.002045,0.002967,0.000966,0.003881,3.2e-05,0.000519,0.00125,0.003073,0.002719,0.000146
9700,467,4454,3987,3987,0,0,0,85,17.92784,0.0,15857.090431,557.151354,2704.920806,2173.697428,2618.26,9700,12,78,12105600.0,1732122.5398,12665.2801,5172.1579,147.1477,0.0,0.0,0.0,50,0.029979,1.018444,0.501764,0.49968,1.016523,0.397785,0.341372,0.300362,0.503099,0.050121,0.201063,0.30407,0.49731,0.399741,0.050514,0.011105,0.003752,0.003649,0.0125,0.002134,0.002976,0.00094,0.003923,3.2e-05,0.000513,0.001218,0.00313,0.002683,0.000144
9720,472,4468,3996,3996,0,0,0,80,16.825427,0.0,15897.099697,559.939059,2703.235514,2173.638586,2602.8,9720,12,78,12130560.0,1737008.2798,12688.3477,5185.8657,147.3968,0.0,0.0,0.0,50,0.029661,1.017812,0.503307,0.499107,1.017717,0.397009,0.341637,0.30037,0.504116,0.050199,0.201186,0.30456,0.496985,0.399324,0.05075,0.011004,0.003875,0.003647,0.012472,0.00214,0.002967,0.000982,0.003895,3.1e-05,0.000502,0.001218,0.003193,0.002687,0.000145
9740,468,4479,4011,4011,0,0,0,84,19.53195,0.0,15934.459478,556.59207,2703.875979,2173.600781,2618.09,9740,12,78,12155520.0,1741908.5698,12711.4153,5200.4223,148.0547,0.0,0.0,0.0,50,0.032051,1.018485,0.503292,0.498844,1.017022,0.397364,0.341847,0.300062,0.503183,0.050223,0.200945,0.304714,0.497356,0.399603,0.05077,0.011513,0.003926,0.003837,0.012241,0.002164,0.003081,0.001014,0.003861,3.1e-05,0.000502,0.00122,0.003183,0.002767,0.000146
9760,471,4492,4021,4021,0,0,0,80,16.594236,0.0,15993.681967,560.541871,2702.863894,2173.576608,2611.1,9760,12,78,12180480.0,1746808.8598,12734.4829,5215.2173,148.8672,0.0,0.0,0.0,50,0.031847,1.021592,0.503423,0.500134,1.018094,0.397336,0.342638,0.300173,0.503318,0.050285,0.200982,0.304049,0.496418,0.400025,0.050735,0.011769,0.003864,0.003986,0.012306,0.002164,0.003133,0.00105,0.003894,3.1e-05,0.000513,0.001225,0.003213,0.002783,0.000148
9780,477,4506,4029,4029,0,0,0,77,14.885704,0.0,16014.07181,565.91104,2699.203256,2173.561254,2567.16,9780,12,78,12205440.0,1751709.1498,12757.5505,5230.2381,148.9377,0.0,0.0,0.0,50,0.031447,1.021019,0.502944,0.500236,1.018791,0.398108,0.343134,0.300199,0.504271,0.050282,0.20133,0.303801,0.495915,0.400033,0.050843,0.011831,0.003887,0.004075,0.012257,0.0022,0.003124,0.001065,0.004,3.2e-05,0.000514,0.001232,0.003247,0.002833,0.000148
9800,477,4521,4044,4044,0,0,0,82,18.449578,0.0,15969.848165,566.473164,2695.077258,2173.982833,2553.06,9800,12,78,12230400.0,1756609.4398,12780.072,5248.2302,149.4026,0.0,0.0,0.0,50,0.031447,1.020807,0.50243,0.50085,1.019708,0.397507,0.343859,0.300512,0.504937,0.05025,0.201606,0.303504,0.496338,0.400162,0.051058,0.012016,0.003944,0.00416,0.012455,0.002187,0.003156,0.00105,0.00413,3.3e-05,0.000532,0.00124,0.003261,0.002857,0.00015
9820,479,4529,4050,4050,0,0,0,72,13.488492,0.0,15903.20014,575.026551,2691.484957,2173.777557,2545.12,9820,12,78,12255360.0,1761509.7298,12803.0362,5264.5843,149.6751,0.0,0.0,0.0,50,0.031315,1.019661,0.502502,0.500931,1.019232,0.397931,0.343619,0.300939,0.504882,0.050247,0.2018,0.303161,0.496229,0.400312,0.051076,0.012084,0.003927,0.004165,0.01233,0.002194,0.003156,0.001061,0.00409,3.3e-05,0.000537,0.001217,0.003275,0.002835,0.000152
9840,485,4542,4057,4057,0,0,0,72,16.341296,0.0,15781.68283,578.540268,2685.118435,2173.795523,2506.79,9840,12,78,12280320.0,1766410.0198,12825.9462,5277.0284,149.6751,0.0,0.0,0.0,50,0.028866,1.018728,0.50189,0.501707,1.017808,0.397761,0.343619,0.300517,0.50465,0.050228,0.201836,0.3027,0.496214,0.39988,0.050989,0.012522,0.003932,0.004186,0.011874,0.002198,0.003147,0.001072,0.004102,3.3e-05,0.000548,0.001253,0.003246,0.002816,0.000153
9860,481,4551,4070,4070,0,0,0,76,14.681322,0.0,15677.54316,575.977988,2689.34069,2174.131154,2521.46,9860,12,78,12305280.0,1771310.3098,12848.3122,5289.8183,150.364,0.0,0.0,0.0,50,0.029106,1.018644,0.501611,0.50172,1.017743,0.397558,0.344462,0.300261,0.503657,0.050123,0.202031,0.302851,0.494929,0.399581,0.050945,0.012436,0.003893,0.004127,0.011839,0.002208,0.003234,0.001036,0.004085,3.3e-05,0.000546,0.001237,0.003243,0.002836,0.000152
9880,480,4564,4084,4084,0,0,0,80,19.177381,0.0,15593.813343,571.25714,2689.565479,2173.85279,2531.86,9880,12,78,12330240.0,1776210.5998,12871.3798,5301.215,150.4203,0.0,0.0,0.0,50,0.033333,1.020529,0.501528,0.501905,1.017444,0.397008,0.344074,0.299979,0.501835,0.050142,0.20199,0.302248,0.495915,0.398726,0.050689,0.012316,0.003665,0.003982,0.012051,0.002064,0.003257,0.001042,0.003881,3.3e-05,0.000522,0.001224,0.00317,0.002773,0.000151
9900,482,4578,4096,4096,0,0,0,82,18.360595,0.0,15516.420145,573.600135,2688.03927,2173.7057,2525.53,9900,12,78,12355200.0,1781110.8898,12894.4474,5316.8975,151.7547,0.0,0.0,0.0,50,0.03112,1.019533,0.500947,0.501544,1.018351,0.396611,0.344805,0.29961,0.502576,0.050161,0.201611,0.302235,0.496754,0.39912,0.050806,0.012095,0.003735,0.003968,0.012059,0.002123,0.003275,0.001021,0.003994,3.3e-05,0.000525,0.001236,0.003231,0.002813,0.000151
9920,480,4591,4111,4111,0,0,0,83,18.047478,0.0,15445.69245,571.780526,2690.171997,2173.627248,2547.16,9920,12,78,12380160.0,1786011.1798,12917.515,5333.1134,152.3384,0.0,0.0,0.0,86,0.03125,1.018509,0.499207,0.501512,1.016027,0.397194,0.345825,0.299307,0.50355,0.050071,0.201771,0.302344,0.496481,0.399325,0.050871,0.012027,0.003692,0.004087,0.011472,0.002108,0.003479,0.000976,0.003921,3.4e-05,0.000527,0.001217,0.003291,0.002978,0.000149
9940,474,4600,4126,4126,0,0,0,88,19.37756,0.0,15410.469692,568.551168,2692.071272,2173.585143,2593.12,9940,12,78,12405120.0,1790911.4698,12940.5826,5346.5816,152.8513,0.0,0.0,0.0,12,0.029536,1.020183,0.4993,0.501362,1.015264,0.398035,0.345034,0.299434,0.502682,0.050092,0.201806,0.302417,0.496857,0.40037,0.050861,0.011798,0.003651,0.004136,0.01151,0.002153,0.003421,0.000976,0.003889,3.3e-05,0.000532,0.001208,0.003305,0.002986,0.00015
9960,467,4611,4144,4144,0,0,0,95,24.444374,0.0,15405.146001,559.028543,2696.527083,2172.839834,2626.01,9960,12,78,12430080.0,1795812.4663,12964.5415,5358.3915,153.5692,0.0,0.0,0.0,86,0.029979,1.019715,0.499247,0.501535,1.014479,0.398039,0.344028,0.299427,0.501812,0.050081,0.201465,0.301927,0.497059,0.401129,0.051023,0.011705,0.003511,0.004138,0.01123,0.002124,0.003374,0.000949,0.003808,3.3e-05,0.000517,0.001197,0.003429,0.0029,0.000147
9980,470,4626,4156,4156,0,0,0,96,21.497827,0.0,15469.904989,556.468753,2702.03342,2171.372748,2614.3,9980,12,78,12455040.0,1800726.8863,12990.1934,5371.5821,153.6212,0.0,0.0,0.0,50,0.031915,1.018134,0.498947,0.501009,1.015456,0.397647,0.343277,0.299748,0.502349,0.050065,0.20109,0.301519,0.498034,0.400792,0.050852,0.011635,0.003745,0.004068,0.011418,0.002088,0.003369,0.000947,0.003842,3.2e-05,0.000526,0.00121,0.003446,0.002959,0.00015
10000,466,4636,4170,4170,0,0,0,102,25.727722,0.0,15526.855627,556.432813,2697.839465,2169.992495,2644.21,10000,12,78,12480000.0,1805641.3063,13016.8769,5388.8674,153.9126,0.0,0.0,0.0,12,0.030043,1.018235,0.499831,0.501295,1.014038,0.397444,0.343281,0.299724,0.503114,0.05003,0.200888,0.302141,0.498352,0.40101,0.050833,0.011232,0.003797,0.004166,0.011504,0.002112,0.00341,0.000959,0.004185,3.2e-05,0.000519,0.001202,0.00347,0.002954,0.000151
10020,469,4646,4177,4177,0,0,0,95,19.035148,0.0,15598.749131,561.692983,2699.271869,2169.284508,2636.34,10020,12,78,12504960.0,1810555.7263,13043.6156,5401.8921,154.8654,0.0,0.0,0.0,12,0.029851,1.016379,0.499978,0.501266,1.014679,0.396678,0.342664,0.299969,0.502889,0.050038,0.200896,0.302513,0.499152,0.400772,0.050972,0.01141,0.003818,0.004252,0.011626,0.002156,0.003329,0.000966,0.004016,3.2e-05,0.000524,0.001252,0.003601,0.002884,0.000152
10040,470,4660,4190,4190,0,0,0,96,20.150422,0.0,15648.871467,558.577189,2701.272389,2168.925122,2630.29,10040,12,78,12529920.0,1815470.1463,13070.3542,5414.5418,155.2927,0.0,0.0,0.0,50,0.029787,1.018222,0.500754,0.501685,1.014267,0.39618,0.344007,0.299628,0.503391,0.050079,0.200967,0.303063,0.499272,0.401331,0.051287,0.012178,0.003948,0.004499,0.011231,0.002172,0.003562,0.000967,0.004008,3.3e-05,0.000528,0.001256,0.003611,0.003016,0.00016
10060,471,4675,4204,4204,0,0,0,97,19.619221,0.0,15696.86304,557.340762,2703.040016,2168.739718,2631.83,10060,12,78,12554880.0,1820384.5663,13097.0929,5429.9068,156.0532,0.0,0.0,0.0,50,0.029724,1.017478,0.501024,0.500244,1.013622,0.397421,0.34277,0.299727,0.504232,0.050043,0.201565,0.303765,0.500124,0.399322,0.05086,0.011701,0.003894,0.004272,0.011029,0.002161,0.003417,0.000936,0.003992,3.1e-05,0.00051,0.00124,0.003559,0.002735,0.000154
10080,470,4684,4214,4214,0,0,0,98,18.870739,0.0,15747.5606,561.69964,2699.429621,2168.643273,2653.39,10080,13,78,12579840.0,1825298.9863,13123.8315,5446.0629,156.1117,0.0,0.0,0.0,50,0.031915,1.018346,0.500441,0.499989,1.014372,0.398334,0.34305,0.299332,0.50464,0.050034,0.201711,0.303518,0.499606,0.399223,0.050788,0.011628,0.003902,0.00414,0.01083,0.002169,0.003385,0.000906,0.00396,3.1e-05,0.000503,0.001243,0.003569,0.002792,0.000153
10100,470,4694,4224,4224,0,0,0,95,18.677613,0.0,15790.679753,563.065215,2698.257172,2168.592307,2664.62,10100,13,78,12604800.0,1830213.4063,13150.57,5459.0035,156.1117,0.0,0.0,0.0,50,0.029787,1.021014,0.500858,0.500688,1.014617,0.3979,0.342948,0.299338,0.504736,0.050081,0.201675,0.303795,0.499539,0.39895,0.050668,0.0115,0.004012,0.004255,0.011633,0.002189,0.003396,0.000922,0.003979,3.2e-05,0.000515,0.00124,0.003638,0.002815,0.000152
10120,470,4708,4238,4238,0,0,0,97,20.444796,0.0,15828.578581,560.109177,2699.446027,2167.191563,2657.09,10120,13,78,12629760.0,1835127.8263,13178.9993,5473.1078,156.43,0.0,0.0,0.0,50,0.029787,1.020934,0.500787,0.500823,1.014846,0.397627,0.343977,0.29887,0.504707,0.05011,0.20166,0.303753,0.500769,0.400006,0.050772,0.011384,0.003989,0.004177,0.011345,0.002202,0.003529,0.000909,0.004145,3.1e-05,0.000497,0.001238,0.003666,0.002813,0.000158
10140,473,4721,4248,4248,0,0,0,90,18.844864,0.0,15858.171257,563.243372,2697.911765,2165.309733,2644.28,10140,13,78,12654720.0,1840042.2463,13208.8328,5487.5722,157.3173,0.0,0.0,0.0,50,0.029598,1.020083,0.499563,0.501495,1.015685,0.397828,0.345593,0.298455,0.505961,0.050049,0.202045,0.303966,0.499688,0.398697,0.050719,0.011297,0.004006,0.004188,0.011146,0.002138,0.003721,0.000909,0.004213,3.2e-05,0.000509,0.001227,0.003608,0.002872,0.000157
10160,471,4735,4264,4264,0,0,0,91,18.713677,0.0,15871.109601,560.715931,2700.570392,2163.0588,2644.07,10160,13,78,12679680.0,1844956.6663,13240.0215,5504.6395,157.6839,0.0,0.0,0.0,50,0.027601,1.019768,0.49936,0.500322,1.015903,0.398532,0.345247,0.298209,0.505341,0.050069,0.201769,0.304606,0.499694,0.398268,0.050834,0.011329,0.003917,0.00385,0.011181,0.002199,0.003618,0.000911,0.004257,3.3e-05,0.000506,0.001217,0.00366,0.002761,0.00016
10180,467,4745,4278,4278,0,0,0,84,16.680544,0.0,15948.001926,558.709478,2704.609979,2161.412604,2679.36,10180,13,78,12704640.0,1849871.0863,13271.3778,5519.124,158.0699,0.0,0.0,0.0,86,0.029979,1.020573,0.500036,0.499773,1.017318,0.398452,0.346174,0.297706,0.505379,0.050059,0.201652,0.304646,0.499562,0.398102,0.050999,0.01141,0.003954,0.003889,0.011268,0.002216,0.003694,0.000938,0.004393,3.4e-05,0.000499,0.001216,0.003614,0.002804,0.00016
10200,470,4759,4289,4289,0,0,0,81,15.777445,0.0,16010.137828,559.180218,2705.042337,2160.21795,2669.55,10200,13,78,12729600.0,1854785.5063,13302.7341,5533.219,158.7267,0.0,0.0,0.0,20,0.02766,1.017912,0.49992,0.499646,1.016652,0.397961,0.346132,0.298616,0.504232,0.050091,0.20174,0.304205,0.499198,0.39811,0.051051,0.011049,0.003935,0.003826,0.011035,0.002159,0.003751,0.000955,0.004435,3.3e-05,0.000504,0.001215,0.003631,0.002858,0.000167
10220,465,4766,4301,4301,0,0,0,87,17.331741,0.0,16105.870906,556.127507,2706.540752,2159.306507,2713.33,10220,13,78,12754560.0,1859699.9263,13334.0903,5544.7684,159.1786,0.0,0.0,0.0,20,0.027957,1.017478,0.499275,0.500503,1.016487,0.398117,0.346472,0.298893,0.504667,0.050116,0.20154,0.303697,0.498103,0.39745,0.051048,0.011222,0.003888,0.003833,0.011063,0.002142,0.003782,0.000954,0.004456,3.4e-05,0.000498,0.001212,0.003559,0.002785,0.000169
10240,472,4783,4311,4311,0,0,0,91,20.597127,0.0,16145.357519,559.028781,2700.374092,2158.584296,2687.25,10240,13,78,12779520.0,1864614.3463,13365.4466,5559.8653,159.4826,0.0,0.0,0.0,50,0.029661,1.0168,0.500368,0.501538,1.017354,0.398255,0.346815,0.298506,0.504706,0.050256,0.201745,0.303565,0.497943,0.398137,0.05107,0.011277,0.003986,0.003887,0.011388,0.002059,0.003965,0.000979,0.004409,3.4e-05,0.000509,0.001203,0.003439,0.002833,0.000173
10260,482,4801,4319,4319,0,0,0,87,17.958207,0.0,16162.619776,566.59893,2695.442863,2157.994696,2647.84,10260,13,78,12804480.0,1869544.5763,13396.8029,5577.5622,160.0848,0.0,0.0,0.0,86,0.03112,1.014421,0.500337,0.500682,1.016529,0.39765,0.347269,0.298295,0.505445,0.050306,0.201666,0.30406,0.497609,0.398068,0.051207,0.010977,0.003998,0.003856,0.011417,0.002127,0.003965,0.000995,0.004644,3.5e-05,0.000515,0.001221,0.003521,0.002873,0.000175
10280,482,4812,4330,4330,0,0,0,87,19.537653,0.0,16141.191423,570.447511,2690.014836,2157.501544,2659.49,10280,13,78,12829440.0,1874480.9623,13428.1592,5593.6942,160.6477,0.0,0.0,0.0,86,0.03112,1.015138,0.500365,0.501241,1.016058,0.397656,0.347256,0.298895,0.50458,0.050279,0.201383,0.304063,0.497997,0.398778,0.051075,0.010837,0.00406,0.003874,0.011186,0.00212,0.003995,0.001013,0.004645,3.3e-05,0.000523,0.001248,0.003416,0.002905,0.000171
10300,481,4823,4342,4342,0,0,0,83,17.126938,0.0,16120.446503,571.8941,2690.978962,2157.080648,2669.67,10300,13,78,12854400.0,1879426.28,13459.5154,5608.8585,161.6791,0.0,0.0,0.0,86,0.031185,1.016085,0.500467,0.501503,1.014656,0.398062,0.346934,0.298872,0.503976,0.050325,0.200909,0.303875,0.498224,0.399627,0.051184,0.011148,0.004074,0.00398,0.011399,0.002078,0.003954,0.001031,0.004609,3.3e-05,0.000514,0.001245,0.003469,0.003079,0.00017
10320,479,4832,4353,4353,0,0,0,82,15.964978,0.0,16121.744205,571.701684,2692.333338,2156.715196,2693.41,10320,13,78,12879360.0,1884371.9,13490.8717,5622.1761,162.0519,0.0,0.0,0.0,12,0.029228,1.015346,0.500112,0.501576,1.014312,0.398071,0.34676,0.298507,0.504993,0.050286,0.201339,0.303916,0.497396,0.398892,0.051293,0.01116,0.004046,0.004011,0.011432,0.002102,0.003867,0.001006,0.004701,3.3e-05,0.000523,0.001238,0.003414,0.002985,0.000167
10340,484,4846,4362,4362,0,0,0,79,14.58516,0.0,16079.841944,574.777532,2690.637308,2156.39313,2674.91,10340,13,78,12904320.0,1889317.52,13522.228,5635.6426,162.2452,0.0,0.0,0.0,12,0.028926,1.015328,0.500457,0.500932,1.014283,0.398023,0.346486,0.298762,0.505685,0.050157,0.201641,0.30386,0.497794,0.398902,0.051401,0.01104,0.004083,0.004021,0.011596,0.002123,0.003884,0.001006,0.004717,3.3e-05,0.000546,0.001231,0.00346,0.002976,0.000166
10360,483,4861,4378,4378,0,0,0,80,14.808101,0.0,16054.010235,571.246555,2693.945345,2156.105564,2684.6,10360,13,78,12929280.0,1894263.14,13553.5842,5650.8606,162.8293,0.0,0.0,0.0,12,0.028986,1.015674,0.502338,0.500726,1.013076,0.397314,0.346034,0.298347,0.505314,0.050155,0.201942,0.303914,0.498271,0.399165,0.051574,0.011122,0.004108,0.003909,0.011738,0.002117,0.003928,0.000981,0.004744,3.3e-05,0.000538,0.001222,0.003457,0.002972,0.000166
10380,487,4877,4390,4390,0,0,0,81,16.256843,0.0,16023.512658,574.184037,2689.55912,2155.845792,2655.48,10380,13,78,12954240.0,1899215.615,13584.9405,5667.1778,163.2934,0.0,0.0,0.0,12,0.028747,1.016598,0.501596,0.501533,1.012919,0.397836,0.34588,0.298285,0.504663,0.050315,0.201647,0.303814,0.498895,0.399275,0.051659,0.010926,0.00395,0.003849,0.01193,0.002085,0.003931,0.000991,0.004611,3.4e-05,0.000548,0.00124,0.003448,0.003046,0.000175
10400,488,4889,4401,4401,0,0,0,80,14.579146,0.0,15982.445216,578.533237,2686.887618,2158.120065,2662.93,10400,13,78,12979200.0,1904187.815,13612.9928,5683.5841,163.9949,0.0,0.0,0.0,12,0.028689,1.016393,0.501934,0.501399,1.01566,0.398186,0.346622,0.298329,0.50527,0.050303,0.20144,0.303791,0.499379,0.399078,0.051718,0.010963,0.004065,0.003929,0.012388,0.002161,0.00394,0.001009,0.004632,3.4e-05,0.000555,0.001268,0.00343,0.003059,0.000176
10420,484,4896,4412,4412,0,0,0,79,15.607021,0.0,15922.946595,581.296843,2683.096136,2159.288736,2696.06,10420,13,78,13004160.0,1909160.015,13640.6781,5698.676,164.2929,0.0,0.0,0.0,12,0.028926,1.017573,0.501778,0.501053,1.015545,0.397717,0.346468,0.298218,0.505715,0.050299,0.201461,0.303976,0.499786,0.399291,0.051801,0.010702,0.004025,0.003927,0.012482,0.002177,0.003978,0.001002,0.00466,3.4e-05,0.000556,0.001295,0.003489,0.00307,0.000177
10440,482,4905,4423,4423,0,0,0,80,16.895051,0.0,15851.681252,579.480945,2683.624005,2159.708689,2719.86,10440,13,78,13029120.0,1914132.215,13668.3633,5710.1186,164.2935,0.0,0.0,0.0,50,0.03112,1.017798,0.501003,0.500866,1.01596,0.397574,0.346361,0.298209,0.504817,0.050291,0.201572,0.304073,0.498369,0.399552,0.051725,0.010625,0.00405,0.003949,0.012364,0.002197,0.003877,0.001011,0.004772,3.4e-05,0.00056,0.001317,0.003595,0.003089,0.000171
10460,482,4918,4436,4436,0,0,0,74,14.800417,0.0,15822.365908,575.090818,2690.108765,2159.790009,2729.91,10460,13,78,13054080.0,1919104.415,13696.0485,5720.8908,164.5366,0.0,0.0,0.0,50,0.03112,1.017936,0.501469,0.501262,1.016195,0.397586,0.346943,0.298411,0.504196,0.050307,0.201326,0.304014,0.499324,0.400237,0.051844,0.010989,0.00413,0.003941,0.012418,0.002304,0.003871,0.001001,0.004817,3.4e-05,0.000563,0.001329,0.003729,0.00315,0.000172
10480,484,4936,4452,4452,0,0,0,73,14.741114,0.0,15795.18674,572.236411,2693.022474,2159.727078,2729.46,10480,13,78,13079040.0,1924084.2965,13723.7337,5736.7723,165.0051,0.0,0.0,0.0,12,0.030992,1.018986,0.502841,0.501244,1.015827,0.397342,0.346132,0.298749,0.502053,0.050297,0.201415,0.303807,0.49827,0.400611,0.051424,0.010989,0.004099,0.0039,0.012127,0.002277,0.003854,0.000989,0.004516,3.2e-05,0.000558,0.001328,0.003724,0.003006,0.000164
10500,478,4946,4468,4468,0,0,0,77,17.997756,0.0,15799.592211,568.524756,2693.477487,2159.605931,2753.93,10500,13,77,13104000.0,1929073.2605,13751.419,5752.9072,165.5135,0.0,0.0,0.0,12,0.031381,1.01706,0.502142,0.499954,1.01482,0.397163,0.346028,0.297847,0.501103,0.050269,0.201042,0.303547,0.497875,0.40051,0.051476,0.010699,0.004049,0.003747,0.012045,0.00226,0.003699,0.000969,0.004372,3.2e-05,0.000551,0.001322,0.003769,0.003064,0.000161
10520,483,4957,4474,4474,0,0,0,76,13.848008,0.0,15819.713169,575.578018,2690.573974,2159.463241,2721.52,10520,13,77,13128960.0,1934062.5305,13779.1042,5767.3703,165.6149,0.0,0.0,0.0,12,0.028986,1.015498,0.501361,0.50053,1.012718,0.396874,0.345625,0.298304,0.500568,0.050367,0.201136,0.303547,0.498112,0.399997,0.051423,0.010867,0.003961,0.003798,0.011937,0.002248,0.003657,0.000989,0.004336,3.2e-05,0.000556,0.001325,0.003781,0.003045,0.00016
10540,487,4968,4481,4481,0,0,0,72,14.896009,0.0,15809.700587,579.897762,2685.206229,2159.314104,2698.75,10540,13,77,13153920.0,1939065.0905,13806.7894,5779.4716,166.258,0.0,0.0,0.0,12,0.030801,1.015463,0.500976,0.501093,1.012835,0.396774,0.345281,0.298651,0.500411,0.050359,0.200882,0.303615,0.497963,0.40035,0.051299,0.010873,0.004002,0.003849,0.012071,0.002277,0.003609,0.000979,0.00434,3.1e-05,0.000552,0.001342,0.003745,0.003041,0.000159
10560,475,4973,4498,4498,0,0,0,75,16.335765,0.0,15853.986278,570.297352,2693.366884,2159.164376,2778.37,10560,13,77,13178880.0,1944067.6505,13834.4746,5790.7693,166.4653,0.0,0.0,0.0,12,0.029474,1.014185,0.500478,0.501534,1.01385,0.396561,0.345613,0.298091,0.500636,0.050314,0.201053,0.303312,0.497235,0.400708,0.051403,0.010822,0.003978,0.003916,0.011937,0.002232,0.003613,0.000952,0.004413,3.2e-05,0.00054,0.001334,0.003805,0.003035,0.000161
10580,474,4983,4509,4509,0,0,0,78,16.745394,0.0,15944.657715,566.501052,2696.753553,2159.016003,2793.77,10580,13,77,13203840.0,1949070.2105,13862.1598,5799.6605,167.0426,0.0,0.0,0.0,12,0.029536,1.015616,0.499166,0.501945,1.014236,0.39651,0.34697,0.297873,0.501199,0.050326,0.200901,0.303081,0.496618,0.402306,0.051416,0.011072,0.004002,0.004157,0.011516,0.002183,0.003799,0.000967,0.004653,3.2e-05,0.000547,0.001347,0.003827,0.003124,0.000161
10600,474,4999,4525,4525,0,0,0,84,19.969906,0.0,16048.549955,559.264581,2700.765513,2158.869299,2785.69,10600,13,77,13228800.0,1954072.7705,13889.8451,5812.0617,167.7443,0.0,0.0,0.0,50,0.029536,1.013536,0.498844,0.500168,1.010462,0.396123,0.348192,0.297416,0.501575,0.050259,0.201676,0.303982,0.495663,0.400236,0.05141,0.010962,0.004056,0.004161,0.011424,0.002204,0.003978,0.000999,0.004692,3.3e-05,0.000562,0.001339,0.003835,0.003053,0.000164
10620,476,5011,4535,4535,0,0,0,82,18.445973,0.0,16171.201872,562.012222,2699.541804,2159.875984,2788.97,10620,13,77,13253760.0,1959081.011,13916.3759,5827.5302,167.8974,0.0,0.0,0.0,50,0.029412,1.013089,0.498662,0.500374,1.011981,0.395909,0.349093,0.297383,0.501392,0.050193,0.20207,0.304249,0.495148,0.398992,0.051352,0.010986,0.00411,0.004074,0.011305,0.002133,0.004186,0.000998,0.004693,3.3e-05,0.000569,0.001326,0.003643,0.00307,0.00017
10640,478,5026,4548,4548,0,0,0,82,18.277985,0.0,16277.423899,564.287477,2697.434538,2164.095118,2788.87,10640,13,77,13278720.0,1964099.801,13939.4435,5845.9793,167.9612,0.0,0.0,0.0,50,0.029289,1.013001,0.499711,0.500359,1.011763,0.396019,0.348905,0.29791,0.502653,0.050214,0.201803,0.304596,0.495154,0.398684,0.0511,0.010633,0.00399,0.004122,0.011557,0.002134,0.004131,0.001045,0.004507,3.3e-05,0.000539,0.0013,0.003575,0.00305,0.000172
10660,477,5038,4561,4561,0,0,0,88,21.288907,0.0,16363.231963,566.350736,2692.360357,2167.50669,2786.52,10660,13,77,13303680.0,1969118.591,13962.5111,5862.4606,168.5613,0.0,0.0,0.0,86,0.031447,1.015028,0.498564,0.500369,1.01272,0.396634,0.351142,0.297905,0.504393,0.050102,0.202003,0.304334,0.493752,0.399627,0.051194,0.010799,0.004053,0.004268,0.011643,0.002122,0.004388,0.001057,0.004697,3.5e-05,0.000548,0.001309,0.003524,0.003258,0.000173
10680,484,5054,4570,4570,0,0,0,76,17.323984,0.0,16415.551779,572.106785,2690.56923,2170.091623,2762.71,10680,13,77,13328640.0,1974137.381,13985.3888,5878.3551,169.3484,0.0,0.0,0.0,86,0.030992,1.013464,0.500296,0.500657,1.013526,0.395847,0.350261,0.297942,0.504103,0.050141,0.201867,0.304776,0.494846,0.39969,0.05135,0.010931,0.0041,0.004245,0.012089,0.002128,0.004227,0.001057,0.00474,3.5e-05,0.000543,0.001347,0.003521,0.003172,0.000173
10700,482,5066,4584,4584,0,0,0,79,17.307693,0.0,16440.556655,570.772637,2691.91967,2171.768599,2767.87,10700,13,77,13353600.0,1979156.171,14007.9968,5893.5895,169.4637,0.0,0.0,0.0,86,0.03112,1.01262,0.500646,0.500743,1.014897,0.396282,0.350649,0.298109,0.504444,0.050222,0.201395,0.304609,0.495854,0.399436,0.051559,0.011108,0.00413,0.004159,0.012729,0.002135,0.004218,0.001034,0.004847,3.8e-05,0.000559,0.00138,0.00352,0.003254,0.000184
10720,488,5086,4598,4598,0,0,0,83,17.655566,0.0,16468.879006,571.842795,2690.501639,2172.494865,2731.74,10720,13,77,13378560.0,1984174.961,14031.0644,5911.0518,170.0075,0.0,0.0,0.0,86,0.030738,1.012875,0.500903,0.500105,1.015133,0.396424,0.350347,0.298046,0.50413,0.050127,0.201409,0.304567,0.495231,0.399734,0.051218,0.01132,0.004362,0.004099,0.013053,0.00224,0.004089,0.001058,0.004931,3.7e-05,0.000529,0.001386,0.003536,0.003207,0.000177
10740,493,5100,4607,4607,0,0,0,79,14.970772,0.0,16438.696324,581.402284,2683.626944,2172.939948,2712.05,10740,13,77,13403520.0,1989193.7511,14054.132,5930.8252,170.5478,0.0,0.0,0.0,86,0.030426,1.012606,0.501861,0.500564,1.014008,0.396239,0.350616,0.297825,0.50323,0.050181,0.2013,0.30447,0.494529,0.398831,0.051339,0.011728,0.00433,0.0041,0.013224,0.002237,0.004279,0.001066,0.004578,3.7e-05,0.000529,0.001368,0.003567,0.003149,0.000174
10760,496,5112,4616,4616,0,0,0,80,15.513751,0.0,16372.838097,586.333266,2678.152983,2173.200376,2707.94,10760,13,77,13428480.0,1994212.5411,14077.1996,5946.7232,170.6719,0.0,0.0,0.0,86,0.030242,1.01194,0.502947,0.500428,1.015306,0.396553,0.351451,0.297683,0.50407,0.050106,0.201386,0.304802,0.494323,0.398354,0.051025,0.01171,0.00444,0.004013,0.013541,0.002176,0.004392,0.001038,0.004642,3.7e-05,0.000519,0.001365,0.003429,0.003162,0.00017
10780,495,5119,4624,4624,0,0,0,81,16.335738,0.0,16258.730247,591.08472,2672.579543,2176.227604,2700.04,10780,13,77,13453440.0,1999231.3311,14096.7948,5960.8281,170.9596,0.0,0.0,0.0,86,0.030303,1.012078,0.503422,0.499921,1.013469,0.396634,0.350977,0.298252,0.504371,0.05011,0.201528,0.304661,0.494733,0.398118,0.050902,0.011704,0.004481,0.003823,0.013595,0.002151,0.004399,0.001024,0.004584,3.4e-05,0.000519,0.001358,0.003506,0.003119,0.000168
10800,495,5129,4634,4634,0,0,0,78,13.110414,0.0,16155.737793,590.065445,2676.824141,2178.536433,2713.69,10800,13,77,13478400.0,2004250.1211,14115.2324,5971.5961,171.4133,0.0,0.0,0.0,86,0.030303,1.012332,0.504366,0.500288,1.013639,0.396855,0.351116,0.298694,0.503925,0.050192,0.201243,0.304411,0.495129,0.397893,0.050884,0.011734,0.004427,0.003895,0.013409,0.002163,0.004392,0.00103,0.004503,3.4e-05,0.00049,0.001373,0.003625,0.003024,0.00017
10820,498,5145,4647,4647,0,0,0,80,15.450685,0.0,16047.531434,586.455894,2678.093421,2179.669909,2690.85,10820,14,77,13503360.0,2009269.7749,14133.6701,5983.828,171.6397,0.0,0.0,0.0,86,0.028112,1.012592,0.504348,0.500537,1.011104,0.39779,0.351332,0.29788,0.502591,0.05014,0.201427,0.304242,0.495226,0.397957,0.05092,0.012296,0.004505,0.004057,0.013388,0.002208,0.004359,0.001087,0.004453,3.6e-05,0.000507,0.001415,0.003583,0.003249,0.00017
10840,496,5157,4661,4661,0,0,0,78,16.044433,0.0,15964.424016,586.138774,2677.816793,2180.632015,2709.39,10840,14,77,13528320.0,2014300.1749,14151.5617,5999.5084,172.1723,0.0,0.0,0.0,86,0.028226,1.013543,0.503067,0.501194,1.013219,0.398921,0.352414,0.297591,0.503023,0.050107,0.201342,0.304031,0.495133,0.399331,0.050986,0.011715,0.004772,0.00441,0.014362,0.002251,0.004603,0.001095,0.004432,3.6e-05,0.000526,0.00138,0.003754,0.003337,0.000171
10860,487,5166,4679,4679,0,0,0,77,15.836642,0.0,15914.081419,580.621632,2683.541726,2180.676247,2772.53,10860,14,77,13553280.0,2019330.5749,14169.8959,6014.7063,172.851,0.0,0.0,0.0,20,0.028747,1.013665,0.502619,0.500567,1.012812,0.399206,0.352497,0.297082,0.502687,0.050096,0.200854,0.30438,0.495799,0.400553,0.050981,0.011705,0.004731,0.004353,0.013963,0.002186,0.004599,0.001039,0.004439,3.6e-05,0.00051,0.001375,0.003777,0.003323,0.000169
10880,489,5187,4698,4698,0,0,0,80,15.945352,0.0,15909.236899,571.999576,2692.055073,2180.653543,2762.27,10880,14,77,13578240.0,2024360.9749,14188.3336,6027.7954,173.3501,0.0,0.0,0.0,20,0.02863,1.015843,0.502922,0.498834,1.015876,0.39888,0.351797,0.297277,0.503552,0.050038,0.20058,0.3054,0.497031,0.401391,0.051097,0.01166,0.004792,0.004124,0.014293,0.002216,0.004615,0.001003,0.004486,3.4e-05,0.000527,0.001364,0.003774,0.003211,0.000169
10900,490,5195,4705,4705,0,0,0,72,13.510899,0.0,15928.480786,582.512448,2683.976654,2181.232169,2759.66,10900,14,77,13603200.0,2029405.0849,14205.9121,6046.2772,173.721,0.0,0.0,0.0,20,0.028571,1.016924,0.501375,0.498903,1.014771,0.399495,0.351711,0.29751,0.502946,0.05008,0.200844,0.30488,0.497102,0.401384,0.051031,0.01183,0.004709,0.004195,0.014133,0.002325,0.004639,0.001015,0.004538,3.5e-05,0.000533,0.001371,0.003842,0.003252,0.000168
10920,491,5207,4716,4716,0,0,0,79,17.977254,0.0,15871.220483,586.008122,2676.014623,2180.961787,2754.44,10920,14,77,13628160.0,2034449.1949,14224.3498,6063.2973,173.7495,0.0,0.0,0.0,50,0.03055,1.015843,0.501207,0.498537,1.014624,0.399221,0.350608,0.297373,0.502543,0.050158,0.200969,0.304571,0.49621,0.401155,0.050839,0.011915,0.00464,0.004135,0.013579,0.00229,0.004605,0.001013,0.004505,3.5e-05,0.000534,0.00133,0.003644,0.003253,0.000168
10940,492,5218,4726,4726,0,0,0,77,15.631396,0.0,15841.453946,586.794215,2677.574389,2180.817324,2765.16,10940,14,77,13653120.0,2039516.6149,14242.7874,6075.5042,174.4108,0.0,0.0,0.0,50,0.030488,1.015045,0.499737,0.498901,1.014882,0.399677,0.349961,0.297931,0.502071,0.050165,0.200945,0.304344,0.496669,0.401142,0.050804,0.011683,0.004361,0.00412,0.013089,0.002285,0.00458,0.001008,0.004363,3.5e-05,0.000526,0.001311,0.003638,0.003218,0.000167
10960,488,5224,4736,4736,0,0,0,78,16.73365,0.0,15823.31415,585.935658,2677.330692,2181.194787,2792.54,10960,14,77,13678080.0,2044594.0249,14260.6234,6086.7311,174.5897,0.0,0.0,0.0,50,0.030738,1.015042,0.499344,0.498668,1.01528,0.399482,0.349839,0.297379,0.502399,0.050114,0.201085,0.303958,0.496148,0.401218,0.05085,0.011819,0.00429,0.004112,0.013394,0.002263,0.004361,0.001011,0.004354,3.4e-05,0.000528,0.00132,0.003579,0.003239,0.000166
10980,487,5237,4750,4750,0,0,0,80,19.308478,0.0,15815.455321,580.922882,2679.76864,2180.951319,2800.81,10980,14,77,13703040.0,2049671.4349,14279.0462,6097.9359,174.7023,0.0,0.0,0.0,50,0.030801,1.017309,0.498837,0.499154,1.015101,0.399182,0.349751,0.296806,0.502549,0.050176,0.201175,0.303654,0.496219,0.402006,0.050806,0.011858,0.004416,0.004368,0.013281,0.00231,0.004332,0.001021,0.004561,3.6e-05,0.000535,0.001359,0.003706,0.003365,0.000162
11000,496,5255,4759,4759,0,0,0,81,18.536209,0.0,15794.144561,583.454281,2678.009511,2181.217711,2756.39,11000,14,77,13728000.0,2054748.8449,14296.8344,6112.5047,175.2435,0.0,0.0,0.0,50,0.028226,1.014362,0.498612,0.499288,1.01381,0.397851,0.349186,0.297269,0.501735,0.050255,0.201138,0.304293,0.496217,0.40222,0.05087,0.011582,0.004563,0.004345,0.013466,0.002339,0.004136,0.001007,0.004566,3.7e-05,0.000522,0.001409,0.003707,0.003364,0.00016
11020,493,5265,4772,4772,0,0,0,82,19.479431,0.0,15761.875264,585.007208,2675.513361,2180.908811,2752.25,11020,14,77,13752960.0,2059826.2549,14315.272,6128.7247,176.1289,0.0,0.0,0.0,12,0.026369,1.015277,0.499104,0.498787,1.012051,0.397711,0.348452,0.297339,0.501005,0.050266,0.20102,0.304291,0.496263,0.402556,0.050816,0.011719,0.004483,0.0042,0.013173,0.002291,0.004028,0.000989,0.004534,3.5e-05,0.000523,0.00146,0.00371,0.003318,0.000158
11040,484,5276,4792,4792,0,0,0,86,20.924624,0.0,15773.590808,577.031837,2682.043539,2181.213476,2810.88,11040,14,77,13777920.0,2064914.1139,14332.9939,6143.4911,176.703,0.0,0.0,0.0,12,0.02686,1.014982,0.498686,0.498606,1.012744,0.397569,0.34837,0.298395,0.502068,0.050326,0.201287,0.303676,0.497046,0.401586,0.050808,0.011841,0.004507,0.004063,0.012701,0.002292,0.00395,0.001007,0.004578,3.4e-05,0.000514,0.001454,0.003699,0.003195,0.000157
11060,477,5283,4806,4806,0,0,0,89,17.844821,0.0,15882.364398,570.858136,2691.297043,2180.901484,2820.21,11060,14,77,13802880.0,2070003.1339,14351.4316,6154.5523,177.2485,0.0,0.0,0.0,12,0.027254,1.014085,0.498671,0.49834,1.013871,0.396444,0.348669,0.298012,0.502789,0.05035,0.201175,0.30428,0.49682,0.40113,0.051108,0.012004,0.004452,0.004118,0.012793,0.002257,0.003975,0.00103,0.004616,3.5e-05,0.000518,0.001489,0.003735,0.003208,0.000161
11080,481,5297,4816,4816,0,0,0,82,17.186506,0.0,16028.874805,570.281164,2692.53233,2180.762248,2804.65,11080,14,77,13827840.0,2075099.0014,14369.8692,6165.475,177.4953,0.0,0.0,0.0,12,0.029106,1.015276,0.498652,0.498696,1.013097,0.396195,0.348563,0.297661,0.502277,0.050371,0.201018,0.304116,0.497161,0.401036,0.050975,0.01208,0.004409,0.004153,0.013023,0.002211,0.003966,0.001041,0.004636,3.5e-05,0.000501,0.001468,0.003712,0.003174,0.000162
11100,481,5313,4832,4832,0,0,0,87,22.046372,0.0,16189.179085,563.297747,2694.655881,2180.699611,2813.23,11100,14,77,13852800.0,2080200.4714,14388.3069,6178.4638,178.0832,0.0,0.0,0.0,12,0.029106,1.012153,0.497595,0.499941,1.015809,0.395915,0.349065,0.298484,0.502329,0.050341,0.20123,0.303988,0.498109,0.400057,0.050882,0.011981,0.004606,0.004138,0.012743,0.002154,0.004142,0.001033,0.004673,3.8e-05,0.000494,0.00147,0.003691,0.003162,0.000166
11120,473,5323,4850,4850,0,0,0,88,21.632254,0.0,16432.722109,558.846049,2699.521697,2180.671259,2867.43,11120,14,77,13877760.0,2085325.5964,14406.7446,6195.2908,178.411,0.0,0.0,0.0,12,0.029598,1.011558,0.499448,0.499499,1.01827,0.396099,0.349091,0.298489,0.502194,0.050356,0.201316,0.304208,0.498965,0.40012,0.051037,0.011828,0.004617,0.004183,0.013023,0.002062,0.004138,0.001037,0.00456,3.7e-05,0.000483,0.001446,0.003616,0.003147,0.000167
11140,484,5343,4859,4859,0,0,0,84,19.843114,0.0,16614.919862,567.424724,2692.732162,2180.812147,2803.16,11140,14,77,13902720.0,2090451.9664,14425.0445,6215.08,178.8689,0.0,0.0,0.0,50,0.028926,1.010314,0.499385,0.498115,1.019584,0.395904,0.348855,0.29844,0.5028,0.050248,0.200944,0.303687,0.498539,0.399836,0.051074,0.011314,0.004644,0.004025,0.013418,0.002023,0.004358,0.001032,0.004435,3.6e-05,0.000502,0.001427,0.003705,0.003071,0.000165
11160,488,5356,4868,4868,0,0,0,85,18.849614,0.0,16755.644015,573.484022,2687.666364,2178.6988,2783.66,11160,14,77,13927680.0,2095578.3364,14446.1142,6232.4399,179.0374,0.0,0.0,0.0,50,0.030738,1.011114,0.500225,0.498041,1.018985,0.39582,0.35064,0.298853,0.503666,0.050163,0.201233,0.303942,0.498578,0.398669,0.051113,0.011609,0.00469,0.003992,0.01314,0.00202,0.004699,0.001022,0.004386,3.6e-05,0.000518,0.001397,0.003719,0.003,0.000174
11180,495,5372,4877,4877,0,0,0,85,17.870409,0.0,16816.703305,580.776655,2681.352936,2176.175249,2754.94,11180,14,77,13952640.0,2100704.7064,14469.4133,6250.7625,179.1254,0.0,0.0,0.0,50,0.030303,1.009869,0.499624,0.499322,1.018222,0.39621,0.350926,0.299189,0.504209,0.050206,0.201149,0.304133,0.497969,0.397978,0.051101,0.011342,0.004713,0.00401,0.013002,0.002037,0.00456,0.001044,0.0044,3.6e-05,0.000506,0.001424,0.003791,0.003016,0.000174
11200,497,5382,4885,4885,0,0,0,80,17.746358,0.0,16838.05185,588.691978,2673.561664,2174.777349,2754.82,11200,14,77,13977600.0,2105831.0764,14492.8077,6267.5069,179.6979,0.0,0.0,0.0,50,0.028169,1.01075,0.500291,0.499622,1.018635,0.395715,0.350321,0.299219,0.504958,0.050132,0.201298,0.304155,0.498905,0.398639,0.050982,0.01137,0.004773,0.00397,0.01325,0.002,0.004606,0.001037,0.004436,3.5e-05,0.000505,0.001447,0.003796,0.003029,0.000172
11220,494,5398,4904,4904,0,0,0,76,17.694643,0.0,16832.231333,583.145758,2679.159599,2173.994698,2772.68,11220,14,77,14002560.0,2110947.5554,14516.2021,6284.398,180.7645,0.0,0.0,0.0,50,0.032389,1.011596,0.501507,0.498516,1.017039,0.396718,0.351971,0.299227,0.504533,0.050073,0.201644,0.303908,0.499067,0.398602,0.051129,0.01161,0.004804,0.004094,0.01321,0.002061,0.004848,0.001035,0.004524,3.5e-05,0.000552,0.001472,0.00388,0.003056,0.000178
11240,496,5415,4919,4919,0,0,0,80,18.481084,0.0,16848.916317,581.822535,2679.696382,2173.542872,2776.04,11240,14,77,14027520.0,2116059.7954,14539.5964,6299.7384,181.4172,0.0,0.0,0.0,50,0.030242,1.014458,0.502119,0.497848,1.016515,0.39601,0.352505,0.298641,0.50514,0.05012,0.201726,0.304581,0.499144,0.398757,0.051315,0.012104,0.004693,0.004168,0.013352,0.002137,0.004915,0.001049,0.004638,3.4e-05,0.000555,0.001469,0.003834,0.002894,0.000174
11260,502,5431,4929,4929,0,0,0,79,16.237558,0.0,16873.246217,586.473208,2677.289235,2172.068662,2735.69,11260,14,77,14052480.0,2121189.2884,14564.6453,6317.5597,181.623,0.0,0.0,0.0,50,0.027888,1.01523,0.501135,0.498414,1.01757,0.396713,0.351024,0.298676,0.504425,0.050068,0.201515,0.304131,0.497458,0.398967,0.051116,0.011993,0.004694,0.004131,0.013276,0.002135,0.004635,0.001048,0.004677,3.4e-05,0.00055,0.001448,0.003811,0.002798,0.000169
11280,506,5442,4936,4936,0,0,0,79,16.90552,0.0,16832.419329,599.135254,2663.959226,2169.453913,2727.3,11280,14,77,14077440.0,2126332.7089,14592.4641,6338.3606,181.9485,0.0,0.0,0.0,20,0.027668,1.014952,0.501167,0.498832,1.017258,0.396854,0.350468,0.298629,0.504296,0.050126,0.20151,0.304499,0.497912,0.398144,0.051161,0.012021,0.004663,0.004107,0.013574,0.002147,0.004576,0.001033,0.004469,3.5e-05,0.000557,0.001481,0.003792,0.002725,0.000169
11300,506,5451,4945,4945,0,0,0,80,16.559933,0.0,16747.699118,605.107099,2658.332968,2167.126132,2742.71,11300,14,77,14102400.0,2131478.2489,14621.8358,6354.6933,182.1676,0.0,0.0,0.0,20,0.027668,1.016158,0.501547,0.498498,1.018426,0.396398,0.352134,0.29823,0.504665,0.05013,0.201661,0.304359,0.497717,0.398935,0.051277,0.011941,0.004738,0.00428,0.013776,0.002202,0.004779,0.001037,0.00461,3.6e-05,0.000555,0.001476,0.003811,0.002799,0.00017
11320,510,5465,4955,4955,0,0,0,81,16.366514,0.0,16628.141668,607.528434,2656.105052,2164.877589,2737.25,11320,14,77,14127360.0,2136623.7889,14652.5284,6369.1827,182.3372,0.0,0.0,0.0,50,0.029412,1.01537,0.500592,0.499016,1.017247,0.396573,0.352264,0.297955,0.504288,0.050093,0.201473,0.304007,0.497529,0.399279,0.051064,0.012008,0.004634,0.004238,0.01344,0.002215,0.004884,0.001057,0.004727,3.6e-05,0.000538,0.001454,0.003681,0.002792,0.000163
11340,506,5477,4971,4971,0,0,0,87,17.941051,0.0,16529.750779,600.766479,2661.29247,2163.571573,2738.39,11340,14,77,14152320.0,2141769.3289,14683.2805,6381.8237,182.5956,0.0,0.0,0.0,50,0.029644,1.015206,0.500584,0.499311,1.014348,0.395516,0.352193,0.297976,0.502576,0.050166,0.201503,0.30439,0.49755,0.399335,0.050782,0.011815,0.004444,0.004252,0.012615,0.002098,0.004859,0.00105,0.004602,3.7e-05,0.000525,0.001438,0.003577,0.002798,0.000167
11360,504,5488,4984,4984,0,0,0,86,16.453337,0.0,16467.378861,600.726423,2662.82024,2161.946719,2751.94,11360,14,77,14177280.0,2146914.8689,14715.0923,6396.9817,183.3074,0.0,0.0,0.0,50,0.029762,1.015623,0.501142,0.499886,1.015628,0.395788,0.352633,0.297948,0.502113,0.050202,0.201422,0.30424,0.497745,0.398364,0.050669,0.012255,0.004306,0.004247,0.013154,0.002092,0.004813,0.001037,0.004536,3.7e-05,0.000517,0.00143,0.003545,0.002696,0.000164
11380,497,5500,5003,5003,0,0,0,81,16.314492,0.0,16444.903725,591.47263,2672.212878,2160.097993,2797.93,11380,15,77,14202240.0,2152060.1003,14748.3326,6410.3596,183.5761,0.0,0.0,0.0,12,0.028169,1.017454,0.501395,0.499301,1.011788,0.39619,0.351269,0.297786,0.500477,0.050091,0.201347,0.304417,0.497564,0.397992,0.050462,0.012093,0.00418,0.00424,0.012363,0.002102,0.004597,0.001053,0.004449,3.6e-05,0.000512,0.001442,0.003594,0.002709,0.00016
11400,493,5507,5014,5014,0,0,0,84,17.489023,0.0,16472.25123,591.761119,2670.749858,2158.365846,2805.66,11400,15,77,14227200.0,2157205.6403,14782.7056,6423.6749,183.5761,0.0,0.0,0.0,12,0.028398,1.018217,0.501307,0.499847,1.015088,0.39679,0.352317,0.297788,0.501017,0.050072,0.201414,0.304726,0.497784,0.398893,0.050663,0.012322,0.004244,0.004444,0.013133,0.002103,0.004754,0.001059,0.004472,3.6e-05,0.000512,0.00146,0.003667,0.002745,0.00016
11420,500,5525,5025,5025,0,0,0,86,15.63416,0.0,16486.455973,593.929872,2670.435968,2157.419025,2778.0,11420,15,77,14252160.0,2162351.1803,14817.1164,6438.7734,184.0067,0.0,0.0,0.0,12,0.028,1.01837,0.500385,0.500164,1.013594,0.398108,0.352564,0.298343,0.500892,0.050146,0.201297,0.304227,0.497581,0.398595,0.050681,0.011938,0.00435,0.00461,0.013172,0.002082,0.004822,0.001091,0.004499,3.7e-05,0.000512,0.001463,0.003774,0.002718,0.000163
11440,496,5536,5040,5040,0,0,0,90,18.392565,0.0,16528.59685,587.443891,2674.163544,2156.888473,2812.48,11440,15,77,14277120.0,2167496.7203,14851.5272,6452.3424,184.1139,0.0,0.0,0.0,50,0.030242,1.014702,0.500154,0.500179,1.014657,0.398114,0.352772,0.298166,0.501454,0.050156,0.201152,0.304182,0.496889,0.398501,0.05072,0.011552,0.004304,0.004567,0.013696,0.002046,0.0049,0.001097,0.004521,3.7e-05,0.000507,0.001439,0.003714,0.002719,0.000164
11460,502,5548,5046,5046,0,0,0,89,17.956507,0.0,16514.056998,597.532667,2664.510826,2156.286568,2793.22,11460,15,77,14302080.0,2172642.2603,14886.0572,6469.5509,184.1467,0.0,0.0,0.0,50,0.02988,1.01653,0.499771,0.49943,1.014378,0.398448,0.353129,0.298221,0.502396,0.050239,0.201027,0.304373,0.496719,0.398673,0.050721,0.011867,0.004236,0.004425,0.013807,0.002,0.00498,0.001108,0.004595,3.7e-05,0.000502,0.001434,0.003618,0.002716,0.000168
11480,508,5564,5056,5056,0,0,0,90,18.818473,0.0,16437.804244,603.089192,2658.092335,2154.470264,2758.25,11480,15,77,14327040.0,2177787.8003,14922.6613,6485.7633,185.1015,0.0,0.0,0.0,50,0.029528,1.016717,0.499794,0.499394,1.014942,0.398288,0.352761,0.297948,0.501758,0.050232,0.200673,0.304298,0.497005,0.398876,0.050797,0.011766,0.004159,0.004435,0.013211,0.001969,0.004974,0.001119,0.004491,3.7e-05,0.000505,0.001435,0.003611,0.002708,0.000171
11500,497,5576,5079,5079,0,0,0,96,21.956308,0.0,16429.693886,590.699498,2667.344195,2152.264995,2812.72,11500,15,77,14352000.0,2182933.3403,14960.7543,6500.599,185.7966,0.0,0.0,0.0,50,0.030181,1.016297,0.499907,0.499898,1.018275,0.398481,0.352895,0.298164,0.500693,0.050244,0.200786,0.303573,0.496707,0.399298,0.05077,0.011859,0.00418,0.004424,0.013471,0.001954,0.005015,0.001111,0.004487,3.6e-05,0.000505,0.001418,0.003592,0.002688,0.000173
11520,494,5587,5093,5093,0,0,0,96,19.612694,0.0,16446.798229,588.599966,2671.78734,2150.629788,2838.72,11520,15,77,14376960.0,2188078.8803,14999.2271,6516.0604,186.1749,0.0,0.0,0.0,50,0.030364,1.014397,0.500009,0.499662,1.018392,0.397932,0.352133,0.298422,0.501862,0.050324,0.200675,0.303778,0.496106,0.398873,0.050994,0.012048,0.00423,0.004377,0.013948,0.001948,0.004964,0.001103,0.004511,3.6e-05,0.000507,0.001427,0.003615,0.00268,0.000195
11540,495,5599,5104,5104,0,0,0,91,18.596183,0.0,16501.798468,589.264555,2672.139263,2149.544418,2841.16,11540,15,77,14401920.0,2193224.4203,15037.7,6529.822,186.3757,0.0,0.0,0.0,50,0.030303,1.013949,0.498972,0.499963,1.016033,0.397613,0.352394,0.297707,0.5014,0.050265,0.200965,0.303933,0.49613,0.39892,0.050933,0.011739,0.004167,0.004368,0.013815,0.001948,0.004929,0.00108,0.004452,3.5e-05,0.000518,0.001443,0.003637,0.002728,0.000192
11560,494,5612,5118,5118,0,0,0,95,21.324021,0.0,16543.567566,585.937347,2672.738632,2148.790312,2837.26,11560,15,77,14426880.0,2198369.9603,15076.1728,6543.2373,186.5185,0.0,0.0,0.0,12,0.02834,1.013753,0.499779,0.499558,1.015837,0.39812,0.351928,0.297196,0.502183,0.050225,0.201208,0.30424,0.49725,0.399369,0.050997,0.011941,0.004226,0.004413,0.014393,0.002023,0.004964,0.001092,0.00453,3.5e-05,0.000516,0.001467,0.003732,0.002669,0.000178
11580,498,5628,5130,5130,0,0,0,94,19.753057,0.0,16578.207531,589.554106,2670.692837,2148.249457,2829.83,11580,15,77,14451840.0,2203515.5003,15114.6457,6560.6983,187.2487,0.0,0.0,0.0,12,0.028112,1.014234,0.50146,0.499566,1.016011,0.397696,0.352664,0.297738,0.503895,0.050179,0.201561,0.304045,0.498104,0.398944,0.051054,0.011925,0.004855,0.004447,0.014298,0.002025,0.005059,0.001124,0.004643,3.4e-05,0.00051,0.00147,0.003696,0.002713,0.000172
11600,504,5643,5139,5139,0,0,0,95,21.454899,0.0,16563.022124,594.072142,2664.472959,2148.227839,2802.32,11600,15,77,14476800.0,2208661.0403,15152.6786,6576.8585,187.4214,0.0,0.0,0.0,20,0.027778,1.011888,0.50075,0.50082,1.01593,0.398053,0.352796,0.297455,0.503775,0.050198,0.201592,0.303912,0.498167,0.399179,0.051027,0.011688,0.004944,0.004663,0.014244,0.002081,0.00503,0.001105,0.004751,3.5e-05,0.00051,0.001458,0.003703,0.002783,0.000174
11620,506,5661,5155,5155,0,0,0,99,22.582501,0.0,16518.095445,593.215305,2664.202194,2149.046175,2798.0,11620,15,77,14501760.0,2213806.5803,15189.6612,6595.3677,187.8218,0.0,0.0,0.0,86,0.029644,1.010815,0.499609,0.501538,1.016916,0.39792,0.353838,0.297823,0.503955,0.05027,0.201476,0.303764,0.497912,0.398991,0.051179,0.011911,0.005036,0.004844,0.014858,0.002183,0.005275,0.001098,0.004726,3.5e-05,0.000518,0.001472,0.003823,0.00278,0.000177
11640,514,5682,5168,5168,0,0,0,104,22.469561,0.0,16434.059913,598.876968,2658.653471,2151.461076,2761.45,11640,15,77,14526720.0,2218954.2398,15224.4754,6616.2787,188.281,0.0,0.0,0.0,86,0.029183,1.010401,0.500721,0.501726,1.014149,0.397218,0.355119,0.297954,0.505488,0.050112,0.202108,0.304494,0.497925,0.39765,0.051153,0.012151,0.005165,0.004752,0.014103,0.00215,0.005548,0.001122,0.005201,3.7e-05,0.000546,0.001457,0.003849,0.002812,0.000177
11660,514,5694,5180,5180,0,0,0,102,23.879321,0.0,16317.664566,605.747792,2650.372888,2152.812473,2763.86,11660,15,77,14551680.0,2224113.9098,15259.5607,6637.3483,188.7785,0.0,0.0,0.0,86,0.029183,1.012166,0.499222,0.501404,1.011834,0.398035,0.356344,0.298096,0.505512,0.050163,0.201911,0.304215,0.497954,0.397586,0.051553,0.012553,0.00491,0.004748,0.014561,0.002223,0.005561,0.001148,0.005236,3.7e-05,0.000592,0.001426,0.003995,0.002797,0.00018
11680,501,5700,5199,5199,0,0,0,100,21.189237,0.0,16262.630581,598.502253,2660.30851,2153.777012,2843.6,11680,15,77,14576640.0,2229273.5798,15294.7184,6653.2331,189.6421,0.0,0.0,0.0,86,0.02994,1.010287,0.500197,0.501508,1.012812,0.397865,0.357166,0.298044,0.50583,0.050166,0.201806,0.304415,0.497322,0.397711,0.051623,0.012354,0.005112,0.004725,0.014792,0.002219,0.005654,0.001112,0.00524,3.7e-05,0.000599,0.00143,0.003941,0.002914,0.00018
11700,500,5711,5211,5211,0,0,0,103,20.261982,0.0,16247.3454,594.890079,2664.847938,2154.559775,2865.37,11700,15,77,14601600.0,2234433.2498,15329.4004,6663.3557,189.8963,0.0,0.0,0.0,86,0.03,1.009528,0.49967,0.501446,1.01269,0.398553,0.357105,0.297932,0.506359,0.050076,0.201721,0.304132,0.497198,0.398778,0.051558,0.012492,0.004834,0.004708,0.014718,0.002232,0.005637,0.001079,0.005307,3.6e-05,0.000596,0.00143,0.003954,0.002879,0.000181
11720,506,5730,5224,5224,0,0,0,105,21.317515,0.0,16224.323921,594.604451,2664.078034,2154.90184,2847.36,11720,15,77,14626560.0,2239592.9198,15364.2519,6677.5205,190.4499,0.0,0.0,0.0,86,0.029644,1.010563,0.501122,0.500831,1.013155,0.398215,0.356426,0.297894,0.505119,0.050057,0.201789,0.304795,0.497157,0.399057,0.051432,0.012543,0.004865,0.004651,0.015568,0.002236,0.005537,0.00109,0.005329,3.5e-05,0.000594,0.001452,0.003952,0.002847,0.00018
11740,503,5740,5237,5237,0,0,0,97,17.621782,0.0,16205.207904,595.35543,2667.022788,2155.094064,2860.47,11740,15,77,14651520.0,2244752.5898,15399.1034,6694.5668,190.8982,0.0,0.0,0.0,86,0.029821,1.008823,0.50048,0.501654,1.015473,0.398366,0.356683,0.298396,0.506021,0.049966,0.201694,0.30449,0.497213,0.398007,0.051213,0.012421,0.004763,0.004842,0.015518,0.002239,0.005487,0.001086,0.005164,3.5e-05,0.000573,0.001436,0.003913,0.00268,0.000173
11760,502,5748,5246,5246,0,0,0,92,16.80591,0.0,16193.916721,597.869091,2665.324999,2155.643229,2870.66,11760,15,77,14676480.0,2249912.2598,15433.3234,6707.7879,191.0194,0.0,0.0,0.0,86,0.02988,1.010019,0.501119,0.50101,1.016284,0.397778,0.356364,0.298894,0.505558,0.050023,0.201293,0.304232,0.498169,0.397432,0.051216,0.012908,0.004809,0.004679,0.015472,0.002213,0.005508,0.001102,0.005249,3.4e-05,0.000556,0.001436,0.003996,0.002606,0.000173
11780,498,5759,5261,5261,0,0,0,95,18.042123,0.0,16204.438924,590.453173,2671.504704,2155.455617,2907.23,11780,15,77,14701440.0,2255071.9298,15468.1568,6718.1141,191.4607,0.0,0.0,0.0,86,0.03012,1.011132,0.501137,0.500731,1.014271,0.396985,0.356666,0.298852,0.505865,0.05001,0.201365,0.304424,0.498539,0.397894,0.051324,0.013094,0.004777,0.004519,0.015209,0.002172,0.00539,0.001075,0.005365,3.5e-05,0.000549,0.00145,0.004034,0.0026,0.000173
11800,502,5774,5272,5272,0,0,0,85,15.345912,0.0,16242.958477,593.203603,2671.450485,2155.006725,2899.5,11800,15,77,14726400.0,2260245.3953,15503.3911,6733.7712,191.8722,0.0,0.0,0.0,50,0.027888,1.01172,0.501817,0.501143,1.013568,0.396417,0.356183,0.298235,0.50524,0.049956,0.201234,0.303906,0.498451,0.398667,0.051292,0.013027,0.004713,0.004428,0.015123,0.002085,0.005307,0.001047,0.005411,3.5e-05,0.000546,0.001416,0.004005,0.002604,0.000171
11820,495,5783,5288,5288,0,0,0,90,20.127406,0.0,16264.300245,587.311885,2672.560709,2153.537518,2924.41,11820,15,77,14751360.0,2265421.2953,15539.9714,6747.6562,191.9713,0.0,0.0,0.0,50,0.028283,1.010903,0.502095,0.501901,1.014891,0.396671,0.356446,0.298442,0.505242,0.049976,0.200991,0.303715,0.499351,0.398668,0.050986,0.012435,0.004816,0.004711,0.014888,0.002042,0.005457,0.001055,0.00541,3.5e-05,0.000539,0.001392,0.003946,0.002612,0.00017
11840,493,5794,5301,5301,0,0,0,85,17.064936,0.0,16369.151383,584.813089,2678.121976,2151.482976,2934.14,11840,15,77,14776320.0,2270597.1953,15577.5472,6760.6692,192.3639,0.0,0.0,0.0,50,0.028398,1.009852,0.500687,0.502793,1.015034,0.397396,0.356042,0.298801,0.504978,0.050089,0.20077,0.303822,0.499095,0.398068,0.051158,0.012303,0.00479,0.004839,0.014709,0.002019,0.005466,0.001076,0.005209,3.7e-05,0.000535,0.001395,0.003885,0.002676,0.000174
11860,496,5804,5308,5308,0,0,0,82,16.771182,0.0,16460.308058,588.258924,2674.969894,2148.912937,2931.93,11860,15,77,14801280.0,2275773.0953,15616.0021,6772.575,192.4672,0.0,0.0,0.0,50,0.030242,1.009081,0.500306,0.50227,1.014491,0.397327,0.35572,0.298756,0.503967,0.05016,0.200683,0.304108,0.498676,0.398306,0.0512,0.0126,0.004688,0.00481,0.014395,0.002014,0.00533,0.001065,0.005093,3.7e-05,0.000533,0.001403,0.003897,0.002658,0.000175
11880,506,5820,5314,5314,0,0,0,78,13.938421,0.0,16490.900763,596.263071,2669.798508,2145.52625,2883.7,11880,15,77,14826240.0,2280948.9953,15655.4046,6787.4398,192.4672,0.0,0.0,0.0,50,0.029644,1.010054,0.501603,0.501864,1.013015,0.397541,0.355609,0.29859,0.503909,0.050127,0.200783,0.304231,0.498829,0.398887,0.051277,0.012469,0.004637,0.004746,0.014072,0.002041,0.005362,0.001057,0.005084,3.6e-05,0.000532,0.001379,0.003985,0.002625,0.000173
11900,499,5827,5328,5328,0,0,0,81,18.139778,0.0,16514.351467,593.912752,2667.947469,2139.218404,2908.88,11900,15,77,14851200.0,2286124.8953,15697.6997,6801.867,192.4672,0.0,0.0,0.0,50,0.03006,1.011493,0.502266,0.502074,1.013142,0.397653,0.355482,0.298504,0.503724,0.050141,0.20135,0.304038,0.499604,0.398759,0.051373,0.012753,0.004642,0.004794,0.014008,0.002049,0.005369,0.00109,0.005119,3.6e-05,0.000532,0.001372,0.003965,0.002584,0.000176
11920,502,5841,5339,5339,0,0,0,82,16.51,0.0,16535.437953,593.880303,2669.609697,2129.449444,2906.13,11920,16,77,14876160.0,2291300.4923,15741.9662,6815.1815,192.8211,0.0,0.0,0.0,50,0.02988,1.010787,0.502764,0.503118,1.01234,0.397564,0.354965,0.298388,0.502787,0.050108,0.201065,0.303698,0.499599,0.399644,0.051491,0.012503,0.004567,0.004791,0.014807,0.002029,0.005275,0.001093,0.005125,3.6e-05,0.000516,0.001394,0.004093,0.002619,0.000181
11940,503,5853,5350,5350,0,0,0,79,15.114286,0.0,16560.976006,594.620413,2670.265301,2117.020349,2877.48,11940,16,77,14901120.0,2296476.3923,15783.412,6829.4472,193.335,0.0,0.0,0.0,50,0.025845,1.010129,0.502538,0.503305,1.012499,0.398239,0.354463,0.297842,0.503256,0.050171,0.20114,0.303783,0.498654,0.399947,0.05169,0.012432,0.004494,0.004859,0.014844,0.002087,0.005112,0.001105,0.005101,3.6e-05,0.000522,0.001382,0.004105,0.002661,0.000183
11960,500,5864,5364,5364,0,0,0,86,18.07771,0.0,16571.845499,593.554839,2668.367451,2115.228636,2908.92,11960,16,77,14926080.0,2301652.2923,15811.4624,6844.2355,194.149,0.0,0.0,0.0,66,0.028,1.01141,0.502637,0.503451,1.013447,0.398436,0.355286,0.297721,0.503819,0.050144,0.201343,0.304129,0.497405,0.40035,0.051647,0.012332,0.004431,0.004827,0.014815,0.002133,0.005104,0.001098,0.005042,3.6e-05,0.000527,0.001395,0.004072,0.002674,0.000179
11980,499,5872,5373,5373,0,0,0,84,15.556975,0.0,16578.902472,597.487203,2666.955822,2113.776184,2927.9,11980,16,77,14951040.0,2306828.1923,15839.5128,6857.6237,195.0551,0.0,0.0,0.0,66,0.028056,1.012405,0.502023,0.504072,1.012925,0.398347,0.35514,0.298079,0.504014,0.050235,0.201088,0.303896,0.498163,0.400101,0.051472,0.012289,0.004365,0.004858,0.014447,0.002136,0.005105,0.001105,0.005167,3.7e-05,0.000536,0.001376,0.004226,0.002646,0.00018
12000,510,5893,5383,5383,0,0,0,85,17.764738,0.0,16533.001982,598.7494,2663.485861,2112.515842,2880.13,12000,16,77,14976000.0,2312004.0923,15867.5631,6871.5747,195.16,0.0,0.0,0.0,50,0.027451,1.01029,0.499934,0.502758,1.012814,0.398404,0.355624,0.297838,0.503864,0.050056,0.201147,0.303355,0.498379,0.399033,0.05121,0.011853,0.00418,0.004693,0.014449,0.002144,0.00518,0.001097,0.005035,3.8e-05,0.000544,0.001357,0.004135,0.002675,0.000176
12020,505,5905,5400,5400,0,0,0,85,18.937956,0.0,16507.626289,595.257471,2665.804573,2111.358451,2899.64,12020,16,77,15000960.0,2317198.0718,15895.6135,6887.9619,196.118,0.0,0.0,0.0,86,0.027723,1.011172,0.500284,0.502405,1.012204,0.398457,0.356325,0.297307,0.504027,0.050165,0.201218,0.303347,0.498691,0.399238,0.051403,0.011995,0.004232,0.004803,0.014515,0.002134,0.005484,0.001118,0.00509,3.9e-05,0.00057,0.00138,0.004062,0.002732,0.000178
12040,503,5915,5412,5412,0,0,0,88,18.595165,0.0,16508.569852,597.511288,2663.893547,2110.241288,2913.85,12040,16,77,15025920.0,2322395.2418,15923.6639,6903.7964,196.427,0.0,0.0,0.0,86,0.027833,1.013392,0.500298,0.501897,1.011155,0.399073,0.356471,0.297765,0.504017,0.050285,0.201064,0.303074,0.498368,0.398686,0.05151,0.012127,0.00414,0.004819,0.014093,0.002135,0.005394,0.001122,0.005012,3.8e-05,0.00059,0.001398,0.004065,0.002686,0.000177
12060,502,5927,5425,5425,0,0,0,87,15.893201,0.0,16542.607932,596.720202,2667.386597,2108.935173,2914.31,12060,16,77,15050880.0,2327603.3513,15951.9082,6918.974,196.617,0.0,0.0,0.0,86,0.027888,1.012377,0.499753,0.502287,1.011613,0.399299,0.35595,0.297984,0.503551,0.050286,0.200948,0.302814,0.498836,0.398622,0.051221,0.012094,0.004069,0.004694,0.013825,0.00216,0.005381,0.001123,0.00492,3.7e-05,0.000575,0.001377,0.004029,0.002645,0.000176
12080,504,5941,5437,5437,0,0,0,83,16.040784,0.0,16552.78052,598.062323,2665.896893,2108.892482,2898.48,12080,16,77,15075840.0,2332813.3913,15979.4619,6934.4757,197.0914,0.0,0.0,0.0,93,0.029762,1.012481,0.49994,0.501837,1.013573,0.399394,0.35637,0.297677,0.504046,0.050423,0.200667,0.302283,0.498708,0.399404,0.051448,0.012179,0.004117,0.004675,0.013983,0.002177,0.005266,0.001129,0.005017,3.6e-05,0.000573,0.00141,0.004078,0.002645,0.000176
12100,506,5958,5452,5452,0,0,0,81,17.376396,0.0,16538.444468,597.331811,2665.291793,2110.282937,2893.35,12100,16,77,15100800.0,2338023.4313,16006.6949,6952.0405,197.5219,0.0,0.0,0.0,86,0.031621,1.011046,0.500007,0.500923,1.017052,0.399243,0.358205,0.297665,0.504588,0.050339,0.200568,0.301469,0.498566,0.398795,0.051441,0.012025,0.004248,0.004618,0.014687,0.002198,0.006017,0.00114,0.005056,3.6e-05,0.000562,0.001423,0.004003,0.002671,0.000173
12120,506,5969,5463,5463,0,0,0,82,16.67032,0.0,16530.447818,599.809953,2663.519727,2111.986486,2904.67,12120,16,77,15125760.0,2343233.4713,16034.2357,6967.3394,197.6022,0.0,0.0,0.0,86,0.033597,1.013041,0.500187,0.499875,1.016555,0.398716,0.358586,0.297933,0.504341,0.050177,0.200272,0.301721,0.497919,0.398813,0.051447,0.012122,0.004093,0.004633,0.014351,0.002163,0.006007,0.00112,0.004991,3.5e-05,0.000564,0.001407,0.003956,0.002678,0.000173
12140,511,5982,5471,5471,0,0,0,81,14.882158,0.0,16522.294502,604.228824,2660.889018,2113.653598,2885.82,12140,16,77,15150720.0,2348446.8338,16061.7766,6981.8433,197.9823,0.0,0.0,0.0,86,0.035225,1.011592,0.499725,0.498575,1.016861,0.398652,0.359975,0.297493,0.50407,0.050122,0.200684,0.302243,0.498094,0.39847,0.051671,0.012121,0.004252,0.00451,0.014226,0.002245,0.00625,0.001116,0.005118,3.7e-05,0.00057,0.001401,0.003957,0.00272,0.000176
12160,518,6001,5483,5483,0,0,0,85,15.413611,0.0,16463.005185,607.500955,2657.085434,2115.005284,2859.34,12160,16,77,15175680.0,2353670.1638,16089.3175,6998.9049,198.9231,0.0,0.0,0.0,86,0.034749,1.010882,0.499444,0.49944,1.016374,0.398387,0.361582,0.298012,0.504733,0.050054,0.201072,0.30178,0.498727,0.398467,0.051698,0.012615,0.00437,0.004577,0.014223,0.002217,0.006345,0.001153,0.005158,3.8e-05,0.000558,0.001408,0.003986,0.002864,0.000178
12180,522,6019,5497,5497,0,0,0,84,16.45143,0.0,16349.208194,611.640879,2651.90769,2115.993986,2823.97,12180,16,77,15200640.0,2358906.2558,16116.8584,7019.6345,199.4972,0.0,0.0,0.0,86,0.034483,1.009669,0.501059,0.499362,1.017768,0.398223,0.36126,0.298513,0.504684,0.050092,0.200631,0.301663,0.499055,0.39821,0.05154,0.012488,0.004437,0.0044,0.014286,0.002241,0.00624,0.001117,0.005224,3.7e-05,0.000529,0.00141,0.004023,0.002747,0.000173
12200,511,6026,5515,5515,0,0,0,87,16.059409,0.0,16283.171589,608.435287,2655.505304,2116.672847,2895.5,12200,16,77,15225600.0,2364150.8558,16144.3993,7037.0526,200.5464,0.0,0.0,0.0,86,0.035225,1.011058,0.50154,0.498555,1.017494,0.398564,0.361815,0.298331,0.505658,0.05005,0.200305,0.301723,0.498984,0.398516,0.051472,0.012592,0.004424,0.004457,0.014199,0.002211,0.006314,0.001147,0.005211,3.8e-05,0.000525,0.001405,0.00413,0.002725,0.000175
12220,506,6035,5529,5529,0,0,0,91,18.579305,0.0,16248.93009,603.257382,2658.163313,2117.120713,2918.48,12220,16,77,15250560.0,2369397.1208,16171.9402,7048.0925,200.8791,0.0,0.0,0.0,86,0.035573,1.011311,0.501313,0.498091,1.016655,0.397866,0.361997,0.298517,0.503501,0.050014,0.200271,0.301761,0.498913,0.398531,0.05154,0.012526,0.004319,0.004314,0.014325,0.002262,0.006363,0.001145,0.004961,3.8e-05,0.000533,0.001427,0.004158,0.002745,0.000174
12240,504,6047,5543,5543,0,0,0,89,19.847234,0.0,16285.976345,596.188314,2663.964452,2117.408798,2938.74,12240,16,77,15275520.0,2374658.3708,16199.481,7058.1287,201.0876,0.0,0.0,0.0,86,0.035714,1.012969,0.501499,0.497292,1.01754,0.39828,0.362593,0.298778,0.502862,0.049966,0.200564,0.302836,0.498877,0.397551,0.05162,0.013256,0.004492,0.00433,0.014411,0.002267,0.006815,0.00113,0.004813,3.8e-05,0.000546,0.001398,0.004089,0.002624,0.000179
12260,500,6056,5556,5556,0,0,0,89,20.029713,0.0,16370.92615,594.259509,2665.710777,2117.591153,2952.86,12260,16,77,15300480.0,2379919.6208,16227.0219,7070.9572,201.7428,0.0,0.0,0.0,86,0.036,1.013453,0.501881,0.49713,1.01709,0.397761,0.362361,0.29883,0.502996,0.049901,0.200635,0.303013,0.498798,0.397545,0.051526,0.013035,0.004493,0.004266,0.015069,0.002189,0.006839,0.001146,0.004785,3.8e-05,0.00053,0.001369,0.004011,0.00265,0.000179
12280,506,6072,5566,5566,0,0,0,88,18.852065,0.0,16435.909168,598.555189,2662.592746,2117.70541,2918.14,12280,16,77,15325440.0,2385180.8708,16254.5628,7086.455,202.198,0.0,0.0,0.0,86,0.037549,1.01386,0.501216,0.497829,1.013529,0.397624,0.361403,0.298385,0.503826,0.049952,0.200806,0.302732,0.498731,0.397794,0.051518,0.013151,0.004542,0.004231,0.014085,0.002242,0.00686,0.001179,0.004935,3.7e-05,0.000529,0.001371,0.004013,0.0027,0.000183
12300,507,6088,5581,5581,0,0,0,92,19.861857,0.0,16468.012197,598.212728,2661.925416,2117.776531,2890.27,12300,16,77,15350400.0,2390441.8882,16282.1037,7103.3882,202.3123,0.0,0.0,0.0,86,0.035503,1.01496,0.501287,0.497481,1.014647,0.399086,0.361337,0.298573,0.501858,0.049932,0.200574,0.302278,0.497769,0.397626,0.051511,0.013348,0.004465,0.004155,0.014323,0.002311,0.006972,0.001181,0.004732,3.7e-05,0.000556,0.001352,0.003922,0.002703,0.000181
12320,510,6104,5594,5594,0,0,0,93,18.295679,0.0,16512.773647,600.785343,2660.918977,2117.820614,2882.45,12320,16,77,15375360.0,2395712.6542,16309.6446,7121.6957,202.9517,0.0,0.0,0.0,86,0.035294,1.015333,0.500951,0.498647,1.015771,0.398597,0.360831,0.298611,0.502232,0.050084,0.20067,0.303083,0.499152,0.399012,0.051266,0.013998,0.004394,0.004211,0.014277,0.002373,0.006823,0.001155,0.004749,3.7e-05,0.000541,0.001349,0.003938,0.00285,0.000173
12340,512,6117,5605,5605,0,0,0,91,17.404066,0.0,16564.632701,605.257988,2657.337946,2117.847862,2879.97,12340,16,77,15400320.0,2400997.6942,16337.1855,7139.2479,203.6929,0.0,0.0,0.0,86,0.035156,1.013289,0.499768,0.499947,1.015964,0.398138,0.362133,0.298988,0.503691,0.050099,0.200822,0.302771,0.498815,0.398762,0.051375,0.013766,0.004659,0.004412,0.015026,0.00238,0.006869,0.001168,0.004753,3.9e-05,0.000549,0.001371,0.004146,0.002886,0.000176
12360,519,6135,5616,5616,0,0,0,92,18.372941,0.0,16542.797306,609.53599,2652.091069,2117.864672,2850.29,12360,16,77,15425280.0,2406282.7342,16364.7263,7157.1363,204.1042,0.0,0.0,0.0,86,0.034682,1.012058,0.498826,0.499124,1.015706,0.397799,0.360579,0.298886,0.502536,0.050099,0.201337,0.302012,0.499419,0.398127,0.051588,0.0137,0.004536,0.004292,0.014988,0.002427,0.006787,0.001174,0.004806,3.9e-05,0.000572,0.001324,0.004012,0.002882,0.000178
12380,520,6146,5626,5626,0,0,0,95,18.73763,0.0,16486.163051,616.283125,2644.979246,2118.332808,2853.25,12380,16,77,15450240.0,2411567.7742,16391.8038,7175.5998,204.4882,0.0,0.0,0.0,86,0.032692,1.011638,0.498764,0.499326,1.014059,0.398226,0.359412,0.298754,0.501647,0.050052,0.201649,0.302102,0.49977,0.398329,0.051413,0.013633,0.004416,0.004307,0.014821,0.002388,0.006775,0.001157,0.004457,3.8e-05,0.00059,0.001323,0.004022,0.002845,0.000179
12400,521,6158,5637,5637,0,0,0,97,18.394363,0.0,16383.188602,618.794295,2642.811342,2121.767476,2862.36,12400,16,77,15475200.0,2416852.8142,16414.7106,7191.5253,205.0924,0.0,0.0,0.0,86,0.03263,1.011572,0.497632,0.499088,1.013581,0.398751,0.35919,0.298431,0.502475,0.050105,0.201557,0.302003,0.499253,0.398479,0.051408,0.013176,0.004249,0.004308,0.014845,0.002391,0.006475,0.001155,0.004554,3.8e-05,0.000594,0.001318,0.004061,0.00285,0.000172
12420,523,6171,5648,5648,0,0,0,94,18.212783,0.0,16276.773689,620.280806,2641.506411,2123.589413,2864.22,12420,16,77,15500160.0,2422137.8542,16437.6173,7205.921,205.5283,0.0,0.0,0.0,86,0.032505,1.011248,0.497395,0.498531,1.012315,0.39898,0.35899,0.298338,0.503286,0.050097,0.201358,0.301947,0.499006,0.398819,0.051404,0.013461,0.004224,0.004326,0.014622,0.002413,0.006451,0.001166,0.004599,3.8e-05,0.000582,0.001299,0.004113,0.002816,0.000169
12440,519,6182,5663,5663,0,0,0,95,20.082759,0.0,16170.556571,617.71615,2642.201091,2124.480266,2884.69,12440,16,77,15525120.0,2427422.8942,16460.5241,7220.8638,206.3733,0.0,0.0,0.0,86,0.032755,1.011009,0.497241,0.499889,1.012699,0.398943,0.359004,0.297743,0.503004,0.050293,0.201482,0.301827,0.49937,0.399823,0.051397,0.013416,0.004146,0.004778,0.014885,0.0024,0.006487,0.001189,0.004619,3.7e-05,0.000589,0.001293,0.004135,0.002829,0.000167
12460,506,6191,5685,5685,0,0,0,96,21.484379,0.0,16173.448977,603.610163,2654.905457,2124.898417,2968.82,12460,16,77,15550080.0,2432707.9342,16483.4308,7232.7229,206.6762,0.0,0.0,0.0,86,0.033597,1.011308,0.498352,0.499179,1.013516,0.398606,0.359278,0.2972,0.503168,0.050367,0.201037,0.301659,0.499475,0.400375,0.051317,0.013487,0.004131,0.004787,0.014799,0.002343,0.00662,0.001137,0.004571,3.7e-05,0.000578,0.00129,0.004109,0.002808,0.000166
12480,506,6204,5698,5698,0,0,0,97,21.461571,0.0,16220.238149,598.862123,2659.676306,2125.090913,2979.0,12480,16,77,15575040.0,2437992.9742,16506.3375,7244.0717,206.9737,0.0,0.0,0.0,86,0.031621,1.009052,0.499496,0.500936,1.013402,0.398774,0.357968,0.297696,0.502892,0.050467,0.200575,0.301745,0.49917,0.399773,0.051474,0.013478,0.004115,0.004813,0.014737,0.002306,0.006194,0.001129,0.004415,3.6e-05,0.000577,0.001282,0.003984,0.002791,0.000167
12500,503,6215,5712,5712,0,0,0,95,19.771386,0.0,16278.055211,596.824157,2663.404457,2125.178734,2988.59,12500,17,77,15600000.0,2443277.726,16529.2443,7258.1364,207.7847,0.0,0.0,0.0,20,0.029821,1.009066,0.500666,0.501972,1.012604,0.399175,0.357755,0.297704,0.503163,0.050458,0.200648,0.301684,0.498601,0.399884,0.051583,0.013408,0.004114,0.004859,0.015729,0.002242,0.006043,0.001168,0.004553,3.7e-05,0.000575,0.00129,0.003953,0.002819,0.000178
12520,509,6231,5722,5722,0,0,0,93,18.603502,0.0,16361.660651,599.950886,2661.445612,2127.172379,2964.94,12520,17,77,15624960.0,2448578.9255,16549.5459,7272.9205,207.8459,0.0,0.0,0.0,86,0.031434,1.010144,0.50151,0.50216,1.01304,0.399202,0.358689,0.297952,0.503513,0.05048,0.200434,0.302012,0.497408,0.400804,0.05168,0.014032,0.004129,0.004927,0.015924,0.00221,0.006241,0.001157,0.004517,3.6e-05,0.000573,0.0013,0.004055,0.002849,0.000179
12540,510,6241,5731,5731,0,0,0,92,19.303111,0.0,16448.453198,605.404607,2655.292282,2127.387836,2975.23,12540,17,77,15649920.0,2453911.3955,16571.0041,7288.1063,208.5055,0.0,0.0,0.0,86,0.031373,1.009987,0.501989,0.501539,1.014707,0.398887,0.358693,0.297909,0.5036,0.050438,0.200118,0.301668,0.498132,0.400908,0.051613,0.013945,0.00416,0.004898,0.016,0.002208,0.006261,0.001151,0.004561,3.7e-05,0.000561,0.00132,0.004006,0.002836,0.000178
12560,504,6256,5752,5752,0,0,0,99,21.477979,0.0,16545.701777,593.951337,2664.570684,2126.697506,3009.34,12560,17,77,15674880.0,2459246.6915,16593.7252,7302.8657,208.8254,0.0,0.0,0.0,86,0.031746,1.009853,0.502155,0.501818,1.014314,0.399429,0.359839,0.297663,0.50354,0.050347,0.200082,0.301279,0.499062,0.398864,0.051647,0.013651,0.004365,0.004764,0.015665,0.002183,0.006653,0.001128,0.004502,3.7e-05,0.000524,0.001297,0.003878,0.002849,0.000185
12580,504,6271,5767,5767,0,0,0,97,20.020916,0.0,16707.685148,591.505525,2668.473559,2125.647812,3022.77,12580,17,77,15699840.0,2464593.2915,16617.7188,7318.145,209.315,0.0,0.0,0.0,86,0.031746,1.008392,0.501715,0.501512,1.013589,0.399755,0.361385,0.298105,0.503999,0.050084,0.200522,0.301489,0.499223,0.397714,0.051467,0.013264,0.004384,0.004583,0.015195,0.002186,0.006955,0.001131,0.00459,3.8e-05,0.000524,0.001307,0.003848,0.002868,0.000183
12600,509,6284,5775,5775,0,0,0,89,17.026283,0.0,16857.27506,600.944073,2662.029644,2125.180541,2991.61,12600,17,77,15724800.0,2469939.8915,16641.7645,7336.9285,209.4684,0.0,0.0,0.0,86,0.033399,1.008791,0.50136,0.50056,1.015842,0.399756,0.362361,0.298179,0.503002,0.050031,0.200349,0.30173,0.500189,0.39733,0.051751,0.013618,0.004373,0.00456,0.015597,0.002193,0.00736,0.001128,0.004513,3.9e-05,0.000526,0.001351,0.003959,0.00285,0.000182
12620,511,6304,5793,5793,0,0,0,93,19.86985,0.0,16947.007554,599.261592,2660.868558,2123.34119,2934.92,12620,17,77,15749760.0,2475286.4915,16667.7072,7355.6654,210.2979,0.0,0.0,0.0,86,0.031311,1.011415,0.500861,0.501544,1.013315,0.399535,0.361555,0.298322,0.502442,0.050099,0.199949,0.301696,0.499424,0.397661,0.051839,0.01391,0.0042,0.004623,0.015063,0.002128,0.007057,0.001124,0.004462,3.9e-05,0.000523,0.001338,0.004032,0.002778,0.000185
12640,508,6315,5807,5807,0,0,0,97,20.401227,0.0,17070.355652,598.838717,2660.760056,2118.055859,2932.79,12640,17,77,15774720.0,2480633.0915,16699.9234,7371.6395,210.712,0.0,0.0,0.0,86,0.031496,1.011535,0.50057,0.50042,1.012424,0.400155,0.361002,0.298552,0.502187,0.050013,0.20013,0.30142,0.499265,0.396591,0.051692,0.013856,0.004235,0.004153,0.014354,0.002163,0.007065,0.00111,0.004435,3.7e-05,0.000517,0.001302,0.003986,0.002606,0.000185
12660,506,6330,5824,5824,0,0,0,96,23.051756,0.0,17204.913458,596.150177,2660.798067,2111.994975,2924.74,12660,17,77,15799680.0,2485988.3675,16736.6204,7389.6727,210.964,0.0,0.0,0.0,86,0.033597,1.011947,0.500822,0.500208,1.013133,0.399699,0.361941,0.298025,0.502688,0.05005,0.200158,0.300995,0.499241,0.39701,0.051656,0.014123,0.004322,0.00431,0.014487,0.002153,0.007342,0.001141,0.004335,3.7e-05,0.000529,0.001339,0.004037,0.002566,0.000189
12680,508,6338,5830,5830,0,0,0,93,18.915103,0.0,17393.665256,603.39098,2657.693917,2107.368446,2923.62,12680,17,77,15824640.0,2491374.6815,16774.7976,7404.1475,211.116,0.0,0.0,0.0,86,0.033465,1.012263,0.500043,0.500097,1.013607,0.400496,0.362412,0.297659,0.502198,0.050119,0.200258,0.301059,0.4995,0.397642,0.05167,0.014241,0.004325,0.004439,0.014641,0.002195,0.007225,0.001156,0.004466,3.7e-05,0.000531,0.001345,0.004054,0.002615,0.000188
12700,511,6352,5841,5841,0,0,0,96,21.316064,0.0,17532.087626,606.079082,2652.604854,2103.682592,2922.06,12700,17,77,15849600.0,2496777.7445,16813.6416,7419.3111,211.2892,0.0,0.0,0.0,86,0.033268,1.013837,0.49988,0.499892,1.013648,0.400776,0.362311,0.297755,0.502723,0.050128,0.200115,0.301314,0.49923,0.397802,0.051735,0.014253,0.00432,0.004372,0.014356,0.002222,0.007158,0.001145,0.004525,3.7e-05,0.000534,0.001346,0.004058,0.002588,0.00019
12720,515,6370,5855,5855,0,0,0,97,20.575655,0.0,17678.642195,607.581798,2651.842547,2099.658049,2899.41,12720,17,77,15874560.0,2502196.136,16854.245,7437.0701,211.4325,0.0,0.0,0.0,86,0.034951,1.015721,0.499332,0.500903,1.014682,0.401284,0.363511,0.296911,0.502554,0.050196,0.200357,0.301601,0.497267,0.399166,0.05174,0.014569,0.004332,0.004666,0.014435,0.002325,0.007185,0.001168,0.004634,3.7e-05,0.000558,0.001387,0.004148,0.002682,0.000191
12740,525,6390,5865,5865,0,0,0,96,19.504104,0.0,17753.87183,617.652946,2642.84295,2096.154469,2824.08,12740,17,77,15899520.0,2507628.986,16895.5313,7459.0882,211.9299,0.0,0.0,0.0,86,0.034286,1.014933,0.499483,0.500136,1.014529,0.401159,0.363262,0.297012,0.502605,0.050134,0.200318,0.302131,0.496819,0.399613,0.051609,0.014094,0.004358,0.004618,0.014663,0.002352,0.007346,0.001194,0.004894,3.6e-05,0.000571,0.001389,0.004095,0.002605,0.000187
12760,525,6406,5881,5881,0,0,0,98,20.742012,0.0,17789.320129,619.48951,2639.768478,2095.063773,2821.35,12760,17,77,15924480.0,2513065.976,16933.9449,7480.0523,212.5788,0.0,0.0,0.0,86,0.03619,1.015282,0.500099,0.501473,1.014573,0.400502,0.364553,0.297213,0.50266,0.05013,0.200393,0.302209,0.497455,0.399371,0.0518,0.014188,0.004623,0.004913,0.014869,0.002399,0.007539,0.001222,0.00507,3.6e-05,0.00058,0.001426,0.004277,0.002685,0.000188
12780,531,6425,5894,5894,0,0,0,91,19.87623,0.0,17782.685665,627.923242,2632.200528,2093.062037,2802.87,12780,17,77,15949440.0,2518513.5635,16972.3585,7503.0901,213.0645,0.0,0.0,0.0,86,0.037665,1.016492,0.501676,0.499754,1.016136,0.400101,0.36619,0.296863,0.502782,0.050078,0.199951,0.302455,0.497696,0.399761,0.051875,0.014244,0.004641,0.004896,0.015043,0.00241,0.007956,0.001217,0.00504,3.6e-05,0.000581,0.001441,0.00418,0.002674,0.000188
12800,520,6431,5911,5911,0,0,0,96,21.281003,0.0,17799.536501,624.777143,2633.941854,2090.55084,2849.44,12800,17,77,15974400.0,2523964.6835,17010.7721,7519.4619,214.3787,0.0,0.0,0.0,86,0.036538,1.015441,0.501775,0.500617,1.017762,0.400473,0.366924,0.296978,0.503814,0.050058,0.199504,0.302385,0.497685,0.399092,0.051935,0.01428,0.004735,0.005002,0.015654,0.002495,0.008176,0.001242,0.005104,3.6e-05,0.000585,0.001459,0.004286,0.002661,0.000189
12820,531,6448,5917,5917,0,0,0,90,19.141203,0.0,17789.979198,630.824299,2630.034498,2087.146226,2806.51,12820,17,77,15999360.0,2529415.8035,17049.8762,7532.1945,214.6912,0.0,0.0,0.0,86,0.039548,1.015827,0.501086,0.49974,1.018187,0.400485,0.367436,0.296326,0.504415,0.050128,0.19938,0.302764,0.4976,0.398618,0.051968,0.014434,0.004753,0.005003,0.015564,0.002464,0.008476,0.001253,0.005206,3.7e-05,0.00059,0.001461,0.004244,0.002629,0.000188
12840,537,6468,5931,5931,0,0,0,96,20.642733,0.0,17734.731158,632.309451,2627.047816,2081.86393,2788.26,12840,17,77,16024320.0,2534866.9235,17091.4101,7550.1359,215.1298,0.0,0.0,0.0,86,0.040968,1.012972,0.500769,0.499503,1.019416,0.400194,0.368516,0.296752,0.506079,0.050093,0.199314,0.30295,0.498533,0.39782,0.051789,0.014173,0.004809,0.004956,0.015663,0.002489,0.008558,0.001248,0.005169,3.7e-05,0.000594,0.001447,0.00416,0.002608,0.000178
12860,541,6485,5944,5944,0,0,0,88,19.187846,0.0,17646.347689,639.003016,2621.809137,2076.54938,2773.56,12860,17,77,16049280.0,2540318.0435,17133.7879,7571.9941,216.4051,0.0,0.0,0.0,86,0.038817,1.009874,0.499799,0.499509,1.018682,0.399644,0.36838,0.297102,0.504535,0.050115,0.19948,0.303079,0.49813,0.396773,0.051639,0.014225,0.004625,0.004834,0.015341,0.002449,0.008598,0.001214,0.00488,3.7e-05,0.000605,0.001422,0.00423,0.002581,0.000177
12880,541,6498,5957,5957,0,0,0,89,19.24812,0.0,17528.447505,640.52164,2620.230239,2070.891499,2784.8,12880,17,77,16074240.0,2545769.1635,17176.1658,7589.322,216.6581,0.0,0.0,0.0,86,0.036969,1.010539,0.500686,0.499467,1.020267,0.399571,0.369124,0.297206,0.503537,0.050047,0.199562,0.303082,0.497634,0.398092,0.052021,0.014968,0.004717,0.004693,0.015871,0.002438,0.008594,0.001216,0.004846,3.7e-05,0.000624,0.001446,0.004338,0.002624,0.000188
12900,541,6511,5970,5970,0,0,0,87,20.406789,0.0,17407.716362,640.114409,2619.478803,2067.039303,2797.08,12900,17,77,16099200.0,2551220.2835,17215.5086,7602.988,217.4844,0.0,0.0,0.0,86,0.036969,1.011718,0.500163,0.500108,1.019635,0.399691,0.368876,0.297493,0.502427,0.050035,0.199974,0.3029,0.497087,0.397817,0.051948,0.01505,0.004672,0.004732,0.015831,0.002371,0.008632,0.00121,0.004677,3.7e-05,0.000622,0.001465,0.004269,0.002531,0.000188
12920,546,6529,5983,5983,0,0,0,86,18.594433,0.0,17270.263366,642.448263,2618.957304,2063.696869,2766.52,12920,15,77,16124160.0,2556682.316,17253.5507,7621.2511,218.2499,0.0,0.0,0.0,86,0.038462,1.010197,0.500183,0.49897,1.020689,0.400147,0.369476,0.29729,0.503807,0.050052,0.199749,0.304003,0.498112,0.397776,0.051948,0.015236,0.004708,0.004865,0.015419,0.002442,0.008595,0.001207,0.004717,3.6e-05,0.000619,0.001444,0.004372,0.002536,0.000177
12940,546,6541,5995,5995,0,0,0,84,18.801665,0.0,17119.859077,646.677958,2614.520377,2058.838207,2767.9,12940,15,77,16149120.0,2562147.986,17291.5927,7639.627,218.5688,0.0,0.0,0.0,86,0.038462,1.010603,0.500729,0.499179,1.020773,0.399804,0.369405,0.297575,0.503759,0.050042,0.199953,0.303816,0.498312,0.398084,0.051736,0.015243,0.004657,0.004773,0.015295,0.002479,0.008589,0.001216,0.004736,3.6e-05,0.000615,0.001435,0.004355,0.002527,0.000178
12960,543,6556,6013,6013,0,0,0,90,20.348508,0.0,16961.504458,642.666147,2616.985345,2050.622228,2777.41,12960,15,77,16174080.0,2567613.656,17329.6348,7656.5501,219.2691,0.0,0.0,0.0,86,0.038674,1.010169,0.500503,0.498898,1.019393,0.40004,0.36968,0.297444,0.50392,0.049902,0.199774,0.303824,0.497475,0.398122,0.051728,0.014891,0.004725,0.004708,0.015142,0.002476,0.008967,0.001205,0.004743,3.7e-05,0.000615,0.00137,0.00432,0.002587,0.000178
12980,540,6564,6024,6024,0,0,0,84,17.156155,0.0,16851.749488,643.385677,2619.458169,2042.205379,2796.39,12980,15,77,16199040.0,2573079.326,17360.4712,7670.9952,220.2561,0.0,0.0,0.0,86,0.035185,1.008154,0.500696,0.500006,1.018452,0.399608,0.367689,0.297185,0.504069,0.049926,0.199739,0.304376,0.497523,0.397927,0.051657,0.0143,0.004619,0.004677,0.015144,0.002475,0.008306,0.001203,0.004717,3.6e-05,0.000604,0.001371,0.004337,0.002574,0.000168
13000,534,6574,6040,6040,0,0,0,88,18.2758,0.0,16753.479301,635.620255,2626.103946,2036.013278,2807.69,13000,15,77,16224000.0,2578544.996,17383.9929,7682.4489,220.4465,0.0,0.0,0.0,86,0.033708,1.007532,0.499951,0.50067,1.018857,0.400189,0.367685,0.297844,0.503486,0.049927,0.20026,0.303816,0.497919,0.397463,0.051455,0.01436,0.004498,0.004783,0.014968,0.002477,0.008325,0.001243,0.004537,3.6e-05,0.000602,0.001374,0.004307,0.002581,0.000167
13020,534,6588,6054,6054,0,0,0,85,16.421606,0.0,16715.428411,631.326989,2632.251406,2035.896841,2802.78,13020,15,77,16248960.0,2584018.388,17399.2868,7693.5823,221.1092,0.0,0.0,0.0,86,0.033708,1.010447,0.500438,0.499279,1.018015,0.400507,0.367105,0.297562,0.503644,0.049942,0.200491,0.30382,0.497878,0.397954,0.051451,0.014341,0.004426,0.004743,0.015113,0.002391,0.008342,0.001251,0.0045,3.6e-05,0.000609,0.001338,0.004335,0.002568,0.000166
13040,525,6597,6072,6072,0,0,0,94,22.526962,0.0,16711.416039,624.102022,2633.371016,2035.846347,2852.02,13040,15,77,16273920.0,2589496.928,17414.5807,7707.8799,221.3843,0.0,0.0,0.0,86,0.034286,1.011201,0.499986,0.49974,1.019633,0.401569,0.368493,0.297329,0.503557,0.050015,0.200518,0.303742,0.498363,0.39811,0.05135,0.014375,0.004404,0.00496,0.015471,0.002384,0.008629,0.001223,0.004474,3.7e-05,0.000609,0.001336,0.004301,0.002659,0.000169
13060,523,6604,6081,6081,0,0,0,96,19.060231,0.0,16758.17436,625.480729,2635.459041,2035.824291,2878.78,13060,16,77,16298880.0,2594975.468,17429.8746,7719.732,221.563,0.0,0.0,0.0,86,0.034417,1.011727,0.499586,0.499283,1.01813,0.402163,0.368255,0.296957,0.503692,0.049936,0.200337,0.303857,0.498716,0.398458,0.051241,0.014208,0.004436,0.004966,0.014918,0.002413,0.008604,0.001219,0.004508,3.7e-05,0.000612,0.001384,0.004342,0.002648,0.000166
13080,524,6617,6093,6093,0,0,0,100,19.548406,0.0,16823.731396,622.700962,2637.750631,2035.814588,2870.81,13080,16,77,16323840.0,2600469.1985,17445.1685,7730.8457,221.563,0.0,0.0,0.0,86,0.034351,1.013296,0.499924,0.499453,1.017009,0.40236,0.366782,0.29754,0.503519,0.049994,0.200304,0.303446,0.499325,0.397886,0.051319,0.014328,0.004371,0.004985,0.014003,0.00238,0.008309,0.001219,0.004488,3.5e-05,0.000621,0.001402,0.004409,0.002577,0.000166
13100,524,6629,6105,6105,0,0,0,103,19.470522,0.0,16909.688951,621.2258,2639.303679,2035.810287,2882.11,13100,16,77,16348800.0,2605971.1085,17460.4624,7743.9561,221.563,0.0,0.0,0.0,86,0.034351,1.01394,0.49924,0.499275,1.017255,0.40218,0.366357,0.297725,0.503432,0.049979,0.20027,0.303042,0.500311,0.398977,0.051367,0.014312,0.004259,0.005032,0.014065,0.002364,0.008219,0.00122,0.004455,3.5e-05,0.000596,0.001402,0.004575,0.00256,0.000165
13120,521,6639,6118,6118,0,0,0,103,19.636762,0.0,17031.327972,619.210742,2641.152496,2035.81402,2903.93,13120,16,77,16373760.0,2611473.0185,17475.75,7756.9815,222.1119,0.0,0.0,0.0,86,0.038388,1.015599,0.500154,0.498521,1.016785,0.401962,0.367989,0.297395,0.503598,0.049903,0.200236,0.302681,0.500552,0.399039,0.051602,0.014721,0.004326,0.005025,0.014449,0.002365,0.008951,0.001214,0.004497,3.6e-05,0.000599,0.001397,0.004628,0.002534,0.000175
13140,520,6649,6129,6129,0,0,0,105,19.73317,0.0,17137.516252,619.745991,2640.520839,2034.885726,2904.69,13140,16,77,16398720.0,2616976.985,17492.2324,7770.3459,222.742,0.0,0.0,0.0,86,0.036538,1.015469,0.500322,0.498304,1.015387,0.402004,0.366671,0.296948,0.503982,0.049932,0.200441,0.30249,0.499788,0.398946,0.051671,0.014534,0.004255,0.004963,0.014539,0.002274,0.008565,0.001233,0.004482,3.6e-05,0.000614,0.001382,0.004504,0.002518,0.000177
13160,509,6655,6146,6146,0,0,0,109,21.730433,0.0,17322.624854,611.075247,2647.19432,2033.447517,2957.59,13160,16,77,16423680.0,2622492.605,17510.2351,7782.233,223.0156,0.0,0.0,0.0,86,0.035363,1.016104,0.500683,0.499139,1.016543,0.401787,0.36689,0.297016,0.503192,0.049929,0.200254,0.302617,0.500107,0.398828,0.051705,0.014821,0.004352,0.005016,0.01453,0.002258,0.008675,0.001239,0.004471,3.6e-05,0.000607,0.001403,0.004492,0.002517,0.00018
13180,512,6667,6155,6155,0,0,0,111,21.271784,0.0,17515.067495,611.036804,2647.691412,2032.418079,2957.04,13180,16,77,16448640.0,2628008.225,17528.8157,7792.9876,223.0156,0.0,0.0,0.0,86,0.035156,1.015794,0.500604,0.499511,1.018562,0.401796,0.367697,0.296986,0.503274,0.049864,0.200229,0.302086,0.500878,0.398434,0.051909,0.014829,0.004429,0.005005,0.014944,0.002298,0.008633,0.001227,0.004443,3.6e-05,0.000598,0.001385,0.004541,0.002547,0.000182
13200,513,6682,6169,6169,0,0,0,114,23.864314,0.0,17704.015098,606.914922,2649.220764,2031.914859,2964.47,13200,16,77,16473600.0,2633523.845,17547.3962,7806.1056,223.3076,0.0,0.0,0.0,86,0.038986,1.015811,0.499321,0.499893,1.019552,0.402348,0.370214,0.296914,0.502848,0.049879,0.199775,0.302708,0.501726,0.397874,0.05154,0.015307,0.004515,0.005152,0.015348,0.002395,0.009831,0.001243,0.004506,3.7e-05,0.000611,0.001433,0.004596,0.002552,0.000182
13220,517,6697,6180,6180,0,0,0,110,20.133055,0.0,17906.833767,611.871254,2647.995691,2031.663121,2951.53,13220,16,77,16498560.0,2639039.465,17565.9768,7823.4323,224.1202,0.0,0.0,0.0,86,0.038685,1.016895,0.498694,0.498967,1.018209,0.401695,0.369989,0.29721,0.502308,0.049814,0.199659,0.303024,0.502725,0.396749,0.051668,0.015786,0.004474,0.004835,0.015153,0.002422,0.009639,0.00124,0.004518,3.7e-05,0.000605,0.001405,0.004489,0.002551,0.000183
13240,524,6716,6192,6192,0,0,0,112,21.3845,0.0,18042.987353,616.244779,2642.370721,2031.535734,2915.36,13240,16,77,16523520.0,2644555.085,17584.5574,7842.8537,224.3834,0.0,0.0,0.0,86,0.038168,1.016831,0.50022,0.497604,1.014929,0.401162,0.370457,0.297416,0.502528,0.049812,0.200199,0.303224,0.503001,0.39617,0.051952,0.016488,0.004577,0.004666,0.014977,0.002397,0.009764,0.001251,0.0045,3.7e-05,0.000632,0.001395,0.00437,0.002518,0.00019
13260,525,6730,6205,6205,0,0,0,110,21.73469,0.0,18153.463154,619.992679,2638.272631,2031.470898,2918.07,13260,16,77,16548480.0,2650070.705,17603.138,7862.1167,225.1261,0.0,0.0,0.0,86,0.03619,1.017484,0.500648,0.497547,1.016187,0.400736,0.370929,0.296542,0.503084,0.049791,0.200648,0.303994,0.500723,0.397376,0.05201,0.016525,0.004672,0.004637,0.015031,0.002425,0.009561,0.001264,0.004633,3.7e-05,0.000652,0.001407,0.004418,0.002538,0.000189
13280,522,6743,6221,6221,0,0,0,112,22.665979,0.0,18243.428309,621.014609,2636.319413,2031.437801,2935.06,13280,16,77,16573440.0,2655586.325,17621.7186,7881.431,226.7993,0.0,0.0,0.0,86,0.036398,1.015185,0.500804,0.498057,1.016927,0.400436,0.371856,0.296965,0.502905,0.049718,0.200975,0.303889,0.500256,0.396805,0.051872,0.016556,0.004592,0.004739,0.015886,0.002464,0.009658,0.001286,0.004627,3.7e-05,0.000654,0.001398,0.004428,0.002509,0.000179
13300,529,6759,6230,6230,0,0,0,106,21.460722,0.0,18291.882499,628.261052,2630.278227,2031.420881,2906.09,13300,16,77,16598400.0,2661091.76,17640.2991,7899.2872,227.0905,0.0,0.0,0.0,86,0.039698,1.015625,0.500725,0.496924,1.018961,0.400531,0.372519,0.297202,0.504176,0.049756,0.200674,0.304102,0.501021,0.397192,0.051989,0.017298,0.004706,0.004476,0.016274,0.002518,0.010178,0.001283,0.004651,3.8e-05,0.000649,0.001397,0.004534,0.00251,0.000177
13320,528,6774,6246,6246,0,0,0,106,23.153315,0.0,18299.718091,624.794917,2632.051767,2031.412225,2882.48,13320,17,77,16623360.0,2666592.83,17658.8797,7915.9439,227.2973,0.0,0.0,0.0,86,0.041667,1.01256,0.499757,0.497824,1.019054,0.400805,0.373361,0.296702,0.503579,0.049849,0.200662,0.304135,0.501591,0.397379,0.052116,0.017715,0.00477,0.00483,0.016758,0.002601,0.010515,0.001282,0.004749,3.9e-05,0.000664,0.00142,0.004553,0.002538,0.000178
13340,530,6786,6256,6256,0,0,0,108,20.56778,0.0,18326.301449,629.464279,2629.96794,2031.407794,2864.48,13340,17,77,16648320.0,2672093.6311,17677.4603,7932.5049,227.4264,0.0,0.0,0.0,86,0.041509,1.012781,0.499762,0.498095,1.018939,0.401,0.372843,0.296645,0.502786,0.049836,0.200356,0.304425,0.501661,0.39874,0.052266,0.018038,0.004743,0.004961,0.016315,0.002649,0.010152,0.001283,0.00475,3.9e-05,0.000639,0.001412,0.00455,0.002608,0.000179
13360,534,6801,6267,6267,0,0,0,106,21.227358,0.0,18350.211609,631.045441,2627.727201,2030.247329,2834.52,13360,17,77,16673280.0,2677616.1661,17697.5849,7948.1615,227.6463,0.0,0.0,0.0,86,0.039326,1.012769,0.500306,0.501171,1.018715,0.400942,0.372215,0.296937,0.502214,0.049942,0.200279,0.304457,0.500356,0.399373,0.052076,0.018091,0.004696,0.005399,0.016211,0.002678,0.009761,0.001309,0.004752,3.9e-05,0.000632,0.001425,0.004557,0.002632,0.000181
13380,540,6812,6272,6272,0,0,0,103,20.047675,0.0,18344.89537,640.131057,2619.821268,2028.687238,2821.01,13380,17,77,16698240.0,2683157.9551,17719.5302,7963.3948,227.9015,0.0,0.0,0.0,86,0.037037,1.012806,0.499797,0.50128,1.019999,0.400648,0.37088,0.29674,0.501685,0.049958,0.200247,0.304434,0.500375,0.399639,0.052047,0.018333,0.004637,0.005337,0.015827,0.002665,0.009069,0.001306,0.004736,3.9e-05,0.000616,0.001427,0.004509,0.002622,0.000178
13400,545,6829,6284,6284,0,0,0,103,17.91159,0.0,18278.304525,645.192081,2616.896329,2026.615633,2785.34,13400,17,77,16723200.0,2688709.8151,17743.5559,7981.9671,228.7956,0.0,0.0,0.0,86,0.036697,1.014397,0.500072,0.501467,1.019647,0.400564,0.371523,0.296619,0.502086,0.049988,0.200067,0.304235,0.499446,0.40003,0.052104,0.018754,0.00485,0.005436,0.015798,0.002751,0.009201,0.00133,0.004727,4e-05,0.000642,0.001449,0.004572,0.002701,0.000179
13420,550,6846,6296,6296,0,0,0,103,19.671108,0.0,18172.744867,650.452102,2609.87679,2025.186054,2773.16,13420,17,77,16748160.0,2694261.6751,17768.5043,8000.2147,228.8829,0.0,0.0,0.0,86,0.034545,1.016111,0.499731,0.503122,1.020109,0.400319,0.370681,0.296548,0.501702,0.049982,0.200283,0.303575,0.499656,0.399889,0.051929,0.018388,0.004705,0.005422,0.016001,0.002687,0.009163,0.001334,0.004767,4e-05,0.000638,0.001434,0.004645,0.002682,0.000178
13440,544,6858,6314,6314,0,0,0,102,19.571482,0.0,18063.106236,648.007157,2612.421361,2024.525493,2809.62,13440,18,77,16773120.0,2699813.5351,17793.4527,8018.4869,230.6413,0.0,0.0,0.0,86,0.036765,1.013769,0.499689,0.5026,1.021342,0.400809,0.37204,0.2961,0.502648,0.050096,0.199811,0.30369,0.499625,0.400649,0.052015,0.018379,0.004807,0.005818,0.015968,0.002777,0.009825,0.001331,0.004853,4e-05,0.000641,0.001453,0.004586,0.002668,0.000179
13460,545,6867,6322,6322,0,0,0,92,16.771535,0.0,17972.066048,650.843318,2612.385146,2024.210703,2821.6,13460,18,77,16798080.0,2705365.3951,17818.4011,8031.4362,230.967,0.0,0.0,0.0,86,0.036697,1.012821,0.498915,0.503636,1.021392,0.400948,0.371724,0.296637,0.502563,0.050054,0.199823,0.303163,0.499495,0.400377,0.051956,0.018318,0.004749,0.005959,0.015958,0.002742,0.009818,0.001339,0.004804,4e-05,0.000643,0.001443,0.004573,0.002654,0.000179
13480,535,6878,6343,6343,0,0,0,102,21.984707,0.0,17916.522715,638.005784,2620.009509,2025.91144,2883.07,13480,18,77,16823040.0,2710917.2551,17841.0488,8043.6006,231.0661,0.0,0.0,0.0,86,0.035514,1.013341,0.498101,0.504672,1.021254,0.401439,0.372858,0.296719,0.501186,0.050073,0.199613,0.303848,0.500957,0.400375,0.051926,0.018502,0.004779,0.006177,0.016507,0.002735,0.010099,0.001356,0.004773,4.1e-05,0.000635,0.001499,0.004595,0.002614,0.000176
13500,531,6889,6358,6358,0,0,0,104,23.907318,0.0,17945.678581,632.959166,2623.133516,2028.048954,2913.26,13500,18,77,16848000.0,2716483.4926,17861.6414,8056.8812,231.6489,0.0,0.0,0.0,86,0.035782,1.015186,0.499037,0.503832,1.018153,0.40109,0.372346,0.296666,0.501187,0.050084,0.199886,0.30371,0.501099,0.399964,0.052298,0.019107,0.004839,0.006333,0.016219,0.002746,0.009824,0.001331,0.004817,4e-05,0.000672,0.001508,0.004721,0.002586,0.000189
13520,541,6911,6370,6370,0,0,0,104,20.052588,0.0,17977.708305,634.844695,2625.102717,2028.262302,2856.72,13520,18,77,16872960.0,2722054.5226,17883.2676,8073.9142,231.9555,0.0,0.0,0.0,86,0.038817,1.013819,0.499372,0.503191,1.019156,0.401773,0.372312,0.297336,0.501001,0.050139,0.199625,0.3038,0.501839,0.399903,0.052477,0.019636,0.004871,0.00635,0.016122,0.002806,0.009584,0.001359,0.004798,4.1e-05,0.000666,0.0015,0.004633,0.002648,0.000192
13540,546,6926,6380,6380,0,0,0,100,19.389975,0.0,17953.590854,642.807413,2617.802612,2028.318531,2843.61,13540,18,77,16897920.0,2727625.5526,17904.9293,8094.2067,232.4906,0.0,0.0,0.0,86,0.038462,1.010587,0.499907,0.503323,1.019199,0.402365,0.37237,0.29758,0.501367,0.050178,0.199591,0.304421,0.501781,0.399203,0.052474,0.019473,0.004979,0.006324,0.016571,0.002902,0.009791,0.00134,0.004841,4.2e-05,0.000688,0.001526,0.004669,0.00261,0.000191
13560,536,6933,6397,6397,0,0,0,107,22.316005,0.0,17924.529063,638.477599,2619.206395,2028.330552,2895.84,13560,18,77,16922880.0,2733196.5826,17926.591,8110.6484,232.8474,0.0,0.0,0.0,86,0.039179,1.009244,0.499178,0.502982,1.018864,0.402883,0.373015,0.297817,0.500618,0.050246,0.199751,0.30472,0.501598,0.399366,0.052373,0.019392,0.005009,0.006359,0.016663,0.00292,0.009869,0.001315,0.00464,4.2e-05,0.000702,0.001504,0.004686,0.002629,0.000191
13580,539,6949,6410,6410,0,0,0,108,21.552349,0.0,17935.174229,637.831825,2620.615825,2028.32925,2883.64,13580,18,77,16947840.0,2738777.6491,17948.2527,8125.1532,233.1198,0.0,0.0,0.0,86,0.038961,1.009964,0.499706,0.50175,1.01908,0.403214,0.372367,0.297732,0.502287,0.050183,0.200064,0.304358,0.5016,0.399329,0.052494,0.018987,0.004936,0.00581,0.016896,0.002819,0.009505,0.001317,0.004639,4.1e-05,0.000692,0.001516,0.00461,0.002663,0.000188
13600,528,6958,6430,6430,0,0,0,114,25.182222,0.0,18023.298701,627.429405,2627.388374,2028.325427,2928.05,13600,18,76,16972800.0,2744386.0291,17969.9144,8138.4799,233.8341,0.0,0.0,0.0,86,0.037879,1.008908,0.499584,0.502341,1.019871,0.403998,0.371882,0.297706,0.503258,0.050177,0.200152,0.305072,0.50141,0.39981,0.052547,0.019191,0.005115,0.006088,0.017359,0.00293,0.009371,0.00135,0.004675,4.1e-05,0.000686,0.001579,0.004792,0.002675,0.000182
13620,529,6973,6444,6444,0,0,0,111,23.684597,0.0,18176.629215,625.351594,2630.963808,2029.076159,2936.65,13620,18,76,16997760.0,2749998.5221,17990.6552,8152.8946,234.279,0.0,0.0,0.0,86,0.039698,1.010691,0.499482,0.502557,1.019997,0.403366,0.372692,0.298264,0.502409,0.050103,0.199676,0.305415,0.501846,0.399396,0.052564,0.019521,0.005026,0.006437,0.017059,0.002838,0.009542,0.001311,0.004746,4.1e-05,0.000656,0.001594,0.004941,0.002714,0.000177
13640,534,6990,6456,6456,0,0,0,112,22.506393,0.0,18315.128321,626.93768,2630.555927,2028.783322,2909.6,13640,18,76,17022720.0,2755620.6121,18012.1332,8169.0995,234.3273,0.0,0.0,0.0,86,0.037453,1.00909,0.498858,0.503282,1.021475,0.403371,0.372586,0.297597,0.502154,0.050176,0.20042,0.30594,0.50195,0.398493,0.052517,0.019526,0.004987,0.00677,0.017862,0.002876,0.009382,0.001322,0.004668,4.1e-05,0.000649,0.001603,0.004967,0.002681,0.000181
13660,544,7008,6464,6464,0,0,0,107,21.586915,0.0,18381.265701,639.241,2619.172085,2028.544161,2865.66,13660,18,76,17047680.0,2761242.7021,18033.7949,8190.4323,234.5863,0.0,0.0,0.0,86,0.034926,1.011165,0.499314,0.503132,1.022163,0.403321,0.373639,0.297765,0.502194,0.050011,0.200838,0.305419,0.501312,0.397954,0.052283,0.019582,0.005118,0.006661,0.017754,0.002836,0.00971,0.001334,0.004615,4.2e-05,0.000649,0.001619,0.005007,0.002729,0.000183
13680,539,7018,6479,6479,0,0,0,116,22.677443,0.0,18413.185547,640.094169,2617.228388,2028.428051,2887.37,13680,18,76,17072640.0,2766864.7921,18055.4566,8209.304,234.995,0.0,0.0,0.0,86,0.03525,1.011108,0.499372,0.502151,1.022171,0.403372,0.373874,0.297568,0.502985,0.049995,0.200756,0.305515,0.500478,0.39888,0.052482,0.019737,0.005165,0.006637,0.018278,0.002886,0.009642,0.001308,0.004692,4.2e-05,0.000655,0.001625,0.005128,0.002728,0.000186
13700,540,7037,6497,6497,0,0,0,112,23.833701,0.0,18464.184142,635.397996,2620.768303,2028.371382,2887.11,13700,18,76,17097600.0,2772486.8821,18077.1183,8224.8306,236.2853,0.0,0.0,0.0,86,0.037037,1.008171,0.498866,0.50158,1.021301,0.402899,0.373086,0.298333,0.502201,0.050049,0.200817,0.305266,0.501451,0.398979,0.052278,0.019803,0.005055,0.006868,0.017539,0.002816,0.009573,0.001298,0.004696,4.1e-05,0.000642,0.001594,0.004993,0.002627,0.000195
13720,541,7053,6512,6512,0,0,0,106,21.174148,0.0,18531.861117,635.103218,2623.722635,2031.258238,2894.11,13720,18,76,17122560.0,2778108.9721,18094.8633,8241.8775,236.7637,0.0,0.0,0.0,86,0.036969,1.009767,0.498971,0.501295,1.022434,0.40245,0.372984,0.298676,0.503642,0.049972,0.201027,0.304858,0.50313,0.399037,0.052191,0.020334,0.00515,0.006831,0.017518,0.00288,0.009638,0.001307,0.004659,4.1e-05,0.000646,0.001575,0.005216,0.00255,0.000195
13740,540,7066,6526,6526,0,0,0,111,24.628746,0.0,18586.832448,638.33566,2617.035594,2031.141489,2912.33,13740,18,76,17147520.0,2783749.0711,18114.6028,8260.729,237.1811,0.0,0.0,0.0,86,0.037037,1.012927,0.499273,0.502216,1.021958,0.403082,0.37258,0.298846,0.504107,0.050057,0.201091,0.304616,0.502807,0.399036,0.052127,0.021152,0.00517,0.007265,0.017176,0.002884,0.009614,0.001314,0.004654,4.1e-05,0.000644,0.001571,0.005169,0.002579,0.000197
13760,542,7077,6535,6535,0,0,0,102,18.7576,0.0,18638.920542,643.918203,2617.324197,2028.064251,2915.33,13760,19,76,17172480.0,2789391.1711,18138.526,8277.1725,237.5333,0.0,0.0,0.0,86,0.0369,1.013164,0.498611,0.502317,1.022544,0.403264,0.374273,0.298256,0.503852,0.050045,0.201267,0.304965,0.503125,0.398668,0.052199,0.021443,0.005141,0.007413,0.017383,0.003023,0.010097,0.001332,0.004641,4.2e-05,0.00071,0.001552,0.005175,0.002596,0.000197
13780,547,7090,6543,6543,0,0,0,100,17.750842,0.0,18648.96563,648.297896,2613.951262,2024.993329,2892.36,13780,19,76,17197440.0,2795033.2711,18164.4596,8291.3287,237.5333,0.0,0.0,0.0,86,0.040219,1.011738,0.498028,0.501769,1.021193,0.403401,0.375297,0.29837,0.504286,0.049951,0.201271,0.305464,0.50395,0.398495,0.052153,0.021298,0.005153,0.007358,0.017292,0.003044,0.010343,0.001347,0.004675,4.3e-05,0.000706,0.001542,0.005047,0.002599,0.000194
13800,560,7112,6552,6552,0,0,0,99,18.04379,0.0,18586.919448,655.398802,2606.557408,2021.447983,2838.46,13800,19,76,17222400.0,2800675.3711,18192.5848,8308.7206,237.8891,0.0,0.0,0.0,86,0.041071,1.013956,0.496989,0.50188,1.02305,0.404098,0.375848,0.298231,0.50468,0.050023,0.201323,0.304922,0.50307,0.398204,0.051962,0.02164,0.005277,0.007409,0.017784,0.003004,0.010743,0.001373,0.004703,4.4e-05,0.000718,0.001583,0.00498,0.002596,0.000196
13820,559,7127,6568,6568,0,0,0,106,21.46416,0.0,18478.353241,659.565622,2598.970218,2017.187981,2847.15,13820,19,76,17247360.0,2806317.4711,18223.4909,8331.4911,238.3109,0.0,0.0,0.0,86,0.041145,1.015357,0.496807,0.501572,1.022116,0.404328,0.377457,0.297571,0.504512,0.049909,0.201486,0.304169,0.503,0.398875,0.051888,0.021576,0.005363,0.007292,0.017789,0.002986,0.011444,0.001369,0.004831,4.3e-05,0.000728,0.001585,0.005047,0.002579,0.000196
13840,552,7139,6587,6587,0,0,0,111,24.84412,0.0,18353.473579,657.051357,2598.104523,2013.623976,2892.2,13840,19,76,17272320.0,2811959.5711,18255.8594,8351.1321,239.2489,0.0,0.0,0.0,86,0.039855,1.015875,0.497339,0.501451,1.02151,0.403276,0.376177,0.297249,0.504304,0.049943,0.201303,0.303204,0.502348,0.399114,0.052109,0.022628,0.005186,0.007202,0.016956,0.002965,0.011213,0.001349,0.004859,4.2e-05,0.000725,0.001553,0.005068,0.002542,0.000192
13860,552,7155,6603,6603,0,0,0,108,23.015792,0.0,18287.657808,653.856659,2603.127549,2011.348596,2895.5,13860,19,76,17297280.0,2817602.2936,18288.2684,8367.2962,239.7027,0.0,0.0,0.0,86,0.041667,1.015838,0.497203,0.501231,1.021021,0.403351,0.376969,0.296906,0.504285,0.049896,0.201099,0.303699,0.50326,0.399902,0.052137,0.02279,0.005202,0.007321,0.017058,0.003034,0.011327,0.001329,0.004872,4.3e-05,0.000694,0.001582,0.005184,0.002627,0.000189
13880,549,7172,6623,6623,0,0,0,110,21.790027,0.0,18259.529166,650.233714,2607.97626,2009.771095,2919.95,13880,19,76,17322240.0,2823256.8436,18320.6774,8386.6176,241.0793,0.0,0.0,0.0,86,0.041894,1.015672,0.496526,0.502342,1.021985,0.402795,0.377649,0.296732,0.50412,0.049936,0.200874,0.303814,0.502475,0.399224,0.052039,0.022371,0.005155,0.007466,0.017332,0.00287,0.01178,0.001372,0.004806,4.3e-05,0.000724,0.001578,0.00505,0.002629,0.000179
13900,543,7182,6639,6639,0,0,0,113,23.408681,0.0,18277.343782,648.360016,2608.231304,2008.584,2948.86,13900,19,76,17347200.0,2828911.3936,18353.0863,8403.4274,241.584,0.0,0.0,0.0,86,0.040516,1.015126,0.49691,0.503398,1.020828,0.403016,0.37553,0.296959,0.503075,0.050119,0.201132,0.303386,0.501903,0.399553,0.051837,0.02219,0.005098,0.007587,0.017105,0.00287,0.011255,0.001397,0.004785,4.2e-05,0.000722,0.001632,0.00508,0.002599,0.00018
13920,549,7197,6648,6648,0,0,0,110,22.185388,0.0,18270.771083,651.234444,2606.580168,2006.720404,2931.61,13920,19,76,17372160.0,2834565.9436,18386.5575,8418.0302,242.1479,0.0,0.0,0.0,86,0.038251,1.01337,0.497335,0.503486,1.022489,0.403212,0.374408,0.296584,0.502295,0.050087,0.200836,0.303467,0.500858,0.399616,0.051772,0.021781,0.005034,0.007495,0.017435,0.002808,0.01092,0.00139,0.004838,4.2e-05,0.000728,0.001615,0.004943,0.002554,0.000176
13940,550,7210,6660,6660,0,0,0,103,20.668402,0.0,18249.74253,653.250568,2606.08103,2004.357747,2936.33,13940,19,76,17397120.0,2840220.4936,18421.4,8433.8044,242.5668,0.0,0.0,0.0,86,0.043636,1.013739,0.496239,0.503049,1.024574,0.403519,0.376223,0.295934,0.502395,0.050088,0.200715,0.303307,0.501208,0.400698,0.051902,0.022038,0.005102,0.007492,0.017084,0.002832,0.011391,0.001378,0.00491,4.2e-05,0.00073,0.001645,0.004918,0.002593,0.000176
13960,549,7225,6676,6676,0,0,0,98,19.835892,0.0,18222.822286,651.269401,2608.894707,2001.965713,2948.02,13960,19,76,17422080.0,2845875.0436,18457.1668,8450.1988,243.656,0.0,0.0,0.0,86,0.043716,1.014263,0.49683,0.503827,1.024766,0.403416,0.376488,0.29544,0.502728,0.050056,0.200426,0.303784,0.501432,0.400518,0.051928,0.022083,0.005208,0.00766,0.017271,0.002931,0.011474,0.001381,0.00502,4.2e-05,0.00073,0.001653,0.005123,0.002656,0.000181
13980,542,7232,6690,6690,0,0,0,99,19.834078,0.0,18232.184404,648.049436,2612.116486,2000.164793,3000.79,13980,19,76,17447040.0,2851529.5936,18492.9709,8464.0327,243.9439,0.0,0.0,0.0,86,0.04428,1.013829,0.496606,0.504159,1.023848,0.403889,0.376837,0.295586,0.502567,0.05008,0.200457,0.304051,0.502479,0.401077,0.051969,0.022132,0.00513,0.007716,0.016942,0.002916,0.011521,0.001368,0.005,4.2e-05,0.00073,0.001658,0.005164,0.002633,0.000182
14000,542,7246,6704,6704,0,0,0,104,19.832277,0.0,18274.674526,643.968296,2616.199427,1998.084316,3004.39,14000,19,76,17472000.0,2857197.9946,18529.4677,8478.3126,244.4368,0.0,0.0,0.0,86,0.04059,1.012047,0.498262,0.505597,1.026797,0.40338,0.376119,0.295544,0.50313,0.050072,0.20065,0.303999,0.503041,0.400555,0.051802,0.021331,0.005282,0.007496,0.01807,0.002956,0.011036,0.001406,0.00503,4.1e-05,0.000727,0.001654,0.005074,0.00266,0.000184
14020,553,7267,6714,6714,0,0,0,99,18.36986,0.0,18325.248403,648.941256,2612.688885,1995.429633,2954.92,14020,19,76,17496960.0,2862880.0876,18567.0889,8495.1562,244.581,0.0,0.0,0.0,86,0.041591,1.01231,0.497432,0.505752,1.02829,0.403893,0.378516,0.295665,0.502789,0.049962,0.200224,0.30372,0.503794,0.40014,0.051852,0.021227,0.005305,0.007613,0.018114,0.003008,0.011849,0.001376,0.005122,4.2e-05,0.000714,0.001651,0.005107,0.00278,0.000182
14040,560,7281,6721,6721,0,0,0,97,20.706759,0.0,18302.306198,660.149112,2599.144129,1992.220065,2935.34,14040,19,76,17521920.0,2868590.4676,18605.7555,8514.8368,244.9865,0.0,0.0,0.0,86,0.039286,1.012554,0.496588,0.505255,1.027838,0.40389,0.378395,0.295029,0.502695,0.049977,0.200618,0.303711,0.503401,0.400436,0.051891,0.021082,0.005298,0.00759,0.018167,0.003029,0.011354,0.001388,0.005332,4.2e-05,0.000736,0.001641,0.005208,0.002816,0.000182
14060,560,7292,6732,6732,0,0,0,98,16.712582,0.0,18240.862017,665.564637,2597.722781,1988.893919,2945.82,14060,19,76,17546880.0,2874300.8476,18644.8659,8532.5213,245.3487,0.0,0.0,0.0,86,0.039286,1.01339,0.496878,0.506021,1.028395,0.404232,0.379031,0.294972,0.502728,0.049951,0.200606,0.303503,0.503672,0.400155,0.051982,0.021558,0.005424,0.00762,0.018442,0.003041,0.011364,0.001412,0.005345,4.3e-05,0.000741,0.001684,0.005266,0.00283,0.000183
14080,566,7309,6743,6743,0,0,0,98,16.680951,0.0,18131.683027,670.585118,2592.733931,1985.598004,2923.17,14080,19,76,17571840.0,2880011.2276,18683.9763,8549.2428,246.1121,0.0,0.0,0.0,86,0.038869,1.014668,0.496755,0.505669,1.027495,0.404812,0.379062,0.294969,0.503403,0.050007,0.200941,0.302727,0.504143,0.399829,0.051869,0.021509,0.005427,0.007479,0.018418,0.002992,0.011297,0.001413,0.005283,4.4e-05,0.000745,0.001676,0.005313,0.002817,0.000184
14100,562,7322,6760,6760,0,0,0,107,20.981059,0.0,17998.137097,666.360503,2592.658438,1982.045708,2955.33,14100,19,76,17596800.0,2885721.6076,18723.0867,8565.1812,246.5584,0.0,0.0,0.0,86,0.039146,1.014205,0.497978,0.504251,1.027855,0.403594,0.377955,0.295386,0.503135,0.050085,0.201103,0.302274,0.503928,0.39968,0.051956,0.021342,0.005407,0.007281,0.01797,0.002851,0.011003,0.001393,0.005351,4.3e-05,0.000728,0.001646,0.00529,0.002742,0.000189
14120,558,7333,6775,6775,0,0,0,104,22.056213,0.0,17898.294528,664.728198,2593.215589,1978.711113,2978.72,14120,19,76,17621760.0,2891431.9876,18761.3815,8581.7389,246.9067,0.0,0.0,0.0,86,0.037634,1.013292,0.497757,0.50473,1.029032,0.403459,0.37685,0.295109,0.503753,0.050197,0.201239,0.302689,0.503521,0.39967,0.052054,0.021098,0.005393,0.007264,0.017667,0.002806,0.01057,0.001397,0.00532,4.2e-05,0.000723,0.001666,0.005335,0.002714,0.000189
14140,558,7349,6791,6791,0,0,0,105,22.624417,0.0,17864.910693,660.783632,2596.59195,1977.223495,2966.1,14140,19,76,17646720.0,2897159.7811,18797.8682,8595.4713,248.4808,0.0,0.0,0.0,86,0.035842,1.014745,0.4986,0.504526,1.029049,0.402828,0.376558,0.295461,0.503508,0.050175,0.200985,0.303142,0.503722,0.399037,0.05197,0.02124,0.005437,0.007209,0.017704,0.002686,0.010847,0.001397,0.005163,4.3e-05,0.000689,0.001676,0.005229,0.002693,0.000183
14160,560,7362,6802,6802,0,0,0,105,23.251007,0.0,17822.009247,664.730977,2592.018016,1975.295686,2963.1,14160,19,76,17671680.0,2902888.4911,18835.2792,8612.3431,248.8291,0.0,0.0,0.0,86,0.035714,1.014453,0.497976,0.503934,1.027734,0.403475,0.3766,0.29522,0.503894,0.050029,0.201059,0.303138,0.504395,0.399526,0.052123,0.021425,0.005367,0.007163,0.017637,0.002735,0.01079,0.001404,0.005176,4.3e-05,0.000686,0.001646,0.005351,0.002704,0.000184
14180,555,7371,6816,6816,0,0,0,108,22.988444,0.0,17799.000466,661.328647,2595.682909,1973.438165,2985.53,14180,19,76,17696640.0,2908617.2011,18872.4627,8626.5681,249.3028,0.0,0.0,0.0,86,0.036036,1.011683,0.498474,0.503202,1.027786,0.403841,0.37563,0.295472,0.504835,0.050011,0.200895,0.303379,0.503515,0.39903,0.052169,0.0215,0.005373,0.006907,0.017672,0.002663,0.010533,0.001376,0.005135,4.3e-05,0.00069,0.001675,0.005308,0.002658,0.000184
14200,553,7387,6834,6834,0,0,0,109,25.545973,0.0,17793.953235,654.473864,2599.980163,1971.198036,2986.12,14200,19,76,17721600.0,2914345.9111,18907.6339,8641.1993,249.7802,0.0,0.0,0.0,86,0.036166,1.01076,0.497408,0.502588,1.026393,0.403894,0.374382,0.295416,0.503968,0.050097,0.200961,0.304119,0.503981,0.399194,0.052089,0.021435,0.005212,0.006847,0.017341,0.002643,0.010282,0.001369,0.004965,4.1e-05,0.00069,0.001682,0.005253,0.002615,0.000187
14220,537,7396,6859,6859,0,0,0,117,26.305504,0.0,17897.598752,638.546326,2615.14817,1970.860193,3083.59,14220,19,76,17746560.0,2920074.6211,18935.3703,8655.1637,250.758,0.0,0.0,0.0,86,0.037244,1.010528,0.496022,0.501963,1.026396,0.404601,0.374872,0.295548,0.503798,0.050168,0.201162,0.303518,0.502563,0.398837,0.0521,0.021277,0.005076,0.006903,0.017162,0.002629,0.010585,0.001369,0.004875,4.2e-05,0.000701,0.001667,0.00523,0.002661,0.000187
14240,542,7413,6871,6871,0,0,0,115,25.115562,0.0,18012.32142,641.029417,2613.855021,1974.548963,3045.29,14240,19,76,17771520.0,2925803.3311,18957.4146,8671.4231,251.5232,0.0,0.0,0.0,86,0.0369,1.011351,0.49586,0.501556,1.025673,0.404461,0.37679,0.295774,0.503462,0.050007,0.201284,0.303889,0.501769,0.397863,0.052129,0.021716,0.005169,0.006918,0.017116,0.002578,0.010904,0.00139,0.004868,4.4e-05,0.000708,0.001664,0.005288,0.002772,0.000189
14260,543,7426,6883,6883,0,0,0,115,24.071394,0.0,18139.305363,641.874946,2614.05366,1976.573656,3043.41,14260,19,76,17796480.0,2931532.0411,18979.684,8686.2781,251.7051,0.0,0.0,0.0,86,0.036832,1.011419,0.496252,0.502383,1.026025,0.403833,0.376631,0.295851,0.502694,0.049951,0.201574,0.304283,0.501585,0.398384,0.052065,0.022002,0.005194,0.006883,0.017059,0.002571,0.01089,0.001406,0.004886,4.4e-05,0.000705,0.001662,0.005193,0.00274,0.000186
14280,546,7443,6897,6897,0,0,0,115,23.756302,0.0,18249.464908,642.926221,2613.317477,1977.558878,3019.92,14280,19,76,17821440.0,2937260.7511,19001.9534,8703.1101,252.9533,0.0,0.0,0.0,86,0.038462,1.013001,0.495806,0.502403,1.029784,0.402959,0.380728,0.295162,0.501781,0.049896,0.201817,0.303684,0.501244,0.398527,0.05237,0.022227,0.005288,0.006971,0.017349,0.002632,0.011957,0.001431,0.004781,4.4e-05,0.000833,0.001684,0.005132,0.002793,0.000196
14300,547,7459,6912,6912,0,0,0,117,22.252194,0.0,18361.809768,642.644027,2615.103779,1977.99469,3023.18,14300,19,76,17846400.0,2942989.4611,19024.2229,8720.3772,253.0517,0.0,0.0,0.0,86,0.034735,1.01335,0.496357,0.504421,1.026838,0.402343,0.378948,0.295277,0.50215,0.049981,0.201256,0.304004,0.503523,0.397932,0.052292,0.022118,0.005312,0.007092,0.017247,0.002663,0.011602,0.00144,0.004693,4.3e-05,0.000793,0.001706,0.005047,0.002759,0.000199
14320,549,7472,6923,6923,0,0,0,115,23.696093,0.0,18427.266858,650.324152,2605.979755,1980.578261,3012.34,14320,19,76,17871360.0,2948718.1711,19043.4422,8740.3975,253.6927,0.0,0.0,0.0,86,0.032787,1.014082,0.497103,0.505077,1.025744,0.403129,0.37769,0.295019,0.501603,0.049966,0.201118,0.304202,0.502443,0.398438,0.05227,0.021984,0.005349,0.006973,0.017144,0.002698,0.011208,0.001407,0.004672,4.2e-05,0.000789,0.001686,0.005006,0.00274,0.000198
14340,545,7488,6943,6943,0,0,0,117,25.777212,0.0,18495.017224,643.406626,2610.816162,1982.2211,3033.35,14340,19,76,17896320.0,2954446.8811,19061.8991,8757.8057,254.5512,0.0,0.0,0.0,86,0.034862,1.012875,0.495944,0.503979,1.027976,0.404011,0.379399,0.295061,0.501059,0.049917,0.20141,0.304329,0.501918,0.397723,0.052153,0.020698,0.00533,0.006604,0.016956,0.002725,0.011798,0.00141,0.004553,4.1e-05,0.000805,0.001683,0.004981,0.002784,0.000194
14360,538,7499,6961,6961,0,0,0,120,26.010107,0.0,18615.902188,639.003994,2614.985899,1982.960231,3075.98,14360,19,76,17921280.0,2960175.5911,19080.3559,8774.6329,255.8042,0.0,0.0,0.0,86,0.035316,1.01054,0.495241,0.503506,1.03017,0.404598,0.380129,0.294275,0.50161,0.049945,0.201343,0.304526,0.502824,0.398715,0.052302,0.020719,0.005419,0.006598,0.017482,0.002845,0.011952,0.001418,0.004593,4e-05,0.000813,0.001705,0.005057,0.002784,0.000192
14380,538,7515,6977,6977,0,0,0,119,26.174903,0.0,18765.345176,634.710339,2619.114758,1983.282106,3074.54,14380,19,76,17946240.0,2965914.7576,19098.8128,8790.1152,256.1338,0.0,0.0,0.0,86,0.035316,1.009816,0.495807,0.50388,1.032649,0.405508,0.379576,0.294272,0.502233,0.049904,0.200948,0.304008,0.503062,0.398967,0.0524,0.020999,0.005692,0.006539,0.018015,0.002829,0.011768,0.001407,0.004638,4.2e-05,0.000764,0.001722,0.005037,0.002782,0.000189
14400,544,7529,6985,6985,0,0,0,112,21.191298,0.0,18948.850831,641.382598,2617.426104,1983.420113,3040.17,14400,19,76,17971200.0,2971668.9901,19117.2694,8806.3238,256.5492,0.0,0.0,0.0,86,0.036765,1.010451,0.495899,0.504212,1.03418,0.405052,0.380586,0.294323,0.501823,0.049865,0.200805,0.304793,0.502484,0.399495,0.052197,0.021059,0.005668,0.006579,0.01808,0.002839,0.012425,0.001424,0.004619,4.1e-05,0.00077,0.001743,0.004999,0.002798,0.000191
14420,559,7548,6989,6989,0,0,0,105,19.211223,0.0,19033.817217,656.882556,2603.906221,1983.040645,2976.95,14420,19,76,17996160.0,2977443.0301,19136.2885,8826.0601,257.4071,0.0,0.0,0.0,86,0.039356,1.010867,0.496114,0.503399,1.034993,0.404883,0.38048,0.294168,0.502995,0.049921,0.201368,0.304663,0.50305,0.399552,0.052335,0.021412,0.005688,0.006523,0.018244,0.002897,0.012215,0.001441,0.004634,4.1e-05,0.000825,0.001745,0.005026,0.002852,0.000195
14440,563,7562,6999,6999,0,0,0,103,20.06015,0.0,18996.292631,667.135906,2592.803944,1981.54988,2960.68,14440,19,76,18021120.0,2983217.0701,19156.9122,8848.1184,257.6318,0.0,0.0,0.0,86,0.039076,1.01148,0.496396,0.503845,1.035877,0.404794,0.380252,0.294573,0.502482,0.050006,0.201389,0.30467,0.503514,0.399601,0.052125,0.021478,0.005684,0.006568,0.018253,0.002914,0.011936,0.001474,0.004618,4.1e-05,0.000825,0.001749,0.004955,0.002817,0.000196
14460,554,7573,7019,7019,0,0,0,112,23.249658,0.0,18976.582098,659.21374,2597.536603,1980.083338,2993.31,14460,19,76,18046080.0,2988991.1101,19178.514,8863.6174,257.9086,0.0,0.0,0.0,86,0.037906,1.013348,0.496366,0.503995,1.034461,0.404937,0.379602,0.295009,0.503055,0.050051,0.201518,0.305002,0.503737,0.399978,0.051961,0.02106,0.005549,0.006395,0.019171,0.002815,0.011968,0.001462,0.004671,4e-05,0.000831,0.001705,0.004894,0.002837,0.000194
14480,558,7592,7034,7034,0,0,0,104,18.647485,0.0,18999.865603,656.964785,2604.38773,1979.243508,2986.45,14480,19,76,18071040.0,2994765.1501,19200.1449,8879.1791,258.1983,0.0,0.0,0.0,86,0.037634,1.012602,0.496297,0.502813,1.029994,0.404288,0.378134,0.296064,0.502678,0.049958,0.201689,0.304931,0.502868,0.400203,0.051822,0.020407,0.005292,0.006083,0.018571,0.002685,0.011754,0.001439,0.004712,4e-05,0.000812,0.001663,0.004884,0.002856,0.000196
14500,560,7609,7049,7049,0,0,0,102,17.490308,0.0,19003.311952,659.364729,2603.144963,1978.75421,2984.73,14500,19,76,18096000.0,3000546.4876,19221.7758,8899.6637,259.1574,0.0,0.0,0.0,86,0.039286,1.011316,0.494774,0.501689,1.031477,0.403946,0.378243,0.295587,0.503066,0.049965,0.200895,0.304448,0.504756,0.400003,0.0519,0.020489,0.005266,0.005992,0.018331,0.00271,0.012046,0.001409,0.004799,4.1e-05,0.000747,0.00165,0.00489,0.002789,0.000193
14520,563,7621,7058,7058,0,0,0,102,17.973551,0.0,19025.763836,666.160904,2595.865545,1978.8925,2970.33,14520,19,76,18120960.0,3006341.3776,19242.784,8917.3133,259.4161,0.0,0.0,0.0,86,0.039076,1.011284,0.494173,0.502136,1.030724,0.404347,0.379641,0.295617,0.503638,0.049923,0.201394,0.304352,0.505146,0.399544,0.052111,0.020383,0.005139,0.006108,0.018589,0.002733,0.012159,0.001425,0.004882,4.2e-05,0.000757,0.001644,0.00485,0.002891,0.000196
14540,570,7638,7068,7068,0,0,0,103,18.304764,0.0,18949.066955,673.806199,2587.889037,1978.470899,2932.01,14540,19,76,18145920.0,3012136.2676,19264.4123,8936.1619,259.9184,0.0,0.0,0.0,86,0.038596,1.011056,0.495149,0.502111,1.029966,0.403706,0.378373,0.296034,0.50297,0.04996,0.201134,0.303814,0.50555,0.400559,0.052053,0.020076,0.005094,0.006063,0.017951,0.00267,0.011535,0.001431,0.004803,4.1e-05,0.000744,0.001636,0.004847,0.002881,0.000197
14560,569,7647,7078,7078,0,0,0,101,17.05435,0.0,18846.010157,677.460598,2585.485053,1978.256507,2952.5,14560,19,76,18170880.0,3017931.1576,19286.0432,8951.6159,260.4735,0.0,0.0,0.0,86,0.040422,1.011428,0.49487,0.501326,1.030849,0.402993,0.380015,0.295973,0.502908,0.049914,0.200988,0.303587,0.505275,0.400337,0.052118,0.02073,0.005026,0.006087,0.018089,0.002623,0.012367,0.001405,0.004836,4.1e-05,0.000739,0.00165,0.004876,0.002866,0.000197
14580,568,7663,7095,7095,0,0,0,103,20.665963,0.0,18737.341256,672.681535,2586.652502,1978.143942,2971.37,14580,19,76,18195840.0,3023726.0476,19307.6741,8967.7496,260.9149,0.0,0.0,0.0,86,0.040493,1.011037,0.495159,0.502985,1.02923,0.403653,0.380159,0.296103,0.503522,0.050007,0.200812,0.303117,0.505909,0.400736,0.052295,0.020837,0.005255,0.006409,0.017588,0.002907,0.012409,0.001428,0.004839,4.2e-05,0.000751,0.001651,0.004869,0.002983,0.000198
14600,572,7681,7109,7109,0,0,0,97,19.345908,0.0,18641.572562,673.589312,2587.06478,1978.06399,2964.69,14600,19,76,18220800.0,3029526.5401,19329.3239,8984.9666,261.7622,0.0,0.0,0.0,86,0.04021,1.01275,0.495536,0.502952,1.030209,0.404249,0.38211,0.295903,0.503092,0.049941,0.201101,0.302862,0.505117,0.400914,0.052626,0.021937,0.005282,0.006424,0.017811,0.002936,0.012795,0.001423,0.004859,4.3e-05,0.000822,0.001683,0.004828,0.003056,0.000208
14620,561,7690,7129,7129,0,0,0,93,17.128369,0.0,18595.309243,667.423534,2595.448097,1976.716933,3012.23,14620,19,76,18245760.0,3035333.8801,19352.6686,9002.1337,262.4524,0.0,0.0,0.0,86,0.040998,1.014246,0.495259,0.5031,1.031898,0.404305,0.38201,0.295153,0.502515,0.049994,0.201459,0.302591,0.505271,0.401267,0.052619,0.021758,0.005325,0.006459,0.017501,0.002916,0.012959,0.001426,0.004893,4.3e-05,0.000809,0.001674,0.004737,0.003031,0.000209
14640,559,7703,7144,7144,0,0,0,94,18.724218,0.0,18582.805507,666.899689,2594.376093,1974.538382,3018.78,14640,19,76,18270720.0,3041141.2201,19378.232,9018.6772,262.8951,0.0,0.0,0.0,86,0.042934,1.016163,0.495007,0.503461,1.029566,0.404781,0.38313,0.29538,0.502037,0.050012,0.201256,0.303019,0.504042,0.400652,0.052715,0.021559,0.005322,0.006635,0.017431,0.002892,0.013428,0.001436,0.004793,4.3e-05,0.000821,0.001695,0.004816,0.003069,0.000211
14660,568,7724,7156,7156,0,0,0,93,18.260877,0.0,18540.607153,669.507177,2592.231946,1973.114961,2986.19,14660,19,76,18295680.0,3046948.5601,19404.3309,9035.8099,263.3672,0.0,0.0,0.0,86,0.045775,1.016927,0.495783,0.503926,1.026947,0.404555,0.384049,0.295392,0.501722,0.050053,0.201179,0.303288,0.503996,0.400626,0.052864,0.022523,0.005351,0.006849,0.017529,0.002904,0.013706,0.001414,0.004777,4.3e-05,0.000816,0.001684,0.004806,0.003025,0.000215
14680,566,7736,7170,7170,0,0,0,96,18.20474,0.0,18503.213538,672.087762,2589.707497,1971.872506,3002.36,14680,19,76,18320640.0,3052755.9001,19431.0643,9055.0165,263.6157,0.0,0.0,0.0,86,0.045936,1.016497,0.495288,0.504555,1.026392,0.404372,0.384074,0.295433,0.501687,0.050055,0.201521,0.303111,0.503912,0.400678,0.053051,0.022613,0.005289,0.006865,0.017158,0.002901,0.013805,0.001419,0.004758,4.2e-05,0.000806,0.001694,0.004758,0.002994,0.000214
14700,565,7749,7184,7184,0,0,0,98,20.746325,0.0,18432.522701,673.635209,2585.618466,1971.207179,3018.84,14700,19,76,18345600.0,3058563.2401,19457.8053,9072.7784,264.6018,0.0,0.0,0.0,86,0.046018,1.015718,0.49538,0.503271,1.027419,0.404307,0.383645,0.295457,0.500924,0.050038,0.201079,0.303349,0.502893,0.400923,0.052976,0.022605,0.005264,0.006839,0.017269,0.002875,0.013766,0.001412,0.004758,4.1e-05,0.000764,0.001695,0.00483,0.002941,0.000213
14720,564,7761,7197,7197,0,0,0,92,18.298823,0.0,18399.041604,672.499841,2589.201336,1970.841367,3026.87,14720,19,76,18370560.0,3064377.5761,19484.5462,9087.463,264.9431,0.0,0.0,0.0,86,0.046099,1.017114,0.496276,0.502714,1.026153,0.404125,0.384053,0.294936,0.500557,0.049974,0.200904,0.304349,0.501975,0.401215,0.05291,0.022738,0.005421,0.006777,0.017565,0.00289,0.013802,0.00139,0.004947,4.1e-05,0.000759,0.001686,0.004875,0.002883,0.000212
14740,559,7770,7211,7211,0,0,0,93,19.532147,0.0,18407.073847,669.980844,2590.487008,1970.635616,3065.35,14740,19,76,18395520.0,3070202.4061,19511.2871,9100.3572,265.7139,0.0,0.0,0.0,86,0.042934,1.018136,0.496609,0.504449,1.028022,0.403597,0.383837,0.296044,0.499961,0.049967,0.200551,0.304182,0.501811,0.400418,0.052784,0.022954,0.005492,0.007026,0.018109,0.002875,0.013963,0.001433,0.004902,4.1e-05,0.000754,0.001643,0.004948,0.002844,0.000213
14760,560,7786,7226,7226,0,0,0,97,22.466484,0.0,18397.839791,666.032556,2591.50096,1970.518029,3062.33,14760,19,76,18420480.0,3076040.9491,19538.0281,9115.4536,265.9313,0.0,0.0,0.0,86,0.046429,1.018185,0.495969,0.503339,1.027621,0.403382,0.387128,0.295866,0.501193,0.049869,0.20061,0.304616,0.501123,0.399629,0.052977,0.023604,0.005507,0.006989,0.018054,0.002841,0.015102,0.001459,0.004958,4.2e-05,0.000724,0.001623,0.004934,0.002869,0.000221
14780,556,7804,7248,7248,0,0,0,104,24.772374,0.0,18454.88467,658.842099,2596.385527,1970.123332,3080.65,14780,19,76,18445440.0,3081885.3691,19565.1232,9134.7889,266.5155,0.0,0.0,0.0,86,0.044964,1.018988,0.495677,0.504113,1.027089,0.404016,0.386636,0.295879,0.501873,0.049956,0.200444,0.304481,0.500615,0.399551,0.052965,0.023799,0.005535,0.007019,0.018053,0.002804,0.014602,0.00146,0.004929,4.2e-05,0.000727,0.001673,0.005028,0.002856,0.000225
14800,553,7816,7263,7263,0,0,0,105,24.79953,0.0,18532.719587,659.422907,2595.777562,1968.792532,3111.58,14800,19,76,18470400.0,3087729.7891,19593.9103,9153.1818,267.747,0.0,0.0,0.0,86,0.045208,1.016386,0.496538,0.503854,1.029032,0.404442,0.386475,0.29566,0.502772,0.049882,0.200578,0.304282,0.500308,0.399783,0.052931,0.023508,0.005532,0.006976,0.018251,0.002762,0.014494,0.001442,0.004995,4.3e-05,0.000732,0.00165,0.004951,0.002834,0.000223
14820,552,7826,7274,7274,0,0,0,101,20.700719,0.0,18632.486443,661.15802,2598.14126,1967.277165,3110.52,14820,19,76,18495360.0,3093574.2091,19623.9866,9167.9163,268.0165,0.0,0.0,0.0,86,0.043478,1.01585,0.496395,0.503344,1.029863,0.404529,0.386436,0.295751,0.503189,0.049857,0.200525,0.304227,0.50086,0.40006,0.052773,0.02351,0.005478,0.007064,0.018593,0.00275,0.014402,0.001474,0.004924,4.4e-05,0.000749,0.001635,0.004983,0.002908,0.000223
14840,553,7841,7288,7288,0,0,0,109,22.542747,0.0,18740.22211,656.600372,2600.856881,1966.412931,3118.59,14840,19,76,18520320.0,3099418.6291,19654.2965,9180.7462,268.3826,0.0,0.0,0.0,86,0.041591,1.014299,0.49632,0.502335,1.030597,0.405971,0.387265,0.295905,0.503921,0.049697,0.200719,0.304359,0.501206,0.399956,0.052814,0.022298,0.005565,0.006768,0.018652,0.002764,0.013875,0.001474,0.005035,4.5e-05,0.000744,0.001619,0.005059,0.003035,0.000224
14860,551,7850,7299,7299,0,0,0,104,20.111613,0.0,18871.473522,657.940205,2601.948182,1965.978761,3128.75,14860,19,76,18545280.0,3105263.0491,19684.6065,9195.7223,268.7478,0.0,0.0,0.0,86,0.041742,1.013806,0.497485,0.502239,1.029757,0.406591,0.386981,0.295882,0.503378,0.04965,0.201133,0.304412,0.502475,0.399616,0.053071,0.021881,0.005667,0.006726,0.019094,0.002821,0.013933,0.001474,0.005075,4.5e-05,0.000753,0.001617,0.005035,0.003024,0.000221
14880,560,7870,7310,7310,0,0,0,108,22.13599,0.0,18955.42778,659.040787,2598.823223,1965.756342,3078.46,14880,19,76,18570240.0,3111107.4691,19714.9164,9210.2134,268.9024,0.0,0.0,0.0,86,0.042857,1.013816,0.496091,0.501474,1.028981,0.405838,0.387193,0.295299,0.502982,0.049628,0.200756,0.30408,0.502334,0.400058,0.052979,0.021952,0.005587,0.006557,0.01869,0.002817,0.01428,0.001448,0.005124,4.5e-05,0.000746,0.001604,0.004949,0.00304,0.000218
14900,561,7882,7321,7321,0,0,0,104,20.124204,0.0,19034.214419,662.864344,2597.011452,1967.865534,3084.86,14900,19,76,18595200.0,3116951.8891,19742.5284,9228.0658,269.1879,0.0,0.0,0.0,86,0.042781,1.012401,0.496074,0.500753,1.028228,0.406008,0.388051,0.295105,0.503405,0.049471,0.200623,0.30321,0.502241,0.39947,0.053133,0.021531,0.005704,0.006369,0.019129,0.00287,0.014449,0.001428,0.005277,4.5e-05,0.000749,0.001615,0.004941,0.003067,0.000225
14920,559,7892,7333,7333,0,0,0,105,19.505158,0.0,19079.277825,666.507424,2593.987418,1969.3753,3093.93,14920,19,76,18620160.0,3122796.3091,19769.6643,9245.827,269.7035,0.0,0.0,0.0,86,0.042934,1.01279,0.496541,0.501598,1.026547,0.406139,0.386528,0.295443,0.50238,0.049656,0.200467,0.3036,0.502446,0.400097,0.053206,0.022621,0.005678,0.006603,0.018758,0.002893,0.014269,0.001417,0.005168,4.4e-05,0.000755,0.001618,0.004916,0.003035,0.000226
14940,560,7910,7350,7350,0,0,0,110,24.151366,0.0,19115.591119,660.397831,2595.450803,1970.188883,3082.43,14940,19,76,18645120.0,3128640.7291,19796.8002,9260.2767,270.0543,0.0,0.0,0.0,86,0.041071,1.013979,0.496957,0.500743,1.02433,0.405824,0.385297,0.295558,0.501704,0.049553,0.200164,0.303424,0.502171,0.400662,0.053306,0.023009,0.005535,0.006563,0.018462,0.002875,0.013628,0.001379,0.005056,4.3e-05,0.000767,0.00158,0.005079,0.00308,0.000224
14960,564,7925,7361,7361,0,0,0,109,20.324758,0.0,19200.125801,665.741295,2593.933947,1970.610454,3068.78,14960,19,76,18670080.0,3134502.7801,19823.9361,9278.6474,270.5079,0.0,0.0,0.0,86,0.039007,1.013811,0.496487,0.500477,1.024747,0.406205,0.385207,0.295344,0.501665,0.049554,0.200194,0.303088,0.501965,0.400707,0.053452,0.023087,0.005535,0.006564,0.018493,0.002986,0.013486,0.001371,0.005056,4.2e-05,0.000774,0.001609,0.005115,0.003086,0.000224
14980,565,7945,7380,7380,0,0,0,110,21.937169,0.0,19261.971491,665.393629,2592.669202,1970.82445,3071.2,14980,19,76,18695040.0,3140379.8716,19851.0721,9300.9784,271.2799,0.0,0.0,0.0,86,0.042478,1.011363,0.496206,0.499941,1.0242,0.406913,0.385253,0.296196,0.501617,0.049731,0.20079,0.303445,0.502504,0.40169,0.053151,0.023329,0.005577,0.006565,0.018068,0.002981,0.013754,0.001393,0.005082,4.2e-05,0.000817,0.001641,0.005119,0.003099,0.000221
15000,562,7955,7393,7393,0,0,0,110,21.440019,0.0,19339.909052,667.065815,2591.494166,1970.931932,3082.21,15000,19,76,18720000.0,3146259.2716,19878.208,9317.5574,272.361,0.0,0.0,0.0,86,0.042705,1.011052,0.496419,0.499371,1.025223,0.407247,0.386432,0.295888,0.501686,0.049611,0.201329,0.303058,0.502681,0.401623,0.053163,0.023419,0.005606,0.006472,0.018281,0.002988,0.014185,0.001381,0.004995,4.3e-05,0.000839,0.001642,0.005306,0.003036,0.00022
15020,563,7970,7407,7407,0,0,0,116,22.353751,0.0,19418.947626,665.221453,2592.424795,1970.985625,3089.83,15020,19,76,18744960.0,3152145.4306,19905.3439,9332.1994,272.5446,0.0,0.0,0.0,86,0.042629,1.012722,0.498677,0.499751,1.024636,0.406745,0.386811,0.295414,0.502104,0.049718,0.201282,0.303434,0.502551,0.401478,0.053152,0.02361,0.005829,0.006543,0.018989,0.003001,0.013834,0.001401,0.005039,4.3e-05,0.000835,0.001629,0.005364,0.003073,0.000219
15040,567,7985,7418,7418,0,0,0,116,22.218919,0.0,19475.309807,670.637089,2587.143992,1971.012372,3065.1,15040,19,76,18769920.0,3158047.3606,19932.4798,9350.1444,273.3287,0.0,0.0,0.0,86,0.042328,1.012747,0.497166,0.500571,1.024728,0.406283,0.387231,0.295416,0.502637,0.049745,0.201178,0.303824,0.503665,0.401171,0.053056,0.023449,0.005693,0.006521,0.018669,0.003018,0.013881,0.001391,0.005173,4.5e-05,0.000839,0.001665,0.005323,0.003142,0.000217
15060,568,8000,7432,7432,0,0,0,115,19.707509,0.0,19522.634464,672.227419,2588.065072,1970.893482,3066.32,15060,19,76,18794880.0,3163949.2906,19959.7496,9367.7539,273.83,0.0,0.0,0.0,86,0.042254,1.014494,0.496336,0.500182,1.024354,0.406177,0.388114,0.294608,0.502631,0.049838,0.201596,0.303867,0.503498,0.401889,0.052998,0.023458,0.005624,0.00651,0.018383,0.003011,0.013849,0.00138,0.005153,4.5e-05,0.000841,0.001693,0.005326,0.003136,0.000218
15080,565,8013,7448,7448,0,0,0,116,25.676707,0.0,19546.32722,669.865718,2584.457575,1969.452181,3050.84,15080,19,76,18819840.0,3169851.2206,19988.7262,9385.3255,274.153,0.0,0.0,0.0,86,0.042478,1.013745,0.496231,0.499925,1.026248,0.406387,0.388848,0.293877,0.50244,0.049819,0.20157,0.303797,0.504119,0.402355,0.052974,0.023149,0.005687,0.006281,0.019131,0.003051,0.014161,0.001374,0.00528,4.5e-05,0.000839,0.001706,0.005422,0.003135,0.000218
15100,573,8035,7462,7462,0,0,0,108,21.97071,0.0,19567.54025,674.0546,2583.974689,1967.434633,3020.47,15100,19,76,18844800.0,3175761.3766,20019.0312,9404.9444,275.4263,0.0,0.0,0.0,86,0.045375,1.013487,0.496208,0.500524,1.02691,0.406516,0.391563,0.294446,0.502006,0.049896,0.201873,0.303295,0.502537,0.401999,0.052971,0.023309,0.005583,0.006418,0.01934,0.003037,0.015049,0.001409,0.005204,4.5e-05,0.000846,0.001713,0.00547,0.003114,0.000222
15120,571,8045,7474,7474,0,0,0,104,20.270006,0.0,19573.663273,677.981236,2581.748758,1965.592578,3042.42,15120,19,76,18869760.0,3181677.0166,20049.9293,9423.4722,275.8275,0.0,0.0,0.0,86,0.045534,1.01266,0.497983,0.499932,1.026345,0.405581,0.390625,0.295037,0.501411,0.049935,0.201701,0.303162,0.503137,0.402143,0.053177,0.023231,0.005514,0.006319,0.019043,0.002816,0.014734,0.001407,0.005232,4.5e-05,0.000833,0.001746,0.00543,0.003076,0.000226
15140,580,8064,7484,7484,0,0,0,104,22.504093,0.0,19503.136274,685.445707,2572.0502,1964.23413,3011.2,15140,19,76,18894720.0,3187592.6566,20080.8274,9442.6338,276.0107,0.0,0.0,0.0,86,0.043103,1.013015,0.498469,0.501542,1.025291,0.406285,0.389566,0.294667,0.500537,0.050018,0.201936,0.303245,0.503201,0.401609,0.053142,0.022741,0.005499,0.006527,0.018726,0.002898,0.013873,0.001425,0.005152,4.4e-05,0.000834,0.001748,0.005362,0.003102,0.000229
15160,581,8078,7497,7497,0,0,0,98,21.666611,0.0,19427.558836,687.706278,2570.627111,1963.173889,3014.38,15160,19,76,18919680.0,3193521.5866,20111.7255,9459.8608,277.1769,0.0,0.0,0.0,86,0.043029,1.012642,0.49888,0.501245,1.025223,0.40552,0.386916,0.294547,0.50035,0.050108,0.201445,0.303384,0.503579,0.40219,0.052997,0.022656,0.00557,0.006394,0.018003,0.002952,0.013511,0.001394,0.00523,4.4e-05,0.00077,0.001731,0.005318,0.003109,0.000223
15180,588,8099,7511,7511,0,0,0,99,20.437447,0.0,19332.636616,690.916686,2568.645867,1962.478802,2982.61,15180,19,76,18944640.0,3199463.7961,20142.4542,9478.5336,277.9465,0.0,0.0,0.0,86,0.042517,1.013839,0.499293,0.501859,1.026977,0.40548,0.388229,0.294448,0.500406,0.050228,0.201106,0.30416,0.504499,0.402173,0.053167,0.022579,0.005533,0.006553,0.01847,0.002932,0.013796,0.001403,0.005369,4.4e-05,0.000775,0.001783,0.005312,0.003135,0.000233
15200,584,8108,7524,7524,0,0,0,101,20.868691,0.0,19232.598167,693.02005,2566.111259,1966.370162,3007.23,15200,19,76,18969600.0,3205413.1561,20167.7766,9497.5356,278.0427,0.0,0.0,0.0,86,0.044521,1.012387,0.499923,0.501618,1.028612,0.405888,0.389131,0.294588,0.500389,0.050205,0.200928,0.304215,0.504523,0.401414,0.053112,0.022057,0.005508,0.006587,0.018996,0.002897,0.014215,0.001387,0.005332,4.4e-05,0.000784,0.001786,0.00531,0.003113,0.000233
15220,583,8124,7541,7541,0,0,0,101,21.198045,0.0,19128.044706,689.494023,2569.307932,1969.172189,3018.68,15220,19,76,18994560.0,3211362.5161,20192.8861,9514.3838,278.7538,0.0,0.0,0.0,86,0.044597,1.012939,0.498862,0.503242,1.029352,0.406354,0.389286,0.294755,0.499803,0.050262,0.20106,0.304184,0.504631,0.401475,0.053257,0.023401,0.005483,0.007199,0.019141,0.003057,0.014198,0.001405,0.005279,4.4e-05,0.000794,0.001818,0.005506,0.003084,0.000233
15240,574,8135,7561,7561,0,0,0,108,25.775487,0.0,19081.873404,681.88873,2572.335783,1970.790177,3058.89,15240,19,76,19019520.0,3217324.2436,20218.322,9530.9577,278.9756,0.0,0.0,0.0,86,0.043554,1.013831,0.499234,0.503203,1.03099,0.406551,0.390461,0.29462,0.499344,0.050277,0.201344,0.304463,0.50483,0.401457,0.053398,0.024285,0.005524,0.00737,0.01932,0.003106,0.014583,0.001359,0.005242,4.4e-05,0.000851,0.001783,0.005402,0.003233,0.000247
15260,578,8155,7577,7577,0,0,0,110,24.387193,0.0,19081.797981,680.254514,2575.358293,1971.731941,3038.84,15260,19,76,19044480.0,3223288.1536,20243.7579,9548.4159,279.1479,0.0,0.0,0.0,86,0.041522,1.013825,0.498382,0.502674,1.030943,0.40654,0.390022,0.294498,0.499053,0.050195,0.20083,0.304492,0.503121,0.401412,0.053234,0.024223,0.005419,0.007142,0.018997,0.003108,0.014537,0.001363,0.005349,4.4e-05,0.000842,0.001784,0.005613,0.003199,0.000236
15280,582,8175,7593,7593,0,0,0,108,21.561413,0.0,19066.410704,684.56378,2573.874807,1972.232685,3006.64,15280,19,76,19069440.0,3229252.0636,20269.1938,9571.2718,280.2325,0.0,0.0,0.0,86,0.041237,1.012766,0.498399,0.503184,1.030847,0.405924,0.390391,0.294808,0.499558,0.050173,0.200511,0.304932,0.503415,0.400572,0.053034,0.024196,0.005357,0.00715,0.019155,0.003046,0.014796,0.001374,0.00534,4.5e-05,0.000818,0.001753,0.005535,0.00318,0.000236
15300,590,8195,7605,7605,0,0,0,106,20.597783,0.0,19002.482395,694.468946,2564.933272,1972.481161,2981.36,15300,19,76,19094400.0,3235225.4071,20294.6297,9594.4928,281.3756,0.0,0.0,0.0,86,0.040678,1.012839,0.497299,0.502916,1.030448,0.406584,0.391597,0.294972,0.500011,0.050084,0.200646,0.304305,0.502771,0.400064,0.053103,0.024028,0.005447,0.006986,0.019419,0.003086,0.015478,0.001371,0.005381,4.6e-05,0.000868,0.001764,0.005528,0.003189,0.000239
15320,586,8213,7627,7627,0,0,0,112,25.127973,0.0,18890.722472,692.452304,2562.419724,1973.018611,2992.65,15320,19,76,19119360.0,3241208.6296,20319.4175,9617.7485,282.7974,0.0,0.0,0.0,86,0.040956,1.0137,0.498219,0.502332,1.030296,0.406671,0.390237,0.29554,0.498886,0.050058,0.200695,0.304563,0.502974,0.400355,0.053017,0.02426,0.005557,0.006889,0.019557,0.003026,0.015426,0.001381,0.00532,4.5e-05,0.000862,0.001765,0.005574,0.003175,0.00023
15340,576,8220,7644,7644,0,0,0,109,24.113948,0.0,18856.475772,688.486095,2567.399957,1972.825294,3049.03,15340,19,76,19144320.0,3247203.3196,20344.852,9633.9154,283.646,0.0,0.0,0.0,86,0.041667,1.012907,0.496736,0.502349,1.029811,0.407121,0.391115,0.295296,0.499708,0.049936,0.200325,0.304192,0.502779,0.400357,0.052825,0.024571,0.005545,0.006922,0.019184,0.00307,0.015303,0.001383,0.005456,4.5e-05,0.000813,0.00175,0.005523,0.003214,0.000225
15360,582,8235,7653,7653,0,0,0,106,18.669867,0.0,18837.291888,693.883916,2567.446217,1972.740129,3034.08,15360,19,76,19169280.0,3253198.0096,20370.2879,9649.3419,284.1857,0.0,0.0,0.0,86,0.042955,1.012807,0.497424,0.502387,1.028827,0.406902,0.392052,0.294952,0.499992,0.05,0.200222,0.304226,0.50339,0.401005,0.053055,0.024894,0.005454,0.006953,0.019477,0.003082,0.015382,0.001377,0.005489,4.5e-05,0.000807,0.001786,0.005505,0.003253,0.000226
15380,582,8248,7666,7666,0,0,0,106,21.696448,0.0,18798.763776,691.519214,2566.784338,1972.700642,3047.99,15380,19,76,19194240.0,3259192.6996,20395.7238,9662.5183,284.3414,0.0,0.0,0.0,86,0.044674,1.012318,0.497038,0.500743,1.027757,0.407406,0.391983,0.295072,0.500981,0.04996,0.200194,0.304448,0.502672,0.400957,0.053068,0.024731,0.005572,0.006973,0.019343,0.003029,0.015099,0.001393,0.005594,4.5e-05,0.000815,0.001814,0.005505,0.003261,0.000221
15400,579,8260,7681,7681,0,0,0,107,22.554494,0.0,18773.364643,687.132121,2570.313385,1972.680973,3068.85,15400,19,76,19219200.0,3265187.3896,20421.1597,9676.7686,284.7821,0.0,0.0,0.0,86,0.043178,1.012065,0.497225,0.49956,1.027116,0.406998,0.389883,0.294826,0.500339,0.049879,0.199837,0.303625,0.503054,0.400349,0.053,0.023553,0.005575,0.006342,0.019516,0.002939,0.014723,0.001401,0.005652,4.3e-05,0.000816,0.001835,0.005414,0.003167,0.000222
15420,577,8278,7701,7701,0,0,0,107,21.910858,0.0,18823.677818,679.582005,2578.507137,1972.670391,3083.42,15420,19,76,19244160.0,3271201.1116,20446.5956,9693.4575,285.1999,0.0,0.0,0.0,86,0.046794,1.01315,0.495636,0.500323,1.025981,0.406228,0.391615,0.294691,0.499916,0.049802,0.199898,0.303731,0.501994,0.401334,0.052894,0.024768,0.005454,0.006575,0.01896,0.002912,0.015393,0.001456,0.005704,4.2e-05,0.000821,0.001863,0.005512,0.003142,0.00022
15440,580,8295,7715,7715,0,0,0,104,20.438692,0.0,18883.445888,681.904985,2577.656323,1972.664282,3082.75,15440,20,76,19269120.0,3277219.2174,20472.0315,9711.2384,287.0721,0.0,0.0,0.0,86,0.046552,1.014361,0.494527,0.500594,1.025998,0.406609,0.391743,0.295219,0.500246,0.04979,0.199878,0.303611,0.501837,0.401052,0.05283,0.024773,0.005405,0.006525,0.019148,0.002902,0.015243,0.001463,0.005686,4.3e-05,0.000841,0.001815,0.005506,0.003161,0.000225
15460,578,8308,7730,7730,0,0,0,105,22.040751,0.0,18934.405729,683.069356,2574.889893,1972.891624,3072.72,15460,20,76,19294080.0,3283237.6974,20497.2207,9729.711,287.4633,0.0,0.0,0.0,86,0.046713,1.015976,0.495198,0.500531,1.023751,0.406937,0.391812,0.295454,0.500216,0.049792,0.200169,0.303872,0.50099,0.401579,0.052999,0.025193,0.005401,0.006618,0.01873,0.002912,0.015268,0.001473,0.005636,4.3e-05,0.00086,0.001832,0.005555,0.003204,0.000224
15480,573,8319,7746,7746,0,0,0,103,21.879508,0.0,19005.049877,683.021567,2575.098926,1972.971558,3093.87,15480,20,76,19319040.0,3289276.0764,20522.2538,9748.1295,288.9736,0.0,0.0,0.0,86,0.048866,1.0141,0.495321,0.50045,1.023502,0.407092,0.393174,0.295045,0.499573,0.049775,0.200117,0.304104,0.501677,0.401759,0.053112,0.025344,0.005376,0.006617,0.019319,0.002936,0.01558,0.001474,0.005731,4.3e-05,0.000852,0.001845,0.005595,0.003189,0.000226
15500,581,8338,7757,7757,0,0,0,98,19.661665,0.0,19074.590964,686.387247,2573.951088,1972.78971,3061.64,15500,20,76,19344000.0,3295316.6664,20547.6897,9763.5359,289.8538,0.0,0.0,0.0,86,0.049914,1.014878,0.497047,0.500121,1.021019,0.406578,0.394866,0.295247,0.500174,0.049791,0.200815,0.304481,0.502282,0.402084,0.053472,0.025775,0.005506,0.006732,0.019411,0.002922,0.016622,0.001471,0.005816,4.3e-05,0.000919,0.001886,0.005721,0.003311,0.000237
15520,583,8351,7768,7768,0,0,0,98,19.765283,0.0,19093.454292,691.11419,2569.120528,1972.712319,3057.44,15520,20,76,19368960.0,3301357.2564,20573.1256,9781.8613,290.0565,0.0,0.0,0.0,86,0.049743,1.013964,0.496378,0.500469,1.020357,0.406271,0.393902,0.29508,0.49969,0.04987,0.201121,0.304211,0.502129,0.402435,0.053378,0.025455,0.005472,0.006631,0.019305,0.002901,0.016564,0.001474,0.005833,4.4e-05,0.000905,0.001919,0.005688,0.003274,0.000241
15540,575,8365,7790,7790,0,0,0,109,24.819227,0.0,19152.888694,679.906542,2575.274231,1972.679184,3088.22,15540,20,76,19393920.0,3307397.8463,20598.5615,9798.0982,290.2818,0.0,0.0,0.0,86,0.045217,1.013547,0.496329,0.501113,1.020679,0.406658,0.393833,0.295269,0.499662,0.04984,0.201371,0.304035,0.500595,0.401133,0.053205,0.024986,0.005353,0.006503,0.018988,0.002784,0.016193,0.001439,0.005838,4.5e-05,0.000903,0.001919,0.005622,0.003245,0.00024
15560,576,8376,7800,7800,0,0,0,104,19.71833,0.0,19241.085434,685.293597,2574.988073,1972.664927,3075.21,15560,20,76,19418880.0,3313438.4363,20623.9974,9814.5559,291.2064,0.0,0.0,0.0,86,0.045139,1.013269,0.496294,0.501684,1.022659,0.407241,0.394267,0.295305,0.499548,0.049889,0.201337,0.304018,0.50151,0.401345,0.053249,0.025159,0.005489,0.006471,0.019574,0.002937,0.016632,0.001443,0.005847,4.4e-05,0.000906,0.001913,0.005681,0.003266,0.00024
15580,572,8391,7819,7819,0,0,0,111,22.964504,0.0,19330.592385,676.749539,2580.285957,1972.658756,3097.87,15580,20,76,19443840.0,3319489.3088,20649.4334,9830.3817,292.0377,0.0,0.0,0.0,86,0.041958,1.010137,0.496357,0.501041,1.025317,0.406872,0.393082,0.295258,0.499715,0.050093,0.20158,0.303808,0.501866,0.401549,0.053267,0.023235,0.005508,0.00619,0.019527,0.002943,0.016256,0.001461,0.006032,4.6e-05,0.000891,0.001917,0.005456,0.003276,0.000243
15600,578,8406,7828,7828,0,0,0,107,19.516742,0.0,19447.994909,682.832614,2577.650644,1972.656065,3065.51,15600,20,76,19468800.0,3325557.3188,20674.8693,9847.6787,292.5989,0.0,0.0,0.0,86,0.041522,1.010157,0.49584,0.501711,1.02429,0.407561,0.394171,0.294868,0.49985,0.050054,0.201122,0.303944,0.501482,0.401253,0.053163,0.023419,0.005566,0.006162,0.01954,0.002976,0.016255,0.001447,0.006008,4.8e-05,0.000852,0.00192,0.005349,0.003301,0.00024
15620,581,8426,7845,7845,0,0,0,115,21.842107,0.0,19552.180901,681.196366,2576.961527,1972.408709,3060.33,15620,20,76,19493760.0,3331625.3288,20700.5822,9864.9718,293.6277,0.0,0.0,0.0,86,0.04475,1.010737,0.49623,0.500943,1.025249,0.407305,0.395391,0.295372,0.499449,0.050063,0.200849,0.303292,0.501321,0.402012,0.053138,0.024017,0.00553,0.006332,0.020174,0.002968,0.01709,0.001431,0.005923,4.7e-05,0.000849,0.001915,0.005423,0.003196,0.000245
15640,586,8444,7858,7858,0,0,0,110,21.78164,0.0,19596.115471,690.388419,2567.829941,1971.026844,3045.79,15640,20,76,19518720.0,3337693.3388,20728.1059,9887.4937,294.56,0.0,0.0,0.0,86,0.042662,1.012991,0.496341,0.502109,1.025467,0.407299,0.39524,0.295353,0.49876,0.050086,0.200969,0.303191,0.50145,0.40103,0.053111,0.023835,0.005652,0.006289,0.020028,0.002985,0.016915,0.001434,0.005941,4.7e-05,0.000841,0.001895,0.005413,0.003153,0.000244
15660,578,8451,7873,7873,0,0,0,108,21.678935,0.0,19628.800213,692.358598,2565.962466,1969.48552,3093.73,15660,20,76,19543680.0,3343761.3488,20756.9441,9906.4211,295.0264,0.0,0.0,0.0,86,0.044983,1.013997,0.496088,0.501672,1.024932,0.407154,0.395405,0.295985,0.499115,0.050078,0.201255,0.303474,0.502896,0.401715,0.05329,0.024837,0.005708,0.006604,0.019998,0.002989,0.017047,0.001493,0.006045,4.7e-05,0.000842,0.001907,0.005447,0.003147,0.000249
15680,580,8463,7883,7883,0,0,0,107,22.092846,0.0,19660.312386,692.280172,2565.626983,1968.569638,3097.17,15680,19,76,19568640.0,3349829.3588,20786.0781,9918.9638,295.0264,0.0,0.0,0.0,86,0.046552,1.015094,0.495322,0.502438,1.024386,0.40706,0.39639,0.296262,0.498966,0.05011,0.201267,0.303455,0.503033,0.401634,0.053259,0.024841,0.005451,0.006757,0.019286,0.002992,0.017574,0.001544,0.00588,4.7e-05,0.000843,0.001907,0.005425,0.003167,0.000248
15700,588,8478,7890,7890,0,0,0,104,19.659553,0.0,19655.866888,698.596229,2561.744217,1968.108582,3069.74,15700,19,76,19593600.0,3355897.3688,20815.212,9933.4942,295.4433,0.0,0.0,0.0,86,0.045918,1.015603,0.496046,0.502405,1.024167,0.407318,0.395475,0.296309,0.498659,0.050075,0.201514,0.303271,0.503534,0.401279,0.0534,0.025016,0.005428,0.00669,0.019594,0.002994,0.017366,0.001544,0.005849,4.7e-05,0.000865,0.001896,0.005461,0.003171,0.000246
15720,589,8491,7902,7902,0,0,0,103,19.295195,0.0,19601.657403,702.158892,2558.545912,1967.871563,3074.57,15720,19,76,19618560.0,3361965.3788,20844.346,9950.1129,296.1949,0.0,0.0,0.0,86,0.04584,1.017813,0.495413,0.502171,1.024147,0.407014,0.395651,0.295625,0.499106,0.050048,0.201489,0.30369,0.503684,0.40069,0.053236,0.025093,0.005379,0.006654,0.019487,0.002995,0.017492,0.001533,0.005783,4.6e-05,0.000862,0.001908,0.005469,0.003162,0.000237
15740,596,8505,7909,7909,0,0,0,99,16.823648,0.0,19514.196858,708.940925,2554.235427,1967.748403,3055.96,15740,19,76,19643520.0,3368033.3888,20873.48,9965.8922,296.4311,0.0,0.0,0.0,86,0.045302,1.016462,0.49622,0.501529,1.022862,0.406179,0.394645,0.295665,0.499082,0.05008,0.201292,0.303818,0.503576,0.401027,0.05338,0.025005,0.005475,0.006526,0.019185,0.003021,0.01732,0.001508,0.005798,4.6e-05,0.000867,0.001865,0.005513,0.003204,0.000241
15760,590,8520,7930,7930,0,0,0,101,19.090449,0.0,19416.437149,701.632629,2559.276921,1967.684051,3089.69,15760,19,76,19668480.0,3374095.9373,20902.6139,9983.2116,296.9632,0.0,0.0,0.0,86,0.052542,1.016443,0.496002,0.500517,1.024453,0.406092,0.397567,0.295361,0.499061,0.050044,0.200991,0.303785,0.503697,0.401185,0.053309,0.025558,0.005443,0.006701,0.019375,0.003016,0.018224,0.001503,0.005811,4.5e-05,0.000867,0.001858,0.005515,0.003127,0.000244
15780,587,8534,7947,7947,0,0,0,102,19.793809,0.0,19386.526431,698.007762,2562.19843,1967.650328,3098.47,15780,19,76,19693440.0,3380161.9568,20931.7479,9999.6535,297.7642,0.0,0.0,0.0,86,0.051107,1.015298,0.496931,0.499772,1.025006,0.406117,0.395866,0.295342,0.497905,0.049999,0.201038,0.304128,0.504377,0.401063,0.053224,0.024981,0.005389,0.006731,0.01961,0.002989,0.017867,0.001496,0.005679,4.5e-05,0.000876,0.001853,0.005567,0.003051,0.000242
15800,587,8549,7962,7962,0,0,0,101,19.339527,0.0,19404.851424,696.223272,2564.437201,1967.63263,3112.94,15800,19,76,19718400.0,3386248.7168,20960.8819,10015.7677,299.0124,0.0,0.0,0.0,86,0.051107,1.015323,0.496223,0.499717,1.025718,0.406136,0.397046,0.295468,0.498796,0.049833,0.200894,0.303516,0.503738,0.4005,0.053188,0.024627,0.00545,0.006786,0.019684,0.003016,0.017928,0.001552,0.005918,4.5e-05,0.00088,0.001818,0.00554,0.003168,0.000235
15820,584,8565,7981,7981,0,0,0,109,24.50054,0.0,19435.928692,690.301817,2565.197642,1967.623334,3140.66,15820,19,76,19743360.0,3392335.4768,20990.0158,10033.0116,299.3141,0.0,0.0,0.0,86,0.049658,1.014339,0.495828,0.501702,1.024291,0.406405,0.397123,0.295356,0.497686,0.049869,0.20096,0.304777,0.503129,0.400735,0.053207,0.024635,0.005464,0.007059,0.019926,0.003064,0.017692,0.001548,0.005856,4.6e-05,0.000873,0.001836,0.005525,0.003268,0.000234
15840,583,8580,7997,7997,0,0,0,109,23.83671,0.0,19500.044402,687.891204,2568.272086,1967.618449,3159.08,15840,19,76,19768320.0,3398422.2368,21019.1498,10051.0397,300.1784,0.0,0.0,0.0,86,0.049743,1.01057,0.494165,0.499758,1.024559,0.405816,0.398147,0.294231,0.498179,0.049845,0.201429,0.304774,0.50395,0.399996,0.053333,0.023711,0.00537,0.006743,0.019682,0.003091,0.017989,0.001508,0.005949,4.7e-05,0.000893,0.001845,0.005619,0.003281,0.000239
15860,581,8590,8009,8009,0,0,0,109,22.345876,0.0,19581.393019,689.348666,2568.305459,1967.615881,3163.91,15860,19,76,19793280.0,3404508.9968,21048.2838,10067.3265,300.5527,0.0,0.0,0.0,86,0.051635,1.009144,0.494141,0.499878,1.026355,0.405369,0.399092,0.294207,0.497753,0.049914,0.201914,0.303923,0.504396,0.400479,0.053507,0.023799,0.005378,0.006749,0.019848,0.003136,0.018176,0.001547,0.006092,4.7e-05,0.00094,0.00183,0.005579,0.00328,0.000243
15880,580,8606,8026,8026,0,0,0,113,24.449204,0.0,19661.262705,685.932178,2569.618618,1967.614532,3165.23,15880,19,76,19818240.0,3410595.7568,21077.4178,10083.355,300.8906,0.0,0.0,0.0,86,0.05,1.009359,0.495204,0.499716,1.027316,0.405537,0.397905,0.294225,0.49851,0.049863,0.201904,0.303952,0.504759,0.400586,0.053502,0.024011,0.005374,0.006745,0.020198,0.003136,0.018067,0.001535,0.005872,4.6e-05,0.000944,0.001852,0.005704,0.003286,0.000241
15900,580,8620,8040,8040,0,0,0,103,21.201636,0.0,19767.166243,685.590578,2573.207785,1967.613822,3168.19,15900,19,76,19843200.0,3416682.5168,21106.5517,10098.9015,301.3278,0.0,0.0,0.0,86,0.05,1.010794,0.494752,0.499646,1.026168,0.406032,0.398203,0.293862,0.499511,0.049793,0.20221,0.303608,0.504808,0.40037,0.05312,0.023499,0.005398,0.006807,0.020196,0.003124,0.018039,0.00156,0.005852,4.6e-05,0.000942,0.001878,0.00565,0.003242,0.000239
15920,578,8634,8056,8056,0,0,0,107,24.078484,0.0,19884.687177,683.401807,2572.519709,1967.613449,3182.77,15920,19,76,19868160.0,3422793.9188,21135.6857,10116.4228,301.8197,0.0,0.0,0.0,86,0.048443,1.01007,0.495761,0.500472,1.026915,0.405688,0.396229,0.293111,0.498633,0.049843,0.202484,0.304097,0.503879,0.400837,0.053215,0.023649,0.005455,0.006836,0.020381,0.003179,0.017218,0.001516,0.00591,4.5e-05,0.000953,0.001894,0.005639,0.003174,0.000236
15940,578,8642,8064,8064,0,0,0,97,18.668873,0.0,20032.49535,688.214464,2573.116663,1967.613253,3175.89,15940,20,76,19893120.0,3428919.8588,21164.8197,10130.4879,302.1137,0.0,0.0,0.0,86,0.048443,1.011064,0.495409,0.499928,1.026756,0.406276,0.396759,0.293308,0.49888,0.049878,0.202401,0.303757,0.503242,0.401316,0.05313,0.023764,0.005455,0.006846,0.020353,0.003225,0.017191,0.001491,0.005756,4.4e-05,0.000925,0.001882,0.005657,0.003177,0.000238
15960,578,8654,8076,8076,0,0,0,92,18.772531,0.0,20158.610074,688.939084,2572.288386,1967.61315,3164.52,15960,20,76,19918080.0,3435045.7988,21193.9536,10144.7585,302.7937,0.0,0.0,0.0,86,0.048443,1.011614,0.495811,0.498957,1.025086,0.406432,0.396073,0.293617,0.498782,0.049837,0.202083,0.30316,0.502802,0.401358,0.0532,0.023697,0.005376,0.006676,0.019229,0.003112,0.017053,0.001478,0.005693,4.4e-05,0.000927,0.00184,0.005567,0.003179,0.000242
15980,578,8669,8091,8091,0,0,0,94,18.064193,0.0,20307.345463,686.62066,2575.315148,1969.763515,3152.12,15980,20,76,19943040.0,3441171.7388,21220.5141,10159.8081,303.1808,0.0,0.0,0.0,86,0.048443,1.013862,0.495726,0.498751,1.024895,0.406471,0.397582,0.293504,0.498458,0.04991,0.202413,0.30266,0.502914,0.402435,0.053231,0.024193,0.00546,0.006729,0.01944,0.003198,0.017148,0.001465,0.005872,4.4e-05,0.000976,0.001845,0.005588,0.00323,0.000245
16000,591,8690,8099,8099,0,0,0,91,17.352736,0.0,20375.150935,695.146457,2567.500807,1971.407583,3093.87,16000,20,76,19968000.0,3447297.6788,21246.4312,10178.4343,303.2592,0.0,0.0,0.0,86,0.050761,1.012987,0.495875,0.498721,1.024704,0.405949,0.397658,0.294599,0.497687,0.049929,0.202487,0.302598,0.503041,0.40223,0.053113,0.024717,0.005607,0.006602,0.019366,0.003109,0.017618,0.001488,0.00596,4.4e-05,0.001014,0.00184,0.005592,0.003156,0.00025
16020,592,8711,8119,8119,0,0,0,99,21.935974,0.0,20400.593594,692.758866,2565.30516,1972.296083,3095.87,16020,20,76,19992960.0,3453423.6188,21272.3483,10200.0932,304.4119,0.0,0.0,0.0,86,0.050676,1.010195,0.495232,0.499619,1.024512,0.40573,0.397788,0.294974,0.499196,0.050014,0.202141,0.302922,0.502863,0.402404,0.053265,0.025093,0.005755,0.006909,0.019401,0.003061,0.017726,0.001472,0.006012,4.5e-05,0.000984,0.001866,0.005568,0.003245,0.000251
16040,589,8723,8134,8134,0,0,0,97,19.9675,0.0,20422.818336,699.138479,2560.894021,1972.757628,3122.39,16040,20,76,20017920.0,3459558.1853,21298.2654,10223.51,304.8134,0.0,0.0,0.0,86,0.049236,1.011611,0.495491,0.500129,1.02246,0.406262,0.396387,0.295182,0.4988,0.050049,0.202079,0.302911,0.502778,0.403801,0.053323,0.02502,0.005785,0.006851,0.019519,0.003022,0.017348,0.001472,0.006061,4.4e-05,0.00095,0.001877,0.005401,0.003247,0.000245
16060,594,8741,8147,8147,0,0,0,95,20.881831,0.0,20440.444091,701.745297,2557.372873,1972.992452,3111.68,16060,20,76,20042880.0,3465722.4458,21324.1825,10241.7457,305.3968,0.0,0.0,0.0,86,0.047138,1.010232,0.494872,0.500285,1.023722,0.4053,0.396104,0.295595,0.499137,0.049992,0.201925,0.302736,0.503023,0.403164,0.053215,0.024922,0.005763,0.006666,0.020062,0.003051,0.017472,0.001463,0.006114,4.5e-05,0.000931,0.001831,0.005424,0.003321,0.000248
16080,593,8752,8159,8159,0,0,0,98,18.988135,0.0,20475.194176,704.345096,2556.666769,1973.110658,3102.66,16080,20,76,20067840.0,3471890.0858,21350.0996,10259.0333,305.7812,0.0,0.0,0.0,86,0.048904,1.010372,0.49565,0.50012,1.025342,0.405018,0.396787,0.295358,0.498882,0.049959,0.20134,0.30266,0.503404,0.403132,0.053377,0.025067,0.005776,0.006784,0.020384,0.00306,0.017904,0.001442,0.00611,4.4e-05,0.00091,0.00183,0.005412,0.003318,0.000249
16100,593,8763,8170,8170,0,0,0,96,18.871928,0.0,20490.574793,705.344032,2555.78404,1973.169843,3117.97,16100,20,76,20092800.0,3478057.7258,21376.0167,10272.9031,305.9817,0.0,0.0,0.0,86,0.05059,1.013115,0.49531,0.499635,1.024423,0.405589,0.398202,0.295095,0.498651,0.050071,0.201463,0.303233,0.504685,0.402517,0.053411,0.025593,0.005741,0.006762,0.020472,0.003034,0.018463,0.00145,0.006132,4.5e-05,0.000951,0.001848,0.005532,0.003287,0.000244
16120,601,8784,8183,8183,0,0,0,98,19.656444,0.0,20463.704338,707.100425,2553.243131,1973.904191,3090.39,16120,20,76,20117760.0,3484225.3658,21401.1942,10291.0893,306.3745,0.0,0.0,0.0,86,0.046589,1.012669,0.495272,0.500734,1.024549,0.405718,0.396774,0.29493,0.498955,0.050134,0.201497,0.303221,0.504633,0.403197,0.053337,0.025505,0.005667,0.007092,0.020428,0.002981,0.017675,0.001469,0.006122,4.5e-05,0.00094,0.001851,0.005602,0.003365,0.000244
16140,605,8802,8197,8197,0,0,0,102,19.30289,0.0,20412.786825,714.357328,2546.339782,1976.283815,3075.8,16140,20,76,20142720.0,3490408.3958,21423.4132,10314.0953,306.8088,0.0,0.0,0.0,86,0.046281,1.015974,0.495611,0.501234,1.024802,0.406188,0.400709,0.294692,0.499742,0.050012,0.201905,0.30283,0.504273,0.402136,0.05354,0.025665,0.005719,0.00712,0.020469,0.003008,0.019886,0.001437,0.006185,4.6e-05,0.001012,0.001862,0.005619,0.003528,0.000245
16160,610,8822,8212,8212,0,0,0,102,17.935769,0.0,20337.333058,721.317911,2540.74632,1977.397365,3058.97,16160,20,76,20167680.0,3496620.8528,21445.6322,10338.072,307.9385,0.0,0.0,0.0,86,0.045902,1.01614,0.495041,0.501298,1.024712,0.406738,0.401479,0.294424,0.499659,0.049972,0.201931,0.302475,0.503856,0.401712,0.053361,0.025256,0.005569,0.006989,0.020708,0.003021,0.019939,0.001454,0.006064,4.5e-05,0.00102,0.001858,0.00562,0.00347,0.000243
16180,607,8837,8230,8230,0,0,0,107,19.133689,0.0,20284.092933,722.377597,2538.488715,1977.892518,3080.08,16180,20,76,20192640.0,3502885.1828,21467.8513,10359.4243,309.0534,0.0,0.0,0.0,86,0.046129,1.019635,0.496528,0.501509,1.026807,0.406354,0.401707,0.294635,0.499981,0.04999,0.201783,0.301844,0.503989,0.402387,0.053394,0.02595,0.00567,0.007078,0.020191,0.00303,0.019902,0.001464,0.006084,4.6e-05,0.001011,0.001832,0.005536,0.003453,0.000247
16200,604,8857,8253,8253,0,0,0,113,24.57625,0.0,20272.96203,711.588917,2543.834833,1978.107695,3093.69,16200,20,76,20217600.0,3509149.5128,21490.0703,10377.7637,309.366,0.0,0.0,0.0,86,0.048013,1.01807,0.496664,0.50042,1.025063,0.406675,0.400947,0.294449,0.501174,0.049808,0.202247,0.300486,0.503721,0.401523,0.053207,0.025048,0.005472,0.007003,0.020465,0.002994,0.019606,0.001512,0.006057,4.5e-05,0.001032,0.001769,0.005302,0.003386,0.000243
16220,604,8872,8268,8268,0,0,0,110,22.420117,0.0,20288.166706,716.04696,2541.532922,1978.20028,3087.87,16220,19,76,20242560.0,3515433.9743,21512.2894,10400.148,310.341,0.0,0.0,0.0,86,0.051325,1.016647,0.497064,0.499969,1.02522,0.405638,0.401682,0.294539,0.49984,0.049823,0.202142,0.300692,0.50476,0.402435,0.053179,0.024628,0.005492,0.006994,0.020897,0.002931,0.019627,0.001536,0.006078,4.4e-05,0.001026,0.001789,0.00528,0.003342,0.000236
16240,610,8891,8281,8281,0,0,0,109,22.201553,0.0,20269.375339,720.299555,2537.498892,1978.239953,3066.74,16240,19,76,20267520.0,3521721.0708,21534.5084,10419.931,310.8523,0.0,0.0,0.0,86,0.05082,1.014277,0.497016,0.498561,1.025042,0.405415,0.401895,0.294241,0.499448,0.04985,0.202334,0.301068,0.503636,0.402632,0.053157,0.025134,0.005478,0.006951,0.020627,0.002974,0.019117,0.001505,0.00598,4.5e-05,0.001026,0.001797,0.005449,0.003391,0.000237
16260,619,8909,8290,8290,0,0,0,105,21.022248,0.0,20214.379069,728.700158,2530.277594,1978.256926,3038.03,16260,19,76,20292480.0,3528015.8358,21556.7274,10440.8549,311.2092,0.0,0.0,0.0,86,0.050081,1.010558,0.497544,0.498506,1.025181,0.405992,0.401975,0.294721,0.498499,0.049965,0.202773,0.301535,0.504084,0.402576,0.052954,0.024895,0.005639,0.006714,0.021093,0.003126,0.019458,0.001511,0.005907,4.5e-05,0.001093,0.001825,0.005774,0.003344,0.00024
16280,614,8923,8309,8309,0,0,0,109,26.16532,0.0,20135.701637,725.934179,2527.9005,1977.127947,3034.81,16280,20,76,20317440.0,3534317.5245,21580.3633,10460.1728,312.0655,0.0,0.0006,0.0,86,0.053746,1.010792,0.497676,0.497371,1.02535,0.406254,0.406673,0.294427,0.498577,0.050015,0.203031,0.301823,0.50549,0.402689,0.053337,0.025171,0.005733,0.006693,0.021926,0.003356,0.020764,0.001545,0.006094,4.6e-05,0.001144,0.001867,0.006068,0.003329,0.000251
16300,611,8931,8320,8320,0,0,0,106,21.731048,0.0,20104.315077,728.422697,2529.846255,1975.404368,3052.39,16300,20,76,20342400.0,3540619.3545,21605.3886,10476.0681,312.2501,0.0,0.0006,0.0,86,0.05401,1.010124,0.497745,0.497605,1.02409,0.405635,0.405892,0.294202,0.497621,0.050133,0.203032,0.301991,0.506032,0.402826,0.053405,0.025244,0.005711,0.006688,0.021897,0.003322,0.020586,0.001536,0.005972,4.4e-05,0.001148,0.001862,0.006123,0.003266,0.000252
16320,612,8945,8333,8333,0,0,0,101,21.501949,0.0,20074.626612,724.882079,2533.615972,1973.896008,3062.09,16320,20,76,20367360.0,3546921.1845,21631.1121,10487.9313,312.8912,0.0,0.0006,0.0,86,0.053922,1.006865,0.497461,0.496955,1.025103,0.405359,0.405861,0.294164,0.498163,0.050152,0.20269,0.302503,0.506192,0.402996,0.053446,0.025626,0.005745,0.006524,0.022529,0.003361,0.020852,0.00154,0.005943,4.4e-05,0.001111,0.001884,0.006187,0.00329,0.000252
16340,608,8957,8349,8349,0,0,0,101,21.053708,0.0,20077.267652,719.705913,2539.240379,1972.674134,3069.13,16340,20,76,20392320.0,3553223.0145,21656.988,10501.7169,313.7833,0.0,0.0006,0.0,86,0.052632,1.007472,0.496309,0.497147,1.025688,0.405267,0.405412,0.294018,0.498414,0.050162,0.203091,0.30251,0.505243,0.402995,0.05338,0.025679,0.005733,0.006707,0.022564,0.003362,0.020496,0.001592,0.005894,4.5e-05,0.001111,0.0019,0.006091,0.003314,0.000251
16360,604,8972,8368,8368,0,0,0,103,24.979799,0.0,20084.763941,714.283326,2540.736875,1971.761616,3101.97,16360,20,76,20417280.0,3559524.8445,21683.0322,10518.2154,314.8478,0.0,0.0006,0.0,86,0.048013,1.006576,0.494621,0.499466,1.026741,0.407062,0.40465,0.294592,0.498387,0.050263,0.203464,0.302324,0.505319,0.402712,0.053324,0.025987,0.005693,0.007109,0.022158,0.003342,0.020326,0.00159,0.005763,4.6e-05,0.00118,0.001972,0.006124,0.003332,0.000249
16380,607,8991,8384,8384,0,0,0,103,21.605283,0.0,20134.066721,711.904381,2546.490336,1971.144241,3100.41,16380,20,76,20442240.0,3565826.6745,21709.0763,10535.9438,315.8738,0.0,0.0006,0.0,86,0.047776,1.004806,0.494866,0.498436,1.026091,0.406623,0.40398,0.294591,0.498653,0.050259,0.203483,0.302102,0.507335,0.40374,0.053292,0.025099,0.005827,0.006854,0.022457,0.003396,0.020064,0.001592,0.005909,4.5e-05,0.001173,0.001991,0.006008,0.003393,0.000248
16400,614,9011,8397,8397,0,0,0,102,20.577689,0.0,20155.114888,717.423675,2541.998636,1970.71267,3059.42,16400,20,76,20467200.0,3572130.057,21735.1205,10555.6148,316.9271,0.0,0.0006,0.0,86,0.047231,1.007518,0.495585,0.499201,1.027078,0.406528,0.404459,0.294447,0.497682,0.050305,0.203768,0.302697,0.506952,0.403867,0.053382,0.02607,0.005876,0.006997,0.022651,0.00339,0.019853,0.001606,0.005818,4.7e-05,0.001163,0.002011,0.005986,0.003417,0.000255
16420,610,9020,8410,8410,0,0,0,98,17.765982,0.0,20187.62866,721.482047,2540.751971,1970.404428,3075.67,16420,20,76,20492160.0,3578442.237,21761.1636,10574.7309,317.7268,0.0,0.0006,0.0,86,0.047541,1.006715,0.495253,0.499487,1.026707,0.406014,0.405077,0.294689,0.497774,0.050329,0.203529,0.302887,0.507477,0.404174,0.053538,0.026233,0.00588,0.006953,0.022565,0.003376,0.020178,0.0016,0.005729,4.7e-05,0.001128,0.001997,0.005917,0.003439,0.000252
16440,608,9034,8426,8426,0,0,0,106,24.838911,0.0,20175.054695,719.341912,2535.819177,1969.359113,3072.28,16440,20,76,20517120.0,3584754.417,21788.2043,10589.9794,318.3977,0.0,0.0006,0.0,86,0.049342,1.009725,0.494807,0.499072,1.029169,0.40508,0.406679,0.294619,0.497252,0.050344,0.203183,0.302765,0.507055,0.404282,0.053698,0.027035,0.005877,0.006925,0.022897,0.003429,0.021018,0.001619,0.005735,4.8e-05,0.00113,0.00199,0.005861,0.003399,0.000258
16460,600,9047,8447,8447,0,0,0,114,28.015499,0.0,20227.184708,707.506462,2544.478039,1968.024952,3101.32,16460,20,76,20542080.0,3591066.597,21816.331,10604.688,319.1657,0.0,0.0006,0.0,86,0.048333,1.008487,0.495399,0.499629,1.028506,0.406091,0.406131,0.294761,0.497236,0.050366,0.203473,0.30245,0.506875,0.404403,0.053766,0.027062,0.005797,0.006862,0.022948,0.003465,0.020787,0.001595,0.005807,4.9e-05,0.001187,0.001974,0.005838,0.003427,0.000259
16480,605,9068,8463,8463,0,0,0,113,26.229291,0.0,20319.509206,707.749131,2546.021578,1966.586879,3074.47,16480,20,76,20567040.0,3597383.4585,21845.3007,10622.7163,320.1743,0.0,0.0006,0.0,86,0.05124,1.009549,0.493899,0.498111,1.028291,0.40657,0.410719,0.295435,0.496262,0.05031,0.203752,0.301601,0.506685,0.405281,0.053846,0.027237,0.005825,0.006798,0.022943,0.003481,0.022165,0.001628,0.005841,4.9e-05,0.001215,0.001988,0.005931,0.003582,0.000262
16500,607,9083,8476,8476,0,0,0,113,25.547074,0.0,20365.677776,715.959148,2538.493777,1967.754256,3080.42,16500,20,76,20592000.0,3603700.2585,21872.0018,10645.629,320.6223,0.0,0.0006,0.0,86,0.052718,1.010404,0.494116,0.498253,1.028237,0.406827,0.411738,0.295225,0.497311,0.050322,0.203636,0.301929,0.507693,0.405512,0.05395,0.027512,0.005801,0.006762,0.02278,0.003472,0.022058,0.001613,0.005917,5e-05,0.001201,0.002034,0.005963,0.003587,0.000268
16520,602,9091,8489,8489,0,0,0,113,25.685317,0.0,20396.274865,719.09587,2535.218813,1967.489983,3105.56,16520,20,76,20616960.0,3610017.0585,21900.1181,10663.6537,320.925,0.0,0.0006,0.0,86,0.051495,1.013193,0.494429,0.49911,1.029524,0.407046,0.411077,0.295478,0.498148,0.050291,0.203454,0.302081,0.508232,0.404931,0.05386,0.029027,0.005898,0.007011,0.022561,0.003491,0.021974,0.001588,0.005903,5e-05,0.001176,0.002025,0.00607,0.003533,0.000267
16540,601,9101,8500,8500,0,0,0,112,24.561944,0.0,20430.784971,717.785501,2537.652555,1966.979597,3126.66,16540,20,76,20641920.0,3616333.8585,21928.7758,10675.4357,321.8594,0.0,0.0006,0.0,86,0.053245,1.013315,0.49437,0.499337,1.029794,0.406421,0.412376,0.295417,0.496895,0.050272,0.202946,0.302376,0.507247,0.405092,0.054056,0.029126,0.005859,0.007092,0.022523,0.003493,0.022283,0.001595,0.006006,5e-05,0.001191,0.002031,0.006169,0.003513,0.000272
16560,606,9125,8519,8519,0,0,0,113,25.714447,0.0,20492.28035,710.938486,2543.347066,1969.632952,3087.77,16560,20,76,20666880.0,3622667.0025,21953.7998,10691.6351,322.6346,0.0,0.0006,0.0,86,0.051155,1.013095,0.495494,0.49864,1.029924,0.406431,0.410616,0.295765,0.496312,0.050192,0.203058,0.30142,0.507027,0.405536,0.053946,0.028974,0.005941,0.007014,0.022108,0.003535,0.021706,0.001619,0.006083,4.9e-05,0.001243,0.001969,0.006258,0.003574,0.000271
16580,606,9141,8535,8535,0,0,0,107,21.895921,0.0,20582.918212,713.29224,2544.811839,1971.273703,3090.66,16580,20,76,20691840.0,3629004.2325,21978.8237,10713.6331,323.4767,0.0,0.0006,0.0,86,0.049505,1.012729,0.495153,0.498319,1.028204,0.407239,0.41077,0.295534,0.496484,0.050072,0.203274,0.301981,0.507352,0.405193,0.053902,0.028021,0.006064,0.006826,0.022443,0.003545,0.021337,0.001608,0.006209,4.9e-05,0.001254,0.001964,0.006232,0.003577,0.000267
16600,608,9158,8550,8550,0,0,0,109,22.357081,0.0,20631.460171,719.490775,2538.152144,1971.223662,3082.12,16600,20,76,20716800.0,3635341.4625,22005.0126,10736.5806,324.1877,0.0,0.0006,0.0,86,0.050987,1.016462,0.494141,0.497406,1.028665,0.407531,0.412697,0.2947,0.497467,0.049854,0.203265,0.302024,0.507224,0.404797,0.053779,0.02824,0.006053,0.006919,0.022474,0.003576,0.021966,0.001642,0.006235,4.8e-05,0.001246,0.001967,0.006281,0.00365,0.000259
16620,613,9176,8563,8563,0,0,0,101,19.567731,0.0,20677.57716,725.141244,2535.291026,1969.156164,3070.05,16620,20,76,20741760.0,3641694.6015,22033.8099,10756.9159,324.361,0.0,0.0006,0.0,86,0.04894,1.016742,0.494844,0.498651,1.03145,0.408676,0.411904,0.294135,0.497409,0.049891,0.202886,0.301496,0.506849,0.404025,0.053842,0.027594,0.006075,0.007015,0.023149,0.003501,0.02169,0.001685,0.006126,4.8e-05,0.001271,0.001982,0.006177,0.003579,0.000254
16640,618,9188,8570,8570,0,0,0,103,20.233288,0.0,20658.613961,736.996326,2522.770385,1966.171106,3063.09,16640,20,76,20766720.0,3648065.5515,22065.3129,10778.069,324.3961,0.0,0.0006,0.0,86,0.050162,1.015047,0.495548,0.498811,1.032002,0.408658,0.411626,0.294431,0.4972,0.049876,0.202685,0.301924,0.506699,0.404363,0.053901,0.027409,0.006077,0.00699,0.023168,0.003525,0.021765,0.001701,0.006115,4.7e-05,0.001272,0.002017,0.006172,0.00361,0.000259
16660,619,9205,8586,8586,0,0,0,102,18.918796,0.0,20639.662738,735.385258,2525.695946,1963.58433,3050.24,16660,20,76,20791680.0,3654452.712,22098.228,10795.9567,324.7301,0.0,0.0006,0.0,86,0.053312,1.01481,0.493972,0.498008,1.033344,0.408168,0.41327,0.293506,0.496253,0.049717,0.202693,0.301893,0.507201,0.404528,0.05404,0.0261,0.006035,0.006752,0.023262,0.003607,0.021998,0.001694,0.006336,4.8e-05,0.001251,0.002054,0.00619,0.003728,0.000263
16680,615,9217,8602,8602,0,0,0,103,21.116784,0.0,20653.869815,729.036139,2529.847077,1962.085088,3074.03,16680,20,76,20816640.0,3660854.022,22131.2814,10809.8723,324.8794,0.0,0.0006,0.0,86,0.052033,1.015104,0.493462,0.497699,1.033838,0.408171,0.412999,0.293734,0.49568,0.049736,0.203031,0.302044,0.505923,0.404187,0.054093,0.027131,0.005962,0.006875,0.023467,0.003601,0.02181,0.001746,0.006203,4.8e-05,0.001259,0.002017,0.006185,0.003736,0.000265
16700,623,9236,8613,8613,0,0,0,103,21.527156,0.0,20657.780092,735.046984,2523.42586,1960.860327,3049.32,16700,20,76,20841600.0,3667265.2005,22164.7199,10828.4718,325.6831,0.0,0.0006,0.0,86,0.051364,1.014794,0.494796,0.498527,1.034641,0.407622,0.41125,0.293653,0.496615,0.049795,0.202952,0.301761,0.505953,0.404047,0.053936,0.026658,0.006004,0.006909,0.023403,0.003569,0.021344,0.001707,0.006174,4.7e-05,0.001266,0.002013,0.006089,0.003801,0.000262
16720,620,9252,8632,8632,0,0,0,104,21.214857,0.0,20658.342395,733.10802,2525.677123,1958.785745,3052.45,16720,20,76,20866560.0,3673678.1205,22199.9547,10848.4018,326.6337,0.0,0.0006,0.0,86,0.051613,1.01682,0.495308,0.498919,1.0319,0.408312,0.410258,0.293927,0.496831,0.049885,0.203198,0.301518,0.504402,0.404687,0.053943,0.027101,0.006,0.006819,0.023067,0.003603,0.021155,0.001748,0.006173,4.6e-05,0.001332,0.00201,0.006106,0.003748,0.000271
16740,617,9266,8649,8649,0,0,0,104,22.722693,0.0,20658.468889,733.295674,2523.981633,1956.303727,3064.71,16740,20,76,20891520.0,3680091.0405,22236.711,10869.9427,327.3646,0.0,0.0006,0.0,86,0.050243,1.015267,0.494781,0.499197,1.031458,0.408317,0.41033,0.294408,0.497986,0.049908,0.203424,0.301966,0.504321,0.403508,0.053838,0.026374,0.005879,0.006785,0.022647,0.003527,0.021316,0.001737,0.006177,4.6e-05,0.001325,0.001998,0.005894,0.003762,0.000267
16760,624,9286,8662,8662,0,0,0,106,23.75886,0.0,20640.200319,736.64991,2519.59123,1954.154323,3046.39,16760,20,76,20916480.0,3686503.9605,22274.1789,10889.6731,328.5038,0.0,0.0006,0.0,86,0.049679,1.013455,0.495519,0.499251,1.030682,0.407211,0.408576,0.294655,0.497465,0.049938,0.203411,0.301764,0.505717,0.403552,0.053889,0.026523,0.005912,0.006705,0.022997,0.003539,0.020955,0.001776,0.006154,4.7e-05,0.001302,0.002042,0.005976,0.003757,0.000272
16780,622,9302,8680,8680,0,0,0,107,21.58247,0.0,20641.835474,733.367748,2525.049782,1952.642716,3056.79,16780,20,76,20941440.0,3692916.8805,22311.6469,10909.871,328.7525,0.0,0.0006,0.0,86,0.046624,1.010097,0.495726,0.499558,1.030465,0.406989,0.405845,0.294467,0.497469,0.050051,0.203334,0.302074,0.506794,0.40358,0.053718,0.025675,0.005895,0.006338,0.023282,0.003503,0.020285,0.001758,0.006067,4.6e-05,0.001287,0.002055,0.005884,0.003672,0.000268
16800,622,9320,8698,8698,0,0,0,113,25.218689,0.0,20645.742796,731.268299,2523.513013,1951.480083,3063.44,16800,20,76,20966400.0,3699329.8005,22349.2017,10930.8065,328.9696,0.0,0.0006,0.0,86,0.045016,1.006348,0.496032,0.499885,1.030728,0.406452,0.403553,0.295269,0.498196,0.050014,0.203408,0.301912,0.506921,0.403779,0.0537,0.025444,0.005887,0.006295,0.023205,0.0035,0.019687,0.001763,0.006049,4.5e-05,0.001276,0.002042,0.005833,0.003606,0.000276
16820,617,9328,8711,8711,0,0,0,113,24.523335,0.0,20662.357675,732.824032,2522.652633,1951.694865,3103.56,16820,20,76,20991360.0,3705742.7205,22385.3359,10947.6315,329.3254,0.0,0.0006,0.0,86,0.045381,1.006169,0.495499,0.500082,1.031184,0.406236,0.404425,0.295117,0.498206,0.050009,0.203807,0.301775,0.50682,0.403467,0.053733,0.025787,0.005886,0.006338,0.023274,0.003558,0.019797,0.001767,0.006017,4.5e-05,0.001306,0.002018,0.005953,0.003658,0.000277
16840,613,9344,8731,8731,0,0,0,113,24.675664,0.0,20733.734256,722.633667,2532.690669,1951.074397,3124.42,16840,20,76,21016320.0,3712155.6405,22422.2944,10962.2916,329.6658,0.0,0.0006,0.0,86,0.044046,1.006449,0.496976,0.499566,1.028379,0.405288,0.403958,0.294551,0.496574,0.050007,0.204073,0.302142,0.507278,0.403602,0.053683,0.025497,0.00597,0.006215,0.023229,0.003551,0.019925,0.00173,0.006038,4.6e-05,0.001349,0.002001,0.006029,0.003645,0.000278
16860,615,9364,8749,8749,0,0,0,113,25.702685,0.0,20814.419375,719.541942,2534.755373,1950.547111,3123.75,16860,20,76,21041280.0,3718568.5605,22459.253,10979.5432,330.6153,0.0,0.0006,0.0,86,0.045528,1.007242,0.497228,0.499601,1.029035,0.405265,0.404717,0.295272,0.497088,0.049986,0.20458,0.302563,0.508207,0.40353,0.053799,0.026033,0.005944,0.006221,0.023116,0.00357,0.020846,0.001724,0.006115,4.6e-05,0.00134,0.002046,0.005977,0.003659,0.000283
16880,614,9380,8766,8766,0,0,0,116,26.268612,0.0,20913.876083,720.230638,2533.50075,1953.058229,3140.09,16880,20,76,21066240.0,3724981.4805,22493.0635,11000.0229,331.495,0.0,0.0006,0.0,86,0.045603,1.007425,0.497768,0.499234,1.0293,0.404559,0.405443,0.295473,0.498106,0.049979,0.204124,0.302309,0.507845,0.40375,0.05379,0.025351,0.005995,0.006301,0.022669,0.003341,0.020678,0.001724,0.006162,4.8e-05,0.001286,0.002049,0.005714,0.003724,0.000286
16900,625,9400,8775,8775,0,0,0,107,22.289126,0.0,20958.709538,731.118836,2526.592039,1956.088277,3101.45,16900,20,76,21091200.0,3731394.4005,22525.5247,11021.3589,332.4907,0.0,0.0006,0.0,86,0.0448,1.008755,0.496403,0.499433,1.031972,0.405065,0.408193,0.295522,0.498167,0.050006,0.204083,0.302086,0.50645,0.403865,0.053756,0.024798,0.005728,0.006412,0.022934,0.003325,0.020966,0.001753,0.006176,4.9e-05,0.001276,0.002045,0.005815,0.003798,0.000284
16920,624,9413,8789,8789,0,0,0,109,22.243027,0.0,20942.9537,736.288133,2521.46884,1960.706995,3119.76,16920,20,76,21116160.0,3737807.3205,22555.1818,11043.1554,333.1667,0.0,0.0006,0.0,86,0.044872,1.008585,0.496446,0.499129,1.031043,0.405788,0.408702,0.295727,0.497524,0.049963,0.204615,0.302467,0.506746,0.403922,0.053809,0.025345,0.005764,0.006395,0.023315,0.003369,0.021066,0.001799,0.006247,5e-05,0.001276,0.002051,0.005843,0.003784,0.000292
16940,626,9435,8809,8809,0,0,0,109,23.020105,0.0,20895.657432,733.131062,2523.848833,1967.390029,3124.36,16940,20,76,21141120.0,3744220.2405,22579.4663,11062.7067,333.5836,0.0,0.0006,0.0,86,0.046326,1.012492,0.496651,0.498735,1.031582,0.40582,0.40964,0.295849,0.497931,0.049883,0.204214,0.301401,0.505546,0.403937,0.053959,0.026138,0.005774,0.006673,0.023067,0.003356,0.021334,0.001741,0.006138,4.8e-05,0.001279,0.002001,0.005962,0.003804,0.000284
16960,628,9454,8826,8826,0,0,0,113,24.298688,0.0,20844.371618,737.749087,2517.952225,1970.968054,3120.5,16960,20,76,21166080.0,3750658.0515,22603.7509,11086.7456,334.0247,0.0,0.0006,0.0,86,0.049363,1.010792,0.494979,0.498248,1.033333,0.405957,0.413513,0.295853,0.497874,0.049842,0.204445,0.301319,0.506424,0.404043,0.05424,0.02635,0.005851,0.006735,0.023467,0.003444,0.02194,0.001719,0.00629,5.1e-05,0.001284,0.002005,0.006171,0.00384,0.000291
16980,626,9467,8841,8841,0,0,0,111,22.330064,0.0,20821.515749,740.642475,2517.02746,1972.747429,3144.41,16980,21,76,21191040.0,3757105.9515,22628.0355,11106.566,334.8929,0.0,0.0006,0.0,86,0.049521,1.010543,0.49422,0.499075,1.034989,0.406496,0.412957,0.295634,0.496902,0.050002,0.204069,0.301708,0.507369,0.405122,0.054262,0.02706,0.006064,0.00715,0.024625,0.003656,0.021534,0.001759,0.006238,5e-05,0.001293,0.002024,0.006483,0.003748,0.000295
17000,632,9486,8854,8854,0,0,0,104,19.89083,0.0,20770.215552,745.431297,2514.677873,1973.602892,3125.96,17000,21,76,21216000.0,3763553.8515,22652.32,11126.2152,335.6828,0.0,0.0006,0.0,86,0.050633,1.011214,0.494207,0.499187,1.033479,0.407121,0.413255,0.294997,0.496873,0.050073,0.203744,0.301474,0.506657,0.404716,0.054302,0.026751,0.006081,0.007286,0.024358,0.003662,0.021716,0.001765,0.006326,5e-05,0.0013,0.002013,0.006473,0.003744,0.000294
17020,639,9505,8866,8866,0,0,0,109,20.440907,0.0,20628.596252,752.939486,2506.619607,1974.008708,3084.13,17020,21,76,21240960.0,3770001.7515,22676.6046,11148.1599,336.1493,0.0,0.0006,0.0,86,0.053208,1.009819,0.494468,0.498457,1.034243,0.407005,0.413055,0.294648,0.497982,0.049957,0.203561,0.301515,0.508117,0.405335,0.054488,0.027257,0.006281,0.007234,0.025697,0.003754,0.022058,0.001781,0.006357,5e-05,0.001291,0.002002,0.006626,0.003732,0.000293
17040,636,9520,8884,8884,0,0,0,108,21.96676,0.0,20479.710162,752.51969,2505.51355,1974.837949,3095.21,17040,21,76,21265920.0,3776468.3475,22700.2293,11169.2389,336.6295,0.0,0.0006,0.0,86,0.053459,1.009862,0.492539,0.497882,1.03442,0.407652,0.414002,0.294703,0.497054,0.050013,0.204866,0.30137,0.507337,0.405442,0.054733,0.027265,0.006241,0.007348,0.025385,0.003824,0.022031,0.001846,0.006408,5e-05,0.001397,0.002005,0.006666,0.003744,0.000294
17060,642,9542,8900,8900,0,0,0,106,21.048109,0.0,20322.641933,755.399504,2503.552387,1977.301282,3070.92,17060,21,76,21290880.0,3782939.6175,22721.2145,11189.4933,338.2113,0.0,0.0006,0.0,86,0.05296,1.010201,0.491467,0.49799,1.036401,0.407048,0.414909,0.294416,0.497917,0.05,0.204558,0.301988,0.506737,0.404763,0.054537,0.02704,0.006193,0.007368,0.025402,0.003775,0.022011,0.001855,0.006476,5.1e-05,0.001371,0.001987,0.00661,0.00379,0.000292
17080,629,9557,8928,8928,0,0,0,124,28.113786,0.0,20242.4723,741.622322,2510.263891,1978.681977,3122.21,17080,21,76,21315840.0,3789410.8875,22742.1997,11210.0343,338.6309,0.0,0.0006,0.0,86,0.054054,1.010847,0.491532,0.498241,1.037409,0.40853,0.416353,0.293484,0.497939,0.050062,0.2037,0.302566,0.506375,0.403801,0.05462,0.028358,0.006185,0.007479,0.025852,0.003882,0.022339,0.001864,0.006412,5.2e-05,0.001388,0.001959,0.006919,0.003661,0.000291
17100,631,9573,8942,8942,0,0,0,124,27.373938,0.0,20179.302712,745.076015,2507.550047,1979.413547,3127.62,17100,21,76,21340800.0,3795882.1575,22763.1849,11231.0919,338.9914,0.0,0.0006,0.0,86,0.055468,1.009864,0.491723,0.498002,1.037909,0.407984,0.417346,0.293369,0.499013,0.05009,0.203354,0.302821,0.506809,0.403564,0.054499,0.027815,0.006468,0.007494,0.026174,0.003835,0.022824,0.001842,0.006498,5.2e-05,0.001343,0.00202,0.006914,0.003635,0.00029
17120,626,9588,8962,8962,0,0,0,130,26.533922,0.0,20157.400192,740.444224,2513.021854,1979.789505,3161.89,17120,21,76,21365760.0,3802361.7675,22784.1701,11251.133,339.1407,0.0,0.0006,0.0,86,0.054313,1.009599,0.490944,0.49773,1.038299,0.408131,0.416484,0.293107,0.500402,0.049962,0.203815,0.302566,0.506125,0.403321,0.054366,0.027444,0.00648,0.007168,0.025932,0.003891,0.022233,0.001864,0.006597,5e-05,0.001361,0.002034,0.006709,0.003615,0.000283
17140,635,9609,8974,8974,0,0,0,125,24.032564,0.0,20121.642338,744.979897,2510.98754,1979.979665,3104.77,17140,21,75,21390720.0,3808853.7438,22805.1552,11268.8823,340.6933,0.0,0.0006,0.0,86,0.053543,1.007825,0.491025,0.499003,1.036861,0.407878,0.416416,0.293735,0.499495,0.049899,0.203688,0.302771,0.506715,0.403834,0.054135,0.027895,0.0066,0.007149,0.02641,0.003951,0.022405,0.001882,0.006549,4.9e-05,0.001348,0.00202,0.00674,0.003718,0.000283
17160,626,9617,8991,8991,0,0,0,132,29.421448,0.0,20085.596952,741.287714,2509.290839,1980.075075,3142.47,17160,21,75,21415680.0,3815345.8638,22826.1404,11286.6374,341.2053,0.0,0.0006,0.0,86,0.052716,1.006761,0.491061,0.498302,1.039475,0.408181,0.415066,0.293985,0.50103,0.049911,0.203521,0.302879,0.507532,0.403587,0.053954,0.027584,0.006572,0.007126,0.026447,0.004015,0.022319,0.001857,0.006424,5e-05,0.00134,0.002006,0.006727,0.003641,0.000277
17180,632,9635,9003,9003,0,0,0,127,24.720986,0.0,20054.633934,745.431299,2509.847716,1980.122754,3113.12,17180,21,75,21440640.0,3821837.9838,22847.1256,11303.8694,342.2515,0.0,0.0006,0.0,86,0.053797,1.008203,0.491945,0.498158,1.041223,0.407165,0.415288,0.293976,0.500932,0.04989,0.203611,0.30297,0.507354,0.403106,0.053883,0.02819,0.006702,0.007248,0.027053,0.003964,0.022187,0.001855,0.006446,5e-05,0.00133,0.002035,0.006749,0.003616,0.000278
17200,633,9648,9015,9015,0,0,0,129,24.979496,0.0,19988.657668,749.547609,2505.472895,1980.146533,3123.24,17200,21,75,21465600.0,3828330.1038,22868.1108,11322.0662,342.3719,0.0,0.0006,0.0,86,0.053712,1.007303,0.492146,0.498679,1.041197,0.406758,0.413824,0.294499,0.500987,0.049863,0.203796,0.303096,0.508634,0.40342,0.053781,0.028302,0.006663,0.007224,0.02701,0.003949,0.021985,0.001859,0.006471,4.8e-05,0.001312,0.002026,0.006726,0.003566,0.000275
17220,636,9664,9028,9028,0,0,0,122,23.721686,0.0,19892.789554,750.972123,2505.30619,1980.158382,3116.07,17220,21,75,21490560.0,3834822.2238,22889.096,11338.5565,342.7567,0.0,0.0006,0.0,86,0.050314,1.008886,0.493973,0.499109,1.039599,0.406234,0.41096,0.295188,0.50143,0.049882,0.20419,0.303218,0.508414,0.403058,0.053528,0.027931,0.006792,0.006973,0.026339,0.003884,0.021011,0.00185,0.006514,4.7e-05,0.001321,0.001999,0.006477,0.003557,0.00027
17240,626,9675,9049,9049,0,0,0,122,23.833319,0.0,19872.785183,741.589949,2514.576733,1980.171815,3162.76,17240,21,75,21515520.0,3841314.3438,22910.0734,11354.5289,343.3095,0.0,0.0006,0.0,86,0.047923,1.009692,0.495072,0.500716,1.040349,0.405715,0.411127,0.295719,0.501309,0.04993,0.204123,0.302679,0.508646,0.40224,0.05333,0.028003,0.006762,0.007101,0.026655,0.003842,0.021289,0.00191,0.00639,4.8e-05,0.001333,0.001996,0.006422,0.003597,0.00027
17260,623,9688,9065,9065,0,0,0,123,25.021722,0.0,19897.519999,736.673045,2518.305233,1979.307522,3152.22,17260,21,75,21540480.0,3847806.4638,22932.1554,11369.6543,343.8058,0.0,0.0006,0.0,86,0.048154,1.008822,0.493362,0.50008,1.040252,0.406534,0.411401,0.295716,0.501003,0.049881,0.204086,0.302629,0.509124,0.402883,0.053338,0.027158,0.006662,0.006935,0.026736,0.003917,0.021439,0.00192,0.006388,4.7e-05,0.001343,0.002001,0.006454,0.003613,0.000271
17280,620,9702,9082,9082,0,0,0,124,27.520582,0.0,19935.80413,732.879316,2519.600102,1977.826929,3169.82,17280,21,75,21565440.0,3854299.3743,22955.8527,11386.7114,344.3126,0.0,0.0006,0.0,86,0.048387,1.00651,0.493358,0.499203,1.037648,0.406116,0.410162,0.295546,0.500341,0.04984,0.204442,0.302353,0.509199,0.403028,0.053498,0.026502,0.006509,0.006679,0.025757,0.003905,0.021241,0.001897,0.00634,4.6e-05,0.001348,0.001956,0.00639,0.003581,0.000273
17300,629,9720,9091,9091,0,0,0,118,24.433382,0.0,19981.161642,740.382408,2515.184209,1976.686407,3141.27,17300,21,75,21590400.0,3860817.2718,22980.2662,11404.4769,345.3044,0.0,0.0006,0.0,86,0.047695,1.006997,0.49318,0.499403,1.037175,0.405622,0.412309,0.296144,0.499431,0.04988,0.205037,0.302462,0.509382,0.402557,0.053546,0.026421,0.006555,0.006631,0.025776,0.003946,0.021637,0.001891,0.006327,4.6e-05,0.001442,0.002004,0.006496,0.0036,0.000283
17320,619,9732,9113,9113,0,0,0,125,27.674544,0.0,20070.970167,729.587251,2522.738205,1976.542137,3203.83,17320,21,75,21615360.0,3867343.5843,23004.0383,11421.0557,346.1584,0.0,0.0006,0.0,86,0.048465,1.006189,0.493023,0.499087,1.039842,0.406121,0.413577,0.295832,0.498689,0.049799,0.204781,0.302481,0.509962,0.403205,0.053759,0.026515,0.006531,0.006764,0.026231,0.004037,0.021876,0.001923,0.00643,4.6e-05,0.001462,0.00198,0.006517,0.003675,0.000286
17340,614,9748,9134,9134,0,0,0,131,26.232373,0.0,20238.703415,722.857407,2530.91022,1976.05088,3236.76,17340,21,75,21640320.0,3873879.3543,23028.4518,11439.5383,346.7234,0.0,0.0006,0.0,86,0.050489,1.007451,0.493846,0.497049,1.040314,0.405493,0.414199,0.295625,0.498596,0.049823,0.204938,0.303111,0.509804,0.40336,0.053981,0.027092,0.006421,0.006692,0.025997,0.003974,0.02221,0.001895,0.006499,4.6e-05,0.001449,0.002027,0.006283,0.003664,0.000295
17360,612,9764,9152,9152,0,0,0,128,26.457582,0.0,20425.987306,721.289899,2532.25252,1975.803893,3247.67,17360,21,75,21665280.0,3880415.1243,23052.8654,11458.1947,347.154,0.0,0.0006,0.0,86,0.04902,1.009966,0.495489,0.497946,1.036758,0.405045,0.414056,0.296314,0.498583,0.049847,0.204364,0.302771,0.5078,0.402784,0.053829,0.026252,0.006346,0.006693,0.024602,0.00387,0.022249,0.001876,0.006427,4.7e-05,0.001426,0.001951,0.006201,0.003656,0.000291
17380,610,9778,9168,9168,0,0,0,128,25.676564,0.0,20646.890098,721.163169,2533.160267,1975.678965,3265.51,17380,21,75,21690240.0,3886950.8943,23077.2789,11476.5027,347.5241,0.0,0.0006,0.0,86,0.04918,1.011819,0.495647,0.498463,1.035293,0.40492,0.413816,0.295591,0.498056,0.049842,0.204912,0.302604,0.507194,0.40232,0.053884,0.025999,0.006293,0.00669,0.023743,0.003821,0.022381,0.001841,0.006423,4.6e-05,0.001426,0.001941,0.006202,0.003654,0.000289
17400,615,9795,9180,9180,0,0,0,125,24.901064,0.0,20819.995325,726.822379,2528.276557,1975.61557,3253.92,17400,21,75,21715200.0,3893486.3743,23101.6925,11495.9093,348.327,0.0,0.0006,0.0,86,0.050407,1.011789,0.4955,0.498522,1.035188,0.405337,0.415556,0.295756,0.497575,0.049899,0.204911,0.303667,0.507482,0.403386,0.05411,0.026722,0.006424,0.006943,0.024633,0.003922,0.02283,0.001882,0.006413,4.6e-05,0.001433,0.002059,0.006584,0.003889,0.000285
17420,608,9803,9195,9195,0,0,0,129,24.896706,0.0,21015.663566,724.853809,2530.249485,1975.583343,3282.16,17420,21,75,21740160.0,3900022.1443,23126.106,11512.2434,348.7781,0.0,0.0006,0.0,86,0.049342,1.011781,0.494847,0.499345,1.035211,0.40535,0.414623,0.295656,0.497824,0.049817,0.204043,0.302855,0.508933,0.403519,0.054097,0.025917,0.006351,0.006843,0.02457,0.003866,0.022768,0.00187,0.006312,4.5e-05,0.001332,0.002042,0.00653,0.003923,0.000281
17440,615,9822,9207,9207,0,0,0,129,24.739778,0.0,21200.328339,726.65399,2528.606232,1975.566943,3260.57,17440,21,75,21765120.0,3906564.3493,23150.5196,11528.0717,349.2078,0.0,0.0006,0.0,86,0.052033,1.012055,0.494941,0.499887,1.0334,0.404819,0.416347,0.29538,0.498001,0.049775,0.204012,0.303376,0.508528,0.402399,0.0543,0.026283,0.006506,0.007096,0.024585,0.003916,0.023205,0.001855,0.006361,4.5e-05,0.001339,0.002084,0.00653,0.003947,0.000281
17460,624,9846,9222,9222,0,0,0,130,24.971646,0.0,21350.656207,731.418639,2523.609715,1975.558591,3210.88,17460,21,75,21790080.0,3913112.6814,23174.9331,11549.8941,349.8613,0.0,0.0006,0.0,86,0.051282,1.012767,0.494072,0.499444,1.033468,0.404807,0.418411,0.294458,0.497349,0.049788,0.204388,0.303175,0.507404,0.403265,0.054443,0.026521,0.006512,0.007047,0.025296,0.004,0.023969,0.001833,0.006512,4.6e-05,0.001484,0.002113,0.0066,0.004029,0.000291
17480,623,9858,9235,9235,0,0,0,128,25.382073,0.0,21432.745987,740.079729,2514.538199,1975.554335,3207.16,17480,21,75,21815040.0,3919661.3214,23199.3467,11573.397,350.1806,0.0,0.0006,0.0,86,0.051364,1.012332,0.49401,0.499913,1.032687,0.405405,0.418665,0.294117,0.498111,0.049742,0.204306,0.303124,0.507472,0.403379,0.054516,0.026631,0.006399,0.007037,0.025438,0.003997,0.023814,0.001834,0.006533,4.7e-05,0.001486,0.002118,0.006604,0.004002,0.000287
17500,632,9879,9247,9247,0,0,0,123,25.451608,0.0,21459.038474,743.997055,2510.551337,1975.552166,3170.42,17500,21,75,21840000.0,3926209.8388,23223.7602,11591.8671,351.0568,0.0,0.0006,0.0,86,0.050633,1.011429,0.493885,0.500609,1.030327,0.405185,0.417432,0.294989,0.498153,0.049753,0.204454,0.302595,0.507745,0.404653,0.054307,0.026162,0.006351,0.007065,0.025352,0.003991,0.023576,0.001855,0.006631,4.6e-05,0.001476,0.002062,0.006687,0.004188,0.000281
17520,629,9895,9266,9266,0,0,0,122,23.721236,0.0,21500.718535,740.477386,2515.801378,1975.55106,3166.8,17520,21,75,21864960.0,3932758.4788,23248.1738,11612.1178,352.0806,0.0,0.0006,0.0,86,0.049285,1.00993,0.493211,0.50021,1.028356,0.405579,0.414739,0.294733,0.498493,0.049841,0.204431,0.302724,0.508454,0.406127,0.054132,0.025805,0.006266,0.006986,0.025008,0.004079,0.022213,0.001844,0.006568,4.5e-05,0.00144,0.00205,0.006769,0.004192,0.000278
17540,632,9919,9287,9287,0,0,0,127,25.884662,0.0,21563.024136,738.049259,2516.066079,1975.550495,3152.96,17540,21,75,21889920.0,3939337.7173,23272.5873,11634.4387,352.9732,0.0,0.0006,0.0,86,0.050633,1.010684,0.492975,0.500009,1.030017,0.405692,0.417043,0.293696,0.499401,0.049862,0.204675,0.302291,0.50917,0.406034,0.054496,0.025787,0.006313,0.007162,0.025414,0.004119,0.02258,0.00182,0.006787,4.5e-05,0.00147,0.002079,0.006809,0.004249,0.000282
17560,632,9935,9303,9303,0,0,0,123,25.185333,0.0,21604.36617,743.419257,2511.39541,1976.4347,3151.05,17560,21,75,21914880.0,3945917.9773,23295.9351,11658.4942,354.1382,0.0,0.0006,0.0,86,0.049051,1.010872,0.493313,0.499729,1.029787,0.405705,0.418135,0.293616,0.500729,0.049858,0.205193,0.302667,0.509735,0.406065,0.054676,0.026578,0.006375,0.007212,0.025519,0.004103,0.023014,0.001871,0.00684,4.6e-05,0.001582,0.002102,0.00686,0.00436,0.00029
17580,632,9952,9320,9320,0,0,0,126,24.896072,0.0,21646.951042,744.96949,2510.134438,1976.498801,3160.92,17580,21,75,21939840.0,3952505.5618,23319.4873,11680.7674,354.5491,0.0,0.0006,0.0,86,0.050633,1.011421,0.492653,0.499237,1.029384,0.40596,0.418889,0.294028,0.500539,0.049792,0.205821,0.302176,0.509583,0.40587,0.054511,0.02656,0.006277,0.007016,0.02549,0.004157,0.024017,0.001836,0.006908,4.7e-05,0.001671,0.00212,0.006629,0.004305,0.00029
17600,639,9967,9328,9328,0,0,0,122,22.152557,0.0,21685.430889,752.611974,2505.235468,1974.866819,3142.26,17600,21,75,21964800.0,3959121.6418,23344.9966,11698.0576,354.9694,0.0,0.0006,0.0,86,0.050078,1.011344,0.492259,0.49918,1.029114,0.406551,0.417731,0.293995,0.500124,0.049847,0.206446,0.302057,0.508621,0.405528,0.054139,0.026487,0.006358,0.006939,0.025241,0.004138,0.023788,0.001824,0.006827,4.8e-05,0.001728,0.00208,0.006523,0.004219,0.000286
17620,643,9984,9341,9341,0,0,0,119,24.443218,0.0,21648.413667,757.349401,2498.207381,1972.865317,3126.45,17620,21,75,21989760.0,3965737.7218,23371.6737,11718.8094,355.9054,0.0,0.0006,0.0,86,0.048212,1.009902,0.49313,0.499205,1.031319,0.406531,0.415699,0.293791,0.500364,0.049835,0.206095,0.302021,0.508461,0.40585,0.054013,0.026345,0.006334,0.007177,0.025408,0.004108,0.023174,0.001788,0.006861,4.7e-05,0.001603,0.002059,0.006464,0.004179,0.000283
17640,648,10001,9353,9353,0,0,0,111,20.138519,0.0,21576.447502,764.610548,2495.250933,1971.413108,3119.08,17640,21,75,22014720.0,3972353.8018,23398.4217,11739.9732,356.7126,0.0,0.0006,0.0,86,0.049383,1.009672,0.493553,0.498683,1.033954,0.406804,0.415262,0.294341,0.50111,0.049855,0.205986,0.302736,0.510112,0.405678,0.054048,0.026397,0.006168,0.006984,0.025663,0.004156,0.022958,0.001817,0.006875,4.7e-05,0.001576,0.002055,0.006346,0.004171,0.000287
17660,642,10014,9372,9372,0,0,0,109,23.041191,0.0,21480.141745,762.588854,2494.369955,1974.380606,3134.08,17660,21,75,22039680.0,3978969.8818,23420.5557,11760.7851,357.4486,0.0,0.0006,0.0,86,0.049844,1.009745,0.493618,0.498578,1.035208,0.406559,0.417972,0.294172,0.500392,0.04976,0.205931,0.302495,0.509103,0.405262,0.053855,0.025886,0.00628,0.006984,0.026148,0.004142,0.023475,0.001788,0.006911,4.9e-05,0.001574,0.002014,0.006358,0.004249,0.000281
17680,636,10027,9391,9391,0,0,0,110,20.93538,0.0,21463.239754,756.564195,2502.500425,1977.025902,3171.66,17680,21,75,22064640.0,3985585.9618,23441.5408,11777.088,358.103,0.0,0.0006,0.0,86,0.050314,1.010341,0.493606,0.498573,1.037714,0.407733,0.416418,0.294018,0.501529,0.049742,0.205522,0.301818,0.507602,0.403676,0.053553,0.025843,0.006313,0.007051,0.025856,0.004023,0.022956,0.001752,0.006676,4.8e-05,0.001483,0.002026,0.006228,0.003868,0.000276
17700,646,10050,9404,9404,0,0,0,108,22.390655,0.0,21425.67835,759.216367,2498.392978,1978.360958,3129.86,17700,21,75,22089600.0,3992202.0418,23462.7122,11794.9069,359.0757,0.0,0.0006,0.0,86,0.052632,1.010651,0.494467,0.49817,1.037851,0.407671,0.417882,0.293755,0.500489,0.049773,0.205329,0.30247,0.507199,0.404281,0.053669,0.026133,0.006451,0.006995,0.025446,0.004072,0.023437,0.001777,0.006646,4.9e-05,0.001487,0.002105,0.006455,0.003883,0.00028
17720,641,10060,9419,9419,0,0,0,112,27.220386,0.0,21351.734748,760.412452,2492.367162,1977.849499,3161.39,17720,21,75,22114560.0,3998818.1218,23485.5002,11815.4895,359.2005,0.0,0.0006,0.0,86,0.053042,1.010297,0.494016,0.498932,1.037315,0.407212,0.417596,0.293786,0.500605,0.049813,0.204841,0.302501,0.507212,0.404692,0.053489,0.025568,0.006475,0.007047,0.025258,0.004067,0.02314,0.001772,0.006715,4.8e-05,0.001433,0.002109,0.006506,0.003868,0.000284
17740,630,10068,9438,9438,0,0,0,113,25.965756,0.0,21348.021863,751.19022,2502.844023,1976.565451,3223.0,17740,21,75,22139520.0,4005434.2018,23509.6351,11829.7268,359.5732,0.0,0.0006,0.0,86,0.052381,1.010367,0.494767,0.498199,1.036131,0.407301,0.417199,0.294207,0.500345,0.049943,0.205128,0.30268,0.507617,0.404654,0.053631,0.026024,0.006497,0.006871,0.025534,0.004081,0.022829,0.001782,0.006758,4.8e-05,0.001432,0.002094,0.006526,0.00387,0.000291
17760,637,10090,9453,9453,0,0,0,115,25.096109,0.0,21389.212289,749.102062,2505.801829,1975.542802,3186.63,17760,21,75,22164480.0,4012050.2818,23534.1787,11845.7616,360.2693,0.0,0.0006,0.0,86,0.053375,1.00895,0.495155,0.496201,1.036343,0.406348,0.416404,0.294029,0.500144,0.049906,0.204771,0.302436,0.507472,0.403921,0.053565,0.025859,0.006605,0.006886,0.025718,0.004027,0.022525,0.001807,0.006788,4.7e-05,0.001357,0.002062,0.006491,0.003789,0.000299
17780,638,10105,9467,9467,0,0,0,114,26.168929,0.0,21409.290064,751.251861,2502.57921,1974.914794,3194.4,17780,21,75,22189440.0,4018666.3618,23558.7223,11865.0466,360.9268,0.0,0.0006,0.0,86,0.051724,1.007504,0.494121,0.496048,1.036247,0.406929,0.416258,0.294171,0.499757,0.049968,0.204645,0.302268,0.50737,0.403673,0.05365,0.025824,0.006592,0.006887,0.026114,0.004027,0.022561,0.001845,0.006767,4.8e-05,0.001343,0.002127,0.006403,0.003754,0.000298
17800,657,10137,9480,9480,0,0,0,117,24.60675,0.0,21341.808561,759.961829,2495.431422,1974.915577,3109.18,17800,21,75,22214400.0,4025282.4418,23582.7868,11889.4516,361.7157,0.0,0.0006,0.0,86,0.05175,1.007589,0.493231,0.497147,1.038199,0.406737,0.415708,0.294201,0.498257,0.049988,0.204941,0.302222,0.507581,0.405236,0.053719,0.025903,0.006418,0.006935,0.025638,0.004018,0.022628,0.001816,0.006801,4.8e-05,0.001394,0.00219,0.006431,0.003869,0.000291
17820,660,10156,9496,9496,0,0,0,123,24.681531,0.0,21194.410925,769.36546,2485.953009,1974.51389,3096.51,17820,21,75,22239360.0,4031898.5218,23607.16,11917.2525,362.5924,0.0,0.0006,0.0,86,0.051515,1.009012,0.493166,0.497371,1.03729,0.407461,0.415789,0.294009,0.498224,0.049941,0.205086,0.301922,0.50764,0.40533,0.053694,0.026189,0.006446,0.007007,0.025647,0.004112,0.023148,0.001809,0.006783,4.8e-05,0.001383,0.002178,0.006432,0.003891,0.000291
17840,641,10162,9521,9521,0,0,0,128,24.083317,0.0,21111.863439,764.3898,2491.526883,1974.202689,3182.69,17840,21,75,22264320.0,4038514.6018,23631.7036,11940.765,363.3966,0.0,0.0006,0.0,86,0.053042,1.010652,0.493848,0.496148,1.036753,0.407227,0.416404,0.293735,0.49846,0.04989,0.20512,0.301816,0.507775,0.405502,0.053921,0.026369,0.006252,0.006882,0.025778,0.003921,0.023462,0.001785,0.00674,4.6e-05,0.001402,0.002142,0.006399,0.003855,0.000295
17860,647,10178,9531,9531,0,0,0,122,22.178802,0.0,21017.417563,769.430638,2488.39056,1974.033259,3169.16,17860,21,75,22289280.0,4045130.6818,23656.2472,11955.913,364.6067,0.0,0.0006,0.0,86,0.051005,1.013991,0.493357,0.497673,1.036297,0.406675,0.417321,0.293862,0.498971,0.049888,0.204904,0.301413,0.507731,0.405525,0.054,0.027712,0.006344,0.007319,0.025909,0.003855,0.02372,0.001827,0.00667,4.7e-05,0.001365,0.00214,0.006505,0.003836,0.000292
17880,652,10197,9545,9545,0,0,0,122,22.876496,0.0,20906.805071,768.928829,2488.194675,1973.936915,3151.06,17880,21,75,22314240.0,4051758.7228,23680.7908,11972.4775,365.0937,0.0,0.0006,0.0,86,0.050613,1.014899,0.493533,0.498538,1.036628,0.405979,0.41682,0.294045,0.498547,0.049874,0.204836,0.30161,0.507873,0.405231,0.053842,0.027368,0.006318,0.007267,0.025785,0.003861,0.02385,0.001832,0.006757,4.8e-05,0.001416,0.002184,0.006467,0.003858,0.000292
17900,651,10212,9561,9561,0,0,0,119,23.766151,0.0,20791.150079,772.049027,2484.184822,1972.707785,3130.95,17900,21,75,22339200.0,4058410.3408,23707.0886,11993.9658,366.4836,0.0,0.0006,0.0,86,0.050691,1.014169,0.493892,0.497969,1.035346,0.406068,0.416499,0.293995,0.498625,0.049902,0.205087,0.301479,0.507857,0.404731,0.053971,0.027086,0.006317,0.007239,0.025695,0.003919,0.023894,0.001826,0.006745,4.8e-05,0.001454,0.002214,0.006486,0.003881,0.000292
17920,638,10217,9579,9579,0,0,0,123,24.479495,0.0,20748.491958,766.163573,2489.356932,1971.615847,3200.55,17920,21,75,22364160.0,4065072.5908,23734.2962,12009.4843,366.8374,0.0,0.0006,0.0,86,0.051724,1.013957,0.492611,0.498509,1.03605,0.406848,0.418579,0.293682,0.4982,0.049803,0.204803,0.301811,0.507536,0.404633,0.054094,0.027111,0.006305,0.007294,0.02567,0.003895,0.024535,0.001801,0.006694,4.9e-05,0.001437,0.002231,0.006471,0.003917,0.000293
17940,630,10233,9603,9603,0,0,0,127,26.803201,0.0,20800.276327,747.878739,2505.318059,1970.442908,3216.52,17940,21,75,22389120.0,4071734.8408,23762.638,12020.325,367.2229,0.0,0.0006,0.0,86,0.050794,1.013083,0.49244,0.499204,1.036802,0.406179,0.419941,0.293865,0.49884,0.049877,0.204811,0.301783,0.50783,0.404202,0.053998,0.026954,0.006347,0.007408,0.025309,0.003928,0.025106,0.001791,0.006701,5e-05,0.001468,0.002197,0.006547,0.004006,0.000281
17960,635,10251,9616,9616,0,0,0,123,23.680644,0.0,20876.56334,750.323343,2505.996013,1969.265733,3192.4,17960,22,75,22414080.0,4078397.0908,23791.8862,12039.6051,367.5027,0.0,0.0006,0.0,86,0.050394,1.010881,0.490483,0.49938,1.034799,0.406258,0.420319,0.293855,0.499724,0.049847,0.204829,0.301262,0.506956,0.403296,0.053876,0.026574,0.006398,0.007332,0.024976,0.003967,0.024649,0.001765,0.006778,5e-05,0.001441,0.002188,0.006568,0.004065,0.000279
17980,646,10273,9627,9627,0,0,0,117,23.990844,0.0,20894.279133,758.954156,2497.055,1966.791268,3150.81,17980,22,75,22439040.0,4085059.136,23823.8744,12061.3665,368.4373,0.0,0.0006,0.0,86,0.049536,1.011885,0.490356,0.499402,1.033766,0.406694,0.41973,0.294262,0.4981,0.04992,0.205307,0.302328,0.50719,0.404134,0.054027,0.026789,0.006575,0.00734,0.024962,0.004053,0.024066,0.001831,0.006864,5e-05,0.00152,0.002208,0.00667,0.004086,0.000287
18000,636,10288,9652,9652,0,0,0,116,24.518026,0.0,20910.913402,751.675863,2503.80611,1963.832741,3203.13,18000,22,75,22464000.0,4091721.386,23858.5824,12083.8926,369.3812,0.0,0.0006,0.0,86,0.051887,1.012161,0.491273,0.498288,1.034112,0.406483,0.421177,0.294846,0.498683,0.049881,0.205358,0.302684,0.506685,0.404915,0.054232,0.027245,0.00665,0.007159,0.0253,0.004137,0.024629,0.001837,0.006918,4.9e-05,0.001569,0.002203,0.006621,0.004002,0.000289
18020,644,10304,9660,9660,0,0,0,114,21.931192,0.0,20957.792041,761.583962,2496.484846,1961.663181,3176.13,18020,22,75,22488960.0,4098399.113,23894.3833,12103.1242,369.8313,0.0,0.0006,0.0,86,0.051242,1.011003,0.491246,0.498411,1.036181,0.406582,0.422309,0.295379,0.499005,0.049822,0.205352,0.302795,0.508111,0.404172,0.054329,0.026952,0.00659,0.007118,0.025463,0.004167,0.024474,0.001859,0.006986,4.9e-05,0.001559,0.002242,0.006673,0.004074,0.00029
18040,639,10320,9681,9681,0,0,0,115,21.654624,0.0,21011.039427,755.083869,2503.261507,1960.505524,3214.55,18040,22,75,22513920.0,4105094.5585,23930.3163,12121.8272,371.4883,0.0,0.0006,0.0,86,0.051643,1.010258,0.490797,0.497352,1.034277,0.406432,0.421671,0.29478,0.499517,0.04969,0.205357,0.302514,0.507425,0.404151,0.054541,0.025776,0.006752,0.0067,0.025162,0.004136,0.024429,0.001851,0.007066,4.7e-05,0.001565,0.002214,0.006473,0.004088,0.000295
18060,649,10340,9691,9691,0,0,0,112,20.265839,0.0,21071.210729,761.815269,2497.918892,1959.910209,3172.79,18060,22,75,22538880.0,4111801.8685,23966.2493,12140.9239,372.3119,0.0,0.0006,0.0,86,0.050847,1.009462,0.492297,0.497211,1.033268,0.405841,0.419429,0.295133,0.49926,0.0498,0.20532,0.302827,0.507606,0.404545,0.054269,0.025898,0.006739,0.006505,0.024788,0.004098,0.023891,0.001825,0.007018,4.8e-05,0.001533,0.002218,0.006448,0.004104,0.00029
18080,650,10360,9710,9710,0,0,0,119,23.666888,0.0,21091.588839,761.28056,2495.052551,1959.912074,3169.95,18080,22,75,22563840.0,4118509.5808,24001.8317,12162.6046,372.8363,0.0,0.0006,0.0,86,0.050769,1.009119,0.492476,0.496712,1.032667,0.405195,0.417994,0.295228,0.500009,0.049707,0.205797,0.303242,0.508893,0.404284,0.054301,0.026261,0.006683,0.006578,0.024072,0.004076,0.023397,0.001858,0.00728,4.7e-05,0.001493,0.002227,0.006307,0.004279,0.000292
18100,652,10377,9725,9725,0,0,0,115,20.916135,0.0,21121.453593,768.187948,2490.895917,1959.661581,3166.0,18100,22,75,22588800.0,4125229.2913,24037.6343,12187.1854,373.3342,0.0,0.0006,0.0,86,0.052147,1.0113,0.492141,0.496804,1.034841,0.405418,0.418846,0.294616,0.501649,0.049678,0.20564,0.302394,0.50737,0.404299,0.054121,0.026994,0.006725,0.006767,0.02443,0.004124,0.023727,0.001872,0.007346,4.7e-05,0.001494,0.002202,0.006313,0.004242,0.00029
18120,655,10398,9743,9743,0,0,0,115,23.64855,0.0,21100.913359,769.76533,2486.58612,1958.903036,3151.84,18120,22,75,22613760.0,4131964.0213,24074.213,12209.8879,373.7292,0.0,0.0006,0.0,86,0.048855,1.01203,0.493239,0.497834,1.034987,0.405331,0.418141,0.294814,0.500058,0.049652,0.205226,0.302778,0.507862,0.403459,0.054077,0.027894,0.006772,0.006675,0.024325,0.004121,0.023304,0.001915,0.007231,4.7e-05,0.001421,0.002213,0.006331,0.004244,0.000299
18140,649,10408,9759,9759,0,0,0,114,24.961189,0.0,21097.304857,769.432843,2485.605968,1957.168363,3182.35,18140,22,75,22638720.0,4138698.7513,24112.554,12229.473,374.6003,0.0,0.0006,0.0,86,0.047766,1.00999,0.493172,0.498293,1.03516,0.405458,0.417985,0.294796,0.499031,0.049591,0.205428,0.302697,0.507722,0.402643,0.054163,0.027468,0.006853,0.006835,0.024219,0.004147,0.022935,0.001919,0.007303,4.5e-05,0.001436,0.002182,0.006405,0.004285,0.000304
18160,654,10432,9778,9778,0,0,0,113,24.088843,0.0,21085.750905,768.426922,2487.484236,1954.549894,3167.54,18160,22,75,22663680.0,4145433.4813,24152.9336,12250.2179,375.3848,0.0,0.0006,0.0,86,0.045872,1.012014,0.495744,0.498253,1.033927,0.405104,0.417959,0.294366,0.50019,0.049587,0.205453,0.303242,0.508067,0.402378,0.054222,0.027561,0.007181,0.006814,0.024971,0.004127,0.022889,0.001925,0.007434,4.6e-05,0.001488,0.002186,0.006055,0.004316,0.000299
18180,663,10450,9787,9787,0,0,0,105,19.847383,0.0,21023.499597,782.785597,2477.36702,1951.900497,3132.43,18180,22,75,22688640.0,4152168.1014,24194.7735,12273.1473,377.0777,0.0,0.0006,0.0,86,0.046757,1.015172,0.494511,0.497201,1.03493,0.405196,0.419114,0.293622,0.499369,0.049639,0.205409,0.303706,0.508436,0.402798,0.054302,0.027966,0.007269,0.006765,0.026652,0.004311,0.023525,0.001919,0.007415,4.7e-05,0.0015,0.002243,0.006298,0.004357,0.000306
18200,660,10461,9801,9801,0,0,0,102,18.959328,0.0,20915.241784,784.874576,2476.166096,1949.540881,3136.37,18200,22,75,22713600.0,4158902.8314,24237.6396,12293.8009,377.5453,0.0,0.0006,0.0,86,0.05,1.013309,0.495014,0.497026,1.035445,0.404575,0.420002,0.294161,0.499394,0.049681,0.205144,0.303939,0.508972,0.403412,0.05432,0.028046,0.007315,0.006812,0.026699,0.004338,0.024301,0.001899,0.00736,4.6e-05,0.001503,0.002248,0.006288,0.004329,0.000303
18220,663,10479,9816,9816,0,0,0,104,20.615511,0.0,20795.622686,785.042752,2474.341737,1948.053486,3135.3,18220,22,75,22738560.0,4165637.5614,24280.5404,12311.517,377.6343,0.0,0.0006,0.0,86,0.049774,1.013601,0.494537,0.496697,1.035397,0.404084,0.419997,0.294392,0.499254,0.0497,0.205155,0.303393,0.50923,0.404436,0.054236,0.027995,0.007357,0.00677,0.026614,0.004279,0.024206,0.001884,0.007477,4.6e-05,0.001479,0.002216,0.006161,0.004344,0.0003
18240,659,10495,9836,9836,0,0,0,111,22.86589,0.0,20669.378299,781.530164,2475.603946,1947.088485,3163.66,18240,22,75,22763520.0,4172372.2914,24323.4413,12330.6468,378.5954,0.0,0.0006,0.0,86,0.050076,1.014114,0.494795,0.496693,1.033722,0.403709,0.419815,0.293977,0.498415,0.049909,0.205507,0.30338,0.510296,0.405183,0.05437,0.028001,0.007334,0.00689,0.026021,0.004355,0.024036,0.001884,0.007417,4.7e-05,0.001562,0.002241,0.00634,0.004315,0.000312
18260,655,10508,9853,9853,0,0,0,111,23.549726,0.0,20560.035081,778.370108,2478.080167,1946.58496,3188.34,18260,22,75,22788480.0,4179107.0214,24366.1987,12349.7328,378.9106,0.0,0.0006,0.0,86,0.047328,1.01296,0.493862,0.497261,1.032557,0.404343,0.416714,0.29472,0.497506,0.049942,0.204733,0.302998,0.510135,0.406455,0.053919,0.027013,0.00721,0.006879,0.02535,0.004321,0.023278,0.001833,0.007157,4.7e-05,0.001513,0.002232,0.006397,0.004233,0.000299
18280,639,10514,9875,9875,0,0,0,119,26.868811,0.0,20585.679065,764.636476,2488.494713,1948.322068,3248.3,18280,22,75,22813440.0,4185845.8374,24406.2302,12364.1799,379.1088,0.0,0.0006,0.0,86,0.050078,1.009873,0.493989,0.49753,1.033728,0.404573,0.417555,0.294713,0.499524,0.049974,0.204834,0.302883,0.510484,0.406579,0.054133,0.026792,0.007314,0.007004,0.025754,0.004322,0.023698,0.00185,0.00714,4.7e-05,0.001464,0.002234,0.006376,0.00417,0.000303
18300,634,10532,9898,9898,0,0,0,131,31.019703,0.0,20699.126824,749.263432,2499.716865,1949.218583,3273.95,18300,22,75,22838400.0,4192585.6614,24446.2617,12377.6646,379.2699,0.0,0.0006,0.0,86,0.048896,1.007687,0.493002,0.497776,1.034324,0.404602,0.417354,0.294928,0.499758,0.049814,0.204737,0.303737,0.50949,0.406019,0.053953,0.026636,0.007377,0.006987,0.025725,0.004314,0.023418,0.001841,0.007095,4.9e-05,0.001407,0.002189,0.006291,0.004286,0.000301
18320,633,10546,9913,9913,0,0,0,125,25.329247,0.0,20892.513917,749.293718,2505.377036,1948.053623,3293.18,18320,22,75,22863360.0,4199321.6514,24488.0476,12394.7835,380.7374,0.0,0.0006,0.0,86,0.048973,1.008392,0.493571,0.497789,1.035016,0.403514,0.417306,0.294662,0.500264,0.049891,0.204669,0.303672,0.509246,0.406207,0.053934,0.026756,0.007311,0.007087,0.025852,0.004205,0.023544,0.001852,0.007031,4.9e-05,0.001399,0.002184,0.006298,0.004285,0.000298
18340,637,10563,9926,9926,0,0,0,125,24.462908,0.0,21072.965913,751.490945,2504.046147,1945.6848,3280.92,18340,22,75,22888320.0,4206072.933,24531.1526,12413.0686,381.892,0.0,0.0006,0.0,86,0.048666,1.006691,0.492698,0.498292,1.033922,0.404368,0.418398,0.294135,0.500452,0.049838,0.206109,0.302767,0.509334,0.406099,0.053996,0.026168,0.007354,0.00696,0.026243,0.00438,0.023823,0.001899,0.007197,4.9e-05,0.001488,0.002175,0.006238,0.004313,0.000298
18360,645,10579,9934,9934,0,0,0,126,24.457882,0.0,21229.400292,757.947428,2497.59469,1942.225295,3257.23,18360,22,75,22913280.0,4212828.093,24575.4523,12429.3059,382.0948,0.0,0.0006,0.0,86,0.048062,1.007491,0.494499,0.499197,1.032154,0.40449,0.418046,0.293878,0.49995,0.049869,0.206018,0.302883,0.508837,0.407169,0.053949,0.026663,0.007573,0.007192,0.026009,0.004348,0.02369,0.001864,0.007213,4.9e-05,0.001492,0.002142,0.006294,0.004349,0.000295
18380,649,10599,9950,9950,0,0,0,122,22.979737,0.0,21347.564787,758.986648,2498.033615,1936.134834,3248.24,18380,22,75,22938240.0,4219583.0452,24621.9284,12449.903,382.5172,0.0,0.0006,0.0,86,0.050847,1.006887,0.493541,0.498786,1.033236,0.403423,0.420728,0.293419,0.499649,0.04982,0.206204,0.303388,0.508153,0.406665,0.054242,0.026536,0.0073,0.007206,0.026451,0.004391,0.024195,0.001903,0.007318,4.9e-05,0.001489,0.002164,0.006306,0.004458,0.000299
18400,643,10611,9968,9968,0,0,0,122,23.446094,0.0,21455.985299,756.844593,2499.709313,1925.843966,3272.55,18400,22,75,22963200.0,4226338.2052,24669.965,12470.3755,383.022,0.0,0.0006,0.0,86,0.051322,1.00495,0.494242,0.49861,1.033934,0.403137,0.420604,0.293422,0.500029,0.049822,0.205868,0.30339,0.508013,0.406676,0.054288,0.026156,0.007347,0.007059,0.026367,0.004266,0.02437,0.001896,0.007279,4.9e-05,0.001443,0.002135,0.00624,0.004467,0.000296
18420,644,10622,9978,9978,0,0,0,116,21.325008,0.0,21571.804428,762.442811,2496.232181,1918.767001,3270.68,18420,22,75,22988160.0,4233093.3652,24707.1328,12487.6372,383.022,0.0,0.0006,0.0,86,0.051242,1.005104,0.492914,0.499673,1.035604,0.402962,0.420392,0.293548,0.500688,0.049885,0.205267,0.303246,0.509116,0.406032,0.054183,0.025924,0.007228,0.007366,0.026668,0.004205,0.024412,0.001896,0.007159,5e-05,0.00138,0.002199,0.006171,0.004403,0.000293
18440,647,10640,9993,9993,0,0,0,113,19.982188,0.0,21648.917503,761.448651,2498.569161,1918.776304,3248.0,18440,22,75,23013120.0,4239848.3029,24735.8446,12505.1039,383.3158,0.0,0.0006,0.0,86,0.051005,1.005966,0.49103,0.500522,1.034475,0.404623,0.421516,0.293587,0.499702,0.049889,0.205618,0.303099,0.50888,0.406649,0.054146,0.026032,0.007222,0.007386,0.026728,0.004341,0.024251,0.001915,0.007176,5.1e-05,0.001404,0.002206,0.006266,0.0046,0.000296
18460,649,10661,10012,10012,0,0,0,115,19.230331,0.0,21743.172725,759.686306,2501.083362,1918.780929,3235.01,18460,22,75,23038080.0,4246613.7394,24764.5565,12525.9238,383.9974,0.0,0.0006,0.0,86,0.052388,1.008835,0.491562,0.498948,1.034264,0.403498,0.424675,0.29368,0.497857,0.049864,0.205845,0.302936,0.507936,0.406578,0.054562,0.026847,0.007219,0.007266,0.027074,0.004398,0.025571,0.00192,0.007274,5e-05,0.00148,0.002223,0.006463,0.004666,0.000311
18480,648,10676,10028,10028,0,0,0,116,20.571032,0.0,21824.110762,760.656679,2498.772289,1919.799801,3246.37,18480,22,75,23063040.0,4253384.7094,24792.1664,12546.2123,384.3426,0.0,0.0006,0.0,86,0.052469,1.008305,0.491684,0.498821,1.036059,0.403559,0.425905,0.293675,0.49863,0.049774,0.205468,0.302779,0.507764,0.407131,0.054831,0.026828,0.007283,0.007301,0.027815,0.004403,0.025599,0.001932,0.007383,5e-05,0.001475,0.002262,0.006556,0.00468,0.000311
18500,653,10692,10039,10039,0,0,0,110,19.721246,0.0,21862.935078,769.841673,2490.437081,1921.984047,3225.38,18500,22,75,23088000.0,4260155.6794,24817.205,12567.947,385.098,0.0,0.0006,0.0,86,0.053599,1.009146,0.492575,0.498745,1.034498,0.403681,0.424991,0.293399,0.498012,0.049761,0.205614,0.303114,0.507379,0.406643,0.054687,0.026951,0.007457,0.007217,0.027239,0.004392,0.025383,0.001875,0.007379,5e-05,0.001516,0.002247,0.006557,0.004632,0.000304
18520,655,10716,10061,10061,0,0,0,114,23.989165,0.0,21892.178091,764.29043,2491.720405,1922.997867,3186.46,18520,22,75,23112960.0,4266926.6494,24842.2436,12588.8333,385.7949,0.0,0.0006,0.0,86,0.054962,1.007482,0.492772,0.498205,1.036669,0.404184,0.424297,0.293078,0.49945,0.049737,0.205688,0.303805,0.50818,0.405806,0.054573,0.027221,0.007555,0.007078,0.026605,0.00437,0.025541,0.001861,0.00748,5.1e-05,0.001477,0.002274,0.006406,0.004543,0.000302
18540,666,10738,10072,10072,0,0,0,105,22.481393,0.0,21874.348322,774.014077,2483.504531,1924.902336,3143.41,18540,22,75,23137920.0,4273697.6194,24865.6734,12613.0493,386.0664,0.0,0.0006,0.0,86,0.054054,1.003888,0.492568,0.498365,1.040808,0.405326,0.426045,0.292978,0.499249,0.049685,0.205789,0.303638,0.508789,0.405028,0.054528,0.02657,0.007481,0.006704,0.027368,0.004385,0.026074,0.001854,0.007454,5.2e-05,0.001528,0.002278,0.006242,0.004522,0.000308
18560,664,10753,10089,10089,0,0,0,107,24.560451,0.0,21815.120111,778.590425,2476.849124,1926.681049,3162.99,18560,22,75,23162880.0,4280475.3259,24888.015,12637.3287,386.5359,0.0,0.0006,0.0,86,0.055723,1.005336,0.493142,0.498169,1.038476,0.405482,0.42593,0.293522,0.499441,0.049719,0.20576,0.304049,0.509343,0.405726,0.054558,0.026903,0.007554,0.00676,0.027068,0.004463,0.026328,0.001905,0.007492,5.2e-05,0.001569,0.002243,0.006247,0.00458,0.000312
18580,662,10765,10103,10103,0,0,0,107,24.231986,0.0,21732.673582,783.493387,2472.274626,1927.145094,3185.88,18580,22,75,23187840.0,4287261.2659,24911.1054,12658.9105,387.4066,0.0,0.0006,0.0,86,0.054381,1.00489,0.492757,0.498456,1.038495,0.405232,0.424518,0.293453,0.500029,0.049838,0.205412,0.303365,0.510174,0.405028,0.054548,0.026436,0.007449,0.006724,0.027329,0.004417,0.025777,0.001877,0.007486,5.3e-05,0.001562,0.002267,0.006278,0.004578,0.000313
18600,671,10783,10112,10112,0,0,0,110,24.553208,0.0,21600.507281,791.140957,2464.305835,1926.699551,3156.34,18600,22,75,23212800.0,4294055.7169,24935.1276,12677.0883,387.4066,0.0,0.0006,0.0,86,0.053651,1.006494,0.493489,0.498538,1.036431,0.404805,0.423836,0.293399,0.49939,0.049872,0.205891,0.303048,0.510868,0.406368,0.054668,0.026646,0.007606,0.00668,0.027417,0.004538,0.025388,0.001908,0.007571,5.2e-05,0.001624,0.002311,0.006429,0.004753,0.000316
18620,664,10792,10128,10128,0,0,0,116,25.712558,0.0,21482.179537,785.760687,2468.526754,1926.309159,3204.12,18620,22,75,23237760.0,4300856.6269,24959.3606,12691.9084,387.4066,0.0,0.0006,0.0,86,0.054217,1.005744,0.494433,0.498841,1.035601,0.404517,0.422959,0.29385,0.498615,0.049926,0.206497,0.302879,0.510331,0.406743,0.054774,0.026349,0.007669,0.006801,0.027061,0.00448,0.024937,0.001922,0.007608,5.1e-05,0.001624,0.002256,0.006501,0.004706,0.000321
18640,661,10813,10152,10152,0,0,0,114,24.059755,0.0,21456.693924,773.882976,2482.057269,1926.748478,3218.73,18640,22,75,23262720.0,4307657.2652,24982.87,12709.3455,388.1134,0.0,0.0006,0.0,86,0.057489,1.005028,0.495667,0.497614,1.035477,0.40398,0.423228,0.294639,0.499157,0.049899,0.206251,0.302886,0.509744,0.408082,0.054767,0.026014,0.007804,0.006631,0.026353,0.00447,0.02477,0.001898,0.007718,5.1e-05,0.001591,0.002214,0.006528,0.00483,0.000327
18660,665,10831,10166,10166,0,0,0,114,23.326976,0.0,21457.238142,777.177062,2479.495962,1928.155091,3202.01,18660,23,75,23287680.0,4314462.8627,25004.6911,12727.6574,388.4542,0.0,0.0006,0.0,86,0.054135,1.006883,0.49577,0.497485,1.033954,0.40516,0.423025,0.294242,0.49876,0.049879,0.206759,0.302022,0.508491,0.407267,0.054588,0.025626,0.007815,0.006664,0.025772,0.004516,0.024511,0.001906,0.007503,5.1e-05,0.001657,0.002211,0.00653,0.004915,0.000322
18680,657,10843,10186,10186,0,0,0,118,24.873202,0.0,21442.05414,775.986163,2479.140635,1928.898357,3219.78,18680,23,75,23312640.0,4321281.4877,25026.5121,12748.5539,389.7929,0.0,0.0006,0.0,86,0.054795,1.00905,0.495275,0.497406,1.034533,0.404766,0.424687,0.293852,0.499294,0.04984,0.207087,0.301668,0.508591,0.407419,0.054791,0.025804,0.007744,0.006793,0.025974,0.004462,0.024819,0.001909,0.007615,5.1e-05,0.001682,0.00221,0.006607,0.005016,0.000324
18700,660,10859,10199,10199,0,0,0,115,22.735744,0.0,21427.037474,779.472514,2477.791741,1929.279717,3210.6,18700,23,75,23337600.0,4328090.7977,25048.3331,12768.5328,389.9657,0.0,0.0006,0.0,86,0.056061,1.008322,0.495033,0.497042,1.035608,0.405762,0.424967,0.293829,0.500125,0.049843,0.20686,0.301594,0.509489,0.406783,0.054566,0.025925,0.007806,0.006803,0.026038,0.004402,0.025487,0.001908,0.007452,5e-05,0.001676,0.002168,0.006598,0.004798,0.000324
18720,655,10873,10218,10218,0,0,0,119,25.851138,0.0,21393.201812,775.373856,2478.775006,1929.472422,3243.49,18720,23,75,23362560.0,4334900.1077,25070.1542,12786.9748,390.9481,0.0,0.0006,0.0,86,0.054962,1.009483,0.495142,0.496812,1.033257,0.405279,0.426725,0.293261,0.500253,0.049826,0.207389,0.301888,0.508925,0.405732,0.05488,0.02675,0.007925,0.006829,0.026397,0.004524,0.026158,0.001931,0.00758,5e-05,0.001659,0.002175,0.006613,0.004848,0.000326
18740,653,10893,10240,10240,0,0,0,123,29.45126,0.0,21398.146009,769.632797,2480.915943,1929.569047,3254.14,18740,23,75,23387520.0,4341718.9037,25091.9752,12806.1225,391.9831,0.0,0.0006,0.0,86,0.056662,1.010959,0.494374,0.497268,1.030693,0.404696,0.427295,0.29361,0.500026,0.049817,0.207915,0.301577,0.50784,0.406619,0.055089,0.026572,0.007754,0.007,0.02524,0.004502,0.026642,0.001955,0.007751,5.1e-05,0.001662,0.002121,0.006456,0.004837,0.000337
18760,659,10915,10256,10256,0,0,0,120,26.297204,0.0,21455.062339,772.06258,2481.640216,1929.147486,3218.05,18760,23,75,23412480.0,4348560.2483,25114.4763,12827.621,393.3735,0.0,0.0006,0.0,86,0.056146,1.008818,0.493744,0.495605,1.030196,0.403948,0.428753,0.293866,0.49975,0.04986,0.207635,0.302257,0.507601,0.406873,0.05509,0.026418,0.007679,0.006987,0.024922,0.004513,0.027055,0.001962,0.007805,5.1e-05,0.00171,0.002116,0.006443,0.004899,0.000345
18780,659,10931,10272,10272,0,0,0,117,26.570223,0.0,21486.261905,774.464589,2478.965188,1928.32595,3202.95,18780,23,75,23437440.0,4355403.6983,25138.1787,12849.323,393.6471,0.0,0.0006,0.0,86,0.053111,1.01042,0.493129,0.495514,1.031848,0.402989,0.426228,0.294074,0.500154,0.049922,0.207185,0.302054,0.507307,0.406578,0.054748,0.025492,0.007487,0.006675,0.024539,0.004375,0.026238,0.001925,0.00775,5e-05,0.00169,0.002109,0.00625,0.004849,0.000335
18800,657,10943,10286,10286,0,0,0,119,25.257642,0.0,21536.778322,776.458936,2478.283422,1926.978183,3204.9,18800,23,75,23462400.0,4362246.7485,25163.3805,12869.0926,393.9381,0.0,0.0006,0.0,86,0.05175,1.008731,0.492341,0.496488,1.033569,0.403283,0.426105,0.295118,0.499303,0.050081,0.206961,0.302307,0.509376,0.407587,0.05486,0.025543,0.007548,0.006806,0.024893,0.004471,0.026378,0.001935,0.007889,5.4e-05,0.001682,0.002174,0.006471,0.005007,0.000341
18820,648,10958,10310,10310,0,0,0,130,30.040462,0.0,21610.109554,764.269436,2485.690102,1926.638613,3243.44,18820,23,75,23487360.0,4369092.192,25188.4045,12886.7265,394.9103,0.0,0.0006,0.0,86,0.052469,1.007483,0.491814,0.496387,1.033195,0.403659,0.426228,0.294123,0.500023,0.049955,0.207409,0.30234,0.508126,0.406662,0.054951,0.025563,0.007409,0.00678,0.025117,0.00437,0.026693,0.001937,0.007944,5.3e-05,0.001684,0.002166,0.006407,0.0048,0.000336
18840,647,10970,10323,10323,0,0,0,127,24.782882,0.0,21763.765402,765.536798,2489.68032,1925.513386,3260.37,18840,23,75,23512320.0,4375948.932,25214.5206,12903.4775,395.2711,0.0,0.0006,0.0,86,0.05255,1.007228,0.49263,0.496737,1.031211,0.403654,0.425505,0.294181,0.499487,0.050023,0.207041,0.302658,0.508318,0.406447,0.054829,0.025659,0.007573,0.006849,0.025306,0.004371,0.026242,0.001939,0.007846,5.2e-05,0.00166,0.002167,0.006427,0.004771,0.000331
18860,644,10989,10345,10345,0,0,0,130,25.713425,0.0,21955.001722,758.108869,2496.177705,1923.841642,3262.44,18860,23,75,23537280.0,4382806.8523,25242.4716,12920.1383,397.4545,0.0,0.0006,0.0,86,0.051242,1.008547,0.492112,0.49808,1.034736,0.403734,0.426186,0.294027,0.50028,0.050003,0.206778,0.303097,0.508744,0.407462,0.054864,0.026213,0.007646,0.00708,0.026689,0.004449,0.026438,0.001951,0.007735,5.5e-05,0.001601,0.002228,0.006563,0.004826,0.000328
18880,647,11010,10363,10363,0,0,0,133,27.609763,0.0,22138.696321,757.207969,2495.182268,1922.536769,3254.49,18880,23,75,23562240.0,4389674.0293,25271.258,12940.5478,398.0327,0.0,0.0006,0.0,86,0.051005,1.008754,0.492338,0.498748,1.034887,0.403793,0.426325,0.294112,0.500381,0.049843,0.206229,0.303345,0.508399,0.407741,0.054613,0.026785,0.007777,0.007092,0.026486,0.004502,0.02631,0.00198,0.007615,5.4e-05,0.001593,0.002211,0.006553,0.00481,0.000327
18900,653,11033,10380,10380,0,0,0,129,23.778304,0.0,22348.862975,762.587775,2493.633921,1921.906186,3226.49,18900,23,75,23587200.0,4396548.6793,25300.0552,12966.1428,398.6375,0.0,0.0006,0.0,86,0.052067,1.010076,0.49302,0.498789,1.034226,0.404451,0.426389,0.293871,0.501145,0.049698,0.20547,0.302395,0.508455,0.406986,0.054443,0.02719,0.007806,0.007183,0.026677,0.004574,0.026375,0.00197,0.00748,5.4e-05,0.001501,0.002197,0.006525,0.004749,0.00032
18920,659,11049,10390,10390,0,0,0,127,23.882859,0.0,22436.915264,777.824803,2478.292338,1921.59598,3205.22,18920,23,75,23612160.0,4403423.3293,25328.8525,12992.9021,398.9497,0.0,0.0006,0.0,86,0.051593,1.010601,0.493357,0.498945,1.035421,0.403692,0.425424,0.293891,0.500867,0.049663,0.205763,0.302402,0.50926,0.406417,0.054664,0.027142,0.007678,0.007193,0.026815,0.004523,0.026207,0.001977,0.007532,5.3e-05,0.001497,0.002197,0.006376,0.004659,0.000324
18940,668,11067,10399,10399,0,0,0,121,21.844103,0.0,22437.737111,788.578101,2469.577797,1921.441286,3166.57,18940,23,75,23637120.0,4410314.4463,25357.6497,13014.4287,399.5533,0.0,0.0006,0.0,86,0.050898,1.010143,0.493085,0.497906,1.035639,0.402801,0.425032,0.294263,0.500671,0.049887,0.20586,0.302727,0.508566,0.406768,0.054624,0.026724,0.007732,0.007011,0.026578,0.004507,0.026093,0.001952,0.007529,5.4e-05,0.001536,0.002187,0.006514,0.004712,0.000331
18960,673,11085,10412,10412,0,0,0,120,23.038184,0.0,22382.594547,792.832659,2464.129156,1921.363578,3153.18,18960,23,75,23662080.0,4417221.1363,25386.4469,13034.5111,399.9509,0.0,0.0006,0.0,86,0.049034,1.009908,0.493246,0.498516,1.034025,0.402226,0.425714,0.294362,0.500736,0.04972,0.206608,0.302894,0.507032,0.405668,0.054455,0.026318,0.007882,0.006977,0.026153,0.004446,0.025978,0.001946,0.007599,5.4e-05,0.001587,0.002144,0.006443,0.004758,0.000324
18980,664,11103,10439,10439,0,0,0,127,27.935558,0.0,22372.607388,780.554774,2471.509668,1921.049806,3164.96,18980,23,75,23687040.0,4424127.8263,25415.5546,13054.3174,400.8664,0.0,0.0006,0.0,86,0.049699,1.008771,0.49281,0.497696,1.034117,0.401645,0.425524,0.2937,0.499838,0.04971,0.206624,0.30307,0.505938,0.405046,0.054395,0.026088,0.007946,0.006971,0.027025,0.00444,0.026238,0.001971,0.007448,5.4e-05,0.001584,0.002124,0.006368,0.004697,0.000325
19000,664,11121,10457,10457,0,0,0,126,24.82536,0.0,22452.495854,779.134506,2476.040134,1920.205647,3177.23,19000,23,75,23712000.0,4431034.5163,25445.7179,13074.2267,401.5905,0.0,0.0006,0.0,86,0.052711,1.008226,0.492523,0.495963,1.034847,0.401728,0.427524,0.294373,0.50028,0.049676,0.20633,0.303278,0.505225,0.40696,0.054559,0.026669,0.007831,0.007072,0.026931,0.004466,0.026935,0.002001,0.007328,5.4e-05,0.001589,0.002185,0.006313,0.004635,0.000331
19020,661,11135,10474,10474,0,0,0,130,28.657875,0.0,22509.232149,777.336675,2474.00545,1917.573821,3203.16,19020,23,75,23736960.0,4437941.2063,25478.8891,13093.8258,402.1322,0.0,0.0006,0.0,86,0.05295,1.005705,0.492813,0.495514,1.038045,0.401712,0.429791,0.29359,0.500847,0.049768,0.206751,0.303711,0.504442,0.407592,0.054806,0.027039,0.008006,0.007261,0.027975,0.004592,0.027048,0.00203,0.007466,5.5e-05,0.001634,0.002257,0.006486,0.004646,0.000332
19040,671,11155,10484,10484,0,0,0,119,24.344881,0.0,22542.433922,787.019876,2468.635244,1914.986865,3171.49,19040,23,75,23761920.0,4444862.8663,25513.8692,13115.2366,402.8795,0.0,0.0006,0.0,86,0.052161,1.007401,0.492035,0.495147,1.038756,0.402598,0.430131,0.293414,0.50178,0.049736,0.206878,0.303688,0.504257,0.406437,0.054826,0.027136,0.007922,0.007318,0.028014,0.004579,0.026968,0.002036,0.007573,5.6e-05,0.001644,0.002251,0.006535,0.004661,0.00033
19060,679,11182,10503,10503,0,0,0,123,23.510388,0.0,22549.395985,787.569988,2468.919624,1913.107468,3113.5,19060,23,75,23786880.0,4451797.389,25549.5369,13139.1703,403.2915,0.0,0.0006,0.0,86,0.050074,1.008223,0.491382,0.496101,1.039308,0.403707,0.429649,0.293013,0.501221,0.049855,0.20747,0.303654,0.504034,0.40721,0.054876,0.027621,0.007743,0.007474,0.028055,0.004736,0.026387,0.002081,0.007714,5.7e-05,0.001745,0.002241,0.006785,0.00478,0.000334
19080,677,11202,10525,10525,0,0,0,125,26.644258,0.0,22506.846603,790.726785,2462.628957,1912.0312,3133.37,19080,23,75,23811840.0,4458735.699,25585.2047,13167.9563,404.2858,0.0,0.0006,0.0,86,0.050222,1.008734,0.492494,0.496319,1.039699,0.40371,0.428742,0.293017,0.500483,0.04994,0.207295,0.303663,0.504132,0.406256,0.054783,0.027926,0.007806,0.007444,0.028475,0.004752,0.026557,0.002105,0.007607,5.7e-05,0.001747,0.002231,0.006751,0.004722,0.00034
19100,679,11216,10537,10537,0,0,0,122,24.006808,0.0,22444.901329,802.506456,2453.486736,1911.392481,3126.23,19100,23,75,23836800.0,4465674.009,25620.8724,13191.9309,405.4874,0.0,0.0006,0.0,86,0.048601,1.00998,0.492384,0.496269,1.038507,0.40367,0.427181,0.293318,0.501337,0.049938,0.207226,0.304088,0.50454,0.405732,0.054655,0.02759,0.007722,0.007338,0.028301,0.004677,0.026455,0.002142,0.007599,5.6e-05,0.001737,0.002224,0.006749,0.004619,0.00034
19120,680,11238,10558,10558,0,0,0,129,27.287606,0.0,22338.46918,801.193497,2451.518896,1911.121799,3124.45,19120,23,75,23861760.0,4472623.569,25656.4203,13215.1832,406.2674,0.0,0.0006,0.0,86,0.05,1.01079,0.492111,0.495898,1.035359,0.403551,0.427728,0.293393,0.501063,0.049962,0.207234,0.303527,0.50611,0.405595,0.05477,0.028226,0.00769,0.007233,0.027329,0.004729,0.026676,0.002156,0.007592,5.4e-05,0.001755,0.002277,0.006701,0.004573,0.000346
19140,680,11259,10579,10579,0,0,0,127,26.353295,0.0,22269.581353,799.11742,2454.529286,1911.032882,3122.05,19140,23,75,23886720.0,4479580.629,25691.727,13238.1489,407.8315,0.0,0.0006,0.0,86,0.047059,1.010009,0.491648,0.496345,1.033275,0.40365,0.427212,0.293623,0.502776,0.050002,0.207437,0.303915,0.50556,0.405442,0.054607,0.027831,0.007784,0.007272,0.027678,0.004728,0.02559,0.002123,0.007766,5.5e-05,0.001742,0.002262,0.006879,0.004733,0.000345
19160,677,11275,10598,10598,0,0,0,128,27.413083,0.0,22198.090379,801.051366,2451.535551,1910.56775,3138.12,19160,23,75,23911680.0,4486537.689,25727.5882,13261.5859,408.51,0.0,0.0006,0.0,86,0.04579,1.011103,0.49266,0.495619,1.031774,0.402807,0.425444,0.293904,0.502157,0.049927,0.207296,0.30328,0.504635,0.40584,0.054519,0.027543,0.007744,0.007161,0.027061,0.004603,0.025192,0.002125,0.007773,5.4e-05,0.001745,0.002174,0.006888,0.00473,0.000339
19180,672,11291,10619,10619,0,0,0,125,27.43748,0.0,22128.835408,798.227455,2454.335065,1909.024729,3161.51,19180,23,75,23936640.0,4493494.6234,25765.1312,13282.033,409.8449,0.0,0.0006,0.0,86,0.044643,1.01298,0.493678,0.496249,1.034052,0.402543,0.424193,0.293374,0.501445,0.050043,0.206128,0.303249,0.506588,0.406611,0.054474,0.027977,0.007854,0.007136,0.027229,0.004668,0.0248,0.002123,0.007418,5.3e-05,0.001635,0.002191,0.006966,0.004714,0.00034
19200,670,11303,10633,10633,0,0,0,118,25.370956,0.0,22118.212089,797.214183,2457.414861,1907.221047,3176.8,19200,23,75,23961600.0,4500451.6834,25803.9686,13298.4461,410.7927,0.0,0.0006,0.0,86,0.044776,1.011803,0.493013,0.496707,1.034555,0.402825,0.424656,0.293145,0.50128,0.050045,0.206086,0.302661,0.506656,0.40714,0.054298,0.027772,0.007911,0.007195,0.027454,0.004711,0.024992,0.002096,0.00738,5.3e-05,0.001607,0.002199,0.006954,0.004663,0.00034
19220,667,11321,10654,10654,0,0,0,123,26.466584,0.0,22142.02347,789.14548,2464.387936,1905.998591,3186.43,19220,23,75,23986560.0,4507408.7434,25843.0749,13315.751,410.9065,0.0,0.0006,0.0,86,0.046477,1.011907,0.492925,0.49663,1.034676,0.403039,0.426068,0.293343,0.500737,0.050016,0.206705,0.302647,0.508003,0.406097,0.054408,0.027425,0.00774,0.00702,0.027823,0.004626,0.025711,0.002156,0.007453,5.2e-05,0.001723,0.002203,0.006996,0.004645,0.000344
19240,672,11343,10671,10671,0,0,0,126,26.112017,0.0,22194.926289,789.349724,2464.538259,1905.255654,3173.82,19240,23,75,24011520.0,4514365.529,25882.1812,13336.6932,412.1631,0.0,0.0006,0.0,86,0.046131,1.011973,0.492306,0.496921,1.034645,0.402118,0.426061,0.294483,0.500417,0.049941,0.206679,0.30339,0.508877,0.405369,0.054163,0.027458,0.007806,0.006988,0.027527,0.004581,0.025778,0.002141,0.007568,5.2e-05,0.001676,0.002213,0.007047,0.004718,0.000339
19260,677,11362,10685,10685,0,0,0,128,26.314602,0.0,22182.99664,795.497603,2458.187795,1904.790357,3153.84,19260,23,75,24036480.0,4521322.589,25921.2875,13360.6063,412.6991,0.0,0.0006,0.0,86,0.047267,1.011318,0.491692,0.496488,1.032979,0.402824,0.427371,0.294529,0.500593,0.049813,0.206332,0.303537,0.508329,0.40466,0.054183,0.027153,0.007639,0.006975,0.027416,0.004559,0.02598,0.002087,0.007489,5.2e-05,0.001681,0.002235,0.007031,0.004833,0.00033
19280,672,11379,10707,10707,0,0,0,129,27.528735,0.0,22176.539315,793.014292,2459.456972,1904.493382,3183.86,19280,23,75,24061440.0,4528279.4538,25960.3938,13384.4255,413.0749,0.0,0.0006,0.0,86,0.049107,1.011345,0.491715,0.49637,1.032904,0.402534,0.427751,0.294449,0.500038,0.049876,0.206354,0.303432,0.509162,0.405543,0.054474,0.027423,0.007574,0.007149,0.027278,0.004479,0.026115,0.002068,0.007548,5.3e-05,0.001708,0.002257,0.007082,0.004919,0.000335
19300,665,11389,10724,10724,0,0,0,125,25.785729,0.0,22208.584431,792.468825,2461.745447,1904.301514,3215.4,19300,23,75,24086400.0,4535236.5138,25999.5001,13402.6647,414.1128,0.0,0.0006,0.0,86,0.049624,1.011746,0.492276,0.496011,1.034436,0.402441,0.42661,0.293907,0.499627,0.049912,0.20538,0.304218,0.508572,0.406909,0.054333,0.0276,0.007674,0.007133,0.027238,0.004513,0.025347,0.002012,0.00755,5.3e-05,0.001585,0.00226,0.007137,0.004876,0.000331
19320,669,11408,10739,10739,0,0,0,125,29.20262,0.0,22261.541302,787.984165,2462.813215,1905.573275,3193.56,19320,23,75,24111360.0,4542193.5738,26037.0146,13417.1317,414.5838,0.0,0.0006,0.0,86,0.050822,1.010092,0.493016,0.496704,1.034504,0.402609,0.426584,0.294815,0.499626,0.049861,0.205653,0.304042,0.509013,0.406813,0.054468,0.028005,0.007787,0.007135,0.027294,0.004547,0.025613,0.002047,0.00751,5.2e-05,0.001568,0.002316,0.007088,0.004787,0.000336
19340,664,11419,10755,10755,0,0,0,127,27.99813,0.0,22326.934202,786.526575,2465.475295,1907.363414,3207.8,19340,23,75,24136320.0,4549150.6338,26072.5835,13433.9104,415.5733,0.0,0.0006,0.0,86,0.049699,1.011217,0.492767,0.496903,1.034061,0.40275,0.425299,0.294486,0.49912,0.049928,0.205656,0.3041,0.509179,0.406169,0.054489,0.027379,0.007617,0.007172,0.026734,0.004465,0.025182,0.002058,0.007476,5.3e-05,0.001573,0.002287,0.006892,0.004766,0.00033
19360,661,11433,10772,10772,0,0,0,135,27.831032,0.0,22417.681991,782.350738,2469.81823,1908.167254,3236.18,19360,23,75,24161280.0,4556107.6938,26108.1524,13450.2971,416.3806,0.0,0.0006,0.0,86,0.051437,1.010445,0.492433,0.496468,1.031221,0.401716,0.427101,0.293892,0.498788,0.049939,0.2064,0.303511,0.508129,0.406318,0.054556,0.026833,0.007573,0.007218,0.025336,0.00439,0.025784,0.002079,0.00764,5.2e-05,0.00173,0.002296,0.006813,0.004747,0.000331
19380,665,11450,10785,10785,0,0,0,129,24.523584,0.0,22509.500586,787.462334,2468.014083,1908.509281,3223.51,19380,23,75,24186240.0,4563064.4808,26143.7214,13470.6971,416.9876,0.0,0.0006,0.0,86,0.052632,1.010162,0.492701,0.496927,1.031652,0.402688,0.427137,0.294153,0.498636,0.049936,0.206588,0.303559,0.507137,0.407629,0.054516,0.026918,0.007741,0.007271,0.02495,0.00456,0.025864,0.002123,0.007757,5.3e-05,0.001732,0.002329,0.006673,0.004779,0.00033
19400,674,11475,10801,10801,0,0,0,133,27.655749,0.0,22529.398548,788.087595,2464.256656,1908.64909,3191.78,19400,23,75,24211200.0,4570021.5408,26179.2903,13490.3878,417.6261,0.0,0.0006,0.0,86,0.054896,1.011251,0.492243,0.495922,1.034899,0.402984,0.429115,0.293447,0.498996,0.049963,0.206594,0.303809,0.507266,0.406548,0.054768,0.02822,0.007928,0.007243,0.026232,0.004766,0.026863,0.002136,0.007753,5.5e-05,0.001762,0.002412,0.006706,0.004845,0.000336
19420,668,11489,10821,10821,0,0,0,137,27.114518,0.0,22560.490366,788.267685,2464.617797,1908.70366,3222.47,19420,23,75,24236160.0,4576978.6008,26214.8592,13513.6515,419.2731,0.0,0.0006,0.0,86,0.056886,1.010107,0.491357,0.495888,1.035082,0.403149,0.42905,0.293276,0.498454,0.049983,0.206906,0.303266,0.506611,0.406129,0.054951,0.028324,0.007848,0.007376,0.026432,0.004764,0.027156,0.002183,0.007691,5.4e-05,0.001738,0.002381,0.006727,0.004762,0.000341
19440,672,11504,10832,10832,0,0,0,131,25.462733,0.0,22572.021914,796.190648,2458.346619,1908.723396,3219.52,19440,23,75,24261120.0,4583935.6608,26250.4281,13533.6937,419.532,0.0,0.0006,0.0,86,0.058036,1.010739,0.491483,0.496438,1.034823,0.404124,0.430382,0.293694,0.499851,0.04986,0.206788,0.303601,0.506798,0.406694,0.054927,0.028184,0.008084,0.007395,0.02674,0.004813,0.027298,0.002226,0.007833,5.4e-05,0.001701,0.002435,0.006696,0.004729,0.000339
19460,683,11529,10846,10846,0,0,0,129,24.855242,0.0,22506.516159,802.257661,2452.887097,1908.729438,3168.84,19460,23,75,24286080.0,4590892.4133,26285.997,13556.3273,420.1068,0.0,0.0006,0.0,86,0.055637,1.011892,0.491547,0.497862,1.034962,0.403761,0.431048,0.293161,0.500359,0.049818,0.207243,0.304172,0.505535,0.406402,0.05487,0.028375,0.008282,0.007319,0.027438,0.004844,0.02755,0.002222,0.008009,5.3e-05,0.001758,0.002435,0.0068,0.004803,0.000338
19480,680,11544,10864,10864,0,0,0,132,25.675528,0.0,22404.887692,805.162734,2449.161738,1909.087703,3183.68,19480,23,75,24311040.0,4597849.4733,26321.085,13581.0354,420.6453,0.0,0.0006,0.0,86,0.055882,1.012363,0.492247,0.496141,1.032808,0.403765,0.432653,0.292794,0.500742,0.049774,0.207871,0.30442,0.505828,0.406758,0.055183,0.029437,0.008394,0.007044,0.027834,0.005159,0.028386,0.002314,0.008248,5.3e-05,0.001783,0.002454,0.006914,0.004864,0.000346
19500,675,11560,10885,10885,0,0,0,134,25.838613,0.0,22341.79377,798.85907,2455.302317,1908.906398,3214.42,19500,23,75,24336000.0,4604819.2241,26356.6539,13599.5801,421.879,0.0,0.0006,0.0,86,0.056296,1.013107,0.491167,0.495768,1.034397,0.404596,0.433691,0.293012,0.499562,0.049713,0.208042,0.304096,0.504753,0.40565,0.05522,0.028559,0.008299,0.006913,0.027848,0.005119,0.028525,0.002325,0.00829,5.3e-05,0.001781,0.002409,0.006797,0.004803,0.000337
19520,677,11584,10907,10907,0,0,0,136,29.955242,0.0,22304.567113,794.372088,2455.67267,1908.816376,3207.13,19520,23,75,24360960.0,4611794.6141,26392.2228,13620.5797,422.5261,0.0,0.0006,0.0,86,0.05613,1.015293,0.491615,0.496298,1.035245,0.404598,0.432705,0.29326,0.498752,0.049743,0.207347,0.303963,0.504121,0.406169,0.054905,0.028198,0.008335,0.007214,0.027529,0.005107,0.028739,0.002274,0.008146,5.2e-05,0.001752,0.002424,0.006747,0.004859,0.000336
19540,685,11605,10920,10920,0,0,0,131,23.52789,0.0,22256.897809,805.664012,2450.808098,1908.771429,3176.19,19540,23,75,24385920.0,4618769.7974,26427.7917,13646.7444,423.2748,0.0,0.0006,0.0,86,0.055474,1.014974,0.490628,0.496344,1.035297,0.403564,0.431964,0.293061,0.498004,0.049791,0.207639,0.304087,0.504112,0.407306,0.055037,0.028532,0.008235,0.007167,0.027606,0.00514,0.028521,0.002311,0.008189,5.1e-05,0.00178,0.002432,0.006894,0.00488,0.000344
19560,680,11622,10942,10942,0,0,0,129,25.275998,0.0,22163.964227,803.910132,2450.81387,1908.748084,3198.5,19560,23,75,24410880.0,4625745.1874,26463.3614,13671.0839,423.8584,0.0,0.0006,0.0,86,0.055882,1.016282,0.490019,0.496204,1.034496,0.403823,0.432226,0.292925,0.498281,0.04978,0.207266,0.303995,0.503574,0.406669,0.055286,0.028943,0.008019,0.00712,0.02713,0.005203,0.028682,0.00229,0.0079,5.1e-05,0.001722,0.0024,0.006985,0.004718,0.00035
19580,675,11637,10962,10962,0,0,0,134,26.261751,0.0,22102.498486,802.619265,2451.118984,1907.797018,3230.89,19580,23,75,24435840.0,4632720.5774,26500.1353,13692.7414,424.8776,0.0,0.0006,0.0,86,0.053333,1.015999,0.49192,0.496838,1.032873,0.402426,0.429511,0.292965,0.497934,0.04975,0.207221,0.302857,0.503258,0.407477,0.055004,0.028171,0.007703,0.007082,0.025587,0.005049,0.027298,0.002174,0.007689,5e-05,0.001623,0.002284,0.006784,0.00469,0.000344
19600,669,11651,10982,10982,0,0,0,137,24.268338,0.0,22094.854893,798.19866,2457.533003,1906.286169,3264.62,19600,23,75,24460800.0,4639695.9674,26538.5178,13714.0281,425.7057,0.0,0.0006,0.0,86,0.050822,1.014398,0.490865,0.497185,1.033138,0.401779,0.429388,0.293556,0.499684,0.049814,0.206645,0.302628,0.503654,0.406901,0.055035,0.027657,0.007626,0.007173,0.02568,0.004989,0.027412,0.002174,0.007737,5e-05,0.001564,0.002272,0.006773,0.004699,0.000357
19620,661,11662,11001,11001,0,0,0,135,26.856124,0.0,22116.333852,791.319558,2461.824319,1904.958486,3301.28,19620,23,75,24485760.0,4646671.3574,26577.8377,13729.7225,426.3295,0.0,0.0006,0.0,86,0.049924,1.013835,0.490596,0.49724,1.033026,0.401885,0.428894,0.29371,0.498611,0.049895,0.206818,0.302379,0.503776,0.406508,0.054875,0.027294,0.007609,0.00714,0.025752,0.004964,0.027203,0.002207,0.007546,5e-05,0.001663,0.002268,0.006714,0.004582,0.000355
19640,657,11680,11023,11023,0,0,0,142,27.074918,0.0,22251.668683,776.18196,2476.743123,1904.293849,3310.3,19640,23,75,24510720.0,4653646.7474,26617.1692,13742.1409,426.5117,0.0,0.0006,0.0,86,0.047184,1.012626,0.490958,0.497685,1.02993,0.402209,0.427953,0.293529,0.497851,0.049811,0.206988,0.30316,0.503595,0.405764,0.054975,0.026906,0.007941,0.006934,0.025642,0.004984,0.026489,0.002214,0.007645,5.1e-05,0.001636,0.002288,0.00659,0.004598,0.000362
19660,669,11703,11034,11034,0,0,0,142,24.13876,0.0,22377.824861,784.835844,2471.025396,1903.95403,3262.91,19660,23,75,24535680.0,4660622.1374,26656.5007,13764.0354,426.5117,0.0,0.0006,0.0,86,0.046338,1.014078,0.491728,0.497634,1.030728,0.40215,0.427375,0.293664,0.498937,0.049831,0.206828,0.303037,0.505161,0.405615,0.054926,0.026457,0.007737,0.00689,0.025337,0.004918,0.026232,0.002208,0.007746,5e-05,0.001654,0.00229,0.006537,0.00459,0.000363
19680,664,11721,11057,11057,0,0,0,143,27.276673,0.0,22482.123293,781.023741,2471.699586,1903.777599,3280.91,19680,23,75,24560640.0,4667597.5274,26695.8322,13788.5483,427.8168,0.0,0.0006,0.0,86,0.045181,1.011304,0.491476,0.497317,1.034091,0.403082,0.42785,0.293878,0.500713,0.049844,0.206564,0.303234,0.5048,0.405499,0.054666,0.026455,0.007785,0.006738,0.025713,0.005009,0.026689,0.002206,0.007571,5e-05,0.001613,0.002291,0.006471,0.004639,0.000362
19700,665,11745,11080,11080,0,0,0,146,31.35767,0.0,22571.045867,777.197093,2471.445237,1905.10685,3263.58,19700,23,75,24585600.0,4674572.72,26733.6164,13812.2892,429.2579,0.0,0.0006,0.0,86,0.046617,1.012158,0.489673,0.498044,1.030734,0.403489,0.428227,0.292703,0.499331,0.049799,0.206906,0.303337,0.503599,0.40498,0.054984,0.027174,0.00777,0.006941,0.025609,0.005159,0.026911,0.002166,0.007536,5.1e-05,0.001666,0.002323,0.006712,0.004602,0.000361
19720,674,11769,11095,11095,0,0,0,142,28.036885,0.0,22644.838932,786.866807,2465.096308,1907.300149,3227.19,19720,24,75,24610560.0,4681547.8078,26769.5093,13839.0878,430.9902,0.0,0.0006,0.0,86,0.048961,1.011726,0.488929,0.497758,1.030454,0.402969,0.429485,0.293024,0.498481,0.04973,0.207028,0.303844,0.503437,0.404635,0.055175,0.027617,0.007768,0.006945,0.025539,0.005246,0.027084,0.002179,0.007608,5.2e-05,0.001672,0.002373,0.006799,0.004707,0.000372
19740,680,11788,11108,11108,0,0,0,131,25.307151,0.0,22655.796952,800.124147,2454.568702,1908.562243,3191.45,19740,24,75,24635520.0,4688526.8068,26805.4023,13865.7165,432.841,0.0,0.0006,0.0,86,0.05,1.012761,0.490272,0.49757,1.031314,0.404022,0.430244,0.293536,0.498251,0.049762,0.206856,0.304202,0.503907,0.404988,0.055064,0.027836,0.007678,0.00702,0.025766,0.005241,0.027108,0.002195,0.007598,5.1e-05,0.001654,0.002409,0.006792,0.004704,0.000364
19760,685,11809,11124,11124,0,0,0,134,27.231456,0.0,22573.750252,804.677297,2448.091247,1909.24784,3179.38,19760,24,75,24660480.0,4695514.0406,26841.2952,13890.9485,433.0825,0.0,0.0006,0.0,86,0.049635,1.008922,0.490683,0.497134,1.032063,0.403848,0.429338,0.293578,0.498019,0.049816,0.20666,0.304436,0.503857,0.405882,0.054976,0.027455,0.007747,0.007039,0.025553,0.005172,0.026533,0.002161,0.00763,5e-05,0.001673,0.002416,0.006831,0.004617,0.000364
19780,684,11824,11140,11140,0,0,0,124,25.031776,0.0,22497.801737,808.012766,2446.955458,1909.608642,3194.6,19780,24,75,24685440.0,4702512.6881,26877.1882,13912.8562,433.7926,0.0,0.0006,0.0,86,0.049708,1.008611,0.490681,0.497309,1.030263,0.403677,0.430389,0.29327,0.496419,0.049745,0.20759,0.304321,0.502064,0.40673,0.054819,0.027298,0.007633,0.007126,0.024498,0.005206,0.026918,0.002138,0.007606,5e-05,0.001818,0.002395,0.006725,0.004674,0.00036
19800,683,11843,11160,11160,0,0,0,120,23.68894,0.0,22463.94842,803.104751,2453.206309,1909.795344,3197.84,19800,24,75,24710400.0,4709530.6586,26913.0811,13931.5259,435.006,0.0,0.0006,0.0,86,0.051245,1.008058,0.492259,0.497471,1.030298,0.401791,0.431226,0.293569,0.495509,0.049726,0.207073,0.304903,0.503895,0.407092,0.055015,0.027457,0.007582,0.007313,0.024194,0.005214,0.027265,0.002118,0.007394,5e-05,0.00177,0.002428,0.006734,0.0047,0.000367
19820,682,11857,11175,11175,0,0,0,115,22.335812,0.0,22432.620533,806.0386,2451.625588,1909.752874,3214.53,19820,24,75,24735360.0,4716561.7286,26949.1208,13951.4252,435.6267,0.0,0.0006,0.0,86,0.049853,1.009736,0.49273,0.497377,1.029866,0.402291,0.4313,0.292987,0.496626,0.049737,0.207563,0.304836,0.503783,0.406332,0.054936,0.027518,0.007595,0.007147,0.024413,0.005177,0.027055,0.002145,0.007477,5e-05,0.001752,0.002435,0.006591,0.004729,0.000366
19840,682,11877,11195,11195,0,0,0,115,25.993964,0.0,22401.156564,801.607647,2452.398389,1908.199826,3220.73,19840,24,75,24760320.0,4723592.7986,26987.1552,13972.0921,435.857,0.0,0.0006,0.0,86,0.05132,1.009852,0.491915,0.497416,1.030247,0.401698,0.432901,0.292947,0.497178,0.049768,0.207636,0.304928,0.502287,0.406314,0.05489,0.028484,0.007438,0.007349,0.024649,0.005124,0.027649,0.002152,0.007486,5.1e-05,0.001778,0.002436,0.00671,0.004775,0.000367
19860,677,11895,11218,11218,0,0,0,117,25.535519,0.0,22414.461117,794.553465,2459.911016,1905.907158,3243.64,19860,24,75,24785280.0,4730610.0129,27027.0645,13993.203,436.3717,0.0,0.0006,0.0,86,0.053176,1.009466,0.492184,0.497202,1.029592,0.401504,0.436106,0.293533,0.495263,0.049709,0.2077,0.3057,0.503049,0.406175,0.05476,0.028387,0.007783,0.00747,0.025042,0.005271,0.028356,0.002171,0.007499,5e-05,0.001747,0.002481,0.006689,0.004892,0.00037
19880,672,11908,11236,11236,0,0,0,116,26.933988,0.0,22463.602135,792.958341,2460.107671,1903.104365,3279.65,19880,24,75,24810240.0,4737628.1829,27068.6914,14013.9319,436.9406,0.0,0.0006,0.0,86,0.05506,1.007238,0.491272,0.496794,1.030068,0.401117,0.438324,0.293377,0.495075,0.049732,0.207445,0.305438,0.502118,0.405748,0.055067,0.028695,0.007764,0.007365,0.025119,0.005261,0.028871,0.002173,0.007675,5e-05,0.001748,0.00248,0.006684,0.004858,0.000372
19900,672,11922,11250,11250,0,0,0,115,25.492037,0.0,22545.73652,795.377458,2459.130505,1900.269409,3290.94,19900,24,75,24835200.0,4744663.0329,27111.4886,14032.9207,437.0407,0.0,0.0006,0.0,86,0.05506,1.007497,0.492933,0.497708,1.030905,0.401164,0.437745,0.293885,0.495154,0.049759,0.207527,0.305103,0.50192,0.406398,0.054808,0.028639,0.007886,0.007401,0.025046,0.005173,0.029054,0.00217,0.00754,4.9e-05,0.00173,0.002461,0.006605,0.004907,0.000367
19920,670,11942,11272,11272,0,0,0,121,27.445562,0.0,22655.082957,786.048894,2466.505544,1899.50509,3312.29,19920,24,75,24860160.0,4751697.3457,27152.9613,14050.9761,437.1387,0.0,0.0006,0.0,86,0.058209,1.009118,0.494304,0.49768,1.029811,0.401151,0.438387,0.293938,0.495931,0.049693,0.207668,0.30484,0.50369,0.406071,0.05515,0.028873,0.007829,0.007361,0.025094,0.005228,0.029448,0.002246,0.007755,4.9e-05,0.001711,0.002544,0.006677,0.005036,0.000367
19940,666,11958,11292,11292,0,0,0,125,28.966424,0.0,22804.195974,784.000911,2467.032665,1898.853058,3336.82,19940,24,75,24885120.0,4758732.1957,27194.6329,14072.0046,437.8517,0.0,0.0006,0.0,86,0.058559,1.010267,0.494509,0.498377,1.029513,0.401941,0.439723,0.294004,0.495759,0.049687,0.208164,0.304798,0.502434,0.405031,0.055176,0.028402,0.007931,0.007505,0.025621,0.005182,0.030199,0.002358,0.007761,4.9e-05,0.001856,0.002543,0.006685,0.004884,0.000369
19960,668,11978,11310,11310,0,0,0,124,27.848387,0.0,22913.289304,787.927331,2464.224282,1900.198675,3334.4,19960,24,75,24910080.0,4765767.0457,27233.9223,14095.9902,438.8353,0.0,0.0006,0.0,86,0.05988,1.011736,0.495093,0.499842,1.032993,0.40371,0.442935,0.293329,0.497004,0.049698,0.208255,0.304895,0.503655,0.404966,0.055377,0.02993,0.008116,0.007994,0.026714,0.005499,0.031236,0.002481,0.007985,5.1e-05,0.001905,0.002656,0.006911,0.004832,0.00036
19980,670,11996,11326,11326,0,0,0,125,26.260377,0.0,23018.974486,791.139222,2462.600401,1900.651742,3330.64,19980,24,75,24935040.0,4772801.8957,27272.8718,14117.5685,439.6809,0.0,0.0006,0.0,86,0.058209,1.012191,0.496111,0.500237,1.031528,0.404255,0.440444,0.293012,0.497913,0.049859,0.207578,0.303996,0.504567,0.404246,0.055241,0.029829,0.008215,0.007926,0.025896,0.005538,0.03047,0.002501,0.007847,5.1e-05,0.001865,0.002619,0.006889,0.004853,0.00036
20000,675,12017,11342,11342,0,0,0,120,23.400504,0.0,23094.02471,796.155722,2460.443774,1900.462087,3321.22,20000,24,75,24960000.0,4779850.7377,27311.8214,14141.7532,440.2723,0.0,0.0006,0.0,86,0.060741,1.010706,0.495674,0.499707,1.031419,0.403347,0.441194,0.292944,0.499118,0.049937,0.208147,0.303528,0.504965,0.4043,0.055344,0.029594,0.008153,0.00778,0.02569,0.005524,0.030881,0.002455,0.007872,5e-05,0.001868,0.002629,0.006694,0.004764,0.000366
20020,671,12032,11361,11361,0,0,0,117,23.430831,0.0,23197.411024,791.80303,2464.766139,1901.830329,3349.38,20020,24,75,24984960.0,4786903.0777,27348.8264,14162.6313,440.5495,0.0,0.0006,0.0,86,0.061103,1.00788,0.495858,0.500332,1.029592,0.402853,0.441852,0.293527,0.497755,0.04992,0.20784,0.303781,0.504289,0.404635,0.055287,0.029039,0.007981,0.007856,0.025663,0.005453,0.031175,0.002376,0.007852,4.9e-05,0.001883,0.002614,0.006628,0.004776,0.000365
20040,679,12052,11373,11373,0,0,0,122,24.658979,0.0,23274.882988,796.857992,2458.483029,1903.506419,3313.36,20040,24,75,25009920.0,4793961.4207,27384.998,14181.4853,440.8091,0.0,0.0006,0.0,86,0.061856,1.009743,0.496347,0.499975,1.02732,0.402507,0.443037,0.293361,0.497933,0.049915,0.20805,0.303494,0.5036,0.404381,0.055497,0.029537,0.008048,0.007826,0.026549,0.005489,0.031588,0.002369,0.00803,4.9e-05,0.001939,0.002605,0.00668,0.004659,0.000369
20060,685,12076,11391,11391,0,0,0,130,28.199357,0.0,23297.705892,799.431563,2452.369081,1904.744436,3297.83,20060,24,75,25034880.0,4801042.7227,27421.1697,14205.5717,441.4819,0.0,0.0006,0.0,86,0.061314,1.008316,0.496337,0.50059,1.030464,0.401693,0.44316,0.293394,0.497762,0.049875,0.207894,0.303522,0.504188,0.405123,0.055379,0.029958,0.008149,0.008012,0.026637,0.005499,0.031507,0.002342,0.008075,4.8e-05,0.001805,0.002577,0.006565,0.004652,0.000372
20080,693,12097,11404,11404,0,0,0,125,27.656297,0.0,23268.881971,810.738868,2441.604835,1905.637198,3276.02,20080,24,75,25059840.0,4808146.2452,27457.3413,14231.7677,442.6892,0.0,0.0006,0.0,86,0.062049,1.009805,0.495292,0.499479,1.031136,0.401076,0.443766,0.29353,0.497177,0.049887,0.207598,0.30352,0.50458,0.405803,0.055321,0.029701,0.008027,0.007922,0.026896,0.005548,0.031473,0.002358,0.007996,5e-05,0.001842,0.00255,0.006767,0.004764,0.000373
20100,688,12111,11423,11423,0,0,0,125,25.601313,0.0,23240.217361,811.049779,2443.348908,1907.281516,3308.5,20100,24,75,25084800.0,4815270.9321,27492.4454,14255.9112,443.0117,0.0,0.0006,0.0,86,0.061047,1.009807,0.49463,0.498925,1.032042,0.401123,0.444683,0.2935,0.497579,0.049924,0.208033,0.303896,0.505057,0.40596,0.055498,0.029568,0.008124,0.007909,0.026774,0.005531,0.032295,0.002302,0.007995,5e-05,0.001961,0.002564,0.006839,0.004902,0.000377
20120,682,12127,11445,11445,0,0,0,126,23.944884,0.0,23309.040877,802.859397,2453.195719,1910.23763,3346.32,20120,24,75,25109760.0,4822395.7521,27525.0587,14274.8955,443.5434,0.0,0.0006,0.0,86,0.061584,1.008978,0.494108,0.498464,1.032352,0.401278,0.443799,0.293648,0.49884,0.050001,0.207992,0.303302,0.504546,0.405238,0.055598,0.029374,0.00797,0.007932,0.026841,0.005485,0.031766,0.002316,0.008064,4.9e-05,0.00197,0.002578,0.006856,0.004687,0.000385
20140,692,12153,11461,11461,0,0,0,125,24.75266,0.0,23346.410528,808.556901,2446.69044,1911.354869,3306.53,20140,24,75,25134720.0,4829539.7831,27558.44,14299.77,443.9755,0.0,0.0006,0.0,86,0.062139,1.008269,0.493614,0.497267,1.030926,0.400237,0.442786,0.294488,0.499494,0.050007,0.20814,0.303844,0.505417,0.405256,0.055518,0.029487,0.007833,0.007711,0.026347,0.005516,0.03127,0.002357,0.008155,4.9e-05,0.001945,0.002544,0.006907,0.004786,0.000402
20160,695,12174,11479,11479,0,0,0,123,24.224595,0.0,23352.269061,813.750578,2442.024826,1910.893502,3302.76,20160,24,75,25159680.0,4836687.3281,27593.362,14326.6406,444.6844,0.0,0.0006,0.0,86,0.063309,1.008111,0.494184,0.497132,1.032384,0.400911,0.441684,0.29419,0.500046,0.05004,0.208558,0.304062,0.505502,0.405565,0.055169,0.028831,0.007905,0.0076,0.026154,0.005398,0.031537,0.002304,0.008122,4.9e-05,0.001934,0.002564,0.006817,0.004777,0.000392
20180,697,12194,11497,11497,0,0,0,124,25.652421,0.0,23323.983139,817.059241,2437.288338,1909.947813,3295.97,20180,24,75,25184640.0,4843855.5281,27629.2198,14351.7622,445.4516,0.0,0.0006,0.0,86,0.063128,1.007059,0.493936,0.496672,1.031528,0.402462,0.440859,0.293723,0.500291,0.050074,0.208321,0.304085,0.504571,0.405706,0.055171,0.028472,0.007841,0.007512,0.026413,0.00542,0.03098,0.002349,0.00823,4.9e-05,0.001923,0.002559,0.006861,0.004742,0.000377
20200,689,12209,11520,11520,0,0,0,131,27.759438,0.0,23352.814495,810.334607,2441.905955,1911.252702,3334.37,20200,24,75,25209600.0,4851033.6356,27663.0083,14371.7487,446.2161,0.0,0.0006,0.0,86,0.062409,1.008683,0.493592,0.496649,1.028897,0.402415,0.440167,0.293594,0.500898,0.05001,0.208441,0.30421,0.50434,0.405509,0.055222,0.029043,0.008034,0.007577,0.026379,0.005626,0.031348,0.002403,0.008258,4.8e-05,0.001943,0.002531,0.006884,0.004722,0.000386
20220,701,12231,11530,11530,0,0,0,124,23.016437,0.0,23383.016804,821.546734,2435.436829,1913.38602,3294.91,20220,24,75,25234560.0,4858239.3356,27694.9283,14394.0953,447.6824,0.0,0.0006,0.0,86,0.064194,1.009804,0.494463,0.497238,1.030513,0.401995,0.442296,0.294011,0.500418,0.050037,0.208621,0.304,0.504031,0.406231,0.055476,0.030386,0.007907,0.007897,0.026289,0.005545,0.031993,0.002368,0.008107,4.9e-05,0.002007,0.00255,0.00689,0.004708,0.000387
20240,704,12254,11550,11550,0,0,0,126,26.871174,0.0,23328.37597,822.67235,2430.456476,1914.693579,3292.71,20240,24,75,25259520.0,4865445.0356,27726.4583,14418.0539,448.3395,0.0,0.0006,0.0,86,0.065341,1.010569,0.495086,0.497554,1.027056,0.402362,0.443854,0.293525,0.501306,0.050021,0.208176,0.305189,0.503809,0.40539,0.055627,0.031038,0.007926,0.008019,0.026551,0.005504,0.032453,0.002389,0.008144,5e-05,0.002005,0.002607,0.006949,0.004787,0.000385
20260,708,12278,11570,11570,0,0,0,127,25.049694,0.0,23240.239655,829.315272,2425.635034,1915.040294,3268.94,20260,24,75,25284480.0,4872650.7356,27758.5081,14447.6623,449.3634,0.0,0.0006,0.0,86,0.064972,1.010198,0.495501,0.49618,1.026013,0.402438,0.443074,0.293907,0.50062,0.050076,0.208647,0.305839,0.503625,0.40479,0.055647,0.030769,0.007709,0.007924,0.026341,0.005395,0.031995,0.002405,0.008165,5e-05,0.002036,0.002619,0.006806,0.004671,0.000388
20280,705,12293,11588,11588,0,0,0,128,25.571617,0.0,23147.329938,830.966522,2423.461861,1915.207939,3295.3,20280,24,75,25309440.0,4879856.4356,27790.5579,14470.9307,449.511,0.0,0.0006,0.0,86,0.065248,1.010557,0.495479,0.496331,1.027189,0.402199,0.442891,0.294142,0.500661,0.050049,0.208532,0.306388,0.502298,0.404633,0.055548,0.030828,0.007717,0.007924,0.026478,0.005435,0.032127,0.002401,0.008145,5e-05,0.001952,0.002614,0.006686,0.004723,0.000384
20300,713,12319,11606,11606,0,0,0,131,27.718234,0.0,23000.450575,833.571025,2418.71074,1915.279413,3267.66,20300,24,75,25334400.0,4887062.1356,27822.6077,14496.3306,449.5861,0.0,0.0006,0.0,86,0.065919,1.010657,0.494982,0.495372,1.027918,0.402125,0.443854,0.293467,0.499706,0.049944,0.208115,0.306226,0.503591,0.404105,0.055386,0.03041,0.007775,0.0079,0.026686,0.005401,0.032212,0.002368,0.008132,4.9e-05,0.00193,0.002611,0.006599,0.004656,0.000375
20320,711,12336,11625,11625,0,0,0,131,26.449858,0.0,22888.038516,834.876523,2418.673619,1915.304385,3281.88,20320,24,75,25359360.0,4894267.3533,27854.6575,14522.027,450.4749,0.0,0.0006,0.0,86,0.068917,1.008167,0.493731,0.495938,1.026303,0.401369,0.446189,0.294255,0.498737,0.049917,0.207944,0.306973,0.504111,0.405423,0.055455,0.029978,0.007689,0.007931,0.025969,0.005411,0.033117,0.002348,0.008189,4.8e-05,0.001926,0.002751,0.006673,0.004835,0.000382
20340,703,12352,11649,11649,0,0,0,137,29.91546,0.0,22772.994564,828.452795,2421.631745,1915.308952,3327.98,20340,24,75,25384320.0,4901484.8906,27886.7073,14543.8298,451.3901,0.0,0.0006,0.0,86,0.069701,1.008267,0.493791,0.496963,1.025029,0.40151,0.446518,0.294729,0.497233,0.049968,0.20729,0.307284,0.504692,0.406539,0.055592,0.030576,0.007705,0.008258,0.025816,0.005483,0.033266,0.00233,0.007988,4.7e-05,0.001895,0.002723,0.006729,0.004903,0.000383
20360,691,12362,11671,11671,0,0,0,141,29.756124,0.0,22766.799001,821.503591,2428.740285,1915.305754,3391.09,20360,24,75,25409280.0,4908705.3307,27918.7571,14562.4031,452.3736,0.0,0.0006,0.0,86,0.068017,1.009626,0.493947,0.495721,1.025566,0.40055,0.446097,0.294603,0.495333,0.049999,0.207256,0.30647,0.505116,0.406791,0.05556,0.030535,0.007687,0.008043,0.025355,0.005463,0.032695,0.002356,0.007779,4.8e-05,0.001912,0.002677,0.006742,0.004842,0.000387
20380,696,12384,11688,11688,0,0,0,136,29.291023,0.0,22832.097784,817.765447,2432.94353,1915.071644,3360.43,20380,24,75,25434240.0,4915943.8132,27951.063,14578.7487,453.108,0.0,0.0006,0.0,86,0.067529,1.007974,0.493813,0.495599,1.027818,0.400887,0.445446,0.294728,0.49517,0.049985,0.207624,0.305531,0.505019,0.40597,0.055712,0.030332,0.007624,0.008013,0.025917,0.005396,0.033019,0.002378,0.007809,4.8e-05,0.001912,0.002656,0.006678,0.004771,0.000388
20400,697,12403,11706,11706,0,0,0,144,33.852407,0.0,22856.676826,818.96512,2427.182473,1913.626516,3357.12,20400,24,75,25459200.0,4923183.2332,27985.2532,14602.3336,453.4609,0.0,0.0006,0.0,86,0.065997,1.008493,0.494079,0.495938,1.028557,0.401537,0.445795,0.294307,0.49663,0.049987,0.208056,0.305303,0.506534,0.405777,0.055912,0.030072,0.007797,0.007757,0.026468,0.005516,0.033226,0.002429,0.007831,4.9e-05,0.001962,0.00267,0.006767,0.004807,0.000389
20420,698,12422,11724,11724,0,0,0,146,31.037472,0.0,22893.008288,821.619282,2427.343247,1911.98635,3363.05,20420,24,75,25484160.0,4930422.6532,28020.8625,14626.8524,453.5947,0.0,0.0006,0.0,86,0.065903,1.006781,0.493882,0.496036,1.030631,0.40223,0.446409,0.294432,0.4968,0.049999,0.208135,0.305545,0.506894,0.406046,0.055997,0.030741,0.00777,0.007827,0.026854,0.005641,0.033049,0.002436,0.007831,4.8e-05,0.001948,0.002706,0.006742,0.00487,0.000382
20440,693,12438,11745,11745,0,0,0,158,34.535584,0.0,22921.155569,814.788645,2430.675771,1910.996408,3399.16,20440,24,75,25509120.0,4937662.0732,28056.8,14646.0204,454.3216,0.0,0.0006,0.0,86,0.063492,1.006135,0.492585,0.495841,1.029427,0.403554,0.445211,0.294574,0.496648,0.050014,0.208438,0.30509,0.506441,0.405784,0.056143,0.03061,0.00759,0.007758,0.026684,0.005814,0.032455,0.002465,0.007902,4.9e-05,0.002019,0.002716,0.0068,0.004883,0.000381
20460,695,12454,11759,11759,0,0,0,150,31.841881,0.0,22992.547396,816.977577,2431.180542,1910.493236,3395.85,20460,24,75,25534080.0,4944901.4932,28092.7374,14664.9731,454.6263,0.0,0.0006,0.0,86,0.061871,1.006797,0.492313,0.496732,1.029455,0.403173,0.444674,0.295342,0.497007,0.050038,0.208688,0.304725,0.505853,0.405519,0.056161,0.030368,0.007641,0.007882,0.026562,0.00577,0.032906,0.002536,0.007866,4.9e-05,0.002082,0.002701,0.006912,0.004933,0.000383
20480,694,12468,11774,11774,0,0,0,147,30.861023,0.0,23043.503939,818.547884,2430.591093,1910.231534,3399.78,20480,24,75,25559040.0,4952140.9132,28128.6749,14684.8562,454.9241,0.0,0.0006,0.0,86,0.060519,1.007006,0.492659,0.498408,1.030508,0.402041,0.443552,0.295322,0.49724,0.050162,0.207688,0.305239,0.507072,0.406046,0.056161,0.030985,0.007689,0.008609,0.027641,0.00566,0.032863,0.002531,0.007772,4.9e-05,0.002023,0.002742,0.006859,0.004931,0.000384
20500,692,12481,11789,11789,0,0,0,147,29.696937,0.0,23105.834845,818.516867,2431.786197,1910.093775,3392.33,20500,24,75,25584000.0,4959380.1114,28164.6124,14702.5965,455.3867,0.0,0.0006,0.0,86,0.060694,1.006424,0.492211,0.49844,1.029675,0.402014,0.443914,0.295361,0.497274,0.050097,0.207463,0.305485,0.506715,0.406483,0.056146,0.030789,0.007991,0.008615,0.027756,0.005876,0.033224,0.002549,0.007717,5e-05,0.002015,0.002788,0.007044,0.005168,0.000385
20520,701,12505,11804,11804,0,0,0,146,29.297644,0.0,23164.677119,816.630962,2434.071393,1910.020786,3359.1,20520,24,75,25608960.0,4966619.5314,28200.5498,14720.6549,455.6131,0.0,0.0006,0.0,86,0.059914,1.008124,0.491512,0.498844,1.030208,0.402774,0.445207,0.295431,0.498161,0.050033,0.207486,0.304903,0.505792,0.405777,0.055879,0.030392,0.008003,0.008564,0.027753,0.005722,0.033566,0.002493,0.00775,5.1e-05,0.002016,0.002732,0.006834,0.005053,0.00038
20540,699,12524,11825,11825,0,0,0,143,30.188126,0.0,23213.082503,816.904901,2432.906972,1909.681394,3372.44,20540,24,75,25633920.0,4973867.8431,28236.8241,14745.0441,456.8844,0.0,0.0006,0.0,86,0.058655,1.009896,0.49201,0.499104,1.03173,0.401326,0.446136,0.295107,0.497547,0.049975,0.207168,0.305134,0.506209,0.406383,0.055706,0.030691,0.007979,0.008678,0.028064,0.005539,0.033751,0.002504,0.007682,5.2e-05,0.001937,0.002769,0.006775,0.005167,0.000376
20560,698,12544,11846,11846,0,0,0,139,29.060592,0.0,23253.163728,819.309212,2431.630196,1908.288093,3389.85,20560,24,75,25658880.0,4981121.3931,28274.7288,14770.3076,458.5702,0.0,0.0006,0.0,86,0.057307,1.009769,0.491285,0.499627,1.03375,0.402506,0.446471,0.2938,0.497238,0.049982,0.207443,0.305599,0.506925,0.405752,0.055662,0.030658,0.00811,0.008779,0.02924,0.005475,0.033424,0.002432,0.007699,5.4e-05,0.00195,0.002842,0.006736,0.005235,0.000372
20580,705,12565,11860,11860,0,0,0,139,27.586289,0.0,23276.580703,826.235761,2426.17795,1907.807938,3325.53,20580,24,75,25683840.0,4988374.4692,28312.5445,14793.8678,458.853,0.0,0.0006,0.0,86,0.056738,1.011057,0.493083,0.500573,1.034601,0.401816,0.44585,0.293255,0.496925,0.050133,0.207516,0.304759,0.506763,0.406658,0.055344,0.030536,0.008279,0.009182,0.028901,0.005469,0.033477,0.002418,0.007632,5.5e-05,0.00194,0.00282,0.006784,0.005333,0.00037
20600,699,12575,11876,11876,0,0,0,136,30.988151,0.0,23256.968483,830.741087,2418.270762,1908.575114,3354.78,20600,24,75,25708800.0,4995628.0192,28348.9926,14816.4411,459.7094,0.0,0.0006,0.0,86,0.058655,1.012394,0.492608,0.499862,1.033462,0.401265,0.446301,0.292951,0.496412,0.050032,0.207474,0.304699,0.506209,0.406359,0.055234,0.029862,0.008051,0.009053,0.028499,0.005399,0.03381,0.002401,0.00762,5.4e-05,0.001934,0.002806,0.00668,0.005266,0.000364
20620,708,12598,11890,11890,0,0,0,132,28.126809,0.0,23182.143175,837.292984,2414.580207,1908.955167,3322.91,20620,24,75,25733760.0,5002881.5692,28385.4407,14840.0161,460.2363,0.0,0.0006,0.0,86,0.05791,1.012336,0.492575,0.499981,1.032655,0.40183,0.445544,0.293166,0.497512,0.050108,0.207707,0.304324,0.505988,0.406382,0.055407,0.030786,0.007786,0.009209,0.028314,0.005423,0.033336,0.002503,0.007661,5.4e-05,0.001967,0.002794,0.006749,0.005197,0.000374
20640,713,12618,11905,11905,0,0,0,127,25.408392,0.0,23050.236355,844.817581,2409.774027,1909.077748,3308.54,20640,24,75,25758720.0,5010135.1192,28421.8889,14864.066,461.2535,0.0,0.0006,0.0,86,0.061711,1.014883,0.493893,0.498226,1.032685,0.40336,0.44902,0.29298,0.496931,0.050171,0.208156,0.304271,0.504974,0.407022,0.05534,0.031741,0.007767,0.009023,0.028376,0.005656,0.03435,0.002503,0.007829,5.5e-05,0.002066,0.002789,0.00675,0.005169,0.000374
20660,711,12639,11928,11928,0,0,0,132,28.072551,0.0,22901.397981,839.443658,2412.483791,1909.07159,3311.21,20660,24,75,25783680.0,5017388.6692,28458.337,14885.7746,461.8715,0.0,0.0006,0.0,86,0.064698,1.015404,0.493957,0.497088,1.033266,0.402497,0.449065,0.293253,0.497097,0.050192,0.20823,0.303723,0.503935,0.406883,0.055339,0.03249,0.007627,0.00908,0.028026,0.005491,0.03447,0.002478,0.007863,5.5e-05,0.002061,0.002733,0.006508,0.005181,0.000379
20680,699,12648,11949,11949,0,0,0,138,30.067035,0.0,22805.877996,834.56581,2415.367155,1909.015591,3376.85,20680,24,75,25808640.0,5024642.2192,28494.7851,14905.9709,462.3186,0.0,0.0006,0.0,86,0.061516,1.015589,0.494174,0.496949,1.032453,0.401469,0.446091,0.293224,0.497862,0.050258,0.208048,0.303744,0.504204,0.4064,0.055029,0.031693,0.007605,0.008616,0.028458,0.005429,0.033827,0.00245,0.007753,5.5e-05,0.002048,0.002692,0.006519,0.005075,0.000375
20700,696,12666,11970,11970,0,0,0,135,29.272351,0.0,22762.528599,829.792244,2420.935405,1908.949169,3359.33,20700,24,75,25833600.0,5031895.7692,28531.2333,14925.3113,464.0763,0.0,0.0006,0.0,86,0.063218,1.016191,0.494462,0.497921,1.029801,0.401583,0.446658,0.293522,0.497961,0.050228,0.207836,0.304081,0.504323,0.406368,0.055023,0.031625,0.007464,0.008617,0.028337,0.00541,0.034054,0.002475,0.007717,5.4e-05,0.001997,0.002757,0.006403,0.005059,0.000375
20720,689,12680,11991,11991,0,0,0,139,32.368677,0.0,22749.922173,822.162305,2425.469018,1908.88889,3396.58,20720,23,75,25858560.0,5039149.1498,28567.6814,14943.4232,464.2953,0.0,0.0006,0.0,86,0.065312,1.01407,0.495217,0.497354,1.030348,0.400801,0.448104,0.293929,0.497062,0.050242,0.208174,0.304406,0.504611,0.40786,0.055078,0.032057,0.007434,0.008511,0.028355,0.005395,0.034534,0.002541,0.007745,5.4e-05,0.002011,0.002827,0.006279,0.00522,0.000378
20740,696,12698,12002,12002,0,0,0,138,26.824413,0.0,22789.594846,826.64617,2426.529417,1908.839931,3375.26,20740,23,75,25883520.0,5046416.75,28604.1295,14961.874,464.7678,0.0,0.0006,0.0,86,0.064655,1.013504,0.496232,0.497278,1.031227,0.401437,0.447272,0.294274,0.496723,0.050188,0.207489,0.304218,0.504567,0.40763,0.055136,0.032081,0.007462,0.00844,0.028805,0.005374,0.034864,0.002527,0.007657,5.5e-05,0.001987,0.002814,0.00629,0.005211,0.000378
20760,694,12724,12030,12030,0,0,0,152,33.672602,0.0,22845.768776,813.053186,2433.274212,1908.3148,3381.09,20760,24,75,25908480.0,5053689.47,28641.1558,14982.4044,466.5585,0.0,0.0006,0.0,86,0.06196,1.014054,0.496655,0.496754,1.03014,0.402567,0.447181,0.293318,0.496724,0.05007,0.208175,0.304095,0.504037,0.406019,0.055294,0.032258,0.007548,0.008058,0.028844,0.005602,0.034918,0.00259,0.007763,5.6e-05,0.001944,0.002729,0.006276,0.005192,0.000384
20780,695,12742,12047,12047,0,0,0,144,27.917178,0.0,22933.933079,819.166606,2432.916216,1907.282931,3388.18,20780,24,75,25933440.0,5060974.8865,28679.2296,15008.711,467.1988,0.0,0.0006,0.0,86,0.058993,1.014516,0.496243,0.498145,1.026714,0.403025,0.446211,0.29417,0.496279,0.050091,0.208414,0.303826,0.504377,0.405784,0.055428,0.031486,0.007514,0.00827,0.027604,0.005625,0.033368,0.002597,0.00773,5.6e-05,0.00194,0.002632,0.006483,0.005177,0.000399
20800,689,12757,12068,12068,0,0,0,149,33.089908,0.0,23016.556579,817.212991,2429.697101,1905.969854,3423.44,20800,24,75,25958400.0,5068268.8226,28718.3427,15032.0007,467.8104,0.0,0.0006,0.0,86,0.060958,1.014811,0.495898,0.498912,1.0256,0.40282,0.447035,0.294275,0.497584,0.05004,0.207824,0.303897,0.503953,0.405674,0.055553,0.031794,0.007526,0.008454,0.02749,0.005622,0.033906,0.002658,0.007695,5.5e-05,0.0019,0.002545,0.006631,0.005186,0.000403
20820,698,12778,12080,12080,0,0,0,138,26.556008,0.0,23111.630328,824.361836,2429.082156,1905.173639,3385.68,20820,24,75,25983360.0,5075563.2326,28757.5622,15053.7014,468.7886,0.0,0.0006,0.0,86,0.058739,1.015691,0.495783,0.498725,1.022941,0.402514,0.447334,0.294138,0.495895,0.050014,0.208246,0.304695,0.503435,0.405577,0.055445,0.03169,0.007841,0.008239,0.027665,0.005657,0.03435,0.002665,0.007722,5.5e-05,0.001938,0.002554,0.006621,0.005216,0.000403
20840,699,12799,12100,12100,0,0,0,144,30.094384,0.0,23148.680263,823.307755,2426.597861,1905.119449,3392.38,20840,24,75,26008320.0,5082857.6426,28796.366,15075.8846,469.7986,0.0,0.0006,0.0,86,0.058655,1.01691,0.495185,0.499747,1.0227,0.40275,0.449671,0.294075,0.496014,0.050134,0.20804,0.305003,0.504235,0.405815,0.055358,0.031982,0.007905,0.008401,0.027653,0.005613,0.035317,0.002636,0.00791,5.6e-05,0.002011,0.002616,0.006727,0.005209,0.000396
20860,694,12814,12120,12120,0,0,0,144,30.01701,0.0,23214.36189,823.080854,2426.902136,1908.925352,3349.67,20860,24,75,26033280.0,5090151.8447,28830.4239,15100.0805,469.9724,0.0,0.0006,0.0,86,0.060519,1.017074,0.493941,0.499555,1.024462,0.403009,0.452553,0.294443,0.495725,0.050104,0.207847,0.304649,0.504271,0.406464,0.055485,0.032172,0.007857,0.008473,0.027996,0.005752,0.036115,0.002697,0.008021,5.6e-05,0.00201,0.002642,0.00681,0.005578,0.000397
20880,695,12834,12139,12139,0,0,0,146,30.537019,0.0,23245.884479,827.696436,2421.766546,1911.873116,3340.65,20880,24,75,26058240.0,5097466.9097,28863.4574,15126.1624,470.9524,0.0,0.0006,0.0,86,0.061871,1.017492,0.493798,0.499761,1.025828,0.402373,0.453878,0.294832,0.495051,0.050119,0.208451,0.304276,0.505292,0.406985,0.055613,0.032093,0.007808,0.008525,0.028209,0.005654,0.037386,0.002652,0.007957,5.7e-05,0.002217,0.002657,0.006951,0.005545,0.0004
20900,690,12846,12156,12156,0,0,0,144,30.330454,0.0,23311.23638,826.538072,2423.131474,1913.530722,3372.09,20900,24,75,26083200.0,5104784.2697,28896.491,15145.6445,471.4823,0.0,0.0006,0.0,86,0.06087,1.016065,0.495427,0.499399,1.026233,0.40289,0.452152,0.295008,0.495018,0.050243,0.208408,0.303933,0.504971,0.408307,0.055532,0.032274,0.007909,0.008565,0.027978,0.005772,0.03636,0.002624,0.007877,5.7e-05,0.002235,0.002644,0.006968,0.005628,0.000404
20920,692,12866,12174,12174,0,0,0,150,31.400827,0.0,23397.080577,820.192117,2428.407056,1914.425747,3370.85,20920,24,75,26108160.0,5112101.6297,28929.5245,15164.7235,471.5701,0.0,0.0006,0.0,86,0.062139,1.011682,0.496617,0.499514,1.025672,0.402328,0.451072,0.295181,0.495712,0.050176,0.207763,0.304221,0.504879,0.407317,0.055467,0.031387,0.007947,0.008277,0.027631,0.005518,0.036089,0.002732,0.007922,5.6e-05,0.002195,0.002709,0.006741,0.005631,0.000404
20940,693,12883,12190,12190,0,0,0,151,32.45174,0.0,23494.989744,819.264288,2428.283973,1914.898127,3378.8,20940,24,75,26133120.0,5119418.9897,28962.5581,15183.5218,472.14,0.0,0.0006,0.0,86,0.066378,1.011469,0.497503,0.499282,1.026346,0.401566,0.452192,0.295194,0.495649,0.050275,0.207875,0.303669,0.505171,0.40816,0.055511,0.031642,0.008064,0.008311,0.027507,0.005501,0.036942,0.002732,0.007821,5.8e-05,0.002195,0.002711,0.006664,0.005691,0.000403
20960,700,12903,12203,12203,0,0,0,145,30.695314,0.0,23562.284752,825.465795,2423.838891,1915.144407,3357.07,20960,24,75,26158080.0,5126736.0916,28995.5916,15205.6004,473.3528,0.0,0.0006,0.0,86,0.064286,1.012518,0.496253,0.497886,1.027588,0.402089,0.451568,0.295444,0.49412,0.050234,0.20732,0.303385,0.506717,0.409364,0.055755,0.031495,0.008116,0.008447,0.027598,0.005782,0.036264,0.002837,0.007809,5.8e-05,0.002186,0.002715,0.006813,0.005791,0.000405
20980,698,12924,12226,12226,0,0,0,148,33.012081,0.0,23597.923625,822.945826,2424.042092,1915.002981,3360.48,20980,24,75,26183040.0,5134053.4516,29028.9238,15230.0314,473.7811,0.0,0.0006,0.0,86,0.06447,1.014327,0.49591,0.49665,1.027359,0.402935,0.451123,0.294558,0.494554,0.050195,0.208031,0.302849,0.506819,0.408593,0.055835,0.032243,0.007968,0.008472,0.027383,0.005861,0.035973,0.00288,0.007995,5.7e-05,0.002342,0.002681,0.006896,0.005659,0.000399
21000,696,12940,12244,12244,0,0,0,146,29.305505,0.0,23681.726047,823.973975,2426.72052,1913.64722,3382.58,21000,24,75,26208000.0,5141370.8116,29063.9567,15252.9203,474.3766,0.0,0.0006,0.0,86,0.063218,1.011967,0.496042,0.497286,1.025908,0.402465,0.452362,0.29449,0.494232,0.050188,0.208068,0.303753,0.50687,0.409059,0.056078,0.032533,0.008067,0.008359,0.027743,0.005843,0.036654,0.002892,0.008048,5.8e-05,0.002442,0.002723,0.006907,0.005672,0.000403
21020,692,12957,12265,12265,0,0,0,151,34.2402,0.0,23768.607086,819.051174,2426.708626,1912.042474,3408.09,21020,24,75,26232960.0,5148687.969,29100.1593,15272.6894,475.7296,0.0,0.0006,0.0,86,0.063584,1.0112,0.496495,0.497208,1.028782,0.403239,0.451024,0.293764,0.494111,0.050168,0.208031,0.30399,0.507976,0.408735,0.056024,0.032059,0.007927,0.008391,0.028963,0.005959,0.036465,0.002783,0.007988,5.8e-05,0.00235,0.002756,0.006887,0.005639,0.000395
21040,703,12980,12277,12277,0,0,0,145,29.484561,0.0,23870.928076,823.820705,2426.694734,1911.016061,3355.83,21040,24,75,26257920.0,5156005.1843,29136.508,15291.5078,476.1962,0.0,0.0006,0.0,86,0.062589,1.013785,0.497439,0.497682,1.026521,0.403214,0.450183,0.293818,0.492818,0.050092,0.208312,0.304016,0.506846,0.40738,0.055624,0.031656,0.007828,0.00821,0.028946,0.005864,0.037011,0.002782,0.007804,5.8e-05,0.00232,0.002778,0.006744,0.005777,0.000389
21060,710,13005,12295,12295,0,0,0,132,26.523343,0.0,23927.730936,829.50369,2423.972966,1910.774331,3305.14,21060,24,75,26282880.0,5163337.6208,29172.4679,15318.352,477.2538,0.0,0.0006,0.0,86,0.060563,1.015177,0.496702,0.496928,1.02554,0.403833,0.450591,0.293567,0.492728,0.049987,0.208697,0.304886,0.506233,0.407299,0.055564,0.032063,0.008049,0.008311,0.028517,0.00615,0.036935,0.002779,0.007866,5.8e-05,0.002364,0.002772,0.006913,0.005936,0.000384
21080,709,13015,12306,12306,0,0,0,134,23.672998,0.0,23931.810608,842.752314,2413.574688,1913.067876,3324.55,21080,24,75,26307840.0,5170692.0608,29204.9288,15344.2157,478.0677,0.0,0.0006,0.0,86,0.062059,1.015068,0.49686,0.49745,1.026673,0.404054,0.451559,0.293228,0.493161,0.050001,0.208484,0.304149,0.505816,0.407141,0.055687,0.032345,0.008031,0.008433,0.028736,0.006137,0.03756,0.002766,0.0079,5.8e-05,0.002378,0.002783,0.006847,0.005869,0.000381
21100,714,13036,12322,12322,0,0,0,130,25.444633,0.0,23862.186776,846.22912,2408.326247,1914.09281,3312.72,21100,24,75,26332800.0,5178046.5008,29237.3898,15366.6314,479.4952,0.0,0.0006,0.0,86,0.064426,1.014535,0.496905,0.496281,1.028997,0.405013,0.45156,0.29394,0.495145,0.050016,0.207449,0.30396,0.506009,0.406781,0.055782,0.031794,0.007854,0.008222,0.028182,0.00604,0.036532,0.002777,0.00807,5.8e-05,0.002275,0.002837,0.006915,0.005905,0.000379
21120,717,13056,12339,12339,0,0,0,128,25.403025,0.0,23775.165174,847.100612,2407.496364,1914.791774,3312.81,21120,24,75,26357760.0,5185400.9408,29269.3698,15389.3344,480.1216,0.0,0.0006,0.0,86,0.064156,1.013001,0.495692,0.496238,1.030532,0.405236,0.453218,0.29456,0.4965,0.049939,0.206933,0.30446,0.5063,0.405458,0.055557,0.031807,0.007699,0.008173,0.028819,0.006074,0.037497,0.002763,0.008127,6e-05,0.002196,0.002795,0.006854,0.005955,0.000381
21140,719,13079,12360,12360,0,0,0,137,28.795688,0.0,23666.673436,844.903827,2406.300485,1914.790475,3313.27,21140,24,75,26382720.0,5192766.0863,29301.8308,15412.8485,480.9714,0.0,0.0006,0.0,86,0.063978,1.01165,0.494534,0.496234,1.033358,0.405085,0.455056,0.294476,0.497561,0.049836,0.207385,0.304819,0.505565,0.40361,0.055484,0.031322,0.007643,0.008037,0.028844,0.005804,0.038256,0.002699,0.00823,6e-05,0.002217,0.002739,0.006929,0.00561,0.000379
21160,714,13095,12381,12381,0,0,0,138,28.326693,0.0,23600.58608,846.522006,2405.151301,1914.758053,3336.44,21160,24,75,26407680.0,5200136.2388,29334.2917,15437.9036,481.3932,0.0,0.0006,0.0,86,0.065826,1.013416,0.495951,0.496569,1.035433,0.404394,0.455315,0.294233,0.498245,0.049894,0.207671,0.304828,0.50516,0.402979,0.055238,0.031253,0.00763,0.008262,0.029927,0.005796,0.038266,0.002673,0.008242,6e-05,0.002201,0.002725,0.006892,0.005482,0.000379
21180,705,13111,12406,12406,0,0,0,138,27.063807,0.0,23590.714806,837.407149,2415.529044,1914.724392,3386.19,21180,24,75,26432640.0,5207503.6988,29366.7527,15458.4993,482.0189,0.0,0.0006,0.0,86,0.06383,1.013861,0.495465,0.497464,1.033212,0.404948,0.4554,0.294587,0.498464,0.049955,0.207805,0.304254,0.505077,0.403782,0.055349,0.030979,0.007685,0.00825,0.028289,0.005918,0.037768,0.002673,0.00831,6e-05,0.002207,0.002711,0.00699,0.00542,0.000388
21200,715,13137,12422,12422,0,0,0,133,26.424445,0.0,23556.039393,840.143905,2413.43165,1914.69774,3352.04,21200,24,75,26457600.0,5214871.1588,29399.2137,15481.3739,482.499,0.0,0.0006,0.0,86,0.062937,1.012942,0.496778,0.497515,1.032843,0.4048,0.453497,0.294122,0.499174,0.050031,0.207986,0.304034,0.503585,0.404476,0.055315,0.031358,0.007893,0.00807,0.028555,0.005813,0.037094,0.002631,0.008459,5.9e-05,0.00219,0.002716,0.006903,0.005168,0.000383
21220,722,13161,12439,12439,0,0,0,128,27.119649,0.0,23492.340612,844.139418,2408.740933,1914.678702,3329.68,21220,24,75,26482560.0,5222239.2467,29431.6746,15507.6415,483.2964,0.0,0.0006,0.0,86,0.066482,1.010638,0.496445,0.496841,1.032363,0.403601,0.456085,0.294649,0.498377,0.05,0.207896,0.304948,0.50491,0.404775,0.055496,0.031906,0.007752,0.008127,0.02883,0.005854,0.037929,0.002757,0.008538,6e-05,0.002165,0.00282,0.007131,0.005436,0.000386
21240,726,13184,12458,12458,0,0,0,130,26.680573,0.0,23384.40429,848.306262,2405.013165,1914.665757,3313.84,21240,24,75,26507520.0,5229623.9653,29464.1356,15533.5921,484.2104,0.0,0.0006,0.0,86,0.064738,1.013218,0.497054,0.49777,1.031033,0.403177,0.455598,0.294739,0.497055,0.050002,0.207442,0.305637,0.504345,0.405519,0.05552,0.032768,0.007709,0.008221,0.028578,0.005793,0.037948,0.002727,0.008454,6.1e-05,0.002109,0.002856,0.007145,0.00553,0.000386
21260,719,13199,12480,12480,0,0,0,132,28.313192,0.0,23318.895149,846.992672,2404.694136,1914.657177,3345.46,21260,24,75,26532480.0,5237038.5658,29496.5966,15558.1297,484.5118,0.0,0.0006,0.0,86,0.063978,1.013635,0.496656,0.49846,1.031706,0.403929,0.456852,0.29423,0.496709,0.050011,0.207626,0.305265,0.503858,0.405147,0.055682,0.033122,0.007641,0.008194,0.029004,0.005783,0.037869,0.002673,0.008506,6e-05,0.002147,0.002877,0.007225,0.005398,0.00039
21280,711,13207,12496,12496,0,0,0,133,28.234204,0.0,23339.290058,849.482611,2402.283185,1913.998579,3397.66,21280,24,75,26557440.0,5244489.4588,29529.7903,15579.476,485.2824,0.0,0.0006,0.0,86,0.066104,1.012046,0.496211,0.498779,1.031761,0.404128,0.458151,0.294326,0.497883,0.050027,0.2076,0.305732,0.502801,0.404842,0.05579,0.033311,0.007647,0.008285,0.028834,0.005748,0.038455,0.002703,0.008427,5.9e-05,0.002095,0.002885,0.007134,0.005323,0.000393
21300,708,13222,12514,12514,0,0,0,135,27.187814,0.0,23407.885317,842.104619,2410.707567,1912.806806,3426.84,21300,24,75,26582400.0,5251942.6888,29563.9095,15594.0362,486.0486,0.0,0.0006,0.0,86,0.064972,1.011157,0.49662,0.499451,1.029869,0.403269,0.456836,0.293452,0.496744,0.050057,0.207764,0.305127,0.501281,0.405204,0.055855,0.032985,0.007459,0.008317,0.028466,0.005637,0.037437,0.002684,0.008382,6e-05,0.002109,0.002887,0.007092,0.005299,0.000394
21320,699,13235,12536,12536,0,0,0,137,27.641442,0.0,23542.160473,831.004397,2421.354162,1911.148785,3480.63,21320,25,75,26607360.0,5259395.6485,29598.9742,15608.8234,486.5406,0.0,0.0006,0.0,86,0.065808,1.012341,0.495886,0.500781,1.030591,0.40444,0.458488,0.292802,0.497093,0.050043,0.207642,0.305963,0.500326,0.405489,0.055756,0.033156,0.007838,0.008805,0.028174,0.005843,0.038607,0.002591,0.008525,6.1e-05,0.002187,0.002973,0.00715,0.005362,0.000398
21340,697,13259,12562,12562,0,0,0,147,34.55246,0.0,23736.391338,821.003178,2424.444362,1909.57395,3476.01,21340,25,75,26632320.0,5266856.3635,29634.4369,15628.4847,488.2733,0.0,0.0006,0.0,86,0.064562,1.011459,0.496067,0.501547,1.029298,0.405182,0.457571,0.293142,0.496446,0.050092,0.207536,0.305679,0.501164,0.405972,0.055806,0.034471,0.007819,0.008948,0.027753,0.005844,0.038411,0.002585,0.008527,6e-05,0.002194,0.002976,0.007082,0.005324,0.000407
21360,707,13286,12579,12579,0,0,0,148,31.676861,0.0,23957.99704,822.444043,2425.879096,1908.313157,3438.21,21360,25,75,26657280.0,5274324.5635,29669.8995,15650.0591,488.8419,0.0,0.0006,0.0,86,0.063649,1.01093,0.494784,0.501283,1.031678,0.405629,0.457103,0.293328,0.497085,0.05008,0.207697,0.305319,0.502459,0.405251,0.055821,0.034855,0.007754,0.008842,0.028393,0.005881,0.038106,0.002617,0.008552,6e-05,0.002217,0.003003,0.007063,0.005265,0.000407
21380,703,13302,12599,12599,0,0,0,139,27.096568,0.0,24166.521001,823.710078,2429.193355,1908.067311,3460.31,21380,25,75,26682240.0,5281792.7635,29704.5334,15675.7474,490.34,0.0,0.0006,0.0,86,0.062589,1.010386,0.493514,0.500471,1.032261,0.408317,0.458807,0.292648,0.498007,0.049951,0.208321,0.304846,0.502124,0.404267,0.055901,0.035189,0.007657,0.008658,0.027644,0.006051,0.038347,0.002716,0.008657,6.1e-05,0.002338,0.00299,0.006967,0.005344,0.000413
21400,709,13322,12613,12613,0,0,0,137,27.426694,0.0,24333.022518,831.110181,2421.463125,1909.775392,3441.2,21400,25,75,26707200.0,5289260.668,29737.0481,15700.4715,490.8182,0.0,0.0006,0.0,86,0.062059,1.00986,0.493944,0.500365,1.02965,0.407363,0.45843,0.293146,0.497653,0.049989,0.208401,0.30509,0.501802,0.404775,0.055871,0.034886,0.007642,0.00872,0.027947,0.006209,0.038356,0.002734,0.008581,5.9e-05,0.002324,0.003015,0.007072,0.005456,0.000413
21420,708,13338,12630,12630,0,0,0,142,28.21645,0.0,24444.688443,834.717348,2417.066202,1909.887267,3450.12,21420,25,75,26732160.0,5296728.6694,29771.4962,15724.2596,491.5413,0.0,0.0006,0.0,86,0.064972,1.009622,0.493338,0.499558,1.03119,0.406978,0.46002,0.293375,0.497445,0.049932,0.208451,0.305236,0.502442,0.404961,0.055886,0.034534,0.007542,0.008726,0.028191,0.006174,0.039463,0.002733,0.00845,5.9e-05,0.00232,0.003046,0.007062,0.005509,0.000411
21440,715,13359,12644,12644,0,0,0,138,25.819674,0.0,24526.405489,841.420961,2412.759365,1909.473521,3424.57,21440,25,75,26757120.0,5304196.8694,29807.2812,15747.0768,492.4121,0.0,0.0006,0.0,86,0.064336,1.011599,0.492452,0.500164,1.032588,0.407159,0.461974,0.293427,0.497564,0.049843,0.209049,0.305071,0.500328,0.403767,0.055904,0.035164,0.007567,0.008714,0.028304,0.006132,0.039838,0.002722,0.008636,6e-05,0.002394,0.003044,0.00715,0.005453,0.000403
21460,727,13388,12661,12661,0,0,0,132,26.557505,0.0,24506.490649,847.962321,2405.480174,1909.090563,3364.64,21460,25,75,26782080.0,5311671.3885,29843.6212,15775.8412,493.0938,0.0,0.0006,0.0,86,0.059147,1.011414,0.492019,0.501101,1.035263,0.406885,0.459023,0.293716,0.497363,0.049818,0.209266,0.304729,0.501005,0.402229,0.055767,0.033621,0.0075,0.008612,0.028179,0.006067,0.038353,0.002639,0.008503,6e-05,0.00221,0.002961,0.00706,0.00547,0.000393
21480,723,13409,12686,12686,0,0,0,137,28.414165,0.0,24494.566204,850.390148,2401.195687,1907.615664,3383.63,21480,25,75,26807040.0,5319161.6985,29881.8846,15806.2413,494.465,0.0,0.0006,0.0,86,0.055325,1.013171,0.492209,0.50129,1.03729,0.407387,0.457332,0.293922,0.496068,0.049881,0.209564,0.304422,0.500853,0.402437,0.055596,0.033203,0.007438,0.008336,0.028583,0.006105,0.037842,0.002593,0.00826,5.9e-05,0.002213,0.002926,0.007136,0.005327,0.000387
21500,720,13427,12707,12707,0,0,0,137,27.292379,0.0,24499.956586,850.431666,2402.275955,1906.286258,3392.21,21500,25,75,26832000.0,5326652.0085,29921.0355,15832.642,495.1745,0.0,0.0006,0.0,86,0.056944,1.011506,0.493667,0.501385,1.037598,0.405955,0.457344,0.293929,0.494896,0.049934,0.208723,0.305264,0.50082,0.402781,0.055608,0.032753,0.007495,0.008211,0.028272,0.006034,0.038353,0.002553,0.008094,5.8e-05,0.002154,0.002928,0.007169,0.00525,0.000384
21520,716,13443,12727,12727,0,0,0,139,26.191901,0.0,24529.229624,849.675862,2404.132238,1905.571138,3420.84,21520,25,75,26856960.0,5334142.3185,29960.1892,15854.8378,495.623,0.0,0.0006,0.0,86,0.060056,1.012889,0.494286,0.501273,1.03811,0.405925,0.456475,0.293304,0.493448,0.05014,0.208869,0.304533,0.501022,0.404049,0.055838,0.032885,0.007365,0.007994,0.027921,0.006061,0.038678,0.002563,0.00801,5.7e-05,0.002193,0.002929,0.007239,0.005112,0.000386
21540,719,13464,12745,12745,0,0,0,137,27.808967,0.0,24548.53056,847.48128,2404.709753,1905.170828,3414.3,21540,25,75,26881920.0,5341632.4113,29999.3428,15874.2954,495.8583,0.0,0.0006,0.0,86,0.058414,1.012398,0.493769,0.50131,1.037077,0.40467,0.456738,0.293492,0.493722,0.050137,0.209245,0.304391,0.502708,0.403091,0.055809,0.032086,0.007361,0.008003,0.028641,0.005932,0.038214,0.002578,0.008001,6e-05,0.002224,0.002903,0.007307,0.005255,0.000388
21560,720,13482,12762,12762,0,0,0,133,27.102306,0.0,24604.681056,848.868139,2404.029555,1904.940505,3420.77,21560,25,75,26906880.0,5349122.5924,30038.4965,15897.7812,496.4474,0.0,0.0006,0.0,86,0.058333,1.011137,0.493851,0.502586,1.037698,0.404659,0.456521,0.294014,0.493349,0.050312,0.209167,0.304603,0.502439,0.404392,0.055919,0.03257,0.007385,0.008395,0.028998,0.005967,0.038364,0.002604,0.00799,6.2e-05,0.002224,0.003002,0.007362,0.005465,0.000392
21580,726,13503,12777,12777,0,0,0,136,26.934292,0.0,24585.628441,855.861254,2397.204454,1904.778476,3408.84,21580,25,75,26931840.0,5356612.9024,30077.6776,15922.5318,496.9978,0.0,0.0006,0.0,86,0.057851,1.012947,0.494692,0.501465,1.035116,0.403371,0.45392,0.294132,0.493884,0.050199,0.209317,0.304178,0.501763,0.404453,0.055715,0.031912,0.007178,0.008133,0.027925,0.005829,0.037332,0.002571,0.007886,6.1e-05,0.002164,0.002896,0.007224,0.005375,0.000386
21600,733,13530,12797,12797,0,0,0,135,25.212033,0.0,24533.464885,859.609212,2395.178755,1903.10474,3384.65,21600,25,75,26956800.0,5364107.9208,30118.7554,15950.1495,498.4939,0.0,0.0006,0.0,86,0.058663,1.011157,0.494577,0.499914,1.034078,0.403308,0.45588,0.294118,0.494455,0.050042,0.209484,0.304495,0.502203,0.404885,0.055759,0.031973,0.00724,0.008152,0.027957,0.005864,0.038657,0.002595,0.007836,6.2e-05,0.00216,0.002866,0.007285,0.00558,0.000399
21620,738,13550,12812,12812,0,0,0,131,23.757635,0.0,24435.881346,867.762337,2388.480027,1900.653705,3367.72,21620,25,75,26981760.0,5371614.2457,30162.0699,15975.7686,499.7016,0.0,0.0006,0.0,86,0.059621,1.011885,0.495271,0.4991,1.03523,0.40322,0.45549,0.293761,0.494923,0.050108,0.20935,0.30377,0.501904,0.405219,0.055696,0.03233,0.007311,0.008074,0.027883,0.005888,0.038787,0.002582,0.007768,6.3e-05,0.002214,0.002843,0.00723,0.005445,0.000397
21640,737,13574,12837,12837,0,0,0,126,24.892853,0.0,24311.067718,864.721688,2390.385459,1899.784469,3380.38,21640,25,75,27006720.0,5379120.7857,30204.6982,16002.1227,500.5115,0.0,0.0006,0.0,86,0.059701,1.011186,0.495716,0.498562,1.03844,0.403846,0.45637,0.294262,0.494681,0.050111,0.209251,0.303721,0.502138,0.405044,0.055777,0.032815,0.007317,0.008089,0.02915,0.005929,0.038208,0.002579,0.007856,6.5e-05,0.002208,0.002787,0.007379,0.005454,0.0004
21660,730,13587,12857,12857,0,0,0,125,25.772105,0.0,24207.862866,865.912618,2388.315277,1898.757188,3426.4,21660,25,75,27031680.0,5386627.3257,30247.9012,16026.553,502.1453,0.0,0.0006,0.0,86,0.058904,1.010543,0.496248,0.499532,1.037687,0.404632,0.45709,0.29401,0.494212,0.050152,0.209375,0.303846,0.500376,0.405372,0.056005,0.03332,0.007368,0.008429,0.028793,0.005975,0.038352,0.0026,0.007957,6.5e-05,0.002249,0.002791,0.007266,0.005477,0.000399
21680,733,13607,12874,12874,0,0,0,124,25.632407,0.0,24101.241571,865.378579,2388.989014,1897.703152,3413.96,21680,25,75,27056640.0,5394133.8657,30291.3842,16046.2606,503.0743,0.0,0.0006,0.0,86,0.060027,1.010794,0.496355,0.49818,1.039365,0.404983,0.458836,0.29329,0.495569,0.049904,0.20961,0.304052,0.499835,0.403666,0.056239,0.033355,0.007398,0.008235,0.029544,0.005867,0.039068,0.002573,0.008012,6.5e-05,0.002344,0.002823,0.007154,0.005438,0.000403
21700,739,13622,12883,12883,0,0,0,114,22.082284,0.0,23978.853875,877.195127,2380.722589,1897.045119,3397.99,21700,25,75,27081600.0,5401654.8426,30334.8548,16067.3623,503.6042,0.0,0.0006,0.0,86,0.062246,1.012138,0.496959,0.497626,1.037931,0.403657,0.459274,0.293342,0.495186,0.049899,0.20932,0.304193,0.499699,0.403482,0.056217,0.033655,0.007218,0.008248,0.029344,0.005798,0.039252,0.00256,0.008103,6.5e-05,0.002325,0.002813,0.007242,0.005495,0.000407
21720,731,13641,12910,12910,0,0,0,124,25.821014,0.0,23855.610346,866.200243,2387.978743,1899.530798,3443.49,21720,25,75,27106560.0,5409178.3078,30374.7349,16086.9214,504.9547,0.0,0.0006,0.0,86,0.060192,1.014232,0.497372,0.497377,1.037615,0.404932,0.454905,0.292777,0.495132,0.049846,0.20887,0.304719,0.50015,0.40435,0.055835,0.033153,0.007327,0.008048,0.028527,0.005762,0.036631,0.002458,0.008083,6.4e-05,0.002201,0.002843,0.007266,0.005484,0.000393
21740,732,13665,12933,12933,0,0,0,126,27.687121,0.0,23778.779642,860.124069,2392.18881,1901.458135,3448.44,21740,25,75,27131520.0,5416701.9178,30414.0418,16110.7951,505.4454,0.0,0.0006,0.0,86,0.062842,1.01275,0.497467,0.49772,1.038799,0.403987,0.461481,0.292482,0.493414,0.049931,0.210287,0.303959,0.500959,0.404563,0.056575,0.03418,0.007262,0.008247,0.028213,0.00583,0.040329,0.002544,0.008168,6.4e-05,0.002509,0.002882,0.007403,0.005527,0.000413
21760,727,13681,12954,12954,0,0,0,131,29.017761,0.0,23750.139316,859.80195,2391.180289,1902.57399,3476.71,21760,25,75,27156480.0,5424225.5278,30453.3486,16135.1288,506.146,0.0,0.0006,0.0,86,0.060523,1.011995,0.49649,0.498351,1.040694,0.404582,0.459104,0.29236,0.493296,0.049968,0.210515,0.304127,0.500792,0.404721,0.056338,0.033747,0.007391,0.008203,0.028907,0.005878,0.039725,0.002593,0.008149,6.4e-05,0.002557,0.00289,0.007258,0.005426,0.000402
21780,715,13693,12978,12978,0,0,0,143,31.742489,0.0,23784.389933,852.69707,2395.56044,1903.188952,3536.49,21780,25,75,27181440.0,5431754.3773,30492.6555,16155.5973,506.4511,0.0,0.0006,0.0,86,0.061538,1.014011,0.497084,0.49834,1.04027,0.405303,0.458622,0.291855,0.493196,0.050018,0.210612,0.304477,0.500764,0.404622,0.056237,0.034187,0.007413,0.008292,0.029147,0.006009,0.039727,0.002599,0.008097,6.2e-05,0.002565,0.0029,0.007081,0.005274,0.000405
21800,716,13704,12988,12988,0,0,0,139,27.301761,0.0,23843.005523,856.767203,2395.931036,1903.517505,3539.62,21800,25,75,27206400.0,5439301.2973,30531.9624,16171.7454,506.7288,0.0,0.0006,0.0,86,0.058659,1.015162,0.497814,0.498681,1.040215,0.405442,0.457793,0.291781,0.492783,0.050034,0.210179,0.304551,0.500232,0.404966,0.056035,0.034272,0.007549,0.008262,0.029624,0.005983,0.039271,0.002598,0.008123,6.2e-05,0.002555,0.002889,0.007087,0.005266,0.000403
21820,713,13727,13014,13014,0,0,0,142,32.608879,0.0,23923.001736,844.575261,2402.81586,1907.324748,3559.98,21820,25,75,27231360.0,5446852.8304,30566.871,16191.7727,507.6682,0.0,0.0006,0.0,86,0.060309,1.014588,0.497206,0.500131,1.040884,0.405712,0.462762,0.29201,0.49522,0.05013,0.210873,0.305157,0.500496,0.404541,0.05628,0.035613,0.007687,0.008609,0.030806,0.006012,0.039912,0.002615,0.008308,6.7e-05,0.00259,0.00291,0.007205,0.005508,0.000409
21840,720,13753,13033,13033,0,0,0,139,31.359537,0.0,24003.672507,848.402971,2400.237492,1910.884658,3530.72,21840,25,75,27256320.0,5454400.7448,30599.3195,16217.4936,508.2315,0.0,0.0006,0.0,86,0.0625,1.016393,0.497624,0.501388,1.041968,0.406721,0.463189,0.292295,0.495729,0.049983,0.210844,0.304702,0.501614,0.404864,0.056562,0.037394,0.007531,0.008767,0.030787,0.006065,0.039422,0.00262,0.008372,6.5e-05,0.002581,0.00294,0.007186,0.005533,0.000416
21860,725,13773,13048,13048,0,0,0,136,29.692751,0.0,24046.193882,856.876709,2393.43054,1912.678033,3518.11,21860,25,75,27281280.0,5461959.7548,30631.768,16243.9104,508.9427,0.0,0.0006,0.0,86,0.063448,1.017113,0.497544,0.50032,1.040196,0.406365,0.461357,0.292304,0.49513,0.049998,0.210195,0.304334,0.501601,0.404285,0.056175,0.036478,0.007423,0.008524,0.029637,0.006137,0.039948,0.002619,0.008271,6.5e-05,0.002529,0.002905,0.007107,0.00547,0.000416
21880,729,13794,13065,13065,0,0,0,134,34.6708,0.0,24001.770212,862.55504,2382.77416,1913.550414,3507.74,21880,25,75,27306240.0,5469518.118,30664.2165,16269.983,510.5124,0.0,0.0006,0.0,86,0.060357,1.017056,0.497367,0.500295,1.038993,0.405804,0.45916,0.293145,0.494607,0.049886,0.209915,0.304384,0.50144,0.406485,0.056024,0.036778,0.007443,0.008433,0.030145,0.006297,0.039073,0.00262,0.008283,6.3e-05,0.002485,0.00295,0.007263,0.005874,0.000411
21900,737,13823,13086,13086,0,0,0,137,31.091007,0.0,23916.104502,866.373752,2382.535241,1913.968071,3472.14,21900,25,75,27331200.0,5477076.8291,30696.665,16297.5102,511.8893,0.0,0.0006,0.0,86,0.058345,1.018726,0.498641,0.49969,1.037804,0.403923,0.456505,0.293472,0.492875,0.049817,0.209391,0.304619,0.500911,0.40711,0.055699,0.035339,0.007439,0.008329,0.029812,0.006138,0.038529,0.002541,0.008205,6.3e-05,0.0024,0.002952,0.007334,0.006183,0.000402
21920,729,13838,13109,13109,0,0,0,136,29.016164,0.0,23876.974405,865.054008,2385.929828,1916.661132,3518.88,21920,25,75,27356160.0,5484635.8391,30726.1412,16322.4306,513.706,0.0,0.0006,0.0,86,0.057613,1.017693,0.497752,0.498872,1.037419,0.403777,0.459363,0.293737,0.494176,0.049784,0.209128,0.30524,0.501694,0.406905,0.055967,0.035477,0.007527,0.0082,0.029958,0.006084,0.039443,0.002506,0.008545,6.5e-05,0.002421,0.002897,0.00747,0.006187,0.00041
21940,725,13853,13128,13128,0,0,0,135,27.587046,0.0,23851.858319,864.442197,2387.970757,1918.50288,3541.78,21940,25,75,27381120.0,5492194.8491,30755.2871,16344.5139,514.4974,0.0,0.0006,0.0,86,0.057931,1.016838,0.497848,0.499275,1.039377,0.403377,0.45631,0.293665,0.494131,0.049916,0.209086,0.305322,0.50208,0.406884,0.055984,0.035123,0.007393,0.008131,0.030139,0.006048,0.037913,0.002497,0.008485,6.5e-05,0.002373,0.00291,0.007438,0.006099,0.000409
21960,726,13872,13146,13146,0,0,0,136,27.816817,0.0,23832.565089,861.829564,2390.353619,1919.547303,3547.16,21960,25,75,27406080.0,5499753.8591,30784.4329,16364.4587,515.2158,0.0,0.0006,0.0,86,0.059229,1.015026,0.496484,0.498697,1.037317,0.402828,0.457623,0.293753,0.494036,0.049924,0.209132,0.304901,0.501041,0.405942,0.056062,0.034947,0.007239,0.008208,0.029627,0.005917,0.03834,0.002501,0.008421,6.5e-05,0.002427,0.002929,0.007436,0.006074,0.000406
21980,726,13890,13164,13164,0,0,0,138,30.386259,0.0,23850.303977,859.527058,2390.086683,1920.116003,3531.75,21980,24,75,27431040.0,5507333.7191,30813.5788,16384.1474,516.0567,0.0,0.0006,0.0,86,0.059229,1.015171,0.49678,0.499389,1.037618,0.403729,0.455003,0.294344,0.494145,0.049904,0.20831,0.30461,0.501168,0.406042,0.055944,0.035137,0.007098,0.008232,0.029466,0.005983,0.037069,0.002487,0.008362,6.4e-05,0.002328,0.002941,0.00733,0.006077,0.000406
22000,728,13916,13188,13188,0,0,0,148,31.224052,0.0,23894.45905,853.219371,2395.556577,1920.418733,3528.34,22000,24,75,27456000.0,5514913.5791,30842.7247,16407.6124,516.1967,0.0,0.0006,0.0,86,0.063187,1.013159,0.496498,0.498773,1.038823,0.403631,0.460349,0.294072,0.493597,0.04977,0.208486,0.304792,0.501215,0.404698,0.056476,0.03472,0.007203,0.007997,0.030886,0.006037,0.040626,0.002495,0.008362,6.3e-05,0.002338,0.003022,0.007205,0.0063,0.000429
22020,734,13940,13206,13206,0,0,0,145,29.543762,0.0,23942.542828,858.681969,2391.77427,1920.577935,3483.45,22020,24,75,27480960.0,5522493.3478,30871.8706,16435.3188,517.8724,0.0,0.0006,0.0,86,0.061308,1.01301,0.496301,0.498844,1.039187,0.403158,0.461047,0.293899,0.493325,0.049771,0.208843,0.305155,0.500517,0.404274,0.056567,0.034476,0.007195,0.007907,0.031078,0.00608,0.040594,0.002479,0.008326,6.3e-05,0.002516,0.003081,0.007291,0.006467,0.000438
22040,742,13960,13218,13218,0,0,0,145,30.131517,0.0,23876.815031,872.721386,2377.147097,1920.661125,3453.76,22040,24,75,27505920.0,5530073.2078,30901.0164,16463.3846,518.1384,0.0,0.0006,0.0,86,0.060647,1.014037,0.496784,0.498679,1.038823,0.403579,0.46084,0.293245,0.493578,0.049865,0.209627,0.305159,0.500363,0.404218,0.056529,0.034012,0.00735,0.007837,0.031379,0.006126,0.040796,0.002513,0.008416,6.3e-05,0.00269,0.003086,0.007355,0.006431,0.000434
22060,736,13972,13236,13236,0,0,0,150,32.095568,0.0,23745.777568,876.992639,2370.911792,1920.704454,3488.6,22060,24,75,27530880.0,5537653.0678,30930.1623,16489.2024,518.4404,0.0,0.0006,0.0,86,0.059783,1.015405,0.496071,0.499375,1.038364,0.40461,0.460767,0.292593,0.493225,0.049924,0.210377,0.30477,0.498771,0.403856,0.056732,0.033813,0.007267,0.007825,0.031419,0.006125,0.040498,0.002531,0.008447,6.3e-05,0.002781,0.003097,0.007342,0.006108,0.000435
22080,731,13986,13255,13255,0,0,0,150,32.115145,0.0,23645.441927,872.127009,2375.757846,1920.726984,3510.79,22080,24,75,27555840.0,5545232.9278,30959.3082,16507.2881,519.0202,0.0,0.0006,0.0,86,0.06156,1.018457,0.496048,0.499769,1.042534,0.404071,0.461779,0.292568,0.49363,0.049978,0.209963,0.304409,0.49939,0.404857,0.056793,0.035599,0.007327,0.008322,0.031553,0.006085,0.040441,0.002535,0.00847,6.3e-05,0.002761,0.003099,0.007482,0.006179,0.000432
22100,722,14002,13280,13280,0,0,0,144,31.898588,0.0,23598.146981,863.215779,2384.885633,1920.73869,3561.09,22100,24,75,27580800.0,5552820.1193,30988.4541,16526.6185,520.4566,0.0,0.0006,0.0,86,0.062327,1.016891,0.49698,0.500052,1.044725,0.403385,0.46275,0.292467,0.49334,0.049992,0.210514,0.304749,0.500325,0.405148,0.056854,0.035928,0.007412,0.008402,0.032793,0.00595,0.040703,0.002509,0.008583,6.3e-05,0.002991,0.003082,0.007673,0.00607,0.000435
22120,721,14019,13298,13298,0,0,0,146,29.606238,0.0,23631.600706,859.363273,2391.030488,1920.74477,3579.85,22120,25,75,27605760.0,5560413.6893,31017.5999,16544.3911,520.7165,0.0,0.0006,0.0,86,0.062413,1.017178,0.496666,0.499252,1.044411,0.40352,0.46418,0.292412,0.49365,0.049928,0.210259,0.304429,0.501533,0.40505,0.056814,0.035575,0.007563,0.008177,0.032949,0.005936,0.041484,0.002517,0.008536,6.4e-05,0.002996,0.003067,0.007821,0.006076,0.000428
22140,724,14041,13317,13317,0,0,0,149,29.058213,0.0,23676.626345,857.599504,2393.342283,1921.193987,3553.36,22140,25,75,27630720.0,5568010.7918,31046.1293,16565.1778,521.356,0.0,0.0006,0.0,86,0.058011,1.017543,0.495897,0.50102,1.044784,0.403643,0.463118,0.291927,0.492569,0.050034,0.21063,0.304295,0.500194,0.404261,0.056552,0.034885,0.007616,0.008143,0.032997,0.006012,0.040952,0.002443,0.008532,6.6e-05,0.002943,0.003018,0.007796,0.005823,0.000416
22160,720,14055,13335,13335,0,0,0,153,29.094125,0.0,23763.575219,856.925078,2393.980797,1920.953635,3584.93,22160,25,75,27655680.0,5575618.4918,31075.2421,16585.3369,522.1056,0.0,0.0006,0.0,86,0.056944,1.01735,0.49582,0.502317,1.044989,0.404509,0.462472,0.291988,0.491982,0.050096,0.210521,0.304367,0.500918,0.404398,0.056429,0.035538,0.007483,0.008289,0.033223,0.005992,0.04094,0.002453,0.008364,6.5e-05,0.002971,0.003051,0.007793,0.005773,0.000413
22180,720,14076,13356,13356,0,0,0,152,29.561812,0.0,23851.24994,851.959672,2398.478517,1920.837182,3590.45,22180,25,75,27680640.0,5583226.0037,31104.388,16605.3545,522.7042,0.0,0.0006,0.0,86,0.059722,1.018757,0.496145,0.501478,1.044625,0.40484,0.463069,0.290867,0.493443,0.050054,0.210119,0.304192,0.500256,0.404527,0.056649,0.036106,0.007488,0.008191,0.033045,0.006111,0.041819,0.002469,0.008555,6.4e-05,0.002986,0.003042,0.007698,0.005752,0.000411
22200,716,14090,13374,13374,0,0,0,155,33.149008,0.0,23962.923437,851.161247,2395.689745,1920.57725,3624.52,22200,25,75,27705600.0,5590833.7037,31133.7652,16628.1916,523.1245,0.0,0.0006,0.0,86,0.057263,1.016441,0.497168,0.500805,1.046619,0.405307,0.46011,0.290265,0.494164,0.049999,0.210142,0.304336,0.500519,0.40435,0.056451,0.035383,0.007521,0.008097,0.033335,0.00611,0.041265,0.002422,0.008593,6.4e-05,0.002898,0.003005,0.007426,0.00572,0.000408
22220,719,14111,13392,13392,0,0,0,154,30.698171,0.0,24083.78639,855.585986,2393.715843,1919.229986,3612.78,22220,25,75,27730560.0,5598456.7937,31164.746,16651.4852,524.2974,0.0,0.0006,0.0,86,0.057024,1.019412,0.496944,0.500761,1.046923,0.405142,0.459155,0.291,0.495631,0.049865,0.210711,0.303983,0.500483,0.403526,0.056379,0.034683,0.007297,0.00826,0.032681,0.006,0.03986,0.002402,0.008772,6.4e-05,0.002881,0.002966,0.007406,0.005746,0.000396
22240,722,14127,13405,13405,0,0,0,151,30.10088,0.0,24188.731815,858.647843,2391.251277,1917.581785,3612.1,22240,25,75,27755520.0,5606083.527,31196.9471,16672.1309,525.2716,0.0,0.0006,0.0,86,0.056787,1.016378,0.49632,0.50047,1.045918,0.406259,0.458333,0.290516,0.495586,0.049861,0.210624,0.30416,0.50071,0.403263,0.056376,0.034188,0.007236,0.008229,0.032756,0.006073,0.039612,0.002457,0.008891,6.4e-05,0.002893,0.002949,0.007447,0.005833,0.000397
22260,722,14149,13427,13427,0,0,0,153,30.353822,0.0,24301.958188,851.70133,2397.944848,1916.340177,3614.35,22260,25,75,27780480.0,5613725.787,31229.5743,16694.3595,525.5824,0.0,0.0006,0.0,86,0.060942,1.01426,0.495961,0.499576,1.051048,0.405091,0.462951,0.290558,0.494089,0.049844,0.210619,0.303983,0.502707,0.403443,0.056534,0.034081,0.007337,0.008021,0.033606,0.006056,0.042256,0.00242,0.008782,6.5e-05,0.002897,0.002973,0.007576,0.006047,0.000399
22280,717,14166,13449,13449,0,0,0,156,29.986068,0.0,24466.213815,850.755099,2399.258833,1915.65315,3617.68,22280,24,75,27805440.0,5621368.047,31262.1351,16718.2319,526.9066,0.0,0.0006,0.0,86,0.059972,1.016662,0.495211,0.499245,1.048417,0.404999,0.460054,0.290745,0.493376,0.049887,0.210642,0.304494,0.502377,0.403984,0.056479,0.034534,0.007081,0.008018,0.033625,0.005965,0.041188,0.002409,0.008601,6.6e-05,0.002882,0.00295,0.007356,0.005979,0.000396
22300,724,14190,13466,13466,0,0,0,157,31.168075,0.0,24599.460796,854.029383,2394.802542,1915.470691,3583.26,22300,24,75,27830400.0,5629010.0848,31294.1792,16741.4216,527.3945,0.0,0.0006,0.0,86,0.058011,1.018109,0.495314,0.497989,1.045632,0.40389,0.45955,0.291147,0.492068,0.04978,0.210755,0.305006,0.502463,0.404734,0.056287,0.033782,0.007015,0.007857,0.03412,0.00584,0.04097,0.002415,0.008745,6.2e-05,0.002845,0.002917,0.007215,0.006004,0.000398
22320,724,14209,13485,13485,0,0,0,157,30.038117,0.0,24712.563897,857.532662,2392.429221,1914.963026,3592.55,22320,24,75,27855360.0,5636654.9188,31326.8065,16767.2704,528.836,0.0,0.0006,0.0,86,0.060773,1.016974,0.495109,0.498155,1.047871,0.403651,0.46197,0.291478,0.492675,0.049712,0.211098,0.304838,0.502047,0.403242,0.056219,0.033735,0.007138,0.007849,0.035855,0.005725,0.041325,0.00242,0.008969,6.3e-05,0.002844,0.002842,0.007079,0.005698,0.000395
22340,726,14231,13505,13505,0,0,0,158,30.170718,0.0,24813.965539,858.744624,2391.084658,1914.680023,3566.91,22340,24,75,27880320.0,5644309.8143,31359.4337,16791.3389,529.6709,0.0,0.0006,0.0,86,0.061983,1.018441,0.495507,0.496147,1.046081,0.403038,0.463176,0.292648,0.491745,0.049606,0.211236,0.304636,0.502328,0.404251,0.056365,0.033901,0.007073,0.007559,0.035944,0.005802,0.04208,0.00248,0.008985,6.1e-05,0.002953,0.002842,0.007066,0.006005,0.000402
22360,718,14250,13532,13532,0,0,0,163,32.210756,0.0,24943.973069,850.459969,2397.329275,1914.514825,3589.65,22360,24,75,27905280.0,5651964.9443,31392.0609,16815.9789,530.4996,0.0,0.0006,0.0,86,0.062674,1.019021,0.495533,0.497142,1.047611,0.402633,0.466235,0.293977,0.490241,0.049695,0.211241,0.304519,0.502563,0.404997,0.056535,0.034284,0.007142,0.007754,0.035807,0.005832,0.04443,0.002505,0.008988,6.3e-05,0.002993,0.002885,0.007122,0.005998,0.000414
22380,734,14276,13542,13542,0,0,0,153,27.627227,0.0,25058.682421,864.739538,2387.633235,1914.414745,3526.48,22380,24,75,27930240.0,5659624.4108,31424.6882,16841.2718,531.1648,0.0,0.0006,0.0,86,0.061308,1.018972,0.495454,0.498247,1.048927,0.402773,0.466528,0.29392,0.490871,0.04982,0.21062,0.30438,0.503154,0.405054,0.056718,0.034487,0.007203,0.008014,0.036244,0.005834,0.044184,0.002506,0.008955,6.5e-05,0.002907,0.002904,0.007229,0.005936,0.000413
22400,735,14298,13563,13563,0,0,0,151,32.516104,0.0,25086.959974,870.763262,2376.720635,1914.012617,3509.39,22400,24,75,27955200.0,5667322.6613,31457.707,16872.5471,532.4824,0.0,0.0006,0.0,86,0.061224,1.019866,0.495358,0.499224,1.047953,0.402695,0.466992,0.293297,0.49098,0.049939,0.211446,0.304641,0.502144,0.404466,0.056805,0.034764,0.007457,0.008109,0.035294,0.00591,0.043753,0.002542,0.008992,6.6e-05,0.002976,0.002967,0.007311,0.005877,0.000413
22420,728,14318,13590,13590,0,0,0,156,32.979057,0.0,25118.457172,866.432615,2380.588328,1913.150764,3546.25,22420,24,75,27980160.0,5675028.0113,31491.6297,16898.7092,533.6641,0.0,0.0006,0.0,86,0.059066,1.021432,0.495464,0.498843,1.046744,0.40393,0.467003,0.292054,0.489882,0.049873,0.210741,0.304269,0.501574,0.403551,0.056631,0.034406,0.007472,0.008047,0.035039,0.006003,0.043057,0.002559,0.008595,6.8e-05,0.002885,0.002908,0.00736,0.005627,0.000409
22440,732,14343,13611,13611,0,0,0,147,28.905011,0.0,25179.187922,867.644716,2383.450273,1912.176263,3531.57,22440,25,75,28005120.0,5682733.3613,31526.2728,16923.8923,535.4716,0.0,0.0006,0.0,86,0.058743,1.022851,0.495896,0.498636,1.04884,0.404175,0.465683,0.291865,0.491426,0.049845,0.210983,0.304518,0.502656,0.402674,0.056392,0.034436,0.007698,0.008115,0.034396,0.006013,0.043289,0.002603,0.008755,6.7e-05,0.002898,0.002919,0.007574,0.00569,0.000405
22460,737,14360,13623,13623,0,0,0,138,26.249294,0.0,25200.064525,880.0589,2373.691807,1910.951321,3516.73,22460,25,75,28030080.0,5690438.4396,31561.7003,16951.4621,535.8202,0.0,0.0006,0.0,86,0.059701,1.022781,0.495303,0.498613,1.047776,0.403594,0.465362,0.292645,0.491291,0.049753,0.210824,0.304578,0.503511,0.402747,0.05645,0.034456,0.007506,0.007985,0.033755,0.006057,0.043292,0.002649,0.008642,6.6e-05,0.002877,0.00303,0.007686,0.00585,0.000402
22480,734,14374,13640,13640,0,0,0,138,26.831772,0.0,25187.833995,880.859546,2372.308682,1910.159114,3516.0,22480,25,75,28055040.0,5698143.7896,31597.3376,16973.317,536.2839,0.0,0.0006,0.0,86,0.061308,1.021549,0.496193,0.500103,1.046072,0.40387,0.465028,0.29203,0.491316,0.049687,0.21061,0.30486,0.50377,0.401784,0.056313,0.034285,0.007597,0.008046,0.033892,0.006046,0.04296,0.002667,0.008665,6.9e-05,0.002659,0.003048,0.007607,0.00577,0.000398
22500,738,14393,13655,13655,0,0,0,139,25.421645,0.0,25184.465958,883.995816,2370.582539,1911.976566,3512.28,22500,25,75,28080000.0,5705868.8198,31630.1153,16993.8939,537.3506,0.0,0.0006,0.0,86,0.058266,1.021754,0.496197,0.499379,1.046411,0.403535,0.462776,0.292448,0.491955,0.049693,0.210797,0.305486,0.503617,0.402928,0.056349,0.034321,0.007699,0.00811,0.034623,0.006051,0.042017,0.00264,0.008722,6.7e-05,0.002751,0.00312,0.007774,0.006076,0.0004
22520,743,14416,13673,13673,0,0,0,138,26.956289,0.0,25144.63594,881.299094,2371.744616,1913.071101,3504.02,22520,25,75,28104960.0,5713594.837,31662.7426,17014.3105,538.2582,0.0,0.0006,0.0,86,0.057873,1.016958,0.496425,0.499046,1.0459,0.403177,0.462333,0.291805,0.492389,0.049745,0.209651,0.305843,0.503121,0.403673,0.056504,0.033874,0.007764,0.007947,0.033956,0.006091,0.040843,0.002581,0.008734,6.8e-05,0.002512,0.003138,0.007839,0.006146,0.000389
22540,742,14438,13696,13696,0,0,0,142,32.665119,0.0,25108.401944,877.019965,2370.314916,1913.647255,3521.23,22540,25,75,28129920.0,5721318.547,31695.3698,17037.7209,539.1456,0.0,0.0006,0.0,86,0.059299,1.017658,0.495022,0.499324,1.046096,0.402866,0.464643,0.291641,0.492103,0.049822,0.209608,0.305543,0.504097,0.404245,0.056694,0.033769,0.007933,0.008008,0.03434,0.006117,0.041881,0.002612,0.008895,6.8e-05,0.002619,0.003199,0.008046,0.005998,0.000406
22560,731,14449,13718,13718,0,0,0,146,32.19592,0.0,25147.739456,870.302446,2377.501634,1913.942049,3583.54,22560,25,75,28154880.0,5729046.9841,31727.997,17058.8727,540.0741,0.0,0.0006,0.0,86,0.05472,1.015699,0.495257,0.498887,1.048121,0.402674,0.460272,0.291955,0.491371,0.049995,0.210175,0.305487,0.503954,0.40496,0.056376,0.032473,0.007766,0.007827,0.034242,0.006046,0.039432,0.002633,0.008873,6.9e-05,0.002654,0.003157,0.008042,0.006001,0.000398
22580,733,14473,13740,13740,0,0,0,144,30.304902,0.0,25257.092321,864.842717,2384.852381,1914.090631,3587.58,22580,25,75,28179840.0,5736775.491,31760.6243,17078.9387,540.9768,0.0,0.0006,0.0,86,0.053206,1.016273,0.495878,0.500322,1.049389,0.403217,0.461819,0.292044,0.491914,0.049892,0.210275,0.305397,0.502228,0.405264,0.056344,0.032903,0.007913,0.007943,0.034026,0.006085,0.039433,0.002702,0.009032,6.8e-05,0.002568,0.003143,0.008093,0.006051,0.000398
22600,755,14506,13751,13751,0,0,0,135,30.749047,0.0,25239.488114,881.74486,2367.506093,1914.599075,3483.6,22600,25,75,28204800.0,5744504.0241,31792.6094,17108.2645,541.6072,0.0,0.0006,0.0,86,0.050331,1.020014,0.496466,0.499564,1.049166,0.403318,0.46116,0.290958,0.490242,0.049951,0.210196,0.304594,0.502603,0.404663,0.056242,0.032567,0.007793,0.00775,0.034326,0.005895,0.039002,0.002575,0.008867,6.9e-05,0.002695,0.003053,0.00803,0.005678,0.000405
22620,751,14523,13772,13772,0,0,0,136,31.387299,0.0,25163.533754,888.774257,2359.838445,1914.359517,3502.58,22620,25,75,28229760.0,5752250.1306,31825.2594,17139.8972,542.4665,0.0,0.0006,0.0,86,0.050599,1.022569,0.495624,0.499554,1.04778,0.404539,0.461512,0.290071,0.491144,0.049884,0.210314,0.303625,0.502561,0.40388,0.056528,0.033323,0.007648,0.007728,0.033949,0.00597,0.039416,0.00247,0.009004,7.1e-05,0.002712,0.003085,0.007792,0.005706,0.00041
22640,738,14544,13806,13806,0,0,0,143,36.326225,0.0,25121.279827,876.555655,2367.11812,1912.96856,3562.93,22640,25,75,28254720.0,5760021.1876,31859.5461,17167.5257,544.3688,0.0,0.0006,0.0,86,0.051491,1.024734,0.495912,0.499189,1.044337,0.406455,0.458532,0.290249,0.491742,0.049715,0.210547,0.303724,0.503441,0.402393,0.056563,0.033797,0.007449,0.007489,0.03251,0.006348,0.03905,0.002531,0.008797,6.8e-05,0.002747,0.00304,0.007678,0.005673,0.000419
22660,741,14565,13824,13824,0,0,0,138,31.512807,0.0,25159.136007,879.85924,2368.627954,1911.450065,3551.9,22660,25,75,28279680.0,5767792.4476,31895.0072,17192.6651,544.9517,0.0,0.0006,0.0,86,0.052632,1.024693,0.496234,0.499077,1.042182,0.406896,0.458625,0.290047,0.492349,0.049719,0.211529,0.303481,0.502056,0.402372,0.056488,0.033738,0.007422,0.007522,0.032098,0.006439,0.039782,0.002603,0.009026,6.7e-05,0.002973,0.003004,0.00773,0.005668,0.000414
22680,745,14583,13838,13838,0,0,0,134,28.36686,0.0,25140.352524,890.600528,2361.032611,1910.603654,3527.43,22680,25,75,28304640.0,5775563.3186,31930.4843,17220.524,545.1031,0.0,0.0006,0.0,86,0.053691,1.025109,0.495646,0.500057,1.044473,0.407101,0.460549,0.289596,0.492867,0.04965,0.211241,0.303062,0.502825,0.402038,0.056736,0.034531,0.007161,0.007724,0.034182,0.006474,0.040463,0.002618,0.009143,6.9e-05,0.002887,0.002993,0.007723,0.005589,0.000416
22700,754,14605,13851,13851,0,0,0,130,25.772349,0.0,25061.292302,897.291433,2356.936217,1910.119545,3488.37,22700,25,75,28329600.0,5783334.2615,31965.9608,17243.1696,545.654,0.0,0.0006,0.0,86,0.054377,1.024484,0.496562,0.500682,1.046014,0.406254,0.460849,0.290207,0.492312,0.049726,0.210423,0.302264,0.502864,0.40303,0.056661,0.034029,0.007312,0.007829,0.034431,0.006271,0.040547,0.002591,0.009061,6.7e-05,0.002833,0.002998,0.007811,0.005661,0.00041
22720,754,14622,13868,13868,0,0,0,131,26.169047,0.0,24948.661134,901.037014,2352.793939,1909.836664,3500.44,22720,25,75,28354560.0,5791116.0516,32001.4368,17267.0811,546.6391,0.0,0.0006,0.0,86,0.055703,1.023406,0.49595,0.499935,1.045459,0.40541,0.461691,0.289941,0.490651,0.049755,0.210258,0.302371,0.503358,0.403855,0.056789,0.034062,0.007236,0.007777,0.03458,0.006133,0.040845,0.002583,0.009052,6.7e-05,0.002826,0.003046,0.007991,0.005782,0.000414
22740,747,14646,13899,13899,0,0,0,134,27.952499,0.0,24893.056115,890.297314,2361.750187,1909.851168,3534.85,22740,25,75,28379520.0,5798923.4104,32036.7222,17291.6868,548.4287,0.0,0.0006,0.0,86,0.058902,1.022654,0.496078,0.49977,1.046256,0.403157,0.463903,0.291099,0.489966,0.049821,0.210005,0.302436,0.503485,0.405196,0.05699,0.034356,0.007305,0.007975,0.034965,0.005902,0.041987,0.002559,0.008918,6.7e-05,0.002817,0.003021,0.007908,0.005897,0.000419
22760,744,14668,13924,13924,0,0,0,137,32.306797,0.0,24882.505772,883.15493,2364.538273,1909.896906,3553.76,22760,25,75,28404480.0,5806734.5651,32071.7372,17316.8929,549.4699,0.0,0.0006,0.0,86,0.060484,1.02005,0.495842,0.499785,1.046795,0.402958,0.468271,0.290788,0.490478,0.049816,0.210164,0.302692,0.502955,0.404622,0.057271,0.035053,0.007322,0.008247,0.035994,0.005923,0.04487,0.002556,0.009108,6.7e-05,0.003069,0.003004,0.007956,0.005808,0.000426
22780,746,14690,13944,13944,0,0,0,145,30.590945,0.0,24916.322824,884.693915,2364.71514,1909.338151,3542.96,22780,25,75,28429440.0,5814548.5659,32107.5587,17341.9191,550.9215,0.0,0.0006,0.0,86,0.058981,1.020389,0.49514,0.499326,1.047907,0.402756,0.468318,0.290909,0.48882,0.04983,0.210077,0.302526,0.503695,0.405329,0.0572,0.035282,0.007329,0.008044,0.03673,0.005943,0.044601,0.002562,0.009044,6.8e-05,0.003074,0.002973,0.007916,0.005795,0.000429
22800,748,14711,13963,13963,0,0,0,145,29.933566,0.0,24918.578532,888.454272,2361.612162,1907.889367,3540.83,22800,25,75,28454400.0,5822365.9154,32144.9385,17365.8013,552.6605,0.0,0.0006,0.0,86,0.06016,1.021747,0.495352,0.498301,1.047101,0.402556,0.470594,0.291303,0.490252,0.04972,0.209976,0.302586,0.50387,0.405042,0.057152,0.035547,0.007133,0.008101,0.036601,0.005979,0.044328,0.002517,0.009118,6.7e-05,0.003053,0.002995,0.007973,0.006132,0.000423
22820,743,14729,13986,13986,0,0,0,144,33.687092,0.0,24953.944104,882.470525,2363.842383,1906.267703,3543.42,22820,25,75,28479360.0,5830193.9543,32183.3894,17388.8997,553.443,0.0,0.0006,0.0,86,0.064603,1.01865,0.495043,0.497109,1.044038,0.401588,0.473334,0.291598,0.488551,0.049653,0.209797,0.303845,0.505312,0.40472,0.057246,0.035312,0.007259,0.007963,0.035348,0.005988,0.045452,0.002551,0.009181,6.7e-05,0.003067,0.00319,0.007924,0.006166,0.000437
22840,740,14744,14004,14004,0,0,0,145,32.047419,0.0,25062.725358,880.102942,2367.849639,1905.077114,3555.31,22840,25,75,28504320.0,5838038.6123,32222.1866,17410.2708,553.7411,0.0,0.0006,0.0,86,0.064865,1.016784,0.495142,0.495561,1.04322,0.401409,0.474358,0.291129,0.487422,0.049647,0.209671,0.304604,0.506727,0.405633,0.057245,0.035265,0.0072,0.007568,0.035401,0.006023,0.045403,0.002533,0.00918,6.9e-05,0.003104,0.003281,0.008068,0.006319,0.000434
22860,749,14770,14021,14021,0,0,0,145,28.935286,0.0,25159.975747,882.110046,2368.954668,1904.342567,3498.11,22860,25,75,28529280.0,5845889.6885,32260.983,17432.4143,554.3152,0.0,0.0006,0.0,86,0.069426,1.019039,0.495724,0.495756,1.044956,0.399904,0.476231,0.291163,0.488273,0.04965,0.209254,0.305268,0.508371,0.405325,0.057012,0.034729,0.007144,0.007575,0.037167,0.005809,0.046593,0.002434,0.009298,6.9e-05,0.003025,0.003329,0.008097,0.006209,0.000428
22880,751,14793,14042,14042,0,0,0,149,30.70947,0.0,25203.544483,887.221135,2362.069395,1905.754669,3493.94,22880,25,75,28554240.0,5853740.707,32297.5042,17460.9804,555.5937,0.0,0.0006,0.0,86,0.069241,1.020075,0.495894,0.496022,1.044377,0.399206,0.476097,0.290934,0.489211,0.049706,0.208879,0.305919,0.508629,0.406193,0.05691,0.034374,0.007355,0.007522,0.037207,0.005947,0.046663,0.002467,0.009332,7.1e-05,0.002902,0.003372,0.008436,0.006262,0.000431
22900,758,14816,14058,14058,0,0,0,142,26.291273,0.0,25205.836121,896.527777,2357.18095,1907.288237,3469.84,22900,25,75,28579200.0,5861591.5079,32332.9106,17488.8208,556.2807,0.0,0.0006,0.0,86,0.07124,1.017854,0.495769,0.496014,1.046179,0.398747,0.477494,0.290423,0.487802,0.049714,0.208703,0.306337,0.509827,0.406925,0.056996,0.034806,0.00742,0.00744,0.037183,0.006007,0.047035,0.002468,0.009278,7.2e-05,0.002912,0.003439,0.008448,0.006259,0.000439
22920,757,14838,14081,14081,0,0,0,151,29.188008,0.0,25150.205002,896.102957,2354.709035,1907.637053,3451.39,22920,25,75,28604160.0,5869444.7009,32368.7597,17516.638,557.0298,0.0,0.0006,0.0,86,0.075297,1.019673,0.495539,0.496035,1.047809,0.399344,0.481212,0.289654,0.489894,0.049876,0.209483,0.306618,0.509286,0.406519,0.056971,0.035643,0.007467,0.007645,0.037041,0.005985,0.048875,0.002508,0.009782,7.5e-05,0.002927,0.003505,0.008466,0.006128,0.000441
22940,757,14860,14103,14103,0,0,0,152,31.567414,0.0,25089.939257,898.894872,2349.537714,1907.755542,3456.06,22940,25,75,28629120.0,5877316.2809,32404.7122,17544.0086,558.2522,0.0,0.0006,0.0,86,0.072655,1.021082,0.496847,0.497404,1.046255,0.400813,0.477578,0.289389,0.490234,0.049807,0.209674,0.307067,0.508193,0.406255,0.057154,0.03589,0.007488,0.007782,0.035198,0.006189,0.047698,0.00255,0.009806,7.4e-05,0.002991,0.0035,0.008398,0.006234,0.000442
22960,746,14874,14128,14128,0,0,0,152,30.013639,0.0,25085.118224,892.868381,2357.117981,1907.804574,3492.7,22960,26,75,28654080.0,5885187.6594,32440.6646,17567.9766,559.0602,0.0,0.0006,0.0,86,0.072386,1.020393,0.496519,0.498524,1.046818,0.4019,0.47691,0.289464,0.49136,0.049755,0.209206,0.307096,0.508778,0.406883,0.056873,0.035659,0.007741,0.008154,0.035235,0.00624,0.048043,0.002533,0.009912,7.4e-05,0.003018,0.003513,0.008312,0.006189,0.000441
22980,753,14890,14137,14137,0,0,0,149,26.424192,0.0,25076.194398,901.622569,2351.953239,1907.818242,3477.24,22980,26,75,28679040.0,5893059.2394,32476.6171,17587.205,559.7069,0.0,0.0006,0.0,86,0.071713,1.020022,0.495275,0.497899,1.046105,0.402437,0.477894,0.289579,0.490706,0.049765,0.209799,0.306305,0.507601,0.406655,0.056924,0.035483,0.007714,0.008143,0.035579,0.006389,0.047792,0.002548,0.009978,7.5e-05,0.003092,0.003515,0.008502,0.006017,0.000445
23000,752,14918,14166,14166,0,0,0,153,31.78818,0.0,25028.666572,888.802779,2359.409041,1907.025469,3478.52,23000,26,75,28704000.0,5900930.8194,32513.4559,17608.9558,560.2242,0.0,0.0006,0.0,86,0.067819,1.016902,0.495804,0.500007,1.049054,0.402434,0.476469,0.288931,0.490814,0.04978,0.208786,0.307269,0.508221,0.40697,0.056837,0.035808,0.007914,0.00846,0.035597,0.00643,0.046702,0.002539,0.009767,7.6e-05,0.002885,0.003506,0.008466,0.0061,0.000432
23020,749,14939,14190,14190,0,0,0,151,29.052488,0.0,25111.861906,881.210744,2369.736769,1905.618618,3504.4,23020,26,75,28728960.0,5908802.1145,32551.3145,17632.8006,560.7696,0.0,0.0006,0.0,86,0.065421,1.013988,0.495566,0.499641,1.050635,0.402433,0.474877,0.288955,0.490571,0.049913,0.208956,0.307327,0.508345,0.406372,0.056808,0.034728,0.007702,0.008325,0.035849,0.006477,0.046115,0.00254,0.009707,7.6e-05,0.002882,0.003489,0.008488,0.006019,0.000426
23040,748,14959,14211,14211,0,0,0,154,31.256632,0.0,25210.357551,882.154271,2366.589097,1903.736778,3491.92,23040,26,75,28753920.0,5916681.1945,32590.1334,17660.5214,561.3217,0.0,0.0006,0.0,86,0.065508,1.014069,0.494253,0.49847,1.049417,0.402846,0.474204,0.28848,0.491971,0.04992,0.208781,0.3069,0.508217,0.40599,0.056757,0.034388,0.007594,0.008291,0.03648,0.006254,0.045824,0.002532,0.00953,7.5e-05,0.002881,0.003374,0.008222,0.005975,0.000421
23060,757,14987,14230,14230,0,0,0,150,30.314647,0.0,25273.4735,891.127284,2358.558069,1901.879314,3454.23,23060,26,75,28778880.0,5924582.992,32629.4951,17691.3382,562.6788,0.0,0.0006,0.0,86,0.063408,1.017631,0.493651,0.498287,1.049597,0.404258,0.473888,0.288444,0.493411,0.04992,0.20949,0.306242,0.507666,0.404648,0.05689,0.034548,0.007463,0.008168,0.03586,0.006276,0.045103,0.002551,0.009424,7.5e-05,0.002973,0.00334,0.008212,0.005867,0.000422
23080,755,15006,14251,14251,0,0,0,147,29.289831,0.0,25320.223165,893.717449,2356.99272,1902.021779,3473.64,23080,25,75,28803840.0,5932494.172,32667.7884,17720.1575,563.4436,0.0,0.0006,0.0,86,0.063576,1.016714,0.494651,0.498205,1.047591,0.404197,0.474287,0.288653,0.493009,0.049764,0.20893,0.30632,0.506444,0.404831,0.056843,0.034748,0.007592,0.007737,0.035922,0.0063,0.044858,0.002548,0.009459,7.4e-05,0.00291,0.003338,0.008296,0.00584,0.00042
23100,768,15033,14265,14265,0,0,0,143,27.829442,0.0,25303.052781,902.978182,2349.192377,1904.454183,3429.58,23100,25,75,28828800.0,5940410.4678,32704.0038,17745.7259,565.0151,0.0,0.0006,0.0,86,0.0625,1.016358,0.494819,0.497232,1.049176,0.40336,0.472192,0.288979,0.493193,0.049613,0.207763,0.305961,0.507671,0.405378,0.056786,0.035032,0.007791,0.007668,0.036433,0.006221,0.044205,0.002514,0.009363,7.3e-05,0.002893,0.003335,0.008097,0.006041,0.000412
23120,761,15044,14283,14283,0,0,0,144,28.432715,0.0,25267.094342,907.556102,2344.011183,1906.21531,3474.06,23120,25,75,28853760.0,5948334.9078,32740.2767,17771.2727,565.6853,0.0,0.0006,0.0,86,0.064389,1.017502,0.495076,0.496414,1.047716,0.403581,0.471267,0.288873,0.493157,0.049525,0.207326,0.3057,0.506433,0.404777,0.056629,0.034792,0.007847,0.007353,0.035752,0.006335,0.043645,0.002489,0.009361,7.3e-05,0.002686,0.00327,0.007913,0.006037,0.000412
23140,764,15066,14302,14302,0,0,0,146,28.768044,0.0,25189.75058,908.8121,2342.419856,1907.375568,3458.89,23140,25,75,28878720.0,5956269.0038,32776.5495,17794.3443,566.3546,0.0,0.0006,0.0,86,0.065445,1.018662,0.495188,0.496955,1.045309,0.401908,0.474909,0.289131,0.493601,0.049491,0.207833,0.306185,0.507416,0.404956,0.056651,0.035203,0.007848,0.00742,0.035158,0.006301,0.045095,0.002482,0.009284,7.3e-05,0.002721,0.003245,0.008123,0.00631,0.000411
23160,768,15086,14318,14318,0,0,0,140,26.661925,0.0,25122.965079,913.917369,2339.420706,1908.107264,3446.47,23160,25,75,28903680.0,5964203.4038,32812.8224,17817.9964,566.7269,0.0,0.0006,0.0,86,0.061198,1.01847,0.494247,0.497394,1.044725,0.402195,0.472723,0.28919,0.491942,0.049582,0.207885,0.30546,0.505509,0.404232,0.056574,0.034483,0.007792,0.007439,0.034993,0.006123,0.043715,0.002467,0.009008,7.1e-05,0.002725,0.003245,0.008171,0.006325,0.000412
23180,760,15105,14345,14345,0,0,0,150,32.918531,0.0,25070.120097,902.015067,2345.066401,1908.562984,3484.83,23180,25,75,28928640.0,5972137.5853,32849.0952,17840.4217,567.1841,0.0,0.0006,0.0,86,0.063158,1.019057,0.493684,0.497438,1.045816,0.401542,0.475855,0.289254,0.490801,0.04963,0.208817,0.305227,0.50606,0.405536,0.056914,0.034903,0.0079,0.007654,0.034816,0.006159,0.045379,0.002523,0.00932,7.2e-05,0.002975,0.003271,0.008119,0.006478,0.000429
23200,761,15127,14366,14366,0,0,0,153,33.335059,0.0,25059.689874,900.32808,2346.336861,1908.847099,3484.92,23200,26,75,28953600.0,5980085.0098,32885.3681,17862.9734,567.407,0.0,0.0006,0.0,86,0.064389,1.021161,0.494007,0.496633,1.044709,0.401269,0.475808,0.288961,0.49087,0.049586,0.208292,0.306077,0.50631,0.404614,0.057019,0.034705,0.008052,0.007492,0.034203,0.006216,0.045647,0.002495,0.009187,7.1e-05,0.00296,0.003309,0.008246,0.006309,0.000427
23220,767,15152,14385,14385,0,0,0,143,26.665045,0.0,25066.054996,905.087514,2348.247442,1909.02535,3470.04,23220,26,75,28978560.0,5988032.8126,32921.6409,17889.5987,569.2765,0.0,0.0006,0.0,86,0.062581,1.02206,0.493907,0.496247,1.04356,0.402402,0.472412,0.289008,0.49118,0.049641,0.208785,0.305535,0.505618,0.405348,0.057085,0.035841,0.00788,0.007433,0.034951,0.006254,0.044169,0.002439,0.00928,7.1e-05,0.002919,0.003237,0.007972,0.006257,0.000421
23240,756,15163,14407,14407,0,0,0,148,32.186711,0.0,25063.076151,904.507384,2343.305905,1909.138065,3520.37,23240,26,75,29003520.0,5995980.9226,32957.9138,17915.0068,570.1689,0.0,0.0006,0.0,86,0.063492,1.022566,0.494356,0.496318,1.042785,0.401506,0.473442,0.289057,0.490266,0.049693,0.208686,0.305911,0.506346,0.406047,0.057375,0.036112,0.007805,0.007527,0.035223,0.00596,0.044711,0.002426,0.009317,7.1e-05,0.002946,0.003247,0.007906,0.006344,0.000421
23260,748,15181,14433,14433,0,0,0,158,33.72552,0.0,25125.665707,893.534953,2352.739528,1909.209891,3567.59,23260,26,75,29028480.0,6003928.8176,32994.1866,17936.3482,570.9466,0.0,0.0006,0.0,86,0.062834,1.021638,0.493421,0.49684,1.042546,0.402318,0.474559,0.28835,0.490727,0.049666,0.210179,0.305726,0.506631,0.405631,0.057569,0.03637,0.007777,0.00742,0.034671,0.006179,0.045516,0.002472,0.009481,7e-05,0.003176,0.003264,0.007887,0.006518,0.00043
23280,737,15201,14464,14464,0,0,0,161,35.892287,0.0,25349.833426,874.43177,2369.675944,1911.31795,3592.74,23280,25,75,29053440.0,6011898.6176,33028.0365,17955.6847,572.0694,0.0,0.0006,0.0,86,0.062415,1.020146,0.494053,0.496537,1.042712,0.401522,0.472784,0.289354,0.488424,0.049779,0.20969,0.305511,0.507711,0.40637,0.057582,0.035869,0.008007,0.00752,0.035087,0.00613,0.044903,0.002462,0.009389,7e-05,0.003124,0.003302,0.008086,0.006484,0.000441
23300,737,15220,14483,14483,0,0,0,163,36.155677,0.0,25611.311288,877.831571,2366.012753,1912.99846,3597.65,23300,25,75,29078400.0,6019887.1676,33061.2806,17980.4528,573.2799,0.0,0.0006,0.0,86,0.062415,1.022094,0.494663,0.496645,1.045869,0.40092,0.472512,0.289002,0.488721,0.049772,0.21004,0.305479,0.506572,0.406941,0.057918,0.03599,0.008023,0.007588,0.035067,0.006131,0.044543,0.00251,0.00941,7.1e-05,0.003128,0.003318,0.007986,0.006522,0.00044
23320,741,15243,14502,14502,0,0,0,161,34.712898,0.0,25848.375889,880.438133,2364.848969,1913.948037,3573.63,23320,25,75,29103360.0,6027879.0776,33094.5322,18005.5047,574.0249,0.0,0.0006,0.0,86,0.062078,1.023927,0.496377,0.497656,1.042382,0.399041,0.474332,0.289299,0.48769,0.049719,0.210591,0.305084,0.50646,0.40758,0.057806,0.0361,0.00802,0.007527,0.034882,0.005944,0.046508,0.002478,0.009575,7.1e-05,0.003438,0.003315,0.008059,0.006579,0.000448
23340,748,15265,14517,14517,0,0,0,163,36.071627,0.0,26078.847836,884.277411,2359.650962,1913.11346,3555.3,23340,26,75,29128320.0,6035876.2296,33129.4576,18028.7722,574.6374,0.0,0.0006,0.0,86,0.06016,1.02143,0.496189,0.497818,1.043278,0.39932,0.474391,0.289566,0.489157,0.049738,0.21034,0.304707,0.505197,0.406725,0.057616,0.034794,0.00798,0.007369,0.035869,0.005938,0.047067,0.002519,0.009744,6.9e-05,0.003413,0.003299,0.007835,0.006659,0.00044
23360,761,15286,14525,14525,0,0,0,155,30.605234,0.0,26202.244232,904.548053,2344.846714,1911.279396,3508.83,23360,26,75,29153280.0,6043886.4696,33166.3549,18058.0729,575.6023,0.0,0.0006,0.0,86,0.061761,1.021793,0.496022,0.497819,1.044234,0.399092,0.47609,0.28962,0.489406,0.049629,0.210036,0.304634,0.506797,0.406116,0.057795,0.034921,0.007883,0.007288,0.035677,0.00588,0.047194,0.00251,0.009841,6.9e-05,0.003369,0.003283,0.0078,0.006652,0.000448
23380,763,15309,14546,14546,0,0,0,156,31.924248,0.0,26240.832847,905.303414,2342.772338,1910.145533,3466.17,23380,26,75,29178240.0,6051910.8621,33203.3808,18085.3992,576.6888,0.0,0.0006,0.0,86,0.06291,1.018888,0.494302,0.496853,1.046598,0.397834,0.480621,0.290112,0.488924,0.04963,0.209177,0.305822,0.508224,0.406173,0.057936,0.035024,0.007988,0.007349,0.035533,0.005896,0.048658,0.002525,0.009893,7e-05,0.003379,0.003458,0.007981,0.006976,0.000459
23400,776,15342,14566,14566,0,0,0,153,31.101484,0.0,26233.062535,911.527117,2337.371399,1909.456092,3417.09,23400,26,75,29203200.0,6059937.4615,33240.4011,18114.578,577.8729,0.0,0.0006,0.0,86,0.060567,1.0212,0.49479,0.496334,1.044934,0.397771,0.479191,0.289575,0.488438,0.049629,0.209449,0.305475,0.508376,0.406146,0.05805,0.035326,0.008039,0.007372,0.035858,0.005975,0.047938,0.00262,0.009827,7e-05,0.003439,0.003492,0.008188,0.007361,0.000462
23420,785,15372,14587,14587,0,0,0,154,32.452598,0.0,26155.488181,919.954186,2327.593216,1911.366494,3388.45,23420,26,75,29228160.0,6067964.3515,33274.5467,18148.7324,578.8061,0.0,0.0006,0.0,86,0.058599,1.021971,0.497585,0.496938,1.045698,0.398704,0.476433,0.28973,0.489755,0.049582,0.208801,0.304798,0.507778,0.404713,0.057788,0.035415,0.008172,0.007696,0.03508,0.006054,0.046933,0.002673,0.009594,6.9e-05,0.003361,0.003456,0.008024,0.007108,0.000459
23440,794,15396,14602,14602,0,0,0,149,30.725181,0.0,25951.292693,938.164561,2311.110259,1912.93877,3365.48,23440,26,75,29253120.0,6075991.2415,33307.457,18186.2571,580.3413,0.0,0.0006,0.0,86,0.059194,1.019503,0.497276,0.49739,1.046601,0.39896,0.475446,0.290039,0.490798,0.049655,0.208496,0.305737,0.507722,0.405199,0.05794,0.03547,0.008047,0.007428,0.035185,0.006126,0.046217,0.002665,0.009618,6.9e-05,0.003082,0.003444,0.007878,0.007063,0.000454
23460,790,15416,14626,14626,0,0,0,158,33.5897,0.0,25679.1494,940.191748,2306.218552,1913.60991,3386.19,23460,26,75,29278080.0,6084018.1315,33340.361,18215.3642,581.354,0.0,0.0006,0.0,86,0.059494,1.020747,0.497654,0.4971,1.048058,0.398658,0.475713,0.290022,0.491445,0.049732,0.2082,0.305911,0.507818,0.407015,0.057579,0.035496,0.008137,0.007452,0.035712,0.006027,0.045995,0.002651,0.009888,7e-05,0.002931,0.003454,0.007921,0.007277,0.000451
23480,785,15431,14646,14646,0,0,0,149,30.109231,0.0,25436.329318,940.355658,2309.535111,1913.872681,3419.76,23480,26,75,29303040.0,6092066.3097,33373.2588,18239.1196,582.5774,0.0,0.0006,0.0,86,0.061146,1.020913,0.496105,0.496888,1.046355,0.398058,0.476688,0.290093,0.490951,0.049741,0.208323,0.306322,0.509083,0.407296,0.057658,0.03565,0.00802,0.007478,0.035514,0.005976,0.046606,0.00263,0.009867,7.1e-05,0.002963,0.00356,0.007929,0.007413,0.000447
23500,779,15447,14668,14668,0,0,0,148,30.669918,0.0,25272.430744,931.661414,2317.668668,1914.416873,3447.56,23500,26,75,29328000.0,6100116.1497,33405.6904,18257.4244,582.8645,0.0,0.0006,0.0,86,0.062901,1.020703,0.495176,0.496987,1.045321,0.39809,0.476745,0.290887,0.490587,0.049732,0.208351,0.306572,0.508321,0.408229,0.057348,0.035546,0.00788,0.007507,0.035117,0.00606,0.046967,0.002626,0.009762,7.1e-05,0.002982,0.003599,0.008136,0.007369,0.000443
23520,770,15465,14695,14695,0,0,0,142,29.837073,0.0,25198.786886,919.953443,2330.209484,1916.759609,3484.41,23520,26,75,29352960.0,6108177.8266,33435.5107,18278.4646,583.2758,0.0,0.0006,0.0,86,0.062338,1.020564,0.494078,0.496349,1.045599,0.397626,0.478955,0.290717,0.490707,0.04973,0.208332,0.307069,0.507876,0.409389,0.057274,0.036295,0.00798,0.007492,0.035366,0.006178,0.047339,0.002646,0.009805,7.1e-05,0.002993,0.003658,0.008402,0.007661,0.000445
23540,768,15486,14718,14718,0,0,0,141,30.082234,0.0,25210.988709,915.467353,2334.450413,1918.134539,3506.91,23540,26,75,29377920.0,6116250.8866,33465.3242,18301.8428,583.4891,0.0,0.0006,0.0,86,0.0625,1.022966,0.493411,0.49609,1.046021,0.399425,0.480007,0.290774,0.491644,0.049731,0.20903,0.306675,0.507892,0.409046,0.057171,0.036528,0.008062,0.007652,0.034595,0.006316,0.047888,0.002692,0.010035,7.2e-05,0.003177,0.00369,0.008327,0.007709,0.000434
23560,774,15506,14732,14732,0,0,0,139,27.867451,0.0,25205.046886,919.587465,2332.545084,1918.900485,3485.41,23560,26,75,29402880.0,6124325.9056,33495.1307,18324.5153,583.6017,0.0,0.0006,0.0,86,0.063307,1.021688,0.493693,0.495422,1.045444,0.399203,0.481652,0.290279,0.490756,0.049694,0.209435,0.306902,0.508437,0.408592,0.056973,0.035767,0.008116,0.007538,0.035369,0.006412,0.050106,0.002701,0.010139,7.2e-05,0.003481,0.003706,0.008688,0.007692,0.000442
23580,773,15526,14753,14753,0,0,0,140,30.667116,0.0,25188.051526,918.8544,2330.478484,1919.316423,3486.29,23580,26,75,29427840.0,6132421.6925,33524.9301,18348.981,584.3827,0.0,0.0006,0.0,86,0.063389,1.020997,0.493949,0.495907,1.046212,0.39984,0.481275,0.291004,0.490247,0.049731,0.209292,0.307079,0.509517,0.408831,0.057161,0.035757,0.008123,0.00748,0.035452,0.00639,0.05064,0.002687,0.010073,7.5e-05,0.00349,0.003741,0.00868,0.007603,0.000449
23600,770,15545,14775,14775,0,0,0,136,30.910578,0.0,25206.127312,915.459565,2333.629857,1919.541036,3503.39,23600,26,75,29452800.0,6140527.8225,33554.7221,18373.5648,585.996,0.0,0.0006,0.0,86,0.066234,1.01985,0.492856,0.49549,1.048211,0.399897,0.482264,0.290509,0.490747,0.049741,0.209219,0.307361,0.510017,0.408546,0.057125,0.03541,0.008143,0.007439,0.035487,0.006367,0.049631,0.002611,0.0102,7.6e-05,0.00331,0.003714,0.008517,0.007447,0.000439
23620,761,15556,14795,14795,0,0,0,140,28.95222,0.0,25289.518013,912.271957,2338.775823,1919.663892,3557.83,23620,26,75,29477760.0,6148634.1825,33584.5066,18394.7109,586.4402,0.0,0.0006,0.0,86,0.065703,1.018776,0.492439,0.495708,1.046518,0.399459,0.482634,0.29012,0.491081,0.049767,0.208753,0.306627,0.510192,0.408775,0.057179,0.035361,0.008134,0.007512,0.035521,0.006256,0.049824,0.002613,0.01011,7.7e-05,0.003315,0.003723,0.008638,0.007387,0.000442
23640,754,15574,14820,14820,0,0,0,154,35.614023,0.0,25407.144579,901.068018,2343.317959,1919.733458,3588.15,23640,26,75,29502720.0,6156740.5425,33614.2833,18413.459,586.9806,0.0,0.0006,0.0,86,0.066313,1.019914,0.49153,0.496568,1.044783,0.398767,0.483018,0.290663,0.491489,0.049656,0.208148,0.306536,0.510529,0.407486,0.057114,0.035655,0.008206,0.007885,0.035435,0.006066,0.050421,0.002568,0.009906,7.6e-05,0.00327,0.003697,0.008521,0.007117,0.000435
23660,762,15599,14837,14837,0,0,0,139,28.602282,0.0,25570.218509,904.115119,2347.282599,1919.298512,3564.87,23660,26,75,29527680.0,6164846.9025,33644.5893,18435.8585,588.7081,0.0,0.0006,0.0,86,0.064304,1.02095,0.490718,0.496388,1.04551,0.400497,0.484285,0.290044,0.492199,0.049586,0.208975,0.306486,0.509262,0.406075,0.057334,0.036774,0.008243,0.007871,0.036669,0.006168,0.050567,0.002639,0.010004,7.5e-05,0.003378,0.003721,0.008481,0.007072,0.000434
23680,763,15620,14857,14857,0,0,0,140,28.976538,0.0,25724.942318,906.6055,2344.417962,1918.038961,3553.66,23680,26,75,29552640.0,6172953.1018,33676.3176,18461.1124,589.5103,0.0,0.0006,0.0,86,0.06422,1.022375,0.49133,0.497359,1.043489,0.399367,0.483014,0.29021,0.491471,0.049726,0.208686,0.306088,0.509094,0.407137,0.057115,0.037489,0.008295,0.008262,0.035493,0.006249,0.050089,0.00264,0.009848,7.8e-05,0.003427,0.003761,0.008579,0.007272,0.000426
23700,758,15638,14880,14880,0,0,0,144,29.944634,0.0,25865.479862,903.107065,2346.948301,1916.534511,3588.37,23700,26,75,29577600.0,6181059.2386,33708.8725,18486.5172,590.4757,0.0,0.0006,0.0,86,0.063325,1.01983,0.492757,0.498248,1.042806,0.400098,0.483603,0.289879,0.491056,0.049718,0.209139,0.30682,0.509279,0.407215,0.0571,0.037774,0.008452,0.008139,0.035516,0.00642,0.049676,0.002659,0.009918,7.6e-05,0.003429,0.003757,0.008509,0.007411,0.000423
23720,753,15654,14901,14901,0,0,0,146,27.690456,0.0,26069.57689,898.48218,2353.827364,1915.233841,3612.27,23720,26,75,29602560.0,6189165.5986,33742.0769,18506.4181,591.2951,0.0,0.0006,0.0,86,0.061089,1.020311,0.4931,0.49892,1.044531,0.399827,0.483809,0.289387,0.491327,0.04983,0.209397,0.306781,0.51031,0.407652,0.057289,0.038643,0.008651,0.008302,0.035942,0.00636,0.049437,0.002673,0.009805,7.7e-05,0.003444,0.0038,0.008521,0.007455,0.000424
23740,763,15684,14921,14921,0,0,0,156,30.905145,0.0,26263.493502,895.533517,2353.561338,1914.463666,3572.4,23740,26,75,29627520.0,6197271.815,33775.2726,18528.1092,591.4945,0.0,0.0006,0.0,86,0.060288,1.021147,0.493927,0.499024,1.044678,0.400373,0.485473,0.289639,0.491572,0.049778,0.209751,0.306563,0.508765,0.406975,0.057292,0.038255,0.008768,0.008363,0.036303,0.006249,0.04986,0.00265,0.010035,7.8e-05,0.003399,0.003738,0.008575,0.0072,0.000423
23760,756,15699,14943,14943,0,0,0,156,33.20388,0.0,26432.047396,900.965567,2345.830553,1913.989905,3612.03,23760,26,75,29652480.0,6205377.8947,33808.4592,18558.4252,592.9683,0.0,0.0006,0.0,86,0.062169,1.018987,0.494226,0.498212,1.045298,0.40004,0.485343,0.290153,0.491737,0.049757,0.209494,0.306545,0.507421,0.407032,0.057349,0.038588,0.008565,0.008322,0.035888,0.00619,0.049172,0.002629,0.009889,7.6e-05,0.003312,0.003683,0.008311,0.007112,0.000423
23780,769,15729,14960,14960,0,0,0,152,27.669168,0.0,26566.934899,905.854923,2346.475909,1913.69125,3562.19,23780,26,75,29677440.0,6213484.2547,33841.6366,18584.3553,594.3528,0.0,0.0006,0.0,86,0.06502,1.016986,0.494429,0.498707,1.045981,0.399706,0.485039,0.289313,0.492355,0.049877,0.2092,0.306389,0.506887,0.405759,0.057157,0.037166,0.008735,0.008193,0.035923,0.006126,0.050733,0.002575,0.010041,7.8e-05,0.003216,0.003571,0.008042,0.006453,0.000423
23800,774,15752,14978,14978,0,0,0,156,30.461381,0.0,26650.388378,911.783622,2337.754996,1913.500613,3527.99,23800,26,75,29702400.0,6221590.3818,33874.8045,18611.1815,595.3577,0.0,0.0006,0.0,86,0.062016,1.018055,0.494096,0.499015,1.048059,0.400895,0.48472,0.288621,0.492894,0.049917,0.208267,0.306249,0.506507,0.405202,0.05703,0.037054,0.008627,0.008079,0.036543,0.006269,0.050284,0.002561,0.010025,7.9e-05,0.00311,0.00363,0.008,0.006284,0.000419
23820,774,15767,14993,14993,0,0,0,151,27.420268,0.0,26688.620427,922.007786,2330.571946,1913.37884,3540.71,23820,26,75,29727360.0,6229696.7418,33907.9627,18639.4499,596.4739,0.0,0.0006,0.0,86,0.060724,1.017656,0.495282,0.498888,1.047417,0.400087,0.481981,0.289351,0.493934,0.050024,0.207984,0.306208,0.506457,0.405521,0.057008,0.036249,0.008291,0.007902,0.035709,0.006218,0.048084,0.002533,0.010059,7.8e-05,0.002915,0.003499,0.007839,0.00636,0.000416
23840,790,15795,15005,15005,0,0,0,142,26.249764,0.0,26613.988527,934.185114,2319.565123,1913.71935,3481.82,23840,26,75,29752320.0,6237802.5856,33940.5963,18666.2767,597.2202,0.0,0.0006,0.0,86,0.060759,1.017917,0.494876,0.499509,1.045756,0.398496,0.479805,0.290283,0.493304,0.049955,0.207685,0.305726,0.507189,0.406933,0.056949,0.03621,0.008007,0.007898,0.035368,0.006224,0.049008,0.002641,0.009774,7.6e-05,0.003005,0.003606,0.00802,0.006881,0.000415
23860,797,15818,15021,15021,0,0,0,147,28.426024,0.0,26434.047186,942.239337,2309.334639,1913.497452,3466.2,23860,26,75,29777280.0,6245908.6179,33973.5993,18693.6617,598.0214,0.0,0.0006,0.0,86,0.060226,1.020287,0.495382,0.499026,1.048101,0.399966,0.481026,0.290095,0.494313,0.049937,0.207955,0.305182,0.507864,0.407363,0.057219,0.036844,0.0081,0.007944,0.037501,0.006481,0.048697,0.002681,0.009992,7.7e-05,0.003047,0.003626,0.007997,0.007133,0.000428
23880,790,15842,15052,15052,0,0,0,154,34.854423,0.0,26187.127322,938.655578,2306.49,1913.331534,3493.81,23880,27,75,29802240.0,6254014.852,34006.7268,18725.6631,599.3555,0.0,0.0006,0.0,86,0.058228,1.024276,0.496887,0.500138,1.045708,0.401734,0.48105,0.289884,0.494284,0.050072,0.208258,0.305785,0.507634,0.406988,0.057262,0.037267,0.008411,0.008135,0.036236,0.006727,0.048995,0.002751,0.010036,7.6e-05,0.003081,0.003619,0.00801,0.007384,0.000437
23900,782,15859,15077,15077,0,0,0,152,30.841426,0.0,26043.154433,934.823181,2314.335392,1913.259596,3525.05,23900,27,75,29827200.0,6262121.212,34039.8435,18752.6783,600.1385,0.0,0.0006,0.0,86,0.057545,1.023485,0.496782,0.498958,1.045484,0.400181,0.479706,0.289822,0.494447,0.050058,0.208365,0.306023,0.508175,0.40751,0.05714,0.036666,0.008436,0.007934,0.035788,0.006739,0.048964,0.002753,0.009949,7.5e-05,0.003093,0.0036,0.008141,0.007343,0.000439
23920,782,15875,15093,15093,0,0,0,149,30.669139,0.0,25921.114282,938.086365,2311.244495,1913.232963,3525.34,23920,27,75,29852160.0,6270227.572,34072.9464,18776.605,601.294,0.0,0.0006,0.0,86,0.056266,1.022174,0.497391,0.498643,1.043729,0.400044,0.480373,0.290117,0.494012,0.050122,0.208401,0.30683,0.507737,0.407392,0.057253,0.035961,0.008288,0.007979,0.03532,0.006662,0.04897,0.00278,0.009873,7.4e-05,0.003088,0.003644,0.00815,0.007264,0.000445
23940,781,15897,15116,15116,0,0,0,150,33.009126,0.0,25766.753331,934.128219,2312.862656,1912.210276,3537.16,23940,27,75,29877120.0,6278333.6798,34107.0607,18798.9606,602.2285,0.0,0.0006,0.0,86,0.055058,1.023563,0.4965,0.497887,1.044529,0.399502,0.481448,0.290745,0.492305,0.050301,0.208811,0.306412,0.508037,0.407568,0.057183,0.035538,0.008579,0.007806,0.035335,0.006724,0.049548,0.002757,0.009673,7.4e-05,0.003181,0.00361,0.008356,0.007321,0.000445
23960,784,15922,15138,15138,0,0,0,149,31.124636,0.0,25661.715155,930.603386,2318.271978,1910.629059,3507.08,23960,27,75,29902080.0,6286439.5982,34142.1534,18822.647,602.8053,0.0,0.0006,0.0,86,0.056122,1.021213,0.495266,0.498109,1.046268,0.399846,0.484577,0.290667,0.49136,0.050269,0.209534,0.306106,0.508724,0.408867,0.05738,0.036354,0.008761,0.00788,0.036602,0.006773,0.050152,0.002768,0.009831,7.4e-05,0.003302,0.0036,0.008543,0.007588,0.000438
23980,780,15943,15163,15163,0,0,0,149,35.991879,0.0,25580.754829,923.284445,2320.723677,1909.095804,3510.41,23980,27,75,29927040.0,6294545.3302,34177.5937,18848.2761,603.4686,0.0,0.0006,0.0,86,0.060256,1.017866,0.49434,0.497367,1.047494,0.398936,0.488494,0.290957,0.491226,0.05016,0.209356,0.307865,0.508275,0.408664,0.057149,0.035387,0.008787,0.007838,0.037254,0.006641,0.052171,0.002744,0.010135,7.4e-05,0.00332,0.003858,0.008454,0.007628,0.00043
24000,777,15961,15184,15184,0,0,0,146,32.656942,0.0,25544.27257,922.674099,2324.668959,1906.319541,3535.51,24000,27,75,29952000.0,6302651.6888,34214.8663,18872.7111,604.1416,0.0,0.012,0.0,86,0.059202,1.017403,0.493317,0.497689,1.047426,0.399285,0.488925,0.291526,0.490024,0.050117,0.209652,0.307963,0.507959,0.407656,0.057115,0.03599,0.008941,0.007815,0.036129,0.006509,0.052767,0.002703,0.010027,7.4e-05,0.003426,0.003815,0.008447,0.007509,0.000442
24020,778,15981,15203,15203,0,0,0,145,30.883276,0.0,25541.288919,921.938359,2327.178365,1902.863376,3542.71,24020,27,75,29976960.0,6310767.7013,34254.0894,18895.2925,604.9297,0.0,0.0123,0.0,86,0.062982,1.017027,0.493542,0.497598,1.047481,0.39894,0.491798,0.29192,0.488253,0.050098,0.209809,0.308657,0.507456,0.408235,0.057131,0.035591,0.008912,0.007892,0.035551,0.006517,0.054673,0.002728,0.010009,7.3e-05,0.003548,0.00388,0.008555,0.007308,0.000452
24040,769,16002,15233,15233,0,0,0,146,32.47342,0.0,25576.821809,910.529526,2336.997054,1899.452057,3575.21,24040,27,75,30001920.0,6318886.6365,34294.6797,18920.9404,605.2419,0.0,0.0123,0.0,86,0.061118,1.017396,0.493064,0.497726,1.049738,0.398793,0.488404,0.292104,0.489498,0.049947,0.208363,0.308532,0.507448,0.407726,0.056839,0.035723,0.008626,0.00813,0.035064,0.006522,0.052542,0.002702,0.01007,7.2e-05,0.003044,0.003882,0.008599,0.007423,0.000434
24060,769,16020,15251,15251,0,0,0,144,34.164628,0.0,25655.360967,913.347269,2332.488103,1898.673157,3583.46,24060,27,75,30026880.0,6327005.8641,34334.3109,18946.3576,605.6412,0.0,0.0198,0.0,86,0.063719,1.015559,0.492849,0.496726,1.049023,0.399061,0.488194,0.291435,0.490657,0.049898,0.207967,0.309004,0.508301,0.407511,0.056847,0.035639,0.008665,0.007849,0.035119,0.006521,0.054358,0.002696,0.010148,7.2e-05,0.002938,0.003937,0.008532,0.007309,0.000439
24080,771,16042,15271,15271,0,0,0,145,32.991529,0.0,25712.71438,913.683233,2333.325238,1898.880117,3578.39,24080,27,75,30051840.0,6335125.0941,34374.0534,18970.0067,606.5333,0.0,0.0198,0.0,86,0.067445,1.017145,0.494081,0.496196,1.050636,0.397749,0.493161,0.291189,0.489431,0.049768,0.207962,0.308404,0.508198,0.408762,0.056984,0.036525,0.008836,0.008241,0.036255,0.006626,0.057812,0.002711,0.010559,7.3e-05,0.003061,0.00397,0.008696,0.00746,0.00045
24100,768,16055,15287,15287,0,0,0,144,31.748549,0.0,25773.192371,916.16776,2332.083691,1899.837416,3601.3,24100,27,75,30076800.0,6343243.3596,34413.5087,18991.8096,607.5576,0.0,0.0198,0.0,86,0.067708,1.016839,0.494745,0.496927,1.051678,0.397107,0.492259,0.291086,0.488886,0.049791,0.207618,0.30813,0.508602,0.408346,0.057162,0.036577,0.008688,0.008193,0.036889,0.00651,0.057938,0.002742,0.010638,7.1e-05,0.003071,0.003921,0.008607,0.007349,0.000448
24120,769,16074,15305,15305,0,0,0,143,29.83325,0.0,25860.666098,916.128405,2334.038344,1903.374701,3601.01,24120,27,75,30101760.0,6351365.9495,34450.3102,19012.272,607.773,0.0,0.0201,0.0,86,0.06632,1.018092,0.494538,0.496955,1.049046,0.397959,0.492796,0.291305,0.489769,0.049859,0.207598,0.307425,0.507333,0.40836,0.05709,0.036962,0.008658,0.008307,0.036478,0.006472,0.057883,0.00274,0.010757,7.5e-05,0.00305,0.003949,0.008378,0.007379,0.000441
24140,767,16091,15324,15324,0,0,0,138,27.867426,0.0,25940.852157,917.171205,2334.961369,1905.822642,3619.8,24140,27,75,30126720.0,6359488.5395,34487.342,19035.0394,608.2986,0.0,0.0201,0.0,86,0.0691,1.02005,0.496104,0.495831,1.044917,0.398125,0.492948,0.290977,0.488875,0.049845,0.208169,0.307329,0.506636,0.409362,0.057153,0.036841,0.008426,0.008233,0.035328,0.00652,0.057123,0.002716,0.010706,7.3e-05,0.002989,0.003928,0.008254,0.007366,0.000438
24160,778,16112,15334,15334,0,0,0,141,27.838609,0.0,25962.155108,924.93558,2327.225811,1907.51865,3584.98,24160,27,75,30151680.0,6367611.1295,34524.1721,19055.2956,609.1455,0.0,0.0201,0.0,86,0.068123,1.02055,0.497026,0.495857,1.045199,0.397912,0.492247,0.290067,0.48946,0.049827,0.207792,0.307107,0.506284,0.407662,0.057174,0.036519,0.008364,0.008222,0.036139,0.00617,0.05675,0.002736,0.010687,7.4e-05,0.00297,0.003877,0.008158,0.006992,0.000437
24180,785,16135,15350,15350,0,0,0,152,29.201369,0.0,25919.446524,929.347042,2321.45159,1908.397264,3534.69,24180,27,75,30176640.0,6375733.4423,34561.1277,19079.9849,609.1455,0.0,0.0201,0.0,86,0.067516,1.022534,0.498621,0.495244,1.045343,0.39945,0.491565,0.288824,0.490481,0.049888,0.207296,0.306229,0.506676,0.407376,0.057332,0.036337,0.008624,0.007991,0.035925,0.006404,0.056053,0.002794,0.010494,7.6e-05,0.002877,0.003726,0.008083,0.007128,0.000441
24200,783,16152,15369,15369,0,0,0,144,29.927223,0.0,25853.513808,933.500442,2316.572335,1908.595799,3554.36,24200,27,75,30201600.0,6383855.7019,34598.3279,19107.7364,609.9913,0.0,0.0201,0.0,86,0.067688,1.02278,0.498586,0.49613,1.046504,0.400728,0.490979,0.288289,0.490462,0.049925,0.20743,0.305153,0.506029,0.406195,0.057341,0.036349,0.008646,0.007947,0.035645,0.006452,0.055827,0.002765,0.010453,7.6e-05,0.00286,0.00359,0.007944,0.00669,0.000443
24220,784,16176,15392,15392,0,0,0,153,33.170918,0.0,25720.210345,932.423915,2314.405167,1907.261344,3552.51,24220,27,75,30226560.0,6391978.2919,34637.4628,19133.5509,610.7489,0.0,0.0201,0.0,86,0.067602,1.024338,0.498242,0.497697,1.044046,0.401128,0.49077,0.28952,0.489246,0.04992,0.208069,0.305518,0.504748,0.405312,0.057495,0.036251,0.008671,0.008273,0.035177,0.006341,0.055596,0.002806,0.010121,7.6e-05,0.002923,0.003641,0.007777,0.006597,0.000447
24240,785,16196,15411,15411,0,0,0,155,31.535984,0.0,25609.621224,934.610574,2313.853442,1905.434124,3559.91,24240,27,75,30251520.0,6400105.4989,34678.1365,19159.8529,611.5535,0.0,0.0201,0.0,86,0.067516,1.023526,0.498428,0.498076,1.044658,0.400389,0.492093,0.289864,0.488596,0.049927,0.207875,0.30539,0.503841,0.406199,0.057562,0.036156,0.008718,0.008348,0.035087,0.006121,0.055618,0.002736,0.010203,7.8e-05,0.002882,0.003616,0.007887,0.00659,0.000445
24260,787,16221,15434,15434,0,0,0,161,34.633143,0.0,25493.670858,932.821909,2312.544948,1904.024458,3563.05,24260,27,75,30276480.0,6408243.3196,34719.4359,19185.1348,612.8127,0.0,0.0201,0.0,86,0.064803,1.023021,0.497771,0.498749,1.047467,0.399716,0.491976,0.289457,0.488076,0.049967,0.208853,0.305091,0.504863,0.405203,0.057671,0.036905,0.008895,0.008353,0.035901,0.006282,0.057297,0.002749,0.010471,7.8e-05,0.003218,0.003649,0.007949,0.006783,0.000443
24280,786,16236,15450,15450,0,0,0,159,32.059894,0.0,25377.449967,940.68217,2307.257936,1902.856412,3570.16,24280,27,75,30301440.0,6416381.2996,34761.3507,19211.9085,613.5799,0.0,0.0201,0.0,86,0.062341,1.023443,0.498174,0.498178,1.046181,0.400561,0.49139,0.288825,0.488612,0.05004,0.209501,0.304125,0.505039,0.405772,0.057737,0.03668,0.008852,0.008273,0.035729,0.006359,0.05669,0.002763,0.010622,7.7e-05,0.003304,0.003599,0.00808,0.00681,0.000452
24300,792,16267,15475,15475,0,0,0,162,33.550854,0.0,25235.741246,936.792252,2309.656894,1901.947438,3537.58,24300,27,75,30326400.0,6424524.6035,34803.7728,19239.1304,614.2157,0.0,0.0201,0.0,86,0.059343,1.025382,0.496416,0.499151,1.049225,0.401432,0.494148,0.289455,0.490684,0.05002,0.209553,0.304719,0.506865,0.405962,0.057779,0.036657,0.009043,0.008313,0.037001,0.006643,0.056981,0.002971,0.010949,7.8e-05,0.003349,0.00373,0.00852,0.00731,0.000454
24320,782,16278,15496,15496,0,0,0,165,30.956349,0.0,25180.85783,935.911194,2313.132457,1901.296245,3593.41,24320,27,75,30351360.0,6432679.2335,34846.521,19265.6173,614.5476,0.0,0.0201,0.0,86,0.058824,1.020781,0.494557,0.49994,1.049079,0.401045,0.493588,0.290308,0.491988,0.050082,0.20974,0.30571,0.508113,0.406089,0.057705,0.037184,0.008917,0.008555,0.036828,0.006675,0.0565,0.002951,0.010899,7.9e-05,0.003373,0.003786,0.008598,0.007277,0.000451
24340,783,16301,15518,15518,0,0,0,164,34.071417,0.0,25096.268921,933.692916,2312.235667,1901.438486,3580.56,24340,27,75,30376320.0,6440833.8537,34888.6665,19289.8175,614.7594,0.0,0.0821,0.0,86,0.060026,1.020774,0.493259,0.499845,1.048631,0.401767,0.496101,0.290771,0.491909,0.050217,0.210215,0.306112,0.507378,0.406577,0.05779,0.037517,0.008979,0.008585,0.03688,0.006663,0.057251,0.002971,0.011142,8e-05,0.00339,0.003836,0.008419,0.007285,0.000458
24360,783,16318,15535,15535,0,0,0,161,33.451717,0.0,24993.69456,937.81944,2308.728842,1901.097571,3589.56,24360,27,75,30401280.0,6448988.2145,34931.3802,19315.0969,615.2625,0.0,0.0825,0.0,86,0.058748,1.021744,0.493506,0.49858,1.047503,0.40113,0.49508,0.29085,0.491254,0.050162,0.211211,0.306236,0.507135,0.407442,0.057822,0.03706,0.008821,0.008133,0.037422,0.006682,0.057439,0.002981,0.011179,7.8e-05,0.003663,0.003793,0.008524,0.007466,0.00045
24380,793,16344,15551,15551,0,0,0,157,33.473626,0.0,24852.314139,940.886037,2305.640336,1900.948633,3547.18,24380,27,75,30426240.0,6457147.9925,34974.0698,19340.3108,615.9597,0.0,0.0825,0.0,86,0.058008,1.018171,0.493854,0.500025,1.048685,0.400684,0.493272,0.291331,0.492273,0.050092,0.210797,0.306108,0.506707,0.40717,0.057605,0.036102,0.008841,0.008401,0.037532,0.006539,0.056718,0.002932,0.011142,7.8e-05,0.003635,0.003762,0.008415,0.007296,0.00045
24400,783,16366,15583,15583,0,0,0,161,35.718575,0.0,24754.796764,929.84783,2314.433596,1900.903076,3582.85,24400,27,75,30451200.0,6465314.7243,35016.7234,19368.1685,617.3254,0.0,0.0825,0.0,86,0.060026,1.016003,0.492881,0.50011,1.050321,0.400296,0.4957,0.29104,0.491308,0.050097,0.210663,0.306363,0.507116,0.408707,0.057666,0.036874,0.00887,0.008404,0.037369,0.006574,0.057208,0.002919,0.011175,8.1e-05,0.003656,0.003836,0.008453,0.007647,0.000459
24420,781,16378,15597,15597,0,0,0,153,30.478644,0.0,24749.72962,933.002182,2316.519174,1900.911768,3600.63,24420,27,75,30476160.0,6473482.2243,35059.3401,19389.2354,617.9605,0.0,0.0825,0.0,86,0.057618,1.014372,0.493731,0.500163,1.049633,0.399847,0.494032,0.291563,0.490956,0.050116,0.21018,0.306515,0.507453,0.409206,0.057233,0.036081,0.008851,0.008407,0.036974,0.006509,0.057067,0.002906,0.011069,8.1e-05,0.003539,0.003798,0.008451,0.007654,0.00046
24440,779,16392,15613,15613,0,0,0,159,32.803961,0.0,24752.047365,929.447509,2317.74853,1900.949945,3621.28,24440,27,75,30501120.0,6481649.6247,35101.9189,19405.027,618.2025,0.0,0.0825,0.0,86,0.057766,1.014056,0.495374,0.500526,1.049329,0.400295,0.492046,0.291848,0.492241,0.050229,0.210489,0.306055,0.508405,0.409937,0.057033,0.035916,0.009011,0.008364,0.036676,0.0063,0.054876,0.002854,0.011001,8e-05,0.003532,0.003773,0.00821,0.007686,0.00045
24460,770,16414,15644,15644,0,0,0,169,40.72282,0.0,24795.66022,912.314774,2326.962407,1900.890004,3647.32,24460,27,75,30526080.0,6489817.1247,35144.5598,19425.0623,619.652,0.0,0.0825,0.0,86,0.061039,1.011761,0.495619,0.499861,1.050551,0.399973,0.492415,0.292598,0.491817,0.050176,0.210949,0.306656,0.509046,0.409012,0.056988,0.035547,0.009263,0.008119,0.036153,0.006337,0.055832,0.00288,0.010905,7.8e-05,0.003538,0.003759,0.008303,0.007665,0.000447
24480,770,16430,15660,15660,0,0,0,172,34.920687,0.0,24934.889548,913.453487,2331.625826,1901.547587,3659.82,24480,27,75,30551040.0,6497984.6247,35186.2518,19444.8178,620.8282,0.0,0.0825,0.0,86,0.061039,1.011727,0.494101,0.499078,1.05103,0.400998,0.491577,0.29223,0.490956,0.050156,0.211034,0.306381,0.509063,0.408094,0.056965,0.035006,0.009143,0.007944,0.036578,0.006322,0.055853,0.002902,0.010963,7.7e-05,0.003534,0.003747,0.008167,0.007486,0.000443
24500,773,16455,15682,15682,0,0,0,170,36.709046,0.0,25064.439815,908.392735,2334.898219,1903.670199,3655.61,24500,27,75,30576000.0,6506151.966,35225.2561,19465.551,622.0794,0.0,0.0825,0.0,86,0.063389,1.014145,0.495485,0.498403,1.050386,0.401255,0.491351,0.292184,0.489747,0.050109,0.210248,0.305999,0.508872,0.407929,0.056865,0.034802,0.009034,0.008087,0.035167,0.006188,0.056626,0.002855,0.010683,7.6e-05,0.003525,0.003651,0.008021,0.007459,0.000442
24520,770,16476,15706,15706,0,0,0,166,34.479086,0.0,25241.230573,903.078894,2342.44202,1907.571975,3668.19,24520,27,75,30600960.0,6514319.466,35260.3489,19489.0675,623.1629,0.0,0.0825,0.0,86,0.064935,1.012384,0.496033,0.498484,1.050212,0.401557,0.492202,0.291488,0.489981,0.050039,0.209643,0.306705,0.508424,0.407075,0.056933,0.035161,0.00919,0.007929,0.035946,0.00623,0.05854,0.002853,0.010556,7.5e-05,0.003473,0.003669,0.008133,0.00742,0.000446
24540,761,16492,15731,15731,0,0,0,175,38.67107,0.0,25435.997199,901.275162,2340.053768,1909.744239,3715.18,24540,27,75,30625920.0,6522486.966,35295.5242,19515.2367,624.0288,0.0,0.0825,0.0,86,0.065703,1.013801,0.497172,0.497258,1.051256,0.40122,0.493695,0.291396,0.488676,0.050015,0.209564,0.306007,0.507788,0.40788,0.056957,0.034787,0.009099,0.007567,0.035668,0.006239,0.058665,0.00284,0.010407,7.5e-05,0.003489,0.003615,0.008247,0.007573,0.000451
24560,755,16511,15756,15756,0,0,0,176,37.948255,0.0,25678.707519,896.447766,2345.603978,1910.426655,3751.05,24560,27,75,30650880.0,6530654.466,35331.433,19538.723,626.3113,0.0,0.0825,0.0,86,0.064901,1.015315,0.496212,0.497402,1.050032,0.400557,0.493618,0.290916,0.490056,0.050051,0.209245,0.305964,0.509279,0.408274,0.056922,0.035819,0.008892,0.007808,0.035389,0.006257,0.057858,0.002806,0.010478,7.4e-05,0.003442,0.003607,0.008369,0.00751,0.000449
24580,759,16530,15771,15771,0,0,0,177,34.129198,0.0,25938.735876,900.452527,2345.418275,1910.079351,3736.54,24580,27,75,30675840.0,6538821.966,35368.5861,19560.4853,626.7453,0.0,0.0825,0.0,86,0.063241,1.01548,0.497075,0.498779,1.04887,0.400273,0.493737,0.290291,0.490254,0.05012,0.209682,0.305707,0.510158,0.406987,0.057047,0.035474,0.009064,0.007754,0.035217,0.006391,0.057689,0.002832,0.010489,7.5e-05,0.00352,0.003525,0.008425,0.007464,0.000443
24600,776,16560,15784,15784,0,0,0,170,32.175693,0.0,26091.606271,910.598612,2337.225694,1911.264969,3669.83,24600,27,75,30700800.0,6546989.466,35404.3965,19586.788,627.6401,0.0,0.0825,0.0,86,0.063144,1.015581,0.497503,0.498499,1.051618,0.399169,0.492761,0.289302,0.489993,0.049977,0.20853,0.305397,0.51018,0.406421,0.05688,0.03408,0.009131,0.007778,0.035824,0.006377,0.056857,0.002849,0.01033,7.7e-05,0.003102,0.003496,0.008305,0.007433,0.000442
24620,777,16586,15809,15809,0,0,0,164,31.279477,0.0,26203.320533,913.65968,2335.060843,1912.355088,3664.52,24620,27,75,30725760.0,6555156.7676,35439.6413,19618.1102,629.3077,0.0,0.0825,0.0,86,0.061776,1.019625,0.497177,0.497811,1.051157,0.399977,0.492256,0.288882,0.491143,0.049905,0.208298,0.305237,0.508955,0.406564,0.057017,0.034899,0.009217,0.007605,0.035947,0.006317,0.054578,0.002927,0.010616,7.8e-05,0.002812,0.0035,0.008038,0.007947,0.000433
24640,776,16602,15826,15826,0,0,0,165,32.706441,0.0,26275.904047,924.052058,2323.241501,1912.565564,3672.3,24640,27,75,30750720.0,6563324.2676,35475.4526,19647.3918,630.1925,0.0,0.0825,0.0,86,0.05799,1.020757,0.497917,0.49839,1.050253,0.400361,0.4907,0.288887,0.490032,0.050021,0.208008,0.304711,0.507439,0.406179,0.057023,0.034462,0.009136,0.007621,0.035628,0.006149,0.053569,0.002954,0.010576,7.9e-05,0.002783,0.003523,0.008154,0.007787,0.000437
24660,783,16625,15842,15842,0,0,0,163,32.102638,0.0,26246.60648,932.211768,2315.685594,1912.493542,3651.55,24660,27,75,30775680.0,6571491.4638,35511.5295,19675.5385,631.071,0.0,0.0825,0.0,86,0.056194,1.018327,0.496203,0.49866,1.045745,0.400437,0.48891,0.289471,0.489022,0.050033,0.207934,0.304669,0.507891,0.406584,0.057023,0.034192,0.009235,0.00728,0.034343,0.006135,0.054747,0.002962,0.010413,7.8e-05,0.002765,0.003603,0.008378,0.007972,0.000441
24680,785,16649,15864,15864,0,0,0,169,33.103924,0.0,26195.438724,930.482538,2316.413537,1912.457904,3653.31,24680,27,75,30800640.0,6579658.9638,35547.5773,19700.6278,631.5263,0.0,0.0825,0.0,86,0.056051,1.018134,0.496561,0.49881,1.049041,0.400963,0.489956,0.289331,0.488739,0.050213,0.208128,0.304778,0.508571,0.406921,0.057194,0.035259,0.009176,0.007267,0.035633,0.006301,0.055883,0.00301,0.010428,8e-05,0.002932,0.003628,0.00824,0.007835,0.000447
24700,789,16672,15883,15883,0,0,0,168,31.278127,0.0,26143.072314,934.142132,2314.579741,1913.184988,3619.34,24700,27,75,30825600.0,6587826.4638,35582.7613,19727.9161,632.179,0.0,0.0825,0.0,86,0.058302,1.020957,0.49728,0.498015,1.051083,0.401031,0.490146,0.289273,0.489683,0.050131,0.208328,0.304249,0.50996,0.406057,0.05732,0.035906,0.009237,0.007264,0.036381,0.00636,0.056258,0.003037,0.010293,8e-05,0.002968,0.003651,0.008166,0.007536,0.000448
24720,788,16690,15902,15902,0,0,0,168,30.29837,0.0,26056.37709,939.395165,2310.306464,1913.895457,3635.77,24720,27,75,30850560.0,6595993.7262,35617.2799,19756.2617,632.938,0.0,0.0825,0.0,86,0.058376,1.020134,0.496431,0.49801,1.049608,0.401693,0.491966,0.289372,0.489641,0.050002,0.209551,0.303729,0.508605,0.405446,0.057511,0.036486,0.009235,0.007236,0.036704,0.006391,0.05712,0.003008,0.010246,7.8e-05,0.003242,0.003647,0.008064,0.007428,0.000464
24740,784,16706,15922,15922,0,0,0,165,28.058504,0.0,25970.618439,938.64593,2313.295566,1912.964407,3661.22,24740,27,75,30875520.0,6604161.2262,35653.5209,19779.4403,633.9545,0.0,0.0825,0.0,86,0.058673,1.01996,0.49655,0.498518,1.049655,0.400839,0.491804,0.289412,0.490048,0.050046,0.20959,0.30372,0.509043,0.405211,0.057523,0.035712,0.009566,0.007251,0.036468,0.006475,0.056585,0.00297,0.010141,8e-05,0.003205,0.003686,0.008029,0.007414,0.000477
24760,783,16725,15942,15942,0,0,0,163,29.275561,0.0,25930.063058,933.687344,2317.037096,1912.486046,3670.01,24760,27,75,30900480.0,6612328.7262,35689.8199,19800.1051,634.401,0.0,0.0825,0.0,86,0.058748,1.018024,0.496086,0.499247,1.049924,0.400357,0.492553,0.289788,0.489529,0.050083,0.209829,0.304978,0.508478,0.405974,0.057591,0.03585,0.009843,0.0075,0.036801,0.006532,0.057161,0.002975,0.010225,8e-05,0.003206,0.003722,0.008163,0.007459,0.000484
24780,779,16745,15966,15966,0,0,0,172,36.403793,0.0,25892.639522,924.709539,2318.886668,1912.929076,3690.99,24780,27,75,30925440.0,6620496.2262,35724.8707,19821.0532,634.6484,0.0,0.0825,0.0,86,0.060334,1.016631,0.497038,0.500045,1.049884,0.398482,0.495312,0.290562,0.489055,0.050089,0.210085,0.305696,0.50989,0.407528,0.057622,0.034985,0.00985,0.007825,0.037079,0.006408,0.061013,0.002957,0.010443,7.9e-05,0.003622,0.003765,0.008299,0.007561,0.0005
24800,762,16757,15995,15995,0,0,0,181,36.062089,0.0,25993.526101,910.208767,2333.729144,1912.643356,3781.37,24800,27,75,30950400.0,6628663.5059,35760.2672,19840.9542,634.7449,0.0,0.0825,0.0,86,0.06168,1.016855,0.496106,0.499619,1.048399,0.399187,0.494978,0.290159,0.488705,0.050196,0.208863,0.30624,0.509877,0.409175,0.057301,0.034927,0.009887,0.007833,0.036326,0.006373,0.060553,0.002904,0.010294,8e-05,0.003296,0.003792,0.008391,0.007695,0.000487
24820,761,16779,16018,16018,0,0,0,176,32.375683,0.0,26215.043854,898.841312,2348.783005,1912.375418,3781.05,24820,27,74,30975360.0,6636836.2454,35795.7639,19858.9084,635.9576,0.0,0.0825,0.0,86,0.063075,1.014779,0.49674,0.500483,1.049203,0.398418,0.496842,0.290282,0.488314,0.050164,0.209386,0.306195,0.509322,0.409505,0.057368,0.034709,0.009847,0.007857,0.036118,0.006376,0.062441,0.002944,0.010532,7.6e-05,0.003393,0.003749,0.008358,0.007637,0.000491
24840,770,16804,16034,16034,0,0,0,168,30.891388,0.0,26437.156402,902.885036,2346.223576,1912.21519,3744.28,24840,27,74,31000320.0,6645018.2035,35831.225,19883.0423,636.5067,0.0,0.0825,0.0,86,0.061039,1.01321,0.495512,0.499636,1.052699,0.399706,0.498685,0.289763,0.489165,0.05003,0.209484,0.306633,0.509229,0.409786,0.057347,0.035163,0.010095,0.007781,0.037574,0.006616,0.062745,0.002934,0.01063,7.6e-05,0.003378,0.003761,0.008517,0.007944,0.000483
24860,776,16830,16054,16054,0,0,0,161,31.606339,0.0,26589.648223,912.089628,2336.304033,1912.459575,3720.69,24860,27,74,31025280.0,6653210.5695,35866.2655,19914.0118,637.4408,0.0,0.0825,0.0,86,0.060567,1.018739,0.496094,0.499807,1.053575,0.401143,0.499625,0.290263,0.489414,0.050017,0.210239,0.305979,0.508638,0.409283,0.057504,0.035713,0.009901,0.007836,0.037636,0.006598,0.062824,0.002987,0.010824,7.4e-05,0.003505,0.003735,0.008525,0.00796,0.000481
24880,775,16846,16071,16071,0,0,0,161,32.490142,0.0,26670.311171,920.65153,2326.858328,1912.29627,3734.36,24880,27,74,31050240.0,6661404.7487,35901.5552,19943.1185,637.9599,0.0,0.0825,0.0,86,0.060645,1.017821,0.496163,0.499645,1.053785,0.401915,0.498191,0.290442,0.490212,0.049998,0.210646,0.305713,0.50823,0.409303,0.0574,0.035079,0.009568,0.007606,0.036887,0.006537,0.061857,0.002944,0.010754,7.4e-05,0.003471,0.003712,0.008414,0.008219,0.000473
24900,787,16874,16087,16087,0,0,0,158,34.302706,0.0,26672.813369,927.2759,2318.421394,1911.860776,3688.25,24900,27,74,31075200.0,6669599.2487,35937.2599,19968.7039,638.3548,0.0,0.0825,0.0,86,0.05845,1.02012,0.496603,0.499988,1.053519,0.402563,0.498429,0.290249,0.49022,0.04999,0.210315,0.305497,0.50745,0.408641,0.057221,0.034761,0.009683,0.007616,0.036928,0.006562,0.060438,0.002901,0.0108,7.6e-05,0.003421,0.003759,0.00856,0.008234,0.000471
24920,789,16894,16105,16105,0,0,0,153,29.377274,0.0,26655.66055,933.660034,2316.962692,1911.124044,3684.86,24920,27,74,31100160.0,6677793.3063,35973.7893,19996.2591,639.551,0.0,0.0825,0.0,86,0.058302,1.019193,0.496347,0.499181,1.05143,0.402401,0.498452,0.290557,0.489303,0.049981,0.209975,0.305798,0.508064,0.40891,0.057142,0.034931,0.009632,0.007687,0.036009,0.006463,0.061002,0.002851,0.010681,7.7e-05,0.003424,0.003728,0.008733,0.008485,0.00047
24940,791,16921,16130,16130,0,0,0,159,37.35957,0.0,26573.135984,930.193045,2312.447384,1910.95994,3668.71,24940,27,74,31125120.0,6685987.373,36010.0007,20024.6109,640.3239,0.0,0.0825,0.0,86,0.05689,1.017567,0.49866,0.499048,1.052062,0.402379,0.494828,0.291039,0.488961,0.050319,0.210356,0.305995,0.507549,0.409149,0.056831,0.033439,0.009871,0.007568,0.035422,0.006435,0.059108,0.002868,0.010425,8.1e-05,0.003371,0.003719,0.008452,0.008502,0.000458
24960,791,16934,16143,16143,0,0,0,147,28.375843,0.0,26535.023589,939.190881,2312.433275,1910.113018,3664.63,24960,27,74,31150080.0,6694181.873,36047.3003,20050.7278,640.4244,0.0,0.0825,0.0,86,0.05689,1.017016,0.499678,0.499736,1.051665,0.402688,0.493984,0.290538,0.489706,0.050257,0.210304,0.305736,0.506781,0.408727,0.056842,0.03336,0.009917,0.007537,0.035319,0.006537,0.058671,0.002868,0.010407,8e-05,0.00342,0.003751,0.008473,0.008533,0.000457
24980,784,16948,16164,16164,0,0,0,143,29.514939,0.0,26468.031297,938.084665,2312.400396,1909.278989,3705.96,24980,27,74,31175040.0,6702376.373,36085.1887,20073.9959,640.9222,0.0,0.0825,0.0,86,0.057398,1.018239,0.498005,0.499155,1.051731,0.403363,0.495325,0.289597,0.488591,0.050179,0.210301,0.305919,0.507071,0.408988,0.056849,0.0335,0.010168,0.007402,0.036196,0.006663,0.059123,0.002915,0.010327,7.9e-05,0.00344,0.003759,0.008521,0.008287,0.000455
25000,786,16969,16183,16183,0,0,0,140,30.490118,0.0,26382.22058,937.281134,2312.228748,1909.690714,3703.45,25000,27,74,31200000.0,6710570.868,36122.1479,20095.4166,641.1435,0.0,0.1129,0.0,86,0.057252,1.018788,0.497501,0.499254,1.052647,0.402817,0.497537,0.289637,0.489039,0.050207,0.210413,0.305989,0.507552,0.407558,0.056761,0.033288,0.010428,0.00718,0.036632,0.006539,0.062033,0.002932,0.010307,8e-05,0.00344,0.003753,0.008517,0.008378,0.000454
25020,775,16989,16214,16214,0,0,0,152,35.197346,0.0,26369.833237,921.364433,2323.438221,1910.326092,3764.85,25020,27,74,31224960.0,6718759.5228,36158.361,20117.0102,641.8006,0.0,0.1129,0.0,86,0.056774,1.019512,0.497224,0.499455,1.053459,0.402937,0.498254,0.29079,0.48826,0.050344,0.210498,0.305868,0.507493,0.408563,0.057068,0.033717,0.010306,0.007329,0.03626,0.006675,0.062651,0.003074,0.010434,8e-05,0.003545,0.003791,0.008694,0.0088,0.000461
25040,770,17006,16236,16236,0,0,0,152,33.032521,0.0,26426.787037,919.554737,2327.412742,1910.092307,3797.76,25040,27,74,31249920.0,6726938.6328,36195.1868,20141.7679,642.352,0.0,0.1129,0.0,86,0.058442,1.020433,0.496468,0.499929,1.053315,0.403859,0.501064,0.289933,0.489278,0.050313,0.210188,0.305522,0.506214,0.407153,0.057185,0.034214,0.010393,0.007391,0.035786,0.006476,0.065748,0.002959,0.010592,8e-05,0.003668,0.003838,0.008672,0.008312,0.000472
25060,769,17025,16256,16256,0,0,0,155,36.313315,0.0,26488.699144,916.394109,2327.292576,1909.029051,3775.14,25060,27,74,31274880.0,6735117.5986,36233.4221,20162.6624,643.2184,0.0,0.1129,0.0,86,0.059818,1.019279,0.49631,0.500224,1.052532,0.40353,0.50203,0.290256,0.489374,0.050325,0.209778,0.305611,0.505803,0.408054,0.057181,0.033728,0.010377,0.00758,0.036027,0.006288,0.066292,0.002923,0.010461,8.1e-05,0.003667,0.003915,0.008618,0.008293,0.000471
25080,766,17042,16276,16276,0,0,0,155,35.450989,0.0,26602.669465,914.41198,2330.137031,1909.558581,3779.45,25080,27,74,31299840.0,6743296.7086,36270.1824,20183.7696,643.7601,0.0,0.1129,0.0,86,0.061358,1.02107,0.495859,0.500254,1.052958,0.402806,0.504467,0.289816,0.489462,0.050358,0.210047,0.305951,0.507284,0.409413,0.057451,0.033892,0.010252,0.007764,0.035829,0.006321,0.069592,0.002984,0.0106,8.1e-05,0.003668,0.004008,0.008914,0.008225,0.000474
25100,779,17071,16292,16292,0,0,0,154,34.004576,0.0,26671.793104,919.829201,2326.166223,1907.611546,3730.33,25100,27,74,31324800.0,6751475.3721,36309.8751,20209.5006,644.7069,0.0,0.1129,0.0,86,0.060334,1.020457,0.495733,0.499504,1.05326,0.402623,0.506228,0.289071,0.490193,0.050387,0.210471,0.306154,0.508739,0.410792,0.057588,0.034559,0.010209,0.007693,0.03599,0.006403,0.069073,0.003065,0.010705,8.4e-05,0.003685,0.004017,0.008888,0.008781,0.000483
25120,782,17094,16312,16312,0,0,0,150,32.070382,0.0,26684.393597,926.393693,2321.535924,1904.66848,3723.21,25120,27,74,31349760.0,6759654.4821,36352.4171,20238.0685,647.1017,0.0,0.1129,0.0,86,0.058824,1.022595,0.496044,0.49914,1.052186,0.402169,0.502011,0.288759,0.49161,0.050327,0.210184,0.305685,0.509255,0.410194,0.057728,0.034766,0.009971,0.007639,0.035829,0.006352,0.065455,0.003096,0.010715,8.4e-05,0.003624,0.003978,0.00894,0.008759,0.000487
25140,784,17110,16326,16326,0,0,0,150,31.53756,0.0,26669.5082,934.704402,2313.758037,1902.381576,3715.49,25140,27,74,31374720.0,6767836.3002,36396.1707,20263.7284,647.5895,0.0,0.1129,0.0,86,0.059949,1.022613,0.49661,0.499169,1.051557,0.402241,0.500863,0.288729,0.49155,0.050246,0.210483,0.305197,0.508784,0.408689,0.05752,0.03466,0.00985,0.007682,0.035255,0.006265,0.064594,0.003066,0.010687,8.3e-05,0.003601,0.003877,0.008925,0.008555,0.00048
25160,784,17132,16348,16348,0,0,0,161,35.58977,0.0,26625.641615,932.16378,2312.24645,1901.153534,3717.39,25160,27,74,31399680.0,6776029.9602,36439.9209,20288.6971,648.3198,0.0,0.1129,0.0,86,0.059949,1.020733,0.495145,0.498419,1.049956,0.402965,0.500935,0.288942,0.491775,0.050236,0.210212,0.3045,0.507384,0.408387,0.057366,0.034219,0.009774,0.007623,0.034103,0.006168,0.063201,0.002997,0.01058,8.2e-05,0.003305,0.003897,0.008615,0.008469,0.000481
25180,794,17156,16362,16362,0,0,0,156,29.72804,0.0,26530.057834,945.523174,2304.748786,1900.473221,3679.66,25180,27,74,31424640.0,6784223.6202,36483.6677,20318.8139,649.0879,0.0,0.1129,0.0,86,0.061713,1.019434,0.493943,0.498613,1.050093,0.403895,0.500691,0.289141,0.49242,0.050284,0.209663,0.305148,0.507758,0.407773,0.057355,0.034067,0.009734,0.007708,0.033924,0.006255,0.065002,0.002999,0.010624,8.1e-05,0.003129,0.003917,0.008625,0.008288,0.000483
25200,793,17174,16381,16381,0,0,0,153,31.046258,0.0,26368.113988,948.160013,2300.793729,1901.589442,3692.64,25200,27,74,31449600.0,6792417.2802,36525.7565,20344.8896,650.4013,0.0,0.1129,0.0,86,0.061791,1.020603,0.494455,0.499876,1.050556,0.403495,0.499606,0.289927,0.49326,0.050467,0.208392,0.304898,0.508344,0.408949,0.056869,0.03553,0.009811,0.008078,0.034217,0.006246,0.06421,0.002995,0.010252,8.2e-05,0.00291,0.00382,0.008806,0.00824,0.000467
25220,795,17195,16400,16400,0,0,0,156,30.818242,0.0,26205.038695,946.397023,2302.784735,1903.453787,3698.4,25220,27,74,31474560.0,6800610.9402,36566.1874,20367.5937,650.7372,0.0,0.1129,0.0,86,0.064151,1.019016,0.493833,0.499123,1.05111,0.403064,0.50138,0.289712,0.492044,0.050452,0.208426,0.304562,0.508707,0.408307,0.056961,0.035255,0.009714,0.008132,0.034714,0.006298,0.064783,0.002973,0.010469,8.5e-05,0.003015,0.003849,0.008746,0.007958,0.000465
25240,785,17205,16420,16420,0,0,0,156,32.882839,0.0,26101.748305,940.226098,2306.891063,1904.513989,3758.4,25240,27,74,31499520.0,6808804.6002,36606.6145,20386.5506,651.4599,0.0,0.1129,0.0,86,0.066242,1.017009,0.492497,0.497955,1.05122,0.402784,0.503328,0.289628,0.490226,0.050385,0.208943,0.304812,0.508715,0.409167,0.057097,0.035517,0.009775,0.008142,0.035151,0.006298,0.065704,0.002973,0.010527,8.1e-05,0.003056,0.003892,0.008836,0.008021,0.000468
25260,788,17226,16438,16438,0,0,0,156,30.892057,0.0,26041.394123,935.2599,2313.848043,1905.083363,3746.04,25260,27,74,31524480.0,6816998.0617,36647.0378,20404.3016,651.7034,0.0,0.1129,0.0,86,0.068528,1.016445,0.49396,0.499301,1.050891,0.402326,0.50528,0.28959,0.490987,0.050365,0.209603,0.30591,0.508954,0.409099,0.057127,0.036179,0.010072,0.008373,0.035858,0.006411,0.066177,0.002996,0.010768,8.2e-05,0.003069,0.004014,0.008991,0.008052,0.000473
25280,787,17249,16462,16462,0,0,0,163,34.423605,0.0,26016.24508,927.836193,2317.740202,1905.380208,3762.32,25280,27,74,31549440.0,6825191.7217,36687.4571,20427.0582,652.2011,0.0,0.1129,0.0,86,0.067344,1.015501,0.494097,0.500498,1.048653,0.402222,0.503516,0.290316,0.491014,0.050357,0.209643,0.305686,0.508797,0.409134,0.056931,0.036158,0.010258,0.008351,0.034269,0.006569,0.065545,0.003008,0.010722,8e-05,0.003016,0.00406,0.009032,0.008015,0.000475
25300,784,17269,16485,16485,0,0,0,161,33.319666,0.0,26013.348667,928.52959,2318.150744,1905.81636,3779.49,25300,27,74,31574400.0,6833385.1311,36727.3913,20454.5481,653.0324,0.0,0.1129,0.0,86,0.066327,1.014012,0.493748,0.501491,1.049633,0.402559,0.503154,0.289892,0.49115,0.050411,0.20898,0.30665,0.510469,0.409817,0.056849,0.036489,0.010242,0.008604,0.034123,0.006649,0.06471,0.003013,0.010699,8e-05,0.00281,0.004052,0.009235,0.008227,0.000472
25320,779,17294,16515,16515,0,0,0,167,36.848804,0.0,26044.982676,921.334565,2321.816631,1905.107113,3801.32,25320,27,74,31599360.0,6841592.2641,36768.5555,20480.2357,654.99,0.0,0.1129,0.0,86,0.062901,1.016092,0.493761,0.500111,1.049394,0.402266,0.503367,0.289179,0.490271,0.050292,0.210122,0.305762,0.508134,0.410188,0.056858,0.036095,0.009984,0.008336,0.035055,0.006639,0.066711,0.003033,0.010853,8e-05,0.0034,0.003977,0.009376,0.007904,0.000477
25340,779,17317,16538,16538,0,0,0,164,34.10811,0.0,26111.727261,919.983207,2325.908684,1903.420742,3809.9,25340,27,74,31624320.0,6849800.6283,36811.5025,20505.7106,655.5314,0.0,0.1129,0.0,86,0.060334,1.017983,0.49388,0.498986,1.049631,0.403105,0.502925,0.288947,0.490619,0.050223,0.210117,0.305724,0.508176,0.409719,0.057017,0.035255,0.00978,0.00802,0.035999,0.00677,0.065733,0.003038,0.010837,7.9e-05,0.00342,0.003949,0.00946,0.007992,0.000476
25360,782,17335,16553,16553,0,0,0,155,31.295341,0.0,26185.44014,928.14418,2320.560479,1901.658263,3796.66,25360,27,74,31649280.0,6858009.2583,36855.5658,20533.1026,655.7994,0.0,0.1129,0.0,86,0.061381,1.017912,0.493304,0.498295,1.050335,0.402487,0.50452,0.289825,0.490308,0.050141,0.210653,0.306229,0.508008,0.408829,0.056777,0.034995,0.009739,0.007888,0.035922,0.006809,0.067163,0.003001,0.010868,7.9e-05,0.003537,0.004017,0.009469,0.00805,0.000474
25380,773,17350,16577,16577,0,0,0,157,33.952429,0.0,26241.188885,923.410009,2322.637563,1900.58143,3823.72,25380,27,74,31674240.0,6866215.4823,36899.6713,20556.2513,657.0203,0.0,0.1129,0.0,86,0.063389,1.018016,0.494016,0.498551,1.050112,0.403282,0.502782,0.290457,0.490351,0.050173,0.211574,0.305838,0.507582,0.408461,0.056634,0.034734,0.009423,0.007855,0.035475,0.006848,0.064758,0.002992,0.010844,7.9e-05,0.003604,0.003864,0.009185,0.008101,0.000474
25400,775,17372,16597,16597,0,0,0,161,33.978713,0.0,26334.602041,919.17375,2326.847538,1899.912042,3804.82,25400,27,74,31699200.0,6874411.4939,36943.7723,20575.4675,657.3758,0.0,0.1129,0.0,86,0.063226,1.020764,0.49465,0.499154,1.050708,0.404073,0.50257,0.290486,0.491184,0.050131,0.210783,0.306937,0.50942,0.408468,0.05662,0.033689,0.009686,0.007912,0.035111,0.007128,0.065299,0.003086,0.010821,7.8e-05,0.00337,0.004002,0.00958,0.008566,0.000453
25420,783,17396,16613,16613,0,0,0,159,33.056835,0.0,26386.746651,927.35475,2319.588415,1899.484469,3771.58,25420,27,74,31724160.0,6882607.8416,36987.8685,20602.8867,658.53,0.0,0.1129,0.0,86,0.06258,1.018088,0.495257,0.499022,1.05123,0.404156,0.501097,0.29079,0.490421,0.050115,0.21098,0.307425,0.508377,0.4087,0.056642,0.033695,0.009821,0.00788,0.035062,0.007108,0.065234,0.00305,0.010866,7.6e-05,0.003477,0.004043,0.009631,0.008377,0.000452
25440,780,17417,16637,16637,0,0,0,158,31.799767,0.0,26420.781152,925.859732,2322.340501,1899.206962,3788.24,25440,27,74,31749120.0,6890804.4416,37031.9598,20629.5277,659.7774,0.0,0.1129,0.0,86,0.062821,1.017876,0.495102,0.498547,1.052288,0.404204,0.501444,0.290793,0.489643,0.050143,0.21136,0.306818,0.507814,0.409544,0.056522,0.034045,0.009622,0.007761,0.036188,0.007148,0.064648,0.003023,0.010685,7.6e-05,0.003652,0.004026,0.009554,0.008277,0.000453
25460,775,17440,16665,16665,0,0,0,164,39.387561,0.0,26479.798323,917.319154,2323.293285,1898.869591,3806.27,25460,27,74,31774080.0,6898997.8696,37076.2108,20655.2857,660.5953,0.0,0.1129,0.0,86,0.064516,1.018658,0.494769,0.49792,1.052531,0.404768,0.502935,0.290237,0.489606,0.049978,0.211417,0.307424,0.506445,0.40961,0.056511,0.034099,0.009585,0.007497,0.036166,0.007318,0.065572,0.003012,0.010964,7.7e-05,0.003666,0.004066,0.009444,0.007991,0.000459
25480,778,17462,16684,16684,0,0,0,173,38.555025,0.0,26564.831271,921.352911,2320.092064,1898.143154,3798.76,25480,27,74,31799040.0,6907181.9332,37121.238,20681.1756,660.715,0.0,0.1129,0.0,86,0.061697,1.020574,0.496731,0.497568,1.052932,0.403969,0.502553,0.290295,0.489731,0.049918,0.211448,0.306781,0.506013,0.409118,0.056731,0.034526,0.009898,0.00727,0.03645,0.007188,0.065532,0.003028,0.010867,7.8e-05,0.003665,0.004011,0.009329,0.007891,0.000466
25500,784,17493,16709,16709,0,0,0,177,37.759038,0.0,26596.899905,920.867239,2321.373724,1898.028377,3763.15,25500,27,74,31824000.0,6915374.8305,37166.0513,20710.5143,662.4869,0.0,0.1129,0.0,86,0.061224,1.020342,0.495257,0.497315,1.055343,0.4029,0.505061,0.29029,0.489795,0.049895,0.211585,0.3071,0.506726,0.410141,0.056773,0.035005,0.009482,0.007381,0.036462,0.006979,0.066783,0.003028,0.010891,7.9e-05,0.004017,0.003965,0.00918,0.008263,0.000475
25520,784,17513,16729,16729,0,0,0,175,37.07783,0.0,26595.969597,930.235731,2312.686439,1898.802237,3738.19,25520,27,74,31848960.0,6923570.6745,37209.3964,20743.2429,663.2742,0.0,0.1129,0.0,86,0.061224,1.020718,0.49615,0.497886,1.055974,0.402465,0.504579,0.290522,0.489682,0.050007,0.211666,0.306445,0.506256,0.410619,0.056892,0.034666,0.009595,0.007429,0.037589,0.006902,0.066177,0.002982,0.01107,7.8e-05,0.004037,0.003964,0.009143,0.008335,0.000484
25540,789,17539,16750,16750,0,0,0,173,34.728353,0.0,26536.403339,936.254324,2309.017323,1897.42673,3723.81,25540,27,74,31873920.0,6931766.6992,37255.1182,20774.0567,664.7123,0.0,0.1129,0.0,86,0.060837,1.023367,0.498864,0.498597,1.05611,0.402566,0.504212,0.291005,0.489024,0.050185,0.212077,0.306174,0.507178,0.409759,0.057333,0.036567,0.010277,0.007774,0.036208,0.006851,0.066032,0.003038,0.010926,8e-05,0.004044,0.003955,0.00914,0.00847,0.000497
25560,790,17559,16769,16769,0,0,0,169,35.893705,0.0,26479.646646,938.382981,2305.723314,1895.920713,3715.98,25560,27,74,31898880.0,6939962.8792,37301.958,20799.5161,665.3446,0.0,0.1129,0.0,86,0.063291,1.022118,0.498259,0.498386,1.057302,0.402787,0.504861,0.290916,0.487327,0.050206,0.211443,0.305676,0.506862,0.410056,0.05725,0.036791,0.010368,0.007733,0.036323,0.00705,0.0641,0.003067,0.010752,8e-05,0.003618,0.003928,0.009033,0.008486,0.000498
25580,783,17578,16795,16795,0,0,0,178,38.124448,0.0,26431.402652,931.316281,2310.559271,1897.149757,3749.45,25580,27,74,31923840.0,6948158.9073,37346.3946,20824.0558,666.6659,0.0,0.1129,0.0,86,0.06258,1.021495,0.49792,0.497682,1.056584,0.403126,0.50307,0.290373,0.488045,0.05022,0.211126,0.305032,0.507501,0.410273,0.057268,0.036098,0.010448,0.007576,0.036214,0.006987,0.063408,0.003022,0.010643,7.8e-05,0.003492,0.003902,0.009005,0.008304,0.000494
25600,791,17603,16812,16812,0,0,0,170,35.507734,0.0,26385.369537,936.929621,2307.562645,1898.503197,3713.71,25600,27,74,31948800.0,6956364.0048,37389.4438,20851.5983,668.5401,0.0,0.1129,0.0,86,0.059418,1.017722,0.498328,0.498722,1.053948,0.403991,0.499594,0.290519,0.487861,0.050315,0.210663,0.305323,0.507346,0.410945,0.057115,0.035486,0.010437,0.00754,0.035828,0.006974,0.061458,0.003094,0.01046,7.9e-05,0.003304,0.003871,0.008757,0.008359,0.000485
25620,804,17629,16825,16825,0,0,0,170,35.122598,0.0,26263.709148,949.573189,2295.304214,1899.081618,3670.17,25620,28,74,31973760.0,6964575.1473,37432.4869,20878.8699,669.0224,0.0,0.1129,0.0,86,0.058458,1.019306,0.497427,0.498778,1.053711,0.403641,0.501438,0.291109,0.487445,0.050319,0.210323,0.305475,0.506559,0.41099,0.057127,0.035389,0.010508,0.007588,0.03594,0.007002,0.061982,0.003113,0.010438,7.9e-05,0.003252,0.003985,0.008955,0.008568,0.000485
25640,796,17641,16845,16845,0,0,0,168,36.985412,0.0,26107.813568,948.458601,2294.555987,1899.309538,3715.26,25640,28,74,31998720.0,6972801.9435,37475.5237,20904.2467,669.7304,0.0,0.1129,0.0,86,0.061558,1.016116,0.496601,0.498563,1.05309,0.403349,0.502054,0.291317,0.488041,0.050095,0.209478,0.305885,0.506854,0.410248,0.057017,0.033398,0.01047,0.007422,0.036069,0.006961,0.062799,0.003073,0.010472,7.7e-05,0.003218,0.004004,0.008904,0.008556,0.000477
25660,797,17663,16866,16866,0,0,0,163,32.975886,0.0,25965.383617,947.613346,2299.410768,1899.394133,3718.03,25660,28,74,32023680.0,6981028.9035,37518.554,20927.5339,670.9089,0.0,0.1129,0.0,86,0.061481,1.017443,0.496585,0.49887,1.0546,0.404976,0.503567,0.290794,0.487228,0.050172,0.2091,0.306133,0.506335,0.409558,0.057354,0.034015,0.010626,0.007579,0.037264,0.007092,0.062183,0.003155,0.010392,7.9e-05,0.003153,0.004084,0.009049,0.008446,0.000477
25680,791,17681,16890,16890,0,0,0,165,35.95876,0.0,25874.579689,941.717087,2302.324153,1899.424933,3740.73,25680,28,74,32048640.0,6989271.4252,37561.5778,20950.7604,671.3025,0.0,0.1129,0.0,86,0.060683,1.016828,0.49628,0.498495,1.051532,0.404823,0.501596,0.290722,0.48797,0.050188,0.208721,0.306078,0.505551,0.410186,0.057334,0.034019,0.010491,0.007552,0.036706,0.007001,0.061756,0.003144,0.010437,7.7e-05,0.003169,0.004181,0.009057,0.008399,0.000478
25700,789,17705,16916,16916,0,0,0,172,37.179772,0.0,25863.401838,936.149517,2306.67071,1899.437873,3756.14,25700,28,74,32073600.0,6997535.3799,37604.5948,20978.0121,672.19,0.0,0.1129,0.0,86,0.060837,1.014199,0.496728,0.4984,1.049234,0.403722,0.500926,0.291606,0.488676,0.0502,0.209072,0.306586,0.506234,0.410914,0.057199,0.034342,0.010682,0.007588,0.035006,0.007099,0.063801,0.003176,0.010788,7.6e-05,0.003144,0.004236,0.009092,0.00852,0.000483
25720,794,17727,16933,16933,0,0,0,174,37.877464,0.0,25868.398957,938.410458,2303.712078,1901.887271,3737.28,25720,28,74,32098560.0,7005824.6319,37644.7619,21001.41,673.2184,0.0,0.1129,0.0,86,0.061713,1.014435,0.496089,0.497953,1.049432,0.40443,0.505636,0.291296,0.489464,0.050116,0.210251,0.306365,0.506347,0.410383,0.057259,0.034951,0.010825,0.007439,0.035313,0.007294,0.065731,0.003214,0.01104,7.8e-05,0.003796,0.00425,0.009156,0.008624,0.000485
25740,783,17740,16957,16957,0,0,0,168,34.603099,0.0,25914.337188,934.851235,2310.545666,1903.879449,3794.14,25740,28,74,32123520.0,7014120.2592,37684.2112,21025.1442,673.6964,0.0,0.1129,0.0,86,0.061303,1.015404,0.495799,0.497665,1.051446,0.403067,0.505395,0.291414,0.489698,0.050172,0.209039,0.306261,0.508319,0.411663,0.056895,0.035122,0.010635,0.007667,0.035255,0.007348,0.065329,0.003214,0.011037,7.8e-05,0.00335,0.004274,0.009119,0.008909,0.000469
25760,786,17766,16980,16980,0,0,0,176,37.106828,0.0,26004.091265,928.656775,2314.236397,1905.023914,3793.39,25760,28,74,32148480.0,7022422.0827,37723.6531,21046.0652,674.4108,0.0,0.1129,0.0,86,0.061069,1.018244,0.495067,0.496356,1.055286,0.403388,0.508794,0.291192,0.489354,0.050113,0.209221,0.306224,0.507745,0.410799,0.057049,0.035639,0.010557,0.007749,0.037126,0.007513,0.068785,0.003219,0.011118,7.9e-05,0.003531,0.004322,0.009177,0.008667,0.000473
25780,780,17780,17000,17000,0,0,0,176,34.881974,0.0,26150.84555,928.227672,2316.890354,1905.652718,3821.36,25780,28,74,32173440.0,7030752.3453,37763.0876,21069.2442,675.4577,0.0,0.1129,0.0,86,0.060256,1.018731,0.496196,0.497052,1.055627,0.402966,0.507921,0.291169,0.489337,0.050154,0.208712,0.306577,0.507838,0.411418,0.057259,0.03576,0.010993,0.007777,0.036951,0.007419,0.069651,0.003298,0.011107,7.9e-05,0.003563,0.004347,0.009151,0.008834,0.000481
25800,789,17802,17013,17013,0,0,0,170,33.789088,0.0,26256.552405,936.080854,2310.130057,1904.868268,3774.78,25800,28,74,32198400.0,7039093.6158,37804.1579,21093.4087,676.4243,0.0,0.1129,0.0,86,0.059569,1.017881,0.496962,0.498001,1.056116,0.402493,0.505093,0.291904,0.489143,0.050072,0.208078,0.307043,0.508068,0.411441,0.057138,0.035492,0.010984,0.007932,0.037682,0.007408,0.068813,0.003318,0.01105,7.7e-05,0.003496,0.004336,0.009015,0.008805,0.00048
25820,778,17817,17039,17039,0,0,0,170,32.945041,0.0,26411.513238,929.211793,2317.843166,1905.342784,3835.95,25820,28,74,32223360.0,7047435.4458,37844.5562,21117.2822,678.2973,0.0,0.1129,0.0,86,0.059126,1.017436,0.497074,0.498278,1.053653,0.402037,0.501715,0.29307,0.487974,0.050179,0.20831,0.306499,0.506115,0.412231,0.056741,0.033628,0.010673,0.007993,0.036276,0.00734,0.065549,0.003226,0.010711,7.5e-05,0.003584,0.004275,0.008979,0.008819,0.000461
25840,773,17836,17063,17063,0,0,0,173,39.196981,0.0,26609.188118,918.430981,2322.372038,1905.51526,3863.03,25840,28,74,32248320.0,7055777.2758,37884.9455,21137.0262,678.9168,0.0,0.1129,0.0,86,0.060802,1.015927,0.495957,0.498438,1.054405,0.402787,0.507609,0.292034,0.486886,0.050348,0.208554,0.30567,0.505741,0.411752,0.057148,0.034043,0.010704,0.0081,0.036306,0.007407,0.068975,0.003249,0.010611,8.1e-05,0.003604,0.004215,0.008947,0.008548,0.000477
25860,780,17860,17080,17080,0,0,0,167,32.351325,0.0,26867.918469,920.449539,2327.199137,1905.57333,3839.03,25860,28,74,32273280.0,7064123.7036,37925.4087,21159.0204,680.1532,0.0,0.1129,0.0,86,0.061538,1.015724,0.497159,0.498365,1.055005,0.402557,0.506226,0.291884,0.487449,0.050319,0.208707,0.305865,0.506524,0.411713,0.056903,0.034208,0.011001,0.008073,0.036126,0.007464,0.068315,0.003374,0.01041,8e-05,0.003575,0.004204,0.009194,0.008192,0.000473
25880,801,17897,17096,17096,0,0,0,166,35.172057,0.0,27001.002527,934.159449,2310.668494,1906.024027,3751.89,25880,28,74,32298240.0,7072489.2442,37965.2153,21192.3497,680.7296,0.0,0.1515,0.0,86,0.062422,1.017196,0.49575,0.498522,1.055381,0.402818,0.508199,0.291674,0.487271,0.050377,0.209584,0.306609,0.506553,0.411337,0.056998,0.034987,0.011156,0.008221,0.037256,0.007487,0.070859,0.003359,0.010248,8.4e-05,0.003811,0.004313,0.009247,0.00805,0.000479
25900,806,17925,17119,17119,0,0,0,167,32.353542,0.0,27047.60934,944.097053,2303.549405,1906.404548,3731.99,25900,28,74,32323200.0,7080870.2253,38005.0425,21228.6995,681.5069,0.0,0.1708,0.0,86,0.062035,1.01858,0.496826,0.497915,1.056381,0.402243,0.508086,0.29118,0.48796,0.050391,0.210379,0.306691,0.506209,0.410985,0.057119,0.034678,0.011068,0.00828,0.037619,0.007281,0.069982,0.003383,0.010275,8.5e-05,0.003922,0.004241,0.009105,0.008175,0.000484
25920,805,17948,17143,17143,0,0,0,168,35.440591,0.0,27036.340778,949.089452,2295.469957,1910.929554,3742.26,25920,28,74,32348160.0,7089261.6996,38039.2154,21263.6993,682.1831,0.0,0.1708,0.0,86,0.06087,1.017909,0.496177,0.499194,1.056145,0.401941,0.508073,0.290914,0.488506,0.050283,0.210872,0.306965,0.506582,0.410772,0.057333,0.034222,0.010801,0.008276,0.037412,0.007339,0.070561,0.003381,0.010255,8.5e-05,0.003824,0.00419,0.008751,0.008755,0.000481
25940,810,17974,17164,17164,0,0,0,163,35.811074,0.0,26998.568543,954.906302,2289.282624,1913.41706,3724.22,25940,28,74,32373120.0,7097669.5593,38073.3568,21293.8506,683.7063,0.0,0.1708,0.0,86,0.061728,1.019945,0.495711,0.497596,1.054858,0.401193,0.51071,0.290647,0.488313,0.0502,0.211089,0.306167,0.506117,0.410291,0.057679,0.035943,0.010744,0.008316,0.037068,0.00736,0.071097,0.003367,0.010375,8.5e-05,0.003886,0.004145,0.008669,0.008829,0.000486
25960,807,17988,17181,17181,0,0,0,154,30.779101,0.0,26946.554538,963.308669,2285.91223,1914.40374,3742.39,25960,28,74,32398080.0,7106077.5693,38107.8648,21321.3637,684.933,0.0,0.1708,0.0,86,0.061958,1.020149,0.495086,0.496966,1.052077,0.400838,0.509101,0.291142,0.488248,0.050194,0.211083,0.306286,0.50661,0.410586,0.057688,0.035651,0.010613,0.008194,0.036251,0.007271,0.0709,0.003369,0.010379,8.2e-05,0.003916,0.004104,0.008657,0.008822,0.000487
25980,810,18014,17204,17204,0,0,0,154,36.106805,0.0,26836.253863,958.347438,2285.545757,1914.429834,3741.0,25980,28,74,32423040.0,7114484.4997,38143.1178,21346.5046,685.6649,0.0,0.1708,0.0,86,0.061728,1.017139,0.496345,0.495723,1.054265,0.399971,0.509042,0.290972,0.4885,0.050146,0.209663,0.3069,0.507592,0.412445,0.057644,0.035576,0.010907,0.007974,0.036934,0.007236,0.071286,0.003367,0.010589,8e-05,0.003237,0.004131,0.00869,0.009121,0.000499
26000,816,18041,17225,17225,0,0,0,158,32.286812,0.0,26758.863677,959.738815,2287.974373,1914.212371,3725.57,26000,28,74,32448000.0,7122893.2162,38178.7869,21374.0625,686.0525,0.0,0.1708,0.0,86,0.0625,1.016429,0.496273,0.496966,1.056055,0.401861,0.511095,0.29047,0.488905,0.050031,0.209411,0.307106,0.50673,0.41183,0.057455,0.036193,0.010778,0.008089,0.03734,0.007577,0.075506,0.003351,0.010654,7.9e-05,0.003233,0.004125,0.008455,0.008862,0.000498
26020,807,18061,17254,17254,0,0,0,166,36.510718,0.0,26708.316524,951.731561,2291.757721,1914.080558,3771.82,26020,28,74,32472960.0,7131315.3562,38214.6317,21403.0579,687.2065,0.0,0.1708,0.0,86,0.063197,1.014964,0.495868,0.496014,1.055935,0.401331,0.509213,0.290713,0.48866,0.050108,0.2093,0.307609,0.50636,0.412053,0.057043,0.035648,0.010715,0.007796,0.03801,0.007358,0.071823,0.003291,0.010438,7.7e-05,0.003079,0.003954,0.008479,0.008859,0.000492
26040,803,18082,17279,17279,0,0,0,171,37.877853,0.0,26695.173885,948.922831,2293.199316,1912.455151,3775.59,26040,28,74,32497920.0,7139737.1965,38252.3893,21431.5544,687.7935,0.0,0.1708,0.0,86,0.061021,1.01435,0.495719,0.497014,1.056156,0.401328,0.50886,0.290958,0.489504,0.050126,0.209173,0.307222,0.505914,0.410696,0.056957,0.035347,0.010701,0.007685,0.038214,0.007267,0.072271,0.003221,0.010742,8e-05,0.003075,0.003951,0.008567,0.008419,0.000493
26060,803,18100,17297,17297,0,0,0,166,32.869555,0.0,26749.244242,952.508807,2294.621638,1910.171064,3788.34,26060,28,74,32522880.0,7148159.3365,38292.5414,21454.9785,689.0778,0.0,0.1708,0.0,86,0.063512,1.015009,0.496174,0.496859,1.054219,0.401404,0.510975,0.290892,0.488555,0.050173,0.209274,0.307883,0.505859,0.411316,0.05704,0.034827,0.010868,0.007785,0.036537,0.007366,0.073173,0.003201,0.011,8e-05,0.003082,0.003984,0.008804,0.0085,0.000499
26080,799,18119,17320,17320,0,0,0,165,32.995281,0.0,26777.692355,949.627739,2297.37698,1908.556361,3813.83,26080,28,74,32547840.0,7156589.158,38333.5226,21478.4149,689.9348,0.0,0.1708,0.0,86,0.06383,1.0168,0.496915,0.49587,1.057612,0.402494,0.509985,0.291068,0.487555,0.05011,0.20874,0.307,0.506044,0.411721,0.056543,0.034848,0.010958,0.00783,0.038391,0.007198,0.071655,0.003213,0.010953,7.7e-05,0.002859,0.004008,0.008685,0.008224,0.000473
26100,795,18132,17337,17337,0,0,0,162,33.326507,0.0,26862.522927,951.466975,2295.206517,1907.422785,3848.73,26100,28,74,32572800.0,7165028.788,38374.8757,21501.1574,690.4135,0.0,0.1708,0.0,86,0.062893,1.015709,0.497121,0.495839,1.058173,0.403059,0.509391,0.290878,0.487662,0.05013,0.208567,0.306847,0.505086,0.41182,0.056367,0.034726,0.010856,0.007779,0.038735,0.007211,0.071367,0.00323,0.011101,7.6e-05,0.00288,0.004077,0.008747,0.00821,0.00047
26120,801,18159,17358,17358,0,0,0,157,31.511024,0.0,26962.89917,946.527789,2301.961187,1906.764774,3822.01,26120,28,74,32597760.0,7173468.985,38416.5365,21522.2782,691.4296,0.0,0.1708,0.0,86,0.06367,1.012399,0.497353,0.497025,1.05541,0.403387,0.508108,0.291101,0.486828,0.050235,0.20793,0.307338,0.504879,0.410905,0.056237,0.034729,0.011161,0.007681,0.03853,0.007185,0.071665,0.003233,0.010853,7.6e-05,0.002797,0.004081,0.008584,0.008137,0.000465
26140,805,18181,17376,17376,0,0,0,162,34.591893,0.0,27031.098258,951.192771,2294.215335,1906.124006,3813.05,26140,28,74,32622720.0,7181908.9748,38458.7602,21547.6012,692.1988,0.0,0.1708,0.0,86,0.062112,1.01411,0.496493,0.496828,1.055078,0.403389,0.506736,0.291418,0.486522,0.050206,0.207526,0.306343,0.503254,0.410668,0.056005,0.034772,0.010966,0.007707,0.037474,0.007307,0.070947,0.003261,0.010804,7.5e-05,0.002785,0.004076,0.008711,0.007951,0.000461
26160,806,18200,17394,17394,0,0,0,161,33.988779,0.0,27043.59734,956.008696,2290.002525,1905.865551,3812.47,26160,28,74,32647680.0,7190349.048,38500.9718,21573.0922,693.5976,0.0,0.1708,0.0,86,0.062035,1.016601,0.497154,0.496295,1.054603,0.403929,0.507517,0.291868,0.485559,0.050158,0.207189,0.306279,0.503147,0.410615,0.056064,0.035435,0.010855,0.007767,0.037828,0.007466,0.070753,0.00325,0.010603,7.3e-05,0.002726,0.004115,0.00881,0.008042,0.000464
26180,807,18218,17411,17411,0,0,0,161,33.292651,0.0,27067.873042,959.390652,2287.316697,1906.042949,3810.19,26180,28,74,32672640.0,7198815.1409,38542.7875,21597.0195,694.9537,0.0,0.1708,0.0,86,0.063197,1.015216,0.497296,0.496115,1.055703,0.403507,0.510331,0.29108,0.486165,0.050183,0.208161,0.306811,0.503784,0.410522,0.056085,0.03534,0.011064,0.007735,0.038688,0.007635,0.075521,0.00329,0.010625,7.4e-05,0.003041,0.004167,0.008856,0.008079,0.000461
26200,814,18241,17427,17427,0,0,0,160,31.729573,0.0,27051.03131,964.267243,2284.003184,1905.586925,3793.58,26200,28,74,32697600.0,7207286.7955,38585.2938,21621.1502,695.4535,0.0,0.1708,0.0,86,0.063882,1.017342,0.496649,0.497295,1.05278,0.404086,0.511749,0.291462,0.48509,0.050281,0.20828,0.306585,0.50473,0.411132,0.056305,0.03594,0.010801,0.008096,0.037281,0.007804,0.075544,0.003353,0.010626,7.7e-05,0.003053,0.004204,0.008815,0.008292,0.000466
26220,804,18261,17457,17457,0,0,0,166,35.302753,0.0,27053.041053,956.997226,2287.700021,1904.159068,3846.46,26220,29,74,32722560.0,7215750.313,38629.5209,21647.3601,696.7126,0.0,0.1708,0.0,86,0.062189,1.020629,0.496242,0.497486,1.051773,0.404059,0.511518,0.291698,0.485383,0.050345,0.2082,0.307278,0.505509,0.413148,0.056255,0.036108,0.010961,0.007955,0.036066,0.007892,0.078471,0.003348,0.010561,7.6e-05,0.003087,0.004314,0.009031,0.008785,0.000456
26240,809,18287,17478,17478,0,0,0,168,35.526996,0.0,27070.544102,960.411208,2284.061797,1901.596886,3832.55,26240,29,74,32747520.0,7224224.503,38676.2602,21674.4256,698.1546,0.0,0.1708,0.0,86,0.064277,1.018287,0.496347,0.496962,1.054337,0.404871,0.516526,0.291122,0.485694,0.050277,0.207382,0.307597,0.506197,0.413178,0.0565,0.036562,0.011262,0.008184,0.037712,0.008064,0.085028,0.003406,0.010609,7.6e-05,0.003164,0.004395,0.009149,0.008677,0.000461
26260,803,18304,17501,17501,0,0,0,176,40.6864,0.0,27070.535479,956.729304,2282.584296,1898.978515,3867.18,26260,29,74,32772480.0,7232698.4007,38724.9651,21699.4269,699.0291,0.0,0.1708,0.0,86,0.062267,1.0173,0.496333,0.49786,1.053901,0.404957,0.514497,0.290237,0.485292,0.050283,0.20788,0.307649,0.505745,0.41282,0.05636,0.035066,0.011004,0.008159,0.038356,0.008039,0.084079,0.003235,0.01048,7.5e-05,0.003159,0.004308,0.008801,0.008656,0.000456
26280,807,18326,17519,17519,0,0,0,174,35.649207,0.0,27128.516292,957.488957,2286.861836,1897.517851,3852.71,26280,29,74,32797440.0,7241173.4232,38773.9082,21722.3261,699.6441,0.0,0.1708,0.0,86,0.063197,1.017955,0.494932,0.498963,1.055468,0.406117,0.517822,0.288619,0.485824,0.050367,0.20766,0.306845,0.506628,0.412266,0.056594,0.035269,0.011103,0.008386,0.038626,0.00813,0.085896,0.003246,0.010471,7.8e-05,0.003086,0.004323,0.008701,0.008636,0.000461
26300,812,18354,17542,17542,0,0,0,182,37.525789,0.0,27177.467474,954.520958,2287.953253,1896.741539,3813.11,26300,29,74,32822400.0,7249655.4977,38822.8368,21747.5561,700.4341,0.0,0.1708,0.0,86,0.064039,1.017683,0.495279,0.498637,1.055854,0.405138,0.517074,0.289665,0.487446,0.05039,0.207539,0.306506,0.506642,0.411571,0.056957,0.035547,0.010736,0.008546,0.038715,0.007979,0.085816,0.003372,0.01066,7.7e-05,0.00308,0.00438,0.008847,0.009133,0.000469
26320,822,18382,17560,17560,0,0,0,172,35.708053,0.0,27176.96143,966.794719,2277.497228,1896.305365,3767.36,26320,29,74,32847360.0,7258154.4601,38871.7505,21780.6706,701.133,0.0,0.1708,0.0,86,0.06326,1.020582,0.496235,0.499244,1.054844,0.405068,0.517724,0.289543,0.486865,0.050394,0.208106,0.307072,0.506616,0.410626,0.05723,0.03674,0.011077,0.008756,0.039473,0.008157,0.085954,0.003399,0.010929,7.7e-05,0.003171,0.004376,0.008905,0.008675,0.000474
26340,836,18412,17576,17576,0,0,0,175,40.690148,0.0,27005.7127,982.407961,2256.901891,1898.442711,3708.16,26340,29,74,32872320.0,7266653.7001,38917.2543,21816.9045,701.5736,0.0,0.1708,0.0,86,0.061005,1.018118,0.495592,0.498737,1.055136,0.40514,0.517042,0.289673,0.488286,0.050331,0.208662,0.306881,0.506334,0.409845,0.057237,0.036254,0.010993,0.008622,0.039804,0.008132,0.084685,0.003354,0.011006,7.8e-05,0.00324,0.004323,0.008896,0.0085,0.000471
26360,836,18435,17599,17599,0,0,0,176,38.625852,0.0,26790.551099,984.856205,2256.517944,1901.113312,3718.11,26360,29,74,32897280.0,7275152.8287,38960.6309,21848.3666,703.1261,0.0,0.1708,0.0,86,0.065789,1.01415,0.495596,0.497504,1.055068,0.404078,0.518333,0.290101,0.487221,0.050295,0.208805,0.307445,0.50745,0.409275,0.057157,0.03622,0.010715,0.008405,0.039032,0.007871,0.085901,0.003331,0.010886,7.8e-05,0.003276,0.004395,0.008794,0.008463,0.000471
26380,824,18454,17630,17630,0,0,0,184,44.108242,0.0,26619.539522,973.586975,2262.304783,1901.937399,3775.68,26380,29,74,32922240.0,7283652.0687,39004.2152,21874.6391,704.0503,0.0,0.1708,0.0,86,0.067961,1.01157,0.49531,0.497402,1.056915,0.403017,0.519223,0.289639,0.48662,0.050301,0.208462,0.308718,0.507117,0.409051,0.057261,0.035703,0.010827,0.008501,0.03951,0.007599,0.086685,0.003205,0.010815,8e-05,0.003273,0.004402,0.008721,0.008234,0.000471
26400,825,18476,17651,17651,0,0,0,187,44.413569,0.0,26504.844572,972.484588,2263.101843,1901.199128,3776.98,26400,29,74,32947200.0,7292151.5472,39049.2658,21899.3282,705.2464,0.0,0.1708,0.0,86,0.069091,1.009613,0.494822,0.49795,1.056269,0.403382,0.521493,0.288989,0.487059,0.050351,0.207992,0.308568,0.507802,0.409687,0.05725,0.035497,0.010792,0.008616,0.039304,0.007732,0.089265,0.00322,0.010661,8e-05,0.003235,0.004417,0.00896,0.008261,0.000473
26420,817,18495,17678,17678,0,0,0,183,42.893652,0.0,26458.094118,963.699363,2273.406985,1900.3719,3827.14,26420,29,74,32972160.0,7300652.2619,39094.8027,21922.5944,706.412,0.0,0.1708,0.0,86,0.068543,1.010453,0.494633,0.498252,1.054762,0.403674,0.521291,0.288533,0.487695,0.050177,0.207928,0.308376,0.505925,0.410084,0.057174,0.035682,0.010616,0.008407,0.038503,0.007666,0.086531,0.00316,0.010969,7.9e-05,0.003202,0.004346,0.008901,0.008291,0.000472
26440,819,18518,17699,17699,0,0,0,176,42.084238,0.0,26435.425438,965.299434,2272.616327,1899.336885,3831.05,26440,29,74,32997120.0,7309163.844,39141.1466,21948.1144,707.5315,0.0,0.1708,0.0,86,0.070818,1.011822,0.495538,0.498169,1.055114,0.403823,0.522758,0.289343,0.487254,0.050163,0.208392,0.309296,0.506612,0.411252,0.057242,0.03594,0.010603,0.00848,0.038399,0.007678,0.087286,0.00317,0.011236,7.9e-05,0.00322,0.004389,0.008941,0.0086,0.000478
26460,799,18531,17732,17732,0,0,0,181,42.110754,0.0,26512.493299,949.814944,2288.074302,1898.408338,3924.89,26460,29,74,33022080.0,7317680.4229,39188.1322,21970.9227,708.5689,0.0,0.1708,0.0,86,0.068836,1.014296,0.496214,0.497846,1.052525,0.402285,0.518488,0.289201,0.48678,0.050101,0.208069,0.310027,0.50636,0.412016,0.05691,0.036589,0.011624,0.008155,0.037915,0.0077,0.085053,0.003119,0.011007,8e-05,0.003145,0.004417,0.008697,0.008978,0.000466
26480,807,18557,17750,17750,0,0,0,177,38.653437,0.0,26627.668034,953.41213,2287.934433,1897.315704,3892.66,26480,29,74,33047040.0,7326197.2655,39236.0022,21994.5969,709.6522,0.0,0.1708,0.0,86,0.065675,1.015897,0.496343,0.49833,1.052934,0.401779,0.516964,0.290362,0.486416,0.050165,0.207945,0.310045,0.506053,0.412937,0.056733,0.035566,0.011876,0.008056,0.038294,0.007646,0.083828,0.003151,0.011071,8e-05,0.003109,0.004366,0.008818,0.009405,0.000465
26500,808,18577,17769,17769,0,0,0,176,38.341999,0.0,26737.325736,952.595011,2289.06299,1895.248796,3892.78,26500,29,74,33072000.0,7334713.8431,39285.8342,22019.3031,710.2251,0.0,0.1708,0.0,86,0.066832,1.013924,0.495989,0.498122,1.052333,0.401428,0.518987,0.290359,0.486219,0.050265,0.207551,0.310747,0.506828,0.413359,0.056813,0.035729,0.011952,0.008069,0.038256,0.007673,0.083681,0.003113,0.010938,7.9e-05,0.00291,0.00431,0.008729,0.00955,0.000467
26520,800,18595,17795,17795,0,0,0,178,40.855287,0.0,26867.380028,945.867111,2293.277602,1894.644499,3910.81,26520,29,74,33096960.0,7343230.9931,39335.4257,22042.8592,711.1888,0.0,0.1708,0.0,86,0.06375,1.015683,0.496818,0.49867,1.054729,0.403037,0.521376,0.290318,0.484195,0.050325,0.207965,0.310682,0.506732,0.414317,0.056722,0.035511,0.012088,0.008001,0.039919,0.008011,0.084617,0.003151,0.010912,8e-05,0.002951,0.004342,0.008752,0.009568,0.00047
26540,803,18615,17812,17812,0,0,0,177,39.765634,0.0,27046.989334,946.546368,2293.687998,1894.729913,3910.48,26540,29,74,33121920.0,7351751.9771,39384.4315,22066.4931,712.0338,0.0,0.1708,0.0,86,0.064757,1.013833,0.495638,0.498483,1.054295,0.403247,0.521809,0.289751,0.483948,0.050344,0.208168,0.310412,0.507771,0.414321,0.056919,0.03486,0.011867,0.007975,0.039146,0.008037,0.085333,0.003191,0.010822,8e-05,0.003048,0.004352,0.008858,0.009534,0.000475
26560,809,18641,17832,17832,0,0,0,181,38.830306,0.0,27189.305923,951.818789,2289.350904,1894.639627,3889.51,26560,29,74,33146880.0,7360290.0881,39433.5841,22094.4536,712.6884,0.0,0.1708,0.0,86,0.064277,1.018046,0.49709,0.498068,1.054636,0.404031,0.523605,0.289818,0.483021,0.05036,0.208549,0.309069,0.507328,0.414115,0.057157,0.035749,0.011831,0.007896,0.039729,0.008304,0.086691,0.003223,0.010576,7.9e-05,0.003125,0.004322,0.008609,0.009435,0.000484
26580,808,18663,17855,17855,0,0,0,183,39.557493,0.0,27302.876818,954.438015,2286.004492,1894.142487,3906.74,26580,29,74,33171840.0,7368846.9166,39483.4255,22123.9701,713.4034,0.0,0.1708,0.0,86,0.066832,1.019257,0.497469,0.496814,1.054444,0.404245,0.526565,0.289505,0.481828,0.05045,0.207973,0.308451,0.508425,0.414368,0.057062,0.035535,0.01189,0.007955,0.039639,0.00844,0.088879,0.003243,0.010552,8e-05,0.003127,0.004304,0.008803,0.009324,0.000488
26600,806,18676,17870,17870,0,0,0,172,36.543737,0.0,27414.76519,964.172965,2279.283298,1893.531872,3916.13,26600,29,74,33196800.0,7377427.1836,39533.8449,22151.9527,714.4795,0.0,0.1708,0.0,86,0.066998,1.019676,0.497252,0.495981,1.054226,0.404314,0.524563,0.289456,0.483006,0.050409,0.207801,0.307795,0.509077,0.413645,0.056964,0.035247,0.011865,0.007907,0.040013,0.008304,0.088755,0.003257,0.010598,8e-05,0.003098,0.004327,0.008851,0.009039,0.000477
26620,801,18692,17891,17891,0,0,0,181,37.971877,0.0,27524.385455,961.790771,2280.237352,1895.214198,3925.92,26620,29,74,33221760.0,7386011.0278,39582.1536,22173.9487,714.9627,0.0,0.1708,0.0,86,0.064919,1.020734,0.496416,0.496631,1.05328,0.40432,0.525066,0.29044,0.483255,0.05044,0.207663,0.307697,0.508536,0.414253,0.056966,0.035341,0.011781,0.007989,0.039487,0.00816,0.087631,0.003204,0.010617,7.9e-05,0.003115,0.004289,0.008903,0.009406,0.000479
26640,812,18724,17912,17912,0,0,0,177,36.710855,0.0,27613.941437,960.204718,2283.084426,1897.567166,3871.15,26640,29,74,33246720.0,7394594.8846,39628.6768,22198.7312,715.384,0.0,0.1708,0.0,86,0.070197,1.019788,0.495921,0.496007,1.051485,0.405736,0.528248,0.290713,0.482594,0.050332,0.207702,0.308181,0.506832,0.414202,0.057193,0.035971,0.012067,0.007993,0.038512,0.008208,0.090855,0.003162,0.011044,8e-05,0.003161,0.0045,0.008805,0.009085,0.000494
26660,826,18749,17923,17923,0,0,0,172,33.341618,0.0,27640.252943,975.30908,2271.349302,1896.638272,3820.73,26660,29,74,33271680.0,7403179.0546,39678.1107,22226.9652,716.6856,0.0,0.1708,0.0,86,0.071429,1.021426,0.496026,0.495915,1.051415,0.404318,0.53077,0.291078,0.482533,0.050334,0.207953,0.307805,0.505754,0.41394,0.05702,0.036096,0.011606,0.008094,0.039623,0.008109,0.09154,0.00319,0.011105,8.1e-05,0.00322,0.004461,0.008836,0.008949,0.000482
26680,833,18772,17939,17939,0,0,0,171,34.045558,0.0,27534.236399,986.215697,2259.738745,1894.445946,3804.62,26680,29,74,33296640.0,7411763.2246,39730.1685,22256.9028,717.9533,0.0,0.1708,0.0,86,0.073229,1.021066,0.496048,0.495633,1.05203,0.404625,0.531755,0.290498,0.482449,0.050421,0.208032,0.307165,0.505559,0.413251,0.056887,0.035919,0.01162,0.008153,0.038795,0.007989,0.091583,0.003162,0.01109,8.3e-05,0.003205,0.004484,0.008922,0.008619,0.000472
26700,837,18794,17957,17957,0,0,0,174,34.041861,0.0,27362.822213,992.790264,2253.167875,1892.274931,3794.86,26700,29,74,33321600.0,7420347.3182,39783.7082,22284.7932,718.8564,0.0,0.1708,0.0,86,0.071685,1.020375,0.495248,0.495693,1.051818,0.40441,0.528641,0.290673,0.483313,0.05031,0.208175,0.307262,0.506286,0.411902,0.056741,0.036265,0.011613,0.008066,0.038198,0.007815,0.090757,0.003085,0.010871,8e-05,0.00316,0.0044,0.008975,0.008241,0.000472
26720,831,18809,17978,17978,0,0,0,181,34.545069,0.0,27189.252192,993.374392,2252.08054,1890.347671,3821.21,26720,29,74,33346560.0,7428931.4882,39838.1931,22309.6408,719.6234,0.0,0.1708,0.0,86,0.072202,1.020179,0.496225,0.495512,1.052832,0.403666,0.527997,0.29063,0.48305,0.050407,0.207349,0.306636,0.507157,0.412474,0.056728,0.036078,0.01176,0.00812,0.038912,0.007747,0.091489,0.00311,0.010852,8e-05,0.003127,0.004369,0.008967,0.00832,0.000471
26740,822,18831,18009,18009,0,0,0,190,37.815525,0.0,27118.788188,976.417626,2265.766849,1888.283937,3851.49,26740,28,74,33371520.0,7437518.6342,39893.8492,22330.7835,720.4686,0.0,0.1708,0.0,86,0.068127,1.01852,0.494712,0.4963,1.053714,0.405372,0.528451,0.290231,0.48297,0.05042,0.206989,0.306978,0.506933,0.412469,0.056788,0.036914,0.012071,0.008021,0.039484,0.007828,0.091534,0.003081,0.010777,7.9e-05,0.003167,0.004418,0.009181,0.00825,0.000478
26760,822,18852,18030,18030,0,0,0,189,38.977021,0.0,27094.689202,974.556746,2266.466233,1886.234498,3825.27,26760,28,74,33396480.0,7446115.2542,39950.3584,22355.6628,720.8958,0.0,0.1708,0.0,86,0.069343,1.016683,0.494818,0.495986,1.054416,0.404444,0.528637,0.29006,0.482729,0.050393,0.207813,0.307231,0.505684,0.411347,0.05673,0.036444,0.012024,0.008093,0.039433,0.007825,0.093016,0.003122,0.010839,8e-05,0.003296,0.004461,0.009168,0.008247,0.000468
26780,824,18881,18057,18057,0,0,0,191,35.619897,0.0,27124.336741,967.795914,2276.584189,1884.279938,3808.86,26780,29,74,33421440.0,7454711.5906,40007.4965,22382.6157,721.3274,0.0,0.1708,0.0,86,0.070388,1.015869,0.495923,0.497108,1.051699,0.403208,0.530236,0.290369,0.482516,0.050345,0.208387,0.307409,0.504861,0.411687,0.057018,0.036257,0.012112,0.008359,0.038505,0.007862,0.094356,0.003072,0.010974,8e-05,0.003373,0.004508,0.009196,0.008187,0.000489
26800,821,18902,18081,18081,0,0,0,190,38.525971,0.0,27146.921164,970.288449,2271.18558,1881.547535,3809.05,26800,29,74,33446400.0,7463308.1107,40066.2084,22413.3976,723.1381,0.0,0.1708,0.0,86,0.070646,1.015793,0.495914,0.496607,1.051689,0.402278,0.529019,0.290149,0.483392,0.050329,0.208516,0.307353,0.504685,0.411773,0.057337,0.036296,0.01219,0.00843,0.039513,0.007547,0.092111,0.003086,0.010951,7.9e-05,0.003372,0.004525,0.009366,0.008205,0.000496
26820,819,18918,18099,18099,0,0,0,181,37.710622,0.0,27164.068148,975.728526,2266.560852,1878.08555,3819.24,26820,29,74,33471360.0,7471904.4674,40126.8275,22440.1046,723.8627,0.0,0.1708,0.0,86,0.070818,1.016056,0.494961,0.496035,1.050671,0.402169,0.528727,0.290362,0.483096,0.050343,0.208013,0.307844,0.50626,0.411773,0.057244,0.0359,0.01202,0.008335,0.03938,0.007514,0.09209,0.003089,0.010968,7.6e-05,0.003294,0.004526,0.009197,0.007957,0.000493
26840,813,18941,18128,18128,0,0,0,180,38.612932,0.0,27216.593759,963.221525,2278.165543,1874.605781,3844.93,26840,29,74,33496320.0,7480507.5449,40189.0121,22461.6318,724.8425,0.0,0.1708,0.0,86,0.071341,1.017176,0.494128,0.496946,1.050333,0.403786,0.52557,0.289411,0.484736,0.050408,0.208025,0.307788,0.506615,0.410322,0.057035,0.036686,0.011926,0.00856,0.039234,0.007762,0.087405,0.00316,0.011036,7.6e-05,0.003124,0.004518,0.009067,0.008019,0.000476
26860,814,18967,18153,18153,0,0,0,177,37.713696,0.0,27369.329363,958.277457,2284.008847,1874.149304,3837.15,26860,29,74,33521280.0,7489139.5418,40249.1791,22487.023,725.4555,0.0,0.1708,0.0,86,0.072482,1.016244,0.494681,0.497653,1.053875,0.402347,0.522934,0.289616,0.485034,0.050271,0.208118,0.308129,0.506044,0.411201,0.056904,0.036135,0.011409,0.008463,0.039478,0.007604,0.088752,0.003111,0.010982,7.8e-05,0.003218,0.004455,0.008993,0.008466,0.000479
26880,819,18994,18175,18175,0,0,0,178,36.820817,0.0,27500.485179,963.186249,2279.992934,1875.06875,3816.05,26880,29,74,33546240.0,7497771.5717,40308.2134,22516.895,726.5642,0.0,0.1708,0.0,86,0.07326,1.016964,0.496121,0.496665,1.054813,0.402732,0.522684,0.289282,0.484607,0.050337,0.20885,0.308922,0.50671,0.412213,0.057158,0.036435,0.011723,0.008373,0.0399,0.007775,0.0874,0.003133,0.011027,7.7e-05,0.003399,0.004549,0.00915,0.008875,0.000468
26900,823,19016,18193,18193,0,0,0,171,35.768713,0.0,27596.255896,972.862336,2271.368951,1875.909294,3811.61,26900,29,74,33571200.0,7506404.0117,40367.2478,22548.6747,727.0787,0.0,0.1708,0.0,86,0.072904,1.018029,0.496531,0.495922,1.049786,0.403234,0.523217,0.288067,0.484708,0.050358,0.209007,0.308631,0.506066,0.411894,0.057487,0.037469,0.01162,0.00829,0.038508,0.007978,0.087275,0.003138,0.010963,7.7e-05,0.003429,0.004591,0.009164,0.008595,0.000472
26920,826,19040,18214,18214,0,0,0,178,40.142913,0.0,27614.007997,976.256923,2263.600164,1876.700092,3779.25,26920,29,74,33596160.0,7515036.3511,40426.1396,22579.0306,727.3413,0.0,0.1708,0.0,86,0.071429,1.016168,0.495917,0.495848,1.051954,0.403379,0.52381,0.28928,0.485339,0.050507,0.208598,0.308976,0.506412,0.411075,0.05728,0.037437,0.011529,0.008162,0.038891,0.007937,0.086858,0.003125,0.010946,7.7e-05,0.003395,0.004536,0.00921,0.008374,0.000472
26940,832,19069,18237,18237,0,0,0,170,38.701801,0.0,27564.219147,980.597514,2260.700685,1881.72498,3731.95,26940,29,74,33621120.0,7523668.1476,40479.8471,22612.1073,727.8857,0.0,0.1708,0.0,86,0.070913,1.015683,0.496401,0.49595,1.05186,0.402661,0.52259,0.29041,0.485909,0.050459,0.207568,0.309102,0.507127,0.412077,0.057419,0.037739,0.012438,0.008012,0.03781,0.008014,0.084156,0.003148,0.011094,7.8e-05,0.003008,0.004562,0.008992,0.008899,0.000469
26960,828,19090,18262,18262,0,0,0,175,40.415585,0.0,27510.051893,981.668249,2257.916166,1885.355738,3742.59,26960,29,74,33646080.0,7532300.3453,40533.1179,22641.7817,728.1896,0.0,0.1708,0.0,86,0.070048,1.018365,0.497348,0.497651,1.052691,0.40373,0.524459,0.290809,0.486597,0.050415,0.208031,0.308209,0.505471,0.411528,0.057602,0.037869,0.012458,0.008069,0.039086,0.008092,0.087708,0.00317,0.011218,7.8e-05,0.002994,0.004539,0.008885,0.00894,0.000474
26980,824,19111,18287,18287,0,0,0,172,37.218351,0.0,27470.698574,980.651508,2262.130141,1891.125045,3758.9,26980,29,74,33671040.0,7540937.1718,40582.0816,22670.3317,729.0734,0.0,0.1708,0.0,86,0.070388,1.019251,0.497713,0.497432,1.053796,0.404952,0.522438,0.290549,0.487927,0.050345,0.207656,0.308075,0.505413,0.411871,0.057395,0.037856,0.012349,0.008292,0.038608,0.008494,0.086246,0.003164,0.011103,7.9e-05,0.002882,0.004522,0.008643,0.009361,0.000473
27000,827,19137,18310,18310,0,0,0,173,35.776188,0.0,27500.001616,979.352893,2264.87092,1894.868205,3751.72,27000,29,74,33696000.0,7549611.3433,40629.3957,22696.962,729.8567,0.0,0.1708,0.0,86,0.072551,1.017387,0.498273,0.498284,1.051668,0.404153,0.524273,0.290734,0.48723,0.050372,0.207736,0.308628,0.505417,0.411214,0.057523,0.037603,0.012449,0.008285,0.038595,0.008503,0.08809,0.00316,0.011127,8e-05,0.002864,0.004471,0.0085,0.008855,0.000483
27020,822,19159,18337,18337,0,0,0,181,36.854923,0.0,27537.320035,975.078289,2268.066788,1895.947389,3776.63,27020,29,74,33720960.0,7558294.9756,40678.0203,22724.8565,730.6453,0.0,0.1708,0.0,86,0.071776,1.018324,0.49848,0.498014,1.053888,0.405068,0.526857,0.29016,0.486814,0.050317,0.207844,0.308721,0.506788,0.412072,0.057329,0.037904,0.012673,0.008641,0.040442,0.008706,0.091279,0.003214,0.011179,8e-05,0.002907,0.004571,0.008597,0.008997,0.000482
27040,821,19177,18356,18356,0,0,0,179,35.981447,0.0,27592.862547,978.296275,2265.722278,1896.436918,3788.67,27040,29,74,33745920.0,7566979.0666,40726.9516,22750.5989,731.0491,0.0,0.1708,0.0,86,0.0743,1.02093,0.499127,0.497484,1.053002,0.404876,0.528406,0.290607,0.486638,0.050288,0.207207,0.308652,0.507909,0.412563,0.057503,0.038281,0.012727,0.009001,0.041036,0.008484,0.091703,0.003222,0.011136,8.1e-05,0.002903,0.004644,0.008768,0.008959,0.000478
27060,823,19203,18380,18380,0,0,0,184,37.612233,0.0,27643.248727,975.677834,2266.709934,1896.738412,3793.7,27060,29,74,33770880.0,7575662.4648,40775.881,22777.5765,731.9777,0.0,0.1708,0.0,86,0.076549,1.021161,0.498556,0.497239,1.051477,0.403489,0.530614,0.291172,0.486226,0.050385,0.207054,0.308007,0.5076,0.413358,0.057391,0.03839,0.012639,0.009152,0.041012,0.008358,0.09163,0.003229,0.011034,8.1e-05,0.003332,0.004663,0.008813,0.008944,0.000469
27080,826,19227,18401,18401,0,0,0,181,32.136356,0.0,27698.691096,979.788845,2268.074799,1897.023806,3776.52,27080,30,74,33795840.0,7584346.0426,40824.6884,22805.6286,733.0713,0.0,0.1708,0.0,86,0.07385,1.022755,0.499003,0.497923,1.048892,0.402713,0.527733,0.291304,0.485756,0.050494,0.206436,0.307359,0.507193,0.414551,0.056919,0.037422,0.012568,0.009065,0.040134,0.008228,0.091261,0.003176,0.010723,8e-05,0.003297,0.004607,0.008887,0.00889,0.000473
27100,827,19245,18418,18418,0,0,0,180,34.660519,0.0,27693.301698,986.86143,2258.47805,1897.280045,3770.07,27100,30,74,33820800.0,7593036.3676,40873.2511,22834.6367,733.2105,0.0,0.1708,0.0,86,0.076179,1.021452,0.499008,0.497469,1.050966,0.403453,0.530383,0.290422,0.485582,0.050424,0.206257,0.306406,0.50575,0.413779,0.057126,0.037181,0.012424,0.009102,0.040162,0.008343,0.092489,0.0032,0.010998,7.9e-05,0.003304,0.004495,0.008691,0.008645,0.000479
27120,833,19268,18435,18435,0,0,0,172,32.636961,0.0,27646.355253,992.602567,2254.760472,1896.699012,3758.3,27120,30,74,33845760.0,7601739.5386,40922.8336,22861.5793,734.2611,0.0,0.1708,0.0,86,0.07443,1.020658,0.497755,0.49885,1.052784,0.403013,0.536459,0.290175,0.484955,0.050474,0.206501,0.305879,0.506318,0.41396,0.057418,0.03704,0.012463,0.009327,0.040852,0.008407,0.102428,0.003278,0.011252,8e-05,0.003387,0.004501,0.00879,0.008813,0.000507
27140,820,19280,18460,18460,0,0,0,178,35.505072,0.0,27653.861329,982.537457,2261.957471,1898.127428,3825.92,27140,30,74,33870720.0,7610444.8786,40970.443,22882.4318,735.3382,0.0,0.1708,0.0,86,0.07561,1.020689,0.496612,0.497276,1.052964,0.40357,0.537877,0.290421,0.485456,0.050463,0.206916,0.305565,0.50722,0.413378,0.057425,0.037181,0.012504,0.008922,0.040876,0.008549,0.103435,0.003255,0.011259,7.8e-05,0.003404,0.00452,0.009026,0.00884,0.000506
27160,821,19303,18482,18482,0,0,0,176,32.850108,0.0,27713.074463,979.025722,2268.12417,1899.661784,3822.58,27160,30,74,33895680.0,7619149.8826,41017.4523,22905.37,736.0714,0.0,0.1708,0.0,86,0.076736,1.020641,0.495416,0.497158,1.054029,0.404704,0.539425,0.289192,0.486351,0.050439,0.205866,0.306077,0.507831,0.413137,0.057614,0.037233,0.012541,0.00881,0.04144,0.008622,0.10467,0.003225,0.011287,7.8e-05,0.003245,0.004571,0.009074,0.008708,0.000514
27180,823,19324,18501,18501,0,0,0,179,36.684214,0.0,27764.445805,980.900868,2262.414918,1902.385209,3827.37,27180,30,74,33920640.0,7627854.4666,41061.6532,22928.974,737.2035,0.0,0.1708,0.0,86,0.076549,1.021641,0.493498,0.496592,1.052677,0.404242,0.536796,0.289813,0.48692,0.05033,0.20574,0.305667,0.506445,0.411997,0.05756,0.037004,0.01124,0.008512,0.040629,0.008488,0.102437,0.003191,0.011604,7.7e-05,0.003226,0.004515,0.008955,0.008415,0.000516
27200,824,19354,18530,18530,0,0,0,180,38.571681,0.0,27812.844523,972.246731,2269.181588,1903.695555,3809.01,27200,30,74,33945600.0,7636558.5,41105.8519,22955.8717,738.4054,0.0,0.1708,0.0,86,0.07767,1.020716,0.49458,0.496122,1.055315,0.402205,0.538275,0.289614,0.485384,0.050413,0.205888,0.305736,0.505874,0.413206,0.057594,0.036839,0.011715,0.008418,0.043162,0.008476,0.102722,0.003136,0.01132,7.8e-05,0.003203,0.004464,0.009007,0.008516,0.00051
27220,822,19378,18556,18556,0,0,0,173,36.490945,0.0,27893.183052,973.19296,2270.316095,1904.95047,3826.52,27220,30,74,33970560.0,7645262.9001,41149.2877,22987.7766,739.0365,0.0,0.1708,0.0,86,0.076642,1.021784,0.496034,0.496771,1.05333,0.401967,0.534378,0.290382,0.485404,0.050388,0.205895,0.304384,0.503753,0.412438,0.057199,0.035897,0.011542,0.008187,0.042191,0.008204,0.098943,0.003168,0.011288,7.7e-05,0.003088,0.004421,0.008449,0.008608,0.000503
27240,829,19399,18570,18570,0,0,0,172,33.995176,0.0,27926.481556,986.83846,2259.166364,1905.480739,3807.88,27240,30,74,33995520.0,7653967.7571,41192.6006,23018.3599,739.7848,0.0,0.1708,0.0,86,0.074789,1.021733,0.496313,0.496563,1.05158,0.402472,0.532125,0.290217,0.485539,0.050315,0.206589,0.304196,0.504172,0.411631,0.057129,0.035767,0.011485,0.008157,0.04234,0.008199,0.098417,0.003192,0.011218,7.7e-05,0.00311,0.004386,0.008257,0.008664,0.000503
27260,825,19421,18596,18596,0,0,0,181,37.548584,0.0,27920.224808,985.263726,2257.18769,1904.853019,3833.45,27260,30,74,34020480.0,7662671.5318,41237.1357,23048.2417,740.7627,0.0,0.1708,0.0,86,0.075152,1.022782,0.495365,0.497127,1.051018,0.403617,0.536711,0.290238,0.485932,0.050272,0.207268,0.305277,0.503442,0.412187,0.057204,0.037147,0.011662,0.008146,0.043679,0.00839,0.106484,0.00322,0.011346,7.8e-05,0.003171,0.004493,0.008234,0.008653,0.000517
27280,831,19447,18616,18616,0,0,0,175,36.213228,0.0,27936.489688,985.642309,2258.144462,1902.980159,3800.39,27280,30,74,34045440.0,7671376.8718,41283.8247,23072.4862,741.3432,0.0,0.1708,0.0,86,0.075812,1.025795,0.495864,0.496537,1.051081,0.404409,0.538164,0.290004,0.485223,0.050223,0.207076,0.304831,0.504467,0.411193,0.057279,0.038204,0.012004,0.008159,0.044733,0.008408,0.106744,0.003211,0.011247,7.6e-05,0.00319,0.004442,0.008319,0.00838,0.000521
27300,828,19469,18641,18641,0,0,0,177,38.348106,0.0,27945.022851,985.300328,2256.351566,1900.350997,3820.01,27300,30,74,34070400.0,7680101.1654,41333.0701,23102.2832,743.0347,0.0,0.1708,0.0,86,0.074879,1.025308,0.49594,0.497005,1.051163,0.406287,0.53616,0.289476,0.485784,0.050193,0.20712,0.306032,0.504218,0.411751,0.057195,0.038629,0.012225,0.008374,0.044818,0.00898,0.105517,0.003197,0.011564,7.7e-05,0.003229,0.004434,0.008425,0.00841,0.00051
27320,831,19491,18660,18660,0,0,0,173,37.199215,0.0,27927.742324,993.357616,2249.443169,1897.075363,3805.81,27320,30,74,34095360.0,7688839.5105,41385.4552,23131.7986,743.3958,0.0,0.1708,0.0,86,0.075812,1.027095,0.496973,0.496342,1.054955,0.405889,0.536193,0.289308,0.487543,0.050174,0.207248,0.306171,0.504646,0.411907,0.057272,0.038635,0.012226,0.008362,0.04549,0.008906,0.105384,0.003239,0.011442,7.7e-05,0.003205,0.004422,0.00829,0.008352,0.00051
27340,828,19509,18681,18681,0,0,0,171,35.225196,0.0,27885.009384,992.294895,2252.479909,1894.537782,3823.13,27340,30,74,34120320.0,7697567.9217,41439.6824,23156.6587,744.2676,0.0,0.1708,0.0,86,0.076087,1.024834,0.495289,0.496478,1.051565,0.405756,0.536257,0.289597,0.48741,0.050021,0.20695,0.307199,0.504161,0.41243,0.057202,0.038308,0.012118,0.008314,0.044627,0.008818,0.106031,0.003215,0.011628,7.8e-05,0.003182,0.004495,0.008353,0.008375,0.000509
27360,827,19529,18702,18702,0,0,0,176,36.765781,0.0,27848.935263,994.412945,2248.821274,1893.381903,3837.92,27360,30,74,34145280.0,7706309.2324,41494.1459,23183.4002,745.6363,0.0,0.1708,0.0,86,0.077388,1.026422,0.495462,0.496281,1.050568,0.405112,0.53683,0.289398,0.486752,0.050229,0.206985,0.306895,0.50458,0.412508,0.05698,0.039143,0.012234,0.008286,0.043325,0.008828,0.105993,0.00325,0.011315,8e-05,0.003183,0.004546,0.008426,0.008366,0.000488
27380,837,19557,18720,18720,0,0,0,172,35.803558,0.0,27797.043894,997.676572,2246.51987,1892.913322,3795.5,27380,30,74,34170240.0,7715050.7237,41548.608,23208.4977,746.2744,0.0,0.1708,0.0,86,0.075269,1.027129,0.495339,0.496253,1.049258,0.404063,0.533467,0.290117,0.487365,0.050265,0.206649,0.30723,0.503726,0.412898,0.056823,0.040421,0.012483,0.008538,0.043956,0.008858,0.101954,0.003288,0.011228,8e-05,0.003061,0.004575,0.008354,0.008709,0.000485
27400,838,19583,18745,18745,0,0,0,178,36.614181,0.0,27720.616965,996.339286,2247.046534,1892.036311,3798.64,27400,30,74,34195200.0,7723792.7237,41604.0335,23238.7957,746.9976,0.0,0.1708,0.0,86,0.076372,1.027086,0.497151,0.496294,1.050879,0.403588,0.533109,0.29043,0.486472,0.050296,0.206144,0.307484,0.504269,0.412592,0.056808,0.040163,0.013283,0.008343,0.043532,0.008745,0.099396,0.003263,0.011186,8.1e-05,0.003024,0.004564,0.008323,0.008756,0.000471
27420,826,19601,18775,18775,0,0,0,185,40.318251,0.0,27685.977371,988.749588,2250.932162,1890.847874,3861.25,27420,30,74,34220160.0,7732530.8265,41660.4945,23268.9596,748.0011,0.0,0.1708,0.0,86,0.078692,1.023553,0.496533,0.497014,1.051351,0.403375,0.535923,0.290407,0.486948,0.050304,0.206876,0.308293,0.504135,0.412706,0.057103,0.04008,0.013041,0.00836,0.044721,0.008751,0.101949,0.00328,0.011374,8.4e-05,0.003028,0.004812,0.008231,0.008561,0.000478
27440,824,19619,18795,18795,0,0,0,178,35.968077,0.0,27728.521101,989.926171,2254.105752,1888.551632,3875.68,27440,31,74,34245120.0,7741270.1224,41719.3959,23292.5259,749.4454,0.0,0.1708,0.0,86,0.078883,1.02494,0.496807,0.49656,1.047694,0.403396,0.53257,0.290579,0.486731,0.050495,0.206418,0.308094,0.502853,0.413383,0.057058,0.040212,0.013133,0.00841,0.044159,0.008692,0.09637,0.003267,0.011295,8.5e-05,0.002566,0.004783,0.008111,0.008719,0.000468
27460,828,19645,18817,18817,0,0,0,180,38.623267,0.0,27735.46039,986.632272,2254.744461,1885.899222,3868.6,27460,31,74,34270080.0,7750001.7384,41780.4989,23316.1026,750.0624,0.0,0.1708,0.0,86,0.077295,1.025852,0.495882,0.496801,1.04542,0.403492,0.534891,0.290776,0.485257,0.050414,0.206276,0.307379,0.502147,0.413708,0.057231,0.040596,0.012804,0.008432,0.043067,0.008814,0.099388,0.003279,0.011287,8.6e-05,0.002622,0.004792,0.008147,0.009535,0.000475
27480,828,19670,18842,18842,0,0,0,180,39.038024,0.0,27796.934776,981.741415,2259.220561,1883.869564,3875.6,27480,31,74,34295040.0,7758739.0637,41842.4743,23344.1498,750.3784,0.0,0.1708,0.0,86,0.077295,1.022158,0.496475,0.49566,1.044035,0.402719,0.535245,0.290039,0.484169,0.050338,0.206247,0.307702,0.502392,0.414163,0.057169,0.039753,0.012904,0.007935,0.042632,0.008906,0.10228,0.003265,0.010972,8.6e-05,0.00259,0.004777,0.008148,0.009974,0.000478
27500,838,19697,18859,18859,0,0,0,182,37.78884,0.0,27777.049514,992.754346,2249.456814,1882.615583,3841.52,27500,31,74,34320000.0,7767473.424,41904.5447,23373.72,753.6139,0.0,0.1708,0.0,86,0.081146,1.024177,0.494755,0.49583,1.044867,0.403803,0.540098,0.289486,0.484988,0.050327,0.207432,0.306979,0.503097,0.412592,0.057581,0.039694,0.012622,0.008057,0.043166,0.009387,0.1045,0.003312,0.011632,8.8e-05,0.002765,0.00479,0.008054,0.010143,0.000481
27520,835,19714,18879,18879,0,0,0,176,36.159082,0.0,27757.211421,996.648038,2247.19288,1880.941609,3857.14,27520,31,74,34344960.0,7776226.8018,41967.8731,23402.0336,754.5963,0.0,0.1708,0.0,86,0.081437,1.022216,0.494168,0.495947,1.046443,0.402281,0.541883,0.289453,0.485168,0.050384,0.207833,0.306904,0.503224,0.41327,0.057695,0.039344,0.01232,0.008192,0.043046,0.008942,0.104266,0.003307,0.011736,8.8e-05,0.00281,0.004793,0.008179,0.010395,0.000485
27540,836,19738,18902,18902,0,0,0,178,37.76934,0.0,27736.516144,993.731988,2248.498672,1876.743432,3841.09,27540,31,74,34369920.0,7784986.6888,42036.0496,23426.1661,755.0454,0.0,0.1708,0.0,86,0.08134,1.022333,0.496729,0.496946,1.049706,0.402645,0.542573,0.288819,0.485424,0.050527,0.2076,0.305972,0.50251,0.411984,0.057796,0.039501,0.013819,0.008439,0.043853,0.008816,0.103995,0.003236,0.011689,9e-05,0.002828,0.004739,0.008124,0.00989,0.000482
27560,831,19764,18933,18933,0,0,0,181,37.119076,0.0,27794.131516,983.24549,2259.635434,1874.562903,3863.71,27560,31,74,34394880.0,7793759.7939,42104.8998,23453.6898,755.8506,0.0,0.1708,0.0,86,0.080626,1.021443,0.496227,0.498081,1.05131,0.403322,0.545022,0.289236,0.486876,0.050359,0.208685,0.306007,0.501516,0.412408,0.057909,0.039606,0.013551,0.008722,0.043814,0.008925,0.107151,0.003253,0.012034,8.8e-05,0.003245,0.004753,0.00811,0.010104,0.000503
27580,832,19785,18953,18953,0,0,0,174,35.019688,0.0,27830.908189,991.026369,2253.953942,1875.029044,3868.75,27580,31,74,34419840.0,7802527.7259,42171.67,23486.1766,756.6129,0.0,0.1708,0.0,86,0.078125,1.022169,0.49613,0.499324,1.049343,0.403,0.542838,0.289777,0.488351,0.050432,0.208557,0.306321,0.502658,0.413151,0.057648,0.039863,0.012834,0.008718,0.043349,0.008936,0.106499,0.003231,0.012186,8.7e-05,0.003114,0.004798,0.008155,0.010088,0.000506
27600,838,19807,18969,18969,0,0,0,164,32.166736,0.0,27822.424612,999.120288,2248.712976,1875.679504,3850.9,27600,31,74,34444800.0,7811291.6789,42236.9946,23511.8676,757.6387,0.0,0.1708,0.0,86,0.079952,1.025751,0.497118,0.498505,1.046797,0.403844,0.543589,0.28994,0.487185,0.050391,0.208619,0.306308,0.502195,0.412979,0.057645,0.03962,0.013012,0.008667,0.043243,0.009129,0.106992,0.003316,0.012258,8.6e-05,0.003093,0.004806,0.008221,0.010157,0.000509
27620,831,19822,18991,18991,0,0,0,170,31.732235,0.0,27836.120035,996.311408,2251.956357,1875.384354,3895.04,27620,31,74,34469760.0,7820076.7349,42302.9717,23535.6701,758.1746,0.0,0.1708,0.0,86,0.077016,1.025103,0.496924,0.499052,1.045826,0.404308,0.541605,0.290303,0.486591,0.050533,0.20837,0.306307,0.502807,0.414166,0.057575,0.039986,0.013396,0.008797,0.043841,0.009167,0.106519,0.003299,0.012281,8.8e-05,0.003109,0.004824,0.008167,0.010209,0.000512
27640,825,19839,19014,19014,0,0,0,176,33.542912,0.0,27843.605438,992.566804,2253.890284,1874.546855,3933.19,27640,31,74,34494720.0,7828862.7839,42369.7706,23558.8753,758.3119,0.0,0.1708,0.0,86,0.078788,1.026731,0.496974,0.499744,1.045645,0.40531,0.544547,0.289969,0.487049,0.050432,0.207921,0.306185,0.504019,0.414573,0.057601,0.040496,0.013548,0.009043,0.044197,0.009357,0.111301,0.003406,0.012347,8.7e-05,0.003079,0.004828,0.008303,0.010043,0.000521
27660,820,19858,19038,19038,0,0,0,183,39.304861,0.0,27904.783248,984.126808,2256.568332,1872.626292,3965.06,27660,31,74,34519680.0,7837648.0424,42438.9999,23581.0218,759.2999,0.0,0.1708,0.0,86,0.079268,1.024658,0.495633,0.49821,1.045764,0.407008,0.542112,0.289834,0.487464,0.050441,0.207061,0.307005,0.503842,0.412874,0.057287,0.040782,0.013548,0.008852,0.043757,0.009356,0.107202,0.003411,0.012128,8.8e-05,0.003048,0.004875,0.008421,0.009252,0.00051
27680,817,19878,19061,19061,0,0,0,190,40.610586,0.0,28029.931186,977.802351,2261.587063,1872.100884,3985.89,27680,31,74,34544640.0,7846437.4437,42507.9437,23603.3435,760.4929,0.0,0.1708,0.0,86,0.077111,1.024329,0.495233,0.497448,1.049373,0.406542,0.540735,0.289738,0.488283,0.050471,0.207359,0.307089,0.504264,0.413252,0.057061,0.040218,0.013374,0.008829,0.044083,0.009232,0.105774,0.003409,0.011944,8.7e-05,0.00303,0.00487,0.008385,0.009549,0.000512
27700,817,19893,19076,19076,0,0,0,182,32.760122,0.0,28222.664345,979.327084,2267.912795,1871.565588,3989.59,27700,31,74,34569600.0,7855225.2511,42577.4667,23623.9541,761.4674,0.0,0.1708,0.0,86,0.077111,1.024026,0.495569,0.497451,1.050271,0.405714,0.541481,0.290361,0.487457,0.05049,0.207588,0.306658,0.504571,0.412963,0.057047,0.039788,0.013479,0.00884,0.043791,0.009048,0.11009,0.003416,0.011896,9e-05,0.003104,0.004929,0.008438,0.009484,0.000513
27720,824,19919,19095,19095,0,0,0,181,34.983144,0.0,28363.425133,983.253207,2261.763649,1869.661389,3945.06,27720,31,74,34594560.0,7864029.188,42649.0743,23650.6637,761.8743,0.0,0.1708,0.0,86,0.07767,1.024564,0.495337,0.497653,1.051629,0.406133,0.541492,0.289513,0.486962,0.050354,0.207749,0.306607,0.506456,0.412471,0.057128,0.039607,0.013626,0.008861,0.043108,0.009026,0.110016,0.003429,0.011431,8.7e-05,0.003101,0.004866,0.008527,0.009429,0.00052
27740,832,19940,19108,19108,0,0,0,181,31.677309,0.0,28455.194517,994.774482,2253.548209,1865.797504,3922.46,27740,31,74,34619520.0,7872826.3498,42724.5096,23675.9015,763.4059,0.0,0.1708,0.0,86,0.079327,1.025719,0.495504,0.497141,1.052013,0.40513,0.543763,0.289591,0.486736,0.050325,0.207483,0.306418,0.505831,0.412404,0.057339,0.039488,0.013627,0.008935,0.043476,0.009121,0.110018,0.003431,0.011486,8.7e-05,0.00306,0.004866,0.008532,0.00987,0.000522
27760,837,19973,19136,19136,0,0,0,174,34.285276,0.0,28490.078855,988.134361,2257.580363,1862.978621,3900.35,27760,31,74,34644480.0,7881616.5058,42800.7911,23702.5472,764.2352,0.0,0.1708,0.0,86,0.076464,1.024652,0.495353,0.49873,1.05354,0.40488,0.543806,0.289303,0.487398,0.050364,0.207504,0.305821,0.505358,0.41297,0.057604,0.040677,0.013625,0.008898,0.043893,0.009239,0.110274,0.003419,0.01156,8.7e-05,0.003096,0.004869,0.0084,0.009932,0.000524
27780,845,20002,19157,19157,0,0,0,167,32.686473,0.0,28479.77365,998.33488,2248.978647,1861.777158,3868.61,27780,31,74,34669440.0,7890417.9688,42875.9291,23737.1013,765.6909,0.0,0.1708,0.0,86,0.074556,1.025027,0.493714,0.49919,1.054319,0.405145,0.542183,0.289401,0.488194,0.050328,0.208029,0.305069,0.505734,0.411952,0.057794,0.040924,0.01347,0.008751,0.043474,0.009022,0.109639,0.003369,0.011669,8.5e-05,0.00311,0.004899,0.008294,0.009834,0.000524
27800,848,20028,19180,19180,0,0,0,168,33.295213,0.0,28435.187188,1002.400965,2244.303823,1863.959798,3865.13,27800,31,74,34694400.0,7899222.5228,42947.3593,23769.9988,767.0434,0.0,0.1708,0.0,86,0.074292,1.025835,0.49217,0.498518,1.049822,0.405171,0.541109,0.289739,0.488501,0.050206,0.208105,0.305677,0.504788,0.411112,0.057614,0.041048,0.012413,0.008418,0.042791,0.008953,0.107564,0.003338,0.011885,8.3e-05,0.003178,0.004764,0.008254,0.009678,0.000515
27820,842,20049,19207,19207,0,0,0,175,38.03438,0.0,28351.184323,1003.016339,2238.94928,1866.564203,3832.79,27820,31,74,34719360.0,7908038.1878,43017.6063,23804.183,768.2912,0.0,0.1708,0.0,86,0.072447,1.026275,0.49336,0.498912,1.05089,0.404056,0.539058,0.290391,0.487858,0.05035,0.208317,0.305953,0.502892,0.411474,0.057365,0.040561,0.012332,0.008344,0.042911,0.008728,0.105312,0.003329,0.01179,8.3e-05,0.003159,0.004749,0.008011,0.00974,0.000505
27840,841,20069,19228,19228,0,0,0,169,38.211206,0.0,28273.762054,1006.304216,2235.484578,1870.144726,3840.68,27840,31,74,34744320.0,7916849.9893,43084.8118,23831.4108,769.725,0.0,0.1708,0.0,86,0.071344,1.02782,0.494322,0.498473,1.048446,0.404462,0.540551,0.290586,0.48739,0.05032,0.208979,0.305742,0.501999,0.412064,0.057441,0.040485,0.012454,0.008046,0.041826,0.008996,0.10753,0.003339,0.01188,8.4e-05,0.003245,0.004662,0.008184,0.009959,0.00051
27860,835,20088,19253,19253,0,0,0,169,39.147884,0.0,28227.629488,1002.51347,2238.338645,1872.043151,3878.59,27860,31,74,34769280.0,7925672.6293,43152.0148,23858.6635,770.9071,0.0,0.1708,0.0,86,0.071856,1.029835,0.495585,0.497245,1.049978,0.405039,0.537867,0.290639,0.488095,0.050314,0.208998,0.306389,0.502668,0.410906,0.057522,0.041274,0.012684,0.008022,0.042158,0.009094,0.103925,0.003404,0.011974,8.4e-05,0.003213,0.004642,0.008256,0.009771,0.000502
27880,838,20115,19277,19277,0,0,0,171,36.289883,0.0,28166.717335,1002.474978,2241.235139,1872.980774,3855.97,27880,31,74,34794240.0,7934478.6195,43219.2168,23887.8135,772.744,0.0,0.1708,0.0,86,0.072792,1.030067,0.49518,0.496849,1.049664,0.403962,0.536578,0.290967,0.488554,0.050254,0.207866,0.306131,0.5023,0.411861,0.057413,0.041347,0.011972,0.00816,0.042572,0.009007,0.102491,0.003379,0.011984,8.3e-05,0.00312,0.004616,0.008285,0.009982,0.00049
27900,842,20136,19294,19294,0,0,0,167,33.636134,0.0,28101.020709,1012.107516,2234.25635,1873.633342,3837.16,27900,31,74,34819200.0,7943299.539,43286.2719,23917.6172,773.3299,0.0,0.1708,0.0,86,0.072447,1.0305,0.494444,0.4969,1.048761,0.403202,0.533034,0.290813,0.488164,0.050317,0.207852,0.306155,0.503079,0.411528,0.057388,0.040924,0.011291,0.008197,0.042352,0.008912,0.099333,0.003329,0.011953,8.3e-05,0.003106,0.004643,0.008379,0.00985,0.000485
27920,842,20160,19318,19318,0,0,0,174,35.37125,0.0,28023.316888,1007.862946,2236.765804,1874.499115,3848.53,27920,31,74,34844160.0,7952115.2347,43352.5094,23943.4148,774.1211,0.0,0.1708,0.0,86,0.073634,1.028431,0.494124,0.496944,1.048375,0.403636,0.531278,0.291163,0.487595,0.050363,0.206718,0.306379,0.501974,0.411478,0.057081,0.040835,0.011272,0.008181,0.041635,0.008754,0.098045,0.003322,0.011893,8.4e-05,0.002698,0.004615,0.00816,0.009836,0.000483
27940,840,20180,19340,19340,0,0,0,172,37.153306,0.0,27962.704884,1007.147087,2235.699607,1874.809153,3863.42,27940,31,74,34869120.0,7960921.1578,43418.7436,23969.4208,774.8301,0.0,0.1708,0.0,86,0.07381,1.028106,0.495043,0.497323,1.046696,0.402302,0.53362,0.290598,0.486065,0.050444,0.206343,0.306379,0.501395,0.413338,0.056989,0.040978,0.0114,0.008364,0.04259,0.008532,0.100828,0.003321,0.011828,8.4e-05,0.002753,0.00461,0.008192,0.009956,0.000487
27960,843,20204,19361,19361,0,0,0,171,38.65852,0.0,27918.852311,1006.821583,2234.519897,1874.320387,3857.77,27960,31,74,34894080.0,7969753.5998,43485.8537,23996.0294,775.5272,0.0,0.1708,0.0,86,0.074733,1.027411,0.493306,0.498455,1.044875,0.403196,0.532439,0.291262,0.486683,0.050528,0.206676,0.30596,0.50176,0.413488,0.05687,0.04084,0.011382,0.008457,0.042205,0.008962,0.100536,0.003392,0.011774,8.5e-05,0.002754,0.004645,0.008288,0.010154,0.000485
27980,843,20227,19384,19384,0,0,0,171,36.678301,0.0,27834.860178,1006.975289,2236.34641,1872.796911,3857.08,27980,31,74,34919040.0,7978564.8334,43554.9999,24025.7298,777.0474,0.0,0.1808,0.0,86,0.073547,1.025215,0.492796,0.498388,1.041019,0.403083,0.532162,0.290788,0.485625,0.050484,0.206711,0.305999,0.501744,0.414778,0.05698,0.040593,0.011514,0.008408,0.041476,0.009119,0.100152,0.003374,0.011721,8.4e-05,0.002723,0.004641,0.008412,0.01025,0.000487
28000,844,20243,19399,19399,0,0,0,171,34.515535,0.0,27808.001924,1012.673778,2232.810687,1873.421816,3866.49,28000,31,74,34944000.0,7987397.4016,43623.2819,24049.4447,778.3258,0.0,0.1808,0.0,86,0.074645,1.025127,0.493681,0.498608,1.040614,0.40402,0.53322,0.290435,0.485893,0.050387,0.206471,0.306457,0.50174,0.414238,0.057317,0.040956,0.013308,0.008429,0.041297,0.009277,0.101811,0.003465,0.011887,8.6e-05,0.002751,0.004702,0.008471,0.010328,0.0005
28020,834,20263,19429,19429,0,0,0,170,39.627758,0.0,27768.487352,1001.616753,2238.75549,1872.580508,3912.5,28020,31,74,34968960.0,7996225.3695,43693.7841,24072.8848,779.5978,0.0,0.1808,0.0,86,0.073141,1.027256,0.494758,0.498275,1.04263,0.404231,0.533571,0.290131,0.486864,0.050317,0.206306,0.305973,0.50203,0.414798,0.057489,0.040313,0.013703,0.008467,0.042422,0.009322,0.102232,0.003451,0.012098,8.4e-05,0.002813,0.004718,0.008506,0.010557,0.000506
28040,844,20292,19448,19448,0,0,0,173,38.566548,0.0,27760.398167,1006.012138,2235.421315,1871.136575,3869.69,28040,31,74,34993920.0,8005071.4391,43766.2795,24100.6822,779.9069,0.0,0.1808,0.0,86,0.07109,1.02638,0.494133,0.499708,1.044035,0.404648,0.533073,0.290221,0.487706,0.050261,0.206022,0.305859,0.501401,0.414136,0.05745,0.039971,0.013609,0.008364,0.042808,0.009204,0.102018,0.003419,0.011869,8.4e-05,0.002702,0.004596,0.008427,0.010577,0.000509
28060,839,20315,19476,19476,0,0,0,179,42.199058,0.0,27757.086394,1002.44285,2235.358092,1870.321019,3894.27,28060,31,74,35018880.0,8013933.173,43839.0662,24129.8082,781.7361,0.0,0.1808,0.0,86,0.072706,1.026203,0.494054,0.49997,1.041801,0.404058,0.540049,0.290816,0.486,0.050081,0.206796,0.306104,0.501721,0.415226,0.057944,0.040711,0.013779,0.008431,0.04253,0.009187,0.109156,0.003419,0.012273,8.4e-05,0.003113,0.004754,0.008495,0.011182,0.00053
28080,838,20336,19498,19498,0,0,0,178,40.838514,0.0,27761.23445,1006.147498,2233.013988,1869.719783,3905.79,28080,31,74,35043840.0,8022799.0552,43912.3888,24159.0841,783.4103,0.0,0.1808,0.0,86,0.073986,1.027869,0.494461,0.498738,1.041632,0.40381,0.540228,0.290931,0.487334,0.050064,0.206396,0.306493,0.50194,0.415117,0.057692,0.040568,0.013857,0.008489,0.042715,0.008909,0.109149,0.003454,0.012349,8.5e-05,0.003116,0.004824,0.008592,0.011233,0.000526
28100,839,20361,19522,19522,0,0,0,179,36.669302,0.0,27796.925462,1002.758485,2240.572213,1870.437764,3912.46,28100,31,74,35068800.0,8031673.7647,43984.24,24185.3792,784.7107,0.0,0.1808,0.0,86,0.075089,1.02842,0.494654,0.498253,1.045791,0.406138,0.541169,0.289352,0.489141,0.050034,0.206423,0.306647,0.502651,0.413914,0.057883,0.041335,0.013932,0.008491,0.04236,0.009489,0.107343,0.003479,0.012263,8.4e-05,0.003111,0.004769,0.008615,0.010995,0.000527
28120,830,20374,19544,19544,0,0,0,183,39.172579,0.0,27877.940113,1001.432764,2239.394657,1867.094402,3950.93,28120,31,74,35093760.0,8040546.1657,44061.1869,24209.9397,785.1449,0.0,0.1808,0.0,86,0.075904,1.028522,0.49507,0.499127,1.046455,0.40658,0.542887,0.289629,0.488314,0.050147,0.20654,0.306376,0.502897,0.414032,0.057762,0.041601,0.014337,0.008563,0.042876,0.009461,0.108808,0.00352,0.01211,8.5e-05,0.003106,0.004833,0.00864,0.010965,0.000526
28140,825,20392,19567,19567,0,0,0,184,39.427606,0.0,27994.773601,993.897931,2246.674463,1863.360203,3974.76,28140,31,74,35118720.0,8049426.6225,44141.3407,24231.3935,785.8473,0.0,0.1808,0.0,86,0.078788,1.028151,0.493891,0.499053,1.045944,0.405582,0.546394,0.289453,0.488172,0.050163,0.206221,0.307724,0.503234,0.415052,0.057951,0.042115,0.014278,0.008869,0.043255,0.009565,0.11078,0.00353,0.012043,8.5e-05,0.003109,0.004957,0.008823,0.011271,0.00053
28160,826,20418,19592,19592,0,0,0,183,41.319553,0.0,28143.544417,985.801867,2252.87858,1860.95201,3933.72,28160,31,74,35143680.0,8058302.0304,44222.2897,24255.2706,786.87,0.0,0.1808,0.0,86,0.078692,1.02684,0.493951,0.498062,1.045649,0.405929,0.545214,0.290122,0.487709,0.050263,0.207169,0.307397,0.502987,0.41593,0.057865,0.04212,0.013955,0.008787,0.043619,0.009636,0.109324,0.003509,0.012024,8.5e-05,0.003222,0.004928,0.008829,0.011311,0.000521
28180,840,20449,19609,19609,0,0,0,179,37.712249,0.0,28281.456349,996.700879,2245.586872,1859.997966,3868.19,28180,31,74,35168640.0,8067209.1912,44302.5369,24286.3456,787.5196,0.0,0.1808,0.0,86,0.078571,1.027303,0.494178,0.497188,1.04603,0.40573,0.545848,0.290057,0.487348,0.050249,0.207429,0.307027,0.50312,0.416111,0.05783,0.041905,0.013732,0.008597,0.042738,0.009627,0.109857,0.003525,0.012279,8.6e-05,0.00322,0.004858,0.008666,0.011459,0.000525
28200,844,20474,19630,19630,0,0,0,179,40.524969,0.0,28336.71433,1002.776606,2236.698424,1859.141963,3847.32,28200,31,74,35193600.0,8076113.1417,44383.0603,24318.2037,788.7919,0.0,0.1808,0.0,86,0.075829,1.026854,0.494122,0.49937,1.048317,0.408249,0.545976,0.290134,0.488995,0.050345,0.207883,0.306667,0.502925,0.4149,0.057982,0.041681,0.013621,0.008862,0.043606,0.010308,0.110929,0.003633,0.012606,9e-05,0.00325,0.004897,0.008913,0.011475,0.000533
28220,839,20495,19656,19656,0,0,0,177,41.419228,0.0,28409.101028,1003.522561,2235.058211,1857.128353,3874.1,28220,32,74,35218560.0,8085068.2272,44465.7429,24351.5276,789.9974,0.0,0.1808,0.0,86,0.070322,1.026684,0.495102,0.499716,1.048031,0.408846,0.543277,0.289882,0.489146,0.050557,0.208115,0.306668,0.503943,0.414795,0.057788,0.041308,0.013669,0.008781,0.043212,0.010289,0.110133,0.00365,0.012492,9.1e-05,0.003277,0.004917,0.008898,0.011365,0.00053
28240,846,20521,19675,19675,0,0,0,172,38.115238,0.0,28473.286068,1004.689955,2237.194807,1855.155219,3841.0,28240,32,74,35243520.0,8094009.0711,44550.2388,24377.2767,790.4088,0.0,0.1808,0.0,86,0.070922,1.026379,0.496093,0.499485,1.048876,0.407772,0.541962,0.289923,0.48724,0.050681,0.207517,0.306465,0.505827,0.415464,0.057843,0.041121,0.01394,0.008506,0.043972,0.010334,0.105829,0.003541,0.012314,9.1e-05,0.003182,0.004812,0.008909,0.011346,0.000518
28260,858,20550,19692,19692,0,0,0,170,34.109636,0.0,28503.029193,1013.430323,2232.460041,1855.757052,3764.11,28260,32,74,35268480.0,8102949.1221,44632.9643,24405.9963,791.2692,0.0,0.1808,0.0,86,0.06993,1.027023,0.49695,0.498919,1.051067,0.407608,0.54038,0.288942,0.487179,0.050665,0.207356,0.306467,0.505272,0.415197,0.05758,0.041235,0.014319,0.008361,0.045234,0.010142,0.104968,0.003504,0.012163,9.1e-05,0.003143,0.004806,0.008741,0.011063,0.000515
28280,853,20570,19717,19717,0,0,0,173,36.750334,0.0,28454.330114,1017.078802,2226.170863,1856.755544,3791.36,28280,32,74,35293440.0,8111881.2201,44713.993,24439.8087,792.7356,0.0,0.1808,0.0,86,0.07034,1.026808,0.496487,0.498871,1.050087,0.408462,0.538196,0.289548,0.487328,0.050637,0.20762,0.306187,0.505341,0.414435,0.057593,0.041616,0.012727,0.00816,0.044689,0.010268,0.105797,0.003555,0.012168,9.1e-05,0.003126,0.00473,0.008334,0.010788,0.000517
28300,856,20596,19740,19740,0,0,0,170,36.022776,0.0,28425.573096,1017.945636,2226.031588,1858.996812,3792.37,28300,32,74,35318400.0,8120836.5516,44792.5203,24471.4976,793.1824,0.0,0.1808,0.0,86,0.071262,1.024548,0.49515,0.498347,1.047019,0.408056,0.54071,0.289807,0.487023,0.050567,0.206904,0.30629,0.504926,0.41517,0.057422,0.041586,0.012641,0.008076,0.044291,0.010084,0.105691,0.003536,0.012217,9.1e-05,0.003086,0.004746,0.008425,0.010767,0.000512
28320,853,20616,19763,19763,0,0,0,177,36.056879,0.0,28402.742181,1015.460255,2228.482866,1861.626416,3813.8,28320,32,74,35343360.0,8129802.7685,44868.895,24496.9885,793.8281,0.0,0.1808,0.0,86,0.071512,1.026062,0.494638,0.498212,1.049817,0.407784,0.54206,0.289631,0.487355,0.050501,0.206553,0.306088,0.504454,0.415833,0.057429,0.042129,0.012739,0.008198,0.045027,0.010043,0.106218,0.003526,0.012304,9.1e-05,0.003073,0.004666,0.008457,0.010878,0.000511
28340,853,20642,19789,19789,0,0,0,181,36.832744,0.0,28445.204581,1013.339818,2229.827438,1864.824487,3826.44,28340,32,74,35368320.0,8138786.876,44943.5263,24527.3236,794.8929,0.0,0.1808,0.0,86,0.071512,1.026381,0.495409,0.498523,1.051259,0.408409,0.540722,0.288989,0.487105,0.05038,0.206374,0.306113,0.504979,0.414826,0.057554,0.041062,0.012607,0.008173,0.044583,0.010265,0.104776,0.003441,0.012228,9.2e-05,0.00284,0.004698,0.008482,0.010585,0.000509
28360,849,20660,19811,19811,0,0,0,182,39.880187,0.0,28458.343375,1016.865522,2223.254291,1867.656559,3808.17,28360,32,74,35393280.0,8147769.8874,45016.6487,24555.7652,795.5032,0.0,0.1808,0.0,86,0.068316,1.029215,0.49557,0.498937,1.051434,0.407747,0.54323,0.290052,0.486216,0.050453,0.206874,0.305011,0.504052,0.415595,0.05752,0.041383,0.012577,0.008265,0.044993,0.010165,0.11903,0.003604,0.012072,9.1e-05,0.002888,0.004581,0.00854,0.010888,0.000511
28380,847,20684,19837,19837,0,0,0,183,38.274957,0.0,28485.264157,1016.84686,2224.878183,1869.16369,3809.52,28380,32,74,35418240.0,8156775.7085,45089.8051,24585.9558,797.6082,0.0,0.1808,0.0,86,0.0732,1.031166,0.495078,0.497055,1.051392,0.407707,0.548009,0.289964,0.486005,0.050352,0.208137,0.305823,0.503925,0.414496,0.057694,0.041931,0.012404,0.008177,0.044757,0.010431,0.123131,0.003676,0.012174,9.2e-05,0.002983,0.004772,0.008627,0.011069,0.000514
28400,848,20704,19856,19856,0,0,0,183,35.961674,0.0,28444.738035,1020.20685,2223.831475,1867.040474,3811.39,28400,32,74,35443200.0,8165715.2466,45166.7088,24611.3834,798.8682,0.0,0.1808,0.0,86,0.075472,1.031949,0.494833,0.497307,1.049272,0.407229,0.551832,0.290048,0.487003,0.050094,0.207967,0.305911,0.503852,0.414852,0.057785,0.042214,0.012737,0.008045,0.045011,0.010197,0.13658,0.003699,0.011973,9e-05,0.003022,0.00489,0.00883,0.011205,0.000525
28420,851,20726,19875,19875,0,0,0,177,34.392266,0.0,28412.191453,1021.247628,2224.360106,1864.702724,3811.02,28420,32,74,35468160.0,8174691.3204,45245.325,24635.605,800.7773,0.0,0.1808,0.0,86,0.078731,1.031007,0.494062,0.49815,1.048291,0.407051,0.558414,0.290229,0.486773,0.05002,0.208475,0.305686,0.502482,0.415243,0.057964,0.041465,0.012255,0.008221,0.045166,0.010256,0.145265,0.003747,0.012188,9.1e-05,0.003277,0.004916,0.008755,0.011585,0.00054
28440,851,20752,19901,19901,0,0,0,186,41.049663,0.0,28355.705483,1016.838223,2222.112114,1863.502361,3822.97,28440,32,74,35493120.0,8183648.5498,45323.355,24664.2834,802.3305,0.0,0.1808,0.0,86,0.079906,1.030424,0.494851,0.498085,1.045469,0.405887,0.55527,0.290377,0.487557,0.050214,0.208775,0.305976,0.502185,0.415302,0.058013,0.040299,0.012393,0.008266,0.043724,0.009742,0.140586,0.00369,0.012588,9.4e-05,0.003241,0.004881,0.008651,0.011482,0.000532
28460,840,20771,19931,19931,0,0,0,190,37.530415,0.0,28381.802092,1008.388432,2234.081153,1868.277448,3864.85,28460,32,74,35518080.0,8192607.3313,45393.6239,24692.5926,803.4947,0.0,0.1808,0.0,86,0.079762,1.030878,0.495301,0.498428,1.046946,0.405801,0.556701,0.290728,0.487928,0.050391,0.208504,0.306989,0.502903,0.415613,0.058103,0.040946,0.012289,0.008354,0.045056,0.009774,0.14145,0.003718,0.012871,9.5e-05,0.003265,0.004895,0.008763,0.011446,0.000526
28480,840,20797,19957,19957,0,0,0,194,38.428081,0.0,28411.349858,1005.298323,2236.273596,1870.629318,3871.08,28480,32,74,35543040.0,8201544.865,45463.8966,24721.7687,804.0328,0.0,0.1808,0.0,86,0.082143,1.029325,0.496464,0.497688,1.049006,0.405359,0.560133,0.289096,0.488622,0.050403,0.208542,0.308321,0.50226,0.416142,0.058,0.040697,0.013968,0.008416,0.045613,0.010048,0.148709,0.003735,0.013399,9.8e-05,0.003214,0.005049,0.008802,0.011683,0.000531
28500,829,20813,19984,19984,0,0,0,188,38.427656,0.0,28527.945973,998.595897,2242.976446,1871.5803,3922.48,28500,32,74,35568000.0,8210498.7565,45535.0114,24746.7929,805.063,0.0,0.1808,0.0,86,0.08082,1.028544,0.496121,0.49731,1.045123,0.405099,0.556256,0.288762,0.486469,0.050451,0.208035,0.307815,0.502525,0.416732,0.058134,0.041394,0.014104,0.008498,0.045041,0.009916,0.135165,0.003669,0.013328,9.7e-05,0.003227,0.004888,0.008858,0.01147,0.000525
28520,845,20847,20002,20002,0,0,0,184,40.67226,0.0,28581.774201,1004.773611,2234.554129,1871.852872,3851.52,28520,32,74,35592960.0,8219452.6377,45606.3861,24775.7975,805.9378,0.0,0.1808,0.0,86,0.08284,1.02678,0.494875,0.49704,1.046853,0.406894,0.55514,0.28762,0.489843,0.050443,0.207446,0.308294,0.503425,0.414862,0.057954,0.040986,0.014242,0.008569,0.045519,0.010376,0.134823,0.003691,0.013407,9.8e-05,0.003201,0.004777,0.008836,0.010951,0.000521
28540,849,20877,20028,20028,0,0,0,186,38.521492,0.0,28595.172081,1007.667567,2233.810942,1870.433046,3836.74,28540,32,74,35617920.0,8228410.5591,45680.3748,24809.8378,806.5293,0.0,0.1808,0.0,86,0.080094,1.029988,0.495768,0.495722,1.044272,0.406702,0.554659,0.288042,0.488824,0.05055,0.207603,0.306999,0.503418,0.416346,0.057932,0.042628,0.014616,0.00872,0.04536,0.010469,0.131898,0.00377,0.013288,9.9e-05,0.003263,0.004646,0.008546,0.01118,0.000518
28560,851,20891,20040,20040,0,0,0,179,35.0711,0.0,28614.528747,1022.965088,2221.963811,1869.3461,3836.05,28560,32,74,35642880.0,8237393.8128,45755.7945,24840.3452,807.218,0.0,0.1808,0.0,86,0.081081,1.029603,0.495822,0.496254,1.046031,0.406976,0.556367,0.287476,0.488906,0.050484,0.207925,0.30712,0.504062,0.416689,0.05814,0.042786,0.01462,0.008817,0.045741,0.010661,0.132164,0.003787,0.013036,0.0001,0.003294,0.004681,0.008523,0.011506,0.000528
28580,846,20910,20064,20064,0,0,0,185,37.929507,0.0,28555.553211,1020.453108,2221.617385,1867.459388,3866.23,28580,32,74,35667840.0,8246367.1577,45833.0732,24867.3598,807.7893,0.0,0.1808,0.0,86,0.082742,1.028831,0.496027,0.497663,1.048337,0.406475,0.55691,0.287879,0.488143,0.050669,0.207643,0.308352,0.503698,0.417565,0.057825,0.043004,0.014622,0.009077,0.046121,0.010496,0.132533,0.003748,0.012864,0.000102,0.003285,0.004773,0.008568,0.011264,0.000528
28600,852,20935,20083,20083,0,0,0,181,33.964357,0.0,28530.831894,1021.177376,2224.858267,1865.126839,3850.61,28600,32,74,35692800.0,8255339.1956,45912.573,24891.9887,809.0486,0.0,0.1808,0.0,86,0.080986,1.028949,0.497224,0.498732,1.051975,0.406354,0.555464,0.287512,0.48917,0.050689,0.20681,0.308275,0.503912,0.415903,0.057715,0.042012,0.01589,0.009297,0.045751,0.01016,0.130707,0.003631,0.012818,0.000103,0.003226,0.004708,0.008451,0.010982,0.000517
28620,855,20957,20102,20102,0,0,0,183,36.610672,0.0,28425.009186,1026.614354,2216.774973,1863.210903,3845.45,28620,32,74,35717760.0,8264312.6456,45993.2641,24920.9148,810.2326,0.0,0.1808,0.0,86,0.078363,1.028743,0.497371,0.49971,1.050936,0.407005,0.54949,0.28782,0.489739,0.050499,0.20676,0.308518,0.504087,0.414617,0.057298,0.042381,0.015717,0.009253,0.044221,0.010283,0.12455,0.003625,0.012591,9.7e-05,0.00306,0.004692,0.008458,0.010566,0.000502
28640,853,20982,20129,20129,0,0,0,189,41.654242,0.0,28310.036316,1020.966954,2217.378804,1860.602569,3854.59,28640,32,74,35742720.0,8273258.9877,46075.7455,24948.5989,810.6788,0.0,0.1808,0.0,86,0.076202,1.028984,0.495554,0.499331,1.05207,0.406335,0.547434,0.287918,0.491988,0.050454,0.206715,0.308995,0.503484,0.412523,0.056989,0.041504,0.015551,0.009056,0.042232,0.009817,0.121787,0.003537,0.012743,9.8e-05,0.003007,0.004651,0.008459,0.01029,0.000497
28660,861,21008,20147,20147,0,0,0,178,39.315042,0.0,28174.946676,1032.15713,2208.527828,1859.530702,3833.18,28660,32,74,35767680.0,8282208.4587,46157.5427,24981.7714,811.6567,0.0,0.1808,0.0,86,0.075494,1.029059,0.495755,0.50007,1.052536,0.407885,0.546331,0.287323,0.493565,0.050398,0.207188,0.30858,0.502894,0.41152,0.057158,0.040988,0.015651,0.009009,0.042037,0.010098,0.122278,0.003565,0.012711,9.7e-05,0.002999,0.004668,0.008358,0.010067,0.000507
28680,859,21032,20173,20173,0,0,0,182,41.656762,0.0,28001.684777,1029.454621,2208.888617,1858.827804,3855.69,28680,32,74,35792640.0,8291153.1347,46240.6013,25010.9575,812.5637,0.0,0.1808,0.0,86,0.073341,1.031206,0.495881,0.499567,1.049405,0.405977,0.547872,0.288302,0.49051,0.050543,0.206532,0.307789,0.504167,0.413069,0.057074,0.041312,0.015974,0.009056,0.043049,0.009856,0.123298,0.003514,0.012457,9.7e-05,0.003017,0.004742,0.008503,0.010071,0.000512
28700,855,21055,20200,20200,0,0,0,188,44.013371,0.0,27850.864765,1025.012023,2210.974605,1862.542014,3819.35,28700,32,74,35817600.0,8300112.9878,46320.8748,25040.1378,813.5026,0.0,0.1808,0.0,86,0.073684,1.031289,0.496312,0.499694,1.04586,0.406361,0.542783,0.288688,0.489565,0.050503,0.207087,0.306645,0.503905,0.413191,0.057145,0.041554,0.015831,0.009038,0.041835,0.009364,0.116323,0.003492,0.012186,9.5e-05,0.003038,0.004646,0.008293,0.010042,0.000515
28720,858,21078,20220,20220,0,0,0,179,39.570557,0.0,27785.532341,1028.255009,2212.174434,1871.278539,3813.81,28720,32,74,35842560.0,8309112.7803,46397.8678,25068.6348,814.947,0.0,0.1808,0.0,86,0.071096,1.02811,0.496415,0.499804,1.046166,0.40719,0.543927,0.288457,0.489971,0.050528,0.20743,0.30654,0.503908,0.414141,0.057557,0.041925,0.016048,0.008921,0.043334,0.009591,0.118665,0.003562,0.012218,9.5e-05,0.003067,0.004701,0.008554,0.010219,0.000533
28740,846,21099,20253,20253,0,0,0,185,38.391106,0.0,27796.797992,1013.430652,2228.178242,1882.499978,3860.92,28740,33,74,35867520.0,8318109.7924,46474.9859,25094.3988,815.9703,0.0,0.1808,0.0,86,0.070922,1.025409,0.494839,0.499641,1.046529,0.406415,0.548061,0.288562,0.488845,0.050454,0.20818,0.305613,0.504187,0.414939,0.057487,0.040681,0.014386,0.009013,0.044711,0.009768,0.126104,0.003598,0.011843,9.6e-05,0.003135,0.004681,0.008578,0.010565,0.000536
28760,831,21113,20282,20282,0,0,0,179,38.457021,0.0,27886.894869,1000.04408,2241.498899,1896.933895,3935.96,28760,33,74,35892480.0,8327070.8764,46550.1096,25117.5215,816.7633,0.0,0.1808,0.0,86,0.070999,1.02564,0.493715,0.500078,1.047057,0.406823,0.550406,0.288202,0.488667,0.050436,0.208222,0.306202,0.504371,0.415316,0.057477,0.040923,0.014582,0.009075,0.044839,0.009617,0.127622,0.003606,0.011956,9.6e-05,0.003147,0.00476,0.008498,0.010341,0.000535
28780,842,21144,20302,20302,0,0,0,173,36.285814,0.0,28016.695193,996.833646,2246.88054,1908.656564,3886.77,28780,33,74,35917440.0,8336017.6309,46623.2106,25140.3601,817.622,0.0,0.1808,0.0,86,0.071259,1.022138,0.493615,0.500447,1.045673,0.406518,0.551704,0.289436,0.48943,0.050432,0.208485,0.307238,0.503116,0.416741,0.057644,0.040487,0.014208,0.009813,0.04585,0.009531,0.137071,0.003536,0.012452,9.6e-05,0.003205,0.004701,0.008474,0.01048,0.000574
28800,851,21168,20317,20317,0,0,0,174,35.199813,0.0,28123.19951,1009.276969,2235.523218,1914.262454,3830.67,28800,33,74,35942400.0,8345003.9222,46696.7825,25170.2375,818.3647,0.0,0.1808,0.0,86,0.074031,1.021426,0.494232,0.499522,1.042716,0.406095,0.550183,0.290028,0.488459,0.050479,0.20872,0.307276,0.502368,0.416053,0.057445,0.040601,0.013915,0.009517,0.045345,0.009607,0.136596,0.003511,0.012473,9.7e-05,0.003222,0.004603,0.008349,0.010389,0.000562
28820,853,21190,20337,20337,0,0,0,172,35.166554,0.0,28184.585768,1013.274892,2231.558554,1915.573935,3832.04,28820,33,74,35967360.0,8354015.4786,46771.9874,25198.3305,818.4329,0.0,0.1808,0.0,86,0.076202,1.022472,0.493786,0.498837,1.043665,0.405844,0.55288,0.289639,0.488514,0.050459,0.208677,0.307308,0.502277,0.417468,0.057726,0.040403,0.013871,0.009751,0.0469,0.009727,0.13726,0.003509,0.012684,9.8e-05,0.003212,0.004672,0.008412,0.010676,0.000573
28840,854,21208,20354,20354,0,0,0,169,35.646393,0.0,28222.345311,1018.894659,2225.458948,1914.203609,3834.56,28840,33,74,35992320.0,8363026.41,46849.2711,25225.2702,818.98,0.0,0.1808,0.0,86,0.074941,1.02171,0.494073,0.499402,1.044204,0.404974,0.551834,0.290032,0.488242,0.050472,0.208816,0.3073,0.502984,0.418002,0.057774,0.040158,0.01411,0.009735,0.046759,0.009687,0.137058,0.003521,0.012619,9.8e-05,0.003217,0.004725,0.008513,0.010947,0.000569
28860,850,21231,20381,20381,0,0,0,169,34.020366,0.0,28250.571413,1012.99261,2232.987024,1914.191876,3846.07,28860,33,74,36017280.0,8372016.569,46925.6115,25252.4558,820.463,0.0,0.1808,0.0,86,0.076471,1.020233,0.495139,0.499555,1.046904,0.404888,0.557444,0.289092,0.488419,0.050571,0.208734,0.307351,0.503073,0.419376,0.057939,0.04029,0.01454,0.009881,0.047164,0.009536,0.141142,0.003492,0.01271,9.9e-05,0.00326,0.004779,0.008738,0.01115,0.000586
28880,852,21259,20407,20407,0,0,0,175,38.491427,0.0,28305.495585,1006.286148,2235.222425,1915.373925,3841.37,28880,33,74,36042240.0,8381025.1317,46999.9648,25278.39,821.324,0.0,0.1808,0.0,86,0.080986,1.022054,0.494897,0.499945,1.050397,0.403721,0.562899,0.289846,0.487146,0.050575,0.208318,0.307482,0.503122,0.42027,0.057897,0.041406,0.014765,0.010129,0.047934,0.009445,0.142756,0.003514,0.012689,0.000101,0.003247,0.004874,0.009003,0.01157,0.000581
28900,856,21286,20430,20430,0,0,0,174,40.496213,0.0,28379.481755,1008.423095,2231.080692,1915.771769,3827.39,28900,33,74,36067200.0,8390039.69,47073.6616,25310.4882,821.8658,0.0,0.3353,0.0,86,0.080607,1.020233,0.495028,0.49971,1.051329,0.405017,0.565743,0.28914,0.486374,0.050525,0.20816,0.307791,0.505354,0.420376,0.057957,0.041752,0.014766,0.010011,0.048596,0.00984,0.143038,0.003526,0.012422,0.000102,0.003233,0.004897,0.009011,0.011655,0.000579
28920,861,21306,20445,20445,0,0,0,168,34.165039,0.0,28468.455381,1017.714246,2228.120715,1915.095071,3807.38,28920,33,74,36092160.0,8399087.683,47148.171,25340.1083,822.5977,0.0,0.4588,0.0,86,0.076655,1.016052,0.493702,0.500991,1.05145,0.406696,0.56796,0.289555,0.486017,0.050622,0.208323,0.307736,0.505767,0.420775,0.05809,0.041377,0.014714,0.010049,0.05035,0.010378,0.146152,0.00361,0.012444,0.000105,0.003304,0.004994,0.009191,0.0121,0.000596
28940,859,21335,20476,20476,0,0,0,178,41.316879,0.0,28510.410807,1009.174901,2229.50822,1913.242803,3802.32,28940,33,74,36117120.0,8408150.3995,47223.9576,25368.4977,823.6546,0.0,0.4588,0.0,86,0.077998,1.014177,0.491146,0.501885,1.05444,0.407727,0.571622,0.288794,0.486492,0.050607,0.208615,0.307445,0.505634,0.420188,0.058146,0.043048,0.013115,0.010118,0.051318,0.011351,0.149964,0.003658,0.01279,0.000105,0.003264,0.004962,0.009412,0.012087,0.000588
28960,857,21365,20508,20508,0,0,0,186,44.670254,0.0,28645.574299,1004.308898,2231.020849,1908.865374,3805.49,28960,33,74,36142080.0,8417250.0021,47303.7358,25399.6482,825.5181,0.0,0.4588,0.0,86,0.080513,1.014236,0.490558,0.501919,1.055911,0.409294,0.572973,0.28849,0.486613,0.050857,0.20699,0.308244,0.506472,0.420854,0.058021,0.044261,0.012617,0.009937,0.051866,0.012019,0.145411,0.003677,0.013239,0.000109,0.002783,0.005104,0.009656,0.012046,0.000586
28980,851,21385,20534,20534,0,0,0,188,46.232447,0.0,28912.789133,999.389488,2234.378064,1903.136707,3844.32,28980,33,74,36167040.0,8426378.1482,47388.1741,25426.6877,827.0887,0.0,0.4766,0.0,86,0.083431,1.012189,0.489364,0.50169,1.057885,0.410998,0.576862,0.28829,0.485988,0.050824,0.206892,0.308797,0.505751,0.419568,0.057913,0.044494,0.012355,0.009961,0.052675,0.012329,0.154206,0.003712,0.01313,0.000107,0.002772,0.005104,0.009484,0.011704,0.000563
29000,855,21416,20561,20561,0,0,0,183,42.756308,0.0,29215.643118,996.001367,2241.242325,1898.199868,3825.84,29000,33,74,36192000.0,8435536.3301,47474.567,25454.6258,829.2653,0.0,0.4772,0.0,86,0.083041,1.013226,0.489521,0.501347,1.062126,0.412964,0.580635,0.288094,0.48598,0.050821,0.206648,0.309055,0.505591,0.420446,0.058052,0.046333,0.012801,0.009866,0.055732,0.012762,0.155765,0.003741,0.013088,0.000109,0.002815,0.005135,0.009388,0.012355,0.000562
29020,852,21438,20586,20586,0,0,0,187,46.00783,0.0,29495.080424,995.819002,2238.173169,1892.935131,3849.82,29020,33,74,36216960.0,8444672.0005,47563.0531,25486.6709,830.1903,0.0,0.6119,0.0,86,0.080986,1.008833,0.489562,0.501399,1.065522,0.413952,0.580644,0.286966,0.48557,0.050829,0.206379,0.30912,0.505765,0.420925,0.058055,0.04615,0.012997,0.009549,0.056228,0.013371,0.15676,0.003709,0.012872,0.000111,0.002753,0.005111,0.009291,0.01254,0.000559
29040,859,21461,20602,20602,0,0,0,182,37.285559,0.0,29808.879216,1004.661774,2238.052667,1890.324751,3806.7,29040,33,74,36241920.0,8453848.6066,47649.6737,25515.8582,831.915,0.0,0.9756,0.0,86,0.080326,1.003721,0.488427,0.501448,1.066233,0.415426,0.589659,0.286735,0.484693,0.050969,0.207175,0.309437,0.505934,0.422067,0.058234,0.046791,0.013333,0.010318,0.058404,0.014232,0.176508,0.003707,0.012914,0.000114,0.003042,0.005244,0.009433,0.012578,0.000574
29060,870,21488,20618,20618,0,0,0,180,36.979072,0.0,30078.682451,1012.34438,2230.676548,1886.64546,3755.87,29060,33,74,36266880.0,8463068.5809,47736.0845,25542.9355,832.5959,0.0,1.0981,0.0,86,0.08046,1.00024,0.486446,0.5022,1.067347,0.418384,0.59211,0.285576,0.485494,0.050983,0.207145,0.310475,0.507413,0.422978,0.058253,0.048194,0.013686,0.010281,0.060699,0.01553,0.178616,0.003806,0.012857,0.000116,0.003046,0.005397,0.009492,0.012833,0.00057
29080,885,21526,20641,20640,1,0,0,177,37.010965,0.0,30279.457954,1017.480881,2225.508154,1883.123574,3675.03,29080,33,74,36291840.0,8472327.4387,47822.2315,25574.0971,834.2045,6.3608,2.1429,0.0,86,0.079096,0.9979,0.484679,0.501234,1.073389,0.421042,0.589562,0.284665,0.484583,0.051116,0.205968,0.312735,0.509097,0.424604,0.057987,0.049652,0.014381,0.010187,0.064868,0.016838,0.164394,0.003861,0.012393,0.000115,0.002866,0.005629,0.009646,0.013158,0.000556
29100,901,21558,20657,20656,1,0,0,181,36.992303,0.0,30407.580585,1031.658115,2211.349583,1881.657885,3622.36,29100,33,74,36316800.0,8481628.5466,47907.7727,25608.0962,834.6105,6.3608,3.7208,0.0009,13,0.083241,0.991408,0.482152,0.502235,1.081321,0.427008,0.592976,0.283366,0.484989,0.051319,0.205916,0.313849,0.510132,0.426304,0.058439,0.052444,0.015068,0.010222,0.069072,0.018982,0.166861,0.004011,0.012406,0.00012,0.003007,0.005741,0.009764,0.013989,0.000565
29120,906,21583,20677,20671,6,0,0,179,34.610302,0.0,30408.409875,1044.829287,2200.560411,1879.915967,3604.16,29120,33,74,36341760.0,8490916.5777,47996.7686,25639.115,835.3411,34.9946,6.2258,0.0017,13,0.082781,0.992324,0.483287,0.502246,1.077912,0.424859,0.593629,0.283413,0.485274,0.051266,0.206318,0.313622,0.50942,0.426573,0.05849,0.051664,0.01494,0.010255,0.0679,0.018422,0.168945,0.004006,0.012455,0.000118,0.003095,0.005694,0.009836,0.013939,0.00058
29140,906,21613,20707,20700,7,0,0,194,41.755302,0.0,30330.65873,1040.317325,2197.927373,1879.519486,3596.42,29140,33,74,36366720.0,8500170.0725,48088.5297,25668.3454,836.9462,41.6071,7.6883,0.0017,13,0.082781,0.991667,0.482309,0.502533,1.076182,0.424879,0.590987,0.283628,0.483894,0.051291,0.206251,0.313799,0.510713,0.427377,0.058443,0.052521,0.014931,0.010255,0.066376,0.018377,0.168689,0.004103,0.012396,0.000121,0.003073,0.005677,0.009895,0.014111,0.000561
29160,908,21641,20733,20724,9,0,0,194,40.924204,0.0,30297.519718,1040.895811,2198.179986,1880.024069,3595.56,29160,33,74,36391680.0,8509430.8258,48182.0951,25695.7421,838.5919,55.3382,9.0213,0.0017,13,0.085903,0.989853,0.480514,0.503535,1.08088,0.426368,0.596737,0.283139,0.484607,0.051364,0.206187,0.313931,0.510983,0.427674,0.058662,0.053718,0.014852,0.010441,0.067653,0.018739,0.172781,0.004102,0.012577,0.000123,0.003144,0.005669,0.009885,0.013924,0.000564
29180,900,21668,20768,20757,11,0,0,189,38.692562,0.0,30272.118402,1035.615396,2205.692042,1884.420912,3601.6,29180,33,74,36416640.0,8518671.3175,48272.2276,25726.4427,840.8641,71.9465,10.6765,0.0017,13,0.08,0.993202,0.481473,0.503739,1.078262,0.423974,0.592856,0.283595,0.486674,0.051264,0.205538,0.312784,0.510565,0.425667,0.058429,0.052734,0.014423,0.010474,0.064929,0.017412,0.174851,0.004093,0.012792,0.000116,0.003076,0.005646,0.009741,0.013388,0.000567
29200,904,21702,20798,20787,11,0,0,192,39.290189,0.0,30258.623308,1037.44198,2203.267831,1889.583797,3598.07,29200,33,74,36441600.0,8527919.4021,48360.0838,25760.0894,841.9575,71.9465,11.3668,0.0017,13,0.076327,0.993393,0.482746,0.504021,1.075246,0.421292,0.596145,0.284063,0.487064,0.051227,0.206317,0.312325,0.508852,0.424165,0.058365,0.051883,0.014571,0.011283,0.063213,0.016068,0.195253,0.004175,0.013244,0.000116,0.00317,0.005566,0.009796,0.013285,0.000575
29220,918,21736,20818,20807,11,0,0,176,32.527825,0.0,30190.987224,1051.658068,2195.814107,1895.628637,3556.04,29220,33,74,36466560.0,8537160.8322,48444.6442,25795.1004,842.7444,71.9465,11.7296,0.0022,13,0.071895,0.996863,0.484256,0.503841,1.070898,0.420767,0.590419,0.284603,0.487983,0.051131,0.20747,0.312014,0.50858,0.423435,0.058269,0.051663,0.014174,0.011169,0.061379,0.015609,0.189832,0.004203,0.013389,0.000116,0.00343,0.005238,0.009858,0.013159,0.000581
29240,918,21763,20845,20833,12,0,0,181,39.085358,0.0,30012.862172,1059.480107,2181.434535,1896.320741,3555.41,29240,34,74,36491520.0,8546448.8865,48532.6787,25833.9627,843.4012,78.3895,12.1832,0.0029,13,0.071895,0.996098,0.483395,0.505498,1.068805,0.420123,0.593592,0.285499,0.488398,0.051209,0.207485,0.311592,0.506935,0.425463,0.058527,0.052498,0.014409,0.011677,0.061807,0.015427,0.204356,0.004303,0.013548,0.000123,0.003464,0.005179,0.010018,0.013675,0.000609
29260,928,21796,20868,20856,12,0,0,177,37.240715,0.0,29787.613043,1068.377364,2174.381921,1896.896082,3530.04,29260,34,74,36516480.0,8555741.4342,48621.374,25868.4622,844.0258,78.3895,12.2803,0.0029,13,0.071121,0.999042,0.484266,0.505666,1.068269,0.419609,0.589112,0.28535,0.487664,0.051166,0.207585,0.310756,0.508108,0.424672,0.058455,0.052565,0.014126,0.011508,0.060101,0.014895,0.19846,0.004312,0.013537,0.000123,0.003396,0.004909,0.009913,0.013642,0.0006
29280,932,21830,20898,20886,12,0,0,179,36.220376,0.0,29526.865679,1069.086124,2174.6935,1896.348632,3512.12,29280,34,74,36541440.0,8565016.2866,48711.6928,25903.4642,846.4442,78.3895,12.495,0.0029,86,0.071888,0.999603,0.484191,0.504855,1.072964,0.418596,0.593334,0.285319,0.487918,0.05128,0.207001,0.311319,0.508502,0.425122,0.058508,0.05389,0.014378,0.011511,0.060649,0.015129,0.200693,0.004388,0.013468,0.000129,0.003467,0.004911,0.009924,0.013836,0.000607
29300,925,21854,20929,20917,12,0,0,182,40.551843,0.0,29289.481069,1070.13601,2169.312146,1894.030283,3536.57,29300,34,74,36566400.0,8574312.1388,48804.8398,25938.2162,848.6398,78.3895,13.7344,0.0029,86,0.073514,1.000828,0.483525,0.505046,1.07638,0.420359,0.592841,0.284961,0.488405,0.051449,0.206667,0.311002,0.510164,0.425237,0.058439,0.05448,0.014284,0.011406,0.061399,0.015515,0.200515,0.0044,0.013317,0.000133,0.003387,0.004894,0.009995,0.014177,0.000593
29320,907,21873,20966,20953,13,0,0,192,46.044381,0.0,29139.577009,1053.318321,2180.637298,1894.877911,3559.42,29320,34,74,36591360.0,8583619.7491,48895.6292,25965.8345,849.4918,84.5518,14.9901,0.0033,86,0.076075,1.00065,0.483402,0.505041,1.076534,0.418999,0.590632,0.285935,0.486299,0.051557,0.205552,0.31116,0.511444,0.426443,0.058211,0.054484,0.014398,0.011321,0.061217,0.014867,0.193792,0.004372,0.013095,0.000132,0.003335,0.004997,0.0101,0.013966,0.000587
29340,903,21901,20998,20983,15,0,0,198,49.443663,0.0,29082.9824,1045.870199,2184.686138,1897.746742,3569.15,29340,34,74,36616320.0,8592917.2738,48982.3698,25993.8245,849.6221,105.0951,16.3404,0.0042,86,0.078627,1.003787,0.483312,0.505749,1.077578,0.417539,0.595964,0.285894,0.485847,0.051666,0.206058,0.311705,0.511536,0.426624,0.058372,0.054344,0.014675,0.011488,0.061458,0.014184,0.197841,0.004444,0.013393,0.000134,0.003517,0.005085,0.010093,0.013921,0.000592
29360,902,21927,21025,21009,16,0,0,196,45.442297,0.0,29059.721909,1044.60293,2189.954773,1901.959498,3582.26,29360,34,74,36641280.0,8602208.0688,49065.9071,26024.983,850.7666,117.5872,16.8914,0.0101,86,0.076497,1.003947,0.483114,0.506421,1.076299,0.416851,0.595828,0.285768,0.485704,0.051774,0.206547,0.311342,0.512258,0.427261,0.058485,0.054325,0.014697,0.011613,0.061539,0.013672,0.196163,0.004431,0.013396,0.000136,0.00351,0.005007,0.010404,0.014471,0.000589
29380,905,21955,21050,21034,16,0,0,187,40.05471,0.0,29049.521189,1048.683273,2191.262017,1906.63027,3569.9,29380,34,74,36666240.0,8611480.9967,49146.0128,26057.6351,852.0485,117.5872,16.958,0.0101,86,0.076243,1.002661,0.482794,0.508166,1.076661,0.417561,0.597203,0.28594,0.484192,0.051803,0.206575,0.311378,0.512546,0.428557,0.058468,0.054061,0.014768,0.011592,0.062662,0.013987,0.200022,0.004455,0.013249,0.000139,0.003625,0.005016,0.010578,0.014392,0.000594
29400,904,21979,21075,21059,16,0,0,192,43.740718,0.0,28962.886038,1053.209036,2183.050246,1910.108782,3584.1,29400,34,74,36691200.0,8620757.47,49224.9728,26091.089,852.9559,117.5872,17.0683,0.0101,86,0.07854,1.00361,0.484626,0.507449,1.078248,0.415822,0.59954,0.285848,0.483423,0.051832,0.205789,0.311521,0.512822,0.431138,0.058792,0.054485,0.015385,0.011655,0.064114,0.013747,0.200967,0.004503,0.013368,0.000141,0.003579,0.00511,0.010648,0.014785,0.000593
29420,903,22006,21103,21087,16,0,0,188,42.514381,0.0,28935.27908,1046.802084,2190.683535,1912.794219,3590.02,29420,34,74,36716160.0,8630048.2759,49302.2811,26120.1074,853.4631,117.5872,17.0683,0.0101,86,0.079734,1.002165,0.483933,0.507946,1.077853,0.415428,0.603844,0.285486,0.482885,0.051865,0.206241,0.311253,0.512393,0.431181,0.058745,0.053947,0.015441,0.011635,0.064737,0.013513,0.203775,0.004507,0.013498,0.000144,0.00359,0.005121,0.010671,0.014557,0.000601
29440,893,22028,21135,21118,17,0,0,198,47.18953,3.309486,28940.114046,1037.166696,2195.643773,1916.215543,3628.05,29440,34,74,36741120.0,8639341.5193,49376.9528,26149.0656,855.1783,117.5872,17.1705,0.0101,86,0.078387,1.001463,0.484111,0.507059,1.078661,0.414346,0.602547,0.285657,0.483326,0.051994,0.205508,0.311311,0.512771,0.432507,0.058511,0.054103,0.015675,0.011786,0.065296,0.013406,0.20379,0.004427,0.01326,0.000149,0.003565,0.005039,0.010611,0.015034,0.000602
29460,893,22047,21154,21137,17,0,0,193,44.184048,2.706852,28955.452473,1044.291805,2191.524146,1917.718615,3634.3,29460,34,74,36766080.0,8648627.1629,49451.2539,26178.1536,856.2849,117.5872,17.1705,0.0101,13,0.076148,1.002425,0.48375,0.506361,1.077646,0.415096,0.60218,0.285514,0.484056,0.052033,0.205185,0.311396,0.513853,0.43228,0.058489,0.053702,0.015522,0.011824,0.064854,0.013444,0.204181,0.004461,0.01325,0.00015,0.003537,0.005111,0.010713,0.014914,0.000588
29480,888,22070,21182,21165,17,0,0,195,41.731101,2.213953,29003.476533,1040.309165,2197.959734,1918.744659,3627.55,29480,34,74,36791040.0,8657918.7072,49525.1073,26205.4627,857.642,117.5872,17.1705,0.0101,86,0.077703,1.004266,0.483057,0.505606,1.076516,0.414232,0.60257,0.284784,0.483451,0.051796,0.204831,0.310737,0.512934,0.430725,0.058675,0.053394,0.015075,0.011811,0.063697,0.013163,0.205564,0.004444,0.013258,0.000146,0.003506,0.005106,0.010735,0.014927,0.00059
29500,884,22090,21206,21189,17,0,0,194,40.306335,1.810808,29084.101533,1035.619324,2204.07434,1919.096509,3646.51,29500,34,74,36816000.0,8667205.108,49598.7976,26230.2921,858.6031,117.5872,17.1705,0.0101,13,0.073529,1.001225,0.482333,0.50556,1.076522,0.414777,0.597998,0.284597,0.485124,0.051749,0.204307,0.31176,0.513049,0.430779,0.058836,0.053406,0.015009,0.010832,0.063234,0.013042,0.191308,0.00436,0.01311,0.000146,0.003407,0.005098,0.010655,0.015138,0.000584
29520,882,22109,21227,21210,17,0,0,190,38.863591,1.481072,29215.315081,1035.148991,2205.987419,1918.294594,3659.06,29520,34,74,36840960.0,8676504.3956,49673.6522,26254.1532,859.0719,117.5872,17.1705,0.0101,13,0.075964,1.002916,0.482281,0.506437,1.077494,0.415725,0.606087,0.283705,0.484692,0.051654,0.204325,0.311853,0.513197,0.432402,0.059188,0.054029,0.01503,0.011022,0.064461,0.013443,0.198717,0.004343,0.013304,0.000145,0.003446,0.005192,0.010876,0.015273,0.000594
29540,884,22132,21248,21231,17,0,0,186,39.936243,1.211379,29340.265614,1035.646335,2204.417421,1917.780876,3631.18,29540,34,74,36865920.0,8685831.4796,49748.9029,26281.1895,859.7564,117.5872,17.1705,0.0101,13,0.073529,1.002558,0.483659,0.506633,1.075409,0.416436,0.603656,0.283911,0.485525,0.051593,0.204871,0.31158,0.51184,0.431865,0.059368,0.053623,0.015096,0.011074,0.06403,0.014012,0.19647,0.004294,0.013352,0.000144,0.003444,0.005163,0.010879,0.015194,0.000596
29560,886,22152,21266,21249,17,0,0,187,38.886367,0.990795,29483.550415,1038.653924,2202.459709,1916.32153,3636.11,29560,34,74,36890880.0,8695182.3776,49825.985,26305.2516,860.6151,117.5872,17.1705,0.0101,86,0.072235,1.003309,0.484804,0.505739,1.073589,0.416764,0.599288,0.283833,0.485102,0.051552,0.204535,0.311905,0.510711,0.430736,0.059009,0.052978,0.01495,0.010992,0.063728,0.014011,0.194919,0.004253,0.013023,0.00014,0.003414,0.00511,0.010766,0.014888,0.000587
29580,894,22181,21287,21270,17,0,0,179,33.769815,0.810378,29600.936277,1043.537586,2202.692599,1916.163546,3614.34,29580,34,74,36915840.0,8704537.9037,49902.9882,26334.1125,862.1403,117.5872,17.1705,0.0101,86,0.071588,1.004645,0.483603,0.506171,1.071275,0.416046,0.599262,0.284699,0.485574,0.051481,0.20416,0.312846,0.511139,0.43003,0.058662,0.052334,0.014701,0.011099,0.06307,0.013524,0.193671,0.004228,0.013072,0.000139,0.003324,0.005166,0.010785,0.01461,0.000579
29600,884,22196,21312,21295,17,0,0,174,35.685901,0.662814,29702.104963,1040.488459,2203.825639,1915.774756,3649.28,29600,34,74,36940800.0,8713881.4697,49980.3635,26362.0531,863.8979,117.5872,17.1705,0.0101,86,0.073529,1.003302,0.483063,0.506592,1.071704,0.416418,0.601716,0.284517,0.484499,0.051462,0.20437,0.31339,0.511307,0.43023,0.058619,0.052256,0.014647,0.011148,0.063542,0.013445,0.195886,0.004279,0.013335,0.000137,0.003351,0.005174,0.010878,0.014518,0.000584
29620,886,22221,21335,21318,17,0,0,174,34.062721,0.54212,29825.650393,1036.360735,2209.576543,1915.412428,3651.52,29620,34,74,36965760.0,8723213.8982,50057.7388,26385.6222,865.1916,117.5872,17.1705,0.0101,86,0.072235,1.002854,0.484271,0.506663,1.072198,0.416044,0.601719,0.283323,0.485032,0.051648,0.204672,0.312501,0.51046,0.429125,0.058706,0.051421,0.014714,0.011104,0.063275,0.013405,0.19475,0.00421,0.013323,0.000139,0.003367,0.005072,0.010812,0.014405,0.000591
29640,897,22253,21356,21339,17,0,0,179,38.380154,0.443404,29919.511025,1039.158006,2202.46184,1916.492329,3603.31,29640,34,74,36990720.0,8732543.2633,50133.1546,26413.7168,865.8063,117.5872,17.1705,0.0101,86,0.074693,1.006752,0.485517,0.505858,1.070932,0.415358,0.598085,0.283008,0.486387,0.051637,0.204476,0.312291,0.509885,0.429533,0.058395,0.050745,0.014373,0.010978,0.062203,0.01339,0.191145,0.004186,0.013062,0.000136,0.003227,0.005025,0.01077,0.014499,0.000576
29660,898,22280,21382,21365,17,0,0,184,41.698364,0.362663,29931.48014,1047.124107,2191.177528,1915.685857,3597.58,29660,34,74,37015680.0,8741883.8068,50209.9629,26452.4539,866.9428,117.5872,17.1705,0.0101,86,0.075724,1.008493,0.485929,0.506259,1.073074,0.414949,0.598113,0.283092,0.485466,0.051656,0.20469,0.312057,0.510648,0.429195,0.058496,0.050971,0.014291,0.011053,0.064577,0.01344,0.191157,0.004229,0.013011,0.000137,0.00326,0.00501,0.010718,0.014346,0.000576
29680,897,22308,21411,21394,17,0,0,193,42.579054,0.296625,29917.850844,1050.431514,2186.989432,1911.867816,3598.47,29680,34,74,37040640.0,8751226.3723,50291.9532,26491.2243,867.7636,117.5872,17.1705,0.0101,86,0.076923,1.011186,0.485722,0.505241,1.071728,0.417464,0.595962,0.282869,0.488674,0.051499,0.205824,0.312322,0.509762,0.4271,0.058535,0.051091,0.013905,0.010882,0.063797,0.014107,0.190809,0.004242,0.013268,0.000136,0.003254,0.00502,0.010635,0.013828,0.000578
29700,893,22326,21433,21416,17,0,0,193,43.301817,0.0,29924.037542,1056.605863,2180.092321,1903.506722,3617.92,29700,34,74,37065600.0,8760579.3874,50383.0193,26522.5167,868.5948,117.5872,17.1705,0.0101,86,0.077268,1.011259,0.486594,0.506266,1.070399,0.416764,0.58973,0.284159,0.487823,0.051422,0.206306,0.312349,0.509361,0.427593,0.058435,0.050829,0.014089,0.010966,0.063411,0.014103,0.186397,0.004253,0.013113,0.000136,0.00331,0.004971,0.01053,0.014063,0.000579
29720,909,22359,21450,21433,17,0,0,187,37.964584,0.0,29931.401918,1062.237975,2179.797441,1891.801359,3562.94,29720,35,74,37090560.0,8769952.8374,50485.1648,26550.6676,869.3057,117.5872,17.1731,0.0101,86,0.075908,1.009343,0.48825,0.506734,1.073268,0.416187,0.590531,0.285235,0.487807,0.051451,0.206195,0.31191,0.510846,0.42811,0.058449,0.050126,0.01411,0.010999,0.06352,0.014227,0.19585,0.004437,0.013069,0.000136,0.003194,0.004983,0.010704,0.014361,0.000595
29740,912,22385,21473,21456,17,0,0,187,39.685363,0.0,29904.073838,1064.975438,2175.339199,1882.840854,3564.71,29740,35,74,37115520.0,8779332.1004,50590.5353,26584.1811,869.9049,117.5872,17.1731,0.0101,86,0.076754,1.005859,0.48834,0.505977,1.076015,0.413105,0.593966,0.285834,0.485869,0.051475,0.206139,0.311854,0.509819,0.428636,0.058277,0.0494,0.014231,0.011132,0.063871,0.013568,0.201249,0.004391,0.013034,0.000136,0.003245,0.005025,0.010838,0.014228,0.000599
29760,911,22409,21498,21481,17,0,0,190,41.107846,0.0,29857.925989,1063.14731,2175.744843,1876.867678,3569.16,29760,35,74,37140480.0,8788704.6756,50693.3101,26614.3854,870.3387,117.5872,17.1731,0.0101,86,0.076839,1.004176,0.488255,0.505214,1.076997,0.413317,0.601229,0.285924,0.485034,0.051433,0.206134,0.312418,0.509107,0.428723,0.058539,0.04999,0.01412,0.011453,0.065114,0.013615,0.223406,0.004451,0.013226,0.000137,0.003285,0.005139,0.010982,0.014385,0.000611
29780,906,22427,21521,21504,17,0,0,192,42.973584,0.0,29831.707235,1061.689947,2175.336469,1867.830626,3596.36,29780,35,74,37165440.0,8798089.3536,50794.6776,26640.9455,871.1915,117.5872,17.1731,0.0101,86,0.078366,1.005536,0.488311,0.505174,1.077745,0.413647,0.604176,0.285533,0.485822,0.051481,0.20584,0.312934,0.509571,0.429254,0.058761,0.05061,0.014366,0.011461,0.065237,0.013637,0.224412,0.004461,0.013396,0.00014,0.003068,0.005243,0.011034,0.014524,0.000619
29800,904,22448,21544,21527,17,0,0,187,41.266373,0.0,29844.512522,1059.902682,2178.830945,1858.109294,3618.28,29800,35,74,37190400.0,8807509.839,50888.3874,26666.8187,871.8139,117.5872,17.1731,0.0101,86,0.07854,1.007256,0.48809,0.505658,1.081343,0.414125,0.610534,0.285174,0.487686,0.051362,0.205573,0.312525,0.508712,0.429988,0.058879,0.051808,0.014448,0.011654,0.064871,0.013853,0.235546,0.004475,0.013856,0.00014,0.003115,0.005329,0.01136,0.014808,0.000619
29820,912,22475,21563,21546,17,0,0,184,39.104003,0.0,29821.02532,1065.005711,2175.890287,1856.689371,3599.71,29820,35,74,37215360.0,8816943.7275,50972.147,26695.1738,872.2056,117.5872,17.1731,0.0101,86,0.077851,1.006904,0.486743,0.50625,1.08096,0.41441,0.61222,0.285167,0.487515,0.05141,0.205399,0.312353,0.508444,0.429791,0.058944,0.051916,0.014467,0.011609,0.063432,0.013397,0.237974,0.004526,0.013714,0.000139,0.003102,0.005345,0.01128,0.014714,0.000624
29840,904,22498,21594,21577,17,0,0,189,39.461068,0.0,29832.285136,1056.867313,2183.671618,1859.984038,3635.91,29840,35,74,37240320.0,8826394.1215,51050.1612,26725.6268,873.7161,117.5872,17.1731,0.0101,86,0.079646,1.005045,0.48602,0.506379,1.077786,0.413763,0.618295,0.28542,0.486919,0.05142,0.205297,0.312507,0.508214,0.429716,0.059062,0.050811,0.014378,0.011638,0.063165,0.013021,0.245174,0.004491,0.013745,0.000139,0.003106,0.005353,0.011359,0.014589,0.000627
29860,906,22524,21618,21601,17,0,0,197,45.665046,0.0,29840.750442,1057.635728,2176.699226,1862.473085,3629.79,29860,35,74,37265280.0,8835858.9042,51126.0839,26756.0896,874.1593,117.5872,17.1731,0.0101,86,0.080574,1.00242,0.48771,0.506422,1.077602,0.413033,0.622589,0.285075,0.487125,0.051437,0.205467,0.313074,0.509936,0.430832,0.059228,0.051698,0.014926,0.011662,0.063639,0.012669,0.251312,0.004488,0.013901,0.000138,0.003276,0.005323,0.011684,0.014765,0.000641
29880,905,22545,21640,21623,17,0,0,196,42.989742,0.0,29874.381544,1059.124727,2177.885531,1863.49557,3623.93,29880,35,74,37290240.0,8845336.8942,51201.4191,26785.6716,874.5574,117.5872,17.1731,0.0101,86,0.079558,1.000939,0.486055,0.506366,1.076894,0.413376,0.618685,0.284231,0.486913,0.051449,0.20527,0.313787,0.509519,0.429377,0.058988,0.050192,0.014782,0.011288,0.062274,0.012653,0.24338,0.004358,0.013825,0.000136,0.00322,0.005334,0.011677,0.014182,0.000624
29900,899,22566,21667,21650,17,0,0,196,41.299964,0.0,29983.9789,1053.077125,2185.622911,1864.185355,3655.83,29900,35,74,37315200.0,8854810.467,51276.1757,26811.7966,876.028,117.5872,17.1731,0.0101,86,0.076752,1.003482,0.486253,0.50756,1.077071,0.41391,0.618753,0.284103,0.486955,0.051313,0.205472,0.312455,0.509561,0.43069,0.059113,0.050586,0.015018,0.011333,0.063582,0.012559,0.246009,0.004349,0.013718,0.000136,0.003413,0.005237,0.011762,0.014175,0.000626
29920,901,22587,21686,21669,17,0,0,195,38.789906,0.0,30101.400534,1054.525515,2186.684579,1865.192576,3654.99,29920,35,74,37340160.0,8864277.1874,51349.2188,26835.8324,876.2297,117.5872,17.2636,0.0101,86,0.078801,1.004793,0.485754,0.505982,1.074578,0.414636,0.61294,0.28406,0.485908,0.051321,0.205274,0.311494,0.509583,0.43109,0.05899,0.05103,0.014907,0.010433,0.062319,0.012838,0.224212,0.004301,0.013533,0.000139,0.003352,0.005199,0.011563,0.014386,0.000618
29940,902,22610,21708,21691,17,0,0,195,39.264984,0.0,30195.438437,1055.702751,2185.032264,1865.133875,3664.15,29940,35,74,37365120.0,8873763.8207,51422.6874,26862.2511,876.8036,117.5872,17.479,0.0101,86,0.08204,1.007258,0.485073,0.505503,1.075494,0.417532,0.613986,0.282822,0.484966,0.051243,0.205602,0.311407,0.509281,0.430416,0.059176,0.052039,0.01509,0.010446,0.063454,0.013672,0.225257,0.004362,0.013596,0.000142,0.003364,0.005179,0.011393,0.014818,0.000622
29960,902,22635,21733,21716,17,0,0,197,38.960323,0.0,30326.43025,1055.495879,2185.543799,1863.474719,3669.89,29960,35,74,37390080.0,8883257.2258,51498.3223,26892.7155,877.8457,117.5872,17.8865,0.0101,86,0.080931,1.006231,0.484376,0.50639,1.075211,0.418128,0.613138,0.283104,0.485245,0.051283,0.205907,0.312094,0.510946,0.428952,0.058993,0.052131,0.015264,0.010646,0.065473,0.013744,0.224794,0.004415,0.013375,0.00014,0.003372,0.005262,0.011619,0.014333,0.000592
29980,912,22663,21751,21733,18,0,0,188,39.794928,13.774934,30356.131576,1068.969494,2171.235578,1859.64356,3643.33,29980,35,74,37415040.0,8892762.0116,51578.1502,26926.4549,879.5175,117.5872,18.2692,0.0101,86,0.075658,1.006257,0.483882,0.508523,1.075035,0.417853,0.609273,0.283552,0.484828,0.051498,0.205554,0.311547,0.511981,0.429469,0.058688,0.051668,0.015299,0.011025,0.065604,0.013468,0.218694,0.004465,0.013258,0.000143,0.003242,0.005263,0.011739,0.014423,0.000588
30000,905,22685,21780,21762,18,0,0,194,43.504789,0.0,30361.378708,1065.482984,2171.012227,1855.675512,3661.06,30000,35,74,37440000.0,8902265.5122,51660.7656,26956.9848,880.2322,125.3076,18.2692,0.0101,86,0.077348,1.006373,0.48309,0.508356,1.07602,0.416787,0.613796,0.283011,0.484926,0.051477,0.206216,0.311517,0.512792,0.429878,0.058961,0.051927,0.015336,0.011333,0.066352,0.013603,0.221478,0.004553,0.013293,0.000146,0.003328,0.005288,0.011762,0.014334,0.000602
30020,894,22702,21808,21790,18,0,0,196,41.604098,0.0,30512.928494,1051.556659,2186.839244,1851.433884,3700.37,30020,35,74,37464960.0,8911775.4808,51745.9063,26980.5278,880.9062,125.3076,18.2692,0.0101,86,0.074944,1.002775,0.48403,0.507631,1.077753,0.417196,0.609413,0.283005,0.48622,0.051536,0.205801,0.311721,0.513375,0.430705,0.058785,0.050842,0.015327,0.011134,0.065509,0.013561,0.208475,0.004407,0.013083,0.000144,0.003318,0.005347,0.011691,0.014185,0.000584
30040,894,22721,21827,21809,18,0,0,186,36.467668,0.0,30723.852834,1053.594251,2189.938082,1846.304373,3714.11,30040,35,74,37489920.0,8921292.6579,51835.0523,27004.234,882.2216,125.3076,18.2692,0.0101,86,0.076063,1.002312,0.483607,0.50726,1.076579,0.416531,0.610662,0.283231,0.485205,0.051504,0.205718,0.311602,0.513986,0.43149,0.05889,0.051329,0.015272,0.011202,0.065729,0.013575,0.208281,0.00437,0.013089,0.000144,0.003306,0.005327,0.011794,0.014245,0.000585
30060,905,22748,21843,21825,18,0,0,189,36.800981,0.0,30866.197681,1061.153163,2182.045855,1842.391752,3682.42,30060,35,74,37514880.0,8930806.5054,51925.8908,27029.2511,883.3127,125.3076,18.2692,0.0101,13,0.072928,1.004899,0.484989,0.507322,1.075039,0.416555,0.608003,0.283318,0.486463,0.051603,0.205945,0.311105,0.51427,0.431952,0.058872,0.051147,0.015515,0.011127,0.065933,0.013477,0.20668,0.004375,0.013455,0.000144,0.003309,0.005347,0.012135,0.014194,0.000582
30080,902,22771,21869,21851,18,0,0,188,37.753652,0.0,30996.770933,1055.877058,2186.36929,1841.106845,3697.98,30080,35,74,37539840.0,8940323.8154,52015.7719,27055.2849,883.8014,125.3076,18.2692,0.0101,86,0.074279,1.006462,0.485654,0.506833,1.075326,0.415967,0.605329,0.283326,0.487013,0.051535,0.204919,0.311472,0.514273,0.431384,0.058326,0.050298,0.015284,0.011107,0.065662,0.0134,0.206723,0.004357,0.013413,0.000142,0.003204,0.005373,0.011913,0.014131,0.000562
30100,919,22805,21886,21868,18,0,0,182,31.878899,0.0,31084.183062,1066.599085,2181.522016,1841.490915,3644.55,30100,35,74,37564800.0,8949835.1208,52104.2504,27087.5523,883.9447,125.3076,18.2694,0.0101,86,0.075082,1.009005,0.484588,0.507732,1.075548,0.416371,0.606069,0.282957,0.487959,0.051559,0.204569,0.310972,0.514409,0.430584,0.058445,0.051199,0.015009,0.010975,0.063865,0.013519,0.203969,0.004378,0.013443,0.000144,0.003153,0.005347,0.011752,0.014206,0.000563
30120,929,22827,21898,21880,18,0,0,176,32.634903,0.0,31025.647474,1089.171253,2158.193844,1837.947186,3618.77,30120,35,74,37589760.0,8959369.1658,52198.3646,27124.461,884.7795,125.3076,18.2694,0.0101,86,0.073197,1.008378,0.485344,0.506656,1.075623,0.415768,0.605871,0.283103,0.487545,0.051513,0.205334,0.311623,0.514399,0.429853,0.058411,0.05129,0.014978,0.010853,0.064337,0.013582,0.205873,0.004401,0.013364,0.000142,0.003326,0.005339,0.011825,0.013981,0.00056
30140,935,22853,21918,21900,18,0,0,176,34.177377,0.0,30852.993746,1095.142278,2150.680345,1835.515781,3608.36,30140,35,74,37614720.0,8968906.0399,52294.3173,27155.897,885.1264,125.3076,18.2694,0.0101,86,0.075936,1.007103,0.484795,0.507452,1.076917,0.415031,0.614141,0.28373,0.485594,0.051676,0.205089,0.311601,0.515183,0.431408,0.058513,0.051822,0.015338,0.010967,0.065298,0.013531,0.21491,0.004415,0.013006,0.000142,0.003496,0.005488,0.012341,0.014026,0.000565
30160,945,22881,21936,21918,18,0,0,172,32.616251,0.0,30589.394197,1107.194658,2140.189091,1836.192931,3580.4,30160,35,74,37639680.0,8978443.3431,52387.1726,27188.7204,885.746,125.3076,18.2694,0.0101,86,0.075132,1.005807,0.485922,0.506567,1.076596,0.413899,0.612552,0.283184,0.485813,0.051653,0.205411,0.312384,0.513984,0.431759,0.058577,0.051442,0.015429,0.011063,0.064627,0.013467,0.210692,0.004443,0.013209,0.000143,0.003532,0.005475,0.012166,0.013977,0.000571
30180,944,22905,21961,21943,18,0,0,172,31.391071,0.0,30348.432394,1106.511911,2142.097018,1837.715806,3584.28,30180,35,74,37664640.0,8988013.1604,52477.5792,27218.1612,887.5114,125.3076,18.2694,0.0101,13,0.074153,1.002452,0.485836,0.50676,1.078594,0.414857,0.613296,0.282532,0.487161,0.051837,0.204944,0.313436,0.515173,0.433321,0.058498,0.051675,0.015878,0.011424,0.064837,0.013626,0.209961,0.004445,0.012934,0.000143,0.003322,0.005498,0.012156,0.014332,0.00056
30200,938,22931,21993,21975,18,0,0,181,37.531607,0.0,30135.855082,1095.787204,2146.681189,1841.5628,3602.83,30200,36,74,37689600.0,8997597.5394,52564.0651,27245.2658,887.9161,125.3076,18.2694,0.0101,13,0.076759,1.002306,0.484688,0.507208,1.08014,0.414434,0.616903,0.282139,0.485268,0.051805,0.205407,0.31373,0.514646,0.432543,0.058469,0.051936,0.015891,0.011465,0.065574,0.013778,0.216707,0.004386,0.013078,0.000145,0.003647,0.005479,0.012484,0.014323,0.000566
30220,941,22956,22015,21997,18,0,0,177,42.093933,0.0,29934.226689,1093.276159,2144.629908,1846.509524,3601.12,30220,36,74,37714560.0,9007169.6637,52647.8904,27272.207,888.302,125.3076,18.2694,0.0101,13,0.079702,0.998777,0.483708,0.50849,1.08256,0.415503,0.619197,0.281747,0.486526,0.052045,0.205513,0.314226,0.514101,0.432076,0.0583,0.05131,0.015883,0.01163,0.067003,0.013942,0.218698,0.004436,0.013276,0.000148,0.003667,0.005497,0.012601,0.014293,0.000568
30240,935,22981,22046,22028,18,0,0,186,42.272456,0.0,29820.939555,1085.287792,2152.439752,1849.5219,3619.66,30240,36,74,37739520.0,9016743.4866,52731.4982,27300.9427,889.7829,125.3076,18.2694,0.0101,13,0.080214,0.997135,0.482647,0.509964,1.084149,0.415037,0.630855,0.282433,0.486943,0.051943,0.206163,0.315122,0.514286,0.434711,0.058636,0.052142,0.015648,0.011928,0.068063,0.01423,0.249788,0.004493,0.013884,0.000152,0.003755,0.00558,0.012795,0.01526,0.000614
30260,931,23004,22073,22055,18,0,0,187,43.475449,0.0,29745.257637,1081.83899,2154.685561,1851.693098,3622.57,30260,36,74,37764480.0,9026338.8785,52814.0409,27330.3197,891.1905,125.3076,18.2766,0.0101,13,0.079484,0.997295,0.483012,0.509376,1.082529,0.416056,0.63063,0.281919,0.488042,0.051913,0.206835,0.315935,0.514094,0.435596,0.058946,0.053417,0.015522,0.011909,0.067563,0.014817,0.250636,0.004515,0.013886,0.000153,0.003933,0.005488,0.012824,0.015598,0.000624
30280,919,23025,22106,22088,18,0,0,194,46.988681,0.0,29792.928622,1066.120365,2166.890955,1853.499816,3660.6,30280,36,74,37789440.0,9035955.2194,52895.7061,27355.7417,891.5136,125.3076,18.3491,0.0101,13,0.08161,0.995482,0.481743,0.510335,1.083369,0.418322,0.634303,0.281816,0.487065,0.051903,0.206558,0.315997,0.514429,0.435214,0.059071,0.053812,0.015721,0.012406,0.068868,0.015277,0.252989,0.004474,0.01379,0.000157,0.003959,0.005494,0.012897,0.01547,0.000631
30300,921,23055,22134,22115,19,0,0,195,44.3636,11.051354,29903.488153,1061.634247,2174.002152,1855.420088,3634.31,30300,36,74,37814400.0,9045580.6196,52975.6077,27381.5578,892.2087,134.2954,18.3978,0.0101,13,0.084691,0.99777,0.482107,0.508814,1.083329,0.420311,0.632995,0.281142,0.485525,0.052085,0.206952,0.315441,0.51554,0.435537,0.058979,0.054254,0.016047,0.012061,0.069324,0.015768,0.253813,0.004511,0.013762,0.000164,0.004224,0.005607,0.013197,0.015529,0.000608
30320,919,23079,22160,22141,19,0,0,200,46.561653,0.0,30060.436518,1061.713856,2171.724492,1858.018054,3643.66,30320,36,74,37839360.0,9055235.7179,53053.3455,27412.0548,892.9065,141.7293,18.4966,0.0101,13,0.088139,0.997005,0.48099,0.506958,1.087839,0.423051,0.629757,0.280808,0.483431,0.052336,0.205979,0.315115,0.516934,0.437663,0.05847,0.05556,0.016083,0.011405,0.071329,0.016851,0.246458,0.004474,0.013366,0.000168,0.004017,0.005664,0.013149,0.016029,0.000576
30340,931,23111,22180,22161,19,0,0,190,38.020912,0.0,30185.804365,1071.797408,2170.18168,1859.69975,3609.16,30340,36,74,37864320.0,9064909.6255,53129.9997,27443.6478,893.9081,141.7293,18.8582,0.0105,13,0.088077,0.998951,0.481704,0.506982,1.087922,0.42528,0.629414,0.280914,0.483769,0.052206,0.206385,0.315251,0.516661,0.435923,0.058538,0.056547,0.016399,0.011195,0.072702,0.017234,0.243452,0.004636,0.013404,0.000169,0.004043,0.00586,0.013178,0.015836,0.000591
30360,943,23142,22199,22179,20,0,0,189,38.013379,0.0,30205.579369,1089.123388,2152.863234,1858.379528,3569.56,30360,36,74,37889280.0,9074613.8122,53209.4763,27483.2572,894.6865,149.3982,19.8825,0.0105,13,0.089077,0.998308,0.481095,0.507421,1.086806,0.425847,0.625987,0.280946,0.483762,0.052252,0.205491,0.315304,0.517907,0.437846,0.058444,0.057176,0.016709,0.011072,0.073109,0.017515,0.23825,0.004679,0.013224,0.000168,0.003756,0.00593,0.012961,0.015895,0.000588
30380,949,23171,22222,22202,20,0,0,184,36.345314,0.0,30142.486001,1097.627845,2146.026841,1856.428156,3547.68,30380,36,74,37914240.0,9084344.0822,53290.9681,27520.3287,895.6235,149.3982,20.1651,0.0105,13,0.091675,0.996617,0.480481,0.506266,1.090255,0.427293,0.6274,0.279887,0.483292,0.052254,0.204681,0.316197,0.518516,0.438737,0.058263,0.057393,0.016738,0.011133,0.07356,0.018228,0.238462,0.004732,0.013029,0.000171,0.003681,0.006036,0.013046,0.015852,0.000578
30400,945,23195,22250,22229,21,0,0,184,37.412065,0.0,30065.604606,1095.50785,2147.080084,1855.458306,3549.54,30400,37,74,37939200.0,9094051.8814,53372.7827,27549.9348,896.5573,158.0104,20.9683,0.0122,13,0.095238,0.995309,0.480086,0.507519,1.091306,0.428283,0.629179,0.279998,0.483106,0.052514,0.204481,0.316051,0.518977,0.438948,0.05829,0.057893,0.016745,0.011436,0.07366,0.018851,0.237855,0.004816,0.013227,0.000177,0.003604,0.006096,0.013002,0.016009,0.000572
30420,953,23223,22270,22249,21,0,0,184,36.203791,0.0,29957.555319,1100.729663,2143.066547,1854.251779,3531.18,30420,37,74,37964160.0,9103749.4719,53456.3764,27577.8396,897.5527,158.0104,21.0131,0.0122,13,0.096537,0.993115,0.478812,0.507324,1.092693,0.429482,0.627308,0.280227,0.482407,0.052621,0.203829,0.315681,0.519951,0.438894,0.058326,0.058039,0.016531,0.011718,0.074793,0.019262,0.23582,0.004805,0.013036,0.000176,0.003453,0.005953,0.012829,0.015894,0.000574
30440,953,23251,22298,22277,21,0,0,180,35.881477,0.0,29897.034058,1095.5452,2148.573322,1852.660857,3543.66,30440,37,74,37989120.0,9113471.6511,53542.2624,27607.7426,898.3801,158.0104,21.2607,0.0122,13,0.097587,0.991043,0.479989,0.50703,1.093074,0.430164,0.62884,0.280528,0.482259,0.052723,0.203881,0.316183,0.519939,0.440057,0.058054,0.058146,0.01704,0.011543,0.074921,0.019398,0.230476,0.004848,0.012989,0.000176,0.003422,0.006087,0.013047,0.015869,0.000553
30460,957,23282,22325,22303,22,0,0,185,41.711858,0.0,29826.625132,1094.983366,2143.304776,1852.273005,3531.62,30460,38,74,38014080.0,9123235.1065,53627.7239,27637.9409,899.3771,173.0363,22.0299,0.0122,13,0.099269,0.990176,0.478963,0.507803,1.093816,0.432696,0.632316,0.279051,0.482236,0.052586,0.204622,0.31676,0.51819,0.438568,0.058326,0.056553,0.017048,0.011383,0.074802,0.019786,0.238409,0.004882,0.013014,0.000176,0.003527,0.005914,0.012916,0.016059,0.000554
30480,960,23313,22353,22331,22,0,0,192,38.423038,0.0,29741.078466,1098.854166,2142.722796,1851.389013,3524.06,30480,38,74,38039040.0,9132975.3565,53714.3681,27670.9236,900.6613,173.0363,22.3198,0.0122,13,0.097917,0.990102,0.479779,0.506806,1.092675,0.430926,0.629273,0.279176,0.482466,0.052539,0.204844,0.316492,0.517147,0.440036,0.058515,0.057064,0.017071,0.011107,0.072924,0.019,0.217497,0.004784,0.013027,0.000173,0.003651,0.005729,0.01279,0.016656,0.000559
30500,955,23341,22386,22364,22,0,0,197,42.630596,0.0,29696.801884,1091.879689,2145.489715,1848.762891,3542.06,30500,38,74,38064000.0,9142744.6788,53803.0641,27703.0081,902.4968,173.0363,23.0497,0.0122,13,0.101571,0.987685,0.477839,0.507973,1.094663,0.432707,0.629888,0.278984,0.482734,0.052615,0.204234,0.317247,0.518818,0.441875,0.058368,0.057882,0.017352,0.011063,0.075123,0.019736,0.217109,0.004885,0.013082,0.000176,0.003658,0.005755,0.01325,0.017458,0.000557
30520,961,23369,22408,22385,23,0,0,189,36.30752,0.0,29760.663109,1096.378459,2147.314021,1848.05321,3514.04,30520,38,74,38088960.0,9152581.2932,53890.5746,27732.4721,903.34,179.6429,24.5154,0.0137,13,0.106139,0.984786,0.477834,0.509109,1.097728,0.433468,0.631875,0.2777,0.481434,0.052771,0.204191,0.316574,0.520978,0.444232,0.05822,0.059432,0.018046,0.011103,0.076556,0.020081,0.218088,0.004828,0.013116,0.000181,0.003679,0.005562,0.01344,0.01798,0.000527
30540,963,23399,22436,22413,23,0,0,195,39.585728,0.0,29793.617504,1092.205645,2148.208627,1849.256933,3506.95,30540,38,74,38113920.0,9162430.099,53976.4012,27762.1414,904.4527,179.6429,24.8568,0.0137,13,0.113188,0.980169,0.475903,0.509228,1.103595,0.433131,0.639924,0.277182,0.479587,0.052937,0.204283,0.316469,0.522595,0.447644,0.05858,0.060412,0.017846,0.011154,0.078369,0.020301,0.220442,0.004874,0.013381,0.000186,0.00385,0.00555,0.013526,0.018399,0.000558
30560,970,23424,22454,22430,24,0,0,186,35.744651,0.0,29846.840954,1099.398333,2144.857016,1855.320983,3486.16,30560,39,74,38138880.0,9172304.4237,54054.4865,27789.2919,905.5003,183.9986,25.8237,0.0137,13,0.115464,0.97662,0.474757,0.508111,1.106189,0.433303,0.64452,0.276649,0.479225,0.052899,0.203675,0.317365,0.523434,0.448078,0.058532,0.060783,0.017987,0.011084,0.078739,0.020701,0.222997,0.00489,0.013378,0.000186,0.00383,0.005504,0.013409,0.018547,0.000555
30580,965,23453,22488,22463,25,0,0,188,34.91308,0.0,29892.379615,1093.623539,2151.463381,1861.419207,3509.12,30580,39,74,38163840.0,9182190.6952,54128.063,27819.7403,906.817,189.2727,27.0712,0.0137,13,0.112953,0.97959,0.475181,0.508794,1.105584,0.433351,0.645743,0.277597,0.480293,0.052867,0.20429,0.316564,0.52269,0.447232,0.058997,0.061329,0.017771,0.010995,0.078994,0.020384,0.226345,0.004892,0.01345,0.000185,0.00414,0.005534,0.013415,0.018629,0.000595
30600,962,23478,22516,22490,26,0,0,188,39.04747,0.0,29968.054888,1090.127515,2150.825015,1864.352978,3517.62,30600,40,74,38188800.0,9192079.0396,54201.8403,27849.237,908.3235,195.6255,28.0406,0.0137,13,0.114345,0.977232,0.476139,0.510048,1.105861,0.433552,0.647427,0.278542,0.480607,0.05302,0.204755,0.316082,0.522625,0.448037,0.059053,0.061674,0.017879,0.011138,0.079269,0.020479,0.229822,0.0049,0.013492,0.000186,0.004317,0.005545,0.013451,0.018777,0.000598
30620,976,23509,22533,22506,27,0,0,180,35.698623,0.0,29970.300025,1101.484134,2142.817244,1866.791595,3476.4,30620,40,74,38213760.0,9201929.5036,54274.6357,27879.9832,909.551,196.0792,28.421,0.0137,13,0.118852,0.976304,0.474548,0.509362,1.10738,0.435051,0.651847,0.27727,0.478656,0.052963,0.203774,0.316457,0.522279,0.449879,0.059334,0.064002,0.017893,0.01112,0.081812,0.021719,0.229399,0.004965,0.013256,0.000191,0.004368,0.005555,0.013517,0.019348,0.000622
30640,975,23539,22564,22537,27,0,0,181,37.012592,0.0,29942.37523,1100.156068,2142.831341,1871.092132,3490.61,30640,40,74,38238720.0,9211812.8822,54343.7682,27913.4571,910.4298,196.0792,29.0466,0.0137,13,0.118974,0.976389,0.475503,0.507307,1.108172,0.434996,0.650345,0.276924,0.479147,0.053046,0.203644,0.317071,0.522313,0.450003,0.059026,0.0642,0.017982,0.010661,0.082513,0.021991,0.227545,0.004918,0.013229,0.000195,0.004384,0.005485,0.013269,0.019613,0.000611
30660,971,23565,22594,22566,28,0,0,181,35.808976,0.0,29952.775102,1098.67961,2145.511414,1877.353682,3456.26,30660,40,74,38263680.0,9221739.8085,54407.3239,27944.6104,911.7941,201.4632,29.882,0.0137,13,0.117405,0.976974,0.476107,0.507642,1.107494,0.435208,0.651896,0.277572,0.480682,0.05305,0.203891,0.316514,0.521099,0.450373,0.059013,0.064402,0.018054,0.011163,0.082045,0.022118,0.226219,0.004915,0.013196,0.000196,0.004504,0.005513,0.013225,0.019772,0.000599
30680,971,23597,22626,22598,28,0,0,181,38.306635,0.0,30000.567691,1095.024364,2146.669001,1882.382209,3448.15,30680,40,74,38288640.0,9231687.0645,54467.986,27977.2543,912.7582,201.4632,30.1525,0.0145,13,0.118435,0.974344,0.474712,0.505767,1.108653,0.436319,0.65592,0.276277,0.480492,0.053006,0.204156,0.317367,0.521258,0.452297,0.059104,0.064293,0.018008,0.01105,0.081901,0.023258,0.226216,0.005028,0.013393,0.0002,0.00476,0.005655,0.013216,0.020016,0.00062
30700,964,23617,22653,22625,28,0,0,173,35.584447,0.0,30158.339807,1094.539651,2149.875903,1883.604609,3484.08,30700,40,74,38313600.0,9241679.8356,54530.8167,28005.8666,913.3089,201.4632,30.4716,0.0145,13,0.116183,0.976372,0.474053,0.506351,1.10895,0.436181,0.652665,0.27626,0.481449,0.052996,0.204243,0.317073,0.520471,0.449676,0.059184,0.064184,0.017284,0.011072,0.080722,0.022734,0.223942,0.004948,0.013456,0.000202,0.004669,0.005618,0.013115,0.019892,0.000609
30720,960,23646,22686,22658,28,0,0,179,43.47593,0.0,30304.992987,1081.89942,2154.62465,1882.936823,3482.83,30720,40,74,38338560.0,9251642.8898,54595.3127,28033.3505,913.7679,201.4632,31.128,0.0145,13,0.11875,0.973864,0.472003,0.506397,1.109926,0.438008,0.657049,0.274989,0.481535,0.053041,0.203784,0.318034,0.519667,0.451296,0.059497,0.06484,0.017498,0.010939,0.081536,0.023481,0.224761,0.005011,0.013738,0.000208,0.004758,0.005603,0.013288,0.020483,0.000627
30740,970,23677,22707,22679,28,0,0,176,38.309035,0.0,30410.608135,1088.143334,2153.547631,1879.296115,3438.02,30740,41,74,38363520.0,9261539.2073,54664.1124,28064.313,915.305,201.4632,31.5276,0.0145,13,0.123711,0.969206,0.469613,0.50852,1.110713,0.440554,0.669513,0.27411,0.480574,0.053138,0.203952,0.318308,0.520528,0.452654,0.059441,0.065735,0.017507,0.011601,0.083113,0.024331,0.263519,0.005116,0.014002,0.000222,0.005012,0.005642,0.013265,0.020933,0.000644
30760,962,23701,22739,22710,29,0,0,186,41.226244,7.388892,30542.68813,1083.788024,2154.985732,1874.044449,3454.4,30760,41,74,38388480.0,9271481.6726,54738.1176,28094.9299,916.0991,201.4632,32.2976,0.0145,13,0.127859,0.969361,0.468352,0.509154,1.114437,0.442251,0.672137,0.273923,0.480979,0.053419,0.203728,0.319068,0.521691,0.453846,0.059531,0.067517,0.017814,0.011602,0.084476,0.025051,0.265468,0.005169,0.014228,0.00022,0.004912,0.005717,0.013347,0.021202,0.000633
30780,965,23729,22764,22734,30,0,0,180,38.228653,0.0,30740.080528,1085.782731,2155.988616,1869.226639,3447.17,30780,41,74,38413440.0,9281441.9285,54815.3369,28122.7243,917.7863,210.9011,33.5,0.0188,13,0.128497,0.969458,0.467224,0.510275,1.114862,0.441788,0.675846,0.27415,0.481827,0.053421,0.203539,0.3191,0.521865,0.454488,0.059892,0.067251,0.017818,0.011828,0.084021,0.024678,0.26888,0.005205,0.014414,0.000216,0.004874,0.005735,0.01351,0.021211,0.000645
30800,960,23754,22794,22764,30,0,0,187,39.103967,0.0,30911.953161,1083.186929,2157.709104,1866.823789,3463.92,30800,41,74,38438400.0,9291386.9093,54892.6839,28151.0806,918.8809,210.9011,34.4455,0.0215,13,0.126042,0.972202,0.468179,0.510784,1.114448,0.439416,0.668914,0.274793,0.480792,0.053437,0.202715,0.319148,0.522831,0.453509,0.059571,0.067269,0.017694,0.012012,0.084103,0.023897,0.26445,0.005147,0.013795,0.000212,0.004437,0.00573,0.013317,0.020833,0.000611
30820,962,23782,22820,22789,31,0,0,176,34.148997,0.0,31121.805088,1081.741001,2164.110002,1866.973856,3460.91,30820,42,74,38463360.0,9301332.3576,54968.1165,28177.5933,920.4753,225.7781,36.1749,0.0215,13,0.126819,0.971339,0.467852,0.51015,1.114307,0.439218,0.668138,0.275271,0.479948,0.053444,0.202429,0.319313,0.522906,0.453928,0.059497,0.066351,0.017664,0.011911,0.083877,0.024183,0.264924,0.005178,0.013523,0.000212,0.004429,0.005892,0.01359,0.020681,0.000613
30840,965,23811,22846,22815,31,0,0,181,35.984946,0.0,31364.276224,1083.535644,2160.47941,1865.976187,3444.65,30840,42,74,38488320.0,9311317.6971,55045.0249,28208.4934,921.4497,225.7781,36.2152,0.0215,13,0.131606,0.969423,0.466246,0.511506,1.114124,0.43913,0.669751,0.275591,0.478976,0.053654,0.202367,0.319371,0.524545,0.454847,0.059633,0.067194,0.017533,0.012591,0.083368,0.024037,0.265955,0.005265,0.013672,0.000223,0.00437,0.005924,0.013972,0.020919,0.000607
30860,969,23841,22872,22841,31,0,0,186,37.719974,0.0,31525.247778,1085.439166,2156.840859,1864.213634,3425.86,30860,43,74,38513280.0,9321253.9943,55123.8127,28239.991,921.8958,225.7781,36.8844,0.0215,13,0.134159,0.967024,0.464822,0.511438,1.114842,0.440396,0.670654,0.274958,0.479177,0.053798,0.201307,0.319533,0.525971,0.454896,0.059558,0.067383,0.017827,0.012175,0.083092,0.024109,0.268531,0.00518,0.013532,0.000226,0.004211,0.005993,0.01392,0.02074,0.000588
30880,978,23870,22892,22860,32,0,0,176,34.492073,0.0,31689.447017,1098.493104,2147.014823,1863.917966,3401.08,30880,43,74,38538240.0,9331260.6988,55202.36,28270.8125,923.6946,229.8237,37.4039,0.0225,13,0.129857,0.969768,0.467279,0.510845,1.113531,0.437291,0.671655,0.275666,0.479303,0.053575,0.201882,0.319613,0.525605,0.453618,0.059805,0.066258,0.017644,0.012212,0.083872,0.022643,0.272547,0.005163,0.013266,0.00022,0.004247,0.006044,0.013828,0.020259,0.000626
30900,983,23896,22913,22881,32,0,0,170,32.102385,0.0,31778.745331,1106.542694,2141.354921,1864.741257,3392.11,30900,43,74,38563200.0,9341266.2646,55279.6038,28301.5575,924.3162,229.8237,37.4788,0.0225,13,0.1353,0.966478,0.465992,0.510225,1.117945,0.43793,0.677107,0.275348,0.478365,0.05373,0.201078,0.320669,0.527048,0.454262,0.059912,0.06766,0.017895,0.012193,0.084601,0.02285,0.278474,0.005273,0.013023,0.00022,0.00407,0.006126,0.01407,0.020393,0.00062
30920,989,23928,22939,22907,32,0,0,172,34.628797,0.0,31803.64202,1109.89918,2135.472023,1865.068298,3374.5,30920,43,74,38588160.0,9351281.006,55357.0866,28331.536,925.93,229.8237,37.5564,0.0238,13,0.138524,0.964986,0.466599,0.511178,1.119909,0.439121,0.679422,0.27482,0.478391,0.053991,0.20134,0.321145,0.52754,0.455002,0.059999,0.068303,0.018038,0.012134,0.085901,0.022846,0.285055,0.005344,0.013034,0.000234,0.004178,0.006118,0.014072,0.020888,0.000622
30940,982,23961,22979,22947,32,0,0,183,41.964451,0.0,31849.0943,1101.174866,2136.860684,1867.382141,3389.66,30940,43,74,38613120.0,9361292.3434,55431.5971,28364.3761,927.0382,229.8237,37.9171,0.0254,13,0.135438,0.971137,0.468012,0.511389,1.117435,0.436746,0.669763,0.275578,0.478292,0.053878,0.201741,0.320244,0.526832,0.454245,0.059881,0.068527,0.018204,0.012225,0.08467,0.021589,0.246177,0.005253,0.012765,0.000233,0.004096,0.006093,0.013881,0.020483,0.00059
30960,986,23993,23007,22975,32,0,0,183,42.802371,0.0,31917.287348,1103.857532,2133.340096,1868.181716,3386.7,30960,44,74,38638080.0,9371313.2605,55506.3694,28400.4457,928.0827,229.8237,38.2563,0.0281,13,0.139959,0.97012,0.468094,0.511011,1.11875,0.437492,0.67157,0.274628,0.478182,0.054096,0.201301,0.321125,0.528386,0.458111,0.059769,0.06932,0.018586,0.012067,0.086164,0.021862,0.243866,0.005296,0.012823,0.000239,0.004126,0.006172,0.014232,0.021159,0.00057
30980,981,24020,23039,23006,33,0,0,179,40.059616,0.0,31970.807934,1107.001093,2132.939291,1867.660806,3393.03,30980,44,74,38663040.0,9381358.6303,55582.1221,28438.4855,929.8448,234.8429,38.6169,0.0417,13,0.138634,0.969788,0.468693,0.509923,1.12276,0.436038,0.672276,0.274158,0.477907,0.053937,0.200889,0.320605,0.530496,0.45765,0.059845,0.069378,0.019237,0.011663,0.08853,0.02117,0.243421,0.005296,0.012855,0.000234,0.003939,0.006178,0.014348,0.02134,0.000567
31000,979,24052,23073,23040,33,0,0,189,42.209848,0.0,32080.085254,1105.494301,2132.295851,1866.92039,3384.38,31000,44,74,38688000.0,9391424.5229,55658.5072,28472.4552,931.3588,234.8429,38.6174,0.0417,13,0.135853,0.973776,0.468875,0.510993,1.123541,0.436547,0.672235,0.274384,0.479667,0.05375,0.201025,0.319232,0.529028,0.455889,0.059902,0.069635,0.018821,0.01176,0.087557,0.020755,0.246336,0.005264,0.013013,0.000238,0.00403,0.0061,0.014281,0.021228,0.00056
31020,985,24081,23096,23063,33,0,0,186,39.831774,0.0,32157.65125,1113.429962,2126.738265,1867.080547,3361.66,31020,44,74,38712960.0,9401478.6638,55733.8074,28506.7604,933.2115,234.8429,38.6186,0.0417,13,0.13401,0.974368,0.469343,0.511273,1.122422,0.435585,0.673882,0.275177,0.479286,0.05362,0.201153,0.319209,0.528841,0.454336,0.05966,0.069565,0.018844,0.011871,0.08651,0.020273,0.250484,0.005251,0.012929,0.000237,0.004062,0.006065,0.014447,0.02122,0.00055
31040,989,24105,23116,23083,33,0,0,187,41.284471,0.0,32204.988119,1118.982817,2119.732712,1866.723846,3357.57,31040,44,74,38737920.0,9411547.9886,55809.4499,28537.4653,934.4413,234.8429,38.6199,0.0417,13,0.133468,0.971319,0.469355,0.512343,1.120631,0.436371,0.668528,0.275044,0.48045,0.053679,0.201375,0.319663,0.527804,0.452754,0.059397,0.068064,0.018673,0.012144,0.08676,0.020022,0.245491,0.005175,0.012896,0.000239,0.004016,0.005988,0.014257,0.021241,0.000536
31060,1003,24145,23142,23109,33,0,0,194,45.436763,0.0,32143.789409,1119.433134,2115.130103,1866.16835,3322.94,31060,44,74,38762880.0,9421632.8726,55885.4867,28570.5459,935.4288,234.8429,38.6284,0.0417,13,0.134596,0.967086,0.468272,0.511967,1.12202,0.43763,0.673694,0.274098,0.480242,0.053596,0.201546,0.320614,0.528077,0.452905,0.059718,0.067822,0.01868,0.012046,0.087658,0.020558,0.250657,0.005291,0.013087,0.000241,0.004228,0.005975,0.014258,0.021575,0.000557
31080,1017,24178,23161,23128,33,0,0,183,35.574871,0.0,32075.489515,1137.612909,2106.81222,1863.434876,3284.38,31080,44,74,38787840.0,9431731.8354,55964.8639,28609.8399,936.4287,234.8429,38.6792,0.0438,13,0.13176,0.968732,0.468429,0.512084,1.120201,0.436027,0.673543,0.274313,0.479422,0.053618,0.201266,0.320183,0.52813,0.453352,0.059809,0.067322,0.0186,0.011862,0.087827,0.020354,0.250166,0.005338,0.012922,0.000242,0.00417,0.006004,0.014298,0.0216,0.000571
31100,1023,24210,23187,23153,34,0,0,180,37.651609,33.759891,31837.198145,1144.20714,2098.141252,1859.8476,3269.55,31100,44,74,38812800.0,9441810.1598,56047.8182,28648.2971,938.0942,234.8429,38.6995,0.0438,13,0.13001,0.967557,0.467555,0.512154,1.117249,0.434495,0.67201,0.274578,0.479178,0.053627,0.200891,0.320198,0.528322,0.452956,0.059531,0.065442,0.018466,0.011963,0.088386,0.01962,0.241795,0.005356,0.013048,0.000237,0.004092,0.006103,0.014627,0.021058,0.000566
31120,1012,24235,23223,23189,34,0,0,187,44.884049,27.612449,31628.076881,1140.282495,2094.833455,1857.995754,3308.73,31120,44,74,38837760.0,9451886.9246,56130.5336,28684.4419,940.0318,234.8429,38.7195,0.0438,13,0.128458,0.968906,0.468946,0.511996,1.116106,0.434503,0.667532,0.27477,0.479691,0.053556,0.201302,0.320005,0.528915,0.453296,0.059596,0.065954,0.018314,0.0115,0.088412,0.019413,0.237575,0.005343,0.012932,0.000235,0.004001,0.006121,0.014628,0.021296,0.000568
31140,1015,24265,23250,23216,34,0,0,183,40.80443,22.584414,31474.038688,1141.644806,2097.550764,1854.924462,3298.09,31140,44,74,38862720.0,9461974.8111,56216.061,28718.1759,940.6585,234.8429,38.7218,0.044,13,0.127094,0.968061,0.470032,0.513488,1.113177,0.434677,0.670759,0.274276,0.479223,0.053475,0.201833,0.319066,0.527425,0.452699,0.059747,0.065211,0.018067,0.011747,0.085657,0.019626,0.25763,0.005278,0.013063,0.000236,0.004096,0.005998,0.014431,0.021271,0.000578
31160,1012,24293,23281,23246,35,0,0,198,47.262707,46.792011,31310.530939,1138.343652,2094.393641,1850.958442,3314.6,31160,44,74,38887680.0,9472077.3454,56305.1144,28750.7953,940.847,234.8429,38.7783,0.0477,13,0.129447,0.969558,0.468663,0.515121,1.113469,0.435276,0.681207,0.273898,0.47796,0.053536,0.20244,0.31973,0.526858,0.453699,0.060149,0.065831,0.018056,0.012869,0.0874,0.019726,0.277833,0.005324,0.013509,0.000236,0.004417,0.005976,0.014734,0.021273,0.000605
31180,1016,24323,23307,23272,35,0,0,206,47.537839,38.27151,31180.310374,1141.118298,2091.343863,1848.326922,3281.88,31180,44,74,38912640.0,9482193.5209,56395.8389,28783.1667,941.7449,234.8429,38.7812,0.0477,13,0.130906,0.970821,0.46702,0.514956,1.114187,0.435952,0.680427,0.273496,0.479101,0.053715,0.202121,0.319494,0.527062,0.454814,0.06022,0.066657,0.017928,0.013162,0.087641,0.019752,0.271715,0.005368,0.013846,0.000243,0.004387,0.00601,0.014873,0.021658,0.000609
31200,999,24343,23344,23309,35,0,0,214,51.727996,24.095079,31133.787273,1125.306279,2102.965726,1850.725778,3328.49,31200,44,74,38937600.0,9492303.2031,56481.678,28813.8127,942.9362,240.2276,38.8507,0.0477,13,0.136136,0.96791,0.465818,0.515045,1.115305,0.437439,0.681703,0.272167,0.479918,0.053846,0.202053,0.321162,0.526787,0.456041,0.059792,0.066755,0.017858,0.013131,0.089089,0.020009,0.272453,0.005266,0.013825,0.000247,0.004406,0.006015,0.014774,0.021754,0.000585
31220,1006,24366,23360,23325,35,0,0,200,43.892949,17.089988,31101.573323,1138.993733,2097.113318,1851.729013,3321.18,31220,44,74,38962560.0,9502432.6477,56567.5761,28844.0326,943.743,242.4678,38.8507,0.0477,13,0.135189,0.969352,0.465322,0.515835,1.114285,0.436774,0.683541,0.272345,0.478796,0.053807,0.201489,0.320768,0.527713,0.455641,0.060044,0.066879,0.017706,0.013227,0.087883,0.02003,0.284966,0.005312,0.013711,0.000249,0.00431,0.006094,0.01499,0.021854,0.000589
31240,1009,24394,23385,23350,35,0,0,204,45.913081,11.069849,31050.476165,1138.431746,2095.655174,1852.071004,3320.28,31240,44,74,38987520.0,9512573.0634,56653.569,28870.9472,944.555,244.8829,38.9605,0.0477,13,0.134787,0.970943,0.465593,0.51641,1.112693,0.435432,0.682293,0.27315,0.477615,0.054018,0.201279,0.32043,0.527551,0.456295,0.059881,0.067474,0.017831,0.013287,0.086338,0.019865,0.280987,0.005283,0.013606,0.000251,0.00419,0.006154,0.014984,0.021472,0.000579
31260,1012,24419,23407,23372,35,0,0,207,43.629923,9.054106,30970.498793,1141.663012,2094.707065,1855.738716,3306.09,31260,44,74,39012480.0,9522714.4672,56734.9736,28899.8254,945.3192,244.8829,39.1258,0.0477,13,0.132411,0.969416,0.465545,0.515725,1.112603,0.435183,0.680622,0.273089,0.478367,0.05405,0.201502,0.32086,0.527689,0.455884,0.059839,0.067564,0.017835,0.013221,0.086438,0.019901,0.279287,0.005242,0.013521,0.000249,0.00419,0.006089,0.014968,0.021452,0.000581
31280,1013,24448,23435,23400,35,0,0,213,46.953707,7.405416,30843.505947,1140.849246,2092.197047,1858.959891,3292.47,31280,44,74,39037440.0,9532874.095,56813.9517,28931.4075,946.7523,244.8829,39.34,0.0484,13,0.134255,0.968907,0.464937,0.517128,1.117354,0.434109,0.687351,0.273312,0.477736,0.054075,0.201257,0.321535,0.526425,0.457892,0.05993,0.06768,0.017762,0.014051,0.08806,0.020229,0.291343,0.005198,0.01369,0.000252,0.004095,0.0061,0.01522,0.021913,0.000593
31300,995,24470,23475,23440,35,0,0,213,46.583861,6.056941,30822.723801,1124.725427,2108.690712,1861.393978,3330.37,31300,44,74,39062400.0,9543048.0289,56891.2219,28962.7838,947.7624,244.8829,39.4195,0.0484,13,0.134673,0.966552,0.464093,0.516601,1.120006,0.434609,0.688089,0.274233,0.477044,0.054162,0.200782,0.321984,0.528055,0.459363,0.059744,0.067814,0.017955,0.014136,0.088939,0.020663,0.294376,0.005311,0.013469,0.000254,0.004032,0.006175,0.015333,0.022258,0.00057
31320,999,24498,23499,23464,35,0,0,207,43.705957,3.699507,30895.56351,1123.777153,2112.51689,1862.408768,3321.93,31320,44,74,39087360.0,9553222.1708,56968.4922,28991.3354,948.6143,244.8829,39.4821,0.0484,13,0.137137,0.965289,0.464463,0.516814,1.123039,0.434641,0.68956,0.273861,0.477479,0.054311,0.200727,0.322301,0.529616,0.459163,0.059684,0.068071,0.018205,0.014149,0.088861,0.02056,0.295224,0.005254,0.013415,0.000257,0.004033,0.00624,0.015569,0.022337,0.000574
31340,1000,24523,23523,23488,35,0,0,206,45.779408,3.025852,30936.633058,1123.580828,2110.639764,1865.049121,3320.65,31340,44,74,39112320.0,9563395.6637,57043.3442,29019.2483,949.7568,244.8829,39.4821,0.0484,13,0.139,0.964261,0.464921,0.51631,1.122989,0.434946,0.693424,0.273797,0.47645,0.054279,0.200392,0.32306,0.530357,0.46047,0.059643,0.069073,0.018362,0.014075,0.089698,0.020742,0.306606,0.00526,0.013411,0.000261,0.00406,0.006333,0.015794,0.022311,0.000578
31360,1003,24542,23539,23504,35,0,0,206,37.849563,2.474866,31053.698469,1131.324512,2110.825924,1871.210677,3319.61,31360,44,74,39137280.0,9573617.0298,57110.8577,29046.1506,950.4226,244.8829,39.5311,0.0484,13,0.139581,0.964768,0.464296,0.516066,1.123394,0.435399,0.692832,0.273451,0.476919,0.05437,0.200055,0.323206,0.531651,0.460082,0.059632,0.069821,0.018436,0.014014,0.090349,0.020886,0.305761,0.005168,0.013426,0.000261,0.004059,0.006446,0.015805,0.022313,0.000574
31380,1000,24563,23563,23528,35,0,0,202,36.187612,2.02421,31155.599694,1128.475038,2115.33735,1874.043368,3341.13,31380,44,74,39162240.0,9583834.4981,57178.3712,29070.1681,951.1444,244.8829,39.6879,0.0484,13,0.141,0.965774,0.464701,0.516687,1.120744,0.435994,0.696168,0.273941,0.476883,0.054339,0.200521,0.322413,0.530748,0.461095,0.059651,0.070531,0.018565,0.014516,0.091537,0.020911,0.323051,0.005215,0.013717,0.000259,0.004096,0.006446,0.015896,0.022453,0.000574
31400,997,24582,23585,23550,35,0,0,197,35.423366,1.655615,31263.075188,1128.127556,2116.449078,1876.177233,3361.1,31400,44,74,39187200.0,9594060.7858,57244.8966,29093.8642,952.5191,244.8829,39.9293,0.0484,13,0.141424,0.963556,0.466585,0.513889,1.122735,0.43625,0.690921,0.274013,0.477044,0.054267,0.199998,0.323308,0.530802,0.461728,0.059159,0.069773,0.019122,0.013494,0.091613,0.021203,0.307322,0.005181,0.013471,0.000257,0.003954,0.006475,0.015758,0.022707,0.00055
31420,990,24603,23613,23578,35,0,0,199,41.046658,1.354139,31420.870529,1114.887541,2124.065801,1878.499579,3396.15,31420,44,74,39212160.0,9604277.9997,57309.5873,29112.0701,953.2993,244.8829,40.1502,0.0484,13,0.144444,0.961324,0.464849,0.515189,1.12288,0.437245,0.695935,0.273848,0.477111,0.054351,0.199592,0.324108,0.531155,0.462568,0.05923,0.070296,0.01913,0.013722,0.092651,0.02097,0.308033,0.005204,0.013385,0.000259,0.003807,0.006587,0.015758,0.022987,0.000557
31440,992,24636,23644,23609,35,0,0,194,38.387963,1.10756,31655.622533,1104.078495,2137.533541,1878.742824,3392.27,31440,44,74,39237120.0,9614510.7506,57375.3325,29138.1413,954.4716,244.8829,40.2388,0.0484,13,0.145161,0.961929,0.465368,0.51325,1.120455,0.438432,0.695536,0.272956,0.475986,0.054336,0.19928,0.32388,0.530616,0.462892,0.059047,0.070484,0.019141,0.012968,0.090818,0.02117,0.315868,0.005214,0.013065,0.000255,0.003857,0.006556,0.015615,0.022879,0.00055
31460,999,24668,23669,23634,35,0,0,194,38.253019,0.905881,31906.124643,1108.11732,2133.62966,1875.595477,3366.71,31460,44,74,39262080.0,9624757.1715,57445.5922,29172.7642,955.8623,244.8829,40.2966,0.0484,13,0.146146,0.960746,0.464008,0.513563,1.122675,0.439034,0.7035,0.272435,0.475929,0.05437,0.199859,0.324858,0.530956,0.463633,0.059632,0.071529,0.019109,0.013149,0.092341,0.021606,0.322873,0.005274,0.013536,0.000262,0.00395,0.006577,0.015736,0.023467,0.000573
31480,1010,24698,23688,23653,35,0,0,193,36.602547,0.740926,32082.26361,1122.81947,2120.577983,1869.772362,3332.49,31480,44,74,39287040.0,9635001.8111,57522.1716,29208.9226,957.097,244.8829,40.354,0.0484,13,0.144554,0.960619,0.465625,0.514343,1.124246,0.438513,0.707124,0.272436,0.475977,0.054383,0.200223,0.323961,0.530336,0.463672,0.059508,0.071549,0.019362,0.01335,0.091687,0.02137,0.338951,0.005225,0.013816,0.000259,0.003913,0.006544,0.015679,0.023343,0.000569
31500,1015,24729,23714,23679,35,0,0,197,37.796391,0.606009,32172.0273,1126.969482,2115.234128,1865.409322,3324.86,31500,44,74,39312000.0,9645236.7274,57601.5596,29241.1485,958.9092,244.8829,40.4608,0.0484,13,0.145813,0.962418,0.466058,0.514142,1.125986,0.439136,0.709535,0.272388,0.475897,0.054154,0.199678,0.323206,0.530196,0.463595,0.059533,0.072156,0.019565,0.013322,0.091649,0.021302,0.339053,0.005224,0.013684,0.000259,0.003883,0.006611,0.01574,0.023466,0.000568
31520,1017,24752,23735,23700,35,0,0,198,39.590643,0.495659,32210.857669,1135.790741,2104.618616,1863.361077,3325.43,31520,44,74,39336960.0,9655483.6895,57681.0,29274.6382,959.4566,244.8829,40.4935,0.0484,13,0.144543,0.962271,0.466424,0.513766,1.124324,0.43864,0.710885,0.272227,0.475738,0.054141,0.200242,0.322894,0.530401,0.463579,0.059467,0.071929,0.019407,0.013071,0.090284,0.021236,0.344697,0.00515,0.013761,0.000261,0.003958,0.00666,0.015914,0.023571,0.000567
31540,1027,24777,23750,23715,35,0,0,193,35.739638,0.405403,32166.422689,1151.932458,2092.327904,1862.379546,3299.63,31540,44,74,39361920.0,9665744.3727,57760.4417,29307.4945,959.8249,244.8829,40.4935,0.0484,13,0.145083,0.962587,0.465896,0.513888,1.124008,0.437453,0.71061,0.272501,0.474667,0.054153,0.200104,0.323565,0.531567,0.463489,0.059417,0.071824,0.019292,0.013238,0.089622,0.021192,0.34289,0.005235,0.013453,0.000258,0.003955,0.006779,0.01604,0.023556,0.000565
31560,1024,24800,23776,23741,35,0,0,194,37.112329,0.331582,32071.858583,1147.555956,2095.331715,1861.916756,3309.04,31560,44,74,39386880.0,9676000.8492,57839.8928,29336.0452,960.2614,244.8829,40.5564,0.0484,13,0.146484,0.962585,0.465941,0.513896,1.124138,0.438294,0.708202,0.272704,0.4745,0.05423,0.199714,0.324049,0.530949,0.4655,0.059484,0.073358,0.019504,0.012901,0.090481,0.021449,0.341714,0.005362,0.013484,0.000258,0.003941,0.006903,0.016153,0.024052,0.000565
31580,1021,24821,23800,23765,35,0,0,189,37.988981,0.271203,32013.14122,1147.415343,2094.595676,1860.332936,3333.04,31580,44,74,39411840.0,9686262.8449,57920.9754,29366.5015,961.0952,244.8829,40.5586,0.0484,13,0.146915,0.962641,0.465905,0.516276,1.122822,0.438435,0.706688,0.273191,0.475094,0.054285,0.199839,0.324749,0.531164,0.465114,0.059403,0.072935,0.019406,0.013506,0.089604,0.021126,0.34537,0.005495,0.013333,0.000253,0.00389,0.006861,0.016026,0.02379,0.000551
31600,1026,24846,23820,23785,35,0,0,182,35.164275,0.221819,31955.541173,1154.57119,2090.264535,1858.491708,3325.9,31600,44,74,39436800.0,9696551.2743,58003.9801,29396.273,961.8004,244.8829,40.7495,0.0555,13,0.147173,0.963198,0.465231,0.515955,1.123084,0.437707,0.707041,0.272603,0.474228,0.054288,0.199847,0.324204,0.531717,0.464036,0.059527,0.073145,0.019396,0.013653,0.089317,0.020934,0.339208,0.005558,0.013357,0.000256,0.003993,0.00678,0.016052,0.023774,0.000554
31620,1028,24879,23851,23816,35,0,0,184,35.127819,0.181427,31860.975638,1151.277991,2093.59419,1856.762263,3292.15,31620,44,74,39461760.0,9706826.9099,58088.7149,29425.0466,962.3122,244.8829,40.7918,0.0555,13,0.142023,0.966007,0.466196,0.515428,1.119151,0.435736,0.697766,0.272805,0.474293,0.054,0.200045,0.323404,0.530727,0.462426,0.059548,0.071862,0.019374,0.013461,0.086621,0.020364,0.319925,0.005523,0.013207,0.000247,0.004015,0.00665,0.01578,0.0233,0.000562
31640,1024,24907,23883,23848,35,0,0,186,37.113016,0.148391,31844.250074,1141.352046,2101.534937,1857.409657,3307.87,31640,44,74,39486720.0,9717113.962,58171.4423,29454.4797,962.8684,244.8829,40.9239,0.0555,13,0.144531,0.964736,0.46545,0.516454,1.120191,0.435752,0.699554,0.273715,0.472841,0.054188,0.19939,0.323553,0.531394,0.463689,0.059598,0.071918,0.019502,0.013981,0.087554,0.020287,0.318463,0.005583,0.013052,0.000247,0.003971,0.006756,0.015799,0.023593,0.000556
31660,1021,24932,23911,23876,35,0,0,187,37.459886,0.12137,31861.866945,1141.534854,2101.00526,1859.754159,3324.38,31660,44,74,39511680.0,9727400.7699,58251.4592,29487.3039,963.8231,244.8829,40.9295,0.0555,13,0.143976,0.965976,0.465529,0.515809,1.118887,0.435744,0.696864,0.274244,0.473198,0.054198,0.199482,0.322953,0.530143,0.462789,0.059471,0.072065,0.019696,0.01384,0.08705,0.020293,0.301273,0.005642,0.013115,0.000249,0.003919,0.006859,0.015437,0.023619,0.000554
31680,1009,24949,23940,23905,35,0,0,192,39.905762,0.099269,31872.14073,1140.427806,2099.666431,1861.074791,3370.93,31680,44,74,39536640.0,9737688.9406,58330.9917,29519.4904,964.719,244.8829,40.9295,0.0555,13,0.141724,0.96722,0.466193,0.51506,1.117192,0.435802,0.698811,0.273966,0.473254,0.054083,0.199153,0.323817,0.530332,0.463185,0.059426,0.072659,0.019787,0.013894,0.086275,0.020227,0.304477,0.005623,0.012987,0.000248,0.003914,0.006886,0.01547,0.023632,0.000565
31700,1021,24983,23962,23927,35,0,0,185,36.136554,0.081193,31853.088161,1149.363213,2094.500233,1863.796722,3336.47,31700,44,74,39561600.0,9747987.6472,58407.5169,29552.3301,965.5282,244.8829,41.1679,0.0555,13,0.142997,0.970222,0.464539,0.514523,1.120868,0.437241,0.699445,0.272552,0.473549,0.054057,0.19893,0.322762,0.531572,0.462683,0.059674,0.072937,0.019302,0.013692,0.088164,0.020242,0.303213,0.005569,0.013003,0.000246,0.003911,0.006832,0.015576,0.023842,0.000573
31720,1015,25012,23997,23962,35,0,0,194,42.34583,0.066408,31845.771732,1140.010451,2097.64372,1862.773982,3361.85,31720,44,74,39586560.0,9758303.8009,58487.2264,29587.063,965.8916,244.8829,41.2494,0.0555,13,0.146798,0.968097,0.465047,0.515086,1.123006,0.438096,0.702466,0.272257,0.474217,0.054204,0.199623,0.323698,0.531727,0.464915,0.059676,0.073591,0.019784,0.01364,0.090002,0.020336,0.307931,0.005643,0.01322,0.00025,0.004137,0.006947,0.015923,0.024402,0.000579
31740,1020,25041,24021,23986,35,0,0,195,41.1164,0.054316,31893.445802,1142.875917,2096.007684,1860.182446,3349.34,31740,44,74,39611520.0,9768640.7084,58570.01,29621.9177,966.4393,244.8829,41.2625,0.0555,13,0.14902,0.964538,0.46395,0.516449,1.125725,0.439096,0.705728,0.271256,0.474119,0.054349,0.199379,0.323268,0.532721,0.464822,0.059806,0.073569,0.019814,0.013773,0.090117,0.020523,0.309618,0.005637,0.013248,0.000254,0.004151,0.006814,0.015612,0.024446,0.000579
31760,1016,25069,24053,24017,36,0,0,199,47.317851,0.044425,31920.527622,1139.641611,2093.040538,1858.39739,3359.22,31760,44,74,39636480.0,9778956.0968,58653.2502,29653.4111,966.9277,249.0081,41.9341,0.056,13,0.146654,0.96406,0.465848,0.516962,1.125638,0.439128,0.709554,0.272092,0.475804,0.054317,0.199676,0.322326,0.531699,0.463465,0.059574,0.073243,0.02003,0.014043,0.090627,0.019865,0.325588,0.005482,0.01362,0.000248,0.00418,0.006662,0.015505,0.024246,0.000572
31780,1019,25093,24074,24038,36,0,0,193,42.725305,0.036336,31990.361525,1142.699468,2094.575227,1857.24393,3343.03,31780,44,74,39661440.0,9789290.9351,58736.5982,29682.3999,967.6404,249.0081,42.1343,0.0562,13,0.147203,0.960292,0.466616,0.51642,1.128634,0.43944,0.712216,0.27252,0.475902,0.054276,0.19994,0.323098,0.53175,0.463926,0.059802,0.073128,0.020192,0.014046,0.092481,0.019975,0.32906,0.005509,0.013751,0.000249,0.004167,0.006655,0.015481,0.024322,0.00058
31800,1013,25114,24101,24065,36,0,0,196,45.023125,0.029719,32080.613661,1137.360536,2097.616339,1857.098803,3360.17,31800,44,74,39686400.0,9799630.0377,58819.2992,29709.2025,968.1059,249.0081,42.5278,0.0562,13,0.150049,0.958812,0.464389,0.516525,1.12955,0.439976,0.715325,0.271765,0.475589,0.054411,0.200127,0.322696,0.532244,0.464944,0.060027,0.073704,0.019704,0.014111,0.092822,0.020253,0.330266,0.005513,0.013842,0.000251,0.004568,0.006667,0.015795,0.024719,0.000589
31820,1015,25139,24124,24088,36,0,0,203,47.018629,0.024308,32210.012825,1131.033395,2101.947976,1857.118184,3358.27,31820,44,74,39711360.0,9809953.6347,58901.8718,29734.5906,968.4267,249.0081,42.5898,0.0562,13,0.148768,0.955294,0.463999,0.516154,1.1283,0.437888,0.717235,0.27269,0.475024,0.054416,0.200712,0.321415,0.531379,0.466125,0.060279,0.073096,0.01942,0.014444,0.092836,0.020089,0.330022,0.005571,0.013803,0.000252,0.005123,0.006686,0.015767,0.024843,0.000609
31840,1013,25163,24150,24114,36,0,0,207,49.939462,0.0,32403.850051,1123.961809,2106.098729,1858.8876,3364.15,31840,44,74,39736320.0,9820293.8637,58981.8841,29758.732,969.5432,249.0081,42.5898,0.0562,13,0.150049,0.953908,0.465207,0.515131,1.129531,0.438019,0.714247,0.272505,0.476298,0.054401,0.200625,0.321924,0.531528,0.466015,0.06013,0.071897,0.019748,0.014031,0.093462,0.020115,0.32812,0.00551,0.013684,0.000252,0.005088,0.00669,0.015853,0.024909,0.000606
31860,1003,25185,24182,24146,36,0,0,214,48.772562,0.0,32640.36518,1116.103824,2115.123614,1862.37143,3395.75,31860,44,74,39761280.0,9830611.9932,59058.2944,29787.3347,971.2896,249.0081,42.5898,0.0562,13,0.152542,0.954369,0.463445,0.514376,1.131194,0.439621,0.707878,0.27214,0.476646,0.054349,0.200602,0.322176,0.530651,0.465326,0.059838,0.071827,0.019476,0.013664,0.094714,0.020388,0.310974,0.005504,0.013644,0.00025,0.005121,0.006712,0.015924,0.024548,0.000592
31880,1006,25214,24208,24172,36,0,0,209,48.222844,0.0,32907.383861,1114.009994,2117.767162,1863.924857,3389.06,31880,44,74,39786240.0,9840947.1944,59134.2549,29816.3445,972.3483,249.0081,42.6675,0.0562,13,0.153082,0.953517,0.462767,0.514219,1.133112,0.438533,0.715144,0.272366,0.476226,0.054236,0.200573,0.322304,0.530883,0.465507,0.060239,0.072586,0.019916,0.013662,0.095435,0.020814,0.310939,0.005566,0.013535,0.000252,0.005149,0.006713,0.015935,0.024812,0.000602
31900,1014,25246,24232,24196,36,0,0,197,44.420777,0.0,33172.28732,1121.34688,2114.232343,1862.980509,3367.57,31900,44,74,39811200.0,9851306.184,59212.4906,29850.671,973.659,249.0081,42.6685,0.0562,13,0.15286,0.953728,0.463962,0.515583,1.13296,0.438999,0.714624,0.272797,0.476981,0.054279,0.200402,0.322807,0.531288,0.46609,0.060232,0.072511,0.019919,0.014018,0.096623,0.020813,0.311205,0.005709,0.013781,0.000251,0.005097,0.006916,0.015959,0.024869,0.00061
31920,1020,25279,24259,24223,36,0,0,209,48.620893,0.0,33325.782431,1128.896159,2102.482949,1864.26601,3352.77,31920,44,74,39836160.0,9861668.5923,59288.5595,29886.509,974.7553,249.0081,42.7502,0.0562,13,0.15,0.958202,0.466036,0.51549,1.12737,0.436803,0.711766,0.27313,0.475017,0.054417,0.200722,0.321896,0.529915,0.466084,0.060085,0.072051,0.020006,0.014089,0.093926,0.020248,0.316806,0.005655,0.013881,0.000252,0.005141,0.006747,0.016143,0.024536,0.000612
31940,1015,25303,24288,24252,36,0,0,211,46.852805,0.0,33497.422277,1127.615401,2105.531794,1867.989327,3372.39,31940,44,74,39861120.0,9872021.1042,59360.7773,29918.7724,976.231,249.0081,42.767,0.0562,13,0.148768,0.959584,0.466536,0.515021,1.1265,0.43557,0.708088,0.273888,0.47399,0.054363,0.200404,0.321829,0.529979,0.466072,0.059605,0.072686,0.019929,0.013933,0.093804,0.019903,0.314828,0.005577,0.013711,0.000245,0.005044,0.006738,0.015829,0.02424,0.0006
31960,1017,25329,24312,24276,36,0,0,214,47.161557,0.0,33664.33062,1131.678138,2101.160305,1875.261614,3374.74,31960,44,74,39886080.0,9882399.5827,59425.5472,29949.7221,976.8684,249.0081,42.7693,0.0562,13,0.147493,0.962192,0.466757,0.515106,1.124651,0.435846,0.711215,0.274803,0.47422,0.05435,0.200344,0.321356,0.531108,0.464523,0.059742,0.073009,0.019854,0.014025,0.092763,0.019758,0.317754,0.005807,0.013842,0.000244,0.004732,0.006842,0.015736,0.024164,0.000599
31980,1026,25360,24334,24298,36,0,0,204,41.21876,0.0,33764.162255,1139.140152,2099.641089,1879.926883,3358.41,31980,44,74,39911040.0,9892757.5877,59488.921,29982.5072,978.1068,249.0081,42.7693,0.0562,13,0.149123,0.962563,0.465792,0.51318,1.126686,0.436546,0.717353,0.27331,0.474643,0.054212,0.200643,0.321609,0.531239,0.464301,0.060071,0.074202,0.019625,0.013968,0.093672,0.019836,0.323449,0.00577,0.013918,0.000247,0.004839,0.006949,0.015714,0.024464,0.000598
32000,1032,25389,24357,24321,36,0,0,208,41.910836,0.0,33760.221628,1149.159961,2088.929203,1883.050348,3333.29,32000,44,74,39936000.0,9903120.2233,59550.8606,30020.4941,978.6179,249.0081,42.7693,0.0562,13,0.147287,0.962103,0.466643,0.512978,1.125907,0.436638,0.717477,0.273692,0.475069,0.05427,0.200411,0.322963,0.531025,0.465057,0.059997,0.074512,0.019724,0.013645,0.093423,0.019949,0.326466,0.005778,0.013911,0.000249,0.004225,0.006986,0.01571,0.024455,0.000588
32020,1044,25426,24382,24346,36,0,0,210,45.946208,0.0,33654.878175,1156.783617,2077.270175,1884.385073,3305.68,32020,44,74,39960960.0,9913501.1142,59612.9301,30057.4268,978.9282,249.0081,42.8312,0.0562,13,0.146552,0.962303,0.466219,0.513625,1.127434,0.437381,0.719906,0.273,0.475474,0.05424,0.200048,0.323107,0.529902,0.464062,0.059933,0.075199,0.019762,0.013635,0.091663,0.02,0.326731,0.005729,0.013849,0.000252,0.004204,0.00699,0.015387,0.02448,0.000588
32040,1047,25454,24407,24371,36,0,0,207,45.555982,0.0,33529.731561,1164.810128,2069.63389,1882.910274,3309.13,32040,45,74,39985920.0,9923904.9326,59677.6707,30096.6084,979.6527,249.0081,42.9375,0.0562,13,0.149952,0.961709,0.464976,0.513601,1.126372,0.437922,0.720112,0.272626,0.474004,0.054318,0.199882,0.324182,0.530794,0.464592,0.059984,0.075566,0.019733,0.013271,0.091273,0.020002,0.327839,0.005743,0.013894,0.000256,0.004231,0.007051,0.015688,0.024617,0.000581
32060,1064,25498,24434,24398,36,0,0,208,50.388987,0.0,33261.228006,1177.712745,2051.898268,1878.70291,3258.61,32060,45,74,40010880.0,9934335.5855,59747.5089,30139.6466,981.41,249.0081,42.9375,0.0562,13,0.145677,0.962296,0.466572,0.514882,1.122914,0.436209,0.721232,0.272948,0.473967,0.054166,0.200652,0.32414,0.529941,0.46498,0.059698,0.074449,0.019372,0.01338,0.090056,0.019904,0.357223,0.005598,0.013795,0.000252,0.004195,0.006886,0.015528,0.0248,0.000584
32080,1065,25531,24466,24430,36,0,0,214,45.858196,0.0,32993.616662,1182.252449,2051.889355,1873.220963,3265.86,32080,45,74,40035840.0,9944772.8858,59822.4324,30183.3942,982.6333,249.0081,43.0002,0.0562,13,0.148357,0.962515,0.465477,0.517226,1.125267,0.438686,0.724417,0.272766,0.474105,0.054254,0.200737,0.324366,0.531319,0.46444,0.060031,0.07609,0.019289,0.013808,0.091266,0.020171,0.359782,0.005681,0.014113,0.000255,0.004261,0.00698,0.015753,0.024786,0.000601
32100,1063,25551,24488,24452,36,0,0,207,45.402627,0.0,32711.572873,1191.75145,2042.845923,1868.248004,3278.22,32100,45,74,40060800.0,9955195.8292,59901.1014,30220.0974,983.7945,249.0081,43.0397,0.0562,13,0.148636,0.962571,0.465559,0.516954,1.126884,0.438769,0.722507,0.272425,0.47448,0.054125,0.200816,0.3244,0.531053,0.463583,0.059982,0.075364,0.019372,0.013327,0.092645,0.019911,0.358744,0.005637,0.01416,0.000255,0.004268,0.006907,0.015735,0.024644,0.000598
32120,1047,25561,24514,24478,36,0,0,210,45.761124,0.0,32464.952856,1184.900651,2049.338224,1865.427211,3335.44,32120,45,74,40085760.0,9965630.9704,59980.4449,30245.7789,984.1601,249.0081,43.0397,0.0562,13,0.148997,0.959849,0.465093,0.517431,1.127848,0.439277,0.721065,0.272116,0.474972,0.054165,0.200128,0.325103,0.531901,0.464446,0.059823,0.075418,0.019305,0.01338,0.091724,0.020092,0.356798,0.005554,0.014112,0.000257,0.00406,0.006938,0.0157,0.024668,0.000579
32140,1042,25578,24536,24500,36,0,0,211,48.400532,0.0,32322.007135,1172.311729,2059.287738,1864.410029,3360.26,32140,45,74,40110720.0,9976066.7362,60059.3663,30264.1658,984.7153,249.0081,43.0397,0.0562,13,0.149712,0.955387,0.464503,0.519124,1.12959,0.438439,0.723031,0.271359,0.475384,0.054253,0.199879,0.324421,0.53205,0.464259,0.059896,0.074703,0.019017,0.013729,0.091534,0.019953,0.359228,0.00545,0.014261,0.000257,0.004072,0.006933,0.015708,0.024637,0.000581
32160,1035,25605,24570,24534,36,0,0,224,49.028836,0.0,32286.774319,1154.305411,2076.665753,1863.357851,3381.72,32160,45,74,40135680.0,9986510.2069,60138.5827,30285.5972,985.1204,249.0081,43.0397,0.0562,13,0.150725,0.956838,0.464777,0.518821,1.130147,0.437629,0.726316,0.270999,0.472884,0.054225,0.199108,0.323646,0.531464,0.465669,0.059972,0.075451,0.019172,0.013791,0.091535,0.020303,0.36038,0.005453,0.013893,0.00026,0.004078,0.006935,0.015868,0.024693,0.000598
32180,1040,25634,24594,24558,36,0,0,223,43.018013,0.0,32333.533426,1155.173561,2081.808426,1863.80586,3372.35,32180,45,74,40160640.0,9996952.3464,60216.5494,30313.9982,986.0785,249.0081,43.0397,0.0562,13,0.154808,0.954851,0.46385,0.518466,1.132907,0.438297,0.726787,0.270646,0.473634,0.054435,0.198095,0.324018,0.532481,0.466848,0.059953,0.07517,0.019356,0.013684,0.093178,0.020636,0.359226,0.005514,0.013651,0.000264,0.004058,0.007036,0.016023,0.024862,0.00059
32200,1037,25663,24626,24590,36,0,0,218,44.025552,0.0,32389.823622,1152.174016,2083.800432,1864.273197,3388.43,32200,45,74,40185600.0,10007408.0944,60293.5181,30347.68,987.1982,249.0081,43.0529,0.0562,13,0.15622,0.954401,0.462871,0.519285,1.133655,0.438442,0.732875,0.270451,0.47385,0.054593,0.198515,0.324229,0.533944,0.468839,0.060167,0.075394,0.019837,0.013862,0.094197,0.020885,0.360242,0.005628,0.014013,0.000268,0.00414,0.006968,0.016052,0.025438,0.0006
32220,1038,25695,24657,24621,36,0,0,225,46.169109,0.0,32460.993718,1144.503568,2089.327324,1865.245143,3387.6,32220,45,74,40210560.0,10017881.1865,60369.234,30379.3698,987.9371,249.0081,43.0782,0.0562,13,0.155106,0.951238,0.462457,0.520896,1.132943,0.438035,0.728613,0.271215,0.472744,0.054641,0.198474,0.324946,0.535188,0.470234,0.059717,0.074872,0.019961,0.014081,0.093404,0.020888,0.354458,0.005662,0.0135,0.000268,0.00418,0.006903,0.016077,0.025669,0.000599
32240,1039,25722,24683,24647,36,0,0,219,41.771038,0.0,32598.662159,1143.878844,2094.350118,1865.709686,3395.05,32240,45,74,40235520.0,10028362.6265,60444.5298,30409.277,988.6235,249.0081,43.0928,0.0562,13,0.155919,0.950454,0.462299,0.521718,1.132447,0.43705,0.735886,0.270933,0.471594,0.054593,0.198298,0.325376,0.535013,0.470434,0.059963,0.075416,0.020326,0.014413,0.094675,0.021072,0.361152,0.005734,0.013697,0.000272,0.004135,0.006919,0.016133,0.025958,0.000616
32260,1041,25749,24708,24672,36,0,0,218,42.974553,0.0,32752.105651,1147.74925,2089.276197,1867.141592,3398.1,32260,45,74,40260480.0,10038862.1625,60518.3031,30441.7185,989.1235,249.0081,43.0928,0.0562,13,0.15658,0.949971,0.46202,0.52191,1.132729,0.438438,0.72979,0.271392,0.472201,0.054681,0.198197,0.325494,0.535526,0.471171,0.059925,0.074971,0.020406,0.014481,0.094842,0.021255,0.34083,0.005824,0.013746,0.000271,0.004112,0.006859,0.016033,0.025941,0.000609
32280,1040,25778,24738,24702,36,0,0,226,46.832596,0.0,32860.605501,1148.136031,2085.031373,1868.158542,3381.75,32280,45,74,40285440.0,10049366.1532,60592.3078,30475.729,990.6744,249.0081,43.0937,0.0563,13,0.156731,0.94977,0.463004,0.521819,1.132317,0.43858,0.731104,0.271028,0.472781,0.054525,0.198491,0.325687,0.535902,0.471111,0.059984,0.074478,0.020845,0.014419,0.096442,0.021242,0.341225,0.005856,0.01374,0.00027,0.004122,0.006839,0.016331,0.026252,0.00061
32300,1051,25809,24758,24722,36,0,0,213,41.744756,0.0,32929.19792,1159.30629,2078.948954,1867.346778,3356.05,32300,45,74,40310400.0,10059880.9221,60668.4296,30508.7078,992.2944,249.0081,43.0966,0.0566,13,0.154139,0.950556,0.463547,0.52236,1.131194,0.438112,0.731745,0.271331,0.47235,0.05431,0.198602,0.326099,0.535638,0.470132,0.060218,0.074267,0.020888,0.015125,0.096598,0.021115,0.337081,0.005833,0.013813,0.000266,0.004109,0.006755,0.016478,0.026139,0.00062
32320,1061,25846,24785,24749,36,0,0,216,43.007098,0.0,32951.997113,1157.717134,2079.275768,1866.949864,3320.19,32320,45,74,40335360.0,10070409.2337,60744.9792,30539.3474,993.5342,249.0081,43.1074,0.0566,13,0.152686,0.948731,0.463302,0.523353,1.131417,0.438424,0.735566,0.271442,0.472056,0.054066,0.198895,0.325509,0.535397,0.468669,0.060358,0.074458,0.02109,0.015351,0.09639,0.021415,0.344768,0.005873,0.013897,0.000264,0.004175,0.006702,0.016526,0.026105,0.000633
32340,1057,25875,24818,24782,36,0,0,216,43.965478,0.0,32952.607006,1159.3257,2076.708822,1865.989532,3299.49,32340,45,74,40360320.0,10080933.9907,60821.9372,30576.8445,994.6061,249.0081,43.12,0.0566,13,0.152318,0.952647,0.464673,0.52334,1.127809,0.438957,0.733707,0.272032,0.472326,0.054081,0.199475,0.324685,0.533854,0.469078,0.060321,0.075682,0.020765,0.015266,0.095188,0.021605,0.341603,0.005928,0.014085,0.000265,0.00427,0.00671,0.016223,0.02606,0.000636
32360,1055,25900,24845,24809,36,0,0,214,42.994254,0.0,32978.396317,1164.733062,2072.272685,1863.04082,3303.46,32360,45,74,40385280.0,10091459.2787,60902.2067,30614.185,995.0733,249.0081,43.193,0.0566,13,0.152607,0.954474,0.464371,0.522009,1.128134,0.439549,0.732503,0.271777,0.472902,0.054065,0.199166,0.3252,0.533507,0.467974,0.060158,0.076659,0.020491,0.014937,0.094919,0.02133,0.342742,0.005818,0.014193,0.000264,0.004254,0.006729,0.0159,0.026003,0.000631
32380,1063,25931,24868,24831,37,0,0,216,42.276151,11.445603,32890.397571,1176.761873,2060.961976,1858.610364,3289.97,32380,45,74,40410240.0,10101982.8584,60987.1417,30650.1483,995.9493,249.0081,43.8632,0.0566,13,0.148636,0.956349,0.465581,0.521395,1.125434,0.439008,0.726659,0.271707,0.473025,0.053985,0.199582,0.324954,0.533569,0.465563,0.060374,0.076389,0.02071,0.014764,0.094152,0.021036,0.331071,0.005805,0.014225,0.000266,0.004399,0.006718,0.015792,0.025385,0.000634
32400,1058,25956,24898,24861,37,0,0,214,43.545608,0.0,32765.539468,1180.111713,2056.34268,1853.336862,3298.75,32400,45,74,40435200.0,10112494.8458,61076.4132,30687.3696,997.6893,256.4317,43.9317,0.0566,13,0.144612,0.958136,0.467429,0.520604,1.123278,0.4385,0.721905,0.272281,0.473354,0.053924,0.200292,0.323868,0.532569,0.464543,0.060582,0.075216,0.02096,0.014701,0.09222,0.020838,0.330981,0.005801,0.01425,0.000259,0.00444,0.006564,0.015444,0.025481,0.00063
32420,1049,25982,24933,24896,37,0,0,221,48.69256,0.0,32683.245299,1169.112306,2062.195134,1851.426912,3334.22,32420,45,74,40460160.0,10123005.7913,61165.5094,30717.6578,998.8025,256.4317,43.9317,0.0566,13,0.1449,0.959703,0.467628,0.519738,1.12294,0.43652,0.720658,0.272077,0.473453,0.054105,0.199822,0.323248,0.531555,0.465165,0.060287,0.074969,0.021123,0.014123,0.092427,0.020393,0.332584,0.005763,0.014186,0.000257,0.004454,0.006615,0.015521,0.025129,0.000617
32440,1042,26001,24959,24922,37,0,0,216,42.421146,0.0,32692.530942,1165.876322,2071.702532,1851.366435,3358.31,32440,45,74,40485120.0,10133515.2855,61252.5517,30748.3119,1000.3033,256.4317,43.9317,0.0566,13,0.146833,0.956298,0.466318,0.519725,1.124953,0.436735,0.716726,0.272841,0.47347,0.054189,0.199403,0.323279,0.533116,0.466056,0.060065,0.074646,0.02113,0.014038,0.094062,0.020505,0.315322,0.005824,0.014005,0.00026,0.004407,0.006569,0.015631,0.025284,0.000613
32460,1029,26016,24987,24950,37,0,0,216,45.625386,0.0,32751.120236,1158.173061,2076.201553,1851.949539,3399.76,32460,45,74,40510080.0,10144024.8358,61338.6342,30772.1255,1001.3843,256.4317,43.9317,0.0566,13,0.150632,0.956586,0.464241,0.519778,1.125672,0.439202,0.723704,0.273712,0.473542,0.054469,0.199287,0.32327,0.533738,0.466926,0.059978,0.076012,0.021024,0.014726,0.093492,0.020702,0.334545,0.006163,0.013988,0.000267,0.004934,0.006863,0.01575,0.025123,0.000607
32480,1035,26050,25015,24978,37,0,0,213,45.045833,0.0,32833.901637,1152.767772,2082.186395,1853.214303,3388.58,32480,45,74,40535040.0,10154534.1143,61422.7177,30796.6582,1002.3178,256.4317,43.9317,0.0566,13,0.149758,0.959425,0.463277,0.519391,1.123616,0.438587,0.726911,0.273802,0.47369,0.054608,0.199134,0.322865,0.533343,0.465836,0.059972,0.075833,0.020694,0.01479,0.094258,0.020535,0.349479,0.006181,0.014092,0.000267,0.004808,0.006811,0.015824,0.024748,0.000608
32500,1041,26083,25042,25005,37,0,0,214,40.764892,0.0,32951.803553,1151.896424,2087.338684,1854.567642,3370.92,32500,45,74,40560000.0,10165051.7876,61505.5617,30828.3798,1003.2305,256.4317,43.9317,0.0566,13,0.151777,0.958205,0.463536,0.520005,1.128489,0.438387,0.730812,0.273007,0.474028,0.054662,0.19926,0.323405,0.533183,0.465463,0.060161,0.07626,0.020792,0.015199,0.093808,0.020574,0.349604,0.006112,0.014444,0.000268,0.004813,0.006902,0.015899,0.024779,0.000604
32520,1045,26108,25063,25026,37,0,0,208,41.206138,0.0,33029.89321,1157.892236,2080.901626,1855.432313,3367.05,32520,45,74,40584960.0,10175569.3734,61587.7311,30861.4626,1004.7759,256.4317,43.9317,0.0566,13,0.152153,0.954867,0.463273,0.520882,1.129402,0.438386,0.737346,0.273055,0.473792,0.05459,0.199296,0.323389,0.532101,0.466443,0.060396,0.075247,0.020566,0.015268,0.093278,0.020833,0.363389,0.006076,0.014625,0.000267,0.004806,0.006914,0.015758,0.025074,0.00061
32540,1049,26135,25086,25049,37,0,0,212,44.230946,0.0,33039.414743,1162.332801,2073.436253,1854.749994,3361.25,32540,45,74,40609920.0,10186079.018,61670.9363,30894.6985,1005.4737,256.4317,43.9832,0.0566,13,0.15348,0.952327,0.463669,0.520611,1.132017,0.438455,0.739041,0.272349,0.473251,0.054544,0.19927,0.323857,0.531701,0.466911,0.060062,0.07441,0.02103,0.015035,0.095744,0.021114,0.365228,0.006086,0.014529,0.000266,0.004778,0.006911,0.015781,0.025096,0.000607
32560,1061,26172,25111,25074,37,0,0,210,41.860756,0.0,32972.025684,1169.443828,2068.695416,1856.11749,3336.02,32560,45,74,40634880.0,10196585.6444,61751.7055,30929.5082,1006.5594,256.4317,43.9832,0.0566,13,0.152686,0.952808,0.463604,0.520518,1.130256,0.436052,0.742686,0.272745,0.472833,0.054527,0.199504,0.324081,0.531112,0.468427,0.060335,0.074044,0.020806,0.015148,0.095456,0.020882,0.379386,0.006182,0.014753,0.000267,0.0048,0.00692,0.015715,0.025264,0.000617
32580,1060,26190,25130,25093,37,0,0,202,39.244176,0.0,32879.735533,1181.135197,2059.620626,1858.659997,3353.44,32580,45,74,40659840.0,10207090.8312,61829.8689,30961.6006,1008.044,256.4317,43.9979,0.0566,13,0.154717,0.952743,0.463411,0.520982,1.131207,0.436352,0.745079,0.272714,0.471564,0.054432,0.199266,0.324022,0.531987,0.469039,0.060224,0.076102,0.021101,0.015139,0.096164,0.020719,0.378405,0.006197,0.014415,0.000263,0.004793,0.006929,0.015733,0.025261,0.000609
32600,1060,26212,25152,25115,37,0,0,201,38.257998,0.0,32763.93527,1179.882505,2061.859497,1861.149872,3346.18,32600,45,74,40684800.0,10217598.8134,61906.087,30987.4605,1009.0521,256.4317,44.1549,0.0566,13,0.153774,0.951422,0.463468,0.519272,1.131105,0.436539,0.743966,0.272925,0.47099,0.054411,0.199133,0.324234,0.532301,0.469683,0.059814,0.074951,0.020989,0.014643,0.096943,0.020659,0.376319,0.006134,0.01443,0.000263,0.004756,0.006848,0.01559,0.025266,0.000608
32620,1056,26242,25186,25149,37,0,0,205,45.115277,0.0,32646.940528,1167.840076,2067.044647,1861.260496,3367.51,32620,45,74,40709760.0,10228115.5846,61983.266,31015.9903,1010.2566,256.4317,44.1563,0.0566,13,0.152462,0.953056,0.464437,0.519686,1.129139,0.43573,0.745142,0.273456,0.470735,0.054326,0.199647,0.323564,0.531946,0.469524,0.059744,0.075324,0.021425,0.014796,0.097634,0.020556,0.386975,0.006151,0.01433,0.000257,0.004801,0.006937,0.015547,0.025426,0.000595
32640,1048,26261,25213,25176,37,0,0,206,45.88613,0.0,32626.550191,1164.06585,2070.048021,1861.843413,3392.9,32640,45,74,40734720.0,10238642.102,62059.0036,31044.9083,1011.1446,256.4317,44.1563,0.0566,13,0.152672,0.950579,0.463442,0.519365,1.128596,0.434017,0.741154,0.273733,0.47083,0.054283,0.200012,0.324906,0.532707,0.46909,0.059636,0.074915,0.021233,0.014804,0.098738,0.020345,0.372122,0.006177,0.014422,0.000258,0.004708,0.006922,0.015638,0.025532,0.000591
32660,1039,26285,25246,25209,37,0,0,210,43.2523,0.0,32745.907392,1151.40894,2085.33876,1863.952906,3425.99,32660,45,74,40759680.0,10249175.4754,62131.6315,31071.4235,1012.3718,256.4317,44.1563,0.0566,13,0.153032,0.95113,0.462176,0.521456,1.1286,0.433933,0.742052,0.273353,0.470791,0.05435,0.200094,0.325259,0.533938,0.469823,0.05977,0.075994,0.020839,0.015443,0.098733,0.020718,0.373671,0.00623,0.014497,0.00026,0.004944,0.006822,0.016267,0.025811,0.000601
32680,1053,26316,25263,25226,37,0,0,211,43.669633,0.0,32844.721685,1160.16763,2076.162737,1864.326017,3392.33,32680,45,74,40784640.0,10259715.8474,62205.2104,31100.7455,1012.711,256.4317,44.1563,0.0566,13,0.154796,0.95215,0.461045,0.521344,1.129477,0.434875,0.739538,0.272617,0.471502,0.054347,0.19912,0.325366,0.535926,0.470116,0.0596,0.077427,0.020946,0.015252,0.099617,0.020956,0.358308,0.006173,0.014497,0.000261,0.004904,0.00684,0.016296,0.025559,0.000597
32700,1050,26344,25294,25257,37,0,0,221,51.524561,0.0,32893.649495,1158.474354,2070.001085,1865.300951,3409.04,32700,45,74,40809600.0,10270290.4499,62278.6908,31135.8291,1013.7106,256.4317,44.1563,0.0566,13,0.15619,0.952174,0.462358,0.520907,1.130133,0.435247,0.741476,0.272288,0.47125,0.054364,0.199006,0.324457,0.534073,0.468947,0.059733,0.077187,0.021324,0.015415,0.099629,0.020942,0.360141,0.006211,0.014239,0.00026,0.004906,0.006878,0.016162,0.025457,0.00059
32720,1055,26376,25321,25284,37,0,0,228,51.745436,0.0,32930.109231,1165.08644,2063.168124,1865.8837,3402.09,32720,46,74,40834560.0,10280877.8363,62352.2746,31174.2389,1014.5769,256.4317,44.1563,0.0566,13,0.150711,0.952751,0.463457,0.521202,1.127573,0.436465,0.74256,0.272057,0.471277,0.054129,0.20035,0.323888,0.53356,0.467897,0.060116,0.076404,0.021036,0.015584,0.098647,0.021078,0.374929,0.006215,0.014392,0.000256,0.005082,0.006833,0.016076,0.025587,0.000598
32740,1061,26408,25347,25310,37,0,0,227,48.3571,0.0,32940.140951,1169.336498,2062.306402,1863.575136,3366.51,32740,46,74,40859520.0,10291465.7326,62429.7348,31208.884,1015.4959,256.4317,44.1563,0.0566,13,0.152686,0.953693,0.463217,0.521722,1.126615,0.437818,0.73526,0.271693,0.472283,0.054023,0.200264,0.324208,0.534926,0.467158,0.060086,0.077154,0.020904,0.01539,0.099328,0.021162,0.357427,0.006272,0.014258,0.000258,0.005083,0.006763,0.016013,0.025813,0.000609
32760,1053,26427,25374,25337,37,0,0,226,51.523438,0.0,32960.259484,1174.97187,2053.504692,1861.627686,3399.05,32760,46,74,40884480.0,10302065.616,62508.8774,31243.7233,1015.9554,256.4317,44.1563,0.0566,13,0.150997,0.954557,0.463227,0.521256,1.125612,0.437401,0.735383,0.271445,0.472412,0.053917,0.200077,0.324623,0.534583,0.465434,0.059962,0.076217,0.020245,0.014471,0.098937,0.020752,0.360648,0.00589,0.014172,0.000255,0.004365,0.006776,0.016015,0.025392,0.00059
32780,1058,26451,25393,25356,37,0,0,223,48.104976,0.0,32960.77004,1181.17029,2050.724734,1859.789836,3398.0,32780,46,74,40909440.0,10312681.7239,62589.5292,31271.6966,1016.6127,256.4317,44.274,0.0566,13,0.153119,0.954378,0.462307,0.522473,1.124273,0.43691,0.743741,0.271012,0.471795,0.054078,0.200107,0.324175,0.534175,0.467052,0.060175,0.07706,0.020376,0.014728,0.099221,0.020831,0.375312,0.005933,0.014196,0.000257,0.004432,0.006798,0.016032,0.025613,0.000591
32800,1057,26481,25424,25387,37,0,0,226,47.990611,0.0,32939.882895,1173.250866,2058.758523,1860.896163,3407.07,32800,46,74,40934400.0,10323303.597,62667.9841,31301.9861,1018.0166,256.4317,44.2762,0.0566,13,0.155156,0.953771,0.462849,0.522456,1.126834,0.436756,0.743122,0.271344,0.472012,0.05414,0.199604,0.32414,0.535187,0.467476,0.060127,0.076986,0.020275,0.014649,0.100528,0.020565,0.375987,0.005941,0.014,0.000255,0.004417,0.006912,0.0163,0.025405,0.000596
32820,1064,26507,25443,25406,37,0,0,213,43.386105,0.0,32941.406265,1179.341921,2057.271975,1865.414152,3390.91,32820,46,74,40959360.0,10333933.9711,62741.0983,31332.192,1019.0748,256.4317,44.2807,0.0566,13,0.157895,0.949278,0.46212,0.523394,1.127056,0.437846,0.74782,0.271102,0.47226,0.05415,0.200285,0.324663,0.534302,0.469871,0.060349,0.076578,0.020344,0.014795,0.100878,0.020547,0.376054,0.006013,0.013967,0.000265,0.004616,0.006957,0.016622,0.026194,0.000627
32840,1064,26533,25469,25432,37,0,0,216,45.544213,0.0,32923.193136,1176.587828,2057.867959,1867.562272,3397.44,32840,47,74,40984320.0,10344570.6099,62814.6615,31361.3178,1020.3705,256.4317,44.3271,0.0597,13,0.162594,0.946589,0.460726,0.523224,1.131258,0.438924,0.751286,0.26984,0.472996,0.05425,0.199625,0.325735,0.534813,0.471133,0.060208,0.076511,0.020616,0.014378,0.101059,0.020644,0.369372,0.005874,0.01387,0.000263,0.004434,0.007163,0.016889,0.026407,0.000608
32860,1060,26556,25496,25459,37,0,0,214,43.586566,0.0,32972.766301,1170.930539,2065.482895,1868.953799,3406.08,32860,47,74,41009280.0,10355211.1928,62888.1858,31386.7663,1021.8612,256.4317,44.3328,0.0597,13,0.163208,0.94517,0.460909,0.524591,1.129069,0.438931,0.763561,0.270598,0.471329,0.054204,0.199673,0.325639,0.533999,0.472837,0.060526,0.077321,0.021112,0.016077,0.10248,0.020765,0.402945,0.006072,0.014076,0.000266,0.004604,0.007208,0.017096,0.026789,0.000625
32880,1067,26587,25520,25483,37,0,0,210,44.136519,0.0,33058.898827,1166.457983,2069.405499,1870.109958,3390.93,32880,47,74,41034240.0,10365861.4654,62960.9019,31413.8639,1022.4242,256.4317,44.3777,0.0597,13,0.163074,0.942817,0.461684,0.523615,1.131174,0.439825,0.761456,0.270996,0.471997,0.054358,0.199661,0.325943,0.533197,0.472134,0.060309,0.076136,0.021108,0.015807,0.102322,0.020758,0.402433,0.00612,0.013896,0.000272,0.004556,0.007155,0.016941,0.026701,0.000621
32900,1068,26613,25545,25508,37,0,0,207,46.023388,0.0,33119.142899,1167.586556,2066.390056,1872.033672,3400.59,32900,48,74,41059200.0,10376517.4144,63031.8567,31445.4671,1023.6148,256.4317,44.7295,0.0597,13,0.164794,0.942282,0.4605,0.522141,1.13138,0.440073,0.76234,0.271521,0.471219,0.054551,0.198734,0.32656,0.534049,0.473109,0.060393,0.077574,0.021069,0.015647,0.101651,0.020884,0.389351,0.006149,0.013906,0.000275,0.004504,0.007153,0.016945,0.026848,0.00063
32920,1064,26637,25573,25536,37,0,0,203,42.584719,0.0,33193.129606,1166.53621,2070.87907,1873.642579,3408.44,32920,48,74,41084160.0,10387174.9608,63101.5817,31476.9847,1024.9054,256.4317,44.9313,0.0597,13,0.165414,0.940399,0.459918,0.52169,1.133652,0.440167,0.76736,0.271071,0.471502,0.054544,0.198736,0.32631,0.534657,0.473745,0.060492,0.078119,0.021353,0.01576,0.102361,0.02089,0.394446,0.006162,0.014066,0.000278,0.00452,0.007164,0.017061,0.02698,0.000632
32940,1061,26662,25601,25564,37,0,0,206,44.685292,0.0,33275.138613,1163.601778,2071.71293,1874.312035,3424.49,32940,48,74,41109120.0,10397832.48,63171.1846,31504.0443,1025.9223,256.4317,44.9558,0.0597,13,0.164939,0.941733,0.459415,0.521528,1.130234,0.439287,0.768772,0.270446,0.470061,0.054594,0.198746,0.32631,0.534289,0.473136,0.06065,0.078128,0.021024,0.015835,0.099165,0.020881,0.398032,0.006061,0.014126,0.000281,0.004501,0.007173,0.016907,0.027089,0.000629
32960,1067,26685,25618,25581,37,0,0,203,41.408556,0.0,33348.71497,1173.757786,2064.833659,1873.84052,3417.91,32960,49,74,41134080.0,10408489.4769,63241.8165,31532.314,1027.1821,256.4317,44.9558,0.0597,13,0.166823,0.942414,0.459921,0.521251,1.12973,0.439888,0.768024,0.269667,0.471161,0.054611,0.198544,0.32538,0.533457,0.475421,0.060449,0.078326,0.021151,0.015913,0.098825,0.020791,0.401987,0.006075,0.01439,0.00028,0.004422,0.00707,0.016368,0.027566,0.000622
32980,1072,26716,25644,25607,37,0,0,211,48.308079,0.0,33346.424004,1173.523394,2058.168528,1873.177092,3408.23,32980,49,74,41159040.0,10419146.5724,63312.7477,31562.2164,1027.7726,256.4317,44.9558,0.0597,13,0.165112,0.942924,0.460513,0.521422,1.126572,0.438484,0.76794,0.270142,0.47218,0.054607,0.198525,0.32521,0.533569,0.475833,0.060672,0.078325,0.021365,0.016566,0.097109,0.020829,0.395783,0.00613,0.014779,0.000281,0.004496,0.007036,0.016799,0.027364,0.000628
33000,1074,26747,25673,25635,38,0,0,214,45.769884,20.155348,33317.358304,1174.046663,2060.183453,1873.973113,3404.95,33000,49,74,41184000.0,10429789.2511,63382.2831,31596.0032,1030.2504,271.7063,44.9558,0.0597,13,0.165736,0.945105,0.460443,0.52085,1.128971,0.438597,0.761751,0.270076,0.473848,0.054602,0.19875,0.326352,0.533594,0.473023,0.060631,0.078199,0.021352,0.016244,0.09787,0.020923,0.390699,0.006158,0.014923,0.00028,0.004431,0.007034,0.016852,0.027205,0.000618
33020,1073,26768,25695,25657,38,0,0,216,46.581333,0.0,33244.427061,1182.232644,2051.186023,1870.409606,3422.82,33020,49,74,41208960.0,10440427.518,63457.906,31630.8338,1031.4184,284.9385,44.9558,0.0597,13,0.167754,0.944462,0.459935,0.521233,1.130209,0.438753,0.763798,0.270453,0.473779,0.054728,0.198539,0.326053,0.533309,0.47387,0.060628,0.078232,0.021434,0.016314,0.09894,0.020999,0.389349,0.006179,0.014891,0.000282,0.004419,0.007047,0.016851,0.027275,0.00062
33040,1073,26796,25723,25685,38,0,0,219,45.100791,0.0,33150.852496,1181.043015,2053.856194,1867.080108,3431.81,33040,49,74,41233920.0,10451055.1588,63536.3855,31661.074,1032.6413,284.9385,44.9558,0.0597,13,0.167754,0.944199,0.459754,0.521572,1.130354,0.438789,0.765417,0.270229,0.472754,0.054704,0.198652,0.325585,0.53432,0.47335,0.060616,0.07851,0.021663,0.016419,0.099068,0.021101,0.390944,0.006187,0.01477,0.000281,0.004411,0.00702,0.016607,0.027312,0.000617
33060,1069,26823,25754,25716,38,0,0,224,50.818392,0.0,33082.35202,1175.529633,2053.651975,1865.182153,3416.29,33060,49,74,41258880.0,10461695.3921,63615.5,31692.0269,1033.6765,284.9385,44.9558,0.0597,13,0.163704,0.943623,0.460723,0.522987,1.128185,0.437509,0.76715,0.270968,0.472831,0.054541,0.199677,0.325604,0.53331,0.472303,0.060855,0.077308,0.02174,0.017803,0.099451,0.021032,0.404445,0.006177,0.014988,0.000279,0.005001,0.00704,0.016817,0.026629,0.000657
33080,1073,26854,25781,25743,38,0,0,225,50.861618,0.0,33050.41807,1176.160421,2052.977962,1865.481591,3411.73,33080,49,74,41283840.0,10472331.1309,63692.9854,31724.3387,1035.3043,284.9385,45.2383,0.0597,13,0.164026,0.943645,0.461053,0.522522,1.130402,0.436941,0.767097,0.271306,0.473501,0.054468,0.199445,0.326085,0.533604,0.471247,0.06093,0.076565,0.021814,0.017699,0.099616,0.021066,0.405548,0.006287,0.014942,0.00028,0.004958,0.007099,0.017016,0.026464,0.000653
33100,1077,26881,25804,25765,39,0,0,225,51.6595,0.0,32981.825423,1180.189799,2048.150701,1865.277464,3408.66,33100,49,74,41308800.0,10482967.773,63770.7062,31754.3166,1035.9732,289.4669,45.415,0.0597,13,0.159703,0.947181,0.462068,0.523474,1.125902,0.435469,0.768697,0.271186,0.473341,0.054309,0.200771,0.325883,0.532802,0.468956,0.0612,0.075402,0.021714,0.018223,0.099733,0.021228,0.420657,0.006264,0.015156,0.000281,0.005247,0.007045,0.017036,0.026422,0.000672
33120,1072,26903,25831,25792,39,0,0,222,54.292407,0.0,32904.608898,1181.661877,2044.045716,1864.395885,3426.47,33120,49,74,41333760.0,10493609.7729,63849.4235,31785.9387,1037.2405,289.4669,45.4367,0.0597,13,0.159515,0.947675,0.461522,0.523752,1.124634,0.435797,0.764126,0.271487,0.47298,0.054436,0.200476,0.324738,0.532267,0.46966,0.06108,0.075641,0.021696,0.018329,0.099643,0.021093,0.410415,0.006258,0.015028,0.000282,0.005225,0.007048,0.01691,0.02626,0.000667
33140,1079,26935,25856,25817,39,0,0,219,49.001751,0.0,32839.560592,1182.933689,2048.064559,1863.03847,3412.89,33140,49,74,41358720.0,10504256.5464,63929.5305,31816.5174,1038.4514,289.4669,45.4584,0.0597,13,0.15848,0.947233,0.462038,0.524173,1.126276,0.436032,0.762685,0.27229,0.472472,0.05433,0.199926,0.325431,0.532398,0.469029,0.061064,0.074578,0.022369,0.017878,0.100632,0.021007,0.408414,0.006227,0.015073,0.000278,0.004986,0.007132,0.01688,0.026097,0.000658
33160,1075,26964,25889,25850,39,0,0,223,53.613322,0.0,32719.93209,1182.001893,2044.384785,1863.502818,3428.59,33160,49,74,41383680.0,10514896.5761,64008.7717,31853.035,1040.2608,289.4669,45.4802,0.0597,13,0.16,0.946804,0.462356,0.524444,1.129097,0.436265,0.756469,0.273587,0.471319,0.054298,0.198884,0.324566,0.532585,0.469148,0.060592,0.073735,0.022163,0.017823,0.100722,0.020576,0.400013,0.006245,0.014696,0.000273,0.004734,0.007064,0.016422,0.026018,0.000638
33180,1069,26992,25923,25884,39,0,0,230,55.937678,0.0,32660.7597,1172.814208,2051.248114,1868.59154,3444.26,33180,49,74,41408640.0,10525533.1031,64080.4529,31885.5614,1042.0453,289.4669,45.5019,0.0597,13,0.160898,0.943898,0.460924,0.524803,1.128818,0.437507,0.759179,0.272934,0.471594,0.054271,0.198802,0.325217,0.532786,0.471187,0.060615,0.074037,0.022203,0.017836,0.101145,0.021028,0.401652,0.006204,0.014752,0.000276,0.004731,0.007075,0.016476,0.02637,0.000645
33200,1069,27023,25954,25915,39,0,0,234,53.31761,0.0,32648.214539,1167.921856,2058.760534,1870.746841,3453.29,33200,49,74,41433600.0,10536179.4165,64152.1309,31918.7691,1043.5382,289.4669,45.632,0.0597,13,0.162769,0.943035,0.460989,0.524138,1.129159,0.43643,0.762159,0.272869,0.471812,0.054496,0.199068,0.325477,0.532109,0.473101,0.060656,0.073779,0.022245,0.018029,0.101957,0.021073,0.408995,0.006182,0.014953,0.000283,0.004743,0.007071,0.016474,0.026857,0.000648
33220,1070,27051,25981,25942,39,0,0,231,50.416578,0.0,32650.591996,1172.384806,2057.198616,1871.62435,3455.15,33220,49,74,41458560.0,10546832.4814,64223.809,31954.7346,1044.6697,289.4669,45.638,0.0597,13,0.161682,0.943945,0.461577,0.524141,1.12652,0.435954,0.75641,0.273372,0.47226,0.0546,0.198746,0.325282,0.532581,0.4724,0.060249,0.072494,0.022022,0.017934,0.101473,0.020951,0.399325,0.006159,0.014883,0.000279,0.004566,0.007068,0.016533,0.02652,0.000631
33240,1071,27081,26010,25971,39,0,0,234,50.657411,0.0,32624.83496,1173.191718,2056.150871,1871.513554,3453.36,33240,49,74,41483520.0,10557484.9032,64296.0587,31987.4962,1045.7364,289.4669,45.638,0.0597,13,0.162465,0.948335,0.460054,0.523724,1.12257,0.43657,0.758679,0.272993,0.470567,0.054531,0.198974,0.325692,0.532395,0.471873,0.060264,0.073764,0.021379,0.017926,0.101864,0.021082,0.404232,0.006169,0.015121,0.000278,0.004703,0.007104,0.016681,0.026477,0.000628
33260,1065,27100,26035,25996,39,0,0,240,51.502341,0.0,32607.889447,1177.867949,2050.62971,1870.008504,3472.35,33260,49,74,41508480.0,10568138.1784,64370.3587,32020.8259,1047.3214,289.4669,45.6395,0.0597,13,0.162441,0.94748,0.460075,0.523934,1.121645,0.436608,0.757215,0.272371,0.469633,0.05435,0.198953,0.325595,0.532439,0.472058,0.059986,0.074233,0.021401,0.018008,0.101347,0.021133,0.399493,0.006137,0.015043,0.000276,0.004668,0.007019,0.016698,0.026443,0.000618
33280,1070,27125,26055,26016,39,0,0,238,50.32363,0.0,32554.190637,1182.576802,2047.099568,1868.414551,3433.8,33280,49,74,41533440.0,10578790.6337,64446.1595,32049.0387,1048.7916,289.4669,45.6517,0.0597,13,0.162617,0.948908,0.459521,0.524223,1.124197,0.436204,0.76128,0.27278,0.467492,0.054374,0.198525,0.325218,0.533103,0.472939,0.060092,0.075121,0.02135,0.018038,0.101412,0.021125,0.39964,0.006203,0.014974,0.000275,0.004685,0.007202,0.016645,0.026323,0.000619
33300,1069,27148,26079,26040,39,0,0,226,44.907667,0.0,32486.936581,1185.417112,2049.675221,1867.616758,3446.41,33300,49,74,41558400.0,10589447.661,64522.3037,32077.2564,1050.1977,289.4669,45.6521,0.0597,13,0.162769,0.948474,0.4601,0.523555,1.126741,0.436511,0.757263,0.272413,0.46825,0.054433,0.198587,0.325325,0.532254,0.472393,0.060129,0.074929,0.021497,0.016542,0.100119,0.021125,0.369791,0.006081,0.015181,0.000279,0.004502,0.007141,0.016625,0.026614,0.000615
33320,1072,27177,26105,26066,39,0,0,219,45.166401,0.0,32432.579801,1183.000254,2051.833346,1867.827184,3427.25,33320,49,74,41583360.0,10600114.1308,64598.0072,32104.7867,1051.2117,289.4669,45.6521,0.0597,13,0.163246,0.949815,0.460858,0.523869,1.127612,0.434884,0.762247,0.272935,0.467035,0.054559,0.198804,0.325237,0.532472,0.471919,0.060237,0.075378,0.021624,0.016817,0.101255,0.020773,0.381295,0.006138,0.0154,0.000274,0.004551,0.007154,0.017024,0.026189,0.000618
33340,1065,27201,26136,26097,39,0,0,227,48.471916,0.0,32437.99677,1173.550386,2057.977698,1869.243058,3434.04,33340,49,74,41608320.0,10610797.2951,64672.5216,32132.1816,1053.5983,289.4669,45.6915,0.0597,13,0.164319,0.947228,0.460134,0.522552,1.124182,0.43529,0.763227,0.272042,0.468272,0.054508,0.199876,0.325299,0.532503,0.472417,0.060322,0.074582,0.021442,0.01658,0.100963,0.02091,0.38588,0.00614,0.015516,0.000283,0.004725,0.007132,0.016703,0.026723,0.000636
33360,1060,27222,26162,26123,39,0,0,222,44.992268,0.0,32513.981356,1169.924551,2065.083181,1870.728119,3453.15,33360,49,74,41633280.0,10621475.0597,64745.8237,32159.0473,1054.6842,289.4669,46.1257,0.0597,13,0.166981,0.94463,0.458272,0.523178,1.125714,0.436471,0.770513,0.271299,0.467929,0.054554,0.199604,0.325678,0.532308,0.472634,0.060669,0.07522,0.021427,0.016607,0.101611,0.02102,0.391805,0.0061,0.015548,0.000288,0.004739,0.007145,0.01671,0.026633,0.000638
33380,1059,27244,26185,26146,39,0,0,223,43.143692,0.0,32627.161554,1172.519329,2064.336979,1870.869601,3461.26,33380,49,74,41658240.0,10632158.0478,64819.9641,32186.7554,1056.0098,289.4669,47.0416,0.0597,13,0.168083,0.944943,0.458175,0.524047,1.128455,0.436833,0.770956,0.271606,0.468729,0.054618,0.199939,0.324951,0.532622,0.472589,0.060873,0.075082,0.021577,0.017177,0.102117,0.021051,0.390363,0.00625,0.015889,0.000291,0.004766,0.007084,0.01698,0.026631,0.000639
33400,1063,27268,26205,26165,40,0,0,219,43.242014,0.0,32709.499595,1175.923582,2060.834405,1871.099594,3459.94,33400,49,74,41683200.0,10642853.708,64893.9974,32211.787,1057.3855,296.9796,47.6829,0.0597,13,0.167451,0.944784,0.457724,0.524201,1.126553,0.437897,0.771824,0.271815,0.468357,0.054697,0.200356,0.324855,0.531652,0.473299,0.060816,0.074283,0.021807,0.017014,0.10193,0.021113,0.390061,0.006261,0.015731,0.000292,0.00476,0.006978,0.016972,0.026881,0.000635
33420,1060,27295,26235,26195,40,0,0,217,44.345386,0.0,32784.727438,1167.106504,2068.54811,1872.843757,3475.71,33420,49,74,41708160.0,10653552.3751,64965.7409,32236.4707,1058.5086,296.9796,48.2287,0.0597,13,0.167925,0.944766,0.457798,0.524658,1.128425,0.438416,0.775522,0.271618,0.469949,0.05463,0.20024,0.325214,0.532196,0.474094,0.060954,0.074904,0.022071,0.017215,0.10149,0.02109,0.39177,0.006308,0.015891,0.000292,0.004754,0.007023,0.017369,0.026851,0.000634
33440,1058,27322,26264,26223,41,0,0,220,46.607279,11.141539,32884.318893,1162.361954,2071.030767,1873.840026,3489.86,33440,49,74,41733120.0,10664262.0402,65036.892,32264.5623,1060.5331,299.3094,48.6618,0.0597,13,0.170132,0.943111,0.455544,0.524864,1.12882,0.438993,0.781681,0.270733,0.468664,0.054659,0.199983,0.325818,0.53315,0.475252,0.061024,0.075326,0.021921,0.017174,0.100793,0.021171,0.395163,0.006205,0.01593,0.000295,0.004989,0.007085,0.017641,0.027033,0.000637
33460,1063,27350,26287,26246,41,0,0,221,43.156589,0.0,32960.321674,1169.971634,2066.871777,1876.334961,3481.16,33460,49,74,41758080.0,10674972.9938,65105.2067,32297.1908,1062.1598,306.2286,48.7402,0.0597,13,0.170273,0.944593,0.456741,0.524359,1.129052,0.439601,0.775378,0.270989,0.469618,0.054708,0.198817,0.325713,0.533028,0.474378,0.060741,0.07525,0.022305,0.016417,0.100004,0.021095,0.378014,0.006112,0.015673,0.000294,0.004631,0.007107,0.017001,0.026796,0.000608
33480,1057,27373,26316,26275,41,0,0,223,50.664969,0.0,33043.883046,1165.26859,2064.066442,1876.988843,3505.84,33480,49,74,41783040.0,10685685.0579,65173.9466,32327.7227,1063.1342,306.2286,48.9969,0.0597,13,0.171239,0.943932,0.45578,0.523604,1.128695,0.438994,0.780882,0.27035,0.46978,0.054694,0.198714,0.326275,0.532418,0.473788,0.060919,0.076196,0.022032,0.016287,0.100403,0.021341,0.39172,0.006067,0.015587,0.000302,0.004675,0.007057,0.016758,0.026908,0.000618
33500,1058,27401,26343,26302,41,0,0,220,47.235428,0.0,33187.323747,1162.183317,2070.581254,1877.944703,3472.42,33500,49,74,41808000.0,10696402.3934,65241.8782,32355.8276,1065.3951,306.2286,49.1352,0.0597,13,0.173913,0.943482,0.454943,0.524735,1.131375,0.439309,0.779191,0.270317,0.46987,0.054743,0.19882,0.326686,0.53251,0.475322,0.061034,0.077383,0.022273,0.016502,0.10149,0.021369,0.391395,0.006122,0.015521,0.000302,0.004679,0.007078,0.016618,0.026866,0.000625
33520,1068,27430,26362,26321,41,0,0,222,44.14583,0.0,33298.039825,1172.389024,2063.465146,1878.183206,3446.91,33520,49,74,41832960.0,10707121.857,65309.8822,32387.9976,1066.1813,306.2286,49.1428,0.0597,13,0.173221,0.943856,0.457198,0.524419,1.133322,0.438837,0.774778,0.270102,0.470468,0.054643,0.198496,0.326234,0.532913,0.475155,0.060891,0.077646,0.022769,0.016595,0.101015,0.021469,0.374573,0.006082,0.015622,0.000299,0.004654,0.007072,0.016977,0.026779,0.000622
33540,1065,27461,26396,26355,41,0,0,225,47.044096,0.0,33401.946279,1167.044647,2065.911257,1880.870381,3453.41,33540,49,74,41857920.0,10717850.1659,65374.5729,32419.6207,1067.65,306.2286,49.5444,0.0597,13,0.170892,0.944095,0.457188,0.523949,1.134306,0.439434,0.767474,0.270451,0.471377,0.054673,0.198467,0.326234,0.532683,0.475133,0.060675,0.077359,0.022308,0.016375,0.10017,0.021433,0.366853,0.006117,0.01538,0.000304,0.004626,0.007094,0.016641,0.026995,0.000606
33560,1069,27484,26415,26373,42,0,0,221,47.290373,0.0,33469.468753,1177.844215,2054.865412,1883.174833,3449.09,33560,49,74,41882880.0,10728600.5033,65437.3123,32451.4302,1068.0713,316.2887,50.098,0.0597,13,0.173059,0.942558,0.455972,0.522672,1.136326,0.43964,0.767936,0.27033,0.472409,0.05442,0.197909,0.327043,0.534631,0.474588,0.060779,0.078836,0.022421,0.015996,0.10114,0.021701,0.361069,0.006281,0.015228,0.0003,0.004546,0.00718,0.017285,0.027019,0.000617
33580,1076,27512,26436,26394,42,0,0,219,46.640366,0.0,33522.439728,1182.090885,2051.268749,1883.937029,3434.47,33580,49,74,41907840.0,10739380.2592,65500.3336,32480.4916,1068.8286,316.2887,50.098,0.0597,13,0.173792,0.941022,0.455194,0.524532,1.135302,0.440219,0.774793,0.270597,0.471599,0.054414,0.199057,0.327289,0.534716,0.475643,0.060956,0.07897,0.022484,0.016328,0.101838,0.021877,0.385674,0.006352,0.015302,0.000304,0.005053,0.007254,0.017591,0.027179,0.000644
33600,1083,27546,26463,26421,42,0,0,220,44.905137,0.0,33568.245387,1180.700401,2054.394462,1882.849473,3422.42,33600,49,74,41932800.0,10750174.4753,65565.1409,32510.6669,1069.315,316.2887,50.098,0.0597,13,0.169898,0.945543,0.456186,0.524706,1.1323,0.438284,0.769665,0.270925,0.472203,0.054255,0.199114,0.326882,0.535267,0.474527,0.060813,0.080318,0.022284,0.016433,0.09922,0.021699,0.379705,0.006396,0.015192,0.000301,0.005037,0.00732,0.017501,0.026833,0.000639
33620,1063,27565,26502,26460,42,0,0,236,48.985283,0.0,33703.192495,1170.489519,2060.525199,1875.927736,3487.2,33620,49,74,41957760.0,10760972.8358,65638.4938,32545.1487,1070.8447,316.2887,50.098,0.0597,13,0.168391,0.946816,0.456421,0.525236,1.129795,0.437448,0.767007,0.271073,0.471152,0.054267,0.199002,0.326756,0.535619,0.474813,0.060667,0.080367,0.022305,0.016446,0.099114,0.021587,0.381957,0.006407,0.015167,0.000288,0.005085,0.007407,0.017772,0.026491,0.000635
33640,1068,27599,26531,26488,43,0,0,236,49.722527,22.754729,33824.156313,1172.10093,2058.176544,1866.091482,3471.82,33640,49,74,41982720.0,10771773.6043,65720.6086,32579.3359,1071.271,330.9034,50.1181,0.0597,13,0.166667,0.949139,0.456651,0.523856,1.130809,0.438916,0.762505,0.270834,0.472649,0.054199,0.199158,0.326478,0.534806,0.472172,0.06056,0.080297,0.021925,0.016281,0.099986,0.021599,0.372103,0.006411,0.015422,0.000288,0.004851,0.007224,0.017269,0.026412,0.000623
33660,1066,27626,26560,26517,43,0,0,236,49.522878,18.61125,33972.719939,1176.25682,2054.220302,1855.038311,3481.13,33660,49,74,42007680.0,10782572.8727,65810.3599,32616.6705,1073.7366,330.9034,50.1181,0.0597,13,0.167917,0.947387,0.456481,0.523351,1.130755,0.439019,0.767498,0.270539,0.472021,0.054184,0.199094,0.326721,0.534346,0.472661,0.060622,0.080044,0.021865,0.016297,0.10026,0.021597,0.383478,0.0064,0.015066,0.000287,0.004912,0.007234,0.017703,0.026381,0.000624
33680,1066,27649,26583,26540,43,0,0,237,47.699058,8.420005,34087.906455,1180.633761,2051.667181,1847.629175,3489.87,33680,49,74,42032640.0,10793364.919,65901.4725,32647.4938,1075.6798,335.8315,50.1181,0.0597,13,0.166041,0.947996,0.457776,0.523752,1.130015,0.43768,0.771896,0.270694,0.471575,0.054082,0.198976,0.326632,0.53396,0.471668,0.060482,0.079582,0.022301,0.016288,0.10033,0.021183,0.397202,0.006383,0.01512,0.000284,0.004858,0.007303,0.017715,0.026358,0.000618
33700,1075,27682,26607,26564,43,0,0,235,46.614706,3.454009,34224.823374,1179.539481,2053.845813,1848.2487,3466.81,33700,49,74,42057600.0,10804183.6129,65985.8263,32675.3125,1076.989,338.711,50.1181,0.0597,13,0.163721,0.946898,0.458202,0.522489,1.13192,0.435248,0.774443,0.271436,0.471017,0.054169,0.198301,0.326818,0.53351,0.470483,0.060179,0.078392,0.02203,0.016503,0.100598,0.0208,0.407771,0.006386,0.015157,0.000283,0.004592,0.007338,0.01723,0.025999,0.000615
33720,1085,27716,26631,26588,43,0,0,229,47.533752,2.825058,34304.601675,1185.135783,2047.330464,1850.010853,3444.04,33720,49,74,42082560.0,10815009.6313,66067.9749,32709.679,1077.9295,338.711,50.1181,0.0597,13,0.162212,0.948834,0.458302,0.521415,1.129991,0.434737,0.776469,0.271689,0.470447,0.05414,0.198836,0.325394,0.532915,0.470075,0.060524,0.078085,0.022008,0.016723,0.101261,0.020614,0.417416,0.006368,0.014921,0.000282,0.004928,0.007288,0.01747,0.025871,0.000642
33740,1072,27737,26665,26622,43,0,0,237,50.752121,2.310634,34388.036963,1182.866604,2046.381275,1851.821909,3456.19,33740,49,74,42107520.0,10825851.2781,66149.0914,32745.6447,1079.2183,338.711,50.1181,0.0597,13,0.160448,0.949163,0.457777,0.523703,1.126864,0.434957,0.780033,0.272336,0.47032,0.054122,0.199882,0.325533,0.531464,0.469586,0.060775,0.077342,0.021739,0.017048,0.101702,0.020655,0.436111,0.006365,0.015159,0.000279,0.005339,0.007231,0.017658,0.025669,0.000663
33760,1085,27776,26691,26648,43,0,0,230,46.529813,1.889884,34463.184601,1183.537507,2049.93268,1855.045239,3416.91,33760,49,74,42132480.0,10836701.6792,66227.3668,32778.0027,1080.325,338.711,50.1181,0.0597,13,0.159447,0.949828,0.458246,0.523141,1.126895,0.434208,0.780176,0.272939,0.470005,0.054059,0.199836,0.32493,0.530721,0.467335,0.060807,0.075525,0.021594,0.017052,0.100363,0.020432,0.438335,0.006396,0.015097,0.000275,0.005299,0.007137,0.017715,0.025362,0.000665
33780,1095,27808,26713,26670,43,0,0,233,43.927017,1.545749,34474.25663,1198.063219,2038.009764,1855.340654,3398.46,33780,49,74,42157440.0,10847550.1948,66307.1461,32816.1431,1081.9778,338.711,50.1181,0.0597,13,0.161644,0.950955,0.456418,0.524539,1.124514,0.434291,0.784664,0.27271,0.469421,0.054007,0.200223,0.32483,0.530538,0.468551,0.060952,0.076369,0.021683,0.017717,0.099355,0.020828,0.451196,0.006503,0.015161,0.000276,0.005508,0.007209,0.017804,0.025712,0.000683
33800,1103,27840,26737,26694,43,0,0,231,47.545536,1.264279,34383.671533,1207.694786,2024.759679,1853.266861,3382.83,33800,49,74,42182400.0,10858425.7082,66390.5991,32854.7852,1083.4045,338.711,50.2079,0.0597,13,0.162285,0.949714,0.455873,0.525539,1.124331,0.433861,0.791705,0.272511,0.469386,0.054014,0.199752,0.325759,0.530629,0.470032,0.061077,0.076781,0.021702,0.017789,0.099756,0.020918,0.460803,0.006512,0.015474,0.000283,0.005349,0.007231,0.017552,0.026022,0.000681
33820,1103,27864,26761,26718,43,0,0,230,47.59654,1.034063,34258.403983,1215.806386,2016.597074,1852.045345,3392.3,33820,49,74,42207360.0,10869303.2568,66475.8225,32889.2044,1084.2391,338.711,50.2417,0.0597,13,0.159565,0.949407,0.456815,0.525555,1.123013,0.432422,0.792158,0.273565,0.470115,0.053824,0.199934,0.325518,0.529123,0.470319,0.061039,0.076495,0.021666,0.017972,0.099713,0.02065,0.464599,0.0066,0.015804,0.000282,0.005239,0.007128,0.017165,0.025922,0.000688
33840,1083,27883,26800,26757,43,0,0,236,47.814481,0.0,34163.064887,1205.017659,2027.16786,1854.936834,3437.93,33840,49,74,42232320.0,10880180.9912,66557.0596,32920.1361,1084.9635,338.711,50.3335,0.0597,13,0.156971,0.952001,0.457375,0.524639,1.120063,0.430631,0.791374,0.275068,0.469256,0.053747,0.200153,0.325845,0.528485,0.470475,0.061136,0.076034,0.021811,0.018174,0.099631,0.020641,0.459836,0.006696,0.015838,0.000275,0.00525,0.007168,0.016869,0.025622,0.000694
33860,1078,27902,26824,26781,43,0,0,235,47.492716,0.0,34161.949375,1200.323954,2032.18333,1856.290602,3461.26,33860,49,74,42257280.0,10891059.6966,66638.4356,32944.1791,1085.67,338.711,50.3335,0.0597,13,0.156772,0.949772,0.457054,0.523875,1.119838,0.430221,0.794909,0.274756,0.469652,0.053875,0.200781,0.326558,0.527896,0.470048,0.061073,0.076156,0.021684,0.018119,0.099611,0.020607,0.466414,0.006663,0.01586,0.000285,0.005388,0.007098,0.016976,0.025652,0.000706
33880,1080,27933,26853,26810,43,0,0,241,51.382021,0.0,34175.942303,1191.142217,2037.475762,1857.549598,3464.64,33880,49,74,42282240.0,10901935.9684,66719.0346,32969.819,1086.3661,338.711,50.38,0.0624,13,0.157407,0.950576,0.456718,0.52539,1.120369,0.43144,0.794326,0.274526,0.469166,0.053947,0.200414,0.326128,0.528833,0.469457,0.060957,0.07665,0.02115,0.018258,0.100634,0.020799,0.45869,0.006734,0.015744,0.000284,0.005302,0.00702,0.017007,0.025651,0.00069
33900,1103,27976,26873,26830,43,0,0,238,49.190109,0.0,34093.995661,1204.29627,2026.51362,1857.199776,3407.12,33900,49,74,42307200.0,10912798.6708,66800.6524,33005.1055,1087.6427,338.711,50.38,0.0624,13,0.156845,0.951954,0.456534,0.523579,1.119484,0.430761,0.793389,0.274847,0.46903,0.054012,0.200315,0.325509,0.528415,0.468506,0.060607,0.07676,0.020952,0.017849,0.099845,0.020642,0.461647,0.006665,0.015517,0.000282,0.005255,0.007008,0.016991,0.025789,0.000691
33920,1113,28015,26902,26859,43,0,0,241,50.407809,0.0,33862.868446,1216.647653,2012.944538,1855.729194,3385.25,33920,49,74,42332160.0,10923660.5377,66884.266,33052.0272,1089.1164,338.711,50.38,0.0624,13,0.154537,0.954225,0.456223,0.524526,1.120113,0.432889,0.791206,0.274178,0.470123,0.053827,0.20161,0.324742,0.529524,0.466874,0.060918,0.077532,0.020886,0.017592,0.098735,0.020667,0.443622,0.006603,0.016011,0.000283,0.005506,0.007035,0.016956,0.025852,0.000719
33940,1102,28040,26938,26895,43,0,0,241,50.735084,0.0,33637.276742,1218.736803,2010.528113,1855.014377,3423.51,33940,49,74,42357120.0,10934522.2725,66967.9357,33095.9105,1090.353,338.711,50.38,0.0624,13,0.155172,0.953602,0.457716,0.524968,1.118143,0.433382,0.780548,0.274196,0.469944,0.053991,0.201753,0.32409,0.528127,0.466828,0.0608,0.077521,0.02125,0.017751,0.097123,0.020496,0.410184,0.00664,0.015899,0.000282,0.005494,0.006957,0.016799,0.025597,0.000705
33960,1088,28062,26974,26931,43,0,0,243,53.808317,0.0,33466.12133,1209.761026,2016.430657,1853.634816,3464.85,33960,49,74,42382080.0,10945371.902,67053.1327,33127.8177,1091.8372,338.711,50.3979,0.0624,13,0.162684,0.953203,0.457199,0.525766,1.122368,0.435937,0.789911,0.273255,0.468467,0.054098,0.202432,0.32369,0.529779,0.469105,0.06109,0.080566,0.021785,0.017788,0.098606,0.020982,0.411146,0.006694,0.016114,0.000288,0.005987,0.007098,0.017439,0.026086,0.000714
33980,1082,28090,27008,26965,43,0,0,240,56.688069,0.0,33386.730606,1193.168741,2030.14319,1853.70635,3486.43,33980,49,74,42407040.0,10956213.151,67137.5811,33155.1133,1093.1906,338.711,50.4249,0.0624,13,0.167283,0.948051,0.457484,0.521735,1.127907,0.436628,0.788402,0.271976,0.466785,0.054099,0.201008,0.324758,0.530614,0.470622,0.060729,0.07989,0.021779,0.014423,0.10107,0.021099,0.403068,0.006396,0.015422,0.000284,0.005378,0.007111,0.017502,0.026276,0.000677
34000,1068,28110,27042,26999,43,0,0,244,58.410748,0.0,33426.981231,1182.241592,2039.34766,1857.382373,3539.1,34000,49,74,42432000.0,10967043.1963,67217.2147,33183.0608,1094.1392,338.711,50.7739,0.0624,13,0.170412,0.947027,0.455915,0.522239,1.131926,0.438041,0.790336,0.271725,0.466524,0.054193,0.200305,0.324622,0.530848,0.471433,0.060679,0.080205,0.021578,0.014497,0.101799,0.02114,0.403115,0.006383,0.015157,0.000286,0.005254,0.00723,0.017565,0.026079,0.000675
34020,1072,28139,27067,27024,43,0,0,240,55.722137,0.0,33529.754479,1182.29087,2041.986993,1861.076579,3530.86,34020,49,74,42456960.0,10977889.8004,67295.2369,33212.0172,1095.6059,338.711,50.8,0.0624,13,0.170709,0.94627,0.456408,0.521153,1.133599,0.438335,0.78334,0.270818,0.466383,0.054297,0.199651,0.325189,0.529567,0.469816,0.060378,0.078752,0.021401,0.014173,0.100965,0.020886,0.386369,0.006233,0.014483,0.000286,0.004825,0.007179,0.016882,0.025952,0.000648
34040,1080,28167,27087,27044,43,0,0,234,52.190854,0.0,33605.50073,1187.423452,2040.385694,1866.982192,3512.43,34040,49,74,42481920.0,10988728.8733,67370.9209,33242.3886,1096.0794,338.711,50.8747,0.0638,13,0.169444,0.944558,0.457287,0.521609,1.135339,0.437764,0.777458,0.270616,0.467372,0.054292,0.199528,0.324411,0.529943,0.46962,0.06029,0.078161,0.02161,0.014015,0.100834,0.021016,0.382846,0.006139,0.014477,0.000288,0.004827,0.007077,0.016964,0.026396,0.000641
34060,1080,28194,27114,27071,43,0,0,232,51.124591,0.0,33700.816185,1187.367079,2041.50833,1877.050258,3520.14,34060,50,74,42506880.0,10999587.1256,67443.3232,33272.7883,1096.6382,338.711,50.9942,0.0678,13,0.169444,0.945624,0.455519,0.521275,1.133494,0.436994,0.777859,0.270455,0.466791,0.054268,0.198465,0.324628,0.5308,0.469569,0.060284,0.078332,0.021088,0.013961,0.099902,0.020873,0.385646,0.006124,0.014639,0.000293,0.00456,0.007091,0.016998,0.026471,0.000636
34080,1092,28223,27131,27088,43,0,0,228,48.561251,0.0,33715.1365,1199.825015,2031.613734,1889.951277,3491.59,34080,50,74,42531840.0,11010435.0573,67514.7271,33303.8358,1097.805,338.711,51.2422,0.0678,13,0.172161,0.947308,0.453541,0.520298,1.136005,0.437882,0.780862,0.268611,0.467546,0.05441,0.197162,0.325314,0.532865,0.469381,0.060308,0.079005,0.020936,0.013992,0.100106,0.021248,0.383038,0.006138,0.014856,0.000308,0.004191,0.00712,0.017067,0.026946,0.000638
34100,1089,28250,27161,27118,43,0,0,236,52.297392,0.0,33699.816681,1195.348469,2032.35414,1900.253901,3512.48,34100,50,74,42556800.0,11021291.1311,67589.6269,33336.7264,1098.6214,338.711,51.7171,0.0678,13,0.17539,0.945665,0.453826,0.520947,1.139374,0.439685,0.779769,0.268096,0.467674,0.054504,0.196643,0.326319,0.534092,0.470705,0.060447,0.079493,0.021367,0.014001,0.103321,0.021424,0.380769,0.006286,0.014745,0.000312,0.004166,0.00713,0.017251,0.027387,0.000634
34120,1088,28283,27195,27152,43,0,0,245,54.255066,0.0,33717.956574,1191.596942,2034.147992,1904.287541,3511.19,34120,50,74,42581760.0,11032175.3645,67670.3276,33373.3519,1100.2741,338.711,52.1252,0.0678,13,0.178309,0.942757,0.452804,0.520656,1.141162,0.440687,0.781342,0.268849,0.46859,0.054617,0.196477,0.327155,0.534709,0.471877,0.06048,0.079908,0.021608,0.013927,0.105258,0.021703,0.38056,0.006425,0.015099,0.000315,0.004157,0.007304,0.017652,0.027554,0.000635
34140,1089,28319,27230,27187,43,0,0,243,53.196725,0.0,33794.701228,1188.761917,2038.041358,1906.034036,3502.92,34140,50,74,42606720.0,11043102.4957,67752.2025,33408.1155,1101.7313,338.711,52.9374,0.0719,13,0.174472,0.94529,0.452523,0.521229,1.138834,0.441253,0.772867,0.269125,0.469226,0.054524,0.196898,0.327522,0.533786,0.470487,0.060185,0.079343,0.021233,0.013961,0.104778,0.021456,0.376176,0.006357,0.014709,0.000313,0.004125,0.007382,0.016945,0.027102,0.000611
34160,1096,28351,27255,27210,45,0,0,244,51.983314,0.0,33847.676443,1196.536908,2031.479778,1907.478768,3490.07,34160,50,74,42631680.0,11054009.0133,67832.7232,33445.7178,1102.9657,348.8253,53.4494,0.0755,13,0.175182,0.942292,0.453095,0.521004,1.14129,0.440888,0.780109,0.269522,0.469341,0.054505,0.196293,0.327771,0.533963,0.470702,0.060129,0.078028,0.021334,0.013865,0.105685,0.021752,0.387222,0.006443,0.014744,0.000311,0.004135,0.007546,0.017142,0.027259,0.00061
34180,1107,28385,27278,27233,45,0,0,234,47.921929,0.0,33827.488236,1204.861369,2027.216702,1915.304545,3443.89,34180,50,74,42656640.0,11064919.9193,67904.3068,33481.5639,1103.9427,348.8253,53.8931,0.0755,13,0.177055,0.940667,0.4522,0.52298,1.143009,0.441511,0.790699,0.269201,0.468753,0.054524,0.196323,0.326973,0.533522,0.470732,0.060475,0.078938,0.021278,0.014151,0.10992,0.022053,0.410895,0.006456,0.014646,0.00031,0.004028,0.0076,0.017391,0.027059,0.000613
34200,1106,28412,27306,27259,47,0,0,233,48.535447,0.0,33778.231962,1204.211172,2027.253381,1920.501513,3447.04,34200,50,74,42681600.0,11075845.0303,67974.1326,33513.526,1104.3104,361.0943,54.5858,0.0755,13,0.175407,0.938046,0.453292,0.522624,1.142038,0.440662,0.798679,0.26978,0.468482,0.054542,0.195989,0.326834,0.533557,0.47091,0.060555,0.07875,0.021713,0.014332,0.110709,0.022519,0.441902,0.006465,0.014693,0.000307,0.004014,0.0076,0.01723,0.027087,0.000622
34220,1109,28440,27331,27284,47,0,0,232,46.894529,0.0,33733.286051,1207.443898,2025.661573,1922.711468,3444.6,34220,50,74,42706560.0,11086778.9253,68044.7803,33546.1774,1105.0566,361.0943,54.7235,0.0755,13,0.176736,0.937172,0.453758,0.522395,1.14283,0.44071,0.805157,0.269982,0.468012,0.054618,0.196031,0.32674,0.533372,0.47293,0.060512,0.079237,0.022175,0.014475,0.114374,0.022548,0.453273,0.00654,0.014605,0.000309,0.004073,0.007567,0.017281,0.027154,0.000618
34240,1117,28474,27357,27309,48,0,0,232,47.05899,0.0,33599.994005,1211.270876,2021.670134,1922.787799,3425.73,34240,50,74,42731520.0,11097710.393,68116.9501,33580.2459,1106.0348,365.0087,55.5196,0.0755,13,0.17547,0.937532,0.452719,0.524298,1.141618,0.439061,0.812772,0.270393,0.467313,0.054762,0.196255,0.326499,0.534152,0.472913,0.060881,0.079389,0.022081,0.015048,0.113496,0.02247,0.47015,0.00651,0.014697,0.000315,0.004062,0.007542,0.017293,0.026605,0.000634
34260,1098,28497,27399,27350,49,0,0,242,49.712762,0.0,33566.628494,1198.260892,2032.026347,1923.955017,3483.0,34260,50,74,42756480.0,11108651.6271,68187.8718,33613.3049,1106.8933,369.8163,55.6261,0.0755,13,0.174863,0.93836,0.451858,0.524367,1.139324,0.438341,0.81373,0.269946,0.466934,0.054777,0.196132,0.325859,0.534614,0.472735,0.061021,0.079103,0.021481,0.015375,0.113556,0.022071,0.47421,0.006443,0.01468,0.000314,0.004097,0.007434,0.017228,0.02638,0.000648
34280,1094,28521,27427,27378,49,0,0,245,48.741509,0.0,33605.696125,1194.81394,2036.444551,1926.250623,3504.78,34280,50,74,42781440.0,11119603.7587,68256.0556,33642.1224,1107.7787,369.8163,55.7062,0.0755,13,0.176417,0.937959,0.450467,0.526183,1.139588,0.437969,0.823845,0.269888,0.465539,0.054814,0.19704,0.325996,0.53414,0.474477,0.061388,0.07948,0.021252,0.015929,0.11568,0.02211,0.497073,0.006566,0.014784,0.000321,0.0046,0.007466,0.01737,0.026837,0.000705
34300,1107,28557,27450,27401,49,0,0,233,49.846303,0.0,33631.246948,1196.829959,2033.323738,1928.659694,3457.03,34300,50,74,42806400.0,11130574.4181,68322.1916,33671.9842,1109.0324,369.8163,55.7107,0.0755,13,0.176152,0.940242,0.448568,0.526617,1.139061,0.437863,0.829907,0.269966,0.466332,0.054706,0.197928,0.325833,0.533175,0.472971,0.061727,0.079883,0.020963,0.015938,0.11804,0.022371,0.521833,0.006664,0.015025,0.000322,0.004722,0.007534,0.017469,0.027014,0.000746
34320,1094,28577,27483,27434,49,0,0,243,51.114927,0.0,33695.036643,1197.43346,2031.451613,1928.788294,3507.22,34320,50,74,42831360.0,11141557.2064,68389.262,33708.2923,1112.0364,369.8163,55.7575,0.0755,13,0.178245,0.939352,0.449129,0.526323,1.141376,0.438269,0.835388,0.269498,0.467408,0.05496,0.197919,0.325993,0.532446,0.473421,0.061823,0.080139,0.021193,0.016062,0.118334,0.022593,0.529351,0.006616,0.015502,0.000342,0.004785,0.007546,0.01751,0.027193,0.000753
34340,1105,28612,27507,27458,49,0,0,229,44.652404,0.0,33743.477135,1203.033642,2032.313954,1928.219174,3478.88,34340,50,74,42856320.0,11152549.765,68457.3552,33740.3088,1113.0953,369.8163,55.7681,0.0756,13,0.18009,0.939327,0.449556,0.526931,1.144602,0.43951,0.832372,0.269702,0.467584,0.054867,0.197643,0.326904,0.532385,0.473062,0.061674,0.080537,0.021518,0.016637,0.122858,0.022654,0.519682,0.006571,0.015586,0.00033,0.004782,0.00751,0.0175,0.026587,0.000739
34360,1103,28635,27532,27483,49,0,0,224,46.615044,0.0,33757.96452,1204.96368,2028.421276,1927.276461,3486.46,34360,50,74,42881280.0,11163561.9016,68526.4687,33771.8234,1114.5909,369.8163,55.834,0.0762,13,0.183137,0.937038,0.448488,0.529381,1.145636,0.440708,0.839091,0.269143,0.466645,0.05497,0.197627,0.327637,0.53346,0.474167,0.061932,0.081185,0.021752,0.017023,0.125521,0.023028,0.519967,0.006666,0.015632,0.000323,0.004791,0.007659,0.018158,0.026456,0.00075
34380,1107,28665,27558,27509,49,0,0,232,48.252607,0.0,33768.514417,1207.016336,2024.731057,1927.20691,3460.02,34380,50,74,42906240.0,11174601.9869,68595.2207,33804.8976,1115.1549,369.8163,56.2676,0.0821,13,0.181572,0.936685,0.447831,0.528563,1.146094,0.43977,0.837314,0.269676,0.466033,0.054824,0.197168,0.326888,0.531712,0.475551,0.062322,0.080652,0.021532,0.017091,0.124919,0.023224,0.510605,0.006763,0.015811,0.000322,0.00477,0.007618,0.018013,0.026622,0.000767
34400,1103,28691,27588,27538,50,0,0,229,49.046777,0.0,33828.678546,1200.792155,2030.161067,1926.275725,3477.19,34400,50,74,42931200.0,11185665.9987,68665.29,33834.0956,1115.4372,376.3368,56.5362,0.09,13,0.183137,0.935654,0.44848,0.529899,1.14899,0.43886,0.842179,0.269972,0.465507,0.054549,0.197589,0.327134,0.531817,0.47524,0.062522,0.080002,0.022002,0.019231,0.127836,0.023092,0.524812,0.00696,0.015621,0.000308,0.005033,0.00768,0.018217,0.026448,0.000808
34420,1110,28721,27611,27561,50,0,0,232,48.558621,0.0,33917.261623,1202.810482,2028.630898,1925.570179,3452.74,34420,50,74,42956160.0,11196719.8738,68735.8136,33863.7141,1116.0209,376.3368,56.5379,0.09,13,0.181982,0.935895,0.449217,0.528747,1.149349,0.439351,0.847691,0.269343,0.464685,0.054512,0.19803,0.32644,0.530544,0.474318,0.062456,0.079004,0.021567,0.019064,0.126015,0.023037,0.543948,0.006827,0.015604,0.000309,0.005156,0.007652,0.018249,0.026493,0.000814
34440,1106,28744,27638,27588,50,0,0,232,49.168293,0.0,33949.743164,1207.411853,2023.419853,1925.413432,3443.38,34440,50,74,42981120.0,11207781.5349,68806.1683,33897.0328,1117.8253,376.3368,56.5379,0.09,13,0.179024,0.937203,0.449658,0.529884,1.146443,0.438486,0.849343,0.269871,0.464299,0.054499,0.198663,0.326563,0.530647,0.473941,0.062627,0.078801,0.021396,0.01916,0.126437,0.023007,0.543825,0.006818,0.015513,0.000309,0.005166,0.007632,0.018241,0.026144,0.000805
34460,1109,28775,27666,27616,50,0,0,230,49.751857,0.0,33986.478212,1209.302137,2020.946006,1924.450384,3437.68,34460,50,74,43006080.0,11218860.5249,68877.9212,33929.9438,1118.8096,376.3368,56.5754,0.09,13,0.176736,0.938987,0.452399,0.529461,1.145529,0.438917,0.837788,0.270611,0.465964,0.054415,0.198625,0.326429,0.531563,0.473508,0.062434,0.079475,0.02183,0.018845,0.125218,0.022629,0.519874,0.006862,0.015475,0.000301,0.005124,0.007664,0.017974,0.026135,0.000787
34480,1110,28809,27699,27649,50,0,0,241,52.161155,0.0,33991.04854,1210.062581,2017.776264,1922.485991,3417.33,34480,50,74,43031040.0,11229952.8083,68951.7104,33966.3321,1120.4718,376.3368,56.5754,0.09,13,0.172973,0.943152,0.453902,0.527275,1.142947,0.436722,0.827354,0.270996,0.467344,0.054261,0.198041,0.326353,0.530027,0.472491,0.06224,0.078756,0.021545,0.018784,0.123566,0.022378,0.507306,0.006904,0.015447,0.0003,0.004765,0.007537,0.017947,0.026085,0.000765
34500,1108,28839,27731,27681,50,0,0,248,52.994754,0.0,34023.594787,1206.33274,2020.672506,1920.872189,3423.69,34500,50,74,43056000.0,11241048.7644,69026.5889,33998.9777,1121.7468,376.3368,56.5838,0.09,13,0.173285,0.941878,0.453162,0.528893,1.144108,0.438344,0.822224,0.27054,0.468355,0.054203,0.197848,0.32618,0.531403,0.471507,0.062112,0.079302,0.021492,0.01916,0.124037,0.022881,0.491487,0.00688,0.01574,0.0003,0.004523,0.007506,0.017823,0.02608,0.000759
34520,1113,28873,27760,27710,50,0,0,249,55.734362,0.0,34063.479214,1209.343841,2014.921797,1919.818719,3394.28,34520,50,74,43080960.0,11252154.3871,69102.0269,34036.9312,1122.9761,376.3368,56.6618,0.09,13,0.174304,0.940954,0.453539,0.528881,1.145608,0.439305,0.823986,0.270587,0.4682,0.054222,0.19748,0.325722,0.532371,0.471051,0.062206,0.079506,0.021549,0.01902,0.124652,0.022819,0.5014,0.00689,0.015657,0.0003,0.004599,0.007496,0.018031,0.026172,0.000758
34540,1115,28901,27786,27735,51,0,0,241,51.400442,0.0,34062.488002,1217.614645,2010.984914,1920.450934,3353.03,34540,50,74,43105920.0,11263254.7996,69176.0563,34074.8401,1124.8127,382.3444,57.1674,0.09,13,0.173991,0.938744,0.453824,0.529401,1.145923,0.440498,0.825157,0.270336,0.468038,0.054316,0.1976,0.325505,0.533529,0.471557,0.062233,0.079655,0.021787,0.01892,0.125115,0.023099,0.507916,0.006879,0.01548,0.0003,0.004672,0.007592,0.018287,0.026217,0.000766
34560,1124,28935,27811,27759,52,0,0,234,47.870492,0.0,33973.969329,1226.372892,2005.756615,1917.677215,3330.39,34560,50,74,43130880.0,11274350.9359,69254.2064,34109.3176,1126.4708,388.4464,57.7306,0.09,13,0.172598,0.939782,0.453925,0.529921,1.14199,0.440389,0.820774,0.270901,0.468322,0.054322,0.197814,0.32496,0.534211,0.471638,0.062007,0.079945,0.021395,0.018665,0.121408,0.023085,0.501998,0.006912,0.015382,0.0003,0.004661,0.007515,0.018339,0.026364,0.000764
34580,1114,28958,27844,27792,52,0,0,239,51.49318,0.0,33931.251822,1220.596406,2007.910414,1916.941913,3368.17,34580,50,74,43155840.0,11285460.809,69331.8759,34142.0754,1128.3827,388.4464,57.7868,0.09,13,0.17684,0.936496,0.453591,0.529005,1.140868,0.440403,0.82595,0.27046,0.466973,0.054437,0.197798,0.325625,0.533782,0.473724,0.062154,0.080574,0.021579,0.018454,0.121176,0.023126,0.512915,0.006867,0.015332,0.000302,0.004805,0.00754,0.018047,0.026664,0.000759
34600,1111,28983,27872,27820,52,0,0,246,53.163708,0.0,33912.415503,1217.671976,2009.164316,1915.247876,3383.56,34600,50,74,43180800.0,11296553.2598,69410.7365,34169.6936,1129.9141,388.4464,58.1009,0.09,13,0.178218,0.938061,0.452455,0.529309,1.142198,0.440061,0.83,0.270454,0.466389,0.054584,0.197425,0.326247,0.533226,0.474471,0.062084,0.08162,0.021917,0.018746,0.123015,0.022844,0.513498,0.006838,0.015031,0.000305,0.00482,0.007625,0.018211,0.026715,0.000747
34620,1113,29006,27893,27840,53,0,0,241,46.201447,0.0,33889.735064,1224.866758,2008.931794,1913.678022,3376.17,34620,50,74,43205760.0,11307645.9808,69489.8364,34199.7988,1130.824,392.4492,58.4086,0.1014,13,0.179695,0.938064,0.45111,0.529385,1.143006,0.44156,0.825142,0.270098,0.467131,0.054674,0.196704,0.327309,0.534085,0.474502,0.061925,0.082327,0.021601,0.018172,0.122784,0.022787,0.483313,0.006802,0.015253,0.00031,0.00457,0.007771,0.018237,0.026882,0.000721
34640,1116,29033,27917,27864,53,0,0,238,45.745734,0.0,33856.760133,1222.659735,2011.594531,1911.347549,3380.54,34640,50,74,43230720.0,11318748.7408,69570.6194,34227.4604,1132.008,392.4492,58.4086,0.1014,13,0.181004,0.936916,0.450405,0.53032,1.144594,0.442867,0.819063,0.26955,0.468353,0.054777,0.196573,0.327416,0.534219,0.474752,0.061861,0.08191,0.021365,0.018024,0.122018,0.022519,0.464381,0.006843,0.015167,0.000315,0.004448,0.007754,0.0181,0.027092,0.000714
34660,1112,29056,27944,27891,53,0,0,233,44.132273,0.0,33842.339407,1218.312629,2017.555098,1910.364902,3405.99,34660,50,74,43255680.0,11329843.1422,69650.8571,34256.1336,1133.7927,392.4492,58.4086,0.1014,13,0.183453,0.934636,0.449935,0.530699,1.144318,0.443291,0.825694,0.269115,0.468521,0.054871,0.196725,0.327732,0.534324,0.475186,0.061959,0.081414,0.0217,0.01824,0.121868,0.022259,0.469064,0.006875,0.015324,0.000313,0.004559,0.007805,0.018097,0.026954,0.000718
34680,1108,29087,27979,27926,53,0,0,231,48.485754,0.0,33842.539382,1206.077213,2025.437032,1908.545866,3427.9,34680,50,74,43280640.0,11340938.0932,69732.5658,34284.997,1134.432,392.4492,58.4086,0.1014,13,0.1787,0.934499,0.451075,0.529048,1.143303,0.441119,0.826395,0.269279,0.467864,0.054588,0.196683,0.328307,0.533604,0.473135,0.062044,0.079719,0.021602,0.018267,0.120734,0.021616,0.477117,0.006816,0.015166,0.000312,0.004536,0.007805,0.017877,0.026186,0.000724
34700,1109,29115,28006,27953,53,0,0,224,42.359044,0.0,33933.734643,1208.246941,2029.394015,1906.378732,3435.05,34700,50,74,43305600.0,11352031.8692,69815.4059,34316.1135,1135.3213,392.4492,58.4109,0.1014,13,0.179441,0.936868,0.451335,0.529384,1.142755,0.441414,0.8277,0.269,0.469076,0.054824,0.197148,0.328265,0.534544,0.473627,0.062269,0.080252,0.021678,0.018579,0.12125,0.021813,0.483459,0.00688,0.015462,0.000319,0.004611,0.007827,0.018149,0.026366,0.000725
34720,1108,29138,28030,27977,53,0,0,222,42.805409,0.0,33981.112626,1215.173114,2022.021477,1905.320359,3451.34,34720,50,74,43330560.0,11363139.318,69897.6189,34349.4052,1136.3672,392.4492,58.4109,0.1014,13,0.180505,0.938938,0.450863,0.529235,1.143805,0.440082,0.829832,0.269578,0.46894,0.054861,0.196614,0.328015,0.534844,0.474219,0.061852,0.079304,0.021498,0.018586,0.120998,0.021656,0.493267,0.006945,0.015254,0.000312,0.005096,0.007808,0.018593,0.026253,0.000743
34740,1119,29169,28050,27997,53,0,0,218,42.255438,0.0,33981.390573,1221.756056,2015.988506,1904.871444,3403.68,34740,50,74,43355520.0,11374243.4103,69978.4674,34379.361,1136.8605,392.4492,58.4109,0.1014,13,0.180518,0.939726,0.451331,0.528638,1.143869,0.439782,0.82739,0.270115,0.469029,0.054952,0.196851,0.328,0.534149,0.474102,0.061793,0.078891,0.021175,0.018575,0.120335,0.021782,0.492242,0.006993,0.0151,0.000313,0.005055,0.007735,0.018435,0.026266,0.000744
34760,1122,29204,28082,28028,54,0,0,224,44.673982,0.0,33915.911338,1217.86504,2017.460978,1906.356619,3382.85,34760,50,74,43380480.0,11385343.623,70056.7499,34413.9278,1137.8865,397.2526,58.9789,0.1014,13,0.180927,0.938864,0.451316,0.526397,1.147707,0.43956,0.832244,0.269776,0.469646,0.054923,0.197034,0.329151,0.534691,0.472718,0.061966,0.07915,0.021102,0.018282,0.123659,0.021967,0.493381,0.00702,0.015189,0.00031,0.005145,0.007803,0.018884,0.026072,0.000753
34780,1124,29239,28115,28061,54,0,0,230,45.472406,0.0,33882.215064,1217.932315,2016.59528,1907.134755,3376.31,34780,50,74,43405440.0,11396454.1165,70136.0476,34451.4434,1139.6712,397.2526,58.9789,0.1014,13,0.185053,0.937503,0.449747,0.528136,1.149577,0.439744,0.834062,0.269778,0.468926,0.055011,0.197318,0.330003,0.535517,0.47552,0.061953,0.080094,0.021279,0.020899,0.122446,0.022415,0.492857,0.007244,0.014986,0.00031,0.005266,0.007877,0.018708,0.026763,0.000761
34800,1121,29267,28146,28092,54,0,0,228,45.987026,0.0,33837.491163,1220.740999,2013.271975,1906.755246,3380.21,34800,50,74,43430400.0,11407574.2446,70217.7181,34490.743,1141.7152,397.2526,58.9789,0.1014,13,0.182872,0.938464,0.450652,0.528853,1.14938,0.441654,0.829121,0.269952,0.468918,0.05492,0.19781,0.328681,0.534011,0.47411,0.061917,0.079795,0.021189,0.021111,0.122759,0.022938,0.491318,0.007194,0.014839,0.000308,0.005254,0.007798,0.018506,0.026493,0.000754
34820,1119,29303,28184,28129,55,0,0,239,52.058327,67.783965,33756.159413,1212.424899,2015.516774,1904.569901,3381.55,34820,50,74,43455360.0,11418690.5062,70303.5711,34525.1172,1143.0471,402.3218,59.0201,0.1014,13,0.183199,0.939428,0.450484,0.527307,1.148913,0.440094,0.832663,0.269237,0.468542,0.054893,0.198774,0.328556,0.533872,0.473322,0.062344,0.080131,0.020782,0.020887,0.122896,0.022674,0.509018,0.007228,0.015008,0.000312,0.005407,0.007743,0.019003,0.026424,0.000776
34840,1114,29327,28213,28158,55,0,0,232,46.516836,31.726664,33793.27398,1218.646868,2014.836296,1902.35047,3366.78,34840,50,74,43480320.0,11429790.3589,70391.6524,34561.2277,1145.0937,422.3141,59.0572,0.1014,13,0.182226,0.940207,0.450717,0.528344,1.147487,0.439827,0.833859,0.269441,0.468578,0.054808,0.198905,0.328738,0.533041,0.473237,0.062278,0.080389,0.020881,0.020933,0.122802,0.02277,0.51031,0.007208,0.015009,0.000311,0.005425,0.007758,0.019202,0.026358,0.000779
34860,1112,29358,28246,28190,56,0,0,239,49.553256,25.949458,33777.218307,1216.053755,2014.392989,1900.333729,3367.4,34860,50,74,43505280.0,11440901.2889,70481.6377,34594.0407,1146.2378,426.3815,59.584,0.1035,13,0.178957,0.941621,0.451145,0.530637,1.143831,0.436513,0.843209,0.27033,0.467729,0.054727,0.199102,0.328415,0.531772,0.473209,0.062817,0.079931,0.02134,0.02677,0.122351,0.022785,0.543477,0.007365,0.015324,0.000303,0.0057,0.007916,0.01919,0.026178,0.000829
34880,1115,29387,28272,28215,57,0,0,244,51.222871,40.144561,33809.584234,1211.857765,2016.919364,1900.410376,3366.51,34880,50,74,43530240.0,11452024.8992,70570.3007,34622.8673,1146.4411,434.8935,59.584,0.1035,13,0.179372,0.939552,0.451736,0.531776,1.146074,0.435372,0.851795,0.270158,0.466726,0.05487,0.199559,0.327821,0.532964,0.473103,0.063037,0.080347,0.021362,0.026949,0.122817,0.022638,0.56623,0.007363,0.015474,0.000304,0.005722,0.007906,0.019341,0.025949,0.000857
34900,1113,29413,28300,28243,57,0,0,252,52.630005,32.834515,33892.452112,1209.498466,2017.87153,1899.836421,3357.75,34900,50,74,43555200.0,11463156.3907,70659.717,34653.4293,1147.8826,434.8935,59.7028,0.1035,13,0.176999,0.939639,0.45206,0.531713,1.144447,0.435131,0.851799,0.270188,0.467572,0.054907,0.199137,0.326886,0.532222,0.473012,0.063032,0.080778,0.021279,0.026921,0.12109,0.022661,0.560425,0.007309,0.015996,0.000319,0.005227,0.007867,0.019175,0.02601,0.000846
34920,1110,29443,28333,28275,58,0,0,246,54.397865,54.161555,33938.44511,1207.261872,2018.340263,1898.14632,3375.64,34920,50,74,43580160.0,11474295.2521,70751.1708,34688.4416,1150.9183,434.8935,59.7522,0.1043,13,0.175676,0.938636,0.452804,0.533405,1.143845,0.433776,0.850394,0.27014,0.467648,0.055004,0.199119,0.326835,0.532201,0.473,0.063113,0.080427,0.021749,0.027593,0.120328,0.022686,0.552861,0.007262,0.015878,0.000316,0.005086,0.007906,0.019252,0.025838,0.000848
34940,1115,29479,28364,28305,59,0,0,251,52.166756,33.946734,34022.973016,1207.340785,2020.492459,1897.017788,3364.37,34940,50,74,43605120.0,11485436.0388,70843.4915,34721.8164,1152.2163,460.6555,59.9118,0.1067,13,0.173094,0.93706,0.453837,0.536511,1.143555,0.431779,0.84945,0.271478,0.467269,0.054881,0.199516,0.327628,0.532526,0.471723,0.063405,0.079645,0.022386,0.034598,0.122938,0.022072,0.553573,0.007758,0.01584,0.000317,0.005199,0.007868,0.018892,0.025258,0.000898
34960,1117,29507,28390,28331,59,0,0,246,47.944984,25.338151,34123.364845,1213.092249,2018.962767,1895.857965,3361.66,34960,50,74,43630080.0,11496572.3666,70936.4229,34756.1647,1152.7721,462.4065,60.2072,0.1106,13,0.171889,0.937456,0.45484,0.537903,1.140886,0.431494,0.850279,0.272217,0.466262,0.05487,0.198901,0.327657,0.533589,0.474279,0.063087,0.08022,0.022767,0.034774,0.123232,0.021931,0.569284,0.007821,0.015807,0.000323,0.005053,0.007972,0.0188,0.025786,0.000893
34980,1110,29533,28423,28364,59,0,0,252,50.866502,18.422427,34203.527872,1208.508754,2020.624744,1895.090187,3365.15,34980,50,74,43655040.0,11507709.6905,71029.6785,34788.7288,1154.2073,464.3568,60.603,0.1133,13,0.173874,0.93617,0.453353,0.537534,1.139914,0.432849,0.853505,0.271438,0.466904,0.054883,0.198925,0.328131,0.532809,0.473349,0.063127,0.080636,0.022744,0.033455,0.122384,0.022254,0.561466,0.007686,0.015966,0.000325,0.004892,0.008072,0.019295,0.025607,0.000876
35000,1107,29560,28453,28394,59,0,0,251,53.02716,15.067831,34336.707937,1203.852511,2023.120329,1896.91437,3379.04,35000,50,74,43680000.0,11518850.6214,71120.7289,34818.8099,1155.1075,464.3568,60.8295,0.1133,13,0.173442,0.936045,0.452783,0.537947,1.140012,0.432971,0.851612,0.271783,0.466876,0.054781,0.198853,0.327431,0.531663,0.47425,0.062837,0.079884,0.022411,0.033887,0.121788,0.022028,0.55725,0.007712,0.016328,0.000325,0.004859,0.008024,0.019268,0.025712,0.000871
35020,1121,29596,28475,28416,59,0,0,241,48.826488,12.324084,34416.360608,1214.722575,2016.450937,1904.425069,3333.75,35020,50,74,43704960.0,11530008.7189,71202.9521,34855.3479,1156.103,464.3568,60.9273,0.1133,13,0.168599,0.936599,0.45418,0.537476,1.134805,0.43297,0.84427,0.2725,0.467823,0.054643,0.199407,0.327138,0.530597,0.47237,0.062939,0.079666,0.022692,0.034132,0.119038,0.021739,0.540583,0.007648,0.016207,0.000319,0.004795,0.007993,0.018893,0.025683,0.000868
35040,1131,29627,28496,28437,59,0,0,236,47.150904,7.752365,34407.526471,1226.004704,2006.844392,1909.645138,3317.73,35040,50,74,43729920.0,11541168.047,71283.3524,34891.2383,1156.6858,466.2136,61.0148,0.1133,13,0.172414,0.936327,0.453136,0.538176,1.134187,0.433936,0.844677,0.272278,0.46665,0.054768,0.199339,0.327499,0.531014,0.473712,0.062842,0.079454,0.022569,0.033868,0.119637,0.021774,0.536736,0.007642,0.015851,0.000324,0.004767,0.007962,0.019024,0.026012,0.00086
35060,1127,29646,28519,28460,59,0,0,238,44.855772,6.340713,34365.69653,1231.610388,2003.53384,1913.13347,3341.47,35060,50,74,43754880.0,11552330.8993,71361.5804,34922.9883,1157.0143,466.2136,61.1522,0.1133,13,0.173913,0.937286,0.451536,0.538655,1.131827,0.434356,0.841865,0.271834,0.465673,0.05485,0.199105,0.327665,0.530606,0.474106,0.062722,0.080316,0.022293,0.034226,0.12056,0.022005,0.525945,0.007675,0.01562,0.000328,0.004758,0.008105,0.019226,0.026103,0.000852
35080,1138,29680,28542,28483,59,0,0,237,43.887794,5.186114,34296.901521,1235.995963,2000.116242,1915.78167,3322.55,35080,50,74,43779840.0,11563513.5782,71438.3469,34953.5884,1158.2635,466.2136,61.4193,0.1133,13,0.174868,0.938754,0.452061,0.539151,1.132621,0.435404,0.842114,0.27042,0.466372,0.054957,0.199075,0.328135,0.532297,0.47385,0.06244,0.080551,0.022539,0.034402,0.120961,0.022083,0.524863,0.007432,0.015579,0.000329,0.00486,0.008045,0.019773,0.026305,0.000801
35100,1134,29711,28577,28517,60,0,0,247,47.542765,4.241758,34214.106949,1233.673924,1998.783311,1914.565279,3344.24,35100,50,74,43804800.0,11574705.2453,71518.5251,34989.8657,1159.7896,470.0528,61.6581,0.1133,13,0.17284,0.941726,0.452258,0.535928,1.133595,0.435566,0.8383,0.270267,0.467044,0.054848,0.197671,0.326978,0.531607,0.473461,0.062297,0.082182,0.022515,0.02872,0.119514,0.022035,0.512821,0.007277,0.015768,0.000324,0.004421,0.00791,0.019676,0.026276,0.000778
35120,1125,29740,28615,28555,60,0,0,256,51.319503,3.469363,34174.942711,1227.301937,2001.37856,1914.142598,3362.88,35120,50,74,43829760.0,11585905.8607,71599.0193,35027.3857,1161.0797,470.0528,61.7121,0.1134,13,0.174222,0.938754,0.451226,0.536566,1.136632,0.434072,0.850683,0.270327,0.464883,0.055108,0.197278,0.326949,0.531391,0.474928,0.06247,0.082999,0.022887,0.029475,0.123023,0.022412,0.529697,0.007282,0.015451,0.000337,0.004434,0.00792,0.02012,0.026734,0.000808
35140,1119,29770,28651,28591,60,0,0,254,51.395452,2.837616,34199.864658,1219.382705,2009.221843,1916.16944,3379.03,35140,50,74,43854720.0,11597096.5462,71676.1581,35061.3181,1162.0532,470.0528,61.7246,0.1144,13,0.173369,0.941651,0.45087,0.535794,1.13624,0.434113,0.846429,0.270574,0.465369,0.054974,0.198175,0.326868,0.532133,0.473932,0.06269,0.083821,0.02261,0.029063,0.124117,0.022552,0.524255,0.007433,0.015582,0.000338,0.004504,0.007938,0.020081,0.026945,0.00082
35160,1113,29797,28684,28624,60,0,0,264,52.561985,2.320906,34278.558711,1215.993353,2011.444663,1914.876464,3384.85,35160,50,74,43879680.0,11608295.1567,71756.0887,35094.823,1163.044,470.0528,61.732,0.1144,13,0.174304,0.942229,0.451085,0.533087,1.138173,0.43578,0.841489,0.269217,0.467418,0.05508,0.197667,0.326533,0.531893,0.472686,0.062515,0.082991,0.022515,0.022466,0.123905,0.022749,0.503336,0.006931,0.015546,0.000339,0.004368,0.007792,0.020288,0.026991,0.000817
35180,1117,29825,28708,28648,60,0,0,260,49.267354,1.898285,34361.618611,1219.862304,2010.870342,1913.703208,3367.25,35180,50,74,43904640.0,11619490.2783,71837.4336,35129.0598,1164.0607,470.0528,61.7503,0.1144,13,0.17547,0.937735,0.452467,0.534216,1.140342,0.435673,0.84985,0.269963,0.467642,0.05519,0.197622,0.32742,0.53181,0.473016,0.062446,0.082378,0.023035,0.022941,0.125206,0.022795,0.517904,0.007029,0.015749,0.000343,0.004375,0.007938,0.020536,0.026928,0.000814
35200,1116,29849,28733,28673,60,0,0,245,48.344483,1.552621,34416.226276,1224.728337,2006.92718,1914.806245,3371.02,35200,50,74,43929600.0,11630681.3523,71916.332,35161.5149,1165.2195,470.0528,61.7523,0.1144,13,0.174731,0.938711,0.453249,0.533559,1.140605,0.434993,0.841392,0.270045,0.467377,0.055137,0.1977,0.326901,0.531541,0.4722,0.062023,0.082387,0.023045,0.02285,0.125827,0.022481,0.501853,0.006989,0.015553,0.000336,0.004291,0.007992,0.020332,0.026601,0.000796
35220,1118,29878,28760,28700,60,0,0,247,51.384242,0.696303,34457.899342,1220.394392,2008.221366,1914.696373,3369.88,35220,50,74,43954560.0,11641870.6475,71995.6199,35191.4365,1165.8601,470.0528,61.7575,0.1144,13,0.173524,0.937047,0.452603,0.533346,1.141556,0.433669,0.846587,0.26997,0.467996,0.055079,0.197522,0.32742,0.530579,0.471964,0.062119,0.081762,0.022986,0.023336,0.125834,0.022654,0.510053,0.006953,0.015619,0.000336,0.004265,0.007919,0.020191,0.026668,0.000794
35240,1108,29902,28794,28734,60,0,0,242,49.900801,0.569511,34577.280697,1213.844528,2016.254671,1912.060261,3403.35,35240,50,74,43979520.0,11653059.1831,72078.0897,35222.2832,1167.6101,470.0528,61.7575,0.1144,13,0.17509,0.936485,0.454475,0.533576,1.143054,0.434924,0.844179,0.270109,0.467654,0.055061,0.197347,0.32816,0.532287,0.473511,0.061806,0.081096,0.023362,0.02289,0.12569,0.022497,0.505379,0.00699,0.015355,0.00033,0.004305,0.007831,0.019964,0.027026,0.000764
35260,1122,29946,28824,28764,60,0,0,241,51.343898,0.465807,34665.447344,1215.461788,2013.194313,1910.714692,3365.87,35260,50,74,44004480.0,11664248.2001,72160.3144,35255.9037,1169.5583,470.0528,61.7575,0.1144,13,0.172014,0.940286,0.456135,0.533012,1.141062,0.434482,0.842287,0.270209,0.466693,0.054944,0.196947,0.327444,0.531094,0.472234,0.061509,0.080869,0.022991,0.022692,0.122979,0.022449,0.490798,0.006984,0.015291,0.000326,0.003705,0.007779,0.019339,0.026809,0.00072
35280,1135,29980,28845,28785,60,0,0,238,46.590454,0.380987,34674.386029,1230.634158,2002.775388,1909.839978,3323.97,35280,50,74,44029440.0,11675457.4808,72242.3892,35294.3603,1171.7257,470.0528,61.7575,0.1144,13,0.170925,0.939999,0.458015,0.531379,1.139453,0.434584,0.840163,0.270758,0.467663,0.054999,0.197409,0.327223,0.530664,0.472502,0.061561,0.080557,0.022925,0.02252,0.122947,0.02237,0.489383,0.00695,0.01541,0.00035,0.003666,0.007666,0.019152,0.026905,0.000731
35300,1138,30013,28875,28815,60,0,0,241,51.503157,0.311612,34585.887383,1236.403969,1992.092875,1907.776947,3318.62,35300,50,74,44054400.0,11686682.7431,72326.1874,35335.4061,1172.6032,470.0528,61.7708,0.1144,13,0.172232,0.94161,0.459208,0.530703,1.140603,0.434896,0.852249,0.269555,0.467594,0.05507,0.198849,0.326876,0.529334,0.471627,0.062012,0.081215,0.023112,0.023234,0.124608,0.022421,0.529448,0.006897,0.015552,0.000353,0.003919,0.007562,0.019237,0.027345,0.000792
35320,1133,30038,28905,28845,60,0,0,241,50.526835,0.254869,34523.602217,1236.286435,1993.18673,1907.442068,3320.32,35320,50,74,44079360.0,11697919.0351,72409.3082,35369.2637,1173.1384,470.0528,61.9101,0.1144,13,0.173875,0.941476,0.458445,0.532017,1.138076,0.433656,0.858368,0.270346,0.465858,0.055184,0.198513,0.327075,0.528584,0.473306,0.062138,0.082132,0.023358,0.02406,0.12663,0.022712,0.545148,0.007014,0.015532,0.000358,0.003934,0.007716,0.019442,0.027768,0.0008
35340,1126,30058,28932,28872,60,0,0,240,50.081217,0.20846,34520.566123,1233.715253,1996.20353,1906.008833,3337.9,35340,50,74,44104320.0,11709156.1251,72493.9109,35398.3288,1173.8343,470.0528,62.7307,0.1144,13,0.174067,0.939096,0.458183,0.533435,1.137267,0.433467,0.85951,0.271248,0.466196,0.05533,0.197962,0.327009,0.529141,0.473588,0.062268,0.081721,0.023417,0.027433,0.12494,0.022772,0.549161,0.007595,0.015609,0.000364,0.003802,0.007665,0.019547,0.027224,0.000825
35360,1135,30086,28951,28890,61,0,0,228,47.407471,0.1705,34453.081694,1242.249483,1990.343047,1904.651194,3309.81,35360,50,74,44129280.0,11720399.2584,72579.0543,35427.6004,1174.8793,475.0882,63.0704,0.1144,13,0.173568,0.93985,0.457583,0.534057,1.135172,0.433458,0.86242,0.271647,0.464881,0.055278,0.197079,0.327027,0.529191,0.474227,0.06223,0.082065,0.023366,0.027459,0.125441,0.022739,0.557768,0.007607,0.015626,0.000358,0.003707,0.007763,0.019628,0.02723,0.000814
35380,1124,30112,28988,28926,62,0,0,235,51.609917,0.0,34415.25773,1231.301401,1997.088682,1901.614035,3306.54,35380,50,74,44154240.0,11731648.8292,72666.9612,35459.0015,1176.5567,475.195,63.1662,0.1144,13,0.172598,0.939403,0.459198,0.533609,1.134545,0.432892,0.858751,0.271646,0.467133,0.055248,0.19694,0.327654,0.528953,0.474961,0.062117,0.080901,0.023274,0.026797,0.124682,0.022448,0.552411,0.007654,0.015669,0.000357,0.003674,0.007775,0.019364,0.027276,0.000815
35400,1131,30146,29015,28953,62,0,0,244,50.838436,0.0,34419.260213,1230.85157,1998.309994,1899.69499,3293.97,35400,50,74,44179200.0,11742904.4468,72755.9402,35489.7126,1177.4427,475.195,63.2083,0.1144,13,0.170645,0.93908,0.459077,0.532817,1.134175,0.431813,0.860491,0.27206,0.467117,0.055283,0.196841,0.328192,0.529507,0.475045,0.062158,0.080357,0.022786,0.026523,0.123579,0.022182,0.566211,0.007567,0.01548,0.000367,0.00362,0.007816,0.01919,0.027218,0.000805
35420,1131,30174,29043,28981,62,0,0,235,50.593,0.0,34437.498494,1230.156456,1999.250544,1898.820255,3296.94,35420,50,74,44204160.0,11754178.9192,72844.9604,35522.4368,1178.4535,475.195,63.2083,0.1144,13,0.17153,0.938491,0.457746,0.533744,1.133685,0.431509,0.867039,0.271724,0.466187,0.055497,0.196289,0.328056,0.52878,0.476408,0.062457,0.08081,0.0229,0.027042,0.123336,0.022647,0.570691,0.00762,0.015764,0.000406,0.003565,0.007888,0.019307,0.027485,0.00082
35440,1129,30198,29069,29007,62,0,0,235,45.294965,0.0,34471.066522,1235.552329,1999.152706,1897.010445,3304.43,35440,50,74,44229120.0,11765452.2068,72936.1293,35556.3023,1179.1588,475.195,63.2083,0.1144,13,0.171833,0.939569,0.457252,0.534166,1.131849,0.431348,0.86783,0.271743,0.465057,0.055133,0.195959,0.327755,0.528363,0.476243,0.062584,0.081003,0.023037,0.027027,0.124037,0.022531,0.563407,0.007603,0.01571,0.000385,0.003634,0.007943,0.01928,0.027252,0.000844
35460,1134,30230,29096,29034,62,0,0,236,48.642649,0.0,34464.388921,1233.610629,1997.746722,1894.98724,3298.97,35460,50,74,44254080.0,11776732.6951,73028.9909,35587.8583,1179.9306,475.195,63.2083,0.1144,13,0.175485,0.940198,0.456788,0.535105,1.132992,0.433041,0.868736,0.27066,0.465784,0.055348,0.196491,0.32879,0.530802,0.477241,0.062724,0.082228,0.02294,0.027108,0.125649,0.02305,0.562765,0.007622,0.01578,0.000389,0.003771,0.007901,0.019551,0.027559,0.000846
35480,1140,30265,29125,29063,62,0,0,238,49.7686,0.0,34500.059841,1232.374659,1997.856742,1891.578724,3292.64,35480,50,74,44279040.0,11788041.2562,73125.4131,35622.352,1180.7784,475.195,63.2083,0.1144,13,0.179825,0.938431,0.457433,0.533036,1.138933,0.434331,0.86285,0.270622,0.465555,0.055362,0.196531,0.328335,0.530995,0.475946,0.062251,0.081782,0.022896,0.024653,0.12619,0.023088,0.55017,0.007473,0.015639,0.000386,0.003592,0.00803,0.019963,0.027344,0.00081
35500,1144,30286,29142,29080,62,0,0,238,48.843176,0.0,34516.910504,1246.02902,1985.127803,1888.395605,3295.75,35500,50,74,44304000.0,11799372.6678,73224.4774,35656.2197,1181.4123,475.195,63.2083,0.1144,13,0.179196,0.938588,0.456308,0.53224,1.137972,0.435635,0.860718,0.271027,0.465471,0.055248,0.196616,0.32841,0.531661,0.475173,0.06223,0.08154,0.022599,0.024182,0.126906,0.022924,0.54608,0.007502,0.015462,0.000385,0.003578,0.008288,0.019827,0.027034,0.000803
35520,1151,30319,29168,29105,63,0,0,239,46.707285,0.0,34467.053554,1249.690445,1983.60227,1887.008669,3283.16,35520,50,74,44328960.0,11810715.7975,73323.5482,35690.2161,1183.4301,520.1721,63.223,0.1156,13,0.177237,0.94062,0.456653,0.533007,1.140486,0.436453,0.85355,0.271347,0.46675,0.055267,0.196617,0.327855,0.53241,0.474936,0.062232,0.08172,0.02278,0.02408,0.1256,0.023005,0.530386,0.007493,0.015627,0.000388,0.003552,0.00826,0.019744,0.027028,0.000793
35540,1140,30346,29206,29143,63,0,0,240,50.787862,0.0,34398.357312,1244.630798,1984.58134,1885.686698,3311.3,35540,50,74,44353920.0,11822057.5063,73423.3317,35727.9637,1185.4864,520.1721,63.223,0.1156,13,0.177193,0.939405,0.455359,0.534007,1.140735,0.435944,0.86802,0.271282,0.466423,0.055354,0.196789,0.328646,0.532104,0.476119,0.062481,0.082233,0.0228,0.024711,0.126891,0.023466,0.557134,0.007469,0.016041,0.000408,0.003603,0.008398,0.019963,0.027313,0.000813
35560,1140,30374,29234,29171,63,0,0,235,47.797689,0.0,34361.598448,1244.372501,1987.829811,1886.125949,3319.02,35560,50,74,44378880.0,11833383.4344,73522.2548,35759.3838,1187.929,520.1721,63.2232,0.1156,13,0.17807,0.936265,0.455632,0.536014,1.141793,0.435176,0.879699,0.271212,0.465787,0.05531,0.196977,0.329148,0.531642,0.475956,0.062878,0.081955,0.023192,0.025542,0.127795,0.023405,0.578019,0.007498,0.016267,0.000413,0.003671,0.008594,0.02001,0.027307,0.000863
35580,1128,30393,29265,29202,63,0,0,234,48.339613,0.0,34399.900259,1234.3427,1997.317687,1890.421263,3341.65,35580,50,74,44403840.0,11844710.2192,73616.2699,35786.0434,1188.6624,520.1721,63.2232,0.1156,13,0.182624,0.936112,0.454863,0.53569,1.147586,0.436355,0.881156,0.270808,0.465432,0.055434,0.196134,0.33018,0.532876,0.477817,0.06314,0.083067,0.023636,0.02495,0.128868,0.023456,0.562997,0.007629,0.016222,0.000411,0.003667,0.008821,0.020091,0.02748,0.000874
35600,1133,30431,29298,29234,64,0,0,231,49.254968,0.0,34502.20869,1223.546144,2007.198888,1893.125192,3296.46,35600,50,74,44428800.0,11856041.4425,73709.3032,35812.7229,1191.0317,541.1762,63.2232,0.1156,13,0.178288,0.937191,0.45691,0.534809,1.143388,0.436473,0.877428,0.271206,0.465586,0.055323,0.195932,0.329551,0.529366,0.477467,0.062925,0.081206,0.023642,0.025479,0.124964,0.023015,0.562169,0.007661,0.016548,0.000405,0.00362,0.008558,0.019621,0.027296,0.000883
35620,1136,30462,29326,29262,64,0,0,234,49.542825,0.0,34577.522123,1229.252486,2001.204688,1895.178018,3248.96,35620,50,74,44453760.0,11867382.5011,73800.8919,35849.6681,1192.2191,541.1762,63.2259,0.1156,13,0.178697,0.937271,0.455916,0.534515,1.14551,0.435886,0.883866,0.27081,0.46566,0.055244,0.196203,0.329223,0.528266,0.475712,0.063088,0.081299,0.023538,0.025856,0.126238,0.023051,0.569509,0.007591,0.01666,0.000406,0.003626,0.008599,0.019646,0.027507,0.000884
35640,1131,30487,29356,29292,64,0,0,231,51.160625,0.0,34627.010762,1233.042058,1995.797317,1895.111318,3261.71,35640,50,74,44478720.0,11878740.2611,73893.5091,35884.8192,1193.5756,541.1762,63.2259,0.1156,13,0.175066,0.93929,0.457213,0.535286,1.144371,0.433698,0.878982,0.271194,0.465664,0.055306,0.195851,0.328267,0.529318,0.475077,0.062898,0.081264,0.023694,0.026529,0.1262,0.022699,0.565239,0.007594,0.016873,0.000403,0.003462,0.008568,0.0198,0.027133,0.000883
35660,1132,30519,29387,29323,64,0,0,216,42.018181,0.0,34707.038699,1233.294402,2004.687417,1898.647061,3271.14,35660,50,74,44503680.0,11890106.3267,73981.6718,35919.6803,1195.5648,541.1762,63.3073,0.1156,13,0.174028,0.941173,0.456356,0.536059,1.146105,0.432734,0.886011,0.271722,0.464396,0.055315,0.196186,0.327044,0.528704,0.473399,0.062953,0.081592,0.023522,0.027139,0.126559,0.022522,0.579902,0.007539,0.016552,0.000389,0.003514,0.008574,0.020102,0.027073,0.000879
35680,1129,30548,29419,29354,65,0,0,225,43.996153,6.469263,34724.632354,1237.885636,1998.118211,1904.673364,3267.22,35680,50,74,44528640.0,11901453.6831,74063.5464,35956.8561,1197.0553,559.9302,63.3073,0.1156,13,0.172719,0.943535,0.456017,0.53402,1.144277,0.432544,0.878995,0.271839,0.465905,0.055368,0.19646,0.327509,0.527638,0.473161,0.06258,0.081631,0.02317,0.026314,0.126945,0.022053,0.573085,0.007546,0.016352,0.000387,0.003518,0.008519,0.019541,0.026963,0.000838
35700,1113,30569,29456,29391,65,0,0,237,51.050725,5.291255,34850.439088,1221.034228,2007.915047,1908.919495,3314.1,35700,50,74,44553600.0,11912795.739,74143.1376,35987.1537,1197.4959,559.9302,63.3126,0.1156,13,0.175202,0.940044,0.455235,0.535542,1.144701,0.43193,0.882117,0.272282,0.466666,0.055529,0.19547,0.327924,0.529314,0.473929,0.062443,0.082489,0.023496,0.026699,0.12753,0.021984,0.566088,0.007587,0.016263,0.000408,0.003286,0.008583,0.019325,0.02666,0.000834
35720,1131,30608,29477,29412,65,0,0,231,49.24835,4.327755,34999.56835,1226.118418,2004.633232,1909.996909,3275.5,35720,50,74,44578560.0,11924154.9411,74224.0627,36019.2475,1198.2737,559.9302,63.3437,0.1187,13,0.174182,0.939959,0.455632,0.536025,1.142823,0.43254,0.880188,0.27204,0.468768,0.055543,0.195539,0.327822,0.526648,0.473287,0.062532,0.081522,0.023328,0.026484,0.127104,0.021815,0.559125,0.007504,0.016233,0.000408,0.003251,0.008498,0.019327,0.026845,0.000831
35740,1132,30637,29505,29440,65,0,0,242,50.548403,3.5397,35075.946083,1235.019553,1994.432044,1910.226449,3277.77,35740,50,74,44603520.0,11935520.1372,74305.4799,36059.9765,1199.6603,559.9302,63.3437,0.1187,13,0.174028,0.942348,0.45475,0.536661,1.141404,0.433112,0.877173,0.272345,0.469354,0.055426,0.196336,0.328406,0.52679,0.472482,0.062666,0.081905,0.023382,0.026578,0.126428,0.022194,0.553157,0.007575,0.016242,0.000407,0.003323,0.008646,0.019402,0.026732,0.000832
35760,1139,30664,29525,29460,65,0,0,238,48.098632,2.895146,35049.73228,1249.777073,1982.124295,1908.97007,3265.75,35760,50,74,44628480.0,11946890.063,74388.552,36096.1122,1200.9178,559.9302,63.3437,0.1187,13,0.174715,0.94182,0.456158,0.535608,1.138723,0.432378,0.872831,0.272964,0.469797,0.055416,0.195992,0.328193,0.526697,0.472082,0.062419,0.081542,0.024038,0.026133,0.125447,0.02217,0.545457,0.007576,0.016107,0.000396,0.003278,0.008711,0.01912,0.026439,0.000831
35780,1148,30698,29550,29484,66,0,0,240,47.221754,0.0,34917.950839,1255.906602,1976.871644,1905.168591,3240.38,35780,50,74,44653440.0,11958244.9025,74476.3398,36128.4281,1201.4693,568.661,64.3259,0.1187,13,0.175958,0.944254,0.457526,0.535608,1.140304,0.433931,0.872853,0.272838,0.469263,0.055406,0.196277,0.329133,0.52688,0.472287,0.062296,0.081597,0.024244,0.0259,0.125662,0.022323,0.541843,0.007602,0.016129,0.000395,0.003293,0.008759,0.019183,0.026251,0.000825
35800,1146,30725,29579,29513,66,0,0,237,47.732703,0.0,34814.307932,1253.248528,1979.018769,1898.467504,3249.64,35800,50,74,44678400.0,11969598.0273,74570.7837,36159.0377,1202.7897,568.661,64.3259,0.1187,13,0.176265,0.94592,0.457156,0.535028,1.1411,0.433931,0.876355,0.272477,0.468109,0.055447,0.19639,0.327841,0.527966,0.472263,0.062504,0.083553,0.024359,0.025739,0.126884,0.022566,0.541279,0.007678,0.01594,0.000399,0.003284,0.008773,0.019411,0.026498,0.000816
35820,1131,30754,29623,29557,66,0,0,260,60.711551,0.0,34756.979028,1237.142777,1982.145672,1896.593115,3255.22,35820,50,74,44703360.0,11980951.5108,74664.5604,36193.8237,1204.9281,568.661,64.4332,0.1187,13,0.174182,0.944617,0.458024,0.534556,1.139247,0.432591,0.86785,0.273418,0.468092,0.055463,0.196238,0.32818,0.527557,0.473307,0.062229,0.083608,0.02429,0.028794,0.126166,0.022513,0.54474,0.008816,0.016137,0.000401,0.003277,0.008511,0.019353,0.026666,0.000802
35840,1134,30783,29649,29583,66,0,0,253,56.633253,0.0,34777.967875,1241.539927,1981.82682,1895.456791,3254.46,35840,50,74,44728320.0,11992305.5931,74758.1769,36230.3236,1206.3284,568.661,64.4633,0.1187,13,0.175485,0.941965,0.457997,0.536358,1.138273,0.432752,0.874298,0.273871,0.467086,0.055585,0.196563,0.328262,0.529158,0.47419,0.062226,0.083599,0.024341,0.031242,0.125287,0.022462,0.560543,0.009404,0.015921,0.000406,0.003407,0.008327,0.019777,0.026864,0.000803
35860,1133,30807,29674,29608,66,0,0,253,50.69309,0.0,34772.854146,1248.269981,1981.03693,1894.023348,3264.09,35860,50,74,44753280.0,12003652.879,74852.8953,36262.793,1208.0987,568.661,64.5067,0.1187,13,0.17564,0.943661,0.458608,0.536209,1.136834,0.432196,0.878156,0.273756,0.466247,0.055483,0.196144,0.328643,0.529757,0.473516,0.062112,0.082501,0.024372,0.031028,0.125981,0.02239,0.580088,0.009508,0.015798,0.000398,0.00335,0.008389,0.020231,0.026598,0.000798
35880,1128,30834,29706,29640,66,0,0,255,53.24867,0.0,34804.575399,1235.600638,1991.150692,1894.884951,3275.84,35880,50,74,44778240.0,12015002.8498,74945.3246,36290.2875,1209.2512,568.661,64.5318,0.1187,13,0.176418,0.941438,0.458952,0.537551,1.141551,0.43139,0.889133,0.273039,0.465507,0.055526,0.196308,0.328763,0.530272,0.474292,0.062261,0.081754,0.024491,0.031678,0.127111,0.022292,0.615393,0.009545,0.016017,0.000403,0.003484,0.008467,0.020697,0.026874,0.000803
35900,1129,30866,29737,29671,66,0,0,243,47.307672,0.0,34876.105928,1231.29396,2001.398368,1896.19708,3282.23,35900,50,74,44803200.0,12026351.8847,75035.9648,36322.7283,1210.4256,568.661,65.0849,0.1692,13,0.180691,0.938122,0.457224,0.536652,1.142825,0.432345,0.899419,0.271344,0.465955,0.055878,0.195658,0.328584,0.53165,0.475594,0.062684,0.083092,0.02456,0.031599,0.128659,0.022844,0.62449,0.009562,0.016378,0.000437,0.003473,0.008558,0.02078,0.027306,0.000835
35920,1145,30903,29758,29691,67,0,0,246,52.056415,0.0,34852.742162,1240.811107,1987.132478,1897.345007,3237.13,35920,50,74,44828160.0,12037696.0719,75125.7765,36356.6556,1211.14,573.6729,65.4239,0.1826,13,0.178166,0.93972,0.457298,0.53491,1.141885,0.433171,0.893201,0.272345,0.466965,0.055755,0.196115,0.329166,0.531178,0.474245,0.062884,0.082913,0.024672,0.030746,0.128707,0.022835,0.6121,0.009842,0.016405,0.000439,0.003465,0.008498,0.02054,0.027077,0.000858
35940,1149,30930,29781,29714,67,0,0,240,45.949773,0.0,34786.07469,1249.673075,1984.377152,1900.265826,3237.78,35940,50,74,44853120.0,12049045.7679,75212.343,36394.0681,1212.2254,573.6729,65.9213,0.1852,13,0.178416,0.936446,0.457133,0.535621,1.142251,0.432001,0.898835,0.271705,0.466575,0.055995,0.195514,0.328485,0.531035,0.47356,0.062766,0.082311,0.025256,0.028036,0.132006,0.022881,0.615477,0.00876,0.016261,0.000441,0.003388,0.008573,0.021308,0.027042,0.000842
35960,1153,30966,29813,29745,68,0,0,248,51.656282,0.0,34664.831067,1249.843888,1978.49983,1900.332171,3222.67,35960,50,74,44878080.0,12060424.869,75301.1279,36429.8533,1212.7314,577.3646,67.7405,0.1972,13,0.17693,0.939531,0.458528,0.535131,1.140537,0.431,0.889466,0.272356,0.467191,0.055931,0.195982,0.329057,0.530762,0.474168,0.062701,0.082606,0.025077,0.027815,0.131006,0.022552,0.599734,0.008724,0.016182,0.000443,0.003403,0.008479,0.02086,0.026754,0.000868
35980,1137,30990,29853,29783,70,0,0,248,55.004048,0.0,34547.863912,1247.422257,1977.573695,1899.559303,3272.83,35980,50,74,44903040.0,12071791.0676,75391.3166,36468.2675,1214.7661,589.0687,67.9563,0.1972,13,0.174142,0.942855,0.458676,0.534472,1.134666,0.431575,0.872899,0.27222,0.466224,0.05521,0.196527,0.327597,0.529954,0.47164,0.062085,0.08145,0.024889,0.025289,0.126331,0.021966,0.579559,0.007769,0.015908,0.000381,0.003382,0.00848,0.020113,0.026495,0.000801
36000,1136,31016,29880,29810,70,0,0,252,51.303989,0.0,34518.748653,1246.611422,1982.08459,1903.414775,3281.62,36000,50,74,44928000.0,12083154.66,75475.6269,36499.8754,1215.8374,589.0687,67.9563,0.1972,13,0.173415,0.941608,0.458194,0.534025,1.13361,0.431101,0.873041,0.272915,0.46657,0.055162,0.196462,0.328144,0.530358,0.471343,0.062231,0.080043,0.024767,0.024907,0.12471,0.021833,0.581665,0.007857,0.015751,0.00038,0.003462,0.008649,0.020115,0.026168,0.000814
36020,1137,31046,29909,29839,70,0,0,253,52.980602,0.0,34489.288007,1245.997007,1981.022391,1906.314572,3286.0,36020,50,74,44952960.0,12094516.3095,75558.0527,36532.9565,1216.1715,589.0687,68.1682,0.2038,13,0.175022,0.941407,0.456895,0.532906,1.134286,0.43243,0.875128,0.272586,0.467184,0.055405,0.196184,0.328541,0.529903,0.471674,0.06217,0.080458,0.0244,0.024448,0.123833,0.021886,0.586085,0.007802,0.015891,0.000437,0.003474,0.008687,0.020083,0.026196,0.000824
36040,1129,31074,29945,29875,70,0,0,261,52.69203,0.0,34491.977077,1240.963275,1986.344696,1907.215998,3320.57,36040,50,74,44977920.0,12105877.8997,75641.0053,36565.4138,1218.0724,589.0687,68.6073,0.2097,13,0.174491,0.943565,0.456778,0.533731,1.136727,0.432347,0.886017,0.272216,0.467036,0.05559,0.196593,0.328063,0.528319,0.471341,0.062447,0.080397,0.024468,0.024769,0.125933,0.021995,0.610173,0.007696,0.016121,0.000457,0.003563,0.008679,0.020494,0.026098,0.000822
36060,1124,31097,29973,29902,71,0,0,259,56.230271,4.112005,34514.240405,1236.962272,1986.807457,1908.141229,3347.78,36060,50,74,45002880.0,12117243.729,75723.1393,36594.7526,1219.1821,589.0687,69.0347,0.2123,13,0.176157,0.941852,0.456625,0.533756,1.138408,0.432382,0.890823,0.271283,0.467467,0.05568,0.196625,0.328687,0.527582,0.472816,0.062531,0.080934,0.024313,0.024688,0.126035,0.022072,0.617663,0.007508,0.016197,0.00046,0.003613,0.008674,0.020094,0.02629,0.000815
36080,1125,31122,29997,29926,71,0,0,258,51.224151,0.0,34584.907048,1236.475209,1992.30064,1906.862199,3351.81,36080,50,74,45027840.0,12128625.1662,75807.5998,36624.5389,1220.11,591.9471,69.0347,0.2123,13,0.177778,0.939467,0.455725,0.533249,1.139188,0.432818,0.888098,0.271441,0.467067,0.055794,0.195784,0.329513,0.5277,0.474288,0.062518,0.080887,0.024544,0.024803,0.12623,0.022161,0.601228,0.007641,0.016255,0.000459,0.00349,0.008689,0.019922,0.026393,0.000808
36100,1133,31155,30022,29951,71,0,0,251,49.949959,0.0,34695.595082,1232.756521,1997.29352,1904.698865,3334.23,36100,50,74,45052800.0,12140027.353,75894.5341,36652.8633,1221.2636,591.9471,69.0519,0.2123,13,0.17917,0.936812,0.455605,0.533141,1.141484,0.43447,0.896673,0.271091,0.466765,0.055721,0.196059,0.329052,0.528918,0.47416,0.06259,0.081575,0.024259,0.025072,0.12849,0.02267,0.61589,0.007866,0.016104,0.000454,0.003525,0.008771,0.019909,0.026375,0.000799
36120,1137,31193,30056,29984,72,0,0,263,53.763177,24.681111,34733.186542,1230.412949,1995.823874,1902.300757,3307.25,36120,50,74,45077760.0,12151433.1706,75983.7622,36689.0277,1222.1257,602.4256,69.0534,0.2123,13,0.182058,0.935523,0.454348,0.534149,1.143755,0.435414,0.903674,0.270749,0.467048,0.055803,0.196353,0.32963,0.529755,0.473275,0.062772,0.081626,0.024168,0.026017,0.129062,0.022944,0.622938,0.007876,0.016344,0.000455,0.003531,0.00897,0.020088,0.026403,0.000802
36140,1140,31223,30083,30011,72,0,0,256,49.793513,20.186852,34821.872471,1235.132526,1995.073961,1901.443073,3300.62,36140,50,74,45102720.0,12162857.9626,76072.848,36725.1524,1223.5012,602.4256,69.0534,0.2123,13,0.184211,0.933731,0.453729,0.534384,1.145184,0.435458,0.908087,0.270484,0.466437,0.056016,0.196498,0.3303,0.529875,0.474434,0.063016,0.082072,0.024339,0.026251,0.128006,0.023074,0.614331,0.007903,0.016403,0.000469,0.003503,0.009102,0.020352,0.026551,0.000825
36160,1147,31253,30106,30034,72,0,0,252,48.848376,16.510966,34854.89401,1244.114655,1987.03697,1902.333453,3277.23,36160,50,74,45127680.0,12174293.6544,76159.9457,36759.5626,1224.1427,602.4256,69.2464,0.2134,13,0.187446,0.934865,0.452726,0.533211,1.1475,0.435321,0.909374,0.270214,0.465833,0.056292,0.195835,0.330193,0.531528,0.476766,0.06325,0.083828,0.024435,0.02596,0.128043,0.02339,0.603712,0.008045,0.016502,0.000489,0.003401,0.009129,0.02036,0.02684,0.00086
36180,1139,31275,30136,30064,72,0,0,248,49.019027,4.589187,34943.127928,1240.608691,1990.372283,1903.127072,3307.62,36180,50,74,45152640.0,12185731.1965,76246.5176,36790.3813,1225.5192,609.0369,69.7549,0.227,13,0.18525,0.936578,0.454212,0.532116,1.147362,0.43362,0.899907,0.27055,0.466001,0.056101,0.195141,0.329365,0.530829,0.477046,0.062929,0.084217,0.024774,0.025661,0.127318,0.022843,0.582562,0.008024,0.016418,0.000452,0.003272,0.009148,0.020042,0.026768,0.000847
36200,1141,31303,30162,30090,72,0,0,243,45.522025,3.753528,35019.87631,1243.732823,1990.745153,1903.615314,3303.14,36200,50,74,45177600.0,12197181.177,76332.5646,36823.1598,1226.7404,609.0369,70.2982,0.2343,13,0.184926,0.936882,0.453745,0.534708,1.147215,0.432569,0.908999,0.271482,0.465803,0.056021,0.195841,0.329388,0.531684,0.477176,0.063248,0.08385,0.024633,0.031539,0.128052,0.022716,0.597418,0.008562,0.016721,0.00045,0.003455,0.009174,0.020207,0.02667,0.00089
36220,1140,31328,30188,30115,73,0,0,239,46.353509,3.070037,35066.238255,1246.423093,1987.223399,1903.078437,3316.26,36220,50,74,45202560.0,12208630.5085,76419.4354,36853.4374,1228.0094,617.3654,70.6166,0.2343,13,0.182456,0.939198,0.452539,0.536709,1.141498,0.432238,0.909976,0.271883,0.465867,0.055918,0.195805,0.329146,0.529909,0.475262,0.063362,0.083884,0.024659,0.031735,0.126766,0.02273,0.597838,0.008588,0.016794,0.000451,0.003465,0.009137,0.020573,0.02676,0.000864
36240,1143,31359,30216,30142,74,0,0,234,44.506356,2.511004,35114.083101,1245.626533,1989.867112,1901.362362,3312.61,36240,50,74,45227520.0,12220078.7975,76508.2787,36884.1313,1228.7545,621.4853,71.1945,0.2343,13,0.180227,0.941987,0.454752,0.535258,1.142906,0.432906,0.900789,0.272067,0.465404,0.055773,0.195952,0.329407,0.530323,0.474984,0.063247,0.084367,0.025114,0.031346,0.125943,0.022531,0.576682,0.008496,0.016466,0.000445,0.003464,0.009001,0.020154,0.026208,0.000859
36260,1140,31390,30250,30176,74,0,0,238,48.771741,2.053768,35148.464216,1242.872045,1988.356214,1898.380644,3314.82,36260,50,74,45252480.0,12231538.1234,76599.571,36918.3171,1229.7746,621.4853,71.2107,0.2343,13,0.17807,0.943289,0.455178,0.534788,1.13984,0.432781,0.89854,0.271789,0.465289,0.055698,0.196036,0.329019,0.529189,0.474909,0.062927,0.084455,0.024975,0.031385,0.124431,0.022625,0.574869,0.00853,0.016318,0.000441,0.003452,0.009009,0.019826,0.026413,0.000822
36280,1147,31426,30279,30205,74,0,0,234,49.845948,0.0,35179.959418,1247.758188,1982.395864,1894.819812,3301.01,36280,50,74,45277440.0,12243014.1182,76693.2792,36956.1994,1231.0446,622.3298,71.2624,0.2343,13,0.181343,0.942193,0.455257,0.533215,1.14269,0.432952,0.896602,0.271233,0.465961,0.055809,0.195326,0.329548,0.531505,0.476351,0.063045,0.084676,0.024941,0.030816,0.123946,0.022559,0.565445,0.008554,0.016302,0.000446,0.003415,0.009033,0.019761,0.026637,0.000817
36300,1154,31465,30311,30237,74,0,0,241,51.360205,0.0,35171.288164,1253.715264,1974.924531,1890.723315,3269.98,36300,50,74,45302400.0,12254500.7461,76789.7775,36997.052,1232.5181,622.3298,71.635,0.2507,13,0.179376,0.942666,0.455593,0.532346,1.142815,0.432978,0.895264,0.271709,0.467689,0.056018,0.196337,0.330106,0.530856,0.476014,0.063061,0.083595,0.02446,0.030701,0.122899,0.022872,0.565946,0.008481,0.016928,0.000547,0.00348,0.008961,0.020151,0.026347,0.000876
36320,1158,31497,30339,30265,74,0,0,235,50.896452,0.0,35077.937349,1265.722819,1963.380729,1888.350848,3265.34,36320,50,74,45327360.0,12266003.4783,76886.7128,37040.0615,1234.3243,622.3298,73.4548,0.2788,13,0.175302,0.945204,0.456861,0.533046,1.139593,0.431615,0.892396,0.273423,0.467044,0.056004,0.196532,0.328824,0.53148,0.476358,0.062935,0.083591,0.024937,0.030804,0.120775,0.022813,0.56557,0.008607,0.017201,0.000543,0.003465,0.008882,0.020078,0.025993,0.000889
36340,1166,31531,30365,30290,75,0,0,231,48.321315,0.0,34889.579093,1274.809189,1956.869496,1888.53009,3245.82,36340,50,74,45352320.0,12277497.8079,76981.2085,37079.7169,1236.0857,625.8414,75.2268,0.2931,13,0.178388,0.944773,0.456517,0.533861,1.140883,0.433417,0.894771,0.273672,0.465701,0.055966,0.196531,0.327987,0.533641,0.476507,0.062747,0.08266,0.024863,0.030728,0.121738,0.022753,0.572575,0.008666,0.016739,0.00049,0.003557,0.008924,0.020923,0.026196,0.000873
36360,1165,31559,30394,30318,76,0,0,235,49.176462,0.0,34680.53291,1278.951662,1951.871876,1888.436709,3243.11,36360,50,74,45377280.0,12288993.4246,77075.5295,37116.6678,1238.1566,632.2945,75.6796,0.3055,13,0.179399,0.94502,0.457008,0.53485,1.143171,0.433823,0.89348,0.273255,0.466896,0.055996,0.19597,0.327379,0.534632,0.476952,0.062554,0.083261,0.025112,0.030937,0.121926,0.022855,0.571332,0.008594,0.017001,0.000491,0.003519,0.008895,0.021332,0.026205,0.000869
36380,1153,31582,30429,30353,76,0,0,248,55.125871,0.0,34494.056021,1270.615609,1954.258519,1888.310238,3271.01,36380,50,74,45402240.0,12300497.5578,77169.4657,37151.392,1239.0821,632.2945,75.7057,0.3068,13,0.178664,0.941277,0.457001,0.533285,1.141204,0.4339,0.89194,0.272593,0.467566,0.055996,0.196054,0.327572,0.534132,0.476035,0.062524,0.080566,0.025154,0.02509,0.121019,0.022877,0.576005,0.008131,0.016954,0.000494,0.003474,0.008894,0.021171,0.026481,0.000876
36400,1144,31604,30460,30384,76,0,0,254,58.46476,0.0,34427.423962,1261.307583,1960.227657,1891.805326,3304.27,36400,50,74,45427200.0,12312010.0144,77259.0743,37177.8696,1240.1925,632.2945,75.8437,0.3145,13,0.178322,0.939251,0.457932,0.533789,1.13896,0.434062,0.898209,0.273388,0.46645,0.056192,0.195889,0.32766,0.53411,0.47566,0.062596,0.079518,0.025156,0.025047,0.120959,0.022584,0.59996,0.008294,0.017071,0.000519,0.003438,0.009017,0.021264,0.026103,0.000882
36420,1159,31642,30483,30407,76,0,0,244,53.176061,0.0,34354.382991,1264.623333,1962.200606,1896.581595,3274.19,36420,50,74,45452160.0,12323531.1993,77344.6221,37205.2045,1241.4272,632.2945,75.9478,0.3154,13,0.176014,0.9414,0.458843,0.53236,1.138591,0.433613,0.890624,0.273399,0.466846,0.056035,0.195018,0.327168,0.534037,0.476131,0.062304,0.079257,0.025168,0.024632,0.120234,0.022236,0.584582,0.008339,0.017053,0.000505,0.003258,0.008935,0.020361,0.026235,0.000851
36440,1149,31671,30522,30446,76,0,0,248,53.15498,0.0,34310.996001,1254.82742,1972.0176,1899.48131,3302.26,36440,50,74,45477120.0,12335036.106,77429.2315,37238.556,1242.9781,632.2945,76.4223,0.3199,13,0.178416,0.942523,0.455957,0.533211,1.139036,0.433742,0.898215,0.272927,0.466952,0.056246,0.194515,0.326508,0.534507,0.476593,0.062187,0.079891,0.024649,0.02464,0.120259,0.022474,0.596507,0.008378,0.017661,0.000511,0.003227,0.009062,0.02074,0.02658,0.00085
36460,1142,31694,30552,30475,77,0,0,250,54.562001,17.234179,34258.702237,1251.511157,1973.926842,1901.164105,3334.35,36460,50,74,45502080.0,12346544.7679,77513.6287,37273.8974,1243.4954,654.393,76.8604,0.3199,13,0.178634,0.940208,0.455713,0.53227,1.138167,0.433826,0.901749,0.273445,0.465736,0.056303,0.194126,0.327018,0.535513,0.47809,0.062211,0.079718,0.024939,0.024794,0.122386,0.02263,0.598737,0.008546,0.01736,0.000516,0.003171,0.009078,0.02109,0.026792,0.000848
36480,1142,31729,30587,30510,77,0,0,263,56.273613,14.095955,34340.760342,1245.015315,1978.711071,1901.604128,3327.5,36480,50,74,45527040.0,12358065.6186,77599.2826,37306.474,1245.3579,654.393,77.3409,0.3214,13,0.17951,0.937541,0.455184,0.533044,1.138952,0.434813,0.908556,0.272846,0.464877,0.056095,0.195132,0.327211,0.535268,0.478436,0.062597,0.079221,0.024782,0.024643,0.123313,0.022785,0.611625,0.00858,0.016848,0.000451,0.003395,0.009106,0.021031,0.026785,0.000832
36500,1140,31760,30620,30542,78,0,0,259,52.774355,11.529179,34498.039708,1238.404529,1988.821116,1900.18218,3310.32,36500,50,74,45552000.0,12369599.1232,77688.7963,37338.3112,1247.7358,658.8713,79.1925,0.3228,13,0.183333,0.936992,0.454143,0.533038,1.142906,0.43508,0.909434,0.272414,0.465307,0.056126,0.194849,0.326279,0.534709,0.478977,0.062464,0.080675,0.02497,0.02487,0.125548,0.022758,0.60351,0.008498,0.016735,0.000426,0.003388,0.009075,0.021216,0.027032,0.000832
36520,1125,31782,30657,30577,80,0,0,271,61.294955,16.619336,34644.270522,1232.041327,1986.663718,1900.136233,3363.11,36520,50,74,45576960.0,12381113.1464,77778.5206,37371.876,1248.4882,672.3799,80.2882,0.3268,13,0.184,0.939005,0.452481,0.531893,1.141829,0.435884,0.905737,0.272167,0.465969,0.056174,0.194262,0.326724,0.533588,0.47933,0.062107,0.080824,0.024714,0.024478,0.124583,0.022668,0.588271,0.008466,0.016675,0.00041,0.00333,0.009216,0.020999,0.027114,0.000749
36540,1130,31820,30690,30610,80,0,0,270,59.545572,13.59307,34833.609242,1227.985095,1992.469334,1904.56376,3342.5,36540,50,74,45601920.0,12392620.6277,77862.9847,37407.6766,1250.136,672.3799,80.6479,0.3268,13,0.184956,0.937832,0.453602,0.531046,1.143642,0.433115,0.907792,0.271534,0.464857,0.056176,0.193554,0.326858,0.533459,0.478486,0.061893,0.080066,0.02578,0.02396,0.127147,0.022165,0.599023,0.008201,0.016325,0.000419,0.003243,0.009112,0.021577,0.027474,0.00074
36560,1136,31847,30711,30630,81,0,0,266,55.057388,11.117866,34994.676216,1237.734938,1987.207674,1908.124557,3339.13,36560,50,74,45626880.0,12404126.0906,77944.865,37441.268,1251.5035,678.354,81.5444,0.3268,13,0.183979,0.93811,0.453717,0.531031,1.144154,0.432037,0.911431,0.271871,0.465324,0.056508,0.193492,0.326422,0.533775,0.478526,0.061943,0.081106,0.025411,0.024214,0.126662,0.022262,0.602681,0.008182,0.016455,0.000478,0.003269,0.009091,0.021636,0.027651,0.000764
36580,1146,31886,30740,30658,82,0,0,274,61.123339,9.09338,35084.834818,1237.241693,1981.634968,1914.098732,3314.76,36580,50,74,45651840.0,12415630.4459,78020.985,37475.4577,1252.5737,682.7695,82.999,0.3268,13,0.182373,0.937282,0.452567,0.533444,1.142722,0.431224,0.914065,0.271941,0.463311,0.056259,0.194045,0.326056,0.532267,0.476587,0.062041,0.080458,0.025068,0.027956,0.127944,0.022408,0.618285,0.008222,0.016597,0.000432,0.003313,0.009003,0.021683,0.027559,0.000789
36600,1150,31920,30770,30686,84,0,0,272,56.401937,7.437539,35166.505526,1241.912178,1981.685885,1916.680695,3306.67,36600,50,74,45676800.0,12427131.6871,78096.6559,37509.7377,1254.0671,691.7283,83.7089,0.3362,13,0.185217,0.939194,0.452178,0.53232,1.143961,0.43348,0.907711,0.271135,0.464627,0.056455,0.194263,0.326365,0.534154,0.476794,0.062005,0.081305,0.025001,0.026648,0.127571,0.022679,0.598598,0.00827,0.016278,0.000477,0.003364,0.009011,0.021473,0.027866,0.000789
36620,1149,31950,30801,30717,84,0,0,277,56.49289,6.083214,35207.268805,1247.751407,1975.755703,1915.762599,3312.29,36620,51,74,45701760.0,12438646.7428,78175.3064,37551.2087,1255.0095,691.7283,84.6022,0.34,13,0.18886,0.937295,0.450706,0.53232,1.142988,0.435335,0.914358,0.270098,0.465118,0.056836,0.194485,0.327501,0.534901,0.478075,0.062007,0.081708,0.024748,0.026535,0.127702,0.022925,0.605341,0.008253,0.016206,0.000524,0.003392,0.009136,0.021631,0.028277,0.000795
36640,1158,31980,30822,30738,84,0,0,263,53.8589,4.975503,35202.271478,1258.62096,1967.52014,1913.975285,3290.09,36640,51,74,45726720.0,12450164.434,78256.0862,37586.5827,1255.5761,691.7283,84.9788,0.3532,13,0.188256,0.937771,0.452292,0.532561,1.143388,0.43647,0.91658,0.269661,0.464814,0.056698,0.194539,0.327087,0.535077,0.477414,0.061845,0.081785,0.025195,0.026105,0.12733,0.022659,0.616131,0.00796,0.015915,0.000504,0.003466,0.009059,0.021605,0.028031,0.000775
36660,1146,32002,30856,30771,85,0,0,270,55.547338,4.069499,35165.137302,1255.756824,1968.695838,1911.079647,3325.61,36660,51,74,45751680.0,12461693.3076,78339.7669,37621.5532,1256.6122,698.1966,85.1637,0.3642,13,0.185864,0.93871,0.453145,0.533019,1.139163,0.435943,0.918438,0.269823,0.464411,0.056337,0.195165,0.327598,0.533583,0.476006,0.061746,0.081349,0.024983,0.025959,0.126325,0.022724,0.635658,0.008019,0.016077,0.000443,0.003725,0.009107,0.021708,0.027451,0.000773
36680,1141,32026,30885,30800,85,0,0,271,55.442506,3.328471,35233.562782,1248.66216,1975.895333,1910.126348,3325.39,36680,51,74,45776640.0,12473233.7505,78422.8947,37651.2314,1257.0892,698.1966,85.1724,0.3642,13,0.188431,0.937393,0.45371,0.532663,1.14108,0.436661,0.920078,0.269794,0.463927,0.056298,0.195156,0.328339,0.533997,0.476824,0.0616,0.081336,0.025076,0.026318,0.129214,0.022859,0.634567,0.008028,0.01613,0.000445,0.003722,0.009057,0.021653,0.027603,0.000774
36700,1141,32053,30912,30827,85,0,0,270,56.624852,2.72238,35332.554582,1242.958971,1980.416177,1909.552627,3324.6,36700,51,74,45801600.0,12484779.9134,78505.7094,37678.2102,1258.2767,698.1966,85.8344,0.3766,13,0.189308,0.935032,0.452591,0.53342,1.143982,0.436368,0.924985,0.269471,0.463225,0.056427,0.195043,0.328847,0.533469,0.478044,0.061696,0.082239,0.024578,0.028529,0.129207,0.022958,0.645192,0.008175,0.016095,0.000478,0.003732,0.009077,0.021431,0.027703,0.000784
36720,1146,32091,30945,30858,87,0,0,263,53.506276,6.191704,35460.231789,1238.859432,1987.634292,1908.625547,3312.85,36720,51,74,45826560.0,12496339.6438,78589.0718,37709.6751,1260.6727,703.0199,86.4707,0.3766,13,0.189354,0.935677,0.453108,0.533069,1.143907,0.436832,0.924312,0.269717,0.464189,0.056382,0.194674,0.328632,0.532426,0.478512,0.061943,0.082876,0.024565,0.02851,0.126487,0.02274,0.639228,0.008147,0.01615,0.000492,0.003568,0.009047,0.020572,0.02775,0.000784
36740,1161,32134,30973,30885,88,0,0,265,52.555614,10.213092,35487.201328,1246.43491,1981.009477,1906.848073,3279.1,36740,51,74,45851520.0,12507881.7066,78674.2186,37748.1575,1262.0534,729.8388,86.7462,0.3857,13,0.18863,0.936063,0.455423,0.530854,1.141766,0.434962,0.926264,0.270553,0.464736,0.056932,0.195007,0.329171,0.534792,0.480336,0.062381,0.084022,0.025082,0.026315,0.127382,0.022868,0.631913,0.008295,0.016338,0.000615,0.003658,0.009017,0.021218,0.027763,0.000859
36760,1148,32153,31005,30917,88,0,0,273,56.634564,8.353359,35543.370944,1248.859782,1974.505655,1905.540944,3266.79,36760,51,74,45876480.0,12519419.3297,78760.148,37789.1026,1263.2267,729.8388,87.8685,0.389,13,0.191638,0.934293,0.453936,0.530043,1.141569,0.436469,0.929288,0.270539,0.46415,0.057066,0.194353,0.329527,0.536627,0.482292,0.062248,0.084504,0.024988,0.02632,0.127932,0.023082,0.636397,0.008339,0.016514,0.000619,0.00361,0.009244,0.021552,0.027872,0.000866
36780,1145,32180,31035,30946,89,0,0,283,57.615483,7.035118,35625.477867,1246.59609,1975.788427,1906.380128,3267.91,36780,51,73,45901440.0,12530973.7058,78843.4809,37819.2777,1263.8153,730.0914,89.1956,0.4039,13,0.19476,0.934167,0.454686,0.531294,1.14347,0.437537,0.92576,0.27068,0.462202,0.056884,0.193963,0.33062,0.537058,0.483949,0.062069,0.083366,0.025136,0.026397,0.130047,0.023226,0.630336,0.008447,0.016145,0.000544,0.003652,0.00949,0.021268,0.027827,0.000852
36800,1156,32210,31054,30965,89,0,0,268,51.802102,5.754072,35669.583458,1253.256605,1974.941292,1908.642451,3249.28,36800,51,73,45926400.0,12542531.8917,78924.6902,37850.5079,1264.1816,730.0914,90.2181,0.4039,13,0.194637,0.932794,0.45561,0.529261,1.144315,0.438024,0.918848,0.269961,0.463114,0.056965,0.192952,0.330528,0.537165,0.48463,0.061766,0.082788,0.02535,0.022581,0.129188,0.023138,0.607167,0.007918,0.01594,0.000545,0.003542,0.009517,0.021208,0.027686,0.00083
36820,1157,32234,31077,30988,89,0,0,266,51.851723,4.706295,35679.156496,1256.972877,1971.1754,1911.492725,3238.71,36820,51,73,45951360.0,12554092.3815,79003.3323,37881.4287,1265.2418,730.0914,91.277,0.4121,13,0.194468,0.932966,0.455466,0.527492,1.147049,0.437826,0.922797,0.269803,0.462141,0.057068,0.192992,0.330701,0.536446,0.48476,0.061954,0.082096,0.025675,0.022382,0.130466,0.023018,0.610202,0.007926,0.015942,0.000552,0.003542,0.009537,0.021157,0.027486,0.000829
36840,1151,32262,31111,31022,89,0,0,264,50.016203,3.849312,35761.985001,1248.795949,1981.187848,1913.317137,3243.74,36840,51,73,45976320.0,12565698.9592,79081.8835,37911.2889,1265.5467,730.0914,92.023,0.4151,13,0.192876,0.934404,0.455283,0.527425,1.147858,0.438986,0.928297,0.271019,0.462358,0.056698,0.193347,0.330144,0.536579,0.48287,0.062223,0.083055,0.025591,0.022112,0.128981,0.023215,0.624728,0.00799,0.016018,0.000513,0.003559,0.009398,0.021218,0.027128,0.000917
36860,1146,32289,31143,31053,90,0,0,260,53.183928,1.321237,35879.580194,1249.604887,1977.211185,1915.510519,3253.05,36860,51,73,46001280.0,12577333.8297,79158.32,37945.4133,1267.7478,742.3727,92.209,0.4151,13,0.190227,0.935998,0.455041,0.527791,1.146397,0.438578,0.921643,0.27126,0.462548,0.056544,0.1934,0.328698,0.534429,0.481124,0.062096,0.083084,0.025011,0.022094,0.129078,0.022973,0.617631,0.007845,0.016023,0.000468,0.003546,0.009198,0.020512,0.026717,0.000912
36880,1151,32329,31178,31088,90,0,0,264,56.436904,1.080649,36045.848971,1243.170188,1980.392908,1915.368378,3226.3,36880,51,73,46026240.0,12588992.4828,79236.2076,37979.2169,1268.7525,742.3727,92.2093,0.4151,13,0.187663,0.935677,0.455714,0.526688,1.145685,0.439661,0.912402,0.271847,0.463502,0.056338,0.193647,0.329141,0.53487,0.481137,0.061992,0.082211,0.024977,0.021988,0.127426,0.022964,0.596033,0.007915,0.015694,0.000462,0.003494,0.009221,0.019926,0.026243,0.000908
36900,1157,32358,31201,31111,90,0,0,255,53.448061,0.823142,36174.050289,1256.988094,1969.563845,1911.206713,3216.12,36900,51,73,46051200.0,12600649.5659,79319.7068,38018.8756,1269.9936,742.3727,92.2093,0.4151,13,0.187554,0.936926,0.456225,0.526931,1.145003,0.440136,0.910669,0.271853,0.462208,0.056112,0.194158,0.328233,0.534112,0.480888,0.061865,0.082464,0.024885,0.022143,0.128285,0.022883,0.588415,0.007925,0.015394,0.000428,0.003524,0.009238,0.019658,0.026014,0.000871
36920,1170,32391,31221,31131,90,0,0,236,45.411854,0.673253,36175.000668,1275.675974,1958.912172,1907.330752,3190.15,36920,51,73,46076160.0,12612308.8926,79406.5303,38058.7616,1271.4801,742.3727,92.2093,0.4151,13,0.182051,0.940933,0.456946,0.527924,1.141701,0.438462,0.90881,0.272186,0.462902,0.055824,0.194372,0.327734,0.534344,0.479793,0.062124,0.082849,0.024913,0.022531,0.128306,0.022938,0.593179,0.008063,0.015457,0.000426,0.003581,0.009336,0.020063,0.026174,0.000876
36940,1168,32422,31254,31164,90,0,0,239,50.402687,0.412211,36145.059234,1271.001141,1958.596173,1903.473274,3195.71,36940,51,73,46101120.0,12623995.9687,79496.676,38094.9003,1272.6646,742.3727,92.2093,0.4151,13,0.182363,0.938104,0.456512,0.529198,1.140134,0.439151,0.908568,0.271429,0.464038,0.055903,0.194261,0.327543,0.534162,0.478739,0.061945,0.081708,0.025222,0.022724,0.129931,0.023015,0.580097,0.008007,0.015729,0.000422,0.003475,0.009375,0.020292,0.026364,0.00074
36960,1156,32445,31289,31199,90,0,0,246,50.854136,0.337151,36194.709182,1267.249644,1961.896219,1899.460527,3237.59,36960,51,73,46126080.0,12635672.6814,79590.3927,38129.0844,1273.6187,742.3727,92.2093,0.4151,13,0.180796,0.9399,0.456001,0.53026,1.13697,0.439943,0.904111,0.270309,0.46541,0.055962,0.194876,0.328116,0.533499,0.477929,0.06181,0.081469,0.024791,0.02289,0.128173,0.023185,0.576496,0.007853,0.015814,0.000424,0.003463,0.009371,0.020696,0.026529,0.000731
36980,1159,32476,31317,31227,90,0,0,251,48.210321,0.275758,36243.078274,1266.576693,1965.212986,1894.745964,3234.9,36980,51,73,46151040.0,12647335.1828,79687.9993,38161.3144,1274.5427,742.3727,92.5576,0.4324,13,0.182053,0.939961,0.457778,0.531828,1.138827,0.440383,0.905178,0.269422,0.465867,0.055999,0.195059,0.327734,0.535,0.478324,0.061835,0.082402,0.025346,0.024091,0.128157,0.023045,0.580169,0.007643,0.016043,0.000441,0.003545,0.009346,0.020769,0.026721,0.000758
37000,1158,32501,31343,31253,90,0,0,258,52.729353,0.225544,36310.383898,1266.945028,1960.325619,1890.323431,3241.71,37000,51,73,46176000.0,12659000.6631,79788.4942,38191.9147,1275.6703,742.3727,92.8148,0.4324,13,0.183074,0.939019,0.456809,0.534112,1.139622,0.440989,0.90408,0.268826,0.466533,0.055969,0.194724,0.328321,0.534409,0.477849,0.061728,0.082545,0.025389,0.024381,0.129395,0.022929,0.5797,0.007471,0.016096,0.000444,0.003364,0.009209,0.020602,0.027031,0.000753
37020,1173,32536,31363,31273,90,0,0,254,50.705912,0.184474,36308.64059,1273.743652,1955.550436,1886.595646,3216.32,37020,51,73,46200960.0,12670671.8021,79891.4412,38223.6124,1276.6061,742.3727,92.8148,0.4324,13,0.182438,0.939367,0.456568,0.533923,1.138532,0.43965,0.903747,0.26874,0.464249,0.05607,0.19457,0.327422,0.533974,0.477663,0.061846,0.082216,0.025326,0.024359,0.129272,0.022932,0.576816,0.007479,0.015848,0.000447,0.003357,0.009276,0.020593,0.027099,0.000752
37040,1178,32565,31387,31296,91,0,0,252,48.547108,40.273973,36230.622794,1283.865901,1947.586991,1883.899417,3205.41,37040,51,73,46225920.0,12682363.8503,79995.2896,38260.6968,1277.1645,742.3727,92.8964,0.4324,13,0.184211,0.939714,0.45607,0.533525,1.139011,0.438973,0.909086,0.268966,0.463452,0.05606,0.194295,0.327881,0.534983,0.477373,0.061968,0.082609,0.025244,0.02465,0.131203,0.023037,0.58673,0.007506,0.015814,0.000447,0.003357,0.00946,0.021096,0.027112,0.000753
37060,1174,32593,31419,31327,92,0,0,249,52.471642,49.499368,36133.415655,1283.656903,1943.871455,1882.65853,3222.43,37060,51,73,46250880.0,12694074.7941,80099.4565,38295.919,1279.51,767.705,93.0086,0.4324,13,0.183135,0.940441,0.458781,0.53189,1.141596,0.440449,0.907538,0.268523,0.46516,0.056168,0.194576,0.327569,0.534576,0.476181,0.061732,0.0824,0.025421,0.024425,0.127244,0.023018,0.591428,0.007498,0.01578,0.00045,0.003399,0.009239,0.020764,0.027201,0.000749
37080,1183,32622,31439,31347,92,0,0,242,45.614788,40.485876,36017.542529,1293.550464,1940.834748,1883.52258,3209.39,37080,51,73,46275840.0,12705769.6703,80201.46,38328.7674,1280.7994,767.705,93.0086,0.4324,13,0.182587,0.942324,0.458379,0.532577,1.142068,0.441364,0.920492,0.268224,0.463873,0.056258,0.195486,0.326857,0.534141,0.476212,0.062222,0.083045,0.025461,0.025229,0.130588,0.023498,0.620767,0.007884,0.016083,0.000451,0.003562,0.0093,0.02115,0.027259,0.000791
37100,1187,32655,31468,31376,92,0,0,246,45.227516,16.289319,35811.301469,1298.387204,1936.385281,1879.727307,3206.36,37100,51,73,46300800.0,12717446.151,80309.1774,38364.4477,1282.5783,780.2074,93.1017,0.4324,13,0.181971,0.943862,0.457131,0.532483,1.140049,0.440565,0.918991,0.268497,0.463699,0.056253,0.195295,0.326625,0.533515,0.474921,0.062264,0.083092,0.025258,0.024916,0.131002,0.023297,0.620277,0.007876,0.016242,0.000448,0.003576,0.009313,0.020887,0.026917,0.000791
37120,1175,32672,31497,31405,92,0,0,247,45.960955,6.67565,35616.324318,1296.070017,1937.969029,1876.750063,3247.04,37120,51,73,46325760.0,12729110.8259,80419.1799,38395.8732,1283.5278,785.6724,93.2086,0.433,13,0.18383,0.941655,0.456576,0.532631,1.138923,0.439296,0.933813,0.269072,0.462297,0.056497,0.195542,0.327538,0.533131,0.477004,0.062629,0.0832,0.025365,0.025434,0.130028,0.023436,0.664674,0.007888,0.016358,0.000467,0.003593,0.009384,0.021075,0.027135,0.000857
37140,1179,32708,31529,31437,92,0,0,248,46.684606,5.460061,35514.365034,1283.570144,1949.74525,1878.766553,3247.5,37140,51,73,46350720.0,12740793.9106,80525.5203,38424.838,1284.2668,785.6724,93.8705,0.44,13,0.185751,0.937833,0.457226,0.530553,1.138908,0.439188,0.93043,0.268628,0.464058,0.056793,0.195332,0.328429,0.532373,0.478414,0.062494,0.08198,0.025838,0.024954,0.130415,0.023561,0.662567,0.007902,0.01656,0.000529,0.003607,0.009207,0.02098,0.027375,0.000873
37160,1174,32747,31573,31480,93,0,0,262,54.597596,4.465822,35439.468374,1269.004706,1956.397698,1885.730654,3263.54,37160,51,73,46375680.0,12752492.3676,80624.1742,38462.4813,1285.2356,796.0099,94.7653,0.4567,13,0.184838,0.936237,0.455377,0.532985,1.135688,0.439077,0.925398,0.26879,0.462486,0.056743,0.195318,0.328256,0.531132,0.476667,0.062126,0.081828,0.025632,0.02646,0.130263,0.023927,0.660004,0.007812,0.016135,0.000463,0.003542,0.00917,0.020893,0.027182,0.000847
37180,1168,32771,31603,31509,94,0,0,261,49.42427,3.652626,35419.346476,1271.216829,1959.358901,1890.88067,3257.73,37180,51,73,46400640.0,12764154.0292,80720.6381,38498.8607,1286.2872,818.3618,94.9819,0.4697,13,0.185788,0.935082,0.456071,0.53402,1.13704,0.438483,0.927847,0.269186,0.462722,0.056928,0.195668,0.328228,0.530067,0.476889,0.062454,0.082498,0.026137,0.026916,0.130986,0.023908,0.657574,0.007908,0.01614,0.000463,0.003603,0.009135,0.021125,0.026924,0.000865
37200,1165,32800,31635,31541,94,0,0,261,52.923645,2.987509,35402.81862,1270.412769,1956.663586,1893.665105,3253.75,37200,51,73,46425600.0,12775818.901,80816.6538,38533.3059,1288.138,818.3618,95.4689,0.5148,13,0.184549,0.938142,0.457325,0.533064,1.137779,0.438086,0.924661,0.269857,0.463886,0.056766,0.195278,0.327307,0.531242,0.476957,0.062295,0.083898,0.026056,0.026861,0.132361,0.023877,0.653454,0.00802,0.016258,0.000456,0.003525,0.009229,0.021339,0.026831,0.000868
37220,1151,32822,31671,31575,96,0,0,266,51.86875,4.034501,35463.692364,1262.903274,1965.227976,1894.452741,3292.6,37220,51,73,46450560.0,12787495.0752,80913.2569,38565.6778,1289.2765,836.1401,96.9772,0.5589,13,0.186794,0.937072,0.455761,0.530357,1.142589,0.439203,0.926064,0.269521,0.466102,0.056738,0.194837,0.328207,0.531413,0.476564,0.062371,0.084437,0.025915,0.023223,0.131254,0.023996,0.656411,0.007834,0.016036,0.000456,0.003541,0.009282,0.021088,0.026647,0.000868
37240,1145,32847,31702,31606,96,0,0,268,55.915142,1.998559,35558.104428,1255.38737,1968.697488,1893.639729,3309.98,37240,51,73,46475520.0,12799156.1568,81011.5027,38593.8841,1290.5749,837.2486,98.5808,0.5618,13,0.1869,0.936079,0.45772,0.53014,1.14397,0.439747,0.920143,0.269539,0.466563,0.056666,0.194906,0.328755,0.532239,0.476329,0.062121,0.082131,0.02609,0.022861,0.130583,0.023692,0.64451,0.00786,0.015773,0.000442,0.003513,0.009193,0.020843,0.026283,0.00081
37260,1147,32886,31739,31643,96,0,0,271,53.690006,1.634635,35725.556929,1241.895781,1984.414213,1894.776169,3312.59,37260,51,73,46500480.0,12810803.2052,81107.5278,38622.1063,1291.2997,837.2486,99.3352,0.5618,13,0.186574,0.936311,0.457408,0.530562,1.141651,0.440295,0.915781,0.269531,0.466072,0.056513,0.194701,0.329644,0.531464,0.476061,0.061564,0.081566,0.025736,0.023015,0.131862,0.023588,0.63467,0.007828,0.015871,0.000414,0.003459,0.009237,0.020686,0.026518,0.000767
37280,1158,32925,31767,31670,97,0,0,265,56.525771,1.336979,35919.444461,1249.059143,1974.415086,1895.064296,3280.36,37280,51,73,46525440.0,12822473.0828,81203.8232,38660.8735,1291.956,839.8863,100.0471,0.5618,13,0.189119,0.936707,0.454332,0.528942,1.145363,0.440671,0.915886,0.269554,0.465971,0.056518,0.194074,0.329892,0.532126,0.477209,0.061433,0.081729,0.025314,0.02241,0.132081,0.023366,0.628144,0.007831,0.015457,0.000414,0.003369,0.00904,0.020589,0.026598,0.000754
37300,1162,32949,31787,31689,98,0,0,255,50.081422,1.093525,36028.517644,1265.663281,1964.255297,1894.23301,3266.61,37300,51,73,46550400.0,12834146.7509,81301.0972,38699.3394,1293.3221,845.8118,100.4486,0.5618,13,0.188468,0.937866,0.456517,0.528927,1.144364,0.44013,0.911476,0.269875,0.466408,0.056645,0.193895,0.330182,0.531579,0.478276,0.061285,0.082151,0.025946,0.0224,0.130198,0.023094,0.614923,0.007892,0.015375,0.000443,0.003371,0.008968,0.020063,0.027088,0.000717
37320,1161,32979,31818,31720,98,0,0,258,55.788403,0.885355,36078.675822,1264.1181,1960.093496,1893.724157,3256.96,37320,51,73,46575360.0,12845819.5323,81398.5605,38734.7146,1293.6964,845.8118,101.2646,0.5625,13,0.190353,0.937685,0.457249,0.52951,1.144007,0.440929,0.908886,0.268717,0.466375,0.056779,0.19405,0.330312,0.534114,0.479632,0.061534,0.081557,0.026319,0.022328,0.13285,0.023684,0.600156,0.007637,0.015482,0.000454,0.003305,0.009134,0.021025,0.027732,0.000784
37340,1176,33025,31849,31750,99,0,0,258,58.015428,0.0,36010.524977,1267.498166,1954.486406,1892.06263,3221.82,37340,51,73,46600320.0,12857478.145,81497.4021,38774.0088,1295.0608,849.0276,102.8866,0.5677,13,0.188776,0.938164,0.458557,0.52962,1.14103,0.441488,0.911402,0.268064,0.465934,0.056713,0.194557,0.330914,0.533114,0.48052,0.061693,0.081444,0.027058,0.022818,0.132776,0.023715,0.616187,0.007435,0.015544,0.000476,0.003326,0.009122,0.021082,0.027599,0.000786
37360,1180,33060,31880,31778,102,0,0,258,57.634981,12.810609,35900.904833,1276.511005,1945.854014,1887.608221,3206.05,37360,51,73,46625280.0,12869151.7089,81601.0254,38817.4604,1296.0867,885.5142,104.3645,0.5677,13,0.189831,0.937539,0.459337,0.530934,1.144089,0.441049,0.924133,0.268259,0.465845,0.056569,0.194896,0.330461,0.532945,0.480625,0.061579,0.081476,0.027252,0.022514,0.131933,0.023644,0.661886,0.007424,0.015451,0.000479,0.003421,0.009117,0.021467,0.027995,0.000777
37380,1183,33092,31909,31807,102,0,0,266,59.218817,0.0,35778.733792,1286.812141,1933.969042,1883.05897,3191.49,37380,51,73,46650240.0,12880831.5241,81708.0681,38860.1533,1297.0783,891.544,105.1833,0.5744,13,0.188504,0.941085,0.458161,0.529291,1.143867,0.440072,0.927921,0.267928,0.46633,0.056728,0.194587,0.32958,0.532529,0.481666,0.061419,0.082557,0.026776,0.021095,0.133063,0.023813,0.672839,0.007343,0.015625,0.000502,0.003389,0.009249,0.021635,0.028447,0.000747
37400,1176,33115,31939,31837,102,0,0,274,59.534743,0.0,35614.155978,1290.860071,1929.605186,1881.949751,3206.84,37400,51,73,46675200.0,12892522.0973,81813.0988,38896.7072,1299.3068,891.544,106.3121,0.5934,13,0.188776,0.940312,0.457534,0.529423,1.14353,0.43901,0.936804,0.267952,0.46681,0.056702,0.19416,0.329153,0.533034,0.481866,0.0619,0.083036,0.026898,0.021348,0.13468,0.023852,0.690554,0.007417,0.015799,0.00051,0.003375,0.009286,0.021961,0.028641,0.00081
37420,1161,33143,31982,31879,103,0,0,285,64.54026,0.0,35557.587093,1268.172948,1947.286792,1880.948899,3245.14,37420,51,73,46700160.0,12904201.7577,81918.0364,38923.8919,1301.4679,903.5176,107.4055,0.6175,13,0.189492,0.938064,0.455696,0.530701,1.141901,0.440592,0.948402,0.267575,0.465769,0.05671,0.193803,0.329807,0.532479,0.483184,0.062193,0.083943,0.026486,0.021775,0.13725,0.024552,0.713103,0.00734,0.01598,0.000511,0.003354,0.009397,0.022035,0.028665,0.000812
37440,1155,33169,32014,31911,103,0,0,281,59.090211,0.0,35640.299121,1260.991272,1959.918517,1879.539528,3249.51,37440,51,72,46725120.0,12915874.0719,82023.8072,38952.5939,1302.0448,903.5176,107.8229,0.6507,13,0.184416,0.938446,0.45693,0.531147,1.137814,0.439918,0.9492,0.268033,0.466448,0.056718,0.194334,0.329529,0.530484,0.481742,0.062084,0.083591,0.026949,0.021956,0.13625,0.024552,0.721391,0.007269,0.016341,0.000547,0.003349,0.009385,0.021155,0.028452,0.000823
37460,1153,33197,32044,31940,104,0,0,288,63.655979,0.0,35704.701813,1258.521877,1957.822144,1877.894881,3254.98,37460,51,72,46750080.0,12927546.3465,82130.7085,38986.1995,1303.354,907.6275,108.0822,0.6636,13,0.18647,0.936947,0.455689,0.529535,1.141517,0.439502,0.950501,0.267972,0.466793,0.056634,0.193888,0.329717,0.530932,0.481977,0.062065,0.084383,0.026433,0.021766,0.137363,0.024283,0.722989,0.007289,0.016372,0.000544,0.003377,0.009261,0.020699,0.028473,0.000824
37480,1158,33230,32072,31968,104,0,0,272,56.484027,0.0,35841.440738,1256.81668,1966.699294,1877.578155,3230.55,37480,51,72,46775040.0,12939238.6098,82236.3014,39017.6724,1305.3122,907.6275,108.2096,0.6636,13,0.186528,0.936058,0.455809,0.529825,1.140551,0.440612,0.951825,0.267388,0.46703,0.056795,0.193848,0.329629,0.531223,0.483306,0.06217,0.085138,0.026572,0.022219,0.138041,0.024255,0.727432,0.007297,0.016676,0.000548,0.003324,0.009384,0.020759,0.02893,0.000824
37500,1163,33269,32106,32001,105,0,0,281,59.967119,21.377638,35916.602146,1255.721856,1964.311024,1877.592096,3223.81,37500,51,72,46800000.0,12950928.6717,82342.1294,39053.5526,1306.2526,929.7934,108.5633,0.6643,13,0.189166,0.936743,0.455991,0.530318,1.142069,0.440883,0.950648,0.267465,0.46685,0.056582,0.193596,0.33014,0.532908,0.484155,0.062326,0.086673,0.026695,0.02217,0.137735,0.024325,0.714035,0.007418,0.016545,0.000504,0.003325,0.009408,0.021637,0.028859,0.000816
37520,1160,33301,32141,32036,105,0,0,275,61.306302,17.484918,36042.794527,1252.209755,1966.483942,1876.265679,3233.53,37520,51,72,46824960.0,12962609.2729,82450.1253,39091.9643,1308.6167,929.7934,109.1758,0.6689,13,0.189655,0.935117,0.456037,0.53004,1.140064,0.440701,0.954215,0.267773,0.466908,0.056541,0.193284,0.330077,0.531217,0.484363,0.062452,0.08669,0.027045,0.022353,0.136104,0.02414,0.733624,0.007479,0.016828,0.000517,0.003254,0.009346,0.021471,0.029005,0.000822
37540,1160,33326,32166,32060,106,0,0,278,57.378465,14.301036,36196.887885,1256.332862,1966.288673,1874.544019,3238.0,37540,51,72,46849920.0,12974275.3728,82559.7523,39125.1879,1309.7399,934.3117,110.2588,0.6746,13,0.191379,0.931511,0.456478,0.530574,1.14186,0.441564,0.950761,0.268059,0.467133,0.056846,0.193481,0.329906,0.531565,0.485381,0.061893,0.085764,0.02719,0.022296,0.135946,0.024147,0.716953,0.007455,0.016837,0.000552,0.003273,0.009157,0.021341,0.029111,0.000685
37560,1157,33353,32196,32090,106,0,0,284,61.192798,11.696917,36364.732332,1251.222918,1967.584284,1876.103901,3218.5,37560,51,72,46874880.0,12985955.6506,82666.2296,39158.5046,1311.1155,934.3117,110.3108,0.6746,13,0.194468,0.927063,0.457579,0.530794,1.144108,0.442548,0.953445,0.267478,0.468261,0.057018,0.19312,0.330569,0.530109,0.487072,0.061699,0.085225,0.027445,0.0222,0.137253,0.02442,0.710993,0.007575,0.016794,0.000553,0.003177,0.009206,0.020931,0.028876,0.000679
37580,1157,33385,32228,32121,107,0,0,277,57.86144,9.566989,36564.242267,1248.849457,1973.289103,1877.589686,3226.77,37580,51,72,46899840.0,12997645.8905,82771.7936,39189.2045,1311.9551,939.0137,110.6095,0.6746,13,0.191876,0.928342,0.459354,0.530478,1.143937,0.440716,0.948165,0.26756,0.468016,0.056722,0.193282,0.330754,0.530289,0.4851,0.061493,0.084201,0.027937,0.022669,0.137617,0.023796,0.701679,0.00757,0.017019,0.000513,0.003189,0.00924,0.021299,0.028431,0.000668
37600,1172,33428,32256,32149,107,0,0,273,56.060359,7.824907,36726.892656,1253.532863,1970.406778,1878.97436,3193.14,37600,52,72,46924800.0,13009353.1098,82876.0959,39224.5589,1313.9009,939.0137,110.8244,0.6746,13,0.190273,0.930131,0.461032,0.532165,1.141284,0.440042,0.953842,0.267737,0.466673,0.056671,0.194285,0.330339,0.526525,0.483716,0.061351,0.083333,0.028133,0.022791,0.137563,0.023746,0.735577,0.00753,0.016933,0.000496,0.003372,0.009143,0.021419,0.028396,0.000665
37620,1183,33468,32285,32178,107,0,0,275,54.325922,6.400046,36813.930079,1264.279519,1961.39456,1879.492957,3168.15,37620,52,72,46949760.0,13021061.6987,82980.2478,39264.1583,1315.2513,939.0137,110.8558,0.6746,13,0.184277,0.933716,0.461805,0.53119,1.139569,0.438365,0.945382,0.26868,0.466034,0.056565,0.194999,0.329071,0.526467,0.480712,0.061407,0.082447,0.027651,0.022924,0.138228,0.023589,0.723983,0.007551,0.016689,0.000492,0.003408,0.008991,0.021111,0.027919,0.000675
37640,1178,33492,32314,32207,107,0,0,275,58.72621,5.234642,36799.390255,1275.155904,1946.117886,1878.401556,3184.3,37640,52,72,46974720.0,13032769.8859,83086.4362,39305.5849,1317.4632,939.0137,110.893,0.6749,13,0.182513,0.93258,0.462725,0.532157,1.137255,0.438701,0.94525,0.269293,0.464487,0.056311,0.194826,0.329696,0.526304,0.479307,0.061468,0.082518,0.028158,0.022712,0.136655,0.023587,0.713039,0.007711,0.01603,0.000452,0.00343,0.009116,0.020993,0.027582,0.000672
37660,1189,33529,32340,32233,107,0,0,268,57.408092,4.28145,36727.527306,1278.414938,1944.176969,1879.007101,3143.46,37660,52,72,46999680.0,13044473.6234,83191.7793,39340.3745,1318.2635,939.0137,111.181,0.6749,13,0.187553,0.930051,0.46015,0.53315,1.139365,0.4405,0.954343,0.268071,0.464144,0.056458,0.195264,0.329855,0.525995,0.480757,0.061653,0.083025,0.028035,0.02301,0.139009,0.02377,0.723636,0.00816,0.016109,0.00047,0.003479,0.00913,0.021162,0.02837,0.000676
37680,1191,33562,32371,32263,108,0,0,281,58.056104,3.501827,36635.344463,1281.353002,1940.590894,1880.086106,3129.02,37680,52,72,47024640.0,13056182.1453,83296.6412,39375.9906,1320.0327,950.1354,111.9251,0.6749,13,0.185558,0.929796,0.462401,0.533031,1.141488,0.440866,0.9445,0.268971,0.465056,0.056264,0.195843,0.329935,0.527119,0.480116,0.061377,0.0826,0.028696,0.022941,0.137854,0.023715,0.700403,0.008212,0.016018,0.000458,0.003487,0.009118,0.02095,0.02831,0.000653
37700,1208,33601,32393,32285,108,0,0,278,55.049466,2.864169,36426.365966,1296.907913,1928.04262,1882.601506,3092.76,37700,52,72,47049600.0,13067891.3804,83398.5811,39415.9625,1321.9577,950.1354,112.2195,0.6757,13,0.182947,0.931343,0.462232,0.532461,1.138482,0.437942,0.943377,0.269976,0.464657,0.056342,0.196147,0.330145,0.526724,0.479761,0.0614,0.082067,0.028064,0.022659,0.136552,0.023555,0.720544,0.00828,0.016023,0.000476,0.003538,0.009178,0.020696,0.028305,0.000718
37720,1207,33632,32425,32317,108,0,0,275,54.634555,2.342624,36133.953825,1299.121813,1926.243631,1884.613625,3101.62,37720,52,72,47074560.0,13079618.825,83499.0995,39457.0026,1323.319,950.1354,112.9109,0.6804,13,0.183099,0.92918,0.462152,0.533191,1.138368,0.438872,0.948948,0.270768,0.465713,0.056335,0.196312,0.329971,0.526134,0.478797,0.061614,0.079343,0.028116,0.023268,0.136171,0.023776,0.738207,0.008426,0.016067,0.000479,0.003541,0.009273,0.020821,0.028201,0.000722
37740,1214,33668,32454,32345,109,0,0,263,54.248793,14.108025,35784.558098,1303.756755,1921.994452,1884.811661,3095.64,37740,52,72,47099520.0,13091352.9163,83600.1942,39495.3143,1324.6117,950.1354,113.067,0.6804,13,0.184514,0.929359,0.46245,0.533727,1.139251,0.437451,0.94913,0.270941,0.464254,0.056308,0.195775,0.329978,0.526732,0.479116,0.061436,0.079122,0.028121,0.023302,0.137417,0.023885,0.73449,0.008501,0.01574,0.000454,0.003493,0.009264,0.020847,0.028164,0.000725
37760,1215,33704,32489,32380,109,0,0,262,48.246289,11.539052,35467.456777,1306.907957,1924.845753,1883.319221,3088.18,37760,52,72,47124480.0,13103109.1023,83703.3427,39536.2711,1326.3576,950.1354,113.4078,0.6933,13,0.181893,0.930018,0.463836,0.534127,1.134655,0.437288,0.942664,0.27168,0.464707,0.056546,0.195678,0.330011,0.526156,0.479976,0.061255,0.079444,0.028124,0.023261,0.13581,0.023708,0.724325,0.008387,0.015574,0.000505,0.003368,0.009189,0.020169,0.02827,0.000728
37780,1207,33731,32524,32413,111,0,0,251,49.083435,18.912045,35184.95381,1307.794277,1923.122288,1882.004455,3118.8,37780,52,72,47149440.0,13114919.547,83807.2372,39574.9156,1327.7256,958.7158,114.7509,0.7071,13,0.185584,0.930376,0.463805,0.532808,1.137132,0.437493,0.940951,0.270038,0.464709,0.05696,0.19534,0.329902,0.525336,0.481237,0.061343,0.081116,0.028152,0.022974,0.134668,0.023642,0.703525,0.008136,0.015632,0.000567,0.003331,0.009198,0.019831,0.028315,0.000731
37800,1199,33760,32561,32450,111,0,0,258,51.873731,15.468292,34986.165402,1297.592218,1930.534051,1881.287156,3135.84,37800,53,72,47174400.0,13126713.8002,83910.9642,39606.1984,1329.5905,958.7158,115.5529,0.7071,13,0.186822,0.927831,0.462405,0.531022,1.137835,0.43732,0.94875,0.270538,0.464385,0.057205,0.194296,0.329641,0.525627,0.483506,0.061568,0.080813,0.027646,0.022414,0.132984,0.02399,0.710116,0.008399,0.015615,0.000583,0.003319,0.009294,0.01968,0.028343,0.000746
37820,1182,33781,32599,32487,112,0,0,262,52.937355,12.651624,34926.653829,1281.259594,1945.803051,1880.059223,3182.42,37820,53,72,47199360.0,13138526.2793,84015.6392,39634.7757,1330.5413,963.843,116.5388,0.7162,13,0.190355,0.92623,0.461389,0.530571,1.140026,0.437559,0.949787,0.26914,0.464842,0.057246,0.193585,0.329888,0.527109,0.484853,0.061585,0.080587,0.027356,0.022494,0.13363,0.024254,0.702088,0.008186,0.015629,0.000586,0.003328,0.009408,0.020077,0.028422,0.000748
37840,1173,33811,32638,32526,112,0,0,268,52.781874,10.347851,35020.687738,1262.833472,1964.384653,1882.138652,3211.26,37840,53,72,47224320.0,13150344.2189,84116.6838,39661.3832,1331.6497,963.843,117.3745,0.7227,13,0.191816,0.926183,0.461012,0.530779,1.142477,0.438181,0.958789,0.26862,0.465054,0.05723,0.193761,0.330903,0.525481,0.485618,0.061602,0.081306,0.02719,0.022331,0.133701,0.024422,0.727651,0.008181,0.015657,0.000591,0.003416,0.009591,0.019558,0.028291,0.000745
37860,1167,33843,32676,32563,113,0,0,269,57.966942,9.364479,35184.255139,1250.805483,1971.227575,1881.31283,3227.23,37860,53,72,47249280.0,13162147.1373,84220.2456,39692.1614,1332.5804,966.5696,118.2586,0.7227,13,0.191088,0.925051,0.459228,0.531042,1.14166,0.438166,0.961406,0.268307,0.466501,0.057283,0.193864,0.330653,0.525959,0.48359,0.061593,0.079242,0.026733,0.022094,0.136067,0.024559,0.731026,0.008174,0.015589,0.000621,0.003378,0.009573,0.019774,0.027888,0.000748
37880,1164,33871,32707,32593,114,0,0,275,56.938433,7.659272,35416.127014,1253.726518,1969.335049,1879.745445,3235.08,37880,53,72,47274240.0,13173981.2505,84325.2929,39727.057,1334.1193,972.2352,118.7989,0.7327,13,0.191581,0.92567,0.459636,0.529834,1.142861,0.439782,0.961235,0.267918,0.466784,0.057292,0.19374,0.330412,0.525712,0.484318,0.061429,0.079668,0.026569,0.022072,0.135234,0.024866,0.725005,0.007772,0.015698,0.000624,0.003299,0.009572,0.019433,0.027801,0.000741
37900,1162,33894,32732,32617,115,0,0,261,52.435908,26.377745,35612.93104,1259.740761,1967.823331,1880.14397,3249.68,37900,53,72,47299200.0,13185801.0739,84428.7041,39759.4857,1335.2359,976.3889,119.0171,0.7327,13,0.189329,0.926565,0.460675,0.531625,1.141925,0.439757,0.956489,0.267911,0.465792,0.056986,0.194089,0.329959,0.525321,0.483705,0.0611,0.079379,0.026929,0.022525,0.134637,0.024319,0.710585,0.007595,0.015474,0.000554,0.003296,0.009407,0.019506,0.027798,0.000673
37920,1170,33924,32754,32639,115,0,0,262,53.307941,21.574541,35847.136068,1260.995853,1965.696205,1880.924756,3237.06,37920,53,72,47324160.0,13197641.5127,84531.0996,39786.6464,1335.9173,976.3889,119.0524,0.7327,13,0.188034,0.928224,0.460001,0.531979,1.142745,0.439321,0.959507,0.268651,0.46613,0.056842,0.19442,0.329668,0.52672,0.483703,0.06131,0.080061,0.026813,0.022398,0.133995,0.024157,0.723716,0.00767,0.015602,0.000569,0.003304,0.009458,0.019176,0.027955,0.000683
37940,1168,33951,32783,32668,115,0,0,262,51.910216,17.645967,36084.747934,1258.017485,1970.072298,1884.876926,3246.97,37940,53,72,47349120.0,13209479.7223,84629.2206,39816.7589,1336.5284,976.3889,120.1214,0.7498,13,0.184932,0.928045,0.460266,0.5311,1.140164,0.439012,0.964135,0.267863,0.466386,0.05702,0.194859,0.329432,0.526652,0.482896,0.061681,0.080182,0.026632,0.022514,0.131889,0.02416,0.739398,0.007613,0.015694,0.000601,0.003386,0.009389,0.019271,0.027925,0.000705
37960,1170,33983,32813,32698,115,0,0,261,50.279438,14.432759,36298.469755,1258.667174,1971.053389,1887.535055,3236.94,37960,53,72,47374080.0,13221324.282,84726.2811,39850.5414,1337.8971,976.3889,120.6922,0.7572,13,0.182051,0.928394,0.460442,0.532698,1.138725,0.438729,0.967964,0.267771,0.465477,0.057006,0.194865,0.329432,0.525379,0.481845,0.061836,0.07931,0.027153,0.023058,0.132748,0.024124,0.747725,0.007607,0.015776,0.000594,0.003342,0.009375,0.018956,0.028088,0.000724
37980,1160,34007,32847,32731,116,0,0,269,52.45034,26.596892,36537.635448,1255.671589,1971.878072,1888.515667,3244.7,37980,53,72,47399040.0,13233176.6732,84824.1594,39884.3994,1340.2996,976.3889,120.9686,0.7572,13,0.186207,0.927449,0.461131,0.531662,1.142641,0.440989,0.966146,0.267164,0.465875,0.056764,0.195125,0.330241,0.525159,0.482475,0.06206,0.080224,0.027922,0.022774,0.134733,0.024467,0.739135,0.007553,0.015885,0.000536,0.003398,0.009302,0.019163,0.027962,0.00081
38000,1170,34036,32866,32750,116,0,0,260,48.852434,21.392722,36778.473608,1265.612639,1965.534928,1890.04663,3222.91,38000,53,72,47424000.0,13245040.4703,84920.8676,39915.8497,1341.2534,976.4999,120.9835,0.7572,13,0.184615,0.928894,0.460944,0.53198,1.138247,0.440759,0.96903,0.267844,0.465789,0.056663,0.195081,0.33059,0.524775,0.482749,0.062064,0.080583,0.028098,0.022716,0.133078,0.024559,0.747078,0.00769,0.01595,0.000536,0.003463,0.009367,0.019436,0.028264,0.00081
38020,1168,34060,32892,32776,116,0,0,258,51.275529,17.497255,36998.493779,1264.781538,1963.942933,1890.119355,3220.78,38020,53,72,47448960.0,13256911.2292,85018.7391,39945.849,1343.1558,976.4999,120.9835,0.7572,13,0.1875,0.92801,0.460105,0.5329,1.138658,0.442103,0.968346,0.267293,0.466056,0.056787,0.195262,0.330929,0.525742,0.483012,0.062263,0.080474,0.028168,0.022782,0.132754,0.024703,0.739687,0.007735,0.015878,0.000537,0.003589,0.009461,0.01938,0.028494,0.000812
38040,1164,34086,32922,32806,116,0,0,258,50.380582,14.311127,37202.189626,1261.355642,1968.263776,1887.110572,3228.45,38040,53,72,47473920.0,13268760.6946,85120.8579,39975.1506,1344.3908,976.4999,120.9835,0.7572,13,0.189003,0.927615,0.461062,0.532583,1.137628,0.442451,0.96035,0.266936,0.466403,0.056947,0.195367,0.331092,0.526373,0.483879,0.062116,0.080695,0.02792,0.022341,0.131286,0.024263,0.730563,0.007681,0.015847,0.00054,0.003627,0.009257,0.01943,0.028698,0.000802
38060,1169,34123,32954,32838,116,0,0,266,54.007857,11.70517,37361.189993,1256.564842,1969.427301,1883.399295,3218.26,38060,53,72,47498880.0,13280587.2336,85226.8969,40009.7775,1344.9605,976.4999,121.056,0.7572,13,0.189906,0.927003,0.460774,0.534365,1.143131,0.442842,0.963015,0.266571,0.466966,0.057068,0.195394,0.33071,0.525271,0.483683,0.062384,0.081219,0.027865,0.022634,0.131752,0.024191,0.730245,0.00774,0.016047,0.00054,0.00366,0.009321,0.019453,0.028816,0.000824
38080,1186,34165,32979,32863,116,0,0,257,51.463072,9.57374,37534.993789,1267.576226,1960.960702,1882.197716,3177.45,38080,53,72,47523840.0,13292468.0346,85332.116,40049.1013,1345.8227,976.4999,121.2111,0.7631,13,0.187184,0.930617,0.462486,0.533644,1.141814,0.44099,0.963983,0.267791,0.465092,0.057015,0.196059,0.33019,0.525214,0.482699,0.062205,0.081451,0.027998,0.022536,0.13283,0.024053,0.752819,0.007884,0.015918,0.00053,0.003797,0.009369,0.019659,0.028586,0.000814
38100,1202,34202,33000,32884,116,0,0,244,44.578446,7.123263,37598.108657,1285.619356,1949.802198,1884.775134,3137.54,38100,53,72,47548800.0,13304373.0812,85433.8571,40092.9497,1347.3182,976.4999,121.8064,0.7747,13,0.188852,0.927589,0.461329,0.53401,1.144499,0.440779,0.971699,0.268779,0.465809,0.05701,0.195825,0.329897,0.526017,0.483075,0.062246,0.081194,0.028362,0.022834,0.133771,0.024163,0.765823,0.007995,0.015879,0.000557,0.003779,0.009393,0.020284,0.028769,0.00081
38120,1215,34236,33021,32905,116,0,0,236,43.029929,5.826166,37516.196075,1300.907482,1936.062589,1885.474208,3115.79,38120,53,72,47573760.0,13316273.977,85537.1497,40133.4522,1348.6837,976.4999,122.5773,0.7747,13,0.190123,0.927301,0.459632,0.534404,1.143402,0.440564,0.965448,0.269103,0.465475,0.056886,0.195608,0.330363,0.526742,0.484309,0.061972,0.082296,0.027993,0.022857,0.133417,0.024243,0.754265,0.00804,0.015925,0.000553,0.003788,0.009317,0.020025,0.029023,0.000725
38140,1221,34268,33047,32930,117,0,0,238,42.561904,13.81963,37259.581081,1315.649278,1921.788818,1886.279756,3109.9,38140,53,72,47598720.0,13328160.4648,85640.2127,40175.2419,1349.2625,981.5764,123.0447,0.7772,13,0.187551,0.928265,0.458857,0.536063,1.141483,0.439389,0.961965,0.269496,0.465839,0.056846,0.19545,0.329397,0.526801,0.483189,0.061976,0.082096,0.0278,0.024131,0.132014,0.02417,0.742481,0.008047,0.016228,0.000535,0.003655,0.00938,0.020005,0.028961,0.000748
38160,1219,34300,33081,32963,118,0,0,248,47.317286,3.89754,37005.4768,1310.327315,1922.355399,1887.347877,3120.95,38160,53,72,47623680.0,13340036.7315,85742.1752,40209.3998,1350.1871,992.4065,123.5866,0.7945,13,0.187859,0.928173,0.457456,0.53654,1.138637,0.439592,0.964843,0.269862,0.465691,0.056819,0.195804,0.328867,0.526176,0.482081,0.061862,0.082036,0.027171,0.024222,0.131495,0.023808,0.756302,0.008103,0.016092,0.000542,0.003734,0.009279,0.019863,0.029025,0.000751
38180,1219,34330,33111,32993,118,0,0,247,46.216319,3.187825,36742.995109,1310.667446,1923.116234,1887.864741,3129.94,38180,53,72,47648640.0,13351927.3252,85843.5664,40244.4193,1351.0235,992.4065,124.4211,0.8017,13,0.19114,0.925187,0.455271,0.535872,1.143724,0.441249,0.978753,0.268993,0.464596,0.057282,0.195452,0.328788,0.527553,0.483473,0.062352,0.082062,0.027143,0.024267,0.133618,0.023943,0.765728,0.008106,0.016273,0.000661,0.003771,0.009442,0.020827,0.029151,0.000761
38200,1213,34359,33146,33027,119,0,0,245,49.669348,2.607344,36498.187533,1303.620444,1926.710208,1887.645302,3154.85,38200,53,72,47673600.0,13363811.3446,85945.8618,40277.1414,1351.6878,1002.1859,125.6379,0.8186,13,0.19291,0.924763,0.455406,0.53441,1.144357,0.442004,0.974806,0.268993,0.46406,0.057381,0.194609,0.328969,0.528071,0.485004,0.062142,0.081688,0.027154,0.023607,0.132749,0.02408,0.752071,0.008241,0.016184,0.000654,0.003731,0.009589,0.020555,0.029001,0.000753
38220,1208,34384,33176,33057,119,0,0,238,46.991971,2.132565,36341.815868,1298.975797,1934.032232,1889.261801,3179.97,38220,53,72,47698560.0,13375695.3419,86046.0085,40307.2656,1352.5379,1002.1859,126.7576,0.8198,13,0.195364,0.922832,0.454072,0.535164,1.147618,0.442071,0.979319,0.26821,0.463308,0.057405,0.194155,0.329276,0.528567,0.485698,0.062371,0.08191,0.027319,0.024638,0.134124,0.024157,0.744464,0.008186,0.016471,0.000658,0.003618,0.009568,0.020931,0.029206,0.000762
38240,1210,34421,33211,33092,119,0,0,242,52.151843,1.74424,36195.459013,1291.488581,1936.359576,1891.037479,3178.35,38240,53,72,47723520.0,13387578.8879,86144.8748,40339.9974,1353.8239,1002.1859,127.6771,0.8619,13,0.193388,0.924291,0.454649,0.534272,1.146766,0.441333,0.973547,0.2692,0.462961,0.057356,0.194041,0.328534,0.529075,0.484975,0.061904,0.081217,0.027071,0.023856,0.130856,0.023707,0.741913,0.008167,0.016345,0.000637,0.003622,0.009546,0.020561,0.028741,0.000735
38260,1204,34448,33244,33124,120,0,0,240,53.465802,1.426626,36068.654018,1292.154703,1934.379495,1892.722859,3193.06,38260,53,72,47748480.0,13399462.7101,86242.411,40374.8658,1355.5956,1002.3592,129.1427,0.8949,13,0.19186,0.926534,0.458237,0.533143,1.147695,0.442405,0.968049,0.268529,0.462603,0.057155,0.19399,0.329163,0.527838,0.484287,0.062011,0.08128,0.027629,0.023098,0.129788,0.023657,0.736923,0.008076,0.016136,0.00062,0.003626,0.009591,0.020525,0.028598,0.000783
38280,1185,34474,33289,33167,122,0,0,259,62.948125,8.831027,35990.141078,1281.536276,1935.515599,1893.318342,3233.02,38280,53,72,47773440.0,13411347.1341,86340.052,40412.5612,1357.6103,1015.337,130.0338,0.8949,13,0.190717,0.928102,0.459558,0.533001,1.147675,0.441783,0.962498,0.267899,0.46324,0.057051,0.193433,0.328174,0.528038,0.483354,0.062032,0.080598,0.027435,0.023402,0.130969,0.023686,0.718383,0.007954,0.016176,0.000575,0.003518,0.009481,0.020194,0.028577,0.000785
38300,1195,34509,33314,33191,123,0,0,253,54.743903,6.629628,35953.858283,1290.275242,1934.980855,1893.514287,3213.06,38300,53,72,47798400.0,13423233.9077,86437.8334,40447.0953,1358.9077,1018.7016,130.833,0.8949,13,0.190795,0.929964,0.460088,0.53241,1.148736,0.441472,0.958773,0.267525,0.462323,0.05703,0.192898,0.328395,0.527348,0.483204,0.061892,0.081846,0.027162,0.023962,0.129834,0.023831,0.710869,0.007879,0.016215,0.000533,0.003484,0.009429,0.019926,0.028318,0.000768
38320,1196,34542,33346,33223,123,0,0,255,55.149661,5.422419,35902.638715,1290.456988,1934.393352,1893.617253,3211.87,38320,53,72,47823360.0,13435117.529,86535.6149,40483.6369,1359.6365,1018.7016,131.0868,0.8949,13,0.191472,0.931649,0.459897,0.530273,1.144381,0.44166,0.953204,0.266159,0.463042,0.056853,0.193476,0.329135,0.527394,0.482763,0.062061,0.081916,0.026682,0.023629,0.129939,0.023784,0.705909,0.007644,0.016251,0.00053,0.003543,0.009382,0.019956,0.028466,0.000772
38340,1187,34561,33374,33251,123,0,0,255,55.759872,4.435034,35888.748471,1289.644599,1934.595529,1893.646623,3237.45,38340,53,72,47848320.0,13447000.9189,86633.3963,40516.7142,1360.6073,1018.7016,131.1728,0.896,13,0.192923,0.93083,0.459492,0.529262,1.145174,0.441869,0.955624,0.266142,0.463201,0.056863,0.19392,0.32929,0.527921,0.483695,0.062124,0.082058,0.02649,0.022301,0.129639,0.023636,0.705478,0.007632,0.016393,0.000529,0.00364,0.009316,0.019789,0.028503,0.000766
38360,1185,34587,33402,33279,123,0,0,252,51.086687,3.429898,35914.058362,1286.307814,1942.605499,1893.930244,3236.51,38360,53,72,47873280.0,13458891.1866,86730.8602,40544.413,1361.8689,1018.7016,131.1728,0.896,13,0.189873,0.929973,0.460085,0.531035,1.141417,0.440708,0.960633,0.266121,0.464136,0.056752,0.194462,0.329169,0.52641,0.481523,0.062074,0.081516,0.026283,0.022443,0.127464,0.02328,0.715796,0.007521,0.016367,0.00053,0.003678,0.009222,0.019772,0.028195,0.00078
38380,1170,34612,33442,33318,124,0,0,261,58.139489,2.805338,36031.057899,1269.565265,1952.295246,1894.044077,3279.52,38380,53,72,47898240.0,13470795.3146,86828.1196,40573.3311,1362.4553,1025.0677,132.0008,0.896,13,0.194017,0.92847,0.459312,0.530635,1.14775,0.441783,0.962395,0.265744,0.463195,0.05687,0.193798,0.330007,0.525556,0.482042,0.061922,0.082296,0.02645,0.022374,0.131557,0.023591,0.707931,0.007506,0.016102,0.000535,0.003656,0.009177,0.019639,0.028256,0.000772
38400,1181,34646,33465,33341,124,0,0,261,56.857561,2.294505,36214.290363,1270.480995,1952.661445,1892.799944,3260.55,38400,53,72,47923200.0,13482700.7019,86926.9197,40602.4794,1363.1067,1025.0677,132.0008,0.896,13,0.19475,0.927689,0.459755,0.530113,1.148003,0.443103,0.964235,0.265502,0.463939,0.056691,0.194082,0.330442,0.525721,0.481238,0.061614,0.082257,0.026795,0.022143,0.13118,0.023722,0.708791,0.007488,0.016157,0.000527,0.003707,0.009174,0.019579,0.028236,0.000702
38420,1185,34683,33498,33374,124,0,0,265,59.169746,1.876692,36361.186931,1268.603711,1952.226543,1891.792851,3258.44,38420,53,72,47948160.0,13494604.737,87026.6948,40639.7467,1363.9109,1025.0677,132.0008,0.896,13,0.194937,0.928988,0.458263,0.530725,1.145771,0.443537,0.971151,0.26568,0.464418,0.056843,0.194628,0.330283,0.526764,0.481087,0.061821,0.081906,0.026467,0.022038,0.132323,0.023923,0.724866,0.007562,0.016184,0.000553,0.003721,0.00935,0.02031,0.028117,0.000716
38440,1193,34717,33524,33400,124,0,0,259,52.892654,1.534959,36477.393802,1283.512435,1943.594911,1891.764489,3237.24,38440,53,72,47973120.0,13506510.0694,87125.7237,40681.855,1366.0832,1025.0677,132.0008,0.896,13,0.194468,0.929177,0.458116,0.5295,1.147014,0.44313,0.97303,0.266352,0.465218,0.056976,0.194436,0.329313,0.527469,0.481479,0.061779,0.081715,0.026409,0.022098,0.133979,0.023754,0.735192,0.00764,0.016196,0.000556,0.003729,0.009419,0.020332,0.028227,0.000718
38460,1193,34749,33556,33432,124,0,0,268,61.695376,1.255454,36446.479285,1283.26309,1935.041534,1890.952142,3246.16,38460,53,72,47998080.0,13518398.7967,87225.9602,40721.5844,1367.429,1025.0677,132.6479,0.9058,13,0.194468,0.926149,0.456735,0.530072,1.147234,0.442662,0.986313,0.266109,0.46643,0.057581,0.194807,0.328601,0.525879,0.483923,0.062096,0.081546,0.026551,0.022292,0.135427,0.023798,0.766662,0.007632,0.016737,0.000708,0.003754,0.009577,0.020116,0.028707,0.000746
38480,1204,34785,33581,33454,127,0,0,266,56.529117,51.616129,36321.878156,1293.175389,1930.295494,1889.778435,3229.83,38480,53,72,48023040.0,13530297.5132,87327.1424,40757.8566,1368.3929,1032.8864,134.3295,0.936,13,0.189369,0.928459,0.457641,0.530793,1.141584,0.443006,0.971081,0.266638,0.466492,0.057075,0.195051,0.328485,0.524663,0.481559,0.061753,0.080782,0.026559,0.0229,0.132919,0.023758,0.744181,0.00752,0.016629,0.000601,0.003685,0.009388,0.019674,0.028582,0.000739
38500,1199,34818,33619,33492,127,0,0,271,55.39887,26.180865,36284.442662,1288.978834,1935.622296,1887.516833,3244.54,38500,53,72,48048000.0,13542201.6441,87430.6153,40795.9459,1368.8237,1043.6038,134.4599,0.936,13,0.190992,0.929852,0.456154,0.533106,1.141689,0.444335,0.978146,0.266686,0.46655,0.057203,0.195467,0.328527,0.526178,0.482644,0.061944,0.082572,0.026931,0.023074,0.131386,0.023794,0.74896,0.007787,0.016449,0.000604,0.00377,0.009515,0.020242,0.028662,0.000734
38520,1202,34851,33649,33522,127,0,0,269,53.999742,21.413511,36220.37979,1295.625919,1930.374339,1887.015563,3239.49,38520,53,72,48072960.0,13554107.4271,87532.6811,40834.4182,1370.0653,1043.6038,134.5501,0.9377,13,0.189684,0.931502,0.456966,0.530949,1.145388,0.443938,0.973544,0.267648,0.467967,0.057067,0.195766,0.32899,0.526041,0.481858,0.061601,0.082442,0.026561,0.022159,0.131687,0.023593,0.742495,0.007883,0.016379,0.00061,0.003736,0.009442,0.020475,0.028577,0.000705
38540,1203,34877,33674,33547,127,0,0,264,54.466834,13.087099,36160.012137,1303.787411,1921.745755,1885.995125,3246.34,38540,53,72,48097920.0,13566057.7235,87634.7999,40873.2326,1370.9939,1046.7657,134.7004,0.9408,13,0.188695,0.932647,0.457631,0.530199,1.145582,0.443827,0.970369,0.267556,0.469557,0.05702,0.195577,0.32933,0.525744,0.480331,0.061724,0.082563,0.02672,0.021959,0.131295,0.023487,0.730721,0.007872,0.016823,0.000612,0.003699,0.009377,0.020397,0.028429,0.000707
38560,1199,34904,33705,33578,127,0,0,267,55.615937,5.984593,36050.360913,1303.504861,1920.879202,1885.646082,3265.53,38560,53,72,48122880.0,13578026.6654,87736.3158,40907.7841,1372.772,1050.4928,134.8422,0.9408,13,0.191827,0.932123,0.456468,0.531129,1.148047,0.443173,0.969942,0.267361,0.469712,0.057149,0.195343,0.33002,0.526587,0.480996,0.061882,0.083064,0.026645,0.022452,0.133116,0.023542,0.725559,0.007893,0.016765,0.000618,0.003721,0.009428,0.020439,0.028649,0.000718
38580,1191,34932,33741,33614,127,0,0,276,58.602847,0.0,36021.555163,1295.754528,1925.642625,1884.973069,3259.38,38580,53,72,48147840.0,13589999.5033,87837.6749,40939.8107,1373.3469,1054.5576,135.1744,0.9418,13,0.189757,0.935231,0.457955,0.531071,1.142863,0.443015,0.970763,0.267075,0.467519,0.056991,0.196121,0.329302,0.524609,0.480064,0.062265,0.084965,0.027076,0.022539,0.132254,0.023854,0.739736,0.007828,0.016776,0.000613,0.003855,0.009326,0.020066,0.028873,0.000805
38600,1192,34963,33771,33644,127,0,0,265,55.713662,0.0,36054.24586,1293.079442,1931.206896,1882.37995,3268.82,38600,53,72,48172800.0,13601976.9868,87941.7372,40973.5493,1373.9375,1054.5576,135.3894,0.9418,13,0.188758,0.935548,0.458776,0.531773,1.142993,0.442529,0.972941,0.267593,0.466341,0.056811,0.195498,0.329019,0.525097,0.480685,0.06222,0.083848,0.027044,0.022863,0.134275,0.02352,0.750567,0.007791,0.016495,0.000582,0.003812,0.009476,0.020311,0.028564,0.000808
38620,1190,35002,33812,33685,127,0,0,264,59.882351,0.0,36088.146524,1282.994876,1937.122774,1879.516254,3277.1,38620,53,72,48197760.0,13613931.3761,88048.1901,41011.3122,1376.1504,1054.5576,136.5112,0.9418,13,0.191597,0.934948,0.457534,0.531498,1.14556,0.443614,0.967685,0.266077,0.467124,0.056967,0.195102,0.329141,0.525033,0.481412,0.061936,0.084214,0.026913,0.022869,0.135274,0.023473,0.733068,0.007749,0.016568,0.000597,0.003797,0.009597,0.020039,0.028897,0.000812
38640,1186,35025,33839,33710,129,0,0,262,55.464688,14.158158,36110.832047,1292.602986,1931.932326,1878.366276,3293.14,38640,53,72,48222720.0,13625863.9203,88154.5125,41048.7083,1377.3381,1064.2638,137.4933,0.9418,13,0.190556,0.935854,0.457642,0.530133,1.14457,0.442641,0.964672,0.266179,0.466122,0.056858,0.195213,0.328526,0.525422,0.481098,0.061802,0.084237,0.026591,0.022679,0.136491,0.023237,0.732518,0.007709,0.016295,0.000587,0.003773,0.009512,0.020024,0.028478,0.000807
38660,1176,35047,33871,33742,129,0,0,263,57.576022,11.580056,36195.639779,1280.570058,1941.85392,1880.213086,3327.6,38660,53,72,48247680.0,13637780.8434,88257.2498,41075.3312,1377.9676,1064.2638,137.51,0.9418,13,0.193027,0.935402,0.454951,0.530579,1.145879,0.442285,0.961938,0.266598,0.465562,0.056974,0.194824,0.328155,0.527581,0.482011,0.061777,0.085568,0.025834,0.022706,0.137148,0.023442,0.71147,0.007768,0.01647,0.000595,0.003702,0.00955,0.019946,0.028752,0.000792
38680,1176,35077,33901,33772,129,0,0,264,57.978878,9.471408,36392.177498,1275.886698,1946.134424,1882.434689,3320.46,38680,53,72,48272640.0,13649738.8076,88357.9644,41106.5488,1378.2204,1064.2638,137.5785,0.9452,13,0.187925,0.936569,0.457018,0.530404,1.139397,0.439795,0.964152,0.267489,0.464884,0.057242,0.195716,0.32703,0.526988,0.480995,0.061976,0.084679,0.026045,0.022992,0.13725,0.023467,0.725582,0.00783,0.016458,0.000623,0.003742,0.009439,0.019802,0.028386,0.000811
38700,1174,35113,33939,33810,129,0,0,281,65.503253,4.387161,36618.308639,1268.38701,1946.109737,1884.555718,3296.41,38700,53,72,48297600.0,13661715.1499,88456.553,41141.9585,1379.644,1064.2638,137.5831,0.9452,13,0.190801,0.936253,0.457445,0.529104,1.141472,0.44005,0.962306,0.267075,0.463865,0.057206,0.195008,0.328195,0.527517,0.480945,0.061754,0.084857,0.025778,0.022458,0.136574,0.023395,0.720606,0.007779,0.016146,0.000614,0.003716,0.009458,0.019705,0.028167,0.000792
38720,1182,35143,33961,33832,129,0,0,271,59.515441,3.588289,36803.818737,1282.080193,1938.404366,1884.342827,3264.08,38720,53,72,48322560.0,13673695.5176,88556.4871,41179.3243,1382.0242,1064.2638,138.2275,0.9484,13,0.191201,0.935219,0.454806,0.531347,1.142247,0.441361,0.964643,0.267069,0.463881,0.057312,0.194615,0.328583,0.527306,0.481464,0.061623,0.084437,0.025551,0.022656,0.136609,0.023365,0.713768,0.007711,0.016043,0.000614,0.003638,0.009726,0.019627,0.02838,0.000708
38740,1177,35176,33999,33869,130,0,0,282,67.547946,0.0,36957.273125,1274.127867,1938.324187,1884.305931,3274.86,38740,53,72,48347520.0,13685687.103,88656.6281,41217.2123,1382.8174,1071.7888,138.4073,0.9484,13,0.192863,0.931808,0.454502,0.53119,1.143812,0.443348,0.971656,0.267055,0.465119,0.057558,0.193837,0.328416,0.528018,0.482123,0.061724,0.084058,0.025837,0.022437,0.136331,0.023692,0.729713,0.007756,0.016264,0.000621,0.003703,0.009758,0.019951,0.028145,0.000725
38760,1189,35215,34026,33895,131,0,0,278,60.26427,46.872664,37078.322604,1279.335505,1940.400225,1883.792853,3254.57,38760,53,72,48372480.0,13697674.0626,88757.6927,41252.7434,1384.6867,1071.7888,139.2164,0.9484,13,0.194281,0.930246,0.453301,0.531178,1.147668,0.444336,0.972268,0.266919,0.464635,0.057291,0.193678,0.328622,0.526795,0.48172,0.061472,0.083245,0.025628,0.02248,0.13734,0.024304,0.727229,0.007696,0.016185,0.00057,0.003732,0.009819,0.020052,0.027957,0.000722
38780,1201,35249,34048,33916,132,0,0,274,58.196512,58.61258,37110.441673,1293.471934,1928.331555,1880.741812,3226.38,38780,53,72,48397440.0,13709645.8528,88862.6498,41291.8398,1385.5399,1071.7888,140.311,0.9484,13,0.191507,0.930271,0.452732,0.533159,1.143545,0.443716,0.982013,0.26724,0.464911,0.057465,0.194308,0.328567,0.527503,0.481488,0.061921,0.08411,0.025724,0.023797,0.138124,0.024635,0.741797,0.007747,0.016704,0.000661,0.003765,0.009744,0.020483,0.028152,0.000743
38800,1188,35272,34084,33951,133,0,0,275,60.985267,31.356488,37167.858359,1286.816315,1932.198418,1874.385585,3267.22,38800,53,72,48422400.0,13721641.0913,88974.6088,41328.504,1386.9345,1086.9339,141.0864,0.9506,13,0.192761,0.929443,0.452222,0.53316,1.143611,0.44479,0.983688,0.266483,0.464688,0.057546,0.19462,0.328627,0.526527,0.481894,0.061887,0.083186,0.025623,0.023894,0.138482,0.024574,0.741549,0.007663,0.016712,0.000674,0.003784,0.009748,0.020682,0.028443,0.000748
38820,1182,35300,34118,33985,133,0,0,271,57.396586,25.646689,37315.616896,1279.427386,1943.176028,1869.561994,3287.47,38820,54,72,48447360.0,13733664.4689,89090.0439,41359.7633,1389.2643,1086.9339,141.9448,0.9542,13,0.196277,0.928552,0.452664,0.533388,1.145364,0.444834,0.99362,0.267332,0.464126,0.057673,0.194108,0.329923,0.52745,0.483522,0.061915,0.084417,0.025789,0.024046,0.139092,0.024733,0.746371,0.007926,0.016572,0.000672,0.003762,0.009978,0.020698,0.028513,0.000725
38840,1184,35331,34147,34014,133,0,0,270,54.476282,20.976605,37512.148548,1275.231204,1950.292514,1869.996101,3292.03,38840,54,72,48472320.0,13745662.7209,89201.9302,41391.3563,1389.8551,1086.9339,142.5448,0.9542,13,0.195946,0.928972,0.455261,0.531624,1.146669,0.445173,0.992026,0.267285,0.46312,0.057807,0.193527,0.329129,0.526599,0.483668,0.061996,0.083627,0.026325,0.023792,0.137503,0.024259,0.743022,0.008001,0.016429,0.000668,0.003701,0.009927,0.020166,0.028186,0.00072
38860,1192,35357,34165,34032,133,0,0,268,51.775301,17.156911,37672.634284,1290.248391,1937.976308,1872.105437,3280.57,38860,54,72,48497280.0,13757692.3861,89309.9479,41424.6107,1390.2757,1086.9339,143.1121,0.9542,13,0.192114,0.932691,0.455126,0.532824,1.145665,0.443843,0.987671,0.267384,0.463009,0.057722,0.193652,0.328758,0.527233,0.481788,0.062046,0.084346,0.026335,0.02503,0.137097,0.024072,0.734764,0.007938,0.016546,0.000668,0.003608,0.009939,0.020094,0.028113,0.00073
38880,1209,35401,34192,34058,134,0,0,261,56.213966,49.576906,37643.955699,1296.405029,1927.381005,1876.557764,3237.02,38880,54,72,48522240.0,13769749.4906,89412.9549,41462.5354,1392.8974,1104.4317,143.6504,0.9657,13,0.19024,0.932855,0.456501,0.532477,1.143835,0.444279,0.989814,0.267968,0.465803,0.057809,0.194478,0.32764,0.526718,0.480703,0.062007,0.084475,0.026467,0.024696,0.136191,0.024073,0.748841,0.008052,0.016858,0.000712,0.003767,0.009897,0.020051,0.028029,0.000734
38900,1210,35432,34222,34087,135,0,0,263,55.464602,45.356621,37586.187208,1303.279042,1921.256356,1879.563863,3237.69,38900,54,72,48547200.0,13781782.1024,89514.0943,41505.2,1394.1642,1115.5689,145.0289,0.9657,13,0.189256,0.932381,0.455565,0.532813,1.141786,0.444001,0.984999,0.268303,0.465959,0.057461,0.195094,0.328288,0.526703,0.480315,0.062187,0.083517,0.026208,0.024827,0.135703,0.024526,0.742863,0.008066,0.016955,0.000603,0.003777,0.009947,0.020278,0.028244,0.000728
38920,1201,35459,34258,34122,136,0,0,266,57.727226,40.203086,37470.141363,1302.969312,1919.303462,1876.756039,3234.0,38920,54,72,48572160.0,13793797.6353,89620.598,41545.9157,1395.37,1117.5082,146.6938,0.9703,13,0.189842,0.933357,0.456062,0.533218,1.143275,0.444669,0.984413,0.268862,0.464934,0.057271,0.194925,0.328302,0.527602,0.480369,0.062021,0.083527,0.026197,0.024941,0.13698,0.024888,0.733109,0.008321,0.016615,0.000544,0.003803,0.010056,0.020579,0.028181,0.000721
38940,1207,35487,34280,34144,136,0,0,245,49.137946,32.491248,37422.723237,1311.21328,1919.648774,1873.209643,3228.39,38940,54,72,48597120.0,13805841.9273,89729.9275,41579.5783,1396.2086,1117.843,147.4335,0.9703,13,0.18807,0.933941,0.456506,0.533555,1.142676,0.444516,0.988136,0.269596,0.46519,0.05723,0.195114,0.327856,0.527343,0.480135,0.062506,0.082796,0.026517,0.025367,0.136042,0.024735,0.731347,0.008391,0.016898,0.000547,0.003803,0.010102,0.021393,0.028335,0.000741
38960,1213,35516,34303,34167,136,0,0,242,48.528317,25.762899,37371.075938,1319.599399,1911.872284,1873.331377,3220.49,38960,54,72,48622080.0,13817950.7382,89836.9929,41614.3959,1397.0653,1118.417,148.4655,0.9703,13,0.187139,0.935363,0.456872,0.531882,1.143535,0.443982,0.997869,0.270819,0.46531,0.057506,0.194663,0.327743,0.527392,0.480988,0.063205,0.082938,0.026535,0.025045,0.136947,0.024729,0.749398,0.009231,0.016943,0.000615,0.003897,0.010321,0.021433,0.028609,0.000801
38980,1208,35542,34334,34197,137,0,0,247,49.25861,19.569397,37311.548013,1316.691028,1914.050362,1873.489723,3241.84,38980,54,72,48647040.0,13830069.6277,89944.1277,41647.4119,1397.5014,1132.2069,149.0042,0.9792,13,0.18957,0.935154,0.456837,0.532328,1.148389,0.444486,0.999962,0.271101,0.465004,0.057404,0.195032,0.32852,0.527094,0.480747,0.063134,0.082601,0.02647,0.024485,0.138457,0.024785,0.758176,0.009399,0.016579,0.000603,0.003906,0.010222,0.021031,0.02813,0.00079
39000,1200,35569,34369,34232,137,0,0,263,54.970624,16.005946,37234.314071,1309.743746,1915.28563,1871.332215,3270.35,39000,54,72,48672000.0,13842171.4355,90055.0568,41680.3155,1398.6172,1132.2069,149.0999,0.9792,13,0.185,0.935616,0.455976,0.533728,1.147157,0.44426,0.9999,0.271538,0.464367,0.057236,0.194964,0.327611,0.52666,0.47925,0.063121,0.082738,0.026085,0.024943,0.137334,0.024694,0.752919,0.009308,0.016636,0.000596,0.003806,0.010298,0.021032,0.028236,0.000806
39020,1207,35601,34394,34257,137,0,0,258,52.966641,13.091374,37147.750815,1310.62992,1916.40344,1871.913703,3263.41,39020,54,72,48696960.0,13854226.9853,90164.6877,41711.9942,1399.7972,1132.2069,149.1067,0.9792,13,0.184756,0.933854,0.456596,0.532015,1.145785,0.443589,0.999303,0.271392,0.464309,0.057452,0.194612,0.327646,0.526735,0.480669,0.062974,0.082511,0.026375,0.024961,0.137407,0.024655,0.752639,0.009292,0.016656,0.000628,0.003787,0.010264,0.021145,0.028353,0.000812
39040,1203,35634,34431,34294,137,0,0,261,54.656175,10.707526,37075.720751,1301.009156,1924.33467,1874.216027,3265.46,39040,54,72,48721920.0,13866273.2591,90271.4992,41745.5383,1402.313,1132.2069,149.1439,0.9792,13,0.183707,0.932971,0.457545,0.532092,1.144688,0.44563,0.992775,0.271579,0.465642,0.057388,0.194936,0.327855,0.526101,0.479631,0.062782,0.082433,0.026469,0.025242,0.135382,0.024815,0.743487,0.009255,0.016758,0.000625,0.003739,0.01038,0.020778,0.027844,0.0008
39060,1195,35661,34466,34329,137,0,0,259,53.558284,8.757759,37088.259603,1298.41461,1928.027107,1874.795633,3288.48,39060,54,72,48746880.0,13878326.3617,90378.9429,41780.5866,1404.1502,1132.2069,149.289,0.9925,13,0.1841,0.934396,0.456548,0.533392,1.14689,0.444547,1.009217,0.270762,0.464758,0.057579,0.194573,0.327237,0.52522,0.479262,0.063146,0.083401,0.026336,0.026589,0.138737,0.024896,0.791669,0.008673,0.01709,0.000639,0.003667,0.0104,0.020891,0.028038,0.000838
39080,1197,35693,34496,34359,137,0,0,263,56.595715,7.163032,37151.630892,1300.409945,1922.99434,1871.742572,3288.57,39080,54,72,48771840.0,13890409.1098,90490.2404,41815.9057,1406.2308,1132.2069,149.4011,1.0012,13,0.181287,0.938038,0.457698,0.531882,1.142096,0.442673,0.999507,0.270606,0.465328,0.057392,0.194397,0.327332,0.523541,0.479474,0.062956,0.084975,0.02631,0.026499,0.136573,0.024807,0.784923,0.008567,0.017343,0.000642,0.003649,0.010299,0.019745,0.028102,0.000844
39100,1199,35727,34528,34391,137,0,0,267,61.182499,5.858694,37224.201723,1296.241611,1922.575889,1867.90989,3272.27,39100,54,72,48796800.0,13902519.4873,90604.6717,41850.5642,1407.3204,1132.2069,149.5308,1.0125,13,0.18432,0.936114,0.457604,0.532095,1.147631,0.443865,1.010038,0.271086,0.464574,0.057632,0.19409,0.326941,0.525192,0.480994,0.063231,0.085068,0.026305,0.026856,0.139381,0.025093,0.802585,0.008815,0.01719,0.000641,0.00366,0.010509,0.020612,0.028533,0.00085
39120,1198,35752,34554,34417,137,0,0,256,55.357407,4.791866,37336.669893,1303.13012,1921.512473,1868.088239,3283.74,39120,54,72,48821760.0,13914663.2604,90717.1364,41885.7425,1409.1938,1132.2069,149.7646,1.0337,13,0.183639,0.936208,0.458265,0.532042,1.149031,0.444743,1.004208,0.271056,0.465923,0.057504,0.193383,0.327089,0.525959,0.480967,0.063164,0.083549,0.026344,0.025973,0.137354,0.024862,0.782413,0.008758,0.017218,0.000637,0.003544,0.010528,0.020426,0.02841,0.000849
39140,1203,35788,34585,34448,137,0,0,268,60.774428,3.919301,37357.753882,1305.264508,1913.961064,1869.602078,3268.61,39140,54,72,48846720.0,13926802.3639,90828.0222,41923.2686,1409.6782,1132.2069,149.8131,1.0337,13,0.181214,0.938265,0.459611,0.533473,1.146324,0.445572,1.009663,0.271576,0.465731,0.057416,0.193614,0.325474,0.525336,0.480585,0.063323,0.084288,0.027056,0.027434,0.135857,0.025205,0.799501,0.008801,0.017332,0.000631,0.003524,0.010561,0.02063,0.028393,0.000868
39160,1203,35822,34619,34482,137,0,0,268,58.023226,3.205623,37364.457514,1304.234253,1917.742521,1871.356859,3274.98,39160,54,72,48871680.0,13938928.0212,90938.0178,41959.4986,1411.7093,1132.2069,149.9453,1.0337,13,0.18537,0.93754,0.458969,0.534525,1.147665,0.448018,1.011754,0.2714,0.4645,0.057407,0.194092,0.32595,0.525741,0.481608,0.062893,0.084593,0.02749,0.027312,0.137126,0.025305,0.798799,0.009014,0.016918,0.000605,0.00348,0.010578,0.020547,0.028542,0.000848
39180,1198,35853,34655,34517,138,0,0,272,59.411935,2.333659,37393.23877,1299.888398,1920.699667,1875.30156,3296.46,39180,54,72,48896640.0,13951028.4954,91043.7451,41995.7733,1412.8464,1141.2961,150.7786,1.0347,13,0.186978,0.937492,0.459119,0.53556,1.147979,0.447742,1.006327,0.269903,0.465054,0.057209,0.193968,0.326089,0.526309,0.481446,0.062931,0.084623,0.027946,0.027582,0.138955,0.025701,0.783809,0.008773,0.016675,0.000598,0.00349,0.010419,0.021137,0.028953,0.000863
39200,1197,35887,34690,34552,138,0,0,271,56.999163,1.751181,37444.867339,1299.642072,1923.358765,1876.884482,3274.6,39200,55,72,48921600.0,13963122.3156,91149.5469,42033.9287,1415.9896,1141.2961,151.0091,1.0374,13,0.185464,0.937977,0.459568,0.534604,1.146134,0.446008,1.000599,0.270536,0.464615,0.057154,0.194027,0.326247,0.525083,0.48258,0.0623,0.084935,0.028085,0.027356,0.136306,0.025684,0.77904,0.008671,0.016632,0.000595,0.003511,0.010296,0.02047,0.02865,0.000794
39220,1192,35913,34721,34583,138,0,0,275,58.668405,1.432303,37559.820625,1293.682339,1927.649256,1878.526086,3275.37,39220,55,72,48946560.0,13975230.9413,91253.8574,42067.5357,1416.8316,1141.2961,151.6654,1.0523,13,0.188758,0.933436,0.458528,0.535441,1.148729,0.447413,1.005502,0.270272,0.46412,0.057309,0.194064,0.326614,0.526089,0.482531,0.062208,0.083751,0.027562,0.027405,0.136377,0.025626,0.784975,0.008863,0.016324,0.000597,0.003539,0.010447,0.020329,0.028908,0.000783
39240,1201,35947,34746,34607,139,0,0,276,56.519355,1.171491,37623.595326,1301.615165,1921.86548,1883.546296,3252.72,39240,55,72,48971520.0,13987321.7757,91353.2436,42102.0087,1417.3662,1143.5747,152.0917,1.0572,13,0.188177,0.935307,0.45925,0.535319,1.148731,0.447779,1.002824,0.27017,0.463626,0.057488,0.194008,0.326638,0.525532,0.482857,0.06193,0.083579,0.02729,0.026027,0.13297,0.0253,0.768869,0.008871,0.016316,0.000628,0.003532,0.010332,0.0198,0.029042,0.000754
39260,1201,35987,34786,34647,139,0,0,285,63.123169,0.780085,37610.945332,1294.026035,1922.850795,1886.765697,3256.4,39260,55,72,48996480.0,13999393.5263,91452.8745,42142.2327,1419.0392,1143.5747,152.1158,1.0572,13,0.190674,0.934034,0.458247,0.536603,1.149168,0.44606,0.997778,0.269493,0.463219,0.057161,0.193969,0.326514,0.525923,0.481108,0.061586,0.083635,0.027036,0.025815,0.136894,0.024426,0.771695,0.008759,0.016255,0.000557,0.003568,0.010088,0.020878,0.028389,0.000749
39280,1194,36015,34821,34682,139,0,0,286,60.63125,0.0,37649.627359,1294.176133,1925.192616,1889.457718,3281.89,39280,55,72,49021440.0,14011466.6595,91551.1034,42182.8882,1420.3844,1143.9044,152.1305,1.0572,13,0.193467,0.933394,0.457858,0.536037,1.151093,0.443068,1.000116,0.26887,0.462666,0.05724,0.193446,0.327245,0.527938,0.482126,0.061578,0.083931,0.027203,0.026154,0.138526,0.023932,0.766086,0.008778,0.016362,0.000558,0.003558,0.01018,0.02123,0.028591,0.000754
39300,1199,36051,34852,34713,139,0,0,280,54.529633,0.0,37692.454336,1296.077325,1929.393042,1893.405899,3263.76,39300,55,71,49046400.0,14023524.9524,91645.828,42221.3898,1423.027,1143.9044,152.5769,1.0572,13,0.193495,0.93301,0.45929,0.536925,1.149511,0.444176,0.998165,0.268199,0.462444,0.057662,0.193626,0.327782,0.527834,0.483163,0.061621,0.084294,0.027522,0.026094,0.13867,0.023982,0.757464,0.008786,0.016302,0.000615,0.003455,0.010244,0.021351,0.028238,0.000756
39320,1204,36085,34881,34740,141,0,0,277,53.963566,0.0,37665.901895,1301.818462,1924.217972,1895.46108,3243.97,39320,55,71,49071360.0,14035586.5723,91740.4546,42260.3014,1424.5136,1159.4296,154.5363,1.0606,13,0.19103,0.932624,0.458661,0.536878,1.151505,0.444394,0.999645,0.268265,0.464002,0.057659,0.19369,0.327437,0.526209,0.483229,0.061578,0.084803,0.026575,0.025849,0.139596,0.023774,0.765554,0.008574,0.016501,0.000619,0.003512,0.010066,0.021174,0.028074,0.000758
39340,1213,36127,34914,34773,141,0,0,271,58.38456,0.0,37653.33034,1301.231717,1920.383723,1895.713567,3204.76,39340,55,71,49096320.0,14047669.5345,91836.5254,42298.1529,1426.4995,1159.4296,155.1609,1.0606,13,0.194559,0.931755,0.45737,0.536011,1.153726,0.446823,1.014269,0.268646,0.462549,0.057862,0.194263,0.326822,0.525502,0.484395,0.061954,0.084528,0.026332,0.026203,0.139781,0.024356,0.79162,0.008935,0.016585,0.00062,0.003699,0.01036,0.02148,0.028525,0.000755
39360,1220,36162,34942,34801,141,0,0,276,59.536402,0.0,37561.776573,1310.107689,1910.355909,1895.251672,3191.39,39360,55,71,49121280.0,14059756.4319,91933.3802,42339.5534,1427.6342,1159.4296,155.5887,1.0606,13,0.190984,0.929836,0.45658,0.534237,1.15054,0.445373,1.018394,0.269316,0.46226,0.057872,0.194652,0.326883,0.525771,0.484853,0.06204,0.084158,0.025714,0.02617,0.139246,0.02422,0.812807,0.009123,0.016634,0.000653,0.003677,0.010328,0.021274,0.028663,0.000763
39380,1215,36189,34974,34833,141,0,0,276,60.879049,0.0,37445.153353,1315.006333,1904.114617,1894.026542,3196.45,39380,55,71,49146240.0,14071859.6645,92031.4732,42378.9883,1429.316,1159.4296,156.3123,1.0683,13,0.188477,0.930388,0.456622,0.534612,1.145663,0.444744,1.015666,0.270374,0.46206,0.057818,0.194864,0.326443,0.524412,0.485424,0.062103,0.083502,0.025816,0.025941,0.136693,0.023989,0.815086,0.0091,0.016254,0.00062,0.003723,0.010219,0.020857,0.028595,0.00077
39400,1210,36221,35011,34869,142,0,0,278,60.122958,14.012119,37393.067511,1308.247197,1911.629845,1892.219342,3202.89,39400,55,71,49171200.0,14083981.9721,92130.8103,42412.8001,1431.2202,1159.4296,157.1983,1.0683,13,0.190083,0.93175,0.454349,0.535708,1.142231,0.443943,1.014453,0.269149,0.462387,0.057539,0.194345,0.326045,0.525379,0.48467,0.06216,0.084173,0.025697,0.026996,0.1393,0.024421,0.80601,0.008928,0.016484,0.000532,0.003671,0.010207,0.021769,0.028602,0.000775
39420,1202,36249,35047,34904,143,0,0,272,54.059041,11.460609,37444.519605,1304.502674,1921.438284,1889.974462,3227.78,39420,55,71,49196160.0,14096130.3644,92232.3745,42449.3017,1433.0062,1160.4072,157.6302,1.0683,13,0.188852,0.931098,0.45463,0.53485,1.140125,0.443068,1.010502,0.269719,0.461838,0.057531,0.194457,0.32603,0.525671,0.484908,0.062283,0.083669,0.025769,0.026382,0.138044,0.024301,0.797749,0.009025,0.016336,0.000538,0.003702,0.010223,0.021483,0.028512,0.000763
39440,1215,36290,35075,34932,143,0,0,272,55.847684,8.147961,37477.186903,1307.435225,1916.717091,1889.817528,3197.79,39440,55,71,49221120.0,14108303.1114,92332.379,42485.2305,1434.1312,1160.8919,157.6832,1.0683,13,0.1893,0.929706,0.453259,0.534448,1.144137,0.443306,1.020535,0.269078,0.461759,0.057607,0.194339,0.326623,0.526973,0.484943,0.06274,0.083892,0.025756,0.026068,0.14029,0.024407,0.805768,0.009006,0.016099,0.000584,0.003758,0.010287,0.022198,0.028782,0.00078
39460,1216,36324,35108,34965,143,0,0,274,57.471914,0.0,37476.219126,1311.593091,1910.934995,1888.6808,3193.42,39460,55,71,49246080.0,14120479.1445,92433.8195,42526.8048,1435.2948,1165.3098,158.6701,1.0872,13,0.189145,0.93037,0.45447,0.533633,1.143318,0.443488,1.020394,0.268663,0.463135,0.057974,0.194642,0.327033,0.527389,0.484707,0.062989,0.084365,0.026401,0.026141,0.139046,0.024527,0.808877,0.008873,0.016391,0.000707,0.003764,0.010345,0.022243,0.028844,0.000847
39480,1218,36356,35138,34992,146,0,0,270,52.815691,3.342499,37390.333595,1320.931839,1906.25247,1887.479449,3193.29,39480,56,71,49271040.0,14132654.507,92536.3924,42566.3397,1436.8745,1180.1688,160.574,1.0872,13,0.188834,0.931269,0.455778,0.533603,1.144924,0.443819,1.018751,0.269087,0.462584,0.057319,0.194647,0.327818,0.52823,0.483273,0.062953,0.082732,0.026711,0.026422,0.140384,0.024652,0.809493,0.008831,0.016405,0.000539,0.003759,0.01039,0.022434,0.028476,0.000839
39500,1218,36387,35169,35023,146,0,0,259,53.479114,2.733853,37313.991754,1322.346977,1904.173909,1886.874014,3188.94,39500,56,71,49296000.0,14144835.7716,92639.1091,42601.8209,1438.5545,1180.1688,160.7407,1.0872,13,0.189655,0.933732,0.455223,0.53295,1.149945,0.444733,1.012787,0.26928,0.463271,0.05739,0.194214,0.327651,0.527929,0.482211,0.062847,0.082997,0.02724,0.02601,0.138649,0.024503,0.768483,0.008904,0.016232,0.000537,0.003672,0.010549,0.022155,0.028383,0.000818
39520,1217,36420,35203,35055,148,0,0,261,55.338685,20.330467,37233.411997,1318.872581,1905.788734,1886.251438,3193.7,39520,56,71,49320960.0,14157049.3497,92742.4424,42635.3981,1439.4466,1219.7021,161.0865,1.0979,13,0.190633,0.935014,0.45575,0.532275,1.150466,0.443577,1.017859,0.268875,0.461793,0.057567,0.193423,0.328339,0.526027,0.483994,0.063224,0.084608,0.027435,0.026475,0.139365,0.024564,0.768691,0.008926,0.016373,0.000622,0.00355,0.010628,0.021731,0.028662,0.000837
39540,1213,36451,35238,35089,149,0,0,259,49.517892,27.093999,37289.296451,1311.843598,1918.63851,1886.176958,3189.29,39540,56,71,49345920.0,14169280.428,92845.2338,42666.8286,1441.3638,1222.1684,161.704,1.0979,13,0.189613,0.937686,0.456372,0.532769,1.149849,0.443145,1.023722,0.268448,0.46186,0.057299,0.193771,0.328251,0.525075,0.482401,0.063352,0.084944,0.027292,0.026466,0.138306,0.024343,0.781965,0.008855,0.016615,0.000544,0.003568,0.010599,0.021484,0.028568,0.000829
39560,1208,36482,35274,35125,149,0,0,261,53.003788,22.16037,37351.531433,1308.600554,1918.395658,1886.644487,3206.55,39560,56,71,49370880.0,14181520.591,92947.5205,42706.4922,1443.0329,1222.1684,161.8777,1.1115,13,0.190397,0.938046,0.456356,0.533866,1.15128,0.442018,1.024709,0.268884,0.462791,0.057471,0.193354,0.327496,0.524219,0.483953,0.063119,0.085892,0.027623,0.027149,0.137114,0.024191,0.772643,0.008977,0.016902,0.000551,0.003546,0.010826,0.020523,0.028775,0.000821
39580,1216,36515,35299,35150,149,0,0,256,50.87035,15.246186,37421.710792,1318.18746,1910.94219,1888.870665,3181.3,39580,56,71,49395840.0,14193777.9541,93046.6964,42745.2496,1443.6225,1224.5353,162.1687,1.1172,13,0.188322,0.939636,0.457018,0.533074,1.146073,0.439987,1.030116,0.268906,0.462428,0.057898,0.193462,0.327116,0.524136,0.484857,0.063355,0.086677,0.027715,0.027044,0.13606,0.024245,0.795608,0.009046,0.017263,0.000655,0.003555,0.010761,0.020694,0.02877,0.000833
39600,1203,36536,35333,35184,149,0,0,263,56.262568,8.928839,37453.821148,1314.442499,1909.294933,1890.240589,3215.19,39600,56,71,49420800.0,14206024.7405,93145.0456,42779.9877,1445.2161,1226.6733,162.955,1.1319,13,0.191189,0.938986,0.457087,0.532982,1.145526,0.441349,1.02567,0.267856,0.461215,0.057949,0.19319,0.327894,0.524535,0.486173,0.063185,0.08587,0.027756,0.02677,0.135917,0.023954,0.783703,0.008744,0.016923,0.000656,0.003539,0.01071,0.020626,0.028815,0.000819
39620,1195,36571,35376,35225,151,0,0,277,59.610341,24.843057,37562.709079,1302.96086,1917.4288,1891.493754,3226.54,39620,56,71,49445760.0,14218281.7742,93242.2128,42813.6085,1446.3763,1230.1426,163.8536,1.1319,13,0.187448,0.943517,0.458565,0.533846,1.143873,0.440299,1.0193,0.269075,0.459741,0.057666,0.193127,0.326987,0.525234,0.486124,0.062841,0.086436,0.027609,0.026937,0.136453,0.024005,0.784453,0.008489,0.016459,0.000584,0.003595,0.010619,0.020132,0.028284,0.000799
39640,1196,36598,35402,35251,151,0,0,268,55.114715,12.129012,37715.349967,1311.391101,1913.494184,1891.746103,3232.4,39640,56,71,49470720.0,14230511.1987,93339.7607,42851.6427,1448.3308,1234.9436,163.8536,1.1319,13,0.188127,0.943307,0.458149,0.535413,1.144886,0.440813,1.023558,0.268776,0.45975,0.057721,0.193653,0.327545,0.526115,0.485972,0.062866,0.086289,0.027467,0.027048,0.137193,0.024169,0.793894,0.00847,0.016669,0.000583,0.003692,0.010742,0.020163,0.028362,0.000809
39660,1191,36623,35432,35281,151,0,0,274,60.982071,6.787217,37784.82115,1314.275245,1904.742684,1891.440672,3247.53,39660,57,71,49495680.0,14242741.5604,93437.9461,42889.3755,1449.338,1235.928,163.9075,1.135,13,0.185558,0.942473,0.457159,0.535764,1.143425,0.440583,1.019178,0.268915,0.460581,0.057802,0.193315,0.326853,0.525391,0.487145,0.062528,0.085838,0.027084,0.026921,0.137172,0.024155,0.797213,0.008379,0.016709,0.000613,0.003659,0.010473,0.020077,0.028404,0.000771
39680,1202,36659,35457,35306,151,0,0,272,55.098996,4.118104,37877.943659,1317.049108,1907.851896,1889.480742,3225.26,39680,57,71,49520640.0,14254996.9917,93538.3477,42920.5991,1450.633,1235.928,163.9223,1.135,13,0.182196,0.942155,0.456318,0.537041,1.144762,0.43995,1.018195,0.270014,0.461804,0.057735,0.193838,0.326624,0.524774,0.4862,0.062392,0.08465,0.026525,0.026873,0.136893,0.023788,0.796459,0.008326,0.016935,0.000609,0.003644,0.010424,0.020446,0.028364,0.000773
39700,1209,36697,35488,35337,151,0,0,265,53.568666,3.368225,37950.457331,1319.621172,1906.810162,1887.231214,3215.36,39700,57,71,49545600.0,14267275.3303,93640.8573,42957.4615,1452.8646,1235.928,164.1719,1.135,13,0.182796,0.943117,0.456449,0.536318,1.144893,0.440085,1.023446,0.270509,0.461997,0.057591,0.194207,0.326426,0.523955,0.486359,0.062416,0.08365,0.026659,0.026794,0.138042,0.023904,0.818456,0.008572,0.017109,0.000606,0.003649,0.010482,0.020228,0.028472,0.000773
39720,1206,36727,35521,35370,151,0,0,271,56.997959,2.754895,38051.675553,1312.544032,1910.45801,1885.254421,3222.95,39720,57,71,49570560.0,14279571.5945,93744.3013,42992.7823,1454.5866,1235.928,164.1953,1.135,13,0.181592,0.93977,0.457472,0.536242,1.143019,0.440159,1.03362,0.271368,0.461424,0.057556,0.194686,0.326789,0.525886,0.487111,0.062516,0.083415,0.02742,0.026988,0.139059,0.023838,0.835007,0.008754,0.01721,0.000608,0.003784,0.010562,0.020477,0.028671,0.000769
39740,1213,36759,35546,35395,151,0,0,267,54.166381,2.253248,38157.952147,1320.143541,1905.690078,1884.636859,3211.51,39740,57,71,49595520.0,14291876.8493,93847.5765,43029.178,1456.9315,1235.928,164.1953,1.135,13,0.182193,0.937276,0.456844,0.536925,1.145137,0.442074,1.037395,0.27103,0.461745,0.057353,0.194759,0.325912,0.525422,0.487078,0.062737,0.082904,0.027165,0.027363,0.13849,0.023794,0.834378,0.008858,0.017063,0.000571,0.003787,0.010484,0.020478,0.028777,0.000767
39760,1215,36787,35572,35421,151,0,0,267,55.922447,1.842947,38191.182849,1325.166048,1898.911504,1885.607602,3206.52,39760,57,71,49620480.0,14304181.8923,93948.9326,43061.5464,1458.5022,1235.928,164.323,1.135,13,0.18107,0.936631,0.457097,0.538269,1.142809,0.442103,1.038462,0.271098,0.461779,0.057379,0.194868,0.326216,0.526288,0.487562,0.062668,0.083032,0.027113,0.027963,0.13744,0.023871,0.84111,0.008841,0.017445,0.000581,0.003722,0.010626,0.020673,0.028757,0.000759
39780,1244,36832,35588,35437,151,0,0,269,51.920494,1.507359,38062.780935,1345.131826,1882.94768,1884.719006,3138.73,39780,57,71,49645440.0,14316484.6636,94052.0135,43099.4664,1458.9468,1235.928,164.323,1.135,13,0.176045,0.941215,0.45835,0.537346,1.140607,0.441212,1.020818,0.271419,0.463493,0.057157,0.195473,0.325277,0.5258,0.485112,0.062285,0.083062,0.027245,0.027358,0.135392,0.023611,0.816501,0.00877,0.017246,0.00057,0.003702,0.010438,0.020313,0.02851,0.000748
39800,1240,36867,35627,35476,151,0,0,269,55.747673,1.232879,37844.887549,1345.105613,1879.146713,1883.18315,3133.7,39800,57,71,49670400.0,14328798.0092,94156.7829,43145.3431,1461.0324,1235.928,164.5449,1.135,13,0.176613,0.940722,0.457932,0.539222,1.137889,0.440414,1.025572,0.271388,0.46214,0.057305,0.1955,0.32483,0.526532,0.484786,0.062441,0.083315,0.02718,0.027828,0.136168,0.023955,0.838005,0.008917,0.01728,0.000583,0.003676,0.01043,0.020446,0.028505,0.000751
39820,1234,36908,35674,35523,151,0,0,274,57.876077,1.008381,37730.794391,1337.449227,1884.674696,1881.236285,3135.47,39820,57,71,49695360.0,14341169.4675,94263.2759,43189.2364,1464.469,1235.928,164.7037,1.1379,13,0.175851,0.943332,0.458225,0.53996,1.136667,0.439415,1.033856,0.272152,0.46146,0.057093,0.196289,0.324861,0.525347,0.485279,0.062472,0.085492,0.027283,0.028445,0.134768,0.024148,0.867499,0.008851,0.017639,0.000545,0.003838,0.010384,0.020806,0.028508,0.000753
39840,1230,36929,35699,35548,151,0,0,276,55.20536,0.0,37684.067129,1349.398472,1875.396168,1878.421064,3157.59,39840,57,71,49720320.0,14353560.8644,94372.4514,43228.9263,1466.3447,1235.928,164.7037,1.1379,13,0.178049,0.941435,0.457424,0.5415,1.136484,0.438918,1.043006,0.272112,0.460615,0.057128,0.196253,0.324977,0.5258,0.485504,0.062904,0.085807,0.027296,0.030608,0.135809,0.024457,0.883668,0.009109,0.017495,0.000543,0.003823,0.010457,0.021178,0.028701,0.000793
39860,1232,36964,35732,35581,151,0,0,276,57.340325,0.0,37530.93591,1347.160414,1875.49926,1875.319399,3154.54,39860,57,71,49745280.0,14365899.3547,94484.848,43262.3528,1468.3915,1235.928,165.1547,1.1379,13,0.178571,0.942754,0.45666,0.542553,1.134178,0.43975,1.046301,0.271805,0.460856,0.057065,0.19684,0.325348,0.525946,0.486402,0.063309,0.086754,0.02808,0.031423,0.137408,0.025143,0.902153,0.009024,0.017451,0.000546,0.003889,0.010583,0.021249,0.029355,0.000874
39880,1240,37001,35761,35609,152,0,0,271,53.421672,0.0,37375.670562,1351.184504,1875.393824,1876.650765,3121.31,39880,57,71,49770240.0,14378246.5786,94593.9291,43299.6242,1469.6127,1236.6223,166.1207,1.138,13,0.180645,0.941307,0.457457,0.542167,1.137202,0.439733,1.039642,0.272193,0.459462,0.057062,0.196827,0.325372,0.525749,0.488203,0.063129,0.085842,0.0282,0.030758,0.139268,0.025135,0.887206,0.009235,0.017058,0.000545,0.003823,0.01064,0.021086,0.029378,0.000857
39900,1235,37034,35799,35646,153,0,0,277,55.01313,0.0,37171.410422,1347.417451,1877.569419,1879.17545,3123.4,39900,57,71,49795200.0,14390603.361,94700.7488,43339.6835,1471.0429,1245.4644,166.4458,1.1384,13,0.181377,0.939583,0.458217,0.542319,1.136765,0.438358,1.039972,0.272803,0.459434,0.0574,0.196571,0.325219,0.52551,0.488775,0.06276,0.085106,0.028203,0.03091,0.138195,0.025067,0.89812,0.009522,0.01695,0.000572,0.003833,0.010677,0.020941,0.029369,0.000858
39920,1231,37069,35838,35685,153,0,0,288,57.263544,0.0,37068.611097,1343.100744,1879.635712,1881.004157,3131.36,39920,57,71,49820160.0,14402978.38,94806.9023,43379.8505,1472.3635,1245.4644,166.7659,1.1434,13,0.182778,0.938865,0.457863,0.540633,1.139232,0.441032,1.037878,0.271236,0.461038,0.057644,0.195744,0.326245,0.525372,0.488675,0.063124,0.085628,0.028632,0.030375,0.135839,0.025623,0.874278,0.009577,0.017209,0.000609,0.003709,0.010716,0.02116,0.029544,0.000863
39940,1227,37098,35871,35718,153,0,0,288,59.581206,0.0,37004.390899,1342.164209,1878.254585,1880.334177,3111.96,39940,57,71,49845120.0,14415382.0738,94915.5812,43416.9404,1473.4788,1245.4644,167.8004,1.1434,13,0.185819,0.936373,0.456704,0.538699,1.140645,0.44182,1.036217,0.271341,0.460191,0.05773,0.195049,0.326413,0.526171,0.489524,0.063134,0.08448,0.028636,0.029822,0.136273,0.025497,0.860244,0.009762,0.016742,0.000608,0.003691,0.010867,0.021312,0.029891,0.000864
39960,1226,37129,35903,35748,155,0,0,280,59.754793,39.660544,36943.065678,1337.851343,1882.393864,1881.143373,3110.11,39960,57,71,49870080.0,14427797.6603,95022.8366,43447.1792,1474.3093,1252.9572,169.6295,1.1573,13,0.185971,0.936917,0.455989,0.541004,1.141405,0.442538,1.04213,0.271818,0.459815,0.057483,0.195022,0.326377,0.525306,0.487969,0.063268,0.08565,0.028552,0.030794,0.137175,0.025659,0.870484,0.010027,0.016905,0.000525,0.003717,0.010812,0.020916,0.02978,0.000877
39980,1218,37159,35941,35786,155,0,0,294,64.365721,32.438634,37003.752131,1323.191749,1892.44253,1880.429324,3133.76,39980,57,71,49895040.0,14440204.0801,95131.6166,43474.9839,1475.7308,1252.9572,170.2513,1.1573,13,0.18555,0.936267,0.457151,0.540733,1.14037,0.442234,1.04444,0.271467,0.459932,0.057378,0.195318,0.326624,0.523896,0.488594,0.062817,0.085279,0.028268,0.030376,0.135494,0.025206,0.880907,0.009715,0.017105,0.000521,0.003749,0.010799,0.020224,0.029714,0.000852
40000,1228,37193,35965,35810,155,0,0,286,59.320286,26.531784,37056.853293,1328.92641,1891.753304,1880.259801,3117.38,40000,58,71,49920000.0,14452599.2507,95240.0535,43509.7712,1477.1142,1252.9572,170.3875,1.1573,13,0.188925,0.93207,0.456877,0.539579,1.145588,0.44307,1.054223,0.272013,0.459658,0.057377,0.195101,0.326526,0.522555,0.48838,0.062784,0.085143,0.028224,0.029869,0.136067,0.025223,0.895966,0.01019,0.017001,0.000514,0.003692,0.010929,0.019943,0.029592,0.000844
