tick,population,births_cum,deaths_cum,deaths_starvation,deaths_damage,deaths_predation,deaths_disaster,corpse_count,corpse_matter,corpse_energy,total_energy,total_biomass,nutrient_total,chemical_total,mean_age,max_age,max_generation,n_lineages,light_supply_cum,flow_light_cum,flow_chemical_cum,flow_nutrient_cum,flow_corpse_matter_cum,flow_corpse_energy_cum,flow_predation_energy_cum,flow_predation_matter_cum,top_lineage_id,top_lineage_frac,pop_north_band,pop_middle_band,pop_south_band,frac_north_band,frac_middle_band,frac_south_band,mean_local_light,vent_cell_population,vent_cell_frac,mean_move_per_org_tick,mean_body_size,mean_membrane_strength,mean_movement_power,mean_movement_efficiency,mean_sensory_range,mean_light_absorption,mean_chemical_absorption,mean_nutrient_absorption,mean_predation_efficiency,mean_corpse_digestion,mean_repair_rate,mean_damage_resistance,mean_reproduction_investment,mean_mutation_rate,var_body_size,var_membrane_strength,var_movement_power,var_movement_efficiency,var_sensory_range,var_light_absorption,var_chemical_absorption,var_nutrient_absorption,var_predation_efficiency,var_corpse_digestion,var_repair_rate,var_damage_resistance,var_reproduction_investment,var_mutation_rate
20,206,206,0,0,0,0,0,0,0,0,5642.488869,130.962762,3149.037238,1901.771298,18.66,20,1,100,24960.0,1986.4023,2.3525,50.9628,0.0,0.0,0.0,0.0,4,0.014563,63,82,61,0.305825,0.398058,0.296117,0.861197,3,0.014563,0.0,0.995643,0.496804,0.500823,1.002046,0.399975,0.298939,0.299418,0.501508,0.050067,0.199278,0.298572,0.50017,0.401303,0.050197,0.001586,0.000371,0.000299,0.001732,0.000244,0.000172,0.000121,0.000417,4e-06,8.4e-05,0.000134,0.000392,0.000341,1.6e-05
40,210,210,0,0,0,0,0,0,0,0,6011.279057,193.981774,3086.018226,2292.25878,38.0,40,2,100,49920.0,4030.0887,5.7101,113.9818,0.0,0.0,0.0,0.0,4,0.019048,66,83,61,0.314286,0.395238,0.290476,0.877603,3,0.014286,0.036688,0.994911,0.496988,0.500641,1.002252,0.400231,0.299096,0.299419,0.501516,0.050082,0.199161,0.298589,0.499875,0.401189,0.050228,0.001592,0.000372,0.000301,0.001729,0.000252,0.000178,0.000125,0.000432,4e-06,8.5e-05,0.000136,0.000391,0.000349,1.6e-05
60,191,230,39,39,0,0,0,39,42.960977,0.0,6091.163895,196.088996,3040.950027,2474.759069,52.89,60,2,93,74880.0,6166.3083,13.0539,161.6014,0.0,0.0,0.0,0.0,26,0.031414,75,93,23,0.39267,0.486911,0.120419,1.128255,4,0.020942,0.120943,0.994446,0.495564,0.500354,1.004184,0.400116,0.298875,0.298661,0.499858,0.050016,0.198998,0.298745,0.498777,0.401703,0.050208,0.001787,0.00041,0.000386,0.002014,0.00026,0.000202,0.000152,0.000416,5e-06,8.2e-05,0.000152,0.000428,0.000421,1.8e-05
80,180,256,76,76,0,0,0,71,69.492066,0.0,6690.222443,172.210464,3038.29747,2545.953027,61.96,80,2,64,99840.0,8356.0389,23.5933,181.5124,0.0,0.0,0.0,0.0,26,0.044444,95,85,0,0.527778,0.472222,0.0,1.427352,6,0.033333,0.016067,0.993701,0.495655,0.501114,1.006754,0.400304,0.298508,0.297542,0.49825,0.050015,0.198309,0.298953,0.498412,0.402268,0.05012,0.002344,0.000528,0.000554,0.00238,0.000295,0.000277,0.000212,0.000435,6e-06,9.8e-05,0.000184,0.000552,0.000447,2.9e-05
100,193,274,81,81,0,0,0,75,67.193557,0.0,7333.083564,196.317885,3016.488558,2568.83813,74.95,100,3,60,124800.0,10705.304,39.3025,211.4343,0.0,0.0,0.0,0.0,75,0.051813,106,87,0,0.549223,0.450777,0.0,1.474905,6,0.031088,0.001561,0.994691,0.493976,0.501326,1.003795,0.400079,0.298747,0.297345,0.499218,0.049935,0.198052,0.298286,0.498127,0.403405,0.050337,0.002362,0.000538,0.000579,0.00253,0.000344,0.000315,0.000227,0.000547,7e-06,0.000104,0.000178,0.000584,0.000464,3.2e-05
120,204,287,83,83,0,0,0,77,62.873833,0.0,7842.542086,218.683305,2998.442862,2573.601389,89.28,120,3,59,149760.0,13095.7873,59.1015,236.1557,0.0,0.0,0.0,0.0,75,0.053922,114,90,0,0.558824,0.441176,0.0,1.496275,6,0.029412,0.0,0.994877,0.494251,0.50113,1.003065,0.400217,0.299366,0.297492,0.500018,0.049934,0.197894,0.298568,0.498207,0.403344,0.050463,0.00252,0.000571,0.000581,0.002628,0.000407,0.000321,0.000236,0.000581,7e-06,0.000117,0.000209,0.000588,0.000455,3.7e-05
140,210,295,85,85,0,0,0,79,58.106756,0.0,8334.522996,232.071244,2989.822,2572.620656,105.24,140,3,58,174720.0,15582.7953,80.7446,252.0159,0.0,0.0,0.0,0.0,75,0.052381,121,89,0,0.57619,0.42381,0.0,1.508206,8,0.038095,0.0,0.995294,0.494378,0.50043,1.002073,0.400443,0.299508,0.297718,0.500128,0.049961,0.198101,0.298357,0.49906,0.403156,0.050344,0.002521,0.000606,0.000575,0.002827,0.000428,0.000319,0.000252,0.000588,7e-06,0.000124,0.000227,0.000648,0.000459,3.6e-05
160,221,309,88,88,0,0,0,80,52.676336,0.0,8749.608944,242.678645,2984.645018,2568.110393,117.38,160,3,58,199680.0,18094.3958,105.5297,266.3057,0.0,0.0,0.0,0.0,75,0.049774,130,91,0,0.588235,0.411765,0.0,1.523725,9,0.040724,0.001311,0.993814,0.495602,0.499298,1.002655,0.40132,0.299529,0.297233,0.501411,0.050001,0.198608,0.298581,0.498463,0.403043,0.050439,0.002636,0.000655,0.00062,0.002944,0.000498,0.000329,0.000276,0.000793,7e-06,0.000148,0.000264,0.000684,0.000458,3.7e-05
180,236,327,91,91,0,0,0,81,49.383376,0.0,9082.683137,256.846337,2973.770287,2562.102458,127.06,180,3,57,224640.0,20644.4039,132.6085,284.0816,0.0,0.0,0.0,0.0,69,0.04661,143,93,0,0.605932,0.394068,0.0,1.541455,10,0.042373,0.000609,0.994857,0.496164,0.500017,1.003044,0.401653,0.299711,0.296715,0.501277,0.050069,0.198707,0.299001,0.498325,0.401974,0.050383,0.002745,0.000708,0.00062,0.003088,0.000522,0.000341,0.000302,0.0009,8e-06,0.000165,0.000289,0.000724,0.000493,4.1e-05
200,240,332,92,92,0,0,0,80,44.083372,0.0,9423.834588,272.988522,2962.928107,2554.784703,144.04,200,3,57,249600.0,23308.9163,161.0335,301.5054,0.0,0.0,0.0,0.0,69,0.05,147,93,0,0.6125,0.3875,0.0,1.544653,11,0.045833,0.0,0.995104,0.496569,0.499859,1.002172,0.401729,0.29964,0.296947,0.50113,0.050078,0.19871,0.298879,0.498466,0.401841,0.050357,0.002737,0.000716,0.000661,0.003213,0.000531,0.000344,0.000314,0.000904,8e-06,0.000165,0.000301,0.000747,0.000492,4.1e-05
220,246,340,94,94,0,0,0,81,39.96102,0.0,9699.151417,281.239237,2958.799744,2542.466462,158.83,220,4,57,274560.0,25997.2388,193.6905,312.0797,0.0,0.0,0.0,0.0,69,0.052846,149,97,0,0.605691,0.394309,0.0,1.546084,11,0.044715,0.0,0.996155,0.496454,0.499672,1.000711,0.402267,0.299911,0.297036,0.501681,0.050174,0.198582,0.29928,0.499182,0.402252,0.050332,0.002832,0.000728,0.000742,0.003456,0.000563,0.000347,0.000333,0.000967,9e-06,0.00017,0.000371,0.000799,0.000486,4.3e-05
240,255,351,96,96,0,0,0,83,38.529582,0.0,9917.516462,288.218458,2953.25196,2530.782657,171.09,240,4,55,299520.0,28698.1621,221.5311,321.5617,0.0,0.0,0.0,0.0,69,0.054902,157,98,0,0.615686,0.384314,0.0,1.56068,12,0.047059,0.0,0.99582,0.496974,0.49917,0.998419,0.40325,0.300046,0.297398,0.501407,0.0502,0.198711,0.299785,0.500384,0.401253,0.050354,0.002886,0.000783,0.000747,0.003866,0.000594,0.000374,0.000363,0.001017,9e-06,0.000191,0.000399,0.000848,0.00053,4.6e-05
260,263,361,98,98,0,0,0,82,34.806713,0.0,10119.181952,298.826798,2946.366489,2526.296466,184.24,260,4,55,324480.0,31474.2255,243.2949,334.4668,0.0,0.0,0.0,0.0,73,0.057034,163,100,0,0.619772,0.380228,0.0,1.562966,13,0.04943,0.0,0.995709,0.497776,0.498283,0.997251,0.403257,0.300353,0.297685,0.501691,0.050197,0.198913,0.299672,0.50043,0.400807,0.050471,0.002935,0.000834,0.000778,0.003946,0.000608,0.000373,0.00038,0.001066,9e-06,0.000206,0.000405,0.000844,0.000528,4.9e-05
280,274,374,100,100,0,0,0,83,31.711087,0.0,10302.748357,308.776751,2939.512162,2522.479532,195.26,280,5,55,349440.0,34325.5588,267.0354,346.8327,0.0,0.0,0.0,0.0,73,0.054745,171,103,0,0.624088,0.375912,0.0,1.566484,14,0.051095,0.0,0.994945,0.497135,0.498862,0.997213,0.403442,0.300327,0.29776,0.501949,0.050077,0.199059,0.299465,0.500469,0.401286,0.050749,0.002922,0.000829,0.000789,0.004103,0.000641,0.000392,0.000377,0.001044,1e-05,0.000211,0.000412,0.000828,0.000579,5.7e-05
300,284,385,101,101,0,0,0,83,28.822041,0.0,10415.433314,321.673891,2929.504068,2519.055798,207.27,300,5,55,374400.0,37204.6024,292.4659,360.7787,0.0,0.0,0.0,0.0,69,0.056338,179,105,0,0.630282,0.369718,0.0,1.567171,16,0.056338,0.0,0.995269,0.497318,0.499984,0.998488,0.402815,0.30032,0.297859,0.502024,0.05004,0.199022,0.299776,0.500143,0.401226,0.050872,0.003047,0.000861,0.000845,0.004383,0.000658,0.000418,0.000405,0.001138,1e-05,0.00021,0.000434,0.000851,0.000681,6.1e-05
320,285,389,104,104,0,0,0,83,26.07272,0.0,10464.084136,329.738343,2924.188937,2513.719368,224.28,320,5,55,399360.0,40084.4031,322.1861,372.6563,0.0,0.0,0.0,0.0,69,0.05614,179,106,0,0.62807,0.37193,0.0,1.565778,16,0.05614,0.0,0.994418,0.496861,0.500576,0.999268,0.402897,0.30043,0.298062,0.502151,0.049998,0.198951,0.299706,0.499988,0.401735,0.050898,0.002993,0.000867,0.000807,0.00443,0.00066,0.000431,0.000403,0.001169,1e-05,0.000209,0.000422,0.00088,0.000699,6.1e-05
340,286,394,108,108,0,0,0,82,23.61589,0.0,10493.289537,333.78383,2922.600279,2507.6985,240.05,340,5,55,424320.0,42981.6697,355.7419,381.4674,0.0,0.0,0.0,0.0,69,0.055944,181,105,0,0.632867,0.367133,0.0,1.567121,16,0.055944,0.0,0.993575,0.496397,0.501144,0.999779,0.4024,0.300776,0.297966,0.502422,0.049954,0.198774,0.299697,0.499642,0.401965,0.050894,0.003075,0.000865,0.000823,0.004537,0.000659,0.000459,0.000402,0.001159,1e-05,0.000203,0.000412,0.000882,0.000708,6.3e-05
360,288,401,113,113,0,0,0,81,21.317816,0.0,10526.395086,334.628368,2924.053815,2502.819196,254.65,360,5,55,449280.0,45896.2697,390.9051,388.2182,0.0,0.0,0.0,0.0,69,0.055556,182,106,0,0.631944,0.368056,0.0,1.567523,16,0.055556,0.0,0.992887,0.496498,0.501149,1.000055,0.40224,0.301087,0.297608,0.502903,0.049923,0.198634,0.29976,0.49962,0.401624,0.050854,0.003178,0.000903,0.000791,0.00444,0.000713,0.000463,0.000401,0.001265,1e-05,0.000205,0.000424,0.000896,0.000707,6.3e-05
380,291,406,115,115,0,0,0,82,20.446788,0.0,10533.624374,339.717523,2919.835688,2498.46917,270.16,380,5,55,474240.0,48810.8697,427.2245,395.6817,0.0873,0.0,0.0,0.0,69,0.054983,186,105,0,0.639175,0.360825,0.0,1.57236,16,0.054983,0.000234,0.992476,0.495953,0.501729,0.998973,0.402122,0.300986,0.297585,0.503316,0.049947,0.198672,0.299449,0.499601,0.40192,0.050942,0.003278,0.000955,0.000847,0.004496,0.000734,0.000466,0.000411,0.001294,1e-05,0.00021,0.000431,0.000897,0.00071,6.6e-05
400,291,411,120,120,0,0,0,82,18.164039,0.0,10541.697723,340.499319,2921.336642,2494.220466,285.42,400,5,55,499200.0,51741.0697,464.2744,402.2276,0.0873,0.0,0.0,0.0,43,0.051546,187,104,0,0.642612,0.357388,0.0,1.568637,15,0.051546,0.0,0.993574,0.496115,0.502275,0.999214,0.401959,0.300908,0.298017,0.503225,0.049963,0.198502,0.299313,0.499319,0.401557,0.05093,0.003363,0.000967,0.000833,0.004531,0.000727,0.000456,0.000412,0.001322,1e-05,0.000207,0.000442,0.00089,0.000734,6.5e-05
420,294,418,124,124,0,0,0,83,16.520587,0.0,10548.431948,342.341909,2921.137504,2489.042046,299.79,420,5,55,524160.0,54690.3364,502.1835,408.808,0.0873,0.0,0.0,0.0,69,0.05102,186,108,0,0.632653,0.367347,0.0,1.564422,15,0.05102,0.0,0.992117,0.49612,0.50238,1.00018,0.401467,0.301249,0.298073,0.503617,0.049984,0.198673,0.299614,0.499453,0.401427,0.051012,0.003455,0.000963,0.000829,0.004441,0.000741,0.000477,0.000408,0.001339,1e-05,0.000207,0.000443,0.000902,0.000765,6.6e-05
440,296,425,129,129,0,0,0,83,15.282396,0.0,10539.379379,343.716822,2921.000782,2482.164545,312.92,440,5,55,549120.0,57638.9982,540.7984,416.1688,0.2364,0.0,0.0,0.0,69,0.050676,188,108,0,0.635135,0.364865,0.0,1.563221,15,0.050676,0.0,0.992801,0.495299,0.502608,0.999075,0.401225,0.301575,0.297889,0.503304,0.05,0.198531,0.29932,0.499418,0.401734,0.050975,0.003472,0.000978,0.000837,0.004396,0.000748,0.000464,0.000404,0.001342,1e-05,0.000201,0.000433,0.000905,0.000771,6.6e-05
460,299,431,132,132,0,0,0,82,14.487746,0.0,10501.51794,348.463735,2917.04852,2471.58309,326.7,460,5,55,574080.0,60595.6316,579.4134,424.6642,0.2364,0.0,0.0,0.0,69,0.050167,189,110,0,0.632107,0.367893,0.0,1.558841,15,0.050167,0.0,0.993099,0.494889,0.503233,0.999765,0.400897,0.301434,0.298018,0.50287,0.050007,0.198229,0.299148,0.499599,0.401796,0.050924,0.003563,0.000976,0.00082,0.004248,0.000736,0.000457,0.000401,0.001317,1.1e-05,0.000198,0.000428,0.000915,0.000764,6.6e-05
480,297,433,136,136,0,0,0,84,13.857005,0.0,10459.751104,349.599083,2916.543912,2468.786507,344.88,480,5,55,599040.0,63567.6482,604.4733,430.5906,0.2364,0.0,0.0,0.0,69,0.050505,189,108,0,0.636364,0.363636,0.0,1.565253,17,0.057239,0.0,0.992182,0.49473,0.503427,1.000397,0.400774,0.301309,0.298296,0.50284,0.050014,0.198278,0.29928,0.499545,0.401343,0.05095,0.003669,0.000975,0.000824,0.004217,0.000739,0.00046,0.000403,0.001304,1.1e-05,0.0002,0.000437,0.000923,0.000792,6.6e-05
500,301,437,136,136,0,0,0,83,10.949411,0.0,10419.180515,354.010737,2915.039853,2465.821264,360.17,500,5,55,624000.0,66556.7816,630.3901,435.0022,0.2364,0.0,0.0,0.0,69,0.053156,193,108,0,0.641196,0.358804,0.0,1.567486,19,0.063123,0.0,0.992122,0.494763,0.503621,1.001184,0.400661,0.301654,0.298036,0.503138,0.050016,0.198258,0.299207,0.499713,0.401005,0.051021,0.003663,0.000971,0.000858,0.004423,0.000733,0.000479,0.000404,0.001307,1.1e-05,0.000201,0.000444,0.000919,0.000794,6.9e-05
520,301,441,140,140,0,0,0,83,10.890948,0.0,10428.12816,354.086217,2915.022835,2459.157673,375.71,520,5,55,648960.0,69602.9849,662.3535,439.4986,0.4018,0.0,0.0,0.0,69,0.053156,192,109,0,0.637874,0.362126,0.0,1.564463,21,0.069767,0.0,0.991742,0.494779,0.503499,1.000886,0.400373,0.30187,0.298054,0.50392,0.049991,0.197967,0.299583,0.499192,0.400703,0.050932,0.003735,0.00098,0.000853,0.004368,0.000741,0.000472,0.000405,0.001335,1.1e-05,0.000198,0.00047,0.000926,0.000782,7e-05
540,302,445,143,143,0,0,0,83,9.283625,0.0,10467.762054,353.761117,2916.955258,2451.620135,391.59,540,5,55,673920.0,72672.5707,697.6983,442.5135,0.6265,0.0,0.0,0.0,69,0.05298,194,108,0,0.642384,0.357616,0.0,1.568322,22,0.072848,0.000245,0.991991,0.495328,0.504049,1.001757,0.399783,0.302107,0.297787,0.504224,0.050044,0.197847,0.299867,0.499213,0.400661,0.050998,0.00385,0.001011,0.000898,0.004536,0.000765,0.000484,0.000396,0.001337,1e-05,0.000208,0.000484,0.00095,0.000784,7.6e-05
560,307,452,145,145,0,0,0,82,8.348157,0.0,10512.417977,356.975105,2914.676738,2442.674368,403.09,560,6,55,698880.0,75769.7631,736.4695,448.1679,0.6265,0.0,0.0,0.0,69,0.052117,199,108,0,0.648208,0.351792,0.0,1.570163,23,0.074919,0.0,0.992644,0.495848,0.504768,1.003151,0.399843,0.302488,0.297751,0.504438,0.050056,0.198021,0.300235,0.499526,0.400254,0.05099,0.003874,0.001067,0.000983,0.004935,0.000767,0.000506,0.000401,0.001339,1e-05,0.000218,0.000516,0.000962,0.000784,7.7e-05
580,310,459,149,149,0,0,0,83,8.117718,0.0,10544.445084,360.093453,2911.788829,2432.574576,415.97,580,6,55,723840.0,78882.6652,778.8157,455.5549,0.7315,0.0,0.0,0.0,69,0.051613,201,109,0,0.648387,0.351613,0.0,1.569366,24,0.077419,0.0,0.992552,0.495714,0.504909,1.003586,0.399442,0.302035,0.29756,0.504196,0.050035,0.198074,0.300368,0.499415,0.400546,0.050792,0.003894,0.001104,0.001015,0.00492,0.00073,0.0005,0.000396,0.001317,1e-05,0.000214,0.000529,0.000944,0.000774,7.8e-05
600,311,464,153,153,0,0,0,82,9.157382,0.0,10557.50983,361.49783,2909.344789,2420.697081,430.48,600,6,55,748800.0,82001.5819,824.4004,461.6948,0.7986,0.0,0.0,0.0,32,0.048232,200,111,0,0.643087,0.356913,0.0,1.563205,24,0.07717,0.0,0.992029,0.494977,0.505721,1.003496,0.399842,0.302065,0.297475,0.504584,0.050043,0.198256,0.300502,0.499243,0.400297,0.050714,0.00394,0.001081,0.001046,0.004882,0.000714,0.000502,0.000388,0.00124,1e-05,0.000209,0.000537,0.000952,0.000785,7.6e-05
620,308,467,159,159,0,0,0,81,6.750108,0.0,10597.54892,360.679581,2912.570312,2403.801866,446.55,620,6,55,773760.0,85127.6486,873.3084,468.1741,0.7986,0.0,0.0,0.0,32,0.051948,200,108,0,0.649351,0.350649,0.0,1.566753,25,0.081169,0.000227,0.991402,0.494711,0.50552,1.002316,0.400517,0.302179,0.29731,0.504396,0.050032,0.19834,0.301204,0.499128,0.400085,0.050578,0.003957,0.001066,0.001018,0.004928,0.000694,0.000501,0.000383,0.001225,1e-05,0.000208,0.000578,0.000964,0.000804,7.3e-05
640,309,471,162,162,0,0,0,80,6.195462,0.0,10618.296544,362.625915,2911.178623,2389.403268,463.27,640,6,55,798720.0,88253.7152,913.7052,473.7935,0.7986,0.0,0.0,0.0,32,0.05178,201,108,0,0.650485,0.349515,0.0,1.574024,25,0.080906,0.000681,0.990564,0.494626,0.505189,1.003111,0.401305,0.302352,0.297043,0.504167,0.050046,0.198319,0.301331,0.499644,0.399984,0.050639,0.00413,0.001056,0.001022,0.004914,0.000722,0.000502,0.000386,0.001194,1e-05,0.000216,0.000584,0.000972,0.000798,7.4e-05
660,313,477,164,164,0,0,0,80,7.0487,0.0,10629.922823,365.315926,2907.635374,2375.608952,475.67,660,7,55,823680.0,91402.9219,950.5787,479.0145,0.7986,0.0,0.0,0.0,32,0.054313,202,111,0,0.645367,0.354633,0.0,1.570106,26,0.083067,0.0,0.990199,0.494688,0.504937,1.003366,0.401441,0.302394,0.29702,0.504068,0.050073,0.198255,0.301321,0.499257,0.399863,0.050606,0.004142,0.001072,0.00102,0.004845,0.000763,0.000508,0.000384,0.001201,1.1e-05,0.000216,0.000606,0.000987,0.000828,7.4e-05
680,311,482,171,171,0,0,0,74,6.215217,0.0,10650.821067,362.760844,2911.023939,2370.504022,489.82,680,7,55,848640.0,94575.7886,975.8729,484.753,1.0075,0.0,0.0,0.0,32,0.057878,200,111,0,0.643087,0.356913,0.0,1.570171,26,0.083601,0.000229,0.989281,0.494378,0.50529,1.002859,0.4013,0.303297,0.29691,0.504395,0.050038,0.19782,0.301951,0.498837,0.399807,0.05082,0.00413,0.001084,0.001067,0.004988,0.00078,0.000597,0.00038,0.001198,1e-05,0.000218,0.000621,0.000995,0.000828,7.9e-05
700,310,483,173,173,0,0,0,21,2.716723,0.0,10693.540245,365.30262,2911.980657,2366.700502,509.88,700,7,55,873600.0,97748.6552,1001.2508,489.6012,1.0075,0.0,0.0,0.0,32,0.058065,198,112,0,0.63871,0.36129,0.0,1.56643,26,0.083871,0.0,0.989897,0.494312,0.505553,1.002941,0.401264,0.303461,0.296869,0.504356,0.050073,0.197951,0.301994,0.498791,0.400024,0.050866,0.004195,0.001086,0.001067,0.005011,0.000783,0.000595,0.000381,0.001201,1e-05,0.000219,0.000623,0.001001,0.000831,8e-05
720,308,483,175,175,0,0,0,16,2.533632,0.0,10729.026612,365.543639,2911.922729,2363.375556,531.62,720,7,55,898560.0,100921.5219,1027.052,491.9262,1.0688,0.0,0.0,0.0,32,0.055195,196,112,0,0.636364,0.363636,0.0,1.565346,25,0.081169,0.0,0.99052,0.49411,0.505684,1.003252,0.401365,0.303504,0.296934,0.50451,0.050061,0.197994,0.301757,0.49885,0.400148,0.050903,0.00416,0.001087,0.001067,0.005028,0.000786,0.000599,0.000382,0.001202,1e-05,0.000221,0.000597,0.001005,0.000815,8e-05
740,308,486,178,178,0,0,0,16,3.300157,0.0,10766.165832,364.254826,2912.445017,2359.970648,549.66,740,7,55,923520.0,104094.3886,1053.313,494.0888,1.0688,0.0,0.0,0.0,32,0.058442,197,111,0,0.63961,0.36039,0.0,1.567175,27,0.087662,0.000443,0.990825,0.494797,0.505764,1.002951,0.401091,0.303849,0.297,0.504153,0.050026,0.197921,0.301849,0.498483,0.399927,0.051057,0.004172,0.001127,0.001074,0.004993,0.000799,0.000633,0.000384,0.001174,1e-05,0.000221,0.000636,0.001013,0.000817,8.1e-05
760,307,490,183,183,0,0,0,19,5.199489,0.0,10830.565881,360.613091,2914.18742,2355.448253,562.94,760,7,54,948480.0,107272.1952,1081.0496,496.1692,1.0688,0.0,0.0,0.0,32,0.055375,194,113,0,0.631922,0.368078,0.0,1.562964,26,0.084691,0.0,0.991717,0.495355,0.505603,1.002978,0.401303,0.304235,0.296952,0.503942,0.050016,0.197913,0.301709,0.498539,0.400339,0.051051,0.004169,0.001141,0.001085,0.005131,0.000807,0.00063,0.000385,0.001214,1e-05,0.000222,0.000643,0.001011,0.000806,8.1e-05
780,309,493,184,184,0,0,0,15,3.721599,0.0,10907.316067,363.432486,2912.845915,2350.003167,578.11,780,7,54,973440.0,110461.5286,1109.7223,500.1804,1.0688,0.0,0.0,0.0,32,0.058252,195,114,0,0.631068,0.368932,0.0,1.561122,27,0.087379,0.0,0.991853,0.495475,0.505228,1.002773,0.401387,0.304138,0.296831,0.50432,0.049972,0.197899,0.301869,0.49854,0.39998,0.051001,0.004245,0.00115,0.001065,0.005099,0.000813,0.000627,0.000387,0.001221,1e-05,0.000223,0.000653,0.001014,0.000812,8.2e-05
800,308,497,189,189,0,0,0,15,3.370636,0.0,10984.739669,361.025026,2915.604337,2342.594775,592.5,800,7,54,998400.0,113645.6186,1139.2108,503.8998,1.0688,0.0,0.0,0.0,32,0.058442,194,114,0,0.62987,0.37013,0.0,1.560281,26,0.084416,0.0,0.991789,0.495049,0.504872,1.000682,0.401905,0.304211,0.297013,0.503702,0.049993,0.198091,0.302153,0.498641,0.399643,0.050936,0.004283,0.001123,0.001022,0.004792,0.000855,0.000611,0.000392,0.001227,1e-05,0.00022,0.000649,0.001034,0.000834,8e-05
820,316,507,191,191,0,0,0,14,3.077483,0.0,11026.303571,364.381564,2912.540954,2330.7164,595.16,820,7,54,1023360.0,116825.4186,1169.0359,509.5976,1.0688,0.0,0.0,0.0,32,0.056962,195,121,0,0.617089,0.382911,0.0,1.551086,26,0.082278,0.0,0.994712,0.494985,0.505152,1.000298,0.401767,0.304721,0.296896,0.504232,0.050056,0.197706,0.302282,0.498209,0.399517,0.051037,0.004904,0.001176,0.001037,0.004911,0.000882,0.000617,0.000398,0.001265,1e-05,0.000222,0.000669,0.001026,0.000869,8.1e-05
840,314,509,195,195,0,0,0,15,4.06604,0.0,11031.747281,368.388189,2907.545771,2328.142059,614.71,840,7,54,1048320.0,120005.2186,1186.1766,518.4073,1.0688,0.0,0.0,0.0,32,0.057325,194,120,0,0.617834,0.382166,0.0,1.5531,26,0.082803,0.000121,0.994769,0.494981,0.505058,1.000127,0.401926,0.305098,0.296919,0.50434,0.050089,0.197371,0.302271,0.498679,0.399478,0.051107,0.004891,0.001175,0.00103,0.00494,0.000896,0.000644,0.000397,0.001286,1.1e-05,0.000228,0.000672,0.001052,0.000865,8.2e-05
860,318,514,196,196,0,0,0,14,2.699159,0.0,10997.295719,374.218297,2903.082543,2325.876345,626.3,860,7,54,1073280.0,123185.0186,1203.3247,525.3375,1.0688,0.0,0.0,0.0,32,0.053459,196,122,0,0.616352,0.383648,0.0,1.551551,25,0.078616,0.0,0.995317,0.494937,0.50512,1.000328,0.402034,0.305077,0.297119,0.504656,0.050089,0.197547,0.301785,0.499109,0.39953,0.051218,0.004939,0.001185,0.001018,0.004871,0.000885,0.00064,0.000393,0.001289,1.1e-05,0.000228,0.000655,0.001046,0.000857,8.1e-05
880,317,516,199,199,0,0,0,13,2.591258,0.0,10954.152287,375.334507,2902.074235,2323.694863,644.09,880,7,54,1098240.0,126377.1686,1220.4728,530.3066,1.0688,0.0,0.0,0.0,32,0.053628,194,123,0,0.611987,0.388013,0.0,1.54756,25,0.078864,0.0,0.994563,0.495024,0.505056,1.000593,0.402116,0.305205,0.29699,0.505039,0.050088,0.197671,0.301868,0.498919,0.399418,0.051237,0.004827,0.001183,0.001029,0.004874,0.000886,0.000641,0.000392,0.001294,1.1e-05,0.000227,0.000659,0.001046,0.000861,8.1e-05
900,316,517,201,201,0,0,0,13,3.272064,0.0,10913.766593,375.617772,2901.110164,2321.400078,663.67,900,7,54,1123200.0,129569.9686,1237.6209,532.9115,1.0688,0.0,0.0,0.0,32,0.053797,194,122,0,0.613924,0.386076,0.0,1.547658,25,0.079114,0.0,0.994853,0.49488,0.50516,1.000274,0.401861,0.305105,0.297105,0.505336,0.05006,0.197671,0.302066,0.499033,0.399461,0.0512,0.004769,0.001181,0.001031,0.004899,0.000858,0.00064,0.000396,0.001303,1.1e-05,0.000228,0.000652,0.001045,0.000863,8e-05
920,314,520,206,206,0,0,0,13,2.291442,0.0,10897.893434,372.345244,2905.363314,2318.75167,683.08,920,7,54,1148160.0,132762.7686,1254.769,535.0385,1.0688,0.0,0.0,0.0,32,0.050955,194,120,0,0.617834,0.382166,0.0,1.546752,24,0.076433,0.000686,0.996719,0.494955,0.504956,1.000917,0.401946,0.304882,0.297116,0.505584,0.050096,0.19783,0.301712,0.4993,0.399573,0.051238,0.004503,0.001172,0.001018,0.004909,0.000837,0.000626,0.000394,0.0013,1.1e-05,0.000228,0.000646,0.001044,0.000832,8.1e-05
940,315,522,207,207,0,0,0,14,3.226967,0.0,10872.145444,374.249797,2902.523236,2315.350212,700.54,940,7,54,1173120.0,135955.5686,1271.917,538.103,1.0688,0.0,0.0,0.0,32,0.050794,194,121,0,0.615873,0.384127,0.0,1.546381,24,0.07619,0.0,0.996949,0.494893,0.504893,1.000655,0.402003,0.304617,0.297159,0.505444,0.05011,0.197852,0.301444,0.499559,0.399434,0.051249,0.004489,0.001171,0.001016,0.004904,0.000835,0.000632,0.000391,0.001303,1.1e-05,0.000229,0.000645,0.001046,0.00084,8.1e-05
960,310,523,213,213,0,0,0,14,2.446189,0.0,10868.17668,369.107378,2908.446433,2310.33421,720.92,960,7,54,1198080.0,139148.3686,1289.0651,540.1215,1.0688,0.0,0.0,0.0,32,0.051613,193,117,0,0.622581,0.377419,0.0,1.549516,24,0.077419,0.000701,0.996777,0.494747,0.50468,1.001583,0.402632,0.304985,0.297033,0.505708,0.050122,0.198038,0.301686,0.500049,0.399305,0.051206,0.004545,0.001165,0.000997,0.005007,0.000811,0.000642,0.000388,0.001309,1.1e-05,0.000227,0.000652,0.001041,0.000833,8e-05
980,311,528,217,217,0,0,0,15,2.836253,0.0,10887.656851,366.519165,2910.644582,2301.226244,733.55,980,7,54,1223040.0,142341.1686,1306.2132,542.3794,1.0688,0.0,0.0,0.0,32,0.048232,195,116,0,0.62701,0.37299,0.0,1.553591,23,0.073955,0.0,0.997533,0.494541,0.504266,1.002433,0.402434,0.305406,0.296829,0.505619,0.050075,0.197645,0.301422,0.499884,0.399761,0.051214,0.004611,0.001167,0.001008,0.005007,0.000841,0.000651,0.000393,0.001353,1.1e-05,0.000227,0.000614,0.001028,0.000836,8.1e-05
1000,308,530,222,222,0,0,0,13,2.460851,0.0,10921.990516,364.153047,2913.386102,2300.0,753.89,1000,7,54,1248000.0,145533.9686,1310.4471,545.8884,1.0688,0.0,0.0,0.0,32,0.048701,194,114,0,0.62987,0.37013,0.0,1.555216,23,0.074675,0.000424,0.997802,0.494389,0.504788,1.003418,0.402508,0.305365,0.296738,0.505669,0.050109,0.197493,0.30147,0.499213,0.400177,0.051114,0.004517,0.001161,0.000997,0.00502,0.000882,0.000657,0.000394,0.001365,1.1e-05,0.000234,0.00062,0.001023,0.000821,7.7e-05
1020,310,535,225,225,0,0,0,12,2.022776,0.0,10958.788449,365.144198,2912.833026,2300.0,765.84,1020,7,54,1272960.0,148726.7686,1313.4171,550.3738,1.0688,0.0,0.0,0.0,32,0.048387,193,117,0,0.622581,0.377419,0.0,1.553151,23,0.074194,0.000229,0.998567,0.493965,0.504404,1.003893,0.402299,0.30521,0.296772,0.505378,0.05008,0.197493,0.301286,0.499271,0.400195,0.051076,0.004553,0.001168,0.000991,0.004991,0.000867,0.000656,0.000389,0.001364,1.2e-05,0.000231,0.00062,0.001029,0.000824,7.6e-05
1040,309,539,230,230,0,0,0,17,5.037163,0.0,10985.934361,363.492487,2911.47035,2300.0,779.61,1040,7,53,1297920.0,151917.6619,1316.3871,555.0468,1.0688,0.0,0.0,0.0,32,0.048544,193,116,0,0.624595,0.375405,0.0,1.552708,23,0.074434,0.0,0.998197,0.493389,0.504854,1.004055,0.402019,0.305165,0.296649,0.50559,0.05004,0.197635,0.301328,0.499186,0.400744,0.051091,0.004403,0.001161,0.001004,0.00501,0.000863,0.000661,0.000394,0.001364,1.1e-05,0.000231,0.000625,0.00103,0.000823,7.6e-05
1060,312,544,232,232,0,0,0,17,4.085445,0.0,10995.374331,367.565538,2908.349017,2300.0,788.14,1060,7,53,1322880.0,155100.9286,1319.3571,561.5494,1.0688,0.0,0.0,0.0,32,0.051282,197,115,0,0.63141,0.36859,0.0,1.557361,22,0.070513,0.0,0.997409,0.493313,0.504858,1.004011,0.402381,0.305052,0.296419,0.505786,0.050071,0.197524,0.301468,0.49927,0.401026,0.051023,0.004453,0.00114,0.001013,0.005126,0.000873,0.00066,0.000394,0.001371,1.1e-05,0.000229,0.000611,0.001049,0.000901,7.6e-05
1080,313,548,235,235,0,0,0,17,4.343079,0.0,10988.012228,369.111272,2906.545649,2300.0,799.64,1080,7,53,1347840.0,158284.1952,1322.3271,566.7546,1.0688,0.0,0.0,0.0,32,0.051118,198,115,0,0.632588,0.367412,0.0,1.559862,21,0.067093,0.000213,0.99723,0.492769,0.504066,1.004622,0.402492,0.305439,0.296533,0.505825,0.050083,0.197595,0.301733,0.499315,0.401013,0.050953,0.004409,0.001133,0.001028,0.005165,0.000869,0.000672,0.000387,0.001363,1.1e-05,0.00023,0.000627,0.001046,0.000902,7.8e-05
1100,314,549,235,235,0,0,0,17,3.928795,0.0,10961.651743,373.065358,2903.005848,2300.0,817.05,1100,7,53,1372800.0,161467.4619,1325.2971,570.7087,1.0688,0.0,0.0,0.0,32,0.050955,199,115,0,0.633758,0.366242,0.0,1.560414,21,0.066879,0.0,0.997282,0.492595,0.504463,1.004591,0.40271,0.305425,0.296456,0.505729,0.050082,0.197695,0.301805,0.499245,0.400945,0.050916,0.004396,0.001138,0.001074,0.005149,0.000881,0.00067,0.000388,0.001361,1.1e-05,0.000233,0.000626,0.001044,0.000901,7.8e-05
1120,315,553,238,238,0,0,0,17,4.494213,0.0,10937.246312,372.982269,2902.523519,2300.0,828.54,1120,7,53,1397760.0,164666.3286,1328.2671,574.5084,1.1005,0.0,0.0,0.0,32,0.050794,202,113,0,0.64127,0.35873,0.0,1.562339,21,0.066667,0.0,0.99606,0.492699,0.504375,1.003971,0.402545,0.305453,0.296569,0.505017,0.05014,0.19797,0.301867,0.500102,0.400908,0.050854,0.003937,0.001087,0.001067,0.00509,0.000856,0.00067,0.000403,0.001329,1.1e-05,0.000239,0.000597,0.001071,0.000888,7.6e-05
1140,313,556,243,243,0,0,0,19,5.953712,0.0,10933.025117,370.542217,2903.504071,2300.0,842.0,1140,7,52,1422720.0,167889.7946,1331.2371,577.9857,1.1005,0.0,0.0,0.0,32,0.051118,204,109,0,0.651757,0.348243,0.0,1.571768,22,0.070288,0.000451,0.996662,0.492357,0.504454,1.00384,0.402694,0.305583,0.296142,0.504789,0.050185,0.197808,0.301768,0.500219,0.401093,0.050748,0.003958,0.001069,0.00107,0.005154,0.000873,0.00068,0.000408,0.001368,1.1e-05,0.000239,0.000604,0.001116,0.0009,7.6e-05
1160,312,560,248,248,0,0,0,17,5.30105,0.0,10971.62915,367.895898,2906.803052,2300.0,855.47,1160,7,52,1447680.0,171122.322,1334.2071,581.0887,1.1509,0.0,0.0,0.0,32,0.048077,205,107,0,0.657051,0.342949,0.0,1.573472,21,0.067308,0.0,0.997539,0.49205,0.504523,1.004926,0.402648,0.306727,0.295634,0.504517,0.05014,0.197635,0.301891,0.501563,0.401515,0.051013,0.00396,0.001029,0.001123,0.005418,0.000873,0.000792,0.00041,0.001344,1.2e-05,0.00025,0.000584,0.001179,0.000884,8.6e-05
1180,315,564,249,249,0,0,0,18,4.880217,0.0,11014.51425,370.797006,2904.322777,2300.0,863.49,1180,7,52,1472640.0,174364.8073,1337.1771,585.1623,1.2073,0.0,0.0,0.0,32,0.047619,206,109,0,0.653968,0.346032,0.0,1.568392,21,0.066667,0.0,0.997554,0.492041,0.504705,1.004194,0.402639,0.306686,0.295413,0.504491,0.050125,0.19745,0.301957,0.502459,0.401372,0.051018,0.004008,0.001023,0.001136,0.005443,0.00088,0.000787,0.000414,0.001337,1.2e-05,0.00025,0.000588,0.001284,0.000881,8.7e-05
1200,318,573,255,255,0,0,0,19,6.11906,0.0,11058.474288,369.657762,2904.223178,2300.0,858.86,1200,7,52,1497600.0,177636.7388,1340.1471,591.2083,1.3236,0.0,0.0,0.0,32,0.04717,205,113,0,0.644654,0.355346,0.0,1.565042,21,0.066038,0.0,0.998058,0.492032,0.504699,1.002107,0.403412,0.306353,0.29492,0.505017,0.050193,0.197318,0.302475,0.503404,0.401429,0.051027,0.004106,0.001025,0.0012,0.005732,0.000892,0.000813,0.00044,0.001397,1.2e-05,0.000258,0.000588,0.001416,0.000905,8.6e-05
1220,320,579,259,259,0,0,0,19,4.81566,0.0,11105.791934,374.456724,2900.727616,2300.0,870.14,1220,7,52,1522560.0,180931.5888,1343.1171,600.5276,1.9309,0.0,0.0,0.0,32,0.046875,206,114,0,0.64375,0.35625,0.0,1.563521,21,0.065625,0.000448,0.997773,0.492282,0.504625,1.002255,0.403234,0.306492,0.295089,0.504669,0.050151,0.197409,0.302449,0.503094,0.401139,0.051004,0.004165,0.001036,0.001193,0.005671,0.000892,0.000793,0.000439,0.001386,1.2e-05,0.000251,0.000584,0.001394,0.000889,8.6e-05
1240,322,582,260,260,0,0,0,18,4.029442,0.0,11139.456893,379.893559,2896.076999,2300.0,883.47,1240,7,52,1547520.0,184242.2555,1346.0871,606.8829,2.0289,0.0,0.0,0.0,32,0.046584,208,114,0,0.645963,0.354037,0.0,1.564576,21,0.065217,0.0,0.997967,0.492671,0.504314,1.002333,0.403315,0.306804,0.295255,0.504282,0.050137,0.197449,0.302728,0.503168,0.401041,0.051039,0.004141,0.001044,0.001214,0.005664,0.0009,0.0008,0.000442,0.001391,1.2e-05,0.000253,0.000583,0.00139,0.000886,8.6e-05
1260,327,588,261,261,0,0,0,18,3.645075,0.0,11129.490439,384.500549,2891.854376,2300.0,886.67,1260,7,52,1572480.0,187552.9221,1349.0571,612.7134,2.0289,0.0,0.0,0.0,32,0.045872,211,116,0,0.64526,0.35474,0.0,1.566096,22,0.067278,0.0,0.997981,0.492212,0.504604,1.002666,0.402929,0.306937,0.295313,0.503198,0.05011,0.197514,0.302556,0.50294,0.400458,0.051036,0.004151,0.001051,0.001217,0.005738,0.000918,0.00081,0.000453,0.001463,1.2e-05,0.000253,0.000578,0.001377,0.000914,8.7e-05
1280,333,595,262,262,0,0,0,19,3.726152,0.0,11078.637615,389.290148,2886.9837,2300.0,889.68,1280,7,52,1597440.0,190863.5888,1352.0271,618.7076,2.0289,0.0,0.0,0.0,32,0.048048,212,121,0,0.636637,0.363363,0.0,1.56039,23,0.069069,0.0,0.9975,0.492118,0.504729,1.002207,0.40271,0.307159,0.295048,0.50367,0.050138,0.197529,0.302432,0.502746,0.400831,0.051046,0.004129,0.001055,0.001215,0.00572,0.000914,0.000825,0.000453,0.001482,1.2e-05,0.000257,0.000577,0.001378,0.000923,8.7e-05
1300,331,598,267,267,0,0,0,22,6.139496,0.0,10989.748493,391.06426,2882.796244,2300.0,905.82,1300,7,52,1622400.0,194174.2555,1354.9971,626.7323,2.0289,0.0,0.0,0.0,32,0.048338,211,120,0,0.637462,0.362538,0.0,1.561571,23,0.069486,0.0,0.997376,0.492357,0.504189,1.001692,0.402237,0.307345,0.294989,0.503363,0.050118,0.197659,0.302385,0.502795,0.400742,0.050993,0.004143,0.001055,0.001211,0.005768,0.000931,0.000827,0.000452,0.001472,1.2e-05,0.000258,0.00058,0.001369,0.000921,8.7e-05
1320,332,603,271,271,0,0,0,20,4.382092,0.0,10926.723996,392.147159,2883.470749,2300.0,920.43,1320,7,52,1647360.0,197502.2555,1357.9671,632.9423,2.0289,0.0,0.0,0.0,32,0.048193,212,120,0,0.638554,0.361446,0.0,1.561827,22,0.066265,0.000663,0.997395,0.492478,0.503601,0.999786,0.403108,0.307258,0.294805,0.50339,0.050231,0.197564,0.302853,0.503331,0.401173,0.051048,0.004117,0.001056,0.001244,0.005931,0.000962,0.000832,0.000454,0.001476,1.2e-05,0.000257,0.000584,0.001417,0.000934,8.7e-05
1340,333,608,275,275,0,0,0,21,4.64916,0.0,10878.663933,392.3146,2883.03624,2300.0,925.38,1340,7,52,1672320.0,200847.1662,1360.9371,637.816,2.0289,0.0,0.0,0.0,32,0.048048,210,123,0,0.630631,0.369369,0.0,1.556226,22,0.066066,0.0,0.998517,0.49261,0.503369,0.999339,0.403313,0.307267,0.294539,0.503405,0.050248,0.197607,0.302482,0.503842,0.401292,0.051107,0.004156,0.001048,0.001256,0.006083,0.00093,0.00083,0.000455,0.001496,1.2e-05,0.000251,0.000585,0.00141,0.000928,8.8e-05
1360,333,614,281,281,0,0,0,20,4.134172,0.0,10811.312883,392.146542,2883.719286,2300.0,934.88,1360,7,52,1697280.0,204192.4996,1363.9071,644.7939,2.1102,0.0,0.0,0.0,32,0.045045,209,124,0,0.627628,0.372372,0.0,1.553233,22,0.066066,0.000198,0.998744,0.492853,0.503449,0.999727,0.403359,0.307852,0.294506,0.50339,0.050225,0.197511,0.302344,0.503976,0.401459,0.051057,0.00416,0.001065,0.001263,0.006045,0.000935,0.000825,0.000451,0.001471,1.2e-05,0.000249,0.000591,0.00141,0.000931,8.8e-05
1380,330,614,284,284,0,0,0,21,4.112648,0.0,10756.189626,393.706765,2882.180587,2300.0,951.86,1380,7,52,1722240.0,207537.8329,1366.8771,649.7121,2.1619,0.0,0.0,0.0,32,0.045455,208,122,0,0.630303,0.369697,0.0,1.554485,22,0.066667,0.0,0.999213,0.492631,0.503428,0.999884,0.403588,0.307927,0.294559,0.503422,0.050216,0.197591,0.302308,0.504144,0.401325,0.050962,0.00417,0.001065,0.001274,0.006093,0.000931,0.000828,0.000454,0.001483,1.2e-05,0.00025,0.000594,0.001414,0.000937,8.6e-05
1400,327,616,289,289,0,0,0,19,3.846119,0.0,10708.168913,390.166556,2885.987325,2300.0,977.82,1400,7,52,1747200.0,210883.1662,1369.8471,652.3446,2.1619,0.0,0.0,0.0,32,0.045872,208,119,0,0.636086,0.363914,0.0,1.559867,22,0.067278,0.000413,0.998751,0.492587,0.503547,1.000798,0.403443,0.307785,0.294645,0.503682,0.050206,0.197386,0.302552,0.504611,0.401398,0.050958,0.004182,0.001067,0.001269,0.006057,0.000932,0.000833,0.000453,0.001495,1.2e-05,0.000249,0.000594,0.001429,0.000941,8.7e-05
1420,327,620,293,293,0,0,0,16,2.845821,0.0,10700.822018,387.469045,2889.685134,2300.0,986.3,1420,7,52,1772160.0,214232.0096,1372.8171,654.5233,2.1619,0.0,0.0,0.0,32,0.045872,207,120,0,0.633028,0.366972,0.0,1.558145,22,0.067278,0.0,0.99942,0.492463,0.503349,1.000849,0.403631,0.307938,0.294878,0.503854,0.050194,0.197303,0.302933,0.504403,0.401208,0.051071,0.004182,0.001073,0.001284,0.006068,0.000953,0.000836,0.000443,0.00151,1.2e-05,0.000252,0.000606,0.00136,0.000955,8.6e-05
1440,325,621,296,296,0,0,0,19,3.980154,0.0,10719.659313,386.922741,2889.097105,2300.0,1009.59,1440,7,52,1797120.0,217600.7429,1375.7871,657.539,2.1619,0.0,0.0,0.0,32,0.046154,206,119,0,0.633846,0.366154,0.0,1.558533,22,0.067692,0.000211,0.999474,0.492551,0.503462,1.001442,0.403772,0.307731,0.294739,0.504174,0.050172,0.197172,0.302861,0.504179,0.401036,0.051109,0.004182,0.001077,0.001288,0.005954,0.000948,0.000841,0.000432,0.001515,1.2e-05,0.000249,0.000608,0.001354,0.000945,8.7e-05
1460,322,623,301,301,0,0,0,18,3.227981,0.0,10766.774502,383.6164,2893.155618,2300.0,1027.6,1460,7,52,1822080.0,220969.4762,1378.7571,660.1202,2.1619,0.0,0.0,0.0,32,0.046584,207,115,0,0.642857,0.357143,0.0,1.561211,22,0.068323,0.000223,0.999031,0.492774,0.503249,1.001598,0.4036,0.308174,0.294977,0.503393,0.050135,0.197005,0.302608,0.50364,0.401256,0.051119,0.004286,0.001097,0.001252,0.005943,0.001008,0.000847,0.000427,0.001503,1.2e-05,0.000251,0.000605,0.001343,0.000957,8.7e-05
1480,327,629,302,302,0,0,0,19,3.21401,0.0,10810.456064,385.543917,2891.242073,2300.0,1030.53,1480,7,52,1847040.0,224338.2096,1381.7271,663.264,2.1619,0.0,0.0,0.0,32,0.045872,210,117,0,0.642202,0.357798,0.0,1.558277,22,0.067278,0.0,0.999126,0.493457,0.503028,1.001617,0.403925,0.308703,0.29484,0.504185,0.050128,0.196719,0.302633,0.503984,0.401106,0.051304,0.004382,0.001108,0.001233,0.006006,0.00107,0.000872,0.00043,0.001571,1.3e-05,0.000249,0.000645,0.001375,0.000971,8.8e-05
1500,325,632,307,307,0,0,0,19,2.907427,0.0,10838.401316,385.666667,2891.425906,2300.0,1043.62,1500,6,52,1872000.0,227706.9429,1384.6971,669.126,2.4412,0.0,0.0,0.0,32,0.043077,207,118,0,0.636923,0.363077,0.0,1.555467,20,0.061538,0.0,0.998666,0.492859,0.502594,1.000405,0.404407,0.308674,0.295084,0.503619,0.050157,0.196741,0.302406,0.503811,0.401276,0.051224,0.004482,0.001091,0.001212,0.005852,0.001063,0.000851,0.000425,0.001515,1.3e-05,0.000248,0.000629,0.001383,0.000958,8.4e-05
1520,324,633,309,309,0,0,0,18,3.34388,0.0,10871.030033,386.642164,2890.013956,2300.0,1065.07,1520,6,52,1896960.0,231075.6762,1387.6671,672.3034,2.5843,0.0,0.0,0.0,32,0.04321,207,117,0,0.638889,0.361111,0.0,1.557994,20,0.061728,0.000217,0.998238,0.492577,0.50262,1.000508,0.404193,0.309045,0.295156,0.503294,0.050139,0.19674,0.302661,0.503897,0.401627,0.051216,0.004593,0.001107,0.001221,0.005893,0.001084,0.000865,0.000425,0.001516,1.3e-05,0.000249,0.000642,0.00139,0.001009,8.4e-05
1540,323,636,313,313,0,0,0,18,4.480872,0.0,10904.638501,384.108124,2891.411004,2300.0,1080.94,1540,6,52,1921920.0,234444.4096,1390.6371,674.3726,2.5843,0.0,0.0,0.0,32,0.043344,206,117,0,0.637771,0.362229,0.0,1.557719,20,0.06192,0.0,0.998686,0.492826,0.502591,1.00047,0.404292,0.309198,0.295261,0.503351,0.050114,0.196754,0.302768,0.504169,0.401815,0.051274,0.004542,0.001101,0.001217,0.005966,0.001102,0.000862,0.000421,0.001522,1.3e-05,0.00025,0.000641,0.001375,0.001012,8.3e-05
1560,322,638,316,316,0,0,0,18,3.031984,0.0,10955.422399,383.255021,2893.712995,2300.0,1099.66,1560,6,52,1946880.0,237813.1429,1393.6071,677.4755,2.6465,0.0,0.0,0.0,32,0.043478,207,115,0,0.642857,0.357143,0.0,1.561749,21,0.065217,0.001081,0.997874,0.492892,0.501956,0.999495,0.404419,0.309158,0.295148,0.502777,0.050127,0.196879,0.302748,0.503941,0.401715,0.051074,0.004437,0.00109,0.001171,0.005869,0.001096,0.000858,0.000435,0.001534,1.3e-05,0.000241,0.000643,0.001374,0.001013,7.8e-05
1580,323,641,318,318,0,0,0,16,2.367491,0.0,11015.497652,383.399819,2894.23269,2300.0,1108.86,1580,6,52,1971840.0,241181.8762,1396.5771,679.9246,2.6465,0.0,0.0,0.0,32,0.043344,207,116,0,0.640867,0.359133,0.0,1.561878,21,0.065015,0.0,0.99819,0.492805,0.502061,0.99975,0.404213,0.309201,0.29508,0.502672,0.050055,0.196837,0.302793,0.504081,0.401833,0.051021,0.004412,0.001093,0.001169,0.005903,0.001111,0.000857,0.000433,0.00153,1.2e-05,0.000241,0.00064,0.001374,0.001008,7.8e-05
1600,326,645,319,319,0,0,0,16,2.500775,0.0,11047.10404,386.546876,2890.952349,2300.0,1116.24,1600,6,52,1996800.0,244550.6096,1399.5471,684.2216,2.6879,0.0,0.0,0.0,32,0.042945,208,118,0,0.638037,0.361963,0.0,1.56,21,0.064417,0.000206,0.998801,0.492648,0.501698,0.999785,0.404407,0.309145,0.295048,0.502095,0.050034,0.196934,0.302688,0.503935,0.401688,0.050992,0.004465,0.001102,0.001166,0.005916,0.001118,0.000855,0.000435,0.001523,1.2e-05,0.000243,0.000643,0.001399,0.001002,7.7e-05
1620,326,648,322,322,0,0,0,15,2.266119,0.0,11070.503452,386.398362,2891.335519,2300.0,1129.68,1620,6,52,2021760.0,247919.3429,1402.5171,687.4816,2.6879,0.0,0.0,0.0,9,0.039877,208,118,0,0.638037,0.361963,0.0,1.560798,20,0.06135,0.000218,0.999728,0.49292,0.501748,0.999848,0.404576,0.309316,0.295073,0.501768,0.050053,0.196985,0.302444,0.503686,0.401825,0.050984,0.004467,0.001111,0.001177,0.005896,0.001121,0.000848,0.000443,0.001502,1.2e-05,0.000243,0.000636,0.001391,0.001009,7.7e-05
1640,330,653,323,323,0,0,0,13,1.628391,0.0,11078.966561,389.228177,2889.143432,2300.0,1134.75,1640,6,52,2046720.0,251288.0762,1405.4871,691.6607,2.6879,0.0,0.0,0.0,61,0.045455,212,118,0,0.642424,0.357576,0.0,1.562889,20,0.060606,0.0,0.999435,0.492642,0.501805,1.000044,0.404712,0.309108,0.294816,0.501698,0.049971,0.197002,0.302645,0.50319,0.40199,0.051066,0.004368,0.001121,0.001163,0.005901,0.001112,0.000848,0.00044,0.001488,1.2e-05,0.000241,0.00063,0.001415,0.001009,7.7e-05
1660,332,658,326,326,0,0,0,12,2.161631,0.0,11081.506351,391.003947,2886.834421,2300.0,1140.87,1660,6,52,2071680.0,254673.1462,1408.4571,697.0765,2.7178,0.0,0.0,0.0,32,0.045181,210,122,0,0.63253,0.36747,0.0,1.558695,21,0.063253,0.0,0.998943,0.49269,0.501614,0.999957,0.404591,0.308834,0.294888,0.502314,0.049949,0.196993,0.302698,0.502516,0.401899,0.051105,0.004382,0.001118,0.001166,0.005968,0.001111,0.000852,0.00044,0.001521,1.3e-05,0.000241,0.000649,0.001427,0.001024,7.7e-05
1680,332,662,330,330,0,0,0,10,1.739654,0.0,11095.68052,392.261163,2885.999184,2300.0,1146.27,1680,6,52,2096640.0,258075.2029,1411.4271,703.0593,2.7178,0.0,0.0,0.0,32,0.045181,211,121,0,0.635542,0.364458,0.0,1.561175,22,0.066265,0.0,0.999582,0.492988,0.5018,1.000354,0.404745,0.308806,0.294648,0.502311,0.04999,0.196893,0.302628,0.502746,0.401422,0.051213,0.00441,0.001115,0.001167,0.006002,0.001138,0.000855,0.00045,0.001534,1.3e-05,0.000239,0.000652,0.001437,0.00103,8e-05
1700,329,662,333,333,0,0,0,13,3.254871,0.0,11117.78757,392.732178,2884.012951,2300.0,1171.98,1700,6,52,2121600.0,261492.4696,1414.3971,707.0366,2.7178,0.0,0.0,0.0,32,0.045593,209,120,0,0.635258,0.364742,0.0,1.562371,22,0.066869,0.0,0.999816,0.492936,0.501718,0.999982,0.404785,0.308938,0.294691,0.502069,0.050014,0.196878,0.302756,0.502664,0.401212,0.051239,0.004371,0.001116,0.001174,0.006025,0.001139,0.000856,0.000449,0.001538,1.3e-05,0.00024,0.000656,0.001449,0.001034,8e-05
1720,332,667,335,335,0,0,0,14,3.009135,0.0,11134.80476,393.899002,2883.091863,2300.0,1179.36,1720,6,52,2146560.0,264909.7362,1417.3671,710.777,2.7178,0.0,0.0,0.0,61,0.048193,212,120,0,0.638554,0.361446,0.0,1.564177,22,0.066265,0.0,0.999421,0.49323,0.502054,1.000811,0.404769,0.308632,0.294875,0.50218,0.050064,0.19678,0.302863,0.502617,0.401093,0.051319,0.004415,0.001135,0.001163,0.006286,0.001119,0.000858,0.000449,0.00153,1.3e-05,0.000239,0.000663,0.001464,0.001054,8.3e-05
1740,338,675,337,337,0,0,0,15,3.207495,0.0,11125.961555,396.494938,2880.297566,2300.0,1176.2,1740,6,52,2171520.0,268333.6329,1420.3371,715.5578,2.7499,0.0,0.0,0.0,61,0.047337,213,125,0,0.630178,0.369822,0.0,1.557564,22,0.065089,0.000428,1.00065,0.493504,0.502487,1.001384,0.404951,0.308463,0.294957,0.502711,0.05004,0.196645,0.30277,0.502048,0.401536,0.051365,0.004436,0.001122,0.001182,0.00633,0.001119,0.000866,0.000463,0.001545,1.3e-05,0.000243,0.000658,0.001474,0.001045,8.2e-05
1760,340,680,340,340,0,0,0,13,2.224178,0.0,11104.473414,401.288102,2876.48772,2300.0,1184.03,1760,6,52,2196480.0,271787.2996,1423.3071,723.6591,3.1361,0.0,0.0,0.0,32,0.047059,214,126,0,0.629412,0.370588,0.0,1.556941,23,0.067647,0.0,1.000973,0.493109,0.502178,1.0004,0.405131,0.308396,0.294867,0.503343,0.05007,0.196579,0.302717,0.502325,0.401656,0.051332,0.004492,0.001139,0.001189,0.006433,0.001141,0.000875,0.00047,0.001557,1.3e-05,0.000245,0.000671,0.001537,0.001069,8.2e-05
1780,341,684,343,343,0,0,0,14,4.277933,0.0,11053.611154,403.863137,2871.85893,2300.0,1188.58,1780,6,52,2221440.0,275240.9662,1426.2771,729.6918,3.2937,0.0,0.0,0.0,32,0.046921,215,126,0,0.630499,0.369501,0.0,1.555934,23,0.067449,0.0,1.000596,0.493064,0.502142,1.000062,0.404992,0.308465,0.294917,0.503231,0.050011,0.196473,0.302553,0.502089,0.40204,0.05132,0.004548,0.001143,0.001201,0.006445,0.001159,0.000872,0.000475,0.00156,1.3e-05,0.000247,0.000671,0.001536,0.001084,8.3e-05
1800,335,686,351,351,0,0,0,14,2.59359,0.0,11054.941615,399.185943,2878.220467,2300.0,1208.8,1800,6,52,2246400.0,278716.0829,1429.2471,734.4826,3.5424,0.0,0.0,0.0,32,0.047761,210,125,0,0.626866,0.373134,0.0,1.556249,22,0.065672,0.0,1.0003,0.493174,0.502659,1.001045,0.404225,0.308676,0.295064,0.503663,0.049996,0.196639,0.3024,0.501432,0.402154,0.051236,0.004536,0.001146,0.001175,0.006372,0.001141,0.000878,0.000468,0.001575,1.3e-05,0.00025,0.000674,0.001487,0.001092,8.3e-05
1820,334,694,360,360,0,0,0,18,4.125632,0.0,11094.507778,393.29821,2882.576158,2300.0,1215.68,1820,6,52,2271360.0,282198.3496,1432.2171,739.6384,3.5424,0.0,0.0,0.0,61,0.047904,210,124,0,0.628743,0.371257,0.0,1.558184,21,0.062874,0.0,0.999057,0.492873,0.501998,1.001272,0.404218,0.308193,0.295262,0.503651,0.050011,0.196796,0.302339,0.501463,0.402159,0.051191,0.004408,0.001133,0.001201,0.006266,0.001135,0.000883,0.000473,0.001571,1.3e-05,0.000259,0.000658,0.001493,0.001131,8.5e-05
1840,330,696,366,366,0,0,0,18,3.495558,0.0,11174.097944,391.391621,2885.112821,2300.0,1230.25,1840,6,52,2296320.0,285680.6162,1435.1871,744.7797,3.5424,0.0,0.0,0.0,32,0.045455,211,119,0,0.639394,0.360606,0.0,1.565909,21,0.063636,0.000216,0.999202,0.493633,0.501718,1.001389,0.404342,0.308441,0.29528,0.503284,0.050044,0.196825,0.302546,0.501361,0.402275,0.051106,0.004422,0.001104,0.001227,0.006347,0.001132,0.000893,0.000481,0.00159,1.3e-05,0.000261,0.000672,0.001523,0.001139,8.7e-05
1860,331,700,369,369,0,0,0,19,3.499956,0.0,11264.707565,391.864071,2884.635973,2300.0,1239.47,1860,6,52,2321280.0,289162.8829,1438.1571,748.8079,3.5424,0.0,0.0,0.0,32,0.045317,210,121,0,0.634441,0.365559,0.0,1.560655,20,0.060423,0.0,0.999222,0.493515,0.502019,1.00224,0.404421,0.308632,0.29512,0.503618,0.050099,0.196883,0.302689,0.501215,0.402258,0.051216,0.004439,0.001095,0.001219,0.006262,0.001114,0.000894,0.000483,0.001575,1.3e-05,0.000261,0.000663,0.001531,0.001131,8.8e-05
1880,336,708,372,372,0,0,0,20,4.771096,0.0,11341.510136,394.515284,2880.71362,2300.0,1238.79,1880,6,52,2346240.0,292665.4729,1441.1271,755.0847,3.5424,0.0,0.0,0.0,32,0.044643,211,125,0,0.627976,0.372024,0.0,1.553681,20,0.059524,0.0,0.999516,0.493586,0.501917,1.002155,0.404296,0.308639,0.295091,0.503018,0.050064,0.197015,0.302044,0.501293,0.402951,0.051175,0.00452,0.001089,0.001234,0.006207,0.001101,0.000901,0.000477,0.001594,1.3e-05,0.000266,0.000664,0.001504,0.001144,8.8e-05
1900,337,714,377,377,0,0,0,20,4.250908,0.0,11451.513375,395.53125,2880.217842,2300.0,1250.74,1900,6,52,2371200.0,296206.9762,1444.0971,762.368,3.5791,0.0,0.0,0.0,32,0.04451,213,124,0,0.632047,0.367953,0.0,1.554085,20,0.059347,0.000406,0.99883,0.49384,0.501872,1.002025,0.404196,0.308787,0.295144,0.503134,0.050085,0.197402,0.301988,0.50199,0.403189,0.051197,0.004512,0.001088,0.001261,0.006348,0.001133,0.000904,0.00048,0.001584,1.3e-05,0.00027,0.000667,0.001512,0.001152,8.8e-05
1920,339,719,380,380,0,0,0,21,4.294836,0.0,11555.754077,398.696135,2877.009029,2300.0,1256.66,1920,6,52,2396160.0,299760.3096,1447.0671,769.1695,3.5791,0.0,0.0,0.0,32,0.044248,215,124,0,0.634218,0.365782,0.0,1.555143,21,0.061947,0.0,0.998827,0.494108,0.501695,1.003433,0.404245,0.309033,0.29496,0.503523,0.050129,0.197453,0.301739,0.50191,0.402515,0.051081,0.004639,0.001101,0.001271,0.006487,0.00118,0.0009,0.000476,0.001605,1.3e-05,0.000272,0.000679,0.001514,0.001171,8.7e-05
1940,348,731,383,383,0,0,0,20,4.297281,0.0,11628.44782,403.401545,2872.301174,2300.0,1239.11,1940,6,52,2421120.0,303334.1829,1450.0371,777.3082,3.5791,0.0,0.0,0.0,32,0.045977,218,130,0,0.626437,0.373563,0.0,1.548544,22,0.063218,0.0,0.999305,0.494294,0.50176,1.003991,0.403577,0.309539,0.294955,0.504688,0.05012,0.197405,0.301764,0.501982,0.402528,0.051129,0.004554,0.001099,0.001267,0.006422,0.001194,0.000994,0.000467,0.001661,1.3e-05,0.000278,0.000694,0.001501,0.001163,8.6e-05
1960,351,737,386,386,0,0,0,16,3.006378,0.0,11684.25228,409.772629,2867.220993,2300.0,1238.84,1960,6,52,2446080.0,306939.5162,1453.0071,787.4506,3.635,0.0,0.0,0.0,32,0.045584,216,135,0,0.615385,0.384615,0.0,1.543827,22,0.062678,0.0,1.000198,0.494448,0.501636,1.004437,0.403372,0.310021,0.295025,0.505174,0.050102,0.197358,0.30185,0.50115,0.402768,0.051123,0.0046,0.00113,0.0013,0.006357,0.001198,0.001077,0.000469,0.001722,1.3e-05,0.000279,0.000706,0.001533,0.001169,8.8e-05
1980,357,745,388,388,0,0,0,16,2.806661,0.0,11690.520304,417.354902,2859.838437,2300.0,1236.76,1980,6,52,2471040.0,310556.1596,1455.9771,797.3396,3.635,0.0,0.0,0.0,43,0.047619,217,140,0,0.607843,0.392157,0.0,1.54155,23,0.064426,0.0,1.000336,0.494357,0.501505,1.005644,0.40368,0.310548,0.295098,0.505636,0.050127,0.197394,0.302179,0.501198,0.402491,0.051276,0.004581,0.001145,0.001284,0.006477,0.001226,0.001122,0.000465,0.00176,1.3e-05,0.000278,0.000742,0.001511,0.001167,9.2e-05
2000,362,753,391,391,0,0,0,16,2.907456,0.0,11644.709363,424.355161,2852.737384,2300.0,1232.78,2000,6,52,2496000.0,314186.6262,1458.9471,807.4958,3.9915,0.0,0.0,0.0,43,0.046961,216,146,0,0.596685,0.403315,0.0,1.534862,23,0.063536,0.000182,0.999607,0.49465,0.502015,1.005371,0.403725,0.311028,0.295087,0.505551,0.050094,0.197644,0.301751,0.501316,0.402509,0.051396,0.004665,0.0012,0.001304,0.00657,0.001218,0.001151,0.00046,0.001756,1.3e-05,0.000281,0.000752,0.001515,0.001174,9.9e-05
2020,366,760,394,394,0,0,0,15,3.06536,0.0,11568.14577,432.073371,2844.861269,2300.0,1228.59,2020,6,52,2520960.0,317850.0262,1461.9171,818.8498,3.9915,0.0,0.0,0.0,43,0.04918,216,150,0,0.590164,0.409836,0.0,1.529927,23,0.062842,0.000377,0.999461,0.494329,0.50195,1.005448,0.403521,0.31137,0.294815,0.505891,0.050071,0.19765,0.301609,0.501228,0.402212,0.051362,0.004673,0.001209,0.001297,0.006475,0.00121,0.001208,0.000451,0.001823,1.3e-05,0.000279,0.000751,0.001506,0.001167,9.9e-05
2040,363,761,398,398,0,0,0,16,2.690844,0.0,11480.618509,432.945654,2844.363502,2300.0,1251.1,2040,6,52,2545920.0,321515.1596,1464.8871,824.3957,3.9915,0.0,0.0,0.0,43,0.049587,214,149,0,0.589532,0.410468,0.0,1.528365,23,0.063361,0.0,0.99961,0.493886,0.50206,1.005191,0.403484,0.311401,0.294757,0.505689,0.050078,0.197603,0.301785,0.501268,0.401888,0.051392,0.004686,0.001195,0.001306,0.006529,0.001218,0.00122,0.000449,0.001822,1.4e-05,0.000281,0.000752,0.00151,0.001165,9.9e-05
2060,358,764,406,406,0,0,0,18,4.118109,0.0,11452.838043,426.25124,2849.630651,2300.0,1270.9,2060,6,52,2570880.0,325207.8684,1467.8571,826.8375,4.1376,0.0,0.0,0.0,43,0.050279,212,146,0,0.592179,0.407821,0.0,1.527803,23,0.064246,0.0,1.000001,0.494217,0.501884,1.005394,0.404062,0.311491,0.294885,0.506246,0.05008,0.197489,0.301944,0.500781,0.401696,0.051253,0.004759,0.001199,0.001281,0.00632,0.001196,0.001234,0.000441,0.001803,1.3e-05,0.000282,0.000762,0.001477,0.001107,9.9e-05
2080,357,771,414,414,0,0,0,20,6.294081,0.0,11514.125209,420.184409,2853.52151,2300.0,1276.12,2080,6,52,2595840.0,328940.3964,1470.8271,830.534,4.1376,0.0,0.0,0.0,43,0.047619,211,146,0,0.591036,0.408964,0.0,1.528683,23,0.064426,0.000188,0.999666,0.493433,0.501852,1.005873,0.403937,0.310917,0.294816,0.506007,0.050062,0.197677,0.301027,0.500118,0.401696,0.051169,0.004723,0.001181,0.001287,0.006331,0.001188,0.001267,0.00044,0.001759,1.3e-05,0.000285,0.000738,0.001476,0.001099,9.9e-05
2100,359,777,418,418,0,0,0,19,3.757734,0.0,11599.597439,421.914066,2854.3282,2300.0,1280.74,2100,6,52,2620800.0,332691.7365,1473.7971,836.9811,4.1376,0.0,0.0,0.0,43,0.050139,214,145,0,0.5961,0.4039,0.0,1.534531,23,0.064067,0.0,1.000706,0.493557,0.501496,1.005217,0.40369,0.31134,0.295088,0.505757,0.049976,0.197745,0.300854,0.499988,0.401482,0.051126,0.0049,0.001187,0.001278,0.006309,0.001191,0.001333,0.000447,0.001745,1.3e-05,0.000291,0.000738,0.001466,0.001103,9.9e-05
2120,361,785,424,424,0,0,0,20,3.503026,0.0,11697.75672,422.069637,2854.427337,2300.0,1285.5,2120,6,52,2645760.0,336456.7752,1476.7671,844.648,4.1862,0.0,0.0,0.0,43,0.047091,218,143,0,0.603878,0.396122,0.0,1.544275,23,0.063712,0.001382,0.999398,0.494378,0.500677,1.004661,0.403159,0.310908,0.294982,0.504908,0.049988,0.197692,0.300189,0.499296,0.401438,0.050983,0.004941,0.001215,0.001235,0.0063,0.001203,0.001295,0.000452,0.001702,1.3e-05,0.000295,0.000724,0.001493,0.00111,0.0001
2140,354,788,434,434,0,0,0,26,5.406241,0.0,11865.838829,416.651069,2857.94269,2300.0,1304.27,2140,7,52,2670720.0,340256.1607,1479.7371,851.2683,4.3,0.0,0.0,0.0,32,0.042373,218,136,0,0.615819,0.384181,0.0,1.550452,22,0.062147,0.000587,0.999238,0.494065,0.500791,1.003717,0.403959,0.311136,0.294795,0.504291,0.049971,0.198045,0.300191,0.499661,0.401769,0.05078,0.004895,0.001215,0.00124,0.006442,0.001216,0.001306,0.000479,0.001695,1.3e-05,0.000293,0.000724,0.001521,0.001127,0.000101
2160,358,796,438,438,0,0,0,26,5.716474,0.0,12023.265403,418.253841,2856.029685,2300.0,1301.2,2160,7,52,2695680.0,344059.0761,1482.7071,857.6,4.3406,0.0,0.0,0.0,43,0.041899,219,139,0,0.611732,0.388268,0.0,1.543901,21,0.058659,0.0,0.998855,0.49409,0.500502,1.005232,0.404179,0.311294,0.294985,0.503847,0.04991,0.198032,0.300336,0.499702,0.401477,0.050789,0.004911,0.001218,0.001259,0.006663,0.00125,0.001286,0.000476,0.00175,1.4e-05,0.000292,0.000726,0.001549,0.001139,0.000102
2180,358,799,441,441,0,0,0,23,4.157288,0.0,12181.981941,422.407522,2853.43519,2300.0,1313.45,2180,7,52,2720640.0,347862.8761,1485.6771,865.226,4.3406,0.0,0.0,0.0,43,0.041899,219,139,0,0.611732,0.388268,0.0,1.543901,20,0.055866,0.0,0.99964,0.493987,0.500733,1.006236,0.404434,0.311614,0.295082,0.503548,0.049917,0.198129,0.300361,0.499216,0.401471,0.05086,0.004964,0.001231,0.001286,0.006711,0.001244,0.001283,0.000477,0.001746,1.4e-05,0.000296,0.000718,0.001576,0.001133,0.000103
2200,358,803,445,445,0,0,0,24,4.81829,0.0,12322.280583,422.884405,2852.297305,2300.0,1323.72,2200,7,52,2745600.0,351666.6761,1488.6471,870.2206,4.3406,0.0,0.0,0.0,43,0.041899,221,137,0,0.617318,0.382682,0.0,1.547048,21,0.058659,0.0,1.00115,0.493904,0.500867,1.005854,0.404825,0.31162,0.294745,0.503442,0.049948,0.198211,0.30034,0.499367,0.400869,0.050878,0.005014,0.001241,0.001301,0.00667,0.001345,0.001297,0.000473,0.001744,1.4e-05,0.000293,0.000726,0.001594,0.001136,0.000104
2220,362,809,447,447,0,0,0,23,3.950731,0.0,12431.627205,427.450134,2848.599135,2300.0,1323.83,2220,7,52,2770560.0,355470.4761,1491.6171,877.2297,4.3406,0.0,0.0,0.0,43,0.041436,222,140,0,0.61326,0.38674,0.0,1.544678,21,0.058011,0.0,1.000864,0.494037,0.500564,1.005909,0.40502,0.311786,0.295063,0.503894,0.049931,0.198278,0.300374,0.499291,0.400659,0.050896,0.004967,0.001256,0.001304,0.006664,0.001331,0.001298,0.000485,0.00174,1.4e-05,0.000291,0.000721,0.0016,0.001141,0.000107
2240,365,812,447,447,0,0,0,21,2.971656,0.0,12500.789259,434.178217,2842.850127,2300.0,1332.89,2240,7,52,2795520.0,359274.2761,1494.5871,883.9196,4.3788,0.0,0.0,0.0,43,0.041096,222,143,0,0.608219,0.391781,0.0,1.539699,21,0.057534,0.0,1.001045,0.493978,0.500415,1.005645,0.404754,0.311613,0.295186,0.50377,0.04996,0.198268,0.300438,0.499341,0.400497,0.050875,0.004961,0.001257,0.001302,0.006655,0.001331,0.001293,0.000486,0.001745,1.4e-05,0.000288,0.000718,0.001588,0.001136,0.000106
2260,369,817,448,448,0,0,0,20,2.520652,0.0,12524.109793,438.001913,2839.477434,2300.0,1337.53,2260,7,52,2820480.0,363078.0761,1497.5571,888.9885,4.4792,0.0,0.0,0.0,43,0.04065,224,145,0,0.607046,0.392954,0.0,1.537805,21,0.056911,0.0,1.000433,0.493671,0.500538,1.006216,0.404798,0.312234,0.29465,0.503224,0.04995,0.198223,0.300495,0.499174,0.40056,0.050906,0.004908,0.00128,0.001314,0.006694,0.001336,0.001323,0.000498,0.001787,1.4e-05,0.000294,0.000714,0.001573,0.001143,0.000107
2280,367,820,453,453,0,0,0,19,2.62516,0.0,12550.949765,436.201925,2841.172915,2300.0,1348.26,2280,7,52,2845440.0,366881.8761,1500.5271,893.0491,4.4792,0.0,0.0,0.0,43,0.040872,222,145,0,0.604905,0.395095,0.0,1.535795,20,0.054496,0.0,1.000826,0.493564,0.500785,1.006764,0.404811,0.312717,0.294953,0.503484,0.049962,0.198332,0.300286,0.498706,0.400179,0.050955,0.004968,0.001278,0.00129,0.006595,0.001323,0.001319,0.000492,0.001762,1.4e-05,0.000293,0.000705,0.001493,0.001129,0.000106
2300,364,823,459,459,0,0,0,19,5.211753,0.0,12579.893186,432.534525,2842.253722,2300.0,1366.8,2300,7,52,2870400.0,370685.6761,1503.4971,896.7525,4.5479,0.0,0.0,0.0,43,0.041209,221,143,0,0.607143,0.392857,0.0,1.536548,20,0.054945,0.000203,1.000753,0.493618,0.501076,1.007081,0.404696,0.313016,0.295022,0.503312,0.049969,0.198187,0.300243,0.498553,0.399984,0.051029,0.004995,0.001284,0.001279,0.006656,0.001333,0.001309,0.000496,0.001761,1.4e-05,0.000292,0.00071,0.001492,0.001135,0.000106
2320,363,826,463,463,0,0,0,17,3.231979,0.0,12632.974283,432.063232,2844.704789,2300.0,1379.23,2320,7,52,2895360.0,374489.4761,1506.4671,901.0246,4.5479,0.0,0.0,0.0,43,0.041322,221,142,0,0.608815,0.391185,0.0,1.538035,20,0.055096,0.000393,1.001217,0.49388,0.501243,1.008802,0.404681,0.313356,0.295008,0.503713,0.049987,0.198022,0.300129,0.498762,0.400143,0.051131,0.005013,0.001284,0.001278,0.007077,0.001328,0.001424,0.000499,0.001779,1.4e-05,0.000308,0.000712,0.001511,0.001142,0.000114
2340,361,829,468,468,0,0,0,18,5.575059,0.0,12690.047169,430.423009,2844.001932,2300.0,1398.46,2340,7,52,2920320.0,378297.1761,1509.4371,905.5985,4.6118,0.0,0.0,0.0,43,0.041551,221,140,0,0.612188,0.387812,0.0,1.539114,21,0.058172,0.0,1.000995,0.494063,0.501052,1.008921,0.404356,0.313612,0.295114,0.5037,0.05002,0.197931,0.300475,0.499584,0.40002,0.051005,0.005118,0.001268,0.001262,0.007034,0.001252,0.001408,0.000497,0.001769,1.4e-05,0.000309,0.000734,0.001673,0.001146,0.000113
2360,361,832,471,471,0,0,0,16,2.934347,0.0,12809.498948,430.368682,2846.696972,2300.0,1416.35,2360,7,52,2945280.0,382139.3261,1512.4071,909.2794,4.6118,0.0,0.0,0.0,43,0.044321,220,141,0,0.609418,0.390582,0.0,1.541634,20,0.055402,0.000183,1.000086,0.493674,0.50132,1.008686,0.404204,0.314053,0.295066,0.50417,0.049989,0.197698,0.300901,0.49955,0.400121,0.050969,0.005136,0.00127,0.001251,0.006973,0.001248,0.001491,0.000495,0.00185,1.4e-05,0.000317,0.000734,0.00167,0.001139,0.000114
2380,363,838,475,475,0,0,0,17,2.943737,0.0,12944.57008,429.232508,2847.823755,2300.0,1425.21,2380,7,52,2970240.0,386002.0033,1515.3771,913.2319,4.6118,0.0,0.0,0.0,43,0.044077,219,144,0,0.603306,0.396694,0.0,1.538751,20,0.055096,0.0,1.000568,0.493266,0.502658,1.010105,0.40417,0.314477,0.29484,0.504231,0.04996,0.197497,0.300782,0.499727,0.401292,0.051008,0.0051,0.001304,0.001395,0.006951,0.001238,0.00146,0.000488,0.001843,1.4e-05,0.000314,0.00075,0.001691,0.00129,0.000117
2400,367,844,477,477,0,0,0,16,2.823632,0.0,13087.835324,432.43537,2844.740998,2300.0,1422.1,2400,7,52,2995200.0,389877.9342,1518.3471,918.8018,4.675,0.0,0.0,0.0,43,0.043597,221,146,0,0.60218,0.39782,0.0,1.540872,20,0.054496,0.0,1.000925,0.493081,0.502363,1.00921,0.404215,0.314509,0.294532,0.504075,0.049991,0.197412,0.301042,0.500155,0.400881,0.050948,0.005128,0.001299,0.001406,0.006941,0.001244,0.001453,0.000502,0.001827,1.4e-05,0.000316,0.000773,0.001695,0.001292,0.000119
2420,368,849,481,481,0,0,0,17,2.641738,0.0,13218.139773,434.019876,2843.338386,2300.0,1427.53,2420,7,52,3020160.0,393762.195,1521.3171,925.1465,4.7336,0.0,0.0,0.0,43,0.043478,223,145,0,0.605978,0.394022,0.0,1.544339,20,0.054348,0.0,1.000445,0.493525,0.502359,1.010727,0.404028,0.314375,0.294737,0.503983,0.050012,0.197439,0.301256,0.500269,0.400378,0.050633,0.005154,0.001308,0.001402,0.006821,0.001224,0.001455,0.000503,0.001828,1.4e-05,0.000319,0.000776,0.001682,0.001273,0.000119
2440,365,853,488,488,0,0,0,21,4.550414,0.0,13353.989202,431.527377,2843.922209,2300.0,1442.24,2440,7,52,3045120.0,397662.195,1524.2871,931.2239,4.7336,0.0,0.0,0.0,43,0.043836,221,144,0,0.605479,0.394521,0.0,1.545516,20,0.054795,0.0,0.999656,0.493839,0.502414,1.00968,0.403982,0.314108,0.294572,0.504233,0.050036,0.197278,0.301613,0.500978,0.400565,0.050476,0.005204,0.001281,0.001337,0.006745,0.001224,0.001438,0.000504,0.001811,1.5e-05,0.000323,0.000775,0.00169,0.001267,0.000121
2460,369,861,492,492,0,0,0,20,3.44356,0.0,13526.281671,433.311203,2843.245236,2300.0,1437.55,2460,7,52,3070080.0,401588.0289,1527.2571,937.7088,4.8819,0.0,0.0,0.0,43,0.04336,220,149,0,0.596206,0.403794,0.0,1.544146,20,0.054201,0.0,1.000599,0.494023,0.50235,1.008795,0.404159,0.314201,0.294048,0.504242,0.050011,0.197177,0.301383,0.500681,0.400975,0.050607,0.00536,0.001283,0.001343,0.006804,0.00124,0.001419,0.000505,0.001814,1.5e-05,0.000319,0.000787,0.001699,0.001257,0.000123
2480,369,867,498,498,0,0,0,23,6.454894,0.0,13696.942885,433.695967,2839.84914,2300.0,1449.39,2480,7,52,3095040.0,405534.8051,1530.2271,945.1881,4.8819,0.0,0.0,0.0,32,0.04065,223,146,0,0.604336,0.395664,0.0,1.547082,21,0.056911,0.0,1.000575,0.493583,0.502742,1.007435,0.404154,0.314157,0.294059,0.504396,0.050002,0.197152,0.301416,0.500621,0.400953,0.05069,0.005349,0.001281,0.001346,0.006845,0.001262,0.001387,0.000504,0.001793,1.5e-05,0.000317,0.000793,0.00168,0.001262,0.000127
2500,372,874,502,502,0,0,0,22,4.09718,0.0,13868.325811,436.423808,2839.479012,2300.0,1452.14,2500,7,52,3120000.0,409487.55,1533.1971,952.8332,4.9077,0.0,0.0,0.0,32,0.040323,227,145,0,0.610215,0.389785,0.0,1.550797,21,0.056452,0.000369,1.00026,0.494255,0.503215,1.005876,0.404259,0.314035,0.294116,0.504312,0.050019,0.197157,0.301105,0.500535,0.401351,0.05059,0.005305,0.001243,0.001364,0.006897,0.001275,0.001378,0.000489,0.001808,1.5e-05,0.000315,0.000796,0.001674,0.001265,0.000124
2520,379,881,502,502,0,0,0,20,3.397975,0.0,13992.670223,445.543432,2831.058592,2300.0,1445.15,2520,7,52,3144960.0,413451.6882,1536.1671,961.7721,5.0885,0.0,0.0,0.0,16,0.039578,230,149,0,0.60686,0.39314,0.0,1.550281,21,0.055409,0.0,0.999556,0.494782,0.503083,1.006169,0.404459,0.314131,0.294211,0.504601,0.05002,0.197263,0.301333,0.500189,0.401329,0.050548,0.005384,0.001245,0.001368,0.006842,0.001288,0.001384,0.00049,0.001816,1.5e-05,0.000314,0.000796,0.001654,0.001256,0.000123
2540,382,885,503,503,0,0,0,18,2.976499,0.0,14084.356886,452.010059,2825.013442,2300.0,1447.27,2540,7,52,3169920.0,417435.4391,1539.1371,969.3282,5.0885,0.0,0.0,0.0,16,0.039267,231,151,0,0.604712,0.395288,0.0,1.548543,21,0.054974,0.0,1.000182,0.494701,0.503168,1.006072,0.404232,0.314451,0.294038,0.504367,0.050007,0.197347,0.301366,0.499722,0.401228,0.050534,0.005347,0.001273,0.001361,0.00684,0.001292,0.001367,0.000491,0.001832,1.5e-05,0.000315,0.000791,0.001652,0.00125,0.000123
2560,386,894,508,508,0,0,0,19,3.653922,0.0,14151.507102,452.43302,2823.913058,2300.0,1441.77,2560,7,52,3194880.0,421432.5057,1542.1071,975.7205,5.0885,0.0,0.0,0.0,32,0.03886,232,154,0,0.601036,0.398964,0.0,1.551244,21,0.054404,0.0,1.000689,0.494649,0.503542,1.005442,0.404211,0.314966,0.293997,0.504418,0.049925,0.19733,0.301066,0.499341,0.401507,0.05069,0.00537,0.001264,0.001375,0.006907,0.001295,0.001386,0.000517,0.001862,1.5e-05,0.000316,0.000792,0.001689,0.001264,0.000125
2580,389,901,512,512,0,0,0,18,3.588495,0.0,14230.147381,456.202484,2820.209021,2300.0,1440.82,2580,7,52,3219840.0,425457.5224,1545.0771,984.8721,5.0885,0.0,0.0,0.0,32,0.03856,232,157,0,0.596401,0.403599,0.0,1.548972,21,0.053985,0.000192,0.998932,0.494204,0.503453,1.004744,0.404611,0.314787,0.293684,0.504082,0.049932,0.197475,0.300883,0.498381,0.401338,0.050761,0.005158,0.001294,0.001359,0.007064,0.001297,0.001405,0.000517,0.00191,1.5e-05,0.000318,0.000781,0.00154,0.001198,0.000129
2600,392,906,514,514,0,0,0,18,3.24619,0.0,14264.46326,462.856301,2813.897508,2300.0,1442.58,2600,7,52,3244800.0,429492.9835,1548.0471,994.0273,5.1261,0.0,0.0,0.0,16,0.038265,236,156,0,0.602041,0.397959,0.0,1.552704,22,0.056122,0.000174,0.998892,0.494239,0.50355,1.005611,0.404712,0.315099,0.293411,0.50434,0.0499,0.19749,0.300931,0.498238,0.401654,0.050831,0.005114,0.001277,0.001386,0.007132,0.001313,0.001408,0.000522,0.001923,1.6e-05,0.000322,0.000776,0.001543,0.001215,0.000132
2620,398,915,517,517,0,0,0,18,2.936538,0.0,14265.272512,467.39248,2809.670982,2300.0,1438.74,2620,7,52,3269760.0,433547.6402,1551.0171,1001.8681,5.3956,0.0,0.0,0.0,16,0.037688,238,160,0,0.59799,0.40201,0.0,1.550201,22,0.055276,0.000116,0.998672,0.494066,0.503345,1.005863,0.404923,0.315437,0.293289,0.503415,0.049932,0.197342,0.300813,0.498692,0.401771,0.050861,0.005199,0.00128,0.001379,0.007121,0.001319,0.001391,0.000527,0.00196,1.6e-05,0.000321,0.000774,0.001545,0.001213,0.000131
2640,401,924,523,523,0,0,0,19,3.674802,0.0,14259.193352,469.719632,2806.605566,2300.0,1426.78,2640,7,52,3294720.0,437617.5068,1553.9871,1011.3102,5.5097,0.0,0.0,0.0,16,0.037406,239,162,0,0.59601,0.40399,0.0,1.542278,22,0.054863,0.0,0.998628,0.494345,0.50378,1.006078,0.405277,0.315176,0.293302,0.504048,0.050011,0.197492,0.300753,0.498217,0.401432,0.05102,0.00536,0.001305,0.001385,0.007238,0.001302,0.001396,0.000533,0.001984,1.7e-05,0.00032,0.000776,0.001546,0.001205,0.000135
2660,401,930,529,529,0,0,0,20,3.897203,0.0,14227.933243,472.303671,2803.799126,2300.0,1433.04,2660,7,52,3319680.0,441687.3735,1556.9571,1020.4836,5.6547,0.0,0.0,0.0,16,0.037406,237,164,0,0.591022,0.408978,0.0,1.538603,21,0.052369,0.0,0.999538,0.49427,0.503824,1.005274,0.404953,0.315637,0.293338,0.504064,0.050036,0.197457,0.300359,0.497917,0.401878,0.050958,0.005298,0.001291,0.001413,0.007294,0.001292,0.001385,0.000518,0.002025,1.7e-05,0.000318,0.000755,0.001569,0.001211,0.000132
2680,403,934,531,531,0,0,0,21,3.628245,0.0,14166.973675,477.56936,2798.802395,2300.0,1444.0,2680,7,52,3344640.0,445757.2402,1559.9271,1028.1469,5.673,0.0,0.0,0.0,16,0.039702,240,163,0,0.595533,0.404467,0.0,1.541613,21,0.052109,0.0,0.998952,0.494543,0.503741,1.006767,0.404682,0.31612,0.293523,0.503846,0.050023,0.197383,0.30054,0.497706,0.402432,0.051037,0.005301,0.001299,0.001479,0.007483,0.001301,0.001385,0.000521,0.002037,1.7e-05,0.000316,0.000776,0.001578,0.001313,0.000134
2700,405,940,535,535,0,0,0,21,3.184596,0.0,14132.752417,479.293677,2797.521727,2300.0,1452.49,2700,7,52,3369600.0,449878.8902,1562.8971,1034.4127,5.8877,0.0,0.0,0.0,16,0.039506,240,165,0,0.592593,0.407407,0.0,1.544058,21,0.051852,0.00018,0.999216,0.495446,0.503147,1.006345,0.404728,0.316414,0.293809,0.504106,0.050036,0.197344,0.300559,0.497664,0.402126,0.051026,0.005312,0.0013,0.001521,0.007494,0.001278,0.001423,0.000528,0.002097,1.7e-05,0.000323,0.000771,0.001565,0.001282,0.000131
2720,411,947,536,536,0,0,0,19,2.662251,0.0,14084.959409,484.855139,2792.482611,2300.0,1449.39,2720,7,52,3394560.0,454015.4902,1565.8671,1040.964,6.0198,0.0,0.0,0.0,43,0.041363,245,166,0,0.596107,0.403893,0.0,1.54777,22,0.053528,0.0,0.99947,0.495404,0.503421,1.006059,0.404489,0.316814,0.293985,0.504525,0.050014,0.19716,0.301002,0.497555,0.401981,0.051165,0.005324,0.001295,0.001518,0.007478,0.001295,0.001452,0.000552,0.002154,1.7e-05,0.000331,0.000775,0.001574,0.001298,0.000135
2740,406,953,547,547,0,0,0,24,5.774503,0.0,14024.960521,479.883455,2794.342042,2300.0,1479.5,2740,7,52,3419520.0,458152.0902,1568.8371,1049.0279,6.5388,0.0,0.0,0.0,43,0.041872,242,164,0,0.596059,0.403941,0.0,1.549967,22,0.054187,0.001052,0.998089,0.495855,0.502535,1.005015,0.404833,0.316865,0.294311,0.505132,0.050015,0.197269,0.301032,0.497642,0.401472,0.051209,0.005392,0.001299,0.001396,0.007375,0.001271,0.001463,0.000557,0.002206,1.7e-05,0.000338,0.000756,0.001593,0.001169,0.000134
2760,405,957,552,552,0,0,0,25,3.941192,0.0,14017.39941,479.394402,2796.664406,2300.0,1493.31,2760,7,52,3444480.0,462288.6902,1571.8071,1054.6806,6.5388,0.0,0.0,0.0,43,0.041975,243,162,0,0.6,0.4,0.0,1.553794,22,0.054321,0.000328,0.997113,0.49589,0.502206,1.004029,0.404773,0.317115,0.294351,0.505099,0.050041,0.197274,0.301124,0.497445,0.400963,0.051404,0.005471,0.001324,0.00142,0.007394,0.001269,0.001467,0.000561,0.0022,1.7e-05,0.000339,0.000755,0.001598,0.001197,0.000134
2780,403,958,555,555,0,0,0,23,3.88756,0.0,14012.462873,478.786172,2797.326268,2300.0,1512.62,2780,7,52,3469440.0,466425.2902,1574.7771,1057.7514,6.5388,0.0,0.0,0.0,43,0.042184,242,161,0,0.600496,0.399504,0.0,1.555591,22,0.054591,0.000178,0.996371,0.496119,0.501803,1.004614,0.404723,0.317377,0.294574,0.505143,0.05005,0.197308,0.301206,0.497643,0.400811,0.051466,0.005608,0.001318,0.001402,0.007376,0.001267,0.001467,0.000572,0.002227,1.7e-05,0.00034,0.000757,0.001612,0.001226,0.000135
2800,406,964,558,558,0,0,0,23,3.863341,0.0,13999.623411,479.346442,2796.790217,2300.0,1513.42,2800,7,52,3494400.0,470561.8902,1577.7471,1062.0677,6.5388,0.0,0.0,0.0,43,0.046798,244,162,0,0.600985,0.399015,0.0,1.555731,22,0.054187,0.000529,0.995779,0.49578,0.501899,1.005014,0.40533,0.317655,0.294223,0.505865,0.050085,0.197456,0.30129,0.497793,0.400619,0.05142,0.005519,0.001328,0.001399,0.00734,0.00129,0.001463,0.000581,0.002285,1.7e-05,0.000347,0.000769,0.001614,0.001222,0.000133
2820,404,970,566,566,0,0,0,28,5.755672,0.0,13980.190028,476.860578,2797.38375,2300.0,1531.73,2820,7,52,3519360.0,474698.4902,1580.7171,1069.3142,6.5388,0.0,0.0,0.0,43,0.04703,242,162,0,0.59901,0.40099,0.0,1.554851,22,0.054455,0.00035,0.994605,0.496286,0.50125,1.004813,0.405165,0.317921,0.294414,0.506356,0.050085,0.197602,0.301143,0.49742,0.400046,0.051239,0.005452,0.001392,0.001393,0.007215,0.001279,0.001509,0.00059,0.002291,1.6e-05,0.00035,0.000774,0.001622,0.001221,0.000132
2840,403,975,572,572,0,0,0,30,5.552759,0.0,13976.022289,476.964212,2797.483029,2300.0,1548.4,2840,7,52,3544320.0,478835.0902,1583.6871,1075.9953,6.7233,0.0,0.0,0.0,43,0.047146,245,158,0,0.60794,0.39206,0.0,1.56129,22,0.054591,0.0,0.995899,0.495759,0.501641,1.003911,0.405317,0.318078,0.29442,0.506652,0.050014,0.197654,0.301526,0.49738,0.399882,0.05116,0.005455,0.001399,0.001413,0.007161,0.001289,0.001504,0.000588,0.00228,1.5e-05,0.000353,0.000778,0.001632,0.001231,0.00013
2860,397,977,580,580,0,0,0,30,6.275139,0.0,13989.227231,471.99907,2801.725791,2300.0,1578.78,2860,7,52,3569280.0,482971.6902,1586.6571,1079.8623,7.0634,0.0,0.0,0.0,43,0.047859,239,158,0,0.602015,0.397985,0.0,1.556944,22,0.055416,0.0,0.996454,0.495427,0.501935,1.004637,0.405358,0.317803,0.294407,0.506578,0.049998,0.197664,0.301811,0.497689,0.399874,0.051046,0.005414,0.001356,0.001416,0.007235,0.001303,0.001518,0.000589,0.002272,1.5e-05,0.000353,0.000781,0.001581,0.001206,0.000128
2880,398,982,584,584,0,0,0,28,5.000053,0.0,14044.019393,471.072394,2803.927553,2300.0,1585.38,2880,7,52,3594240.0,487108.2902,1589.6271,1083.5791,7.0777,0.0,0.0,0.0,43,0.047739,240,158,0,0.603015,0.396985,0.0,1.557822,22,0.055276,0.00018,0.996504,0.495502,0.501336,1.004882,0.405383,0.317871,0.294456,0.506259,0.049992,0.197642,0.301987,0.498063,0.39995,0.050902,0.005443,0.001327,0.001418,0.007395,0.001323,0.001514,0.000593,0.002268,1.5e-05,0.000352,0.000778,0.001574,0.00122,0.000122
2900,400,988,588,588,0,0,0,28,6.440521,0.0,14083.174069,471.014909,2802.54457,2300.0,1587.49,2900,7,52,3619200.0,491244.8902,1592.5971,1088.516,7.0777,0.0,0.0,0.0,43,0.0475,240,160,0,0.6,0.4,0.0,1.5587,23,0.0575,0.0,0.996109,0.495051,0.501724,1.00526,0.405437,0.317594,0.294267,0.506278,0.050063,0.19763,0.301835,0.498549,0.400493,0.050882,0.005422,0.001349,0.001439,0.00732,0.00132,0.001486,0.000596,0.002242,1.5e-05,0.000355,0.000783,0.001599,0.001233,0.000121
2920,400,992,592,592,0,0,0,28,6.596477,0.0,14125.940136,472.677767,2800.725756,2300.0,1585.84,2920,7,52,3644160.0,495391.8902,1595.5671,1094.8428,7.0777,0.0,0.0,0.0,43,0.0475,238,162,0,0.595,0.405,0.0,1.5574,22,0.055,0.0,0.996604,0.49517,0.501791,1.005109,0.405069,0.317444,0.294288,0.506101,0.050057,0.197476,0.301824,0.498469,0.40083,0.050836,0.00545,0.001356,0.001443,0.007311,0.001308,0.001491,0.000598,0.00224,1.5e-05,0.000351,0.000782,0.00161,0.001248,0.000123
2940,401,996,595,595,0,0,0,28,5.418233,0.0,14184.06522,474.602618,2799.979149,2300.0,1592.93,2940,7,52,3669120.0,499563.1568,1598.5371,1100.2702,7.0777,0.0,0.0,0.0,43,0.047382,240,161,0,0.598504,0.401496,0.0,1.557947,22,0.054863,0.0,0.996755,0.494896,0.501287,1.005328,0.40507,0.317384,0.294361,0.5062,0.050049,0.197495,0.301725,0.498452,0.400616,0.050943,0.005484,0.001379,0.001425,0.007284,0.001305,0.001492,0.000596,0.00224,1.5e-05,0.000351,0.000788,0.001615,0.001258,0.000124
2960,400,999,599,599,0,0,0,29,5.327811,0.0,14245.425477,473.742577,2800.929612,2300.0,1614.84,2960,7,52,3694080.0,503734.4235,1601.5071,1104.1399,7.181,0.0,0.0,0.0,43,0.0475,240,160,0,0.6,0.4,0.0,1.56,22,0.055,0.000181,0.996087,0.495257,0.501669,1.005823,0.404804,0.317439,0.294806,0.506259,0.05004,0.197339,0.30172,0.498251,0.400865,0.050921,0.005608,0.00137,0.001378,0.00732,0.001303,0.001495,0.000596,0.002235,1.5e-05,0.00035,0.000784,0.001611,0.001256,0.000124
2980,401,1005,604,604,0,0,0,30,5.808636,0.0,14314.735086,472.1292,2802.062164,2300.0,1620.42,2980,7,52,3719040.0,507905.6902,1604.4771,1108.2546,7.181,0.0,0.0,0.0,43,0.049875,239,162,0,0.59601,0.40399,0.0,1.559135,22,0.054863,0.00017,0.996649,0.495276,0.501861,1.005646,0.405179,0.318253,0.294614,0.506476,0.050031,0.197239,0.301728,0.497441,0.401284,0.05113,0.005565,0.001374,0.001395,0.007287,0.001329,0.001563,0.000591,0.002299,1.6e-05,0.000366,0.000785,0.001663,0.001267,0.000129
3000,403,1008,605,605,0,0,0,27,3.944469,0.0,14365.188853,477.062879,2798.992651,2300.0,1631.71,3000,7,52,3744000.0,512076.9568,1607.4471,1114.3464,7.181,0.0,0.0,0.0,32,0.052109,241,162,0,0.598015,0.401985,0.0,1.56,22,0.054591,0.0,0.997009,0.495148,0.501763,1.005689,0.405257,0.318211,0.294586,0.506403,0.050015,0.197338,0.301731,0.497376,0.401233,0.05109,0.005584,0.001374,0.00139,0.007264,0.001324,0.00156,0.000594,0.002289,1.6e-05,0.000361,0.000787,0.001665,0.001263,0.00013
3020,406,1016,610,610,0,0,0,25,4.142681,0.0,14393.499989,476.229002,2799.628317,2300.0,1619.09,3020,7,52,3768960.0,516248.2235,1610.4171,1119.5264,7.181,0.0,0.0,0.0,32,0.049261,242,164,0,0.596059,0.403941,0.0,1.556158,21,0.051724,0.0,0.996687,0.494982,0.501208,1.006204,0.405237,0.318715,0.294424,0.505927,0.050005,0.197458,0.302016,0.497925,0.401739,0.051221,0.005618,0.00138,0.00141,0.007292,0.001332,0.001616,0.000604,0.002309,1.6e-05,0.000372,0.000801,0.001679,0.001298,0.000136
3040,406,1019,613,613,0,0,0,27,4.08191,0.0,14436.763169,479.35395,2796.56414,2300.0,1629.27,3040,7,52,3793920.0,520442.6302,1613.3871,1126.3072,7.2396,0.0,0.0,0.0,32,0.049261,242,164,0,0.596059,0.403941,0.0,1.554236,21,0.051724,0.0,0.996208,0.49533,0.5011,1.005695,0.405509,0.318673,0.2946,0.505588,0.050004,0.197478,0.301967,0.498202,0.402019,0.051262,0.00569,0.001371,0.001407,0.007329,0.001382,0.00162,0.000612,0.002298,1.6e-05,0.000374,0.000805,0.001686,0.001293,0.000136
3060,408,1025,617,617,0,0,0,24,4.338238,0.0,14471.541106,480.491382,2795.170379,2300.0,1633.1,3060,7,52,3818880.0,524650.2968,1616.3571,1132.3761,7.4005,0.0,0.0,0.0,32,0.04902,243,165,0,0.595588,0.404412,0.0,1.554796,21,0.051471,0.0,0.995208,0.495247,0.500845,1.005016,0.405322,0.31891,0.29456,0.505333,0.049979,0.197433,0.302213,0.498228,0.402282,0.051261,0.005577,0.001348,0.001394,0.007397,0.001379,0.001637,0.000612,0.002308,1.5e-05,0.000376,0.000793,0.001695,0.001305,0.000137
3080,406,1028,622,622,0,0,0,24,4.617772,0.0,14517.066948,479.988419,2795.39381,2300.0,1653.92,3080,7,52,3843840.0,528857.9635,1619.3271,1137.8689,7.4005,0.0,0.0,0.0,32,0.051724,244,162,0,0.600985,0.399015,0.0,1.558079,21,0.051724,0.000167,0.995351,0.495231,0.501003,1.004627,0.405992,0.319067,0.294847,0.505443,0.049989,0.197405,0.302011,0.498516,0.402456,0.051201,0.005525,0.001349,0.001373,0.00738,0.001393,0.001639,0.000609,0.002332,1.5e-05,0.000373,0.000806,0.001668,0.001308,0.000137
3100,405,1035,630,630,0,0,0,25,3.740829,0.0,14572.784172,476.39355,2799.865621,2300.0,1658.58,3100,8,52,3868800.0,533065.6302,1622.2971,1143.1197,8.0071,0.0,0.0,0.0,32,0.049383,243,162,0,0.6,0.4,0.0,1.558502,21,0.051852,0.0,0.99498,0.494496,0.501142,1.003629,0.406519,0.319395,0.29509,0.505116,0.049982,0.197326,0.302376,0.499132,0.402618,0.05117,0.005617,0.001331,0.001416,0.007568,0.001447,0.001665,0.00064,0.002344,1.5e-05,0.000374,0.000821,0.00172,0.001322,0.000138
3120,405,1043,638,638,0,0,0,27,5.1292,0.0,14680.870254,474.545125,2800.325676,2300.0,1661.1,3120,8,52,3893760.0,537307.0102,1625.2671,1150.8556,8.1116,0.0,0.0,0.0,43,0.051852,240,165,0,0.592593,0.407407,0.0,1.551547,20,0.049383,0.0,0.994108,0.494699,0.501184,1.005779,0.40617,0.319714,0.294889,0.504858,0.049898,0.197107,0.302649,0.498536,0.402413,0.051169,0.005645,0.001304,0.001428,0.007435,0.00145,0.001702,0.000634,0.002355,1.5e-05,0.000373,0.000816,0.001714,0.001323,0.000137
3140,412,1051,639,639,0,0,0,23,3.295998,0.0,14775.553993,482.394705,2794.309297,2300.0,1651.79,3140,8,52,3918720.0,541572.7435,1628.2371,1159.8887,8.1529,0.0,0.0,0.0,43,0.053398,243,169,0,0.589806,0.410194,0.0,1.549798,20,0.048544,0.0,0.994354,0.494824,0.501816,1.005662,0.40634,0.320195,0.29474,0.505953,0.04989,0.196976,0.302869,0.498138,0.402708,0.05116,0.005757,0.001312,0.001453,0.007575,0.00144,0.001756,0.000629,0.002401,1.5e-05,0.000375,0.000822,0.001715,0.001321,0.000137
3160,416,1060,644,644,0,0,0,25,6.439565,0.0,14806.351068,485.522335,2788.0381,2300.0,1645.17,3160,8,52,3943680.0,545838.4768,1631.2071,1168.8768,8.1529,0.0,0.0,0.0,43,0.050481,246,170,0,0.591346,0.408654,0.0,1.545833,21,0.050481,0.0,0.993873,0.495158,0.502146,1.00559,0.405984,0.320955,0.294739,0.506262,0.049888,0.197022,0.302685,0.497532,0.40258,0.051234,0.005789,0.001321,0.001512,0.007683,0.001462,0.00176,0.000627,0.002357,1.5e-05,0.000369,0.000815,0.001745,0.001335,0.000138
3180,421,1068,647,647,0,0,0,23,4.131141,0.0,14810.302869,491.521985,2784.346874,2300.0,1636.15,3180,8,52,3968640.0,550104.2102,1634.1771,1178.2561,8.1529,0.0,0.0,0.0,32,0.047506,248,173,0,0.589074,0.410926,0.0,1.542605,21,0.049881,0.0,0.993931,0.49511,0.502274,1.005411,0.405643,0.320656,0.294867,0.505742,0.049874,0.196924,0.302712,0.498152,0.402241,0.051192,0.005843,0.001306,0.001519,0.007715,0.001449,0.00175,0.000624,0.002313,1.5e-05,0.000364,0.000814,0.001778,0.001344,0.000138
3200,423,1074,651,651,0,0,0,23,4.800841,0.0,14771.877131,495.276213,2779.922946,2300.0,1639.54,3200,8,52,3993600.0,554369.9435,1637.1471,1186.773,8.2569,0.0,0.0,0.0,43,0.049645,248,175,0,0.586288,0.413712,0.0,1.539819,21,0.049645,0.0,0.99389,0.495233,0.5023,1.005899,0.405989,0.321206,0.295183,0.506334,0.049826,0.196964,0.302847,0.49819,0.401827,0.051184,0.005837,0.001296,0.001514,0.007699,0.001451,0.001792,0.000635,0.002381,1.5e-05,0.000366,0.000811,0.001759,0.001357,0.000138
3220,425,1080,655,655,0,0,0,22,3.927242,0.0,14713.317886,497.987088,2778.085669,2300.0,1647.38,3220,8,52,4018560.0,558635.6768,1640.1171,1194.448,8.4221,0.0,0.0,0.0,43,0.049412,247,178,0,0.581176,0.418824,0.0,1.537365,20,0.047059,0.000313,0.994632,0.495628,0.502285,1.005008,0.405779,0.320808,0.295343,0.506413,0.049869,0.197088,0.302977,0.497969,0.401921,0.051212,0.005971,0.001293,0.001538,0.007667,0.001457,0.001728,0.00063,0.002417,1.5e-05,0.000364,0.000793,0.001768,0.001357,0.000137
3240,423,1083,660,660,0,0,0,21,3.973107,0.0,14652.089093,498.922696,2777.104197,2300.0,1669.3,3240,8,52,4043520.0,562909.4268,1643.0871,1201.3349,8.4221,0.0,0.0,0.0,43,0.049645,247,176,0,0.583924,0.416076,0.0,1.540741,20,0.047281,0.000506,0.99482,0.495758,0.502028,1.004963,0.40592,0.321253,0.295776,0.506388,0.049915,0.197023,0.302968,0.497686,0.401826,0.051284,0.006215,0.001289,0.001548,0.007686,0.001454,0.00173,0.00064,0.002409,1.5e-05,0.000363,0.000799,0.001757,0.00136,0.000136
3260,426,1088,662,662,0,0,0,20,3.132106,0.0,14598.119366,502.860925,2774.006969,2300.0,1673.26,3260,8,52,4068480.0,567207.2268,1646.0571,1207.764,8.4221,0.0,0.0,0.0,43,0.051643,249,177,0,0.584507,0.415493,0.0,1.540978,20,0.046948,0.0,0.994679,0.495918,0.502228,1.004607,0.406474,0.321646,0.295923,0.506813,0.049906,0.196911,0.30315,0.498111,0.401778,0.051301,0.006271,0.001309,0.001546,0.007628,0.001478,0.001782,0.000639,0.002477,1.5e-05,0.000366,0.000793,0.001756,0.001364,0.000135
3280,428,1094,666,666,0,0,0,18,2.942755,0.0,14526.705268,503.694607,2773.362638,2300.0,1680.38,3280,8,52,4093440.0,571505.0268,1649.0271,1213.1845,8.4221,0.0,0.0,0.0,43,0.051402,249,179,0,0.581776,0.418224,0.0,1.540864,20,0.046729,0.000294,0.995506,0.495941,0.501982,1.006379,0.405704,0.321588,0.296016,0.506917,0.049898,0.197009,0.30295,0.497877,0.401704,0.051255,0.006315,0.001304,0.001538,0.007655,0.001391,0.001782,0.00065,0.00249,1.5e-05,0.000364,0.000803,0.0018,0.001369,0.000132
3300,425,1099,674,674,0,0,0,20,5.307989,0.0,14468.539979,501.470929,2773.221082,2300.0,1705.75,3300,8,52,4118400.0,575821.8935,1651.9971,1220.3573,8.7729,0.0,0.0,0.0,43,0.047059,251,174,0,0.590588,0.409412,0.0,1.544094,20,0.047059,0.000499,0.995186,0.496067,0.501507,1.006574,0.405809,0.321059,0.296313,0.506262,0.04995,0.196958,0.30265,0.49881,0.401901,0.051255,0.006252,0.001309,0.001526,0.007693,0.001384,0.001693,0.000646,0.002417,1.5e-05,0.000362,0.000806,0.001783,0.001397,0.000131
3320,427,1106,679,679,0,0,0,18,3.978723,0.0,14419.675435,503.963167,2772.05811,2300.0,1711.53,3320,8,52,4143360.0,580154.3602,1654.9671,1228.6019,8.7729,0.0,0.0,0.0,43,0.04918,251,176,0,0.587822,0.412178,0.0,1.544575,19,0.044496,0.000501,0.996287,0.495967,0.501186,1.006107,0.405987,0.321753,0.29675,0.506305,0.049943,0.197055,0.302715,0.498732,0.401819,0.051352,0.006287,0.001304,0.001525,0.007805,0.001395,0.001771,0.00065,0.002438,1.6e-05,0.000366,0.0008,0.001754,0.001387,0.00013
3340,426,1113,687,687,0,0,0,20,5.788096,0.0,14387.087459,501.244299,2772.967605,2300.0,1717.97,3340,8,52,4168320.0,584486.8268,1657.9371,1234.8082,9.3287,0.0,0.0,0.0,43,0.049296,255,171,0,0.598592,0.401408,0.0,1.553998,19,0.044601,0.000343,0.996982,0.496291,0.500886,1.006896,0.406443,0.322418,0.296981,0.505154,0.050008,0.196984,0.303035,0.498679,0.401746,0.051498,0.006285,0.001287,0.001523,0.00797,0.001424,0.001798,0.000651,0.002421,1.6e-05,0.000364,0.000835,0.001762,0.001446,0.000131
3360,427,1117,690,690,0,0,0,22,5.231141,0.0,14368.762584,503.392518,2771.376341,2300.0,1732.36,3360,8,52,4193280.0,588819.2935,1660.9071,1240.5856,9.3287,0.0,0.0,0.0,43,0.04918,255,172,0,0.59719,0.40281,0.0,1.556347,19,0.044496,0.000147,0.99696,0.496428,0.500776,1.006109,0.406986,0.322556,0.296927,0.504821,0.050045,0.197081,0.30298,0.498325,0.401431,0.051505,0.006386,0.001297,0.001526,0.007843,0.00143,0.001771,0.000648,0.002445,1.7e-05,0.000371,0.000836,0.001754,0.001452,0.00013
3380,434,1125,691,691,0,0,0,22,5.058297,0.0,14323.742746,509.245696,2765.696007,2300.0,1723.59,3380,8,52,4218240.0,593178.1833,1663.8771,1247.6688,9.3287,0.0,0.0,0.0,43,0.048387,257,177,0,0.592166,0.407834,0.0,1.552911,19,0.043779,0.0,0.997967,0.496348,0.501062,1.006232,0.407025,0.322324,0.297063,0.504731,0.050037,0.19712,0.302848,0.498262,0.401543,0.051607,0.006793,0.00133,0.001538,0.007991,0.00144,0.001751,0.000645,0.00248,1.7e-05,0.000376,0.000842,0.001761,0.001477,0.00013
3400,439,1135,696,696,0,0,0,24,5.714835,0.0,14260.857623,511.335929,2762.949236,2300.0,1719.99,3400,8,52,4243200.0,597561.3841,1666.8471,1255.9964,9.3287,0.0,0.0,0.0,43,0.047836,258,181,0,0.587699,0.412301,0.0,1.552399,21,0.047836,0.0,0.996589,0.49618,0.501165,1.006945,0.40666,0.322029,0.296855,0.504291,0.050066,0.197194,0.303292,0.497577,0.401185,0.051527,0.006809,0.001329,0.001553,0.008054,0.001421,0.001755,0.000646,0.002487,1.7e-05,0.000382,0.000842,0.001755,0.001499,0.000127
3420,433,1138,705,705,0,0,0,28,6.785608,0.0,14218.616322,509.837079,2763.377313,2300.0,1741.57,3420,8,52,4268160.0,601961.2549,1669.8171,1265.0372,9.49,0.0,0.0,0.0,43,0.048499,255,178,0,0.588915,0.411085,0.0,1.555997,20,0.046189,0.0,0.995994,0.495953,0.500946,1.00534,0.407303,0.321978,0.297047,0.50406,0.050024,0.19722,0.303473,0.497647,0.401319,0.051298,0.006833,0.001325,0.001544,0.008017,0.001405,0.001764,0.000657,0.002509,1.8e-05,0.000388,0.000839,0.001717,0.001543,0.000124
3440,428,1142,714,714,0,0,0,30,8.009622,0.0,14195.63328,505.714969,2766.275408,2300.0,1754.66,3440,8,52,4293120.0,606361.5733,1672.7871,1271.3486,9.5667,0.0,0.0,0.0,32,0.046729,255,173,0,0.595794,0.404206,0.0,1.556659,21,0.049065,0.0,0.996058,0.495848,0.50154,1.004973,0.407095,0.321732,0.297278,0.503617,0.050076,0.197464,0.303086,0.497372,0.401037,0.051248,0.006925,0.001323,0.001586,0.008114,0.001423,0.001739,0.000661,0.002419,1.8e-05,0.000389,0.000838,0.001719,0.001548,0.000122
3460,433,1149,716,716,0,0,0,27,4.697111,0.0,14184.390385,509.433541,2765.869347,2300.0,1753.34,3460,8,52,4318080.0,610762.4092,1675.7571,1277.5397,9.6931,0.0,0.0,0.0,32,0.046189,257,176,0,0.593533,0.406467,0.0,1.552594,21,0.048499,0.000158,0.995646,0.495633,0.501604,1.00419,0.407022,0.321378,0.297539,0.503209,0.050053,0.19765,0.302829,0.497055,0.401327,0.051213,0.007144,0.001318,0.001592,0.008118,0.001399,0.001743,0.000674,0.002452,1.7e-05,0.000389,0.000831,0.001705,0.001546,0.000122
3480,431,1152,721,721,0,0,0,26,5.668861,0.0,14158.318169,509.711948,2764.619191,2300.0,1778.87,3480,8,52,4343040.0,615163.3425,1678.7271,1283.9481,9.7674,0.0,0.0,0.0,32,0.046404,257,174,0,0.596288,0.403712,0.0,1.55256,21,0.048724,0.0,0.994977,0.495274,0.501835,1.00395,0.407146,0.321669,0.297077,0.503967,0.050015,0.19755,0.302968,0.496792,0.401526,0.051232,0.007296,0.001332,0.001607,0.008145,0.001404,0.001754,0.000695,0.002441,1.7e-05,0.000388,0.000812,0.001732,0.001563,0.000124
3500,432,1155,723,723,0,0,0,24,3.9922,0.0,14133.682505,511.794776,2764.213024,2300.0,1786.83,3500,8,52,4368000.0,619564.2759,1681.6971,1288.3981,9.7674,0.0,0.0,0.0,32,0.046296,259,173,0,0.599537,0.400463,0.0,1.555486,21,0.048611,0.000167,0.994855,0.495491,0.501414,1.003581,0.407418,0.321854,0.297012,0.503701,0.049985,0.19747,0.303148,0.496538,0.401691,0.051165,0.007266,0.001336,0.001629,0.008273,0.00141,0.001748,0.000709,0.002445,1.7e-05,0.000385,0.000805,0.00177,0.001577,0.000125
3520,436,1162,726,726,0,0,0,24,4.294296,0.0,14081.81219,513.323999,2762.381704,2300.0,1788.63,3520,8,52,4392960.0,623965.2092,1684.6671,1293.509,9.8759,0.0,0.0,0.0,32,0.045872,260,176,0,0.59633,0.40367,0.0,1.554434,21,0.048165,0.000512,0.99449,0.495808,0.501543,1.004329,0.40731,0.321982,0.296862,0.503637,0.050033,0.197569,0.302807,0.495954,0.401866,0.051007,0.007316,0.001327,0.001631,0.00827,0.001434,0.001738,0.000726,0.002451,1.7e-05,0.000387,0.000791,0.001805,0.001604,0.000124
3540,432,1167,735,735,0,0,0,25,3.685989,0.0,14059.598072,508.193217,2768.120794,2300.0,1809.63,3540,8,52,4417920.0,628366.1425,1687.6371,1299.02,10.2876,0.0,0.0,0.0,32,0.048611,257,175,0,0.594907,0.405093,0.0,1.552276,23,0.053241,0.0,0.994047,0.495557,0.501987,1.004418,0.406832,0.322123,0.296513,0.503715,0.049995,0.197496,0.302377,0.496273,0.401419,0.050959,0.007425,0.001333,0.001648,0.008186,0.001455,0.001744,0.000721,0.002463,1.7e-05,0.000387,0.000792,0.001812,0.001619,0.000124
3560,429,1171,742,742,0,0,0,27,5.109825,0.0,14044.248831,506.184853,2768.705322,2300.0,1826.05,3560,8,52,4442880.0,632767.0759,1690.6071,1305.5069,10.4395,0.0,0.0,0.0,32,0.048951,255,174,0,0.594406,0.405594,0.0,1.553737,23,0.053613,0.000318,0.99367,0.49533,0.501455,1.004824,0.407516,0.322001,0.296477,0.503177,0.050017,0.197523,0.302563,0.49708,0.401435,0.051038,0.007429,0.001318,0.001657,0.00833,0.001525,0.00175,0.000726,0.002439,1.6e-05,0.000384,0.000787,0.001867,0.001613,0.000124
3580,430,1175,745,745,0,0,0,24,3.078546,0.0,14054.623592,508.264053,2768.657401,2300.0,1839.84,3580,8,52,4467840.0,637168.0092,1693.5771,1311.1248,10.4395,0.0,0.0,0.0,32,0.048837,258,172,0,0.6,0.4,0.0,1.555767,23,0.053488,0.0,0.993455,0.495406,0.50158,1.004664,0.407697,0.321568,0.296392,0.503285,0.050035,0.197515,0.302726,0.497373,0.401435,0.051002,0.007351,0.001319,0.001649,0.0081,0.001511,0.001757,0.000725,0.002388,1.6e-05,0.000382,0.000779,0.001854,0.001602,0.000123
3600,424,1180,756,756,0,0,0,29,6.005518,0.0,14085.937397,500.275915,2773.718567,2300.0,1869.74,3600,8,52,4492800.0,641568.9425,1696.5471,1316.1782,10.702,0.0,0.0,0.0,32,0.051887,254,170,0,0.599057,0.400943,0.0,1.552642,23,0.054245,0.00017,0.992501,0.494949,0.502034,1.005149,0.407283,0.321885,0.296338,0.503265,0.049997,0.197431,0.302555,0.497048,0.401158,0.050997,0.007387,0.001294,0.001671,0.008048,0.001527,0.001767,0.000722,0.002385,1.6e-05,0.000377,0.000785,0.001848,0.001598,0.000124
3620,421,1184,763,763,0,0,0,24,3.084146,0.0,14163.615878,497.648664,2779.26719,2300.0,1872.32,3620,8,52,4517760.0,645969.8759,1699.5171,1321.3109,10.9872,0.0,0.0,0.0,32,0.052257,248,173,0,0.589074,0.410926,0.0,1.546928,23,0.054632,0.0,0.993873,0.494952,0.501915,1.005223,0.407128,0.322221,0.296146,0.50383,0.050057,0.197406,0.3026,0.497012,0.401263,0.051003,0.007317,0.0013,0.001667,0.008083,0.001523,0.001785,0.000731,0.002388,1.6e-05,0.000381,0.000794,0.00187,0.001563,0.000126
3640,423,1190,767,767,0,0,0,21,2.835895,0.0,14229.728349,499.151008,2778.013097,2300.0,1871.59,3640,8,52,4542720.0,650370.8092,1702.4871,1327.1181,10.9872,0.0,0.0,0.0,32,0.052009,247,176,0,0.583924,0.416076,0.0,1.544019,22,0.052009,0.0,0.995313,0.494592,0.501244,1.004589,0.406959,0.322618,0.296202,0.503359,0.050067,0.197446,0.302482,0.497553,0.401211,0.05108,0.007102,0.001313,0.001723,0.008113,0.001518,0.001785,0.000733,0.002432,1.6e-05,0.000379,0.000786,0.001852,0.001544,0.000125
3660,429,1198,769,769,0,0,0,20,2.645887,0.0,14269.945799,503.835734,2773.518379,2300.0,1855.67,3660,8,52,4567680.0,654771.7425,1705.4571,1334.2231,10.9872,0.0,0.0,0.0,32,0.051282,250,179,0,0.582751,0.417249,0.0,1.546566,22,0.051282,0.0,0.994174,0.494692,0.501212,1.005216,0.407078,0.322587,0.296247,0.503417,0.050098,0.197254,0.302395,0.497022,0.401438,0.051033,0.007312,0.001311,0.00172,0.008187,0.001535,0.001777,0.000749,0.002447,1.6e-05,0.000379,0.000791,0.001866,0.001554,0.000125
3680,420,1199,779,779,0,0,0,24,3.906236,0.0,14314.578231,497.755758,2778.338006,2300.0,1879.23,3680,8,52,4592640.0,659172.6759,1708.4271,1340.0995,11.2028,0.0,0.0,0.0,32,0.052381,247,173,0,0.588095,0.411905,0.0,1.553294,22,0.052381,0.0,0.993385,0.494544,0.501042,1.005167,0.407051,0.322787,0.296346,0.50329,0.050095,0.19732,0.302462,0.496845,0.401359,0.051187,0.007391,0.001308,0.001753,0.008295,0.001551,0.001788,0.000752,0.002438,1.6e-05,0.000388,0.000792,0.001882,0.001568,0.000126
3700,424,1203,779,779,0,0,0,19,2.528418,0.0,14382.160226,501.771169,2775.700413,2300.0,1881.41,3700,8,52,4617600.0,663573.6092,1711.3971,1344.0571,11.2606,0.0,0.0,0.0,32,0.051887,249,175,0,0.587264,0.412736,0.0,1.5507,23,0.054245,0.0,0.993526,0.494669,0.501223,1.005495,0.406891,0.322563,0.296212,0.503662,0.050139,0.197367,0.302114,0.496773,0.401174,0.051119,0.007382,0.00131,0.001742,0.008251,0.001553,0.001787,0.000748,0.002436,1.6e-05,0.000385,0.000799,0.001884,0.001558,0.000126
3720,423,1206,783,783,0,0,0,20,2.808746,0.0,14455.256711,499.850199,2777.341055,2300.0,1895.85,3720,8,52,4642560.0,667978.8325,1714.3671,1347.3898,11.3237,0.0,0.0,0.0,32,0.052009,250,173,0,0.591017,0.408983,0.0,1.552931,23,0.054374,0.0,0.992506,0.494859,0.50139,1.005749,0.407122,0.322791,0.296111,0.503754,0.050111,0.197372,0.302228,0.496902,0.401017,0.05112,0.00721,0.00132,0.001726,0.008298,0.001533,0.001776,0.000727,0.002435,1.6e-05,0.000385,0.000798,0.00189,0.001551,0.000126
3740,425,1214,789,789,0,0,0,22,3.816717,0.0,14538.351085,498.82631,2777.356973,2300.0,1895.26,3740,8,52,4667520.0,672408.3659,1717.3371,1353.1009,11.3237,0.0,0.0,0.0,32,0.049412,252,173,0,0.592941,0.407059,0.0,1.557247,23,0.054118,0.0,0.993994,0.495801,0.501159,1.006268,0.407963,0.322849,0.29657,0.504153,0.050141,0.197596,0.302124,0.497131,0.401332,0.051179,0.007153,0.001359,0.001715,0.008432,0.00151,0.001772,0.000741,0.002442,1.6e-05,0.000385,0.000809,0.001961,0.001545,0.000128
3760,430,1223,793,793,0,0,0,20,3.340671,0.0,14604.82545,502.116063,2774.543266,2300.0,1880.74,3760,8,52,4692480.0,676837.8992,1720.3071,1361.1073,11.4004,0.0,0.0,0.0,32,0.048837,253,177,0,0.588372,0.411628,0.0,1.554256,23,0.053488,0.000335,0.993712,0.495473,0.50131,1.006118,0.407759,0.322785,0.296461,0.50405,0.050129,0.197339,0.302087,0.497096,0.401163,0.051183,0.007183,0.001356,0.001685,0.008478,0.00153,0.001783,0.00074,0.002436,1.6e-05,0.000386,0.000797,0.001968,0.001544,0.000128
3780,429,1224,795,795,0,0,0,19,3.567943,0.0,14639.991298,507.739461,2768.692596,2300.0,1903.87,3780,8,52,4717440.0,681267.4325,1723.2771,1369.0795,11.4004,0.0,0.0,0.0,32,0.04662,253,176,0,0.589744,0.410256,0.0,1.55596,22,0.051282,0.000145,0.993949,0.4956,0.50156,1.006161,0.407853,0.32301,0.296416,0.504246,0.05011,0.197373,0.302036,0.497377,0.401353,0.051304,0.007201,0.001365,0.001711,0.008518,0.001526,0.001789,0.000746,0.002444,1.7e-05,0.000385,0.00078,0.001998,0.001537,0.000127
3800,428,1228,800,800,0,0,0,17,2.786464,0.0,14679.454869,506.463572,2770.749964,2300.0,1925.7,3800,8,52,4742400.0,685696.9659,1726.2471,1374.138,11.4004,0.0,0.0,0.0,32,0.046729,252,176,0,0.588785,0.411215,0.0,1.558178,22,0.051402,0.000658,0.993113,0.495967,0.501104,1.007349,0.408348,0.323198,0.29623,0.505073,0.0501,0.19718,0.302528,0.497521,0.400747,0.05146,0.007201,0.001371,0.001733,0.008458,0.001572,0.001791,0.000753,0.002498,1.7e-05,0.000391,0.000812,0.002003,0.001555,0.000129
3820,430,1236,806,806,0,0,0,18,2.988282,0.0,14733.271738,505.146264,2771.865454,2300.0,1932.86,3820,8,52,4767360.0,690138.6325,1729.2171,1379.9244,11.4004,0.0,0.0,0.0,32,0.046512,254,176,0,0.590698,0.409302,0.0,1.556775,22,0.051163,0.0,0.992916,0.496106,0.501576,1.008081,0.40872,0.323861,0.295886,0.505081,0.050118,0.196931,0.302927,0.497441,0.40048,0.051741,0.007164,0.001389,0.001747,0.008573,0.001628,0.001964,0.000779,0.002508,1.7e-05,0.000401,0.000809,0.002042,0.001529,0.000139
3840,440,1247,807,807,0,0,0,18,2.703231,0.0,14754.73849,513.115131,2764.181638,2300.0,1908.28,3840,9,52,4792320.0,694609.9825,1732.1871,1389.2158,11.4004,0.0,0.0,0.0,32,0.045455,258,182,0,0.586364,0.413636,0.0,1.551727,22,0.05,0.0,0.991249,0.496032,0.502024,1.008141,0.408753,0.324996,0.295682,0.505269,0.05014,0.196749,0.302993,0.497163,0.400217,0.051699,0.00714,0.001409,0.001768,0.008742,0.001628,0.002204,0.000776,0.00252,1.8e-05,0.000414,0.000816,0.00205,0.001542,0.00014
3860,438,1250,812,812,0,0,0,18,2.980549,0.0,14784.3988,514.665064,2762.354387,2300.0,1923.49,3860,9,52,4817280.0,699104.2464,1735.1571,1396.8462,11.466,0.0,0.0,0.0,32,0.047945,257,181,0,0.586758,0.413242,0.0,1.550997,23,0.052511,0.0,0.989755,0.495905,0.502578,1.008842,0.408458,0.326745,0.295438,0.505398,0.050232,0.196415,0.302741,0.496469,0.400545,0.051931,0.007316,0.001421,0.001837,0.008909,0.001665,0.002507,0.000783,0.002509,1.9e-05,0.000441,0.000823,0.002066,0.001561,0.000146
3880,437,1254,817,817,0,0,0,16,3.715033,0.0,14831.994299,512.958337,2763.32663,2300.0,1932.45,3880,10,52,4842240.0,703618.1642,1738.1271,1400.8501,11.466,0.0,0.0,0.0,32,0.048055,256,181,0,0.585812,0.414188,0.0,1.549985,23,0.052632,0.0,0.989119,0.4956,0.502636,1.008975,0.408184,0.327633,0.295182,0.505478,0.050296,0.1961,0.302731,0.496321,0.400925,0.052063,0.007425,0.001459,0.00184,0.009031,0.001697,0.002763,0.000779,0.002487,2e-05,0.000465,0.000823,0.002078,0.001574,0.000155
3900,441,1261,820,820,0,0,0,17,4.821322,0.0,14889.026317,514.198744,2760.979934,2300.0,1925.15,3900,10,52,4867200.0,708151.8796,1741.0971,1405.7981,11.466,0.0,0.0,0.0,32,0.047619,260,181,0,0.589569,0.410431,0.0,1.552434,22,0.049887,0.0,0.987333,0.494841,0.503131,1.010522,0.407863,0.328906,0.295207,0.506206,0.050349,0.195758,0.302487,0.496335,0.400798,0.052281,0.00765,0.001461,0.001817,0.010366,0.001742,0.003037,0.000781,0.00247,2e-05,0.000476,0.000824,0.002066,0.001585,0.000157
3920,440,1269,829,829,0,0,0,21,6.581794,0.0,14943.221636,511.006296,2762.41191,2300.0,1931.6,3920,10,52,4892160.0,712696.4796,1744.0671,1412.9981,11.466,0.0,0.0,0.0,31,0.045455,262,178,0,0.595455,0.404545,0.0,1.556258,22,0.05,0.000154,0.98796,0.494196,0.502753,1.012616,0.407402,0.331063,0.295,0.505941,0.050435,0.195183,0.302861,0.496683,0.400806,0.052457,0.007806,0.001512,0.001841,0.011115,0.001778,0.003468,0.000795,0.002497,2.2e-05,0.00049,0.000819,0.002074,0.001602,0.000168
3940,438,1274,836,836,0,0,0,21,6.268949,0.0,15021.136286,510.457165,2763.273886,2300.0,1935.29,3940,10,52,4917120.0,717242.0624,1747.0371,1420.5348,11.6501,0.0,0.0,0.0,31,0.054795,263,175,0,0.600457,0.399543,0.0,1.556735,22,0.050228,0.0,0.986449,0.493241,0.50251,1.017464,0.406535,0.333483,0.294832,0.506681,0.05047,0.194594,0.302877,0.495685,0.401219,0.052829,0.00805,0.001554,0.001854,0.012343,0.001759,0.004082,0.000806,0.00253,2.2e-05,0.000526,0.000821,0.002085,0.001642,0.000183
3960,439,1280,841,841,0,0,0,20,4.251971,0.0,15121.079518,511.31206,2764.435969,2300.0,1940.13,3960,10,52,4942080.0,721795.5291,1750.0071,1426.8395,12.0203,0.0,0.0,0.0,31,0.056948,267,172,0,0.6082,0.3918,0.0,1.560592,22,0.050114,0.000162,0.987372,0.493222,0.502646,1.018481,0.406712,0.334119,0.294734,0.507077,0.05049,0.194632,0.303095,0.495825,0.401167,0.05298,0.008134,0.001574,0.001852,0.013042,0.001768,0.004078,0.000811,0.002576,2.2e-05,0.000533,0.000824,0.00212,0.001673,0.000193
3980,441,1286,845,845,0,0,0,22,4.282072,0.0,15230.185857,514.112419,2761.605509,2300.0,1946.97,3980,10,52,4967040.0,726376.7291,1752.9771,1433.777,12.1095,0.0,0.0,0.0,31,0.054422,266,175,0,0.603175,0.396825,0.0,1.555775,22,0.049887,0.0,0.988506,0.493436,0.501974,1.018449,0.406832,0.333198,0.294931,0.507051,0.050433,0.194698,0.303254,0.49599,0.401282,0.052847,0.00811,0.001592,0.001788,0.012978,0.001802,0.003716,0.00082,0.002592,2.1e-05,0.000509,0.000822,0.002123,0.001684,0.000194
4000,439,1293,854,854,0,0,0,26,5.220593,0.0,15340.812396,512.999016,2761.780391,2300.0,1964.16,4000,10,52,4992000.0,730957.7286,1755.9471,1441.8211,12.6778,0.0,0.0,0.0,31,0.050114,264,175,0,0.601367,0.398633,0.0,1.55773,23,0.052392,0.0,0.990258,0.494147,0.501439,1.016897,0.407242,0.332941,0.294903,0.506153,0.050456,0.194964,0.303689,0.496485,0.401238,0.052978,0.007746,0.00154,0.001774,0.012074,0.001765,0.003591,0.000835,0.002536,2.2e-05,0.000498,0.000822,0.002096,0.001738,0.000206
4020,442,1299,857,857,0,0,0,28,6.130628,0.0,15432.181479,516.22041,2757.648963,2300.0,1969.47,4020,10,52,5016960.0,735538.9286,1758.9171,1448.7406,12.6778,0.0,0.0,0.0,31,0.047511,265,177,0,0.599548,0.400452,0.0,1.555392,24,0.054299,0.000161,0.990465,0.494212,0.500594,1.016708,0.40722,0.332293,0.294943,0.505863,0.050361,0.195054,0.303568,0.496088,0.401958,0.052712,0.007814,0.001536,0.001742,0.011706,0.001756,0.00337,0.000829,0.002556,2.1e-05,0.000494,0.000828,0.002086,0.001775,0.0002
4040,443,1302,859,859,0,0,0,25,5.090734,0.0,15501.529449,521.077891,2753.831375,2300.0,1975.77,4040,10,52,5041920.0,740120.1286,1761.8871,1455.7863,12.6778,0.0,0.0,0.0,31,0.047404,265,178,0,0.598194,0.401806,0.0,1.553935,22,0.049661,0.0,0.990766,0.494133,0.500544,1.0163,0.407275,0.33206,0.294913,0.505895,0.05038,0.194977,0.303919,0.49642,0.401893,0.05265,0.007826,0.001532,0.001741,0.011615,0.001752,0.003355,0.000827,0.002544,2.1e-05,0.000493,0.000823,0.002097,0.001772,0.0002
4060,441,1309,868,868,0,0,0,23,4.528295,0.0,15578.53155,516.232007,2759.239698,2300.0,1977.44,4060,10,52,5066880.0,744701.3286,1764.8571,1461.9158,12.9427,0.0,0.0,0.0,32,0.047619,261,180,0,0.591837,0.408163,0.0,1.551156,21,0.047619,0.0,0.989601,0.494497,0.500199,1.015192,0.407145,0.33176,0.294858,0.504837,0.050388,0.195201,0.304028,0.496287,0.402197,0.052411,0.007865,0.001519,0.001756,0.011036,0.001746,0.003314,0.000837,0.002491,2.1e-05,0.000484,0.000833,0.002053,0.001763,0.000186
4080,443,1314,871,871,0,0,0,20,3.717886,0.0,15688.751409,519.561334,2756.72078,2300.0,1985.47,4080,10,52,5091840.0,749315.462,1767.8271,1468.9244,13.2096,0.0,0.0,0.0,32,0.049661,263,180,0,0.593679,0.406321,0.0,1.551588,22,0.049661,0.0,0.988789,0.494718,0.500611,1.015336,0.407072,0.33228,0.294817,0.504899,0.050428,0.195056,0.304172,0.49661,0.402149,0.052457,0.007801,0.00152,0.001788,0.011344,0.001812,0.003406,0.000844,0.002487,2.1e-05,0.00048,0.00086,0.002072,0.001762,0.000189
4100,446,1319,873,873,0,0,0,19,3.315096,0.0,15775.604145,522.639683,2754.04522,2300.0,1991.05,4100,10,52,5116800.0,753931.3286,1770.7971,1474.3731,13.2096,0.0,0.0,0.0,32,0.049327,267,179,0,0.598655,0.401345,0.0,1.554268,22,0.049327,0.0,0.988339,0.494566,0.500287,1.015313,0.407241,0.332186,0.294745,0.505039,0.050391,0.195344,0.304201,0.496564,0.402411,0.052389,0.00787,0.001522,0.001783,0.011382,0.00181,0.003398,0.000847,0.002481,2.1e-05,0.000483,0.000856,0.002107,0.001779,0.00019
4120,450,1326,876,876,0,0,0,19,3.172351,0.0,15837.115326,524.468291,2752.359358,2300.0,1991.82,4120,10,52,5141760.0,758547.1953,1773.7671,1479.8725,13.2162,0.0,0.0,0.0,32,0.048889,270,180,0,0.6,0.4,0.0,1.55403,22,0.048889,0.0,0.988079,0.494488,0.500357,1.014521,0.407435,0.331819,0.294953,0.505364,0.050342,0.19516,0.303884,0.496912,0.402471,0.052351,0.008077,0.001507,0.001795,0.011298,0.001792,0.003362,0.000841,0.00246,1.9e-05,0.000483,0.00086,0.002122,0.001783,0.000184
4140,450,1334,884,884,0,0,0,22,4.558461,0.0,15886.207111,523.437376,2752.004163,2300.0,2005.0,4140,11,52,5166720.0,763163.062,1776.7371,1487.648,13.2295,0.0,0.0,0.0,31,0.048889,273,177,0,0.606667,0.393333,0.0,1.560867,21,0.046667,0.000649,0.989493,0.494615,0.500885,1.015412,0.407492,0.33382,0.294249,0.505459,0.050399,0.194827,0.303637,0.496205,0.402849,0.052524,0.008076,0.00151,0.001834,0.012186,0.001894,0.003925,0.00091,0.002482,2e-05,0.0005,0.000829,0.002165,0.001858,0.000192
4160,453,1339,886,886,0,0,0,22,3.431247,0.0,15912.078578,530.510134,2746.058619,2300.0,2006.06,4160,11,52,5191680.0,767778.9286,1779.7071,1497.0571,13.2295,0.0,0.0,0.0,31,0.048565,275,178,0,0.607064,0.392936,0.0,1.558278,21,0.046358,0.0,0.989738,0.494466,0.500852,1.014654,0.407702,0.333717,0.294378,0.505614,0.050372,0.194965,0.303599,0.496275,0.402617,0.052453,0.008094,0.001534,0.001829,0.012185,0.001866,0.003892,0.000908,0.002465,2e-05,0.000497,0.000825,0.002169,0.001845,0.000192
4180,460,1350,890,890,0,0,0,24,4.825308,0.0,15875.804088,534.720484,2740.454208,2300.0,1975.47,4180,11,52,5216640.0,772394.7953,1782.6771,1506.1348,13.2466,0.0,0.0,0.0,31,0.047826,279,181,0,0.606522,0.393478,0.0,1.557645,21,0.045652,0.0,0.988253,0.494808,0.500438,1.015158,0.407423,0.333536,0.294387,0.505626,0.050324,0.195271,0.30347,0.495262,0.402931,0.05239,0.008386,0.001533,0.001882,0.0121,0.001787,0.003867,0.000906,0.00246,2e-05,0.000501,0.000825,0.002198,0.001864,0.000194
4200,457,1356,899,899,0,0,0,27,4.313222,0.0,15840.784292,532.955974,2742.730803,2300.0,1984.0,4200,11,52,5241600.0,777010.662,1785.6471,1515.4877,13.2849,0.0,0.0,0.0,31,0.045952,276,181,0,0.603939,0.396061,0.0,1.555923,21,0.045952,0.0,0.987658,0.494829,0.500661,1.014546,0.407369,0.333176,0.294593,0.505892,0.050236,0.195411,0.303586,0.494574,0.402609,0.052122,0.0083,0.00153,0.001862,0.011603,0.001742,0.003841,0.000859,0.002488,1.9e-05,0.0005,0.00082,0.002179,0.001833,0.000184
4220,464,1367,903,903,0,0,0,25,4.569745,0.0,15778.443389,537.728,2737.702254,2300.0,1971.75,4220,11,52,5266560.0,781626.5286,1788.6171,1524.6945,13.3695,0.0,0.0,0.0,31,0.051724,281,183,0,0.605603,0.394397,0.0,1.558599,21,0.045259,0.000155,0.987519,0.49446,0.50042,1.01413,0.406611,0.335209,0.294411,0.506589,0.050292,0.195114,0.303491,0.494375,0.401585,0.052764,0.008313,0.001588,0.001863,0.011684,0.001778,0.004323,0.000881,0.002592,2e-05,0.000514,0.000816,0.00219,0.001879,0.000216
4240,464,1373,909,909,0,0,0,26,5.720464,0.0,15662.561891,540.745587,2733.533949,2300.0,1969.74,4240,11,52,5291520.0,786242.3953,1791.5871,1534.9428,13.6332,0.0,0.0,0.0,31,0.049569,279,185,0,0.601293,0.398707,0.0,1.556545,21,0.045259,0.0,0.987409,0.49449,0.500616,1.014288,0.40702,0.334259,0.294588,0.506764,0.050252,0.195306,0.303479,0.494619,0.401621,0.052666,0.008319,0.001595,0.001871,0.011272,0.001799,0.004105,0.000875,0.00261,2e-05,0.000518,0.000815,0.002198,0.001873,0.000213
4260,455,1376,921,921,0,0,0,30,7.719579,0.0,15618.507072,533.960488,2738.319934,2300.0,2008.91,4260,11,52,5316480.0,790880.7953,1794.5571,1542.948,13.6332,0.0,0.0,0.0,31,0.050549,275,180,0,0.604396,0.395604,0.0,1.560381,21,0.046154,0.000144,0.986944,0.494478,0.501086,1.014244,0.407135,0.334946,0.294272,0.50678,0.050281,0.195291,0.303328,0.494624,0.401471,0.052714,0.008357,0.001603,0.001924,0.011226,0.001856,0.00417,0.000881,0.00261,2e-05,0.000521,0.000835,0.002199,0.001904,0.000216
4280,458,1380,922,922,0,0,0,28,5.053672,0.0,15614.668689,537.208402,2737.737925,2300.0,2015.18,4280,11,52,5341440.0,795531.3286,1797.5271,1547.4162,13.6332,0.0,0.0,0.0,31,0.050218,278,180,0,0.606987,0.393013,0.0,1.560757,21,0.045852,0.0,0.98653,0.494237,0.501005,1.013864,0.4067,0.335179,0.294652,0.507599,0.050266,0.195338,0.302934,0.494969,0.40081,0.052699,0.008787,0.001605,0.001921,0.011199,0.001833,0.004129,0.000911,0.002694,2e-05,0.000518,0.000848,0.002203,0.001969,0.000215
4300,457,1384,927,927,0,0,0,28,5.177585,0.0,15600.846707,535.890391,2738.932024,2300.0,2029.5,4300,11,52,5366400.0,800184.8086,1800.4971,1552.0668,13.6332,0.0,0.0,0.0,31,0.04814,276,181,0,0.603939,0.396061,0.0,1.558388,21,0.045952,0.0,0.985932,0.493801,0.501543,1.013943,0.406692,0.335239,0.294569,0.507812,0.050243,0.195529,0.302982,0.494885,0.400887,0.052666,0.008929,0.001594,0.00196,0.01087,0.001812,0.004088,0.000906,0.002712,2e-05,0.000508,0.00084,0.002189,0.001971,0.000209
4320,459,1389,930,930,0,0,0,28,4.821006,0.0,15613.497291,537.099389,2738.079605,2300.0,2033.15,4320,11,52,5391360.0,804865.2853,1803.4671,1557.1224,13.6604,0.0,0.0,0.0,31,0.045752,275,184,0,0.599129,0.400871,0.0,1.554524,21,0.045752,0.0,0.98655,0.494168,0.502123,1.012732,0.406736,0.334796,0.29485,0.508245,0.050152,0.195827,0.302848,0.495524,0.400796,0.052532,0.009285,0.001601,0.001988,0.010564,0.00176,0.00395,0.000908,0.002732,2e-05,0.000497,0.000846,0.002172,0.001988,0.000197
4340,459,1397,938,938,0,0,0,30,4.761229,0.0,15645.510667,535.275598,2739.963172,2300.0,2044.26,4340,11,52,5416320.0,809564.352,1806.4371,1564.0217,13.7052,0.0,0.0,0.0,31,0.04793,274,185,0,0.59695,0.40305,0.0,1.55443,21,0.045752,0.000137,0.988649,0.493867,0.502739,1.013846,0.406174,0.334309,0.294651,0.508047,0.050199,0.195812,0.302858,0.496113,0.400921,0.052594,0.009335,0.001591,0.002033,0.010669,0.001775,0.0039,0.000903,0.002679,2e-05,0.000492,0.000843,0.002173,0.00198,0.000199
4360,457,1402,945,945,0,0,0,34,6.904803,0.0,15673.544596,534.248317,2738.84688,2300.0,2064.48,4360,11,52,5441280.0,814263.4186,1809.4071,1571.3382,13.7712,0.0,0.0,0.0,31,0.050328,274,183,0,0.599562,0.400438,0.0,1.554406,20,0.043764,0.000602,0.988885,0.493815,0.503212,1.015306,0.4064,0.334075,0.295081,0.507984,0.050207,0.195977,0.302912,0.496297,0.401388,0.052628,0.009392,0.001577,0.00205,0.010612,0.001779,0.003904,0.000907,0.002524,2e-05,0.000486,0.000841,0.002155,0.001997,0.000199
4380,464,1412,948,948,0,0,0,34,5.988343,0.0,15685.503058,539.822752,2734.188905,2300.0,2051.67,4380,11,52,5466240.0,818963.9586,1812.3771,1580.3325,14.0285,0.0,0.0,0.0,31,0.047414,277,187,0,0.596983,0.403017,0.0,1.550941,20,0.043103,0.0,0.989322,0.494045,0.503089,1.01572,0.406871,0.333344,0.29521,0.508256,0.050143,0.195958,0.303079,0.495759,0.401326,0.052384,0.009281,0.0016,0.002049,0.010492,0.001777,0.003769,0.000887,0.002526,1.9e-05,0.000485,0.000852,0.002202,0.001961,0.00019
4400,463,1414,951,951,0,0,0,34,6.273088,0.0,15663.571853,545.485289,2728.241623,2300.0,2074.98,4400,11,52,5491200.0,823677.7586,1815.3471,1589.0984,14.0285,0.0,0.0,0.0,31,0.047516,277,186,0,0.598272,0.401728,0.0,1.553823,20,0.043197,0.000146,0.990502,0.493828,0.502578,1.016118,0.407351,0.333336,0.295387,0.507773,0.050153,0.195927,0.303186,0.496055,0.401823,0.052361,0.009138,0.001601,0.002052,0.010473,0.001777,0.003783,0.0009,0.00248,1.9e-05,0.000487,0.00085,0.002193,0.001928,0.000191
4420,463,1420,957,957,0,0,0,34,5.842236,0.0,15627.61014,544.89222,2729.265544,2300.0,2084.81,4420,11,52,5516160.0,828391.5586,1818.3171,1594.8021,14.0833,0.0,0.0,0.0,31,0.045356,277,186,0,0.598272,0.401728,0.0,1.551389,20,0.043197,0.0,0.991982,0.494409,0.502106,1.016345,0.407697,0.333155,0.295147,0.50726,0.050199,0.196026,0.30295,0.49661,0.40122,0.052278,0.009031,0.001563,0.002089,0.010368,0.001813,0.003723,0.000934,0.002523,2e-05,0.000475,0.000861,0.002198,0.00192,0.000189
4440,461,1422,961,961,0,0,0,30,4.796883,0.0,15617.006255,544.504564,2730.698553,2300.0,2107.16,4440,11,52,5541120.0,833105.3586,1821.2871,1599.0294,14.1541,0.0,0.0,0.0,31,0.045553,276,185,0,0.598698,0.401302,0.0,1.551634,20,0.043384,0.000151,0.993023,0.494903,0.502075,1.015866,0.407703,0.333593,0.295325,0.507194,0.050224,0.196075,0.303283,0.495979,0.401804,0.052264,0.009253,0.001548,0.002099,0.010441,0.001825,0.003716,0.000933,0.002521,2e-05,0.000479,0.000867,0.002173,0.001996,0.00019
4460,464,1429,965,965,0,0,0,28,5.070872,0.0,15593.74888,545.437932,2729.491196,2300.0,2097.37,4460,11,52,5566080.0,837819.1586,1824.2571,1604.8261,14.1541,0.0,0.0,0.0,31,0.045259,278,186,0,0.599138,0.400862,0.0,1.553276,21,0.045259,0.0,0.99403,0.495303,0.50158,1.014814,0.407493,0.334015,0.29526,0.50703,0.050231,0.196278,0.30346,0.495759,0.402192,0.052382,0.009304,0.001587,0.002085,0.010458,0.001825,0.003754,0.000931,0.002507,2e-05,0.000486,0.000869,0.002174,0.002005,0.000191
4480,463,1433,970,970,0,0,0,30,5.713783,0.0,15544.009485,547.192247,2727.09397,2300.0,2102.47,4480,11,52,5591040.0,842532.9586,1827.2271,1612.4248,14.1541,0.0,0.0,0.0,31,0.045356,278,185,0,0.600432,0.399568,0.0,1.555601,21,0.045356,0.0,0.994692,0.494988,0.501638,1.01358,0.407885,0.334855,0.295047,0.507096,0.050208,0.196256,0.303617,0.495704,0.402264,0.052323,0.009282,0.001592,0.002081,0.010369,0.001812,0.003778,0.000934,0.002504,2e-05,0.00049,0.000868,0.002172,0.002007,0.00019
4500,461,1438,977,977,0,0,0,29,6.81585,0.0,15497.67597,545.914716,2727.269434,2300.0,2111.51,4500,11,52,5616000.0,847246.7586,1830.1971,1619.2504,14.1541,0.0,0.0,0.0,31,0.045553,275,186,0,0.596529,0.403471,0.0,1.556052,20,0.043384,0.0,0.995798,0.494965,0.501162,1.012466,0.407658,0.335438,0.295612,0.506975,0.050242,0.196483,0.303324,0.495927,0.402825,0.052248,0.009259,0.001583,0.002049,0.010414,0.001794,0.003812,0.000933,0.002536,2e-05,0.000486,0.000851,0.002155,0.001971,0.000185
4520,464,1446,982,982,0,0,0,28,5.839108,0.0,15469.324783,545.917472,2728.243419,2300.0,2098.48,4520,11,52,5640960.0,851969.2253,1833.1671,1625.0016,14.383,0.0,0.0,0.0,31,0.045259,274,190,0,0.590517,0.409483,0.0,1.551221,20,0.043103,0.0,0.996087,0.494942,0.501938,1.012822,0.407607,0.335307,0.29556,0.507735,0.050272,0.196417,0.303146,0.496329,0.402542,0.052221,0.009344,0.00159,0.002032,0.010352,0.00178,0.003802,0.000926,0.002547,2e-05,0.000484,0.000861,0.002173,0.001948,0.000185
4540,468,1453,985,985,0,0,0,27,5.405513,0.0,15444.403598,550.588539,2724.005948,2300.0,2098.4,4540,11,52,5665920.0,856724.6253,1836.1371,1633.0851,14.689,0.0,0.0,0.0,31,0.044872,276,192,0,0.589744,0.410256,0.0,1.550185,21,0.044872,0.0,0.99684,0.494848,0.502073,1.012546,0.407704,0.335668,0.295379,0.507422,0.050329,0.19659,0.303244,0.496936,0.402476,0.05215,0.009424,0.001588,0.002034,0.010219,0.001783,0.003795,0.000921,0.002573,2e-05,0.000492,0.000866,0.002191,0.00198,0.000183
4560,471,1462,991,991,0,0,0,29,6.523276,0.0,15418.137215,553.47513,2720.001594,2300.0,2093.07,4560,11,52,5690880.0,861526.8253,1839.1071,1642.8715,14.8256,0.0,0.0,0.0,31,0.044586,280,191,0,0.59448,0.40552,0.0,1.55126,21,0.044586,0.000302,0.99774,0.495395,0.501759,1.012369,0.407807,0.336553,0.295259,0.507446,0.0503,0.196743,0.303129,0.496718,0.402709,0.052044,0.009756,0.001598,0.001989,0.010102,0.001804,0.003827,0.000917,0.002622,2.1e-05,0.000498,0.000881,0.002177,0.002008,0.000183
4580,472,1472,1000,1000,0,0,0,29,6.271171,0.0,15421.830394,550.831686,2722.897143,2300.0,2098.52,4580,11,52,5715840.0,866344.3714,1842.0771,1651.527,14.9393,0.0,0.0,0.0,31,0.04661,283,189,0,0.599576,0.400424,0.0,1.5544,21,0.044492,0.000633,0.997891,0.494834,0.502244,1.013712,0.407579,0.338486,0.294832,0.508216,0.050294,0.196871,0.303372,0.49684,0.402929,0.052411,0.009904,0.001643,0.00208,0.010669,0.001855,0.004087,0.000943,0.002658,2.1e-05,0.000505,0.000875,0.002245,0.002068,0.00019
4600,478,1479,1001,1001,0,0,0,26,4.507593,0.0,15397.310864,560.505421,2714.986986,2300.0,2091.6,4600,11,52,5740800.0,871174.3048,1845.0471,1662.5061,14.9393,0.0,0.0,0.0,31,0.046025,286,192,0,0.598326,0.401674,0.0,1.554017,21,0.043933,0.0,0.997488,0.495327,0.502549,1.014338,0.407658,0.338693,0.29465,0.508561,0.050319,0.196793,0.303228,0.496751,0.402715,0.052331,0.009874,0.001658,0.002105,0.010649,0.00185,0.00406,0.000941,0.002656,2.1e-05,0.000501,0.000894,0.002279,0.002073,0.000188
4620,472,1482,1010,1010,0,0,0,29,5.877583,0.0,15366.796786,559.27369,2714.848728,2300.0,2123.6,4620,11,52,5765760.0,876026.7714,1848.0171,1672.1244,14.9393,0.0,0.0,0.0,31,0.04661,285,187,0,0.603814,0.396186,0.0,1.558439,23,0.048729,9.9e-05,0.996688,0.495522,0.502928,1.01334,0.407474,0.339068,0.294517,0.508915,0.050318,0.196847,0.303067,0.496705,0.402862,0.052478,0.010028,0.001667,0.002103,0.010723,0.001849,0.0041,0.000951,0.002612,2.2e-05,0.000501,0.00087,0.00231,0.002081,0.000188
4640,473,1488,1015,1015,0,0,0,26,5.367485,0.0,15355.805626,559.789259,2714.843257,2300.0,2125.69,4640,11,52,5790720.0,880879.2381,1850.9871,1677.9255,15.3637,0.0,0.0,0.0,31,0.044397,289,184,0,0.610994,0.389006,0.0,1.561466,23,0.048626,0.0,0.996983,0.49592,0.503769,1.012545,0.408366,0.339392,0.294518,0.508469,0.050298,0.197017,0.303504,0.497016,0.40242,0.052473,0.010003,0.001659,0.002184,0.010415,0.001847,0.004065,0.000955,0.002587,2.2e-05,0.000487,0.000876,0.002302,0.002081,0.000185
4660,475,1495,1020,1020,0,0,0,28,5.924041,0.0,15333.765759,559.375519,2714.70044,2300.0,2124.93,4660,11,52,5815680.0,885731.5361,1853.9571,1683.9546,15.3637,0.0,0.0,0.0,31,0.044211,291,184,0,0.612632,0.387368,0.0,1.565839,23,0.048421,0.000425,0.996447,0.495585,0.503473,1.012899,0.408535,0.340135,0.29446,0.508457,0.050356,0.196581,0.303642,0.496526,0.401948,0.052521,0.010084,0.00171,0.002208,0.01038,0.001843,0.004301,0.000959,0.002692,2.3e-05,0.000495,0.000876,0.002333,0.002024,0.000194
4680,475,1500,1025,1025,0,0,0,27,4.429227,0.0,15315.687855,559.41988,2716.150893,2300.0,2138.89,4680,11,52,5840640.0,890583.2769,1856.9271,1689.8706,15.3637,0.0,0.0,0.0,31,0.044211,289,186,0,0.608421,0.391579,0.0,1.56146,23,0.048421,0.00015,0.996658,0.495634,0.503049,1.013242,0.408445,0.340272,0.294178,0.508566,0.050381,0.196407,0.303599,0.496653,0.401555,0.052557,0.009919,0.00171,0.002211,0.010377,0.001841,0.004312,0.000958,0.002708,2.3e-05,0.000493,0.000887,0.002322,0.001958,0.000194
4700,474,1504,1030,1030,0,0,0,26,6.181179,0.0,15288.976091,560.567507,2713.251314,2300.0,2156.69,4700,11,52,5865600.0,895435.7436,1859.8971,1696.7308,15.527,0.0,0.0,0.0,31,0.044304,288,186,0,0.607595,0.392405,0.0,1.559634,22,0.046414,0.0,0.99652,0.495886,0.503529,1.014299,0.408345,0.340336,0.294235,0.507987,0.050448,0.196506,0.303693,0.496788,0.400853,0.052636,0.010072,0.001698,0.00222,0.01048,0.001854,0.004282,0.000953,0.002693,2.3e-05,0.000491,0.000885,0.002293,0.00196,0.000194
4720,473,1509,1036,1036,0,0,0,26,4.616958,0.0,15271.745107,559.685843,2715.697198,2300.0,2173.0,4720,11,52,5890560.0,900288.2103,1862.8671,1702.8849,15.6712,0.0,0.0,0.0,31,0.044397,289,184,0,0.610994,0.389006,0.0,1.563298,22,0.046512,0.0,0.996782,0.495289,0.504051,1.014294,0.408853,0.340565,0.294283,0.508048,0.050504,0.196506,0.303588,0.496572,0.40084,0.052519,0.010337,0.001678,0.002255,0.010556,0.001863,0.004298,0.000948,0.002675,2.3e-05,0.00049,0.0009,0.002324,0.001968,0.000194
4740,472,1512,1040,1040,0,0,0,26,4.337092,0.0,15261.528162,560.336556,2715.326352,2300.0,2185.74,4740,11,52,5915520.0,905140.6769,1865.8371,1707.9917,15.8396,0.0,0.0,0.0,31,0.044492,288,184,0,0.610169,0.389831,0.0,1.563305,22,0.04661,0.0,0.99703,0.495251,0.503382,1.014615,0.40879,0.340245,0.294332,0.507546,0.050498,0.19659,0.303522,0.496553,0.401013,0.05247,0.010334,0.001686,0.002209,0.010614,0.001861,0.004267,0.000955,0.002653,2.3e-05,0.00049,0.000907,0.00233,0.001952,0.000195
4760,465,1515,1050,1050,0,0,0,31,6.294776,0.0,15292.619037,552.25615,2721.449074,2300.0,2206.08,4760,11,52,5940480.0,909993.1436,1868.8071,1711.781,15.9122,0.0,0.0,0.0,31,0.045161,284,181,0,0.610753,0.389247,0.0,1.561398,22,0.047312,0.000142,0.997847,0.49512,0.5033,1.014276,0.408346,0.340236,0.294302,0.507026,0.050495,0.19659,0.303114,0.496581,0.400946,0.052498,0.010523,0.001693,0.002192,0.01065,0.00186,0.004243,0.000954,0.002627,2.3e-05,0.000484,0.000901,0.00235,0.001976,0.000195
4780,470,1523,1053,1053,0,0,0,26,3.936125,0.0,15322.675264,556.048845,2720.01503,2300.0,2186.13,4780,11,52,5965440.0,914845.6103,1871.7771,1718.6923,16.0532,0.0,0.0,0.0,32,0.044681,284,186,0,0.604255,0.395745,0.0,1.55539,21,0.044681,0.0,0.998996,0.495303,0.503315,1.01306,0.408673,0.339972,0.294747,0.507474,0.050441,0.196716,0.30319,0.496735,0.401382,0.052351,0.010497,0.001704,0.002227,0.01054,0.001825,0.004167,0.000953,0.00261,2.3e-05,0.000485,0.000929,0.002343,0.001974,0.000191
4800,470,1528,1058,1058,0,0,0,26,3.796054,0.0,15346.119469,556.304665,2719.899281,2300.0,2179.49,4800,12,52,5990400.0,919698.0769,1874.7471,1725.0679,16.0532,0.0,0.0,0.0,31,0.044681,284,186,0,0.604255,0.395745,0.0,1.556865,20,0.042553,0.000134,0.99841,0.494944,0.503667,1.013696,0.408473,0.342324,0.29437,0.507855,0.050491,0.196409,0.303321,0.496901,0.400461,0.052441,0.010343,0.001716,0.002295,0.010581,0.001892,0.004981,0.000997,0.00262,2.3e-05,0.000495,0.000919,0.002346,0.001963,0.000195
4820,465,1532,1067,1067,0,0,0,29,5.959335,0.0,15375.874045,552.43819,2721.602475,2300.0,2208.61,4820,12,52,6015360.0,924550.5436,1877.7171,1732.1075,16.0532,0.0,0.0,0.0,31,0.045161,279,186,0,0.6,0.4,0.0,1.553104,18,0.03871,0.0,0.997876,0.494564,0.503134,1.014,0.408541,0.342208,0.294247,0.507734,0.050413,0.19623,0.303505,0.496678,0.40092,0.052487,0.010264,0.001727,0.002248,0.010537,0.001887,0.005037,0.001,0.002652,2.3e-05,0.000495,0.0009,0.002343,0.001963,0.000197
4840,471,1539,1068,1068,0,0,0,25,3.837228,0.0,15422.123565,556.331233,2719.831539,2300.0,2199.92,4840,12,52,6040320.0,929411.8069,1880.6871,1737.149,16.2069,0.0,0.0,0.0,31,0.044586,279,192,0,0.592357,0.407643,0.0,1.548592,18,0.038217,0.0,0.997849,0.494534,0.503166,1.013544,0.408033,0.342022,0.293978,0.507901,0.050385,0.196127,0.303235,0.49649,0.400993,0.052351,0.01026,0.001732,0.002281,0.010521,0.00189,0.004996,0.001005,0.002636,2.3e-05,0.000491,0.000899,0.002385,0.001951,0.000197
4860,473,1544,1071,1071,0,0,0,24,3.796129,0.0,15445.008887,559.700235,2716.503636,2300.0,2205.84,4860,12,52,6065280.0,934289.4069,1883.6571,1743.923,16.3725,0.0,0.0,0.0,31,0.046512,281,192,0,0.59408,0.40592,0.0,1.550106,18,0.038055,0.0,0.997471,0.494428,0.502872,1.013102,0.407714,0.342681,0.294017,0.508083,0.050409,0.196008,0.303302,0.496274,0.401266,0.052558,0.010266,0.001776,0.002344,0.01059,0.001923,0.005239,0.001016,0.002646,2.3e-05,0.000487,0.000904,0.002402,0.001944,0.000202
4880,474,1550,1076,1076,0,0,0,27,5.620768,0.0,15459.976277,558.906073,2715.473158,2300.0,2215.6,4880,12,52,6090240.0,939167.0069,1886.6271,1749.1175,16.4252,0.0,0.0,0.0,31,0.046414,280,194,0,0.590717,0.409283,0.0,1.549944,18,0.037975,0.0,0.996394,0.494868,0.502888,1.012511,0.407802,0.342957,0.293962,0.507907,0.050367,0.195936,0.303376,0.495287,0.401513,0.052599,0.010479,0.001799,0.002362,0.010654,0.001967,0.005249,0.001018,0.002654,2.4e-05,0.000487,0.000925,0.002397,0.00194,0.000202
4900,469,1555,1086,1086,0,0,0,29,7.961795,0.0,15493.61802,552.612326,2719.425879,2300.0,2247.76,4900,12,52,6115200.0,944046.3403,1889.5971,1755.0178,16.4515,0.0,0.0,0.0,31,0.046908,279,190,0,0.594883,0.405117,0.0,1.552054,19,0.040512,0.000144,0.996045,0.494787,0.503578,1.012497,0.407681,0.343529,0.293899,0.507767,0.050364,0.195825,0.302858,0.495548,0.401187,0.052726,0.010374,0.00179,0.002419,0.01083,0.001989,0.005298,0.001025,0.002632,2.3e-05,0.000483,0.000935,0.002376,0.001922,0.000203
4920,472,1565,1093,1093,0,0,0,27,5.36083,0.0,15601.177098,552.840745,2721.798425,2300.0,2245.05,4920,12,52,6140160.0,948970.7403,1892.5671,1763.6854,16.482,0.0,0.0,0.0,31,0.042373,281,191,0,0.595339,0.404661,0.0,1.554767,19,0.040254,0.000466,0.997003,0.495537,0.502749,1.011932,0.408485,0.343849,0.293897,0.506635,0.050306,0.195956,0.30298,0.495828,0.402182,0.052561,0.010243,0.001788,0.002402,0.010805,0.002009,0.005118,0.001023,0.002724,2.4e-05,0.00048,0.000935,0.002393,0.001953,0.00019
4940,471,1569,1098,1098,0,0,0,26,5.32601,0.0,15740.268148,555.098523,2719.575466,2300.0,2256.24,4940,12,52,6165120.0,953933.1523,1895.5371,1771.8211,16.482,0.0,0.0,0.0,43,0.044586,282,189,0,0.598726,0.401274,0.0,1.556596,19,0.04034,0.0,0.997342,0.495114,0.503331,1.0112,0.408938,0.34437,0.293664,0.507638,0.050313,0.195856,0.302851,0.49588,0.402421,0.05256,0.01027,0.001792,0.002488,0.01081,0.002007,0.005175,0.001012,0.002749,2.4e-05,0.000489,0.000947,0.002391,0.001953,0.000191
4960,471,1572,1101,1101,0,0,0,26,4.984472,0.0,15881.010641,558.310891,2716.704637,2300.0,2260.49,4960,12,52,6190080.0,958914.7523,1898.5071,1778.7188,16.482,0.0,0.0,0.0,69,0.046709,283,188,0,0.600849,0.399151,0.0,1.556872,19,0.04034,0.0,0.996504,0.495028,0.503486,1.010906,0.408975,0.344403,0.293586,0.50779,0.050311,0.195814,0.302834,0.495909,0.402237,0.052518,0.010336,0.00181,0.00249,0.010799,0.002007,0.005199,0.001012,0.002727,2.4e-05,0.000492,0.000952,0.002391,0.00196,0.000189
4980,478,1582,1104,1104,0,0,0,26,4.714418,0.0,15993.643865,560.207504,2715.078078,2300.0,2236.15,4980,12,52,6215040.0,963896.3523,1901.4771,1784.241,16.7177,0.0,0.0,0.0,43,0.043933,289,189,0,0.604603,0.395397,0.0,1.559547,19,0.039749,0.000119,0.996449,0.494813,0.504107,1.010426,0.409457,0.344099,0.293816,0.507334,0.050303,0.19579,0.302516,0.495988,0.401955,0.052698,0.010529,0.001842,0.002499,0.010859,0.00206,0.005173,0.001002,0.002768,2.4e-05,0.000498,0.000958,0.002398,0.001972,0.00019
5000,480,1586,1106,1106,0,0,0,26,4.27551,0.0,16082.265536,564.850209,2710.874281,2300.0,2245.49,5000,12,52,6240000.0,968877.9523,1904.4471,1791.3692,16.7177,0.0,0.0,0.0,32,0.04375,292,188,0,0.608333,0.391667,0.0,1.562889,20,0.041667,0.000129,0.996638,0.495198,0.504421,1.01011,0.409383,0.343959,0.294085,0.507439,0.050298,0.195762,0.302311,0.496123,0.401797,0.05263,0.010684,0.001822,0.002459,0.010836,0.002058,0.00516,0.000983,0.002777,2.4e-05,0.000501,0.000968,0.002386,0.001986,0.000187
