tick,population,births_cum,deaths_cum,deaths_starvation,deaths_damage,deaths_predation,deaths_disaster,corpse_count,corpse_matter,corpse_energy,total_energy,total_biomass,nutrient_total,chemical_total,mean_age,max_age,max_generation,n_lineages,light_supply_cum,flow_light_cum,flow_chemical_cum,flow_nutrient_cum,flow_corpse_matter_cum,flow_corpse_energy_cum,flow_predation_energy_cum,flow_predation_matter_cum,top_lineage_id,top_lineage_frac,mean_body_size,mean_membrane_strength,mean_movement_power,mean_movement_efficiency,mean_sensory_range,mean_light_absorption,mean_chemical_absorption,mean_nutrient_absorption,mean_predation_efficiency,mean_corpse_digestion,mean_repair_rate,mean_damage_resistance,mean_reproduction_investment,mean_mutation_rate,var_body_size,var_membrane_strength,var_movement_power,var_movement_efficiency,var_sensory_range,var_light_absorption,var_chemical_absorption,var_nutrient_absorption,var_predation_efficiency,var_corpse_digestion,var_repair_rate,var_damage_resistance,var_reproduction_investment,var_mutation_rate
20,194,194,0,0,0,0,0,0,0,0,5687.482513,130.610979,3149.389021,1898.407387,19.47,20,1,100,24960.0,1999.254,6.1229,50.611,0.0,0.0,0.0,0.0,0,0.010309,1.002934,0.498671,0.500121,1.003468,0.402108,0.300211,0.299921,0.499905,0.050232,0.20002,0.300242,0.499482,0.401543,0.050269,0.001694,0.000407,0.000302,0.001707,0.000239,0.00013,0.000165,0.000351,4e-06,7.1e-05,0.000167,0.000386,0.000232,1.6e-05
40,197,197,0,0,0,0,0,0,0,0,6089.828924,190.841362,3089.158638,2285.381812,38.87,40,2,100,49920.0,4027.554,15.9888,110.8414,0.0,0.0,0.0,0.0,29,0.015228,1.002093,0.498517,0.500428,1.003179,0.402199,0.300277,0.299951,0.49995,0.050256,0.200139,0.300092,0.499648,0.401518,0.050174,0.001718,0.000404,0.000315,0.001696,0.000241,0.00013,0.000174,0.000349,4e-06,7.2e-05,0.000175,0.000396,0.00023,1.7e-05
60,202,202,0,0,0,0,0,0,0,0,6211.047379,231.03957,3048.96043,2467.545914,57.83,60,2,100,74880.0,6090.432,28.8537,151.0396,0.0,0.0,0.0,0.0,11,0.014851,1.002118,0.498519,0.49998,1.00424,0.402401,0.300723,0.299698,0.500359,0.050235,0.200232,0.300524,0.499852,0.400852,0.050207,0.001788,0.000403,0.000324,0.001891,0.000272,0.000139,0.000176,0.000401,4e-06,7.5e-05,0.000182,0.000424,0.000266,1.7e-05
80,205,207,2,2,0,0,0,1,1.041783,0.0,6248.350088,238.350009,3040.608208,2539.160088,76.12,80,2,100,99840.0,8188.518,44.5958,160.7174,0.0,0.0,0.0,0.0,11,0.019512,1.003347,0.49854,0.49983,1.005036,0.402211,0.300824,0.299582,0.500185,0.050219,0.20031,0.300082,0.500095,0.401079,0.050108,0.001859,0.000412,0.000324,0.001866,0.000271,0.000137,0.000173,0.000395,4e-06,7.4e-05,0.000186,0.00043,0.000265,1.7e-05
100,201,215,14,14,0,0,0,5,3.495946,0.0,6357.247766,232.531769,3043.972285,2564.339676,92.61,100,3,99,124800.0,10351.9395,62.6476,169.3244,0.0,0.0,0.0,0.0,11,0.024876,1.003259,0.498106,0.499638,1.005867,0.401954,0.300921,0.29975,0.500405,0.050267,0.200411,0.300673,0.500155,0.400527,0.050056,0.001895,0.000398,0.000321,0.002046,0.000306,0.000139,0.000155,0.000402,5e-06,8e-05,0.000188,0.000504,0.000279,1.6e-05
120,202,225,23,23,0,0,0,5,1.359517,0.0,6520.621311,231.768992,3046.871491,2570.502738,107.23,120,3,99,149760.0,12542.598,84.505,179.345,0.0,0.0,0.0,0.0,11,0.034653,1.003651,0.49805,0.499266,1.005403,0.401795,0.300846,0.299349,0.501242,0.050255,0.200722,0.301097,0.500522,0.400731,0.049934,0.001933,0.000389,0.000329,0.002068,0.000307,0.000156,0.00014,0.000432,5e-06,8.4e-05,0.000198,0.000531,0.000272,1.4e-05
140,204,232,28,28,0,0,0,4,1.782387,0.0,6714.814955,236.417069,3041.800545,2570.157778,122.9,140,3,98,174720.0,14770.3995,108.763,189.7687,0.0,0.0,0.0,0.0,11,0.034314,1.005107,0.498149,0.499073,1.00516,0.402249,0.301345,0.299748,0.500864,0.050113,0.201058,0.301952,0.501594,0.400207,0.049817,0.001997,0.00039,0.00036,0.002054,0.000331,0.000167,0.000144,0.000422,5e-06,8.8e-05,0.000208,0.000558,0.000305,1.4e-05
160,201,239,38,38,0,0,0,10,6.702312,0.0,6917.702724,234.252077,3039.045612,2567.419465,137.49,160,3,95,199680.0,17014.7595,135.1186,199.7751,0.0,0.0,0.0,0.0,11,0.034826,1.006281,0.498481,0.498802,1.005541,0.401706,0.301482,0.299694,0.501552,0.050053,0.201359,0.301571,0.501459,0.400282,0.049819,0.002136,0.000448,0.000382,0.002061,0.000334,0.000177,0.000148,0.000437,5e-06,8.9e-05,0.000214,0.000592,0.00033,1.5e-05
180,209,247,38,38,0,0,0,6,4.213614,0.0,7105.519874,241.505584,3034.280802,2564.073399,151.7,180,3,95,224640.0,19257.3195,163.0098,207.0286,0.0,0.0,0.0,0.0,11,0.038278,1.005272,0.497794,0.498504,1.005733,0.401791,0.300991,0.299932,0.501486,0.050078,0.201484,0.301568,0.501222,0.400504,0.049684,0.002254,0.000461,0.000374,0.002045,0.000334,0.000193,0.000158,0.000427,5e-06,9.3e-05,0.000248,0.000582,0.000387,1.6e-05
200,208,249,41,41,0,0,0,8,7.190479,0.0,7260.851458,245.360598,3027.448923,2557.809908,169.67,200,3,92,249600.0,21506.571,195.3149,214.4353,0.0,0.0,0.0,0.0,11,0.038462,1.006146,0.497395,0.498673,1.005823,0.401804,0.301324,0.299728,0.501388,0.050102,0.201451,0.301787,0.501402,0.400465,0.049656,0.002322,0.000469,0.000383,0.002143,0.000347,0.000202,0.000161,0.000432,5e-06,9.4e-05,0.000254,0.000593,0.000401,1.6e-05
220,211,254,43,43,0,0,0,10,7.710283,0.0,7378.079136,248.562891,3023.726826,2549.65735,185.04,220,3,90,274560.0,23732.148,232.1881,220.0306,0.0,0.0,0.0,0.0,11,0.042654,1.007203,0.497439,0.498733,1.005876,0.401917,0.301443,0.299672,0.501666,0.050142,0.201349,0.301369,0.500978,0.400346,0.049718,0.00242,0.000477,0.000408,0.002196,0.00035,0.000199,0.000165,0.000438,5e-06,9.9e-05,0.000257,0.000607,0.000402,1.8e-05
240,216,261,45,45,0,0,0,11,8.043704,0.0,7459.943424,253.328492,3018.627804,2539.547743,198.44,240,3,89,299520.0,25959.8715,271.7618,227.1615,0.0,0.0,0.0,0.0,11,0.041667,1.007765,0.497291,0.498514,1.005315,0.402346,0.3014,0.299968,0.50147,0.050119,0.201464,0.301421,0.501119,0.399891,0.049602,0.002514,0.000509,0.000428,0.002219,0.00036,0.000208,0.000179,0.000464,5e-06,9.9e-05,0.000255,0.000656,0.000418,1.9e-05
260,217,264,47,47,0,0,0,12,7.979532,0.0,7507.828285,257.437956,3014.582512,2525.068726,215.6,260,3,89,324480.0,28191.5415,311.2241,233.5201,0.2161,0.0,0.0,0.0,11,0.041475,1.007561,0.497481,0.498465,1.005143,0.402321,0.301539,0.299845,0.501291,0.050082,0.201254,0.301419,0.501583,0.399947,0.049679,0.00254,0.000509,0.000411,0.002228,0.000351,0.000214,0.00018,0.000457,5e-06,0.000101,0.000256,0.000663,0.000419,2e-05
280,219,271,52,52,0,0,0,13,7.527824,0.0,7532.758125,258.376443,3014.095733,2524.549664,228.99,280,3,88,349440.0,30441.423,332.0433,240.1937,0.2877,0.0,0.0,0.0,11,0.045662,1.008768,0.49762,0.497834,1.004194,0.401947,0.301739,0.300135,0.502023,0.050063,0.201149,0.301899,0.500913,0.400091,0.049754,0.002498,0.000511,0.000425,0.002173,0.000346,0.000215,0.00018,0.000463,5e-06,9.6e-05,0.000253,0.000658,0.000432,2e-05
300,220,274,54,54,0,0,0,11,6.715483,0.0,7551.207602,261.567513,3011.717004,2523.594542,246.21,300,3,88,374400.0,32692.263,353.7893,245.7725,0.2877,0.0,0.0,0.0,11,0.045455,1.008805,0.498364,0.497564,1.004484,0.402214,0.301769,0.30043,0.50206,0.050071,0.201279,0.302143,0.501385,0.400214,0.049831,0.00249,0.000537,0.000425,0.002159,0.000357,0.000215,0.000174,0.000478,6e-06,9.6e-05,0.000249,0.000656,0.000433,1.9e-05
320,223,282,59,59,0,0,0,11,6.093407,0.0,7583.65077,261.037426,3012.869167,2522.411592,258.36,320,3,88,399360.0,34967.6385,376.6485,250.9962,0.4824,0.0,0.0,0.0,11,0.044843,1.00911,0.498034,0.497741,1.00258,0.402776,0.301597,0.300614,0.50264,0.050133,0.201171,0.301687,0.50058,0.400551,0.049893,0.002713,0.000533,0.000439,0.002225,0.00036,0.000211,0.000176,0.000466,6e-06,9.7e-05,0.000221,0.000644,0.000453,1.9e-05
340,223,287,64,64,0,0,0,13,5.761323,0.0,7627.688056,262.723139,3011.515538,2520.60408,273.74,340,4,88,424320.0,37268.784,401.0973,258.4355,0.5941,0.0,0.0,0.0,11,0.044843,1.009056,0.497523,0.49736,1.002912,0.402989,0.301409,0.300517,0.502612,0.050127,0.20102,0.302151,0.500752,0.401029,0.049884,0.002746,0.000547,0.00045,0.002125,0.000338,0.00022,0.000169,0.000471,6e-06,9.4e-05,0.00021,0.00067,0.000459,2e-05
360,225,294,69,69,0,0,0,16,6.527473,0.0,7706.645693,263.209663,3010.262864,2519.372538,285.86,360,4,88,449280.0,39606.804,426.133,264.9028,0.5941,0.0,0.0,0.0,11,0.04,1.00799,0.497595,0.49672,1.002543,0.402757,0.301829,0.300599,0.502268,0.050038,0.201183,0.302606,0.500686,0.400911,0.049886,0.002752,0.000549,0.000484,0.002084,0.000338,0.000236,0.000162,0.000447,5e-06,9.5e-05,0.000199,0.000679,0.000458,2.1e-05
380,226,298,72,72,0,0,0,14,5.169966,0.0,7769.992521,265.924373,3008.905661,2518.743258,300.86,380,4,88,474240.0,41944.824,451.1686,271.1797,0.7244,0.0,0.0,0.0,11,0.039823,1.008015,0.497104,0.496489,1.003638,0.402686,0.301722,0.300576,0.502469,0.050041,0.201063,0.302495,0.500766,0.400959,0.050001,0.002743,0.00054,0.000485,0.002085,0.000349,0.000239,0.000161,0.000438,6e-06,9.2e-05,0.000195,0.000652,0.000449,2.1e-05
400,229,304,75,75,0,0,0,14,4.676805,0.0,7807.899714,270.68328,3004.639914,2518.412657,314.16,400,4,88,499200.0,44293.7565,476.2043,279.3353,0.902,0.0,0.0,0.0,29,0.034934,1.008088,0.49769,0.496406,1.003136,0.402975,0.301704,0.300547,0.502119,0.050054,0.201026,0.302527,0.50131,0.400968,0.050097,0.002813,0.000558,0.000488,0.00211,0.000346,0.000242,0.000168,0.000457,6e-06,9.2e-05,0.000196,0.000671,0.000449,2.1e-05
420,229,311,82,82,0,0,0,19,7.830038,0.0,7832.676085,269.114935,3003.055028,2518.099126,325.89,420,4,87,524160.0,46660.446,501.388,286.4651,0.902,0.0,0.0,0.0,37,0.043668,1.005991,0.49665,0.495491,1.003417,0.403059,0.301471,0.301006,0.502877,0.050067,0.201284,0.302611,0.502126,0.401275,0.049869,0.002896,0.000575,0.000529,0.002163,0.000346,0.000251,0.000168,0.000468,6e-06,9.6e-05,0.000208,0.000681,0.000453,2.2e-05
440,229,317,88,88,0,0,0,21,6.39782,0.0,7874.566018,269.670427,3003.931753,2517.294904,339.89,440,4,87,549120.0,49029.168,527.3806,294.3621,0.902,0.0,0.0,0.0,37,0.048035,1.005353,0.495954,0.495512,1.003526,0.403494,0.301078,0.301351,0.502815,0.050087,0.20163,0.302368,0.502317,0.400676,0.049772,0.002944,0.000568,0.000523,0.002242,0.000369,0.000248,0.000181,0.000495,6e-06,9.6e-05,0.000208,0.000696,0.000451,2.2e-05
460,236,326,90,90,0,0,0,20,5.242318,0.0,7926.17654,273.73052,3001.027162,2515.848848,347.89,460,4,87,574080.0,51423.696,554.8707,300.7219,0.9629,0.0,0.0,0.0,37,0.050847,1.005588,0.496375,0.495533,1.003327,0.403698,0.301287,0.30117,0.502556,0.050147,0.201503,0.302271,0.502627,0.400201,0.049811,0.003048,0.000549,0.000509,0.002445,0.000382,0.000244,0.0002,0.000494,6e-06,0.0001,0.000208,0.0007,0.000508,2e-05
480,241,335,94,94,0,0,0,18,5.077836,0.0,7996.42501,278.125122,2996.797041,2515.109096,355.49,480,4,87,599040.0,53881.464,582.2234,309.397,1.4787,0.0,0.0,0.0,37,0.045643,1.006725,0.496708,0.495121,1.002731,0.403332,0.301378,0.301178,0.503201,0.050145,0.201607,0.302243,0.503285,0.400025,0.049754,0.003051,0.000594,0.000515,0.002463,0.000397,0.000255,0.000197,0.000496,6e-06,0.0001,0.000214,0.00072,0.000508,2e-05
500,242,340,98,98,0,0,0,18,5.770042,0.0,8043.805584,284.585688,2989.64427,2514.172344,368.82,500,4,86,624000.0,56370.945,610.3556,320.6037,1.5098,0.0,0.0,0.0,37,0.041322,1.005209,0.496515,0.495962,1.003062,0.403763,0.30169,0.301072,0.503078,0.050118,0.201427,0.302038,0.503107,0.400256,0.049772,0.003194,0.000607,0.000494,0.002517,0.000412,0.000246,0.000195,0.000545,6e-06,9.8e-05,0.000222,0.00072,0.000494,2e-05
520,240,343,103,103,0,0,0,21,5.548563,0.0,8102.248229,285.487379,2988.964058,2513.61515,388.32,520,4,86,648960.0,58879.2795,638.4878,327.6256,1.5098,0.0,0.0,0.0,37,0.041667,1.004637,0.496505,0.496323,1.003078,0.40344,0.301567,0.301097,0.502189,0.050168,0.201525,0.301892,0.502961,0.400621,0.049836,0.003213,0.000593,0.000477,0.002547,0.000409,0.000224,0.000196,0.000543,6e-06,9.5e-05,0.000221,0.000716,0.000492,2e-05
540,243,348,105,105,0,0,0,18,4.466781,0.0,8176.89144,286.717681,2988.815538,2513.27802,399.49,540,4,86,673920.0,61406.0355,666.62,331.1835,1.5707,0.0,0.0,0.0,37,0.041152,1.005912,0.496348,0.496507,1.003174,0.403887,0.301418,0.301202,0.502184,0.050164,0.201265,0.301748,0.502617,0.400539,0.049881,0.003255,0.000598,0.00047,0.002551,0.000406,0.000225,0.000202,0.000559,6e-06,9.5e-05,0.000218,0.000716,0.00049,2e-05
560,241,353,112,112,0,0,0,21,6.236618,0.0,8244.893204,283.714472,2990.04891,2512.071189,411.8,560,4,86,698880.0,63926.2935,695.8757,336.9654,1.7109,0.0,0.0,0.0,37,0.041494,1.00383,0.496708,0.497174,1.004617,0.403864,0.301316,0.301533,0.501741,0.0502,0.20114,0.302114,0.502658,0.400452,0.049877,0.003285,0.000596,0.000507,0.002756,0.000408,0.000237,0.000203,0.000544,6e-06,9.8e-05,0.000218,0.00074,0.000514,2.1e-05
580,242,359,117,117,0,0,0,20,3.981899,0.0,8306.612186,285.465679,2990.552422,2510.161372,424.52,580,4,86,723840.0,66438.9435,726.4353,344.5372,1.7553,0.0,0.0,0.0,37,0.03719,1.004344,0.496825,0.497484,1.004527,0.403697,0.301675,0.301091,0.50191,0.050105,0.200965,0.301821,0.502801,0.400612,0.049882,0.00336,0.000571,0.000496,0.002674,0.000416,0.000249,0.000192,0.00057,5e-06,9.7e-05,0.000218,0.000741,0.000497,2.2e-05
600,246,367,121,121,0,0,0,20,4.841041,0.0,8365.566081,287.792312,2987.366647,2508.129097,434.44,600,4,86,748800.0,68968.284,757.5629,351.5771,1.8896,0.0,0.0,0.0,37,0.04065,1.005346,0.497575,0.49793,1.006901,0.403782,0.30167,0.300986,0.501758,0.050102,0.200819,0.301876,0.502287,0.400459,0.049806,0.003485,0.000617,0.000544,0.002855,0.000423,0.000252,0.0002,0.000598,6e-06,9.9e-05,0.000209,0.000765,0.000515,2.2e-05
620,249,373,124,124,0,0,0,18,3.751024,0.0,8397.215802,292.696664,2983.552312,2506.143581,445.19,620,4,86,773760.0,71509.194,789.0153,359.6809,2.4019,0.0,0.0,0.0,37,0.040161,1.005047,0.497619,0.498244,1.006397,0.403137,0.301823,0.300828,0.501682,0.050124,0.200852,0.301871,0.502257,0.400315,0.049825,0.003446,0.000612,0.000556,0.002802,0.000405,0.000256,0.000189,0.000599,6e-06,0.000101,0.000209,0.000748,0.00052,2.2e-05
640,253,379,126,126,0,0,0,18,3.447416,0.0,8405.806666,298.166307,2978.386277,2503.919577,454.85,640,4,86,798720.0,74064.7965,820.843,367.4599,2.4019,0.0,0.0,0.0,37,0.039526,1.00573,0.497615,0.497596,1.007441,0.403342,0.301769,0.300816,0.501087,0.050109,0.200915,0.301938,0.503328,0.40028,0.049979,0.003575,0.000643,0.000545,0.003024,0.000405,0.000264,0.000198,0.000626,6e-06,0.000103,0.000218,0.000819,0.000518,2.4e-05
660,255,386,131,131,0,0,0,20,3.719187,0.0,8420.910569,299.026663,2977.25415,2501.784276,463.85,660,4,86,823680.0,76636.236,852.821,374.4133,2.5272,0.0,0.0,0.0,37,0.039216,1.004697,0.498082,0.498195,1.007113,0.403053,0.301952,0.300852,0.501231,0.050132,0.200924,0.302426,0.503021,0.400252,0.050063,0.003591,0.000631,0.000537,0.003012,0.000416,0.000254,0.000201,0.000626,6e-06,0.000103,0.000229,0.000782,0.00051,2.4e-05
680,256,390,134,134,0,0,0,21,4.742632,0.0,8411.704744,302.828211,2972.429157,2499.653624,477.73,680,4,86,848640.0,79220.1885,884.799,381.8774,2.5272,0.0,0.0,0.0,37,0.039062,1.004428,0.498121,0.498931,1.006112,0.403206,0.302086,0.300951,0.501687,0.050125,0.200913,0.302186,0.502723,0.400183,0.050042,0.003637,0.000628,0.00057,0.003064,0.000417,0.000247,0.000206,0.000621,6e-06,0.000103,0.000231,0.000789,0.000509,2.4e-05
700,258,396,138,138,0,0,0,21,3.629616,0.0,8402.29372,304.151613,2972.218771,2497.291555,490.68,700,4,86,873600.0,81807.9675,916.777,387.8298,2.625,0.0,0.0,0.0,37,0.03876,1.004932,0.498107,0.499555,1.005317,0.402905,0.302125,0.300917,0.502376,0.05016,0.2011,0.301975,0.502056,0.400105,0.050039,0.003649,0.00063,0.000582,0.003111,0.000421,0.000258,0.00021,0.000613,6e-06,0.000103,0.000236,0.000776,0.000492,2.4e-05
720,257,400,143,143,0,0,0,23,5.019834,0.0,8402.042394,303.645307,2971.334859,2494.375506,507.33,720,4,86,898560.0,84426.2475,948.755,393.1771,2.625,0.0,0.0,0.0,37,0.035019,1.006016,0.49852,0.499577,1.005689,0.403059,0.302004,0.300606,0.502243,0.050134,0.200963,0.302478,0.501106,0.400442,0.049982,0.003546,0.000641,0.000603,0.003118,0.00041,0.00026,0.000214,0.000625,6e-06,0.000101,0.000239,0.000762,0.000495,2.3e-05
740,258,408,150,150,0,0,0,26,4.743341,0.0,8420.253907,301.97339,2973.28327,2490.296706,516.76,740,4,86,923520.0,87044.5275,980.733,400.0781,2.625,0.0,0.0,0.0,37,0.034884,1.006331,0.497905,0.499343,1.006494,0.403678,0.302182,0.300568,0.501676,0.05014,0.201251,0.302563,0.502121,0.400783,0.050114,0.003659,0.000661,0.000607,0.003434,0.000431,0.000264,0.00024,0.000631,6e-06,0.000109,0.000248,0.000846,0.000547,2.3e-05
760,261,411,150,150,0,0,0,23,3.578826,0.0,8412.472228,309.530734,2966.89044,2483.529626,530.67,760,4,86,948480.0,89662.8075,1012.711,407.4582,2.8022,0.0,0.0,0.0,37,0.034483,1.006503,0.498009,0.499585,1.006076,0.403597,0.30216,0.300583,0.502012,0.050144,0.201351,0.302535,0.502141,0.400681,0.050048,0.003637,0.000661,0.00061,0.003418,0.000427,0.000264,0.000237,0.000642,6e-06,0.000111,0.000254,0.000841,0.000544,2.4e-05
780,264,418,154,154,0,0,0,23,4.786308,0.0,8354.064497,312.362632,2962.85106,2478.340119,539.18,780,4,86,973440.0,92292.5895,1037.1359,415.195,2.8677,0.0,0.0,0.0,37,0.041667,1.005916,0.498091,0.499498,1.006756,0.403641,0.302293,0.30064,0.501616,0.050201,0.201508,0.302551,0.502918,0.399926,0.049978,0.0036,0.000668,0.000619,0.003462,0.00043,0.000258,0.000242,0.000632,6e-06,0.000111,0.000249,0.00085,0.000523,2.4e-05
800,259,421,162,162,0,0,0,28,8.995461,0.0,8313.321946,308.312545,2962.691994,2477.199814,557.53,800,4,85,998400.0,94934.6925,1056.2974,420.515,2.9656,0.0,0.0,0.0,37,0.03861,1.006626,0.498621,0.500004,1.00736,0.4033,0.302395,0.300496,0.50153,0.050198,0.201297,0.302751,0.503297,0.39992,0.049953,0.003592,0.000643,0.00062,0.003411,0.00042,0.000257,0.000228,0.00062,6e-06,0.000109,0.000249,0.000857,0.000533,2.4e-05
820,260,427,167,167,0,0,0,25,6.000038,0.0,8305.222699,309.518962,2964.481001,2475.322543,570.49,820,4,85,1023360.0,97583.469,1077.1723,427.481,3.0611,0.0,0.0,0.0,37,0.038462,1.006693,0.498906,0.499779,1.007483,0.403751,0.302791,0.300493,0.501239,0.050295,0.201263,0.302552,0.50374,0.399615,0.049847,0.003643,0.000636,0.000624,0.003527,0.000416,0.000262,0.000232,0.000615,7e-06,0.000112,0.000251,0.000898,0.000548,2.4e-05
840,260,433,173,173,0,0,0,26,7.675605,0.0,8306.26724,308.667416,2963.656979,2473.45896,581.5,840,4,84,1048320.0,100255.0335,1099.0773,433.8271,3.0611,0.0,0.0,0.0,37,0.038462,1.008812,0.499252,0.498923,1.010294,0.404276,0.302902,0.300198,0.500992,0.050324,0.201453,0.302966,0.503902,0.400395,0.049963,0.003867,0.000745,0.000645,0.003961,0.000426,0.000267,0.000228,0.00063,7e-06,0.000116,0.000244,0.000993,0.000561,2.5e-05
860,259,440,181,181,0,0,0,26,8.052145,0.0,8352.802185,304.344252,2967.603603,2472.27086,587.73,860,4,84,1073280.0,102944.151,1121.018,439.464,3.0611,0.0,0.0,0.0,37,0.03861,1.007719,0.499939,0.498417,1.009961,0.403743,0.302728,0.300236,0.501103,0.050318,0.201548,0.302814,0.503459,0.400203,0.049873,0.003886,0.000759,0.000611,0.00387,0.000432,0.000274,0.000237,0.000622,7e-06,0.000117,0.000243,0.000999,0.000551,2.6e-05
880,257,441,184,184,0,0,0,25,5.829647,0.0,8405.967794,307.616685,2966.553668,2471.489337,609.99,880,4,84,1098240.0,105636.591,1142.9586,446.2871,3.0611,0.0,0.0,0.0,37,0.038911,1.007929,0.499879,0.498112,1.010058,0.403756,0.302695,0.300199,0.501044,0.050328,0.201596,0.302633,0.503419,0.400151,0.049864,0.003871,0.00076,0.000597,0.003889,0.000434,0.000271,0.000236,0.000624,7e-06,0.000118,0.000245,0.000994,0.000552,2.6e-05
900,256,448,192,192,0,0,0,30,7.533407,0.0,8454.637989,304.78924,2967.677353,2470.957862,621.46,900,4,84,1123200.0,108329.031,1164.8993,452.7343,3.2416,0.0,0.0,0.0,37,0.039062,1.008061,0.500076,0.498559,1.009541,0.402944,0.302402,0.300354,0.501858,0.050346,0.201846,0.302604,0.503398,0.400365,0.049818,0.003902,0.000736,0.00064,0.003921,0.000423,0.000265,0.000229,0.000563,7e-06,0.000115,0.000249,0.000998,0.000557,2.5e-05
920,259,453,194,194,0,0,0,28,6.175065,0.0,8521.191358,308.359619,2965.465316,2470.588222,631.37,920,4,84,1148160.0,111035.6235,1186.8399,458.599,3.384,0.0,0.0,0.0,37,0.03861,1.007325,0.500114,0.499215,1.01,0.403031,0.302931,0.300338,0.502036,0.050363,0.201722,0.30257,0.503002,0.400213,0.049846,0.003911,0.00073,0.000699,0.00394,0.000425,0.000253,0.000229,0.000585,7e-06,0.000115,0.00025,0.000963,0.000559,2.4e-05
940,263,462,199,199,0,0,0,29,5.844291,0.0,8591.098546,308.470752,2965.684957,2470.32711,635.26,940,4,84,1173120.0,113758.668,1208.7806,464.6875,3.5371,0.0,0.0,0.0,37,0.038023,1.007451,0.49977,0.499806,1.010666,0.403215,0.302926,0.300104,0.501489,0.050352,0.201836,0.302146,0.502545,0.400198,0.049794,0.003829,0.000727,0.000697,0.004019,0.000438,0.00025,0.000235,0.000575,7e-06,0.000119,0.00025,0.000984,0.000561,2.5e-05
960,264,469,205,205,0,0,0,28,6.454107,0.0,8658.115899,309.002135,2964.543758,2470.140631,645.73,960,4,84,1198080.0,116498.424,1230.7213,472.3027,3.8338,0.0,0.0,0.0,37,0.037879,1.006648,0.499248,0.499621,1.009756,0.403065,0.302831,0.30015,0.501468,0.050394,0.201916,0.302102,0.502645,0.399928,0.049866,0.003669,0.000748,0.000686,0.003941,0.000428,0.000248,0.00023,0.000564,6e-06,0.000118,0.000251,0.001,0.000558,2.5e-05
980,264,475,211,211,0,0,0,27,5.920538,0.0,8731.98311,311.140763,2962.938699,2470.00641,658.57,980,4,84,1223040.0,119256.204,1252.6619,481.5314,4.238,0.0,0.0,0.0,75,0.037879,1.007402,0.49821,0.500476,1.010872,0.40307,0.30339,0.299998,0.502096,0.050414,0.201969,0.301999,0.502948,0.4,0.049891,0.003873,0.000689,0.000694,0.003916,0.000436,0.000254,0.00023,0.000581,6e-06,0.000117,0.000255,0.000976,0.00055,2.5e-05
1000,265,482,217,217,0,0,0,28,6.325098,0.0,8796.694789,312.39643,2961.278472,2469.90926,665.63,1000,4,83,1248000.0,122006.8515,1274.6026,489.8768,4.566,0.0,0.0,0.0,75,0.037736,1.007492,0.498601,0.500403,1.011487,0.403402,0.303404,0.299502,0.502563,0.050386,0.201742,0.301605,0.50226,0.400188,0.049926,0.003947,0.000732,0.000717,0.003669,0.000445,0.000257,0.00024,0.000606,7e-06,0.000118,0.000264,0.000925,0.000542,2.6e-05
1020,263,486,223,223,0,0,0,29,9.036469,0.0,8852.833957,311.994195,2958.969337,2469.838657,683.4,1020,4,83,1272960.0,124763.0265,1296.5433,496.515,4.566,0.0,0.0,0.0,37,0.034221,1.00788,0.498505,0.499466,1.01359,0.403665,0.303317,0.299819,0.502302,0.050387,0.20188,0.302018,0.502144,0.400514,0.049934,0.00396,0.000766,0.000727,0.004014,0.000454,0.000263,0.000247,0.000641,7e-06,0.000115,0.000265,0.000971,0.000544,2.6e-05
1040,261,492,231,231,0,0,0,29,8.904485,0.0,8929.240147,309.576559,2961.518955,2469.787194,701.36,1040,4,83,1297920.0,127527.1065,1318.4839,503.3115,4.6699,0.0,0.0,0.0,37,0.034483,1.009711,0.498979,0.499576,1.015481,0.404063,0.303721,0.299754,0.502122,0.050435,0.201774,0.30182,0.502337,0.400085,0.049833,0.004108,0.000812,0.000681,0.003973,0.00045,0.000261,0.00024,0.000634,6e-06,0.000115,0.000254,0.001017,0.000512,2.7e-05
1060,264,499,235,235,0,0,0,26,5.740811,0.0,9011.481204,312.520638,2961.738552,2469.749603,707.0,1060,4,83,1322880.0,130303.044,1340.4246,510.9303,4.961,0.0,0.0,0.0,37,0.034091,1.008668,0.499094,0.499595,1.015863,0.404521,0.303491,0.299749,0.502412,0.050328,0.201645,0.302002,0.501774,0.399511,0.04987,0.004059,0.000902,0.000678,0.003894,0.00045,0.000261,0.000263,0.000656,6e-06,0.000116,0.000263,0.000982,0.000492,2.9e-05
1080,267,504,237,237,0,0,0,27,4.934555,0.0,9083.139833,316.254703,2958.810741,2469.65826,714.35,1080,4,83,1347840.0,133086.9915,1362.4291,517.0991,4.961,0.0,0.0,0.0,37,0.037453,1.008122,0.499,0.499883,1.016088,0.404455,0.303527,0.299705,0.502484,0.050316,0.201636,0.302049,0.501779,0.399691,0.049804,0.00403,0.000901,0.000706,0.003867,0.000451,0.000271,0.000262,0.000687,6e-06,0.000119,0.000264,0.000996,0.000494,2.9e-05
1100,271,512,241,241,0,0,0,27,4.525402,0.0,9149.547368,318.133932,2957.340666,2468.171505,719.33,1100,4,83,1372800.0,135895.599,1386.0459,524.0245,5.0098,0.0,0.0,0.0,37,0.0369,1.00773,0.49927,0.499596,1.01631,0.404269,0.303838,0.300016,0.502454,0.05031,0.20143,0.302319,0.501562,0.399494,0.049807,0.003888,0.00091,0.000698,0.003869,0.000449,0.000283,0.000265,0.000692,6e-06,0.000121,0.000261,0.000999,0.000507,3e-05
1120,272,515,243,243,0,0,0,27,4.950083,0.0,9209.368937,323.033809,2952.016108,2466.395044,734.5,1120,4,83,1397760.0,138722.697,1410.3423,531.4089,5.0098,0.0,0.0,0.0,37,0.040441,1.007385,0.499552,0.499552,1.015345,0.404222,0.303857,0.300036,0.502492,0.050342,0.201394,0.302201,0.501627,0.39949,0.049801,0.003835,0.000875,0.000695,0.003971,0.000441,0.000279,0.000262,0.000699,6e-06,0.000121,0.000264,0.000996,0.000506,2.9e-05
1140,271,520,249,249,0,0,0,27,6.051833,0.0,9251.360658,323.034236,2950.913931,2463.680346,746.91,1140,4,83,1422720.0,141553.377,1435.7978,538.7986,5.0098,0.0,0.0,0.0,37,0.04059,1.008017,0.499761,0.499719,1.017328,0.404574,0.30363,0.299818,0.502458,0.050322,0.201387,0.302215,0.502034,0.399709,0.049745,0.004038,0.000836,0.000682,0.004345,0.000447,0.000269,0.000252,0.000694,6e-06,0.000118,0.000267,0.001014,0.00053,2.9e-05
1160,276,529,253,253,0,0,0,24,4.073177,0.0,9304.862893,324.35416,2951.572663,2460.972519,749.74,1160,4,83,1447680.0,144399.138,1461.4654,545.0352,5.0098,0.0,0.0,0.0,37,0.039855,1.006893,0.500081,0.500379,1.016441,0.404453,0.303651,0.300126,0.502895,0.050316,0.201236,0.301792,0.501513,0.399381,0.049627,0.004044,0.00087,0.000713,0.004277,0.000452,0.000269,0.00026,0.000696,7e-06,0.00012,0.000268,0.000989,0.000529,2.9e-05
1180,280,538,258,258,0,0,0,21,3.752098,0.0,9347.678315,327.227088,2949.020814,2458.192826,752.0,1180,4,83,1472640.0,147259.728,1487.1329,553.7973,5.1338,0.0,0.0,0.0,37,0.039286,1.007553,0.500355,0.500592,1.016917,0.404315,0.303548,0.299769,0.502632,0.050305,0.201389,0.301872,0.501494,0.398682,0.049507,0.003998,0.000885,0.000695,0.004383,0.000455,0.000263,0.000273,0.000717,7e-06,0.00012,0.000282,0.001009,0.000532,2.9e-05
1200,282,545,263,263,0,0,0,23,4.061102,0.0,9364.975191,331.692287,2944.246611,2454.987661,759.34,1200,4,83,1497600.0,150130.278,1512.8005,564.306,5.1338,0.0,0.0,0.0,37,0.039007,1.007453,0.500682,0.499946,1.016654,0.404321,0.303248,0.300136,0.501734,0.050263,0.201728,0.301576,0.50158,0.398845,0.049608,0.004091,0.000921,0.000688,0.004605,0.000443,0.000264,0.000279,0.000744,7e-06,0.000124,0.000305,0.001041,0.000558,3e-05
1220,279,547,268,268,0,0,0,24,5.112537,0.0,9385.560743,332.768932,2942.118531,2450.763492,779.75,1220,4,82,1522560.0,152999.877,1538.468,571.2663,5.279,0.0,0.0,0.0,37,0.039427,1.007563,0.50044,0.500458,1.015163,0.404238,0.303382,0.299895,0.501938,0.050276,0.201807,0.30137,0.501304,0.398994,0.049586,0.004042,0.000888,0.000685,0.004622,0.000446,0.000262,0.000284,0.000751,7e-06,0.000128,0.000305,0.00106,0.00058,3e-05
1240,279,550,271,271,0,0,0,25,5.721627,0.0,9388.07967,333.048697,2941.229676,2444.126919,797.84,1240,4,82,1547520.0,155860.917,1564.1355,575.0856,5.279,0.0,0.0,0.0,37,0.039427,1.007892,0.500207,0.500122,1.015338,0.404119,0.303534,0.299844,0.501497,0.050278,0.201873,0.301429,0.501572,0.399283,0.049718,0.004081,0.000858,0.000666,0.004645,0.00045,0.00026,0.000283,0.000733,7e-06,0.000127,0.000313,0.001041,0.000607,3e-05
1260,280,556,276,276,0,0,0,27,5.549187,0.0,9387.303651,332.222891,2942.227922,2437.019005,804.3,1260,4,82,1572480.0,158721.957,1584.3466,579.7748,5.639,0.0,0.0,0.0,37,0.039286,1.008563,0.500237,0.50072,1.015745,0.404282,0.303375,0.300006,0.501055,0.050265,0.202133,0.301324,0.501737,0.39884,0.049638,0.004195,0.000869,0.000692,0.004728,0.000448,0.000264,0.000286,0.000736,7e-06,0.000132,0.000315,0.00104,0.000625,2.8e-05
1280,282,563,281,281,0,0,0,28,5.694756,0.0,9367.634821,333.036519,2941.268725,2437.011633,814.27,1280,4,82,1597440.0,161582.997,1595.4517,586.4091,5.639,0.0,0.0,0.0,37,0.039007,1.00794,0.500307,0.500639,1.015413,0.404075,0.303553,0.299774,0.501555,0.050235,0.202195,0.301432,0.501987,0.398302,0.049607,0.004195,0.000883,0.000674,0.004724,0.000449,0.000257,0.000289,0.000745,7e-06,0.000133,0.000316,0.001056,0.000608,2.8e-05
1300,279,567,288,288,0,0,0,29,5.911436,0.0,9345.386854,332.433604,2941.65496,2437.0071,829.33,1300,4,82,1622400.0,164437.3095,1606.5567,593.9868,5.703,0.0,0.0,0.0,11,0.032258,1.008243,0.499748,0.500174,1.015729,0.403382,0.30358,0.299868,0.502036,0.050244,0.201879,0.30152,0.501869,0.398356,0.049662,0.004139,0.000854,0.000674,0.004726,0.00045,0.000259,0.000274,0.000744,7e-06,0.000132,0.000311,0.001035,0.000607,2.8e-05
1320,277,575,298,298,0,0,0,29,6.498422,0.0,9345.400498,327.337217,2946.164362,2437.004312,844.71,1320,4,82,1647360.0,167287.9995,1617.6618,600.4355,5.7824,0.0,0.0,0.0,11,0.036101,1.009572,0.499445,0.500124,1.017712,0.403956,0.303997,0.300359,0.501302,0.05027,0.202064,0.302059,0.500484,0.398795,0.049736,0.004304,0.000873,0.000706,0.004984,0.000486,0.000272,0.000276,0.000762,8e-06,0.000135,0.000318,0.001118,0.000587,2.7e-05
1340,278,583,305,305,0,0,0,25,4.63688,0.0,9371.529883,326.890631,2948.47249,2437.002597,855.69,1340,4,82,1672320.0,170146.722,1628.7669,608.6429,5.7824,0.0,0.0,0.0,11,0.035971,1.008245,0.49997,0.500454,1.016914,0.403912,0.304345,0.299766,0.501143,0.050309,0.201858,0.302025,0.500817,0.398588,0.049742,0.00426,0.000877,0.000709,0.004987,0.000485,0.000269,0.000262,0.000745,7e-06,0.000133,0.000301,0.001128,0.000589,2.7e-05
1360,282,590,308,308,0,0,0,25,5.592808,0.0,9378.417687,331.646958,2942.760234,2437.001543,860.79,1360,4,82,1697280.0,173020.362,1639.8719,617.0078,5.7824,0.0,0.0,0.0,11,0.035461,1.007991,0.500142,0.500781,1.016088,0.404221,0.304263,0.299823,0.50177,0.0503,0.201885,0.30181,0.500668,0.399087,0.049808,0.004388,0.000867,0.000711,0.004979,0.000494,0.000278,0.000278,0.000757,7e-06,0.000132,0.000299,0.001142,0.000624,2.8e-05
1380,284,596,312,312,0,0,0,27,6.005424,0.0,9362.398406,334.366145,2939.628431,2437.000894,868.31,1380,5,82,1722240.0,175894.002,1650.977,624.9201,5.7824,0.0,0.0,0.0,11,0.035211,1.007329,0.500254,0.501749,1.016196,0.40382,0.304226,0.300132,0.502135,0.050327,0.201651,0.301487,0.501693,0.39936,0.049739,0.00445,0.000832,0.000775,0.004846,0.000495,0.000285,0.0003,0.00074,8e-06,0.000131,0.000286,0.00118,0.000609,2.9e-05
1400,284,599,315,315,0,0,0,25,4.114845,0.0,9335.2487,337.495699,2938.389456,2437.000495,881.79,1400,5,82,1747200.0,178767.642,1662.0821,631.8621,6.0147,0.0,0.0,0.0,11,0.035211,1.00601,0.500151,0.501434,1.016163,0.403392,0.303956,0.300002,0.502325,0.050337,0.201662,0.301527,0.501701,0.398924,0.049772,0.004301,0.000841,0.00078,0.00484,0.000507,0.00029,0.000299,0.00074,8e-06,0.000129,0.000283,0.001161,0.000596,2.9e-05
1420,285,604,319,319,0,0,0,26,5.33346,0.0,9286.692768,337.988148,2936.678392,2437.000249,895.25,1420,5,82,1772160.0,181645.3455,1673.1871,637.5808,6.0147,0.0,0.0,0.0,11,0.035088,1.004733,0.499927,0.500992,1.016595,0.402847,0.304046,0.299996,0.502513,0.050368,0.201578,0.301351,0.502311,0.39899,0.049773,0.004156,0.000849,0.00078,0.004596,0.000516,0.000282,0.000301,0.000721,8e-06,0.000131,0.000278,0.001151,0.000603,2.9e-05
1440,285,609,324,324,0,0,0,26,6.135659,0.0,9231.95534,338.482785,2935.381557,2437.000098,907.05,1440,5,82,1797120.0,184526.238,1684.2922,643.6625,6.1637,0.0,0.0,0.0,11,0.035088,1.00588,0.500178,0.501258,1.015632,0.402652,0.303838,0.29991,0.502108,0.050315,0.201491,0.301517,0.502482,0.398856,0.049818,0.0041,0.000883,0.000782,0.004549,0.000513,0.000284,0.000302,0.000742,8e-06,0.000126,0.000271,0.001162,0.000588,2.9e-05
1460,287,617,330,330,0,0,0,28,6.022094,0.0,9177.197375,338.4215,2935.556406,2437.000005,909.24,1460,5,82,1822080.0,187407.4035,1695.3973,650.9393,6.3064,0.0,0.0,0.0,11,0.034843,1.005657,0.500287,0.501059,1.013573,0.402986,0.303941,0.299961,0.503016,0.050327,0.201285,0.301004,0.502004,0.398472,0.04984,0.004009,0.000891,0.00079,0.004193,0.000531,0.000299,0.000306,0.00071,8e-06,0.000123,0.000263,0.001101,0.0006,3e-05
1480,291,624,333,333,0,0,0,26,4.252525,0.0,9111.465403,342.630088,2933.117387,2436.999948,909.93,1480,5,82,1847040.0,190293.0735,1706.5024,658.7734,6.3064,0.0,0.0,0.0,11,0.034364,1.005372,0.499978,0.500747,1.013346,0.40314,0.30408,0.300051,0.503386,0.050314,0.201225,0.30099,0.502625,0.398447,0.049833,0.003957,0.000902,0.000805,0.004218,0.000543,0.0003,0.000309,0.000699,8e-06,0.000122,0.000265,0.00108,0.000605,3e-05
1500,289,628,339,339,0,0,0,29,6.243983,0.0,9012.668993,344.16622,2929.589797,2436.999913,929.48,1500,5,82,1872000.0,193178.7435,1717.6074,667.1062,6.5199,0.0,0.0,0.0,11,0.034602,1.006157,0.500211,0.500733,1.013995,0.403139,0.304142,0.30021,0.502892,0.050388,0.201072,0.300982,0.503149,0.398321,0.049835,0.004306,0.000938,0.000817,0.004314,0.000554,0.000302,0.000313,0.000686,8e-06,0.000128,0.000266,0.001122,0.000599,3e-05
1520,283,632,349,349,0,0,0,35,5.780425,0.0,8974.587066,337.15876,2937.060815,2436.999891,953.6,1520,5,82,1896960.0,196076.6745,1728.7125,671.8744,6.7143,0.0,0.0,0.0,11,0.035336,1.006404,0.499803,0.500361,1.013299,0.403421,0.304466,0.299886,0.502797,0.050352,0.200921,0.301216,0.503778,0.39816,0.049883,0.004223,0.000939,0.000821,0.004002,0.000572,0.000301,0.000303,0.00071,8e-06,0.000126,0.000257,0.00105,0.00063,2.9e-05
1540,278,634,356,356,0,0,0,39,6.910691,0.0,8996.248676,332.666656,2940.422653,2436.999878,982.8,1540,5,82,1921920.0,198985.9845,1739.8176,675.7459,6.7693,0.0,0.0,0.0,11,0.032374,1.007049,0.499725,0.500479,1.01317,0.403918,0.304645,0.299886,0.502415,0.050348,0.200959,0.301258,0.50397,0.39859,0.049774,0.00442,0.000907,0.000815,0.004,0.000538,0.0003,0.000301,0.000672,8e-06,0.000127,0.000261,0.001053,0.000628,3e-05
1560,274,638,364,364,0,0,0,39,7.260537,0.0,9068.132771,327.320417,2945.419046,2436.99987,1008.36,1560,5,82,1946880.0,201895.2945,1750.9226,679.9216,6.9721,0.0,0.0,0.0,37,0.032847,1.006527,0.499259,0.500887,1.014323,0.40342,0.304519,0.299475,0.502506,0.050362,0.2007,0.300945,0.50311,0.39842,0.049792,0.004397,0.000936,0.00078,0.003883,0.000546,0.00029,0.000299,0.00066,7e-06,0.000124,0.00026,0.001061,0.000622,2.8e-05
1580,282,651,369,369,0,0,0,42,8.51187,0.0,9152.839522,326.123894,2945.364236,2436.460817,994.49,1580,5,82,1971840.0,204814.8735,1762.6908,684.9791,6.9721,0.0,0.0,0.0,11,0.031915,1.007026,0.499511,0.501917,1.011624,0.403388,0.304156,0.299888,0.502533,0.0503,0.20094,0.301037,0.502013,0.397706,0.049755,0.004618,0.00092,0.000812,0.004016,0.000564,0.0003,0.000301,0.000679,7e-06,0.000128,0.000264,0.001044,0.000614,2.9e-05
1600,284,660,376,376,0,0,0,41,8.122591,0.0,9230.589246,329.417386,2942.460023,2435.443518,996.95,1600,5,82,1996800.0,207758.7435,1775.8037,696.3559,7.0725,0.0,0.0,0.0,11,0.03169,1.009549,0.500302,0.502209,1.011588,0.404424,0.303969,0.300007,0.502602,0.050338,0.200971,0.3012,0.503331,0.397693,0.049856,0.005044,0.000967,0.000756,0.004074,0.000582,0.000299,0.000298,0.000676,8e-06,0.000139,0.000264,0.001165,0.000632,3e-05
1620,281,664,383,383,0,0,0,39,8.09837,0.0,9312.407932,332.448695,2939.452935,2434.224995,1011.83,1620,5,82,2021760.0,210720.456,1790.1756,707.6492,7.2858,0.0,0.0,0.0,11,0.032028,1.009276,0.500441,0.502999,1.011682,0.403932,0.303619,0.299903,0.503097,0.050377,0.2009,0.301347,0.50301,0.397467,0.049805,0.005097,0.000998,0.000794,0.004132,0.000574,0.000291,0.000299,0.000697,9e-06,0.000141,0.000271,0.001163,0.000648,3.1e-05
1640,281,669,388,388,0,0,0,40,7.006414,0.0,9415.036566,334.146787,2938.846799,2433.590548,1025.69,1640,5,82,2046720.0,213701.9415,1804.8422,715.3765,7.3786,0.0,0.0,0.0,11,0.032028,1.009224,0.501469,0.503406,1.012142,0.403927,0.303996,0.299745,0.503725,0.050379,0.201016,0.300937,0.503223,0.398161,0.049754,0.005161,0.001071,0.000817,0.004169,0.000588,0.000293,0.000306,0.000729,9e-06,0.000148,0.000284,0.001165,0.00068,3.1e-05
1660,281,673,392,392,0,0,0,40,7.407996,0.0,9520.726904,335.368163,2937.223841,2433.328919,1027.46,1660,5,82,2071680.0,216696.714,1819.5088,721.1222,7.5486,0.0,0.0,0.0,11,0.032028,1.011077,0.501173,0.503705,1.011921,0.403485,0.303938,0.29949,0.504221,0.050402,0.201119,0.300656,0.503201,0.398425,0.049849,0.005304,0.001074,0.000841,0.004165,0.000581,0.000297,0.000304,0.000767,9e-06,0.00015,0.000285,0.00118,0.000758,3.2e-05
1680,279,677,398,398,0,0,0,42,8.357779,0.0,9641.310834,332.679591,2938.96263,2433.219651,1041.19,1680,5,82,2096640.0,219709.014,1834.1754,725.7421,7.6343,0.0,0.0,0.0,11,0.032258,1.011781,0.501253,0.503428,1.011633,0.403685,0.304104,0.29959,0.503847,0.050392,0.201279,0.300922,0.50301,0.398185,0.049862,0.005418,0.00109,0.000844,0.004199,0.00058,0.000297,0.000296,0.000797,9e-06,0.000157,0.000291,0.001192,0.000736,3.3e-05
1700,280,682,402,402,0,0,0,39,8.004792,0.0,9776.768999,332.53983,2939.455378,2433.173774,1050.85,1700,5,82,2121600.0,222721.314,1848.842,730.2446,7.6343,0.0,0.0,0.0,11,0.032143,1.01227,0.501173,0.503994,1.01018,0.403915,0.303868,0.299478,0.50344,0.050425,0.201681,0.301099,0.503526,0.398493,0.049873,0.005358,0.001123,0.000872,0.004235,0.000594,0.000297,0.000299,0.0008,8e-06,0.000159,0.000293,0.001173,0.000748,3.2e-05
1720,278,688,410,410,0,0,0,41,8.771447,0.0,9927.635457,329.390957,2941.837596,2433.154469,1065.42,1720,5,82,2146560.0,225733.614,1863.5086,736.7975,7.9427,0.0,0.0,0.0,37,0.032374,1.013152,0.500853,0.503633,1.010613,0.404091,0.304162,0.299408,0.503694,0.050431,0.201667,0.301161,0.503498,0.39889,0.049887,0.005755,0.001101,0.000855,0.004229,0.000613,0.000301,0.000297,0.000803,8e-06,0.00016,0.000304,0.001231,0.000776,3.1e-05
1740,282,699,417,417,0,0,0,41,8.975189,0.0,10082.331384,330.68222,2940.342591,2433.146339,1064.09,1740,5,82,2171520.0,228765.612,1878.1752,746.2617,8.1335,0.0,0.0,0.0,37,0.031915,1.01341,0.499948,0.50287,1.009977,0.403838,0.304142,0.299556,0.504784,0.050441,0.201412,0.301418,0.504196,0.399489,0.049767,0.0058,0.001078,0.000845,0.004009,0.000644,0.000288,0.000295,0.000892,8e-06,0.000158,0.000314,0.001264,0.000773,3.2e-05
1760,277,702,425,425,0,0,0,41,9.940279,0.0,10244.156196,331.609063,2938.450657,2433.142913,1090.4,1760,5,82,2196480.0,231806.172,1892.8418,756.7167,8.3464,0.0,0.0,0.0,37,0.032491,1.013203,0.500383,0.502583,1.01019,0.403306,0.304236,0.299355,0.504272,0.050416,0.201559,0.301306,0.503763,0.399444,0.049798,0.005742,0.001127,0.00086,0.004095,0.000639,0.000291,0.000289,0.00092,8e-06,0.000155,0.000315,0.001223,0.000788,3e-05
1780,282,713,431,431,0,0,0,41,8.920612,0.0,10423.91218,332.708381,2938.371007,2433.311168,1080.8,1780,5,82,2221440.0,234865.0905,1907.3311,764.6029,8.8543,0.0,0.0,0.0,37,0.031915,1.012632,0.501305,0.502435,1.011614,0.404234,0.304423,0.299468,0.505078,0.050498,0.201516,0.301351,0.504068,0.400151,0.049847,0.005786,0.001182,0.000842,0.004131,0.000631,0.000291,0.000295,0.000978,8e-06,0.000156,0.000332,0.001244,0.000803,3.1e-05
1800,291,724,433,433,0,0,0,38,6.407351,0.0,10574.14146,342.05821,2931.534439,2433.415622,1064.87,1800,5,82,2246400.0,237952.383,1921.6118,775.1429,9.7376,0.0,0.0,0.0,71,0.034364,1.014458,0.50161,0.502658,1.011746,0.40531,0.304827,0.299272,0.504766,0.050537,0.201722,0.301447,0.503716,0.400358,0.050012,0.005649,0.00118,0.000846,0.004216,0.000678,0.000299,0.000291,0.00098,8e-06,0.000158,0.000343,0.001228,0.000832,2.9e-05
1820,292,731,439,439,0,0,0,37,8.125227,0.0,10655.00398,346.309183,2925.56559,2433.255952,1077.08,1820,5,82,2271360.0,241044.573,1936.2784,786.8128,10.1643,0.0,0.0,0.0,71,0.034247,1.01261,0.500966,0.502722,1.011598,0.404943,0.304696,0.299358,0.504816,0.050561,0.201903,0.301213,0.503329,0.401056,0.049949,0.005287,0.00118,0.000853,0.004151,0.000674,0.000297,0.000295,0.000976,8e-06,0.000157,0.000348,0.001137,0.000853,3e-05
1840,297,742,445,445,0,0,0,40,8.791406,0.0,10697.334158,350.380908,2920.827687,2433.127788,1069.4,1840,5,82,2296320.0,244136.763,1951.008,797.6872,10.3081,0.0,0.0,0.0,37,0.03367,1.01259,0.502241,0.502934,1.012834,0.40522,0.304485,0.299462,0.505088,0.050617,0.20205,0.301076,0.503794,0.401014,0.049928,0.005392,0.001195,0.000856,0.004308,0.000671,0.000311,0.00029,0.001,9e-06,0.000159,0.000346,0.001111,0.000837,3.1e-05
1860,303,751,448,448,0,0,0,36,6.993879,0.0,10704.411707,356.89348,2916.112642,2431.813161,1064.57,1860,5,82,2321280.0,247228.953,1967.2202,807.9808,10.3659,0.0,0.0,0.0,37,0.033003,1.012698,0.501778,0.502818,1.013911,0.40539,0.304179,0.299127,0.505486,0.050601,0.202066,0.300739,0.504144,0.400815,0.049811,0.005464,0.001167,0.00085,0.004309,0.000665,0.000315,0.000294,0.001012,9e-06,0.000154,0.00034,0.001094,0.000841,3.1e-05
1880,311,761,450,450,0,0,0,31,5.220561,0.0,10658.743088,365.270819,2909.50862,2429.832431,1055.82,1880,5,82,2346240.0,250324.1445,1984.8348,818.5822,10.5836,0.0,0.0,0.0,37,0.032154,1.013872,0.501454,0.502884,1.013814,0.40512,0.303991,0.298973,0.504632,0.050567,0.202033,0.301128,0.503843,0.400439,0.049858,0.005685,0.00117,0.000874,0.004291,0.000622,0.000322,0.0003,0.000976,9e-06,0.000158,0.000347,0.001083,0.000828,3e-05
1900,311,767,456,456,0,0,0,31,7.074463,0.0,10569.364053,368.685606,2904.239931,2428.242597,1062.73,1900,5,82,2371200.0,253436.3445,2002.7173,829.1983,10.7193,0.0,0.0,0.0,75,0.032154,1.012988,0.501633,0.502112,1.013143,0.405352,0.304155,0.298267,0.504288,0.050574,0.20216,0.301357,0.504006,0.399773,0.049978,0.005611,0.001207,0.000896,0.004391,0.00064,0.00032,0.000311,0.000979,9e-06,0.000164,0.000356,0.001098,0.000851,3e-05
1920,316,777,461,461,0,0,0,27,4.342546,0.0,10470.747029,372.009726,2903.647728,2427.22438,1060.61,1920,5,82,2396160.0,256548.5445,2020.4225,838.5448,10.7193,0.0,0.0,0.0,11,0.028481,1.011847,0.502461,0.502103,1.013402,0.405202,0.304097,0.298564,0.504109,0.05058,0.202266,0.301493,0.504179,0.400483,0.050129,0.005708,0.001206,0.00088,0.004501,0.000636,0.000322,0.000326,0.001027,9e-06,0.000168,0.000363,0.001151,0.000871,3.1e-05
1940,319,787,468,468,0,0,0,29,5.66827,0.0,10322.656622,375.128543,2899.203187,2426.396402,1059.51,1940,6,82,2421120.0,259660.7445,2037.9192,850.7923,10.7193,0.0,0.0,0.0,11,0.028213,1.011265,0.501979,0.501585,1.011935,0.40511,0.304471,0.298573,0.504487,0.050499,0.202151,0.301705,0.503956,0.400067,0.050083,0.005517,0.001184,0.000899,0.004523,0.000633,0.000322,0.000338,0.001058,9e-06,0.000162,0.000361,0.001166,0.000811,3.2e-05
1960,316,790,474,474,0,0,0,29,6.001371,0.0,10179.76286,377.089492,2896.909137,2425.475127,1077.87,1960,6,81,2446080.0,262772.9445,2055.8017,860.0476,10.8328,0.0,0.0,0.0,11,0.028481,1.011223,0.501609,0.501753,1.011193,0.404933,0.304478,0.298457,0.503909,0.050498,0.202378,0.301536,0.504485,0.399897,0.050129,0.005468,0.001175,0.00086,0.00446,0.000617,0.00032,0.00034,0.001026,9e-06,0.000164,0.000359,0.001149,0.000826,3.2e-05
1980,314,794,480,480,0,0,0,28,6.30543,0.0,10051.905902,375.437424,2898.257146,2424.766348,1089.35,1980,6,81,2471040.0,265885.1445,2073.6843,865.6109,10.8328,0.0,0.0,0.0,37,0.028662,1.011241,0.501506,0.501379,1.010522,0.404626,0.304238,0.29811,0.503539,0.050442,0.202309,0.3015,0.504326,0.399708,0.050165,0.005524,0.001155,0.000871,0.004523,0.00059,0.000324,0.000345,0.001039,9e-06,0.000163,0.000363,0.001164,0.000845,3.3e-05
2000,314,802,488,488,0,0,0,28,6.885806,0.0,9949.755781,371.995552,2901.118643,2424.182889,1095.73,2000,6,81,2496000.0,269011.4745,2091.5668,871.5823,10.9054,0.0,0.0,0.0,37,0.031847,1.012795,0.501836,0.501443,1.009577,0.404665,0.303971,0.298668,0.503946,0.05043,0.202349,0.30145,0.504295,0.400123,0.050071,0.005515,0.001167,0.000873,0.004498,0.000601,0.000321,0.000345,0.001067,9e-06,0.000166,0.000366,0.001186,0.000843,3.3e-05
2020,310,805,495,495,0,0,0,31,7.564833,0.0,9871.435547,371.177668,2901.257499,2423.679607,1126.26,2020,6,81,2520960.0,272146.9695,2109.4494,879.4607,10.9054,0.0,0.0,0.0,37,0.032258,1.012181,0.501584,0.501454,1.010201,0.404604,0.303917,0.298795,0.504596,0.05046,0.202544,0.301436,0.503892,0.400165,0.050074,0.0053,0.001113,0.000861,0.004476,0.000578,0.000322,0.00034,0.001062,9e-06,0.000167,0.00036,0.00119,0.000847,3.4e-05
2040,306,810,504,504,0,0,0,32,7.367121,0.0,9842.370487,366.89042,2905.742458,2422.835071,1149.08,2040,6,81,2545920.0,275291.6295,2127.7318,885.77,11.3369,0.0,0.0,0.0,37,0.035948,1.011529,0.501653,0.501347,1.010808,0.405036,0.304074,0.299009,0.504907,0.050487,0.202442,0.301403,0.503875,0.399756,0.050142,0.005167,0.001109,0.000845,0.004297,0.000573,0.000321,0.000334,0.001078,9e-06,0.000173,0.000367,0.001172,0.000857,3.4e-05
2060,303,812,509,509,0,0,0,34,8.76414,0.0,9843.734551,364.7118,2906.52406,2420.652226,1176.69,2060,6,81,2570880.0,278436.2895,2147.4405,889.3854,11.3807,0.0,0.0,0.0,37,0.036304,1.011848,0.502215,0.501636,1.010621,0.405226,0.304094,0.298766,0.504294,0.050482,0.202478,0.301331,0.503917,0.399913,0.050063,0.005156,0.00111,0.000845,0.004281,0.000565,0.000321,0.000334,0.001022,9e-06,0.00017,0.000373,0.001178,0.00085,3.3e-05
2080,303,816,513,513,0,0,0,35,7.740772,0.0,9856.052771,364.548962,2907.710266,2416.144155,1188.97,2080,6,81,2595840.0,281580.9495,2169.674,893.7665,11.4431,0.0,0.0,0.0,37,0.033003,1.012658,0.501882,0.501872,1.010241,0.405846,0.30412,0.298406,0.504408,0.050461,0.202512,0.301379,0.503908,0.400111,0.050192,0.005269,0.001135,0.000837,0.004309,0.000565,0.00033,0.000321,0.001036,9e-06,0.00017,0.000372,0.001188,0.000866,3.5e-05
2100,301,823,522,522,0,0,0,37,8.317802,0.0,9894.949707,358.223534,2913.458664,2409.887329,1210.34,2100,6,81,2620800.0,284725.6095,2193.936,898.4475,11.5852,0.0,0.0,0.0,37,0.036545,1.010812,0.50248,0.501635,1.009119,0.405822,0.304167,0.298473,0.504523,0.05048,0.202548,0.30113,0.503242,0.400646,0.05016,0.005293,0.001146,0.000839,0.004443,0.000565,0.000331,0.000327,0.001054,9e-06,0.000178,0.000379,0.001222,0.00088,3.5e-05
2120,297,825,528,528,0,0,0,38,7.716374,0.0,9972.090001,356.247869,2916.035757,2401.962343,1239.03,2120,6,81,2645760.0,287870.2695,2218.681,903.5057,11.7603,0.0,0.0,0.0,37,0.037037,1.010788,0.502124,0.501308,1.008606,0.406078,0.304363,0.29873,0.504475,0.050436,0.202486,0.301125,0.503033,0.400042,0.050166,0.005224,0.001131,0.000833,0.004476,0.000576,0.000334,0.000311,0.001022,9e-06,0.00018,0.000364,0.001199,0.000858,3.4e-05
2140,299,834,535,535,0,0,0,39,9.538791,0.0,10045.966721,353.806103,2916.655106,2392.447745,1234.71,2140,6,81,2670720.0,291014.9295,2239.5456,909.122,12.2513,0.0,0.0,0.0,37,0.040134,1.010745,0.502356,0.501477,1.008384,0.406012,0.304029,0.298983,0.504666,0.050428,0.202742,0.301034,0.504325,0.39995,0.050293,0.005636,0.001133,0.000804,0.004534,0.000598,0.000336,0.000323,0.001021,9e-06,0.000178,0.000354,0.001209,0.000859,3.7e-05
2160,298,839,541,541,0,0,0,38,6.643087,0.0,10129.394191,354.417463,2918.939449,2392.22932,1249.1,2160,6,81,2695680.0,294159.5895,2248.2365,916.5044,12.3287,0.0,0.0,0.0,37,0.033557,1.011145,0.502162,0.501905,1.009032,0.406498,0.304431,0.298749,0.504527,0.050414,0.202587,0.301057,0.503779,0.400089,0.050401,0.005558,0.00114,0.000837,0.004588,0.000612,0.000331,0.000318,0.001018,9e-06,0.000175,0.000361,0.001191,0.000848,3.7e-05
2180,295,845,550,550,0,0,0,41,9.119238,0.0,10233.672694,350.751898,2920.128864,2392.121097,1265.81,2180,5,81,2720640.0,297304.2495,2256.9274,923.9445,12.5775,0.0,0.0,0.0,37,0.030508,1.008913,0.502671,0.501295,1.009087,0.406382,0.304564,0.298648,0.504455,0.050437,0.202253,0.300829,0.503479,0.400265,0.050185,0.005387,0.001202,0.000835,0.004642,0.000593,0.000344,0.00032,0.001037,9e-06,0.00018,0.000357,0.00115,0.000842,3.7e-05
2200,296,850,554,554,0,0,0,43,8.121053,0.0,10339.116307,351.882306,2919.996641,2392.067209,1273.71,2200,5,81,2745600.0,300448.9095,2265.6182,929.9525,12.5775,0.0,0.0,0.0,37,0.033784,1.00803,0.50214,0.501365,1.008069,0.406354,0.30468,0.298947,0.504723,0.050449,0.202535,0.300799,0.503461,0.400312,0.050342,0.005369,0.001185,0.000829,0.004715,0.000586,0.000342,0.000332,0.001028,9e-06,0.000185,0.000356,0.001142,0.000839,3.7e-05
2220,300,858,558,558,0,0,0,42,7.42874,0.0,10425.846582,354.387668,2918.183593,2392.040311,1269.51,2220,5,81,2770560.0,303607.374,2274.3091,937.0275,12.6197,0.0,0.0,0.0,37,0.03,1.008994,0.501799,0.50125,1.00724,0.40603,0.305114,0.298923,0.504193,0.050446,0.202263,0.301012,0.503152,0.400042,0.050341,0.005308,0.001199,0.000891,0.004734,0.000588,0.000337,0.00033,0.001054,9e-06,0.000187,0.00038,0.001161,0.000846,3.9e-05
2240,302,866,564,564,0,0,0,40,7.870595,0.0,10523.207888,356.2076,2915.921805,2392.026868,1274.76,2240,5,81,2795520.0,306794.154,2283.0,945.3512,12.9833,0.0,0.0,0.0,37,0.029801,1.010775,0.501464,0.501463,1.007879,0.406122,0.304974,0.298629,0.50485,0.050479,0.202262,0.301839,0.502361,0.399822,0.050267,0.00526,0.001201,0.000907,0.004676,0.000582,0.000326,0.000337,0.001071,1e-05,0.000191,0.000376,0.001162,0.000821,3.9e-05
2260,304,872,568,568,0,0,0,39,6.742407,0.0,10585.167133,361.571532,2911.686061,2392.020146,1284.44,2260,5,81,2820480.0,309980.934,2291.6909,955.587,13.0426,0.0,0.0,0.0,37,0.029605,1.012065,0.501192,0.501752,1.009599,0.40613,0.305554,0.298701,0.504574,0.050477,0.202217,0.301675,0.503259,0.400153,0.050237,0.005553,0.00117,0.000927,0.004761,0.000595,0.000327,0.000349,0.001073,1e-05,0.000191,0.000377,0.001237,0.000815,4e-05
2280,308,884,576,576,0,0,0,38,6.543203,0.0,10635.242679,360.986557,2912.47024,2392.016783,1269.98,2280,5,81,2845440.0,313167.714,2300.3817,964.0588,13.2244,0.0,0.0,0.0,50,0.032468,1.012464,0.501166,0.501985,1.009268,0.40636,0.30585,0.298869,0.504457,0.050584,0.201732,0.30186,0.504195,0.400372,0.050307,0.005361,0.001277,0.000979,0.005146,0.000598,0.000347,0.000367,0.001117,1e-05,0.000188,0.000371,0.00127,0.000804,4.2e-05
2300,317,896,579,579,0,0,0,34,6.02057,0.0,10616.739936,371.411948,2902.567482,2392.0151,1246.79,2300,5,81,2870400.0,316354.494,2309.0726,977.8202,13.5174,0.0,0.0,0.0,50,0.031546,1.011251,0.500504,0.501763,1.009528,0.405793,0.305703,0.298954,0.50363,0.050564,0.202298,0.301869,0.50455,0.400134,0.050188,0.005474,0.001296,0.001003,0.005177,0.000602,0.000352,0.000367,0.001152,1e-05,0.000189,0.000373,0.001311,0.000807,4.2e-05
2320,319,905,586,586,0,0,0,37,5.646748,0.0,10537.684205,375.980449,2898.372803,2392.014259,1239.7,2320,5,81,2895360.0,319544.505,2317.7635,990.6029,13.8216,0.0,0.0,0.0,50,0.034483,1.011157,0.500659,0.502418,1.00824,0.405319,0.305567,0.298787,0.503221,0.050496,0.202374,0.30187,0.504555,0.399626,0.050146,0.005524,0.001292,0.00103,0.005092,0.000587,0.000346,0.000369,0.001122,9e-06,0.000189,0.000372,0.001302,0.000831,4.2e-05
2340,313,908,595,595,0,0,0,41,7.008313,0.0,10485.679294,374.131158,2898.860529,2392.013837,1275.73,2340,5,81,2920320.0,322742.055,2326.4544,999.7345,13.8973,0.0,0.0,0.0,29,0.031949,1.010762,0.501,0.502334,1.007619,0.404993,0.305411,0.298953,0.502919,0.050537,0.202184,0.302263,0.504439,0.398845,0.050046,0.005173,0.001285,0.001024,0.005034,0.000565,0.000342,0.000372,0.001124,9e-06,0.000193,0.000368,0.001242,0.000786,3.9e-05
2360,313,916,603,603,0,0,0,42,8.868108,0.0,10451.141093,372.038833,2899.093059,2392.013627,1285.02,2360,5,81,2945280.0,325946.433,2335.1452,1007.123,13.9734,0.0,0.0,0.0,29,0.031949,1.011556,0.501401,0.502619,1.008825,0.405352,0.305658,0.298975,0.503286,0.050573,0.201956,0.302048,0.504949,0.398736,0.049983,0.005629,0.001281,0.001032,0.005154,0.000606,0.000345,0.000379,0.001158,9e-06,0.00019,0.000387,0.001307,0.000819,3.9e-05
2380,315,924,609,609,0,0,0,40,7.677665,0.0,10441.268482,372.808111,2899.514224,2392.013521,1287.21,2380,6,81,2970240.0,329166.6555,2343.8361,1015.0521,14.0146,0.0,0.0,0.0,29,0.031746,1.013109,0.501104,0.502537,1.009486,0.404913,0.305494,0.299054,0.503601,0.050472,0.201854,0.301789,0.505058,0.398929,0.04989,0.005582,0.001259,0.001046,0.004953,0.000612,0.000358,0.000374,0.001168,9e-06,0.000185,0.000393,0.001302,0.000879,3.8e-05
2400,317,932,615,615,0,0,0,39,8.279951,0.0,10422.262603,376.091659,2895.62839,2392.013469,1287.13,2400,6,81,2995200.0,332405.424,2352.527,1025.9902,14.0146,0.0,0.0,0.0,29,0.031546,1.011252,0.501058,0.502535,1.006883,0.404658,0.305474,0.299469,0.502685,0.05045,0.202066,0.301599,0.505383,0.399107,0.049928,0.005612,0.00125,0.001052,0.005079,0.000604,0.000356,0.000373,0.001173,8e-06,0.000183,0.000399,0.001308,0.000889,4.1e-05
2420,323,941,618,618,0,0,0,36,7.141377,0.0,10383.074518,382.16448,2890.694143,2392.013442,1273.43,2420,6,81,3020160.0,335658.912,2361.2178,1035.4435,14.1684,0.0,0.0,0.0,29,0.03096,1.012472,0.501588,0.503612,1.006733,0.40452,0.305475,0.299422,0.50217,0.050413,0.201987,0.301146,0.50462,0.398952,0.049953,0.005582,0.001206,0.001104,0.005011,0.000619,0.000365,0.000368,0.00115,8e-06,0.00019,0.000398,0.001315,0.000887,4.1e-05
2440,318,944,626,626,0,0,0,39,8.557974,0.0,10329.755417,380.480274,2890.961752,2393.577709,1294.63,2440,6,81,3045120.0,338920.122,2368.0191,1043.1014,14.726,0.0,0.0,0.0,50,0.031447,1.011703,0.501624,0.502842,1.007433,0.404663,0.305905,0.299766,0.501672,0.050422,0.201683,0.301166,0.504396,0.398878,0.049975,0.005565,0.001224,0.001062,0.005183,0.000627,0.000361,0.000363,0.00115,8e-06,0.000192,0.000403,0.00135,0.000893,4.2e-05
2460,313,948,635,635,0,0,0,40,9.786799,0.0,10323.910909,374.950099,2895.263102,2395.01944,1327.58,2460,6,81,3070080.0,342181.332,2373.5607,1048.5049,15.1588,0.0,0.0,0.0,11,0.028754,1.010661,0.501384,0.502868,1.007303,0.404427,0.306046,0.300074,0.502168,0.050468,0.201755,0.30107,0.503074,0.398957,0.050019,0.005339,0.001225,0.001068,0.005131,0.000628,0.000359,0.000341,0.001112,8e-06,0.000189,0.000413,0.001268,0.000939,4.2e-05
2480,317,959,642,642,0,0,0,41,7.730701,0.0,10341.271926,372.93633,2899.332969,2395.660363,1323.52,2480,6,81,3095040.0,345449.256,2379.1022,1055.0845,15.2155,0.0,0.0,0.0,99,0.031546,1.011226,0.500824,0.502414,1.00807,0.40501,0.30608,0.300299,0.502039,0.050463,0.201497,0.301203,0.504571,0.398943,0.05026,0.005584,0.001169,0.001046,0.005179,0.000672,0.000376,0.000351,0.001114,8e-06,0.000194,0.000417,0.001352,0.000909,4.2e-05
2500,313,962,649,649,0,0,0,43,8.847906,0.0,10366.953285,373.20782,2897.944274,2395.936777,1354.44,2500,6,81,3120000.0,348721.656,2384.6437,1064.0646,15.2934,0.0,0.0,0.0,11,0.028754,1.010754,0.500796,0.502474,1.007057,0.404915,0.306348,0.300178,0.502048,0.050498,0.201695,0.300898,0.504153,0.399124,0.050149,0.005287,0.001163,0.001073,0.005121,0.000658,0.000397,0.000341,0.001056,9e-06,0.000195,0.000423,0.001333,0.000912,4.2e-05
2520,316,972,656,656,0,0,0,40,7.073247,0.0,10417.520148,373.6703,2899.256452,2396.054422,1356.8,2520,6,81,3144960.0,352010.706,2390.1853,1072.6261,15.4662,0.0,0.0,0.0,50,0.028481,1.012622,0.501466,0.502948,1.009356,0.404809,0.306526,0.3004,0.502565,0.050498,0.202174,0.300716,0.503028,0.39878,0.050228,0.005364,0.001208,0.001066,0.00518,0.000642,0.000407,0.000348,0.001064,9e-06,0.000199,0.00041,0.001408,0.000906,4e-05
2540,313,975,662,662,0,0,0,40,6.55548,0.0,10470.636808,374.054767,2899.389753,2396.104212,1378.88,2540,6,81,3169920.0,355299.756,2395.7268,1080.0893,15.4662,0.0,0.0,0.0,50,0.028754,1.012574,0.501827,0.502542,1.008811,0.40519,0.306764,0.300564,0.502488,0.050468,0.202191,0.300577,0.503005,0.398717,0.050389,0.005221,0.001221,0.001061,0.005201,0.000628,0.000407,0.000349,0.001059,9e-06,0.000198,0.000413,0.001413,0.00091,4.2e-05
2560,315,982,667,667,0,0,0,39,7.69407,0.0,10502.487828,376.299011,2896.00692,2396.125233,1385.18,2560,6,81,3194880.0,358592.1855,2401.2683,1088.15,15.5299,0.0,0.0,0.0,71,0.031746,1.013148,0.502494,0.503065,1.010091,0.405187,0.306885,0.300411,0.502355,0.050461,0.202421,0.300838,0.502822,0.399102,0.050457,0.005434,0.001231,0.001115,0.005241,0.000634,0.000398,0.00035,0.001057,9e-06,0.000199,0.000423,0.001397,0.000931,4.3e-05
2580,312,988,676,676,0,0,0,39,8.935074,0.0,10568.12878,372.179515,2898.885411,2396.134099,1410.81,2580,6,81,3219840.0,361903.7655,2406.8099,1094.7277,15.9673,0.0,0.0,0.0,71,0.032051,1.013071,0.502645,0.502473,1.012757,0.40539,0.306514,0.300275,0.503393,0.050486,0.202328,0.300686,0.50265,0.399117,0.05027,0.005586,0.001215,0.001128,0.005279,0.000669,0.000403,0.000354,0.001061,9e-06,0.000194,0.00043,0.001356,0.000917,4.4e-05
2600,313,994,681,681,0,0,0,40,8.696159,0.0,10645.529245,372.701035,2898.602806,2396.137837,1422.58,2600,6,81,3244800.0,365223.8805,2412.3514,1100.9244,16.3904,0.0,0.0,0.0,71,0.031949,1.012109,0.502202,0.502104,1.012692,0.405257,0.30622,0.300143,0.503119,0.050558,0.202458,0.300288,0.502146,0.39929,0.050221,0.00559,0.001171,0.001089,0.005077,0.000646,0.000408,0.000351,0.001063,9e-06,0.000186,0.000422,0.001311,0.000903,4.4e-05
2620,313,1000,687,687,0,0,0,39,6.784992,0.0,10753.240342,372.657763,2900.557244,2396.139413,1433.22,2620,6,81,3269760.0,368552.5305,2417.8929,1107.9822,16.6667,0.0,0.0,0.0,71,0.035144,1.011163,0.502355,0.502532,1.011716,0.405467,0.306437,0.300004,0.501973,0.05059,0.202557,0.299843,0.501725,0.399489,0.050183,0.005661,0.001143,0.00108,0.005124,0.000661,0.00039,0.000351,0.00103,1e-05,0.000192,0.000429,0.001289,0.000915,4.4e-05
2640,317,1010,693,693,0,0,0,38,8.75566,0.0,10807.163451,376.034317,2895.210023,2396.140077,1420.09,2640,6,81,3294720.0,371881.1805,2423.4345,1118.6188,16.7042,0.0,0.0,0.0,71,0.0347,1.011779,0.502724,0.502262,1.010454,0.406042,0.306519,0.300293,0.501533,0.05057,0.202413,0.300194,0.50236,0.399306,0.050335,0.005769,0.001157,0.001098,0.005158,0.00068,0.000385,0.00036,0.001051,9e-06,0.000198,0.000436,0.00141,0.000913,4.5e-05
2660,317,1014,697,697,0,0,0,37,5.742246,0.0,10863.457512,379.207582,2895.050171,2396.140357,1437.25,2660,6,81,3319680.0,375209.8305,2428.976,1126.0051,17.087,0.0,0.0,0.0,71,0.0347,1.012377,0.502994,0.501837,1.010018,0.405914,0.306211,0.300044,0.501507,0.050531,0.202581,0.30032,0.502408,0.399426,0.050333,0.005753,0.001132,0.001077,0.005093,0.000665,0.00039,0.000361,0.001048,9e-06,0.000194,0.000433,0.001391,0.000913,4.5e-05
2680,316,1020,704,704,0,0,0,41,7.265204,0.0,10918.745261,376.784381,2895.950415,2396.48205,1457.24,2680,6,81,3344640.0,378538.4805,2433.9543,1132.2571,17.1915,0.0,0.0,0.0,71,0.03481,1.011573,0.502907,0.501515,1.0103,0.406437,0.305969,0.300115,0.501556,0.050638,0.202663,0.300067,0.502388,0.399977,0.050302,0.005681,0.001134,0.000989,0.004961,0.000672,0.000413,0.000358,0.001036,9e-06,0.000184,0.000431,0.001385,0.000888,4.4e-05
2700,314,1023,709,709,0,0,0,42,6.036498,0.0,10979.054496,376.578151,2897.38535,2396.283787,1474.89,2700,6,81,3369600.0,381867.1305,2439.4958,1138.1236,17.1915,0.0,0.0,0.0,71,0.031847,1.011519,0.502819,0.500914,1.010447,0.40637,0.305795,0.300293,0.501011,0.050669,0.202558,0.300195,0.50217,0.399846,0.050349,0.005759,0.001121,0.001015,0.004982,0.000677,0.000419,0.000349,0.00102,1e-05,0.00018,0.000431,0.001384,0.000908,4.3e-05
2720,319,1032,713,713,0,0,0,36,5.668241,0.0,11038.330145,379.094168,2895.237591,2396.200802,1460.05,2720,6,81,3394560.0,385204.407,2445.0373,1144.942,17.4882,0.0,0.0,0.0,71,0.031348,1.013722,0.503053,0.500748,1.012363,0.406594,0.30579,0.300418,0.500944,0.050625,0.202123,0.300414,0.502239,0.399826,0.050408,0.005892,0.001148,0.001005,0.005397,0.000669,0.000418,0.000347,0.001045,1e-05,0.000185,0.000433,0.001446,0.000927,4.5e-05
2740,322,1041,719,719,0,0,0,36,6.783323,0.0,11071.566396,380.221382,2892.995295,2396.165928,1453.38,2740,6,81,3419520.0,388552.227,2450.5789,1153.6155,17.588,0.0,0.0,0.0,71,0.031056,1.011908,0.502994,0.500209,1.010535,0.406547,0.305827,0.300222,0.500945,0.050557,0.202249,0.300977,0.501518,0.399477,0.050316,0.005594,0.001149,0.001037,0.005407,0.000663,0.0004,0.000345,0.001081,1e-05,0.00019,0.000445,0.001383,0.00096,4.5e-05
2760,324,1048,724,724,0,0,0,32,5.202283,0.0,11089.495069,384.665624,2890.132093,2396.151248,1447.8,2760,6,81,3444480.0,391900.047,2456.1204,1164.1665,17.588,0.0,0.0,0.0,71,0.030864,1.011881,0.502716,0.50034,1.010643,0.406408,0.305674,0.300473,0.501129,0.050574,0.202226,0.300854,0.501419,0.399389,0.050304,0.00561,0.001148,0.001123,0.005431,0.000675,0.000398,0.000358,0.001071,1e-05,0.00019,0.000449,0.001372,0.000965,4.4e-05
2780,324,1060,736,736,0,0,0,37,8.396378,0.0,11130.764998,381.396215,2890.207406,2396.145064,1443.31,2780,6,81,3469440.0,395277.3375,2461.6619,1174.5599,18.0548,0.0,0.0,0.0,71,0.030864,1.013369,0.50258,0.500863,1.011017,0.405405,0.306241,0.300718,0.501433,0.050582,0.201729,0.301074,0.500404,0.39925,0.050228,0.005555,0.00115,0.001103,0.005561,0.000659,0.000422,0.000368,0.001072,1e-05,0.000201,0.000436,0.00133,0.000974,4.5e-05
2800,325,1068,743,743,0,0,0,36,7.139778,0.0,11204.505518,384.365292,2888.49493,2396.142459,1434.79,2800,6,81,3494400.0,398681.5395,2467.2035,1185.9605,18.1087,0.0,0.0,0.0,11,0.027692,1.013012,0.502557,0.500577,1.010537,0.40525,0.306114,0.300981,0.501618,0.050521,0.201387,0.301092,0.500562,0.398921,0.050383,0.005551,0.001157,0.001086,0.005498,0.000653,0.000415,0.000371,0.001116,1e-05,0.000202,0.000448,0.001336,0.001002,4.8e-05
2820,332,1078,746,746,0,0,0,31,5.35041,0.0,11211.554551,393.426955,2881.222635,2396.482927,1419.48,2820,6,81,3519360.0,402089.2395,2472.1817,1198.2728,18.3479,0.0,0.0,0.0,11,0.027108,1.012634,0.502925,0.500484,1.010821,0.405321,0.305898,0.300681,0.502583,0.050574,0.201593,0.301039,0.500456,0.398623,0.050273,0.005588,0.001164,0.0011,0.005407,0.000653,0.000415,0.000374,0.001188,1e-05,0.000202,0.000452,0.001309,0.001013,4.8e-05
2840,329,1084,755,755,0,0,0,33,7.85406,0.0,11201.891714,392.273707,2879.872232,2396.284153,1439.48,2840,6,81,3544320.0,405496.9395,2477.7232,1208.266,18.3479,0.0,0.0,0.0,11,0.027356,1.011141,0.501875,0.500886,1.008795,0.405392,0.305682,0.300637,0.502434,0.050557,0.201789,0.301499,0.500277,0.399573,0.050251,0.005496,0.001154,0.001081,0.00526,0.000634,0.000411,0.000368,0.001164,1e-05,0.000199,0.000454,0.001304,0.000999,4.7e-05
2860,334,1094,760,760,0,0,0,28,5.967582,0.0,11188.793751,395.033398,2878.99902,2396.200956,1434.8,2860,6,81,3569280.0,408904.6395,2483.2648,1216.7796,18.7246,0.0,0.0,0.0,11,0.026946,1.011514,0.501581,0.501345,1.00799,0.405585,0.30548,0.300168,0.502584,0.050616,0.202016,0.301203,0.500207,0.399351,0.050182,0.005542,0.001151,0.001109,0.005207,0.000637,0.000415,0.000361,0.001205,1.1e-05,0.000201,0.000447,0.001346,0.001016,4.7e-05
2880,333,1099,766,766,0,0,0,26,6.20049,0.0,11169.361204,398.494974,2875.304536,2396.165993,1454.62,2880,6,81,3594240.0,412339.6815,2488.8063,1226.6363,19.2618,0.0,0.0,0.0,11,0.027027,1.012663,0.501827,0.501941,1.006908,0.405333,0.306184,0.299908,0.502668,0.050549,0.201901,0.301389,0.500185,0.399775,0.050306,0.005525,0.001142,0.001081,0.005089,0.000652,0.000424,0.000354,0.001211,1e-05,0.000197,0.000443,0.001342,0.000987,4.7e-05
2900,333,1105,772,772,0,0,0,26,5.354118,0.0,11171.086638,398.703558,2875.942325,2396.151276,1462.9,2900,6,81,3619200.0,415786.5615,2494.3478,1233.9611,19.3302,0.0,0.0,0.0,11,0.027027,1.01294,0.501495,0.502138,1.006449,0.405706,0.305713,0.299718,0.502081,0.050554,0.202031,0.301053,0.500515,0.400274,0.050417,0.005547,0.001147,0.00105,0.005061,0.000675,0.000433,0.000361,0.001196,1e-05,0.000198,0.000452,0.001376,0.00103,4.8e-05
2920,331,1111,780,780,0,0,0,28,6.873075,0.0,11175.250305,394.570813,2878.556112,2396.145076,1480.22,2920,6,81,3644160.0,419233.4415,2499.8894,1239.3134,19.3302,0.0,0.0,0.0,11,0.02719,1.013825,0.501649,0.502622,1.005739,0.405808,0.305513,0.299497,0.502889,0.050557,0.202105,0.300756,0.500091,0.400333,0.050362,0.005484,0.00117,0.001051,0.00514,0.000672,0.000438,0.000353,0.001207,1e-05,0.000202,0.000438,0.00137,0.00101,4.8e-05
2940,339,1119,780,780,0,0,0,24,3.820279,0.0,11164.525494,403.657118,2872.522603,2396.142463,1465.1,2940,6,81,3669120.0,422690.865,2505.4309,1248.2865,19.4435,0.0,0.0,0.0,11,0.026549,1.014997,0.501934,0.502126,1.005074,0.406316,0.305357,0.299414,0.502862,0.050507,0.202015,0.300616,0.500959,0.400348,0.050381,0.005762,0.001168,0.001077,0.00525,0.00069,0.000443,0.000353,0.001244,1e-05,0.000205,0.000432,0.001416,0.001008,4.8e-05
2960,337,1124,787,787,0,0,0,30,6.540613,0.0,11118.983788,403.235473,2870.223914,2396.482929,1475.01,2960,6,81,3694080.0,426156.915,2510.4092,1256.6853,19.4812,0.0,0.0,0.0,11,0.026706,1.013382,0.501895,0.502397,1.005054,0.406115,0.305609,0.299444,0.502776,0.050483,0.20202,0.300761,0.500859,0.400248,0.05041,0.00579,0.001177,0.001121,0.005323,0.000678,0.00045,0.000372,0.001247,1e-05,0.000205,0.000433,0.001429,0.000998,4.9e-05
2980,334,1130,796,796,0,0,0,30,5.395047,0.0,11125.90419,398.693724,2875.911229,2396.284154,1502.1,2980,6,81,3719040.0,429622.965,2515.9507,1262.9424,19.539,0.0,0.0,0.0,11,0.026946,1.013452,0.502604,0.502536,1.006907,0.40575,0.305855,0.299057,0.502122,0.050452,0.202018,0.301278,0.500708,0.400446,0.050457,0.005755,0.001251,0.001113,0.005536,0.00065,0.000442,0.000368,0.001231,1e-05,0.000204,0.00045,0.00148,0.000962,5e-05
3000,333,1138,805,805,0,0,0,31,6.687309,0.0,11159.941319,395.427184,2877.885506,2396.200956,1518.01,3000,6,81,3744000.0,433096.8855,2521.4922,1270.5047,19.8296,0.0,0.0,0.0,11,0.027027,1.013826,0.502599,0.502136,1.006032,0.406225,0.305662,0.299023,0.502436,0.050408,0.201951,0.301283,0.501669,0.400396,0.050658,0.005766,0.001239,0.001096,0.00559,0.000664,0.000427,0.000369,0.001284,1e-05,0.000196,0.000441,0.001642,0.000945,5e-05
3020,329,1147,818,818,0,0,0,33,6.033044,0.0,11235.054866,390.083045,2883.883912,2396.165993,1533.29,3020,6,81,3768960.0,436580.4255,2527.0338,1280.4036,20.5126,0.0,0.0,0.0,11,0.030395,1.014368,0.503051,0.502894,1.00663,0.406123,0.306085,0.299583,0.502484,0.050408,0.201936,0.301505,0.502621,0.401138,0.050827,0.006403,0.001228,0.001114,0.005755,0.000656,0.000435,0.000373,0.00127,1e-05,0.00019,0.000444,0.001737,0.000958,5.1e-05
3040,332,1154,822,822,0,0,0,28,6.754568,0.0,11296.017073,395.259363,2877.986069,2396.151276,1528.71,3040,6,81,3793920.0,440063.9655,2532.5753,1290.176,20.6768,0.0,0.0,0.0,11,0.03012,1.015238,0.503539,0.5031,1.005248,0.406704,0.306343,0.299491,0.502059,0.050434,0.201685,0.30179,0.502641,0.40126,0.050845,0.006456,0.001312,0.001116,0.005712,0.000685,0.000445,0.000376,0.001294,1e-05,0.000192,0.000458,0.001719,0.000974,5.4e-05
3060,329,1159,830,830,0,0,0,28,5.305684,0.0,11374.100059,393.205482,2881.488834,2396.145076,1556.27,3060,6,81,3818880.0,443547.5055,2538.1168,1297.5604,21.1181,0.0,0.0,0.0,11,0.027356,1.014435,0.503833,0.503027,1.004332,0.406174,0.305978,0.299275,0.502135,0.050416,0.201469,0.301785,0.502016,0.400611,0.05063,0.006386,0.001307,0.001138,0.005408,0.000686,0.000413,0.000374,0.001275,1e-05,0.000187,0.000453,0.001652,0.00098,5e-05
3080,335,1169,834,834,0,0,0,31,6.524582,0.0,11423.23253,396.578875,2876.896543,2396.142463,1546.44,3080,6,81,3843840.0,447031.0455,2543.6584,1306.2677,21.1181,0.0,0.0,0.0,11,0.026866,1.013689,0.504165,0.5027,1.00444,0.407102,0.305921,0.299478,0.502908,0.05041,0.201217,0.301871,0.502768,0.401077,0.05064,0.006219,0.00132,0.001116,0.005377,0.000716,0.000416,0.000378,0.001284,1e-05,0.000186,0.000453,0.001803,0.000979,5e-05
3100,337,1176,839,839,0,0,0,32,6.012881,0.0,11444.434232,400.476126,2873.510992,2396.482929,1549.39,3100,6,81,3868800.0,450514.5855,2548.6366,1316.0618,21.3363,0.0,0.0,0.0,11,0.026706,1.013656,0.504216,0.503005,1.002859,0.407042,0.305915,0.299691,0.502957,0.050431,0.201296,0.301952,0.502012,0.400832,0.050597,0.0063,0.001316,0.001133,0.005418,0.000728,0.00042,0.000376,0.001329,1e-05,0.000189,0.000446,0.001818,0.000971,5e-05
3120,340,1187,847,847,0,0,0,33,8.338992,0.0,11419.179059,402.021827,2869.639181,2396.284154,1542.56,3120,6,81,3893760.0,453998.1255,2554.1782,1327.1819,21.5593,0.0,0.0,0.0,11,0.029412,1.012669,0.503927,0.502796,1.001456,0.406828,0.306031,0.299992,0.503225,0.050361,0.201394,0.30241,0.501376,0.399704,0.050431,0.006179,0.001318,0.00118,0.005775,0.000711,0.000398,0.000395,0.001373,1e-05,0.000192,0.000447,0.001824,0.000952,4.9e-05
3140,338,1194,856,856,0,0,0,32,8.507054,0.0,11405.540602,401.533765,2869.959181,2396.200956,1541.19,3140,6,81,3918720.0,457481.6655,2559.7197,1338.0002,21.6072,0.0,0.0,0.0,11,0.029586,1.013272,0.504246,0.503542,1.001252,0.407296,0.306394,0.300256,0.502669,0.050356,0.201277,0.301713,0.501991,0.399747,0.050248,0.006531,0.001285,0.001244,0.005878,0.000703,0.000398,0.000393,0.001406,1e-05,0.000192,0.000433,0.001857,0.000943,5e-05
3160,341,1206,865,865,0,0,0,35,9.303789,0.0,11368.704535,401.406419,2869.289791,2396.165993,1525.13,3160,6,81,3943680.0,460965.2055,2565.2612,1348.152,22.209,0.0,0.0,0.0,11,0.029326,1.012758,0.50495,0.50404,1.000152,0.407132,0.306437,0.300268,0.502549,0.050408,0.201385,0.30134,0.5014,0.399926,0.050313,0.006582,0.001332,0.00121,0.005995,0.00073,0.000399,0.000398,0.001414,1e-05,0.000191,0.00044,0.001821,0.000976,5.1e-05
3180,341,1213,872,872,0,0,0,33,7.781519,0.0,11336.945018,404.883904,2867.334578,2396.151276,1535.24,3180,6,81,3968640.0,464448.7455,2570.8028,1359.7061,22.8215,0.0,0.0,0.0,11,0.029326,1.013106,0.504315,0.504757,1.000928,0.407022,0.306596,0.300369,0.503045,0.050352,0.201364,0.301326,0.501795,0.399431,0.050331,0.006599,0.001419,0.001192,0.005915,0.00074,0.00041,0.000408,0.001369,1e-05,0.000185,0.000434,0.001835,0.000932,5.2e-05
3200,338,1219,881,881,0,0,0,35,6.854574,0.0,11301.617562,403.942414,2869.203012,2396.145076,1555.83,3200,6,81,3993600.0,467932.2855,2576.3443,1369.3022,23.0271,0.0,0.0,0.0,11,0.026627,1.013424,0.504285,0.504849,1.00112,0.406709,0.306453,0.300327,0.503046,0.050387,0.201139,0.301715,0.501498,0.398904,0.050209,0.006456,0.001398,0.001165,0.005496,0.000728,0.000421,0.000407,0.001415,1e-05,0.000183,0.000435,0.001676,0.000968,5.1e-05
3220,337,1223,886,886,0,0,0,39,8.999086,0.0,11278.426383,404.483273,2866.517641,2396.142463,1575.19,3220,6,81,4018560.0,471415.8255,2581.8858,1375.5377,23.0271,0.0,0.0,0.0,11,0.026706,1.013601,0.504615,0.504684,1.000585,0.406167,0.306469,0.30039,0.502927,0.05045,0.201376,0.301749,0.500743,0.398786,0.050214,0.00643,0.001351,0.001172,0.005542,0.000707,0.000424,0.000406,0.001433,1.1e-05,0.000186,0.000441,0.001692,0.000958,5.1e-05
3240,345,1237,892,892,0,0,0,38,7.663193,0.0,11232.272522,404.997321,2867.339485,2396.498142,1554.37,3240,6,81,4043520.0,474899.3655,2586.8641,1383.2096,23.0271,0.0,0.0,0.0,11,0.026087,1.016089,0.503808,0.505546,1.001764,0.40634,0.306197,0.300438,0.502738,0.050491,0.201422,0.301884,0.501491,0.398512,0.050258,0.00681,0.001346,0.001219,0.005561,0.000744,0.000435,0.000398,0.001434,1.1e-05,0.000179,0.000454,0.001768,0.000966,5.1e-05
3260,340,1240,900,900,0,0,0,42,7.907489,0.0,11201.910005,406.063099,2866.029412,2396.290502,1584.75,3260,6,81,4068480.0,478382.9055,2592.4056,1393.5603,23.4826,0.0,0.0,0.0,99,0.029412,1.015896,0.50452,0.505692,1.003601,0.406563,0.3065,0.300346,0.502823,0.050499,0.201402,0.301492,0.502909,0.398849,0.050023,0.006601,0.001361,0.001219,0.005606,0.000748,0.000452,0.000399,0.001444,1.1e-05,0.000177,0.000439,0.001859,0.000982,4.7e-05
3280,338,1248,910,910,0,0,0,47,12.816353,0.0,11169.134054,401.518767,2865.664879,2396.203621,1596.33,3280,6,81,4093440.0,481864.326,2597.9472,1401.0104,23.6416,0.0,0.0,0.0,11,0.029586,1.01566,0.503944,0.505319,1.004171,0.407238,0.306484,0.300211,0.502632,0.050505,0.201558,0.301514,0.502435,0.398706,0.050036,0.006585,0.00136,0.001197,0.005594,0.00075,0.00046,0.000403,0.001472,1.1e-05,0.000177,0.000435,0.001874,0.000965,4.8e-05
3300,342,1258,916,916,0,0,0,47,10.314611,0.0,11146.157245,403.980662,2865.704727,2396.167114,1588.04,3300,6,81,4118400.0,485333.736,2603.4887,1410.3619,23.8904,0.0,0.0,0.0,11,0.026316,1.016715,0.503455,0.504583,1.004195,0.407171,0.306098,0.300353,0.502883,0.050595,0.201412,0.301128,0.502635,0.398931,0.050092,0.006529,0.001347,0.001198,0.005639,0.000742,0.000464,0.000407,0.001458,1.1e-05,0.000181,0.000427,0.001873,0.000964,4.7e-05
3320,335,1263,928,928,0,0,0,50,12.007677,0.0,11130.723729,399.632857,2868.359466,2396.151748,1630.76,3320,6,81,4143360.0,488815.2615,2609.0302,1420.4844,24.2376,0.0,0.0,0.0,11,0.026866,1.016289,0.503354,0.504278,1.004049,0.406871,0.306364,0.299732,0.502821,0.050689,0.201304,0.301441,0.502009,0.399315,0.050095,0.006292,0.001278,0.001193,0.005486,0.000739,0.000482,0.0004,0.001444,1.1e-05,0.000182,0.000441,0.001818,0.000932,4.5e-05
3340,333,1271,938,938,0,0,0,51,11.326671,0.0,11169.660719,397.725255,2870.948074,2396.145275,1653.74,3340,6,81,4168320.0,492316.7115,2614.5718,1430.3758,24.5392,0.0,0.0,0.0,0,0.027027,1.018361,0.503417,0.504632,1.002968,0.406919,0.306348,0.299739,0.50182,0.050721,0.201099,0.301101,0.501722,0.400455,0.050166,0.006614,0.001297,0.001212,0.00514,0.000737,0.000504,0.000398,0.001475,1.1e-05,0.000185,0.000433,0.001787,0.000913,4.6e-05
3360,336,1278,942,942,0,0,0,49,10.592497,0.0,11216.850717,402.724191,2866.683312,2396.142547,1657.01,3360,6,81,4193280.0,495839.1945,2620.1133,1440.2858,24.709,0.0,0.0,0.0,0,0.026786,1.019617,0.502769,0.505059,1.004213,0.406489,0.30684,0.299642,0.502156,0.050717,0.201326,0.301272,0.502589,0.400215,0.05026,0.00675,0.001286,0.001214,0.005247,0.000733,0.000509,0.000405,0.001432,1.1e-05,0.000188,0.000432,0.001824,0.000919,4.6e-05
3380,336,1286,950,950,0,0,0,49,10.924855,0.0,11243.9602,402.379676,2866.695468,2396.498177,1660.3,3380,6,81,4218240.0,499364.0145,2625.0916,1449.6509,24.8365,0.0,0.0,0.0,11,0.026786,1.020456,0.502622,0.504938,1.003199,0.40584,0.306776,0.299771,0.502256,0.05071,0.201558,0.300962,0.502103,0.39966,0.050242,0.006669,0.001199,0.00122,0.005285,0.000698,0.000501,0.000404,0.001448,1.1e-05,0.000195,0.000427,0.00178,0.000929,4.7e-05
3400,337,1294,957,957,0,0,0,48,10.583591,0.0,11276.61181,403.171374,2866.245034,2396.290517,1670.51,3400,6,81,4243200.0,502888.8345,2630.6331,1458.6339,24.8668,0.0,0.0,0.0,0,0.026706,1.021504,0.503036,0.505387,1.00276,0.405172,0.306988,0.300088,0.501704,0.050767,0.201881,0.301249,0.501551,0.399346,0.050214,0.006723,0.001214,0.001224,0.005321,0.0007,0.000501,0.000409,0.001441,1.2e-05,0.000199,0.000433,0.001782,0.000923,4.7e-05
3420,342,1302,960,960,0,0,0,45,9.383233,0.0,11281.243097,409.297335,2861.319432,2396.203627,1662.46,3420,6,81,4268160.0,506426.1525,2636.1746,1468.1142,24.9184,0.0,0.0,0.0,0,0.026316,1.022339,0.502669,0.505332,1.001547,0.404835,0.307307,0.300118,0.50162,0.050706,0.20191,0.301446,0.501455,0.399189,0.050296,0.006634,0.001251,0.001231,0.005532,0.000696,0.000523,0.000401,0.001435,1.2e-05,0.000197,0.000456,0.001799,0.000922,5e-05
3440,341,1312,971,971,0,0,0,48,11.346412,0.0,11285.524673,407.184171,2861.469417,2396.167117,1676.71,3440,6,81,4293120.0,509974.6125,2641.7162,1478.9704,25.096,0.0,0.0,0.0,0,0.026393,1.022942,0.502042,0.505954,1.001757,0.405232,0.308154,0.299632,0.50184,0.050648,0.201718,0.301637,0.502626,0.400368,0.050446,0.00652,0.001307,0.001289,0.005455,0.000731,0.000537,0.000403,0.001441,1.2e-05,0.000192,0.000484,0.001801,0.000986,4.8e-05
3460,341,1319,978,978,0,0,0,47,10.488913,0.0,11275.116111,409.578249,2859.932839,2396.151749,1683.36,3460,6,81,4318080.0,513523.0725,2647.2577,1489.5625,25.2782,0.0,0.0,0.0,11,0.026393,1.024532,0.503099,0.506221,1.00178,0.405078,0.308011,0.299493,0.501034,0.050674,0.201769,0.301681,0.502667,0.40032,0.050394,0.006837,0.001296,0.001328,0.005774,0.000755,0.000537,0.000417,0.001421,1.2e-05,0.000195,0.000512,0.001873,0.000987,5e-05
3480,339,1327,988,988,0,0,0,46,8.665021,0.0,11301.770251,407.529343,2863.805636,2396.145275,1707.05,3480,6,81,4343040.0,517091.397,2652.7992,1500.1095,25.4375,0.0,0.0,0.0,50,0.026549,1.023789,0.503258,0.50597,1.003464,0.40532,0.30825,0.299738,0.501542,0.050696,0.202052,0.301525,0.502512,0.399444,0.050316,0.006516,0.001295,0.001287,0.005771,0.000757,0.000522,0.000407,0.001443,1.3e-05,0.000194,0.000513,0.001877,0.000999,4.7e-05
3500,337,1333,996,996,0,0,0,47,10.406214,0.0,11346.288391,407.298704,2862.295083,2396.142547,1729.3,3500,6,81,4368000.0,520667.8095,2658.3408,1509.3158,25.5948,0.0,0.0,0.0,50,0.026706,1.024907,0.503494,0.506049,1.002869,0.404805,0.308544,0.299877,0.501398,0.050632,0.202258,0.302007,0.502519,0.399273,0.050441,0.006509,0.001289,0.00129,0.005834,0.000768,0.000512,0.000404,0.00137,1.3e-05,0.000193,0.000558,0.001852,0.000981,4.5e-05
3520,340,1342,1002,1002,0,0,0,45,8.107961,0.0,11396.199517,409.045918,2862.84612,2396.498177,1717.38,3520,6,81,4392960.0,524257.9695,2663.319,1518.515,25.6558,0.0,0.0,0.0,37,0.026471,1.023715,0.503192,0.505717,1.002965,0.404992,0.308524,0.300263,0.500894,0.050716,0.202213,0.301974,0.502173,0.39897,0.050485,0.006518,0.001282,0.001298,0.005874,0.000769,0.000529,0.000432,0.00131,1.3e-05,0.000192,0.00055,0.001816,0.000981,4.6e-05
3540,339,1353,1014,1014,0,0,0,50,11.010921,0.0,11457.394143,404.452741,2864.536338,2396.290517,1726.56,3540,6,81,4417920.0,527848.1295,2668.8606,1528.4743,26.0293,0.0,0.0,0.0,86,0.029499,1.022824,0.50253,0.505896,1.003989,0.405305,0.308495,0.300192,0.501854,0.050736,0.202293,0.301882,0.501967,0.398682,0.050433,0.006498,0.001283,0.001256,0.006129,0.000774,0.000527,0.000426,0.001316,1.3e-05,0.00019,0.000544,0.001719,0.000964,4.6e-05
3560,341,1362,1021,1021,0,0,0,50,10.279353,0.0,11518.881978,406.483484,2863.237163,2396.203627,1724.31,3560,6,81,4442880.0,531438.2895,2674.4021,1539.1166,26.2116,0.0,0.0,0.0,86,0.032258,1.022437,0.503207,0.505472,1.004621,0.405618,0.308854,0.300035,0.501141,0.050706,0.201851,0.301395,0.501228,0.398395,0.050334,0.006688,0.001355,0.001314,0.006211,0.000766,0.000542,0.000447,0.001391,1.3e-05,0.000181,0.000541,0.001698,0.000994,4.7e-05
3580,342,1370,1028,1028,0,0,0,51,8.8557,0.0,11573.394601,408.726564,2862.417736,2396.167117,1725.87,3580,6,81,4467840.0,535028.4495,2679.9436,1549.5926,26.8083,0.0,0.0,0.0,50,0.026316,1.022437,0.502943,0.505898,1.005592,0.405926,0.308669,0.299715,0.501556,0.050725,0.201777,0.301483,0.501891,0.397916,0.050295,0.00687,0.001371,0.0013,0.006207,0.000774,0.000535,0.000454,0.00147,1.4e-05,0.00018,0.000535,0.001786,0.000973,4.7e-05
3600,339,1377,1038,1038,0,0,0,51,9.666439,0.0,11626.881384,406.204527,2864.129034,2396.151749,1731.32,3600,6,81,4492800.0,538618.6095,2685.4852,1559.0711,27.1988,0.0,0.0,0.0,50,0.026549,1.020642,0.502355,0.505623,1.006757,0.40631,0.30887,0.299925,0.501599,0.05063,0.201557,0.301954,0.501511,0.397634,0.050211,0.006954,0.001317,0.001296,0.006433,0.000767,0.000518,0.000452,0.001438,1.3e-05,0.000177,0.000544,0.001852,0.00094,4.8e-05
3620,345,1386,1041,1041,0,0,0,47,7.292626,0.0,11670.908058,413.950615,2858.756759,2396.145275,1719.36,3620,6,81,4517760.0,542224.1325,2691.0267,1570.1523,27.5529,0.0,0.0,0.0,71,0.028986,1.021013,0.502368,0.505607,1.00662,0.406013,0.309694,0.300162,0.501987,0.050645,0.201642,0.302734,0.5022,0.397645,0.050269,0.007049,0.001297,0.001304,0.006441,0.000774,0.000532,0.000471,0.001452,1.4e-05,0.000184,0.0006,0.001934,0.000944,4.9e-05
3640,341,1391,1050,1050,0,0,0,51,8.635723,0.0,11711.520404,411.136245,2860.228032,2396.142547,1740.23,3640,6,81,4542720.0,545831.3625,2696.5682,1578.287,27.6746,0.0,0.0,0.0,71,0.029326,1.020097,0.502653,0.505432,1.007237,0.405973,0.310239,0.300188,0.502921,0.050644,0.201656,0.303058,0.502477,0.397759,0.050316,0.006993,0.001299,0.001269,0.006069,0.000781,0.000528,0.000472,0.001434,1.3e-05,0.000185,0.000599,0.001876,0.000961,4.9e-05
3660,346,1400,1054,1054,0,0,0,43,6.575286,0.0,11751.035634,414.028124,2859.39659,2395.487449,1725.99,3660,6,81,4567680.0,549438.5925,2702.9051,1585.6148,28.1478,0.0,0.0,0.0,71,0.026012,1.019831,0.50235,0.505322,1.008298,0.406217,0.310115,0.300313,0.503886,0.050677,0.201665,0.303252,0.502783,0.397623,0.050388,0.006921,0.001367,0.001279,0.006162,0.000794,0.000552,0.000479,0.001516,1.4e-05,0.000191,0.000613,0.001852,0.000949,4.9e-05
3680,343,1406,1063,1063,0,0,0,46,10.063792,0.0,11770.436267,413.271888,2856.66432,2393.944621,1732.33,3680,6,81,4592640.0,553045.8225,2711.1036,1595.5419,28.3614,0.0,0.0,0.0,71,0.026239,1.020229,0.502056,0.505826,1.007318,0.40618,0.310062,0.300669,0.504257,0.05061,0.201482,0.302757,0.5025,0.397341,0.050312,0.006804,0.001362,0.001307,0.006226,0.000807,0.000555,0.000479,0.001509,1.4e-05,0.000191,0.00061,0.001876,0.000978,5e-05
3700,343,1415,1072,1072,0,0,0,43,8.09582,0.0,11802.079811,411.688616,2860.215564,2392.458998,1738.02,3700,6,81,4617600.0,556657.41,2720.4654,1604.4826,28.7505,0.0,0.0,0.0,71,0.026239,1.02126,0.502508,0.506186,1.007972,0.406182,0.310584,0.30099,0.504812,0.050563,0.201212,0.302915,0.502227,0.397031,0.050185,0.006764,0.001382,0.001328,0.006274,0.000818,0.000552,0.000494,0.001546,1.4e-05,0.000192,0.000602,0.001858,0.000981,5.1e-05
3720,346,1423,1077,1077,0,0,0,41,7.389365,0.0,11847.131733,414.453089,2858.157546,2391.71058,1739.65,3720,6,81,4642560.0,560277.09,2729.8716,1613.3614,28.7812,0.0,0.0,0.0,29,0.026012,1.020437,0.501956,0.506324,1.006662,0.406179,0.310578,0.300708,0.504387,0.050537,0.201219,0.303014,0.502599,0.397339,0.050156,0.006859,0.001357,0.001311,0.006448,0.000817,0.000554,0.000517,0.00148,1.3e-05,0.000193,0.000599,0.001881,0.000972,5.1e-05
3740,348,1435,1087,1087,0,0,0,43,10.788543,0.0,11854.470756,413.878583,2855.332874,2391.332533,1734.11,3740,6,81,4667520.0,563896.77,2739.2777,1624.5533,29.0325,0.0,0.0,0.0,70,0.025862,1.021532,0.501823,0.506097,1.008175,0.406099,0.310581,0.300896,0.503816,0.050614,0.201373,0.302655,0.502461,0.397397,0.050178,0.00686,0.001412,0.00132,0.006628,0.000851,0.000568,0.000513,0.00152,1.3e-05,0.000187,0.000596,0.001911,0.001,5.2e-05
3760,343,1436,1093,1093,0,0,0,41,9.792044,0.0,11884.976445,415.83508,2854.372877,2391.13826,1773.1,3760,6,81,4692480.0,567516.45,2748.6839,1633.7117,29.4146,0.0,0.0,0.0,71,0.026239,1.020927,0.501247,0.505718,1.006931,0.405855,0.310595,0.300659,0.503506,0.050596,0.201439,0.302584,0.502958,0.397222,0.050185,0.006881,0.001358,0.001318,0.006388,0.000837,0.000572,0.000505,0.001489,1.3e-05,0.000192,0.000598,0.001877,0.001011,5.2e-05
3780,343,1445,1102,1102,0,0,0,43,10.013401,0.0,11928.484408,411.222101,2858.764498,2391.037545,1779.74,3780,7,81,4717440.0,571136.13,2758.0901,1640.1539,29.5441,0.0,0.0,0.0,29,0.026239,1.020221,0.500772,0.506328,1.008051,0.40551,0.311095,0.300664,0.503039,0.050551,0.201268,0.302319,0.503682,0.397676,0.050276,0.006858,0.001344,0.001344,0.006432,0.000826,0.000602,0.000523,0.001427,1.3e-05,0.000197,0.00058,0.002076,0.001001,5.2e-05
3800,341,1451,1110,1110,0,0,0,43,9.172594,0.0,12008.510286,409.671771,2861.155636,2390.985094,1804.5,3800,7,81,4742400.0,574755.81,2767.4962,1648.0047,30.025,0.0,0.0,0.0,29,0.026393,1.020309,0.500501,0.506602,1.006764,0.405494,0.311286,0.300722,0.502398,0.050503,0.201106,0.302534,0.503387,0.397929,0.050169,0.006828,0.001322,0.001387,0.00635,0.000813,0.000606,0.000513,0.001456,1.2e-05,0.000194,0.000568,0.002063,0.001021,5e-05
3820,343,1457,1114,1114,0,0,0,45,8.519481,0.0,12065.98224,413.213455,2858.267064,2390.957714,1805.52,3820,7,81,4767360.0,578375.49,2776.9024,1656.3323,30.025,0.0,0.0,0.0,29,0.026239,1.020215,0.500167,0.506134,1.007533,0.405948,0.311089,0.300785,0.502469,0.050538,0.201004,0.302652,0.503304,0.398204,0.050244,0.006807,0.001301,0.001363,0.006467,0.00082,0.000611,0.000509,0.001452,1.3e-05,0.000191,0.000575,0.002048,0.001009,4.9e-05
3840,350,1471,1121,1121,0,0,0,45,9.631542,0.0,12091.659119,414.346483,2856.021976,2390.138545,1782.63,3840,7,81,4792320.0,582002.9895,2787.2769,1666.5961,30.1237,0.0,0.0,0.0,29,0.028571,1.019075,0.500444,0.506746,1.004854,0.405043,0.311592,0.301145,0.502762,0.050603,0.200807,0.302979,0.50298,0.398059,0.04998,0.006532,0.00132,0.001403,0.00662,0.000823,0.000609,0.000515,0.001431,1.3e-05,0.000187,0.000589,0.001933,0.001033,4.9e-05
3860,349,1478,1129,1129,0,0,0,46,7.768526,0.0,12137.923823,415.99189,2856.239584,2388.779804,1802.85,3860,7,81,4817280.0,585634.6995,2798.8916,1677.579,30.7279,0.0,0.0,0.0,29,0.028653,1.020115,0.500674,0.505921,1.004826,0.405262,0.311709,0.301045,0.502836,0.050545,0.200866,0.303692,0.502496,0.397594,0.050056,0.006776,0.001337,0.001421,0.006922,0.000811,0.000598,0.00051,0.001471,1.2e-05,0.000189,0.000608,0.001958,0.001024,4.8e-05
3880,354,1487,1133,1133,0,0,0,44,7.097666,0.0,12122.589839,423.618679,2849.283655,2387.23334,1784.56,3880,7,81,4842240.0,589266.4095,2811.5339,1689.8809,30.8271,0.0,0.0,0.0,29,0.028249,1.02042,0.500787,0.506398,1.004602,0.404569,0.311468,0.300649,0.502981,0.050575,0.200811,0.303895,0.502208,0.397626,0.050003,0.006679,0.001334,0.001423,0.006893,0.000816,0.000608,0.00049,0.001489,1.2e-05,0.000194,0.000604,0.001928,0.001037,4.7e-05
3900,352,1498,1146,1146,0,0,0,50,11.394243,0.0,12087.344954,421.107845,2847.497912,2386.2596,1779.72,3900,7,81,4867200.0,592915.134,2824.233,1702.631,30.9744,0.0,0.0,0.0,29,0.025568,1.021916,0.50044,0.506492,1.006272,0.404482,0.310882,0.300906,0.502076,0.050457,0.200524,0.30366,0.501963,0.397752,0.050405,0.007035,0.001344,0.001387,0.006886,0.000807,0.000614,0.000501,0.00154,1.2e-05,0.000198,0.000606,0.002029,0.001048,5.3e-05
3920,352,1507,1155,1155,0,0,0,50,10.155123,0.0,12077.489411,420.661814,2849.183063,2386.026439,1784.1,3920,7,81,4892160.0,596564.754,2836.5456,1713.4951,30.9744,0.0,0.0,0.0,71,0.028409,1.01981,0.500774,0.506,1.006477,0.405279,0.311497,0.300563,0.501999,0.050461,0.200235,0.303259,0.502138,0.397953,0.050251,0.007149,0.001323,0.001404,0.006987,0.000829,0.000626,0.000495,0.001533,1.2e-05,0.0002,0.000555,0.002068,0.001063,5.3e-05
3940,356,1513,1157,1157,0,0,0,45,7.336722,0.0,12066.477703,426.993734,2845.669545,2388.606012,1776.61,3940,7,81,4917120.0,600226.335,2845.3801,1722.1724,31.0242,0.0,0.0,0.0,71,0.02809,1.019886,0.50076,0.505648,1.005214,0.405521,0.311863,0.300508,0.501687,0.050428,0.20025,0.303162,0.502858,0.39791,0.050262,0.007134,0.001331,0.001407,0.006924,0.000834,0.000648,0.000498,0.001537,1.2e-05,0.000203,0.000561,0.002286,0.001065,5.4e-05
3960,359,1522,1163,1163,0,0,0,46,7.668197,0.0,12027.646404,428.365688,2843.966116,2390.105824,1773.28,3960,7,81,4942080.0,603889.245,2854.2146,1731.1523,31.1115,0.0,0.0,0.0,11,0.02507,1.019698,0.501356,0.50542,1.005109,0.405616,0.311889,0.300709,0.501713,0.050385,0.200075,0.303161,0.502763,0.397849,0.050285,0.007136,0.001292,0.0014,0.006963,0.000825,0.000648,0.000488,0.001546,1.2e-05,0.0002,0.000546,0.002286,0.001071,5.3e-05
3980,358,1528,1170,1170,0,0,0,44,8.922109,0.0,11973.71929,429.096481,2841.981409,2390.922635,1794.59,3980,7,81,4967040.0,607552.155,2863.049,1740.7789,31.207,0.0,0.0,0.0,0,0.02514,1.019609,0.501289,0.505571,1.005174,0.405471,0.311879,0.300096,0.501887,0.050397,0.199941,0.303144,0.502141,0.398794,0.050295,0.007066,0.001307,0.00139,0.006772,0.000805,0.000674,0.000482,0.001581,1.2e-05,0.000196,0.000537,0.002256,0.001054,5.4e-05
4000,361,1538,1177,1177,0,0,0,44,7.688748,0.0,11923.614005,430.092186,2842.219067,2391.351624,1795.45,4000,7,81,4992000.0,611224.413,2871.8835,1750.0649,31.2663,0.0,0.0,0.0,0,0.024931,1.020912,0.501399,0.505783,1.005594,0.405732,0.312049,0.300431,0.502513,0.050351,0.199836,0.303296,0.50145,0.398496,0.050253,0.007274,0.001343,0.001393,0.007018,0.00085,0.000673,0.000495,0.001572,1.2e-05,0.000196,0.000539,0.002339,0.001051,5.6e-05
4020,360,1546,1186,1186,0,0,0,45,9.288635,0.0,11870.079642,430.076133,2840.635231,2391.572628,1805.83,4020,7,81,5016960.0,614910.693,2880.718,1761.0429,31.2663,0.0,0.0,0.0,0,0.025,1.021274,0.500556,0.50587,1.00657,0.406171,0.312371,0.300309,0.502003,0.050316,0.199717,0.303322,0.501947,0.398159,0.050343,0.007572,0.00134,0.001412,0.007067,0.000845,0.000674,0.000497,0.001522,1.2e-05,0.000199,0.000532,0.002392,0.001028,5.6e-05
4040,361,1554,1193,1193,0,0,0,44,8.339063,0.0,11807.64716,433.88208,2837.778857,2391.685353,1817.73,4040,7,81,5041920.0,618596.973,2889.5525,1773.1588,31.3821,0.0,0.0,0.0,0,0.024931,1.023566,0.500597,0.506927,1.006705,0.406324,0.312077,0.300224,0.501866,0.050315,0.200031,0.303245,0.503395,0.397925,0.050236,0.008143,0.001356,0.001474,0.006789,0.000818,0.000691,0.000502,0.001538,1.2e-05,0.000194,0.000536,0.002445,0.001044,5.9e-05
4060,362,1559,1197,1197,0,0,0,39,5.770225,0.0,11735.33544,437.549178,2836.680597,2391.742557,1830.44,4060,7,81,5066880.0,622283.253,2898.3869,1781.5823,31.3821,0.0,0.0,0.0,99,0.027624,1.024361,0.500984,0.506527,1.008408,0.40657,0.311969,0.300511,0.50221,0.050348,0.200083,0.303219,0.502423,0.397928,0.050325,0.008481,0.001354,0.001435,0.006924,0.000824,0.000686,0.000502,0.00155,1.2e-05,0.000201,0.000537,0.002145,0.001037,6.4e-05
4080,366,1567,1201,1201,0,0,0,39,5.819681,0.0,11633.74032,440.369495,2833.810824,2391.77151,1819.05,4080,7,81,5091840.0,625969.533,2907.2214,1789.5391,31.5677,0.0,0.0,0.0,99,0.027322,1.023116,0.500918,0.507128,1.006473,0.406507,0.312269,0.300039,0.502282,0.050366,0.200241,0.304001,0.501098,0.397789,0.050299,0.008186,0.001342,0.001441,0.006882,0.000834,0.000693,0.000495,0.001595,1.2e-05,0.000203,0.000577,0.002066,0.001065,6.6e-05
4100,364,1573,1209,1209,0,0,0,39,5.86447,0.0,11523.241789,439.834758,2834.300773,2391.786145,1836.95,4100,7,81,5116800.0,629656.5615,2916.0559,1798.1001,32.0437,0.0,0.0,0.0,99,0.027473,1.023815,0.500534,0.507678,1.00736,0.406334,0.31233,0.299852,0.502504,0.050352,0.200268,0.304409,0.501308,0.397712,0.050332,0.008195,0.001358,0.00143,0.006841,0.000807,0.000687,0.00049,0.001592,1.2e-05,0.000206,0.000594,0.002058,0.001052,6.6e-05
4120,360,1580,1220,1220,0,0,0,42,9.579994,0.0,11444.646122,434.426441,2835.993565,2391.793538,1856.68,4120,7,81,5141760.0,633365.991,2924.8904,1806.1176,32.3429,0.0,0.0,0.0,99,0.030556,1.022113,0.500085,0.507482,1.008524,0.407182,0.312343,0.299996,0.501935,0.050333,0.200139,0.304268,0.501418,0.397869,0.050567,0.008299,0.001348,0.001429,0.007005,0.00084,0.000667,0.000503,0.00152,1.2e-05,0.00021,0.000598,0.002202,0.001046,6.9e-05
4140,362,1591,1229,1229,0,0,0,41,7.529402,0.0,11397.730675,434.09805,2838.372548,2392.121007,1848.81,4140,7,81,5166720.0,637096.1445,2933.3955,1816.3297,32.6958,0.0,0.0,0.0,99,0.030387,1.024319,0.499996,0.506001,1.009884,0.407143,0.312384,0.299856,0.502318,0.050291,0.200041,0.304697,0.502371,0.397424,0.050582,0.008529,0.001347,0.001407,0.00723,0.00083,0.000666,0.000499,0.001511,1.2e-05,0.000217,0.000591,0.002222,0.000963,7e-05
4160,358,1597,1239,1239,0,0,0,43,7.933428,0.0,11393.573776,430.63208,2841.434491,2394.343586,1884.99,4160,7,81,5191680.0,640836.5745,2938.9371,1825.2266,33.229,0.0,0.0,0.0,99,0.027933,1.022455,0.500247,0.506105,1.008979,0.406851,0.312533,0.299819,0.50202,0.05033,0.200249,0.304308,0.503134,0.397637,0.0504,0.007964,0.001308,0.001409,0.007063,0.00077,0.000675,0.00049,0.001499,1.2e-05,0.000211,0.00059,0.002149,0.000962,6.2e-05
4180,357,1607,1250,1250,0,0,0,44,6.61384,0.0,11425.093107,426.227448,2847.158712,2395.363271,1899.74,4180,8,81,5216640.0,644577.0045,2944.4786,1834.6622,33.229,0.0,0.0,0.0,11,0.02521,1.020204,0.500522,0.5056,1.009273,0.406277,0.312871,0.298944,0.50164,0.050313,0.200223,0.304708,0.503059,0.397861,0.05046,0.00766,0.00134,0.001388,0.00709,0.000807,0.000699,0.000495,0.001487,1.2e-05,0.000214,0.000635,0.002199,0.00093,6.3e-05
4200,353,1612,1259,1259,0,0,0,47,9.697791,0.0,11478.427774,423.939253,2846.362955,2395.809284,1922.46,4200,8,81,5241600.0,648317.4345,2950.0202,1843.211,33.3481,0.0,0.0,0.0,11,0.025496,1.020242,0.501423,0.506442,1.010303,0.406579,0.312794,0.298148,0.500553,0.050351,0.200091,0.304614,0.503138,0.398043,0.050633,0.007828,0.001381,0.001374,0.007157,0.000825,0.000705,0.000521,0.00148,1.2e-05,0.000215,0.000633,0.002228,0.000949,6.7e-05
4220,342,1616,1274,1274,0,0,0,51,11.415642,0.0,11573.441496,413.265371,2855.318987,2396.000275,1986.22,4220,8,81,5266560.0,652057.8645,2955.5617,1851.3062,33.5448,0.0,0.0,0.0,11,0.026316,1.017769,0.501326,0.506034,1.008127,0.406787,0.313294,0.298472,0.500972,0.050316,0.200302,0.303521,0.502541,0.397867,0.050507,0.007524,0.001357,0.001337,0.006707,0.00083,0.000661,0.000509,0.00149,1.2e-05,0.000215,0.000606,0.002036,0.000949,6.1e-05
4240,346,1623,1277,1277,0,0,0,41,6.715245,0.0,11732.805551,415.919684,2857.365071,2396.081317,1981.07,4240,8,81,5291520.0,655798.2945,2961.1032,1857.2097,33.8346,0.0,0.0,0.0,99,0.028902,1.018712,0.500476,0.506508,1.007932,0.406494,0.313488,0.298979,0.501369,0.050294,0.199972,0.303667,0.503347,0.398071,0.050638,0.007665,0.001376,0.001316,0.006765,0.000823,0.000678,0.000516,0.0015,1.2e-05,0.000223,0.000599,0.002067,0.000962,6.6e-05
4260,348,1631,1283,1283,0,0,0,36,7.171977,0.0,11864.248921,416.891365,2855.936658,2396.11557,1972.98,4260,8,81,5316480.0,659538.7245,2966.6448,1865.0799,34.0032,0.0,0.0,0.0,99,0.028736,1.019846,0.500999,0.505909,1.00748,0.40643,0.313563,0.299239,0.501651,0.050277,0.200204,0.304267,0.503152,0.39797,0.050641,0.007555,0.001399,0.001385,0.007165,0.000837,0.000651,0.000523,0.00157,1.1e-05,0.000224,0.000606,0.002133,0.001053,6.6e-05
4280,344,1638,1294,1294,0,0,0,40,8.696056,0.0,12021.681014,412.524619,2858.779325,2396.130024,1996.0,4280,8,81,5341440.0,663279.1545,2972.1863,1873.8241,34.5623,0.0,0.0,0.0,99,0.02907,1.019439,0.500379,0.506198,1.00906,0.405995,0.313465,0.299374,0.502539,0.050243,0.200172,0.305297,0.502752,0.39858,0.050693,0.007554,0.001383,0.001424,0.007037,0.000877,0.000633,0.000539,0.001586,1.1e-05,0.000219,0.000679,0.001926,0.001063,6.7e-05
4300,346,1650,1304,1304,0,0,0,35,7.111161,0.0,12191.570921,411.209758,2861.679081,2396.136119,1973.35,4300,8,81,5366400.0,667030.4265,2977.7278,1884.277,34.9181,0.0,0.0,0.0,99,0.028902,1.018282,0.50047,0.506226,1.010175,0.405592,0.313912,0.299319,0.502129,0.050345,0.199928,0.30512,0.502852,0.398285,0.050815,0.007656,0.001409,0.00144,0.007242,0.000861,0.000667,0.000563,0.001608,1.2e-05,0.000235,0.00067,0.001958,0.001082,6.9e-05
4320,347,1653,1306,1306,0,0,0,35,7.285477,0.0,12364.05346,417.743961,2854.970562,2396.138689,1974.78,4320,8,81,5391360.0,670795.7565,2983.2694,1893.1683,34.9181,0.0,0.0,0.0,99,0.028818,1.018556,0.500232,0.506044,1.009398,0.405673,0.314108,0.299511,0.50279,0.050321,0.199948,0.305023,0.502492,0.397946,0.050739,0.007651,0.001407,0.001455,0.007324,0.000855,0.000678,0.000569,0.001731,1.2e-05,0.000237,0.000669,0.001947,0.001101,6.8e-05
4340,352,1662,1310,1310,0,0,0,33,6.501695,0.0,12492.649469,421.41023,2852.088075,2396.139772,1956.68,4340,8,81,5416320.0,674561.0865,2988.8109,1901.3591,35.3932,0.0,0.0,0.0,99,0.028409,1.017524,0.499909,0.505618,1.008342,0.405891,0.314245,0.299408,0.502184,0.050268,0.199917,0.304436,0.502362,0.39749,0.050787,0.007675,0.001392,0.001474,0.007076,0.000878,0.000688,0.000569,0.0017,1.2e-05,0.00024,0.000674,0.001919,0.001099,6.8e-05
4360,353,1668,1315,1315,0,0,0,34,7.272109,0.0,12592.156478,424.31055,2848.417341,2396.140228,1959.15,4360,8,81,5441280.0,678326.4165,2994.3524,1910.0991,35.5065,0.0,0.0,0.0,99,0.031161,1.018277,0.499734,0.505849,1.008806,0.405567,0.313465,0.299757,0.502536,0.050288,0.20007,0.304189,0.502516,0.397363,0.050829,0.008021,0.001369,0.001473,0.00699,0.000842,0.000645,0.000555,0.001664,1.2e-05,0.000239,0.000634,0.001942,0.001083,6.9e-05
4380,358,1679,1321,1321,0,0,0,33,7.236183,0.0,12670.590979,426.247417,2846.5164,2396.14042,1948.25,4380,8,81,5466240.0,682105.185,2999.894,1919.3414,35.5065,0.0,0.0,0.0,99,0.030726,1.019677,0.500662,0.50525,1.007677,0.405582,0.313755,0.299438,0.502441,0.050308,0.200056,0.304197,0.502221,0.396864,0.050825,0.008166,0.001354,0.001536,0.007127,0.000865,0.000639,0.000563,0.001795,1.2e-05,0.000232,0.0007,0.001921,0.001094,7e-05
4400,361,1686,1325,1325,0,0,0,30,5.033807,0.0,12744.769569,431.538215,2843.427977,2396.140501,1949.53,4400,8,81,5491200.0,685897.323,3005.4355,1929.5364,35.6555,0.0,0.0,0.0,99,0.027701,1.019616,0.500802,0.505512,1.006945,0.405551,0.314162,0.299319,0.50258,0.050317,0.20001,0.30436,0.502018,0.397216,0.050792,0.008093,0.001349,0.001535,0.007056,0.000863,0.000662,0.000558,0.001794,1.2e-05,0.000227,0.000701,0.001918,0.001109,6.7e-05
4420,357,1689,1332,1332,0,0,0,31,5.925445,0.0,12812.012976,431.378582,2842.695973,2396.140536,1987.54,4420,8,81,5516160.0,689696.793,3010.977,1938.2626,35.8485,0.0,0.0,0.0,99,0.030812,1.01827,0.499914,0.505267,1.006081,0.4054,0.314234,0.299133,0.502095,0.050336,0.2,0.304179,0.501859,0.396931,0.050831,0.007747,0.001348,0.001473,0.007078,0.000864,0.000666,0.000556,0.001769,1.1e-05,0.000228,0.000702,0.001906,0.001116,6.7e-05
4440,360,1697,1337,1337,0,0,0,28,5.513787,0.0,12883.749016,431.764317,2842.721896,2396.14055,1984.24,4440,8,81,5541120.0,693496.263,3016.5186,1944.4322,35.8485,0.0,0.0,0.0,99,0.030556,1.017419,0.500268,0.505524,1.006256,0.405444,0.314091,0.299332,0.501728,0.050337,0.200154,0.303702,0.501228,0.397136,0.05084,0.007825,0.001361,0.001471,0.007187,0.000873,0.000691,0.000572,0.001783,1.2e-05,0.000227,0.000705,0.001799,0.001147,6.7e-05
4460,368,1710,1342,1342,0,0,0,29,5.365687,0.0,12924.75852,434.668708,2839.965605,2396.395569,1958.05,4460,8,81,5566080.0,697296.4185,3021.7811,1953.0989,35.8485,0.0,0.0,0.0,99,0.029891,1.018903,0.500798,0.505137,1.004745,0.405093,0.314133,0.29968,0.501466,0.050309,0.200278,0.303372,0.501942,0.397595,0.050852,0.008836,0.001367,0.001467,0.007022,0.000865,0.000773,0.000553,0.001843,1.1e-05,0.000227,0.00069,0.001866,0.001145,6.6e-05
4480,373,1721,1348,1348,0,0,0,27,5.261509,0.0,12940.152763,441.797303,2832.941188,2396.392441,1948.34,4480,8,81,5591040.0,701133.921,3027.0384,1967.4043,36.1682,0.0,0.0,0.0,99,0.02681,1.018777,0.500947,0.505019,1.004901,0.40544,0.31366,0.298991,0.501306,0.050303,0.200587,0.303258,0.501474,0.397419,0.050788,0.009076,0.001385,0.001508,0.007136,0.000856,0.00078,0.000553,0.001889,1.1e-05,0.000227,0.000693,0.001838,0.001151,6.8e-05
4500,377,1736,1359,1359,0,0,0,33,6.17382,0.0,12926.045762,444.48174,2829.34444,2396.246338,1904.75,4500,8,81,5616000.0,704988.0915,3032.5799,1982.9933,37.1581,0.0,0.0,0.0,99,0.026525,1.016652,0.500357,0.504945,1.004192,0.404665,0.313923,0.299128,0.501382,0.050269,0.200582,0.303356,0.501716,0.397332,0.050942,0.009169,0.001386,0.001438,0.006986,0.000844,0.000802,0.000548,0.001874,1.2e-05,0.000225,0.000687,0.00184,0.001129,6.9e-05
4520,385,1751,1366,1366,0,0,0,34,7.577185,0.0,12884.009548,451.580509,2820.842306,2395.82206,1872.85,4520,8,81,5640960.0,708854.8515,3038.5234,1998.4041,37.2933,0.0,0.0,0.0,0,0.023377,1.01754,0.501488,0.505057,1.003702,0.404549,0.313726,0.299233,0.501346,0.050287,0.200654,0.303626,0.500689,0.397002,0.050946,0.009097,0.00145,0.001415,0.007046,0.000864,0.000804,0.000554,0.001871,1.2e-05,0.000222,0.000704,0.00187,0.001141,7.1e-05
4540,380,1756,1376,1376,0,0,0,38,9.174735,0.0,12794.567117,454.520099,2816.305167,2394.690408,1884.77,4540,8,81,5665920.0,712721.6115,3045.9064,2013.2825,37.8756,0.0,0.0,0.0,0,0.023684,1.017431,0.501851,0.504972,1.002567,0.404961,0.313734,0.299387,0.500347,0.050297,0.200749,0.304353,0.501702,0.397202,0.050841,0.008986,0.001429,0.001416,0.006906,0.000863,0.000814,0.000566,0.001853,1.2e-05,0.00021,0.00073,0.001859,0.001148,6.9e-05
4560,380,1763,1383,1383,0,0,0,36,8.372354,0.0,12707.239659,456.194485,2815.433161,2393.38848,1895.5,4560,8,81,5690880.0,716588.3715,3054.3914,2023.4673,38.2025,0.0,0.0,0.0,0,0.023684,1.015861,0.500871,0.50503,1.002518,0.404915,0.3139,0.299422,0.500382,0.050288,0.200649,0.304735,0.50228,0.397521,0.050842,0.008922,0.001424,0.001429,0.006906,0.000858,0.000826,0.000569,0.001858,1.2e-05,0.000215,0.000763,0.002096,0.001168,7e-05
4580,384,1771,1387,1387,0,0,0,35,8.324985,0.0,12607.185533,459.736759,2811.938255,2392.462093,1892.29,4580,8,81,5715840.0,720455.1315,3063.3933,2031.5543,38.3957,0.0,0.0,0.0,0,0.023438,1.015741,0.500854,0.505181,1.003635,0.404972,0.313862,0.29962,0.500769,0.05029,0.20085,0.304809,0.503248,0.397258,0.050748,0.009269,0.001423,0.001458,0.006938,0.000874,0.00082,0.000577,0.001823,1.2e-05,0.000219,0.000765,0.002183,0.00117,7.1e-05
4600,386,1779,1393,1393,0,0,0,34,7.372097,0.0,12490.170373,460.148674,2812.479229,2392.008865,1899.0,4600,8,81,5740800.0,724334.379,3072.3952,2038.9098,38.4833,0.0,0.0,0.0,13,0.025907,1.016352,0.500756,0.505455,1.00393,0.405083,0.313663,0.29949,0.501403,0.050288,0.200645,0.305533,0.503326,0.397278,0.050809,0.009141,0.001407,0.00146,0.00707,0.000871,0.000812,0.000589,0.001854,1.2e-05,0.000234,0.000778,0.002191,0.001165,7.5e-05
4620,387,1785,1398,1398,0,0,0,32,5.343168,0.0,12396.891737,463.535062,2811.12177,2391.782464,1911.06,4620,8,81,5765760.0,728236.119,3081.3971,2048.2675,38.7809,0.0,0.0,0.0,13,0.02584,1.015715,0.500692,0.505645,1.004283,0.404876,0.313699,0.299529,0.501711,0.050314,0.200698,0.305561,0.503085,0.398256,0.050759,0.008743,0.001398,0.001452,0.006949,0.000872,0.000809,0.000584,0.001842,1.2e-05,0.000233,0.000764,0.002177,0.001161,7.2e-05
4640,385,1793,1408,1408,0,0,0,32,5.024658,0.0,12303.969112,459.949247,2815.026095,2391.668196,1936.28,4640,8,81,5790720.0,732137.859,3090.3989,2057.1878,39.1529,0.0,0.0,0.0,13,0.025974,1.014167,0.500322,0.505903,1.003785,0.405096,0.314062,0.299456,0.501605,0.050338,0.200708,0.305701,0.502807,0.398032,0.050602,0.0078,0.001402,0.001459,0.00685,0.000899,0.000809,0.000564,0.001845,1.2e-05,0.000232,0.000775,0.002151,0.00118,6.9e-05
4660,382,1802,1420,1420,0,0,0,37,8.617539,0.0,12258.281314,453.233063,2818.149398,2391.610223,1962.45,4660,8,81,5815680.0,736039.599,3099.4008,2065.1007,39.3723,0.0,0.0,0.0,13,0.026178,1.012715,0.499391,0.505941,1.006435,0.40561,0.314427,0.299421,0.501518,0.050315,0.200699,0.305415,0.503311,0.39755,0.05047,0.007989,0.001359,0.001423,0.006766,0.000894,0.000789,0.000563,0.001737,1.2e-05,0.000236,0.000776,0.002272,0.001164,6.7e-05
4680,382,1810,1428,1428,0,0,0,39,8.318571,0.0,12219.449296,453.282445,2818.398984,2391.580733,1958.79,4680,8,81,5840640.0,739941.339,3108.4027,2074.532,39.3932,0.0,0.0,0.0,71,0.028796,1.015259,0.498985,0.505606,1.007709,0.405457,0.314994,0.299589,0.501073,0.050359,0.200683,0.30578,0.503481,0.397652,0.050456,0.008269,0.001401,0.001434,0.007,0.000904,0.000792,0.000579,0.001713,1.3e-05,0.000232,0.000776,0.002368,0.001167,6.8e-05
4700,382,1817,1435,1435,0,0,0,39,8.395485,0.0,12196.763565,456.086079,2815.518436,2391.565712,1975.43,4700,8,81,5865600.0,743860.035,3117.4046,2085.5152,39.4914,0.0,0.0,0.0,71,0.028796,1.01579,0.498375,0.505655,1.007089,0.405474,0.315141,0.299663,0.501834,0.050371,0.20043,0.305865,0.503196,0.397869,0.05048,0.00832,0.00143,0.001454,0.00695,0.000915,0.000805,0.000584,0.001724,1.3e-05,0.000228,0.000778,0.002131,0.001169,6.7e-05
4720,381,1824,1443,1443,0,0,0,38,8.761316,0.0,12182.134669,456.510447,2814.728236,2391.558056,1991.45,4720,8,81,5890560.0,747790.035,3126.4065,2095.5286,39.6181,0.0,0.0,0.0,99,0.028871,1.016969,0.498109,0.505268,1.00747,0.405529,0.315519,0.299635,0.5022,0.050338,0.199882,0.305393,0.50279,0.397534,0.050607,0.008926,0.001431,0.00145,0.006966,0.000907,0.000793,0.000577,0.001738,1.3e-05,0.000239,0.000768,0.00213,0.001213,7.4e-05
4740,387,1834,1447,1447,0,0,0,32,7.879085,0.0,12115.41266,461.750002,2810.370913,2391.554152,1976.79,4740,8,81,5915520.0,751720.035,3135.4084,2105.4338,39.9861,0.0,0.0,0.0,99,0.028424,1.016827,0.497919,0.505184,1.007673,0.404893,0.315174,0.299626,0.501783,0.050262,0.199737,0.30497,0.502663,0.397177,0.05064,0.009001,0.001391,0.001451,0.00691,0.000916,0.000787,0.000563,0.001755,1.3e-05,0.000241,0.000765,0.002167,0.001211,7.4e-05
4760,383,1838,1455,1455,0,0,0,34,8.020828,0.0,12051.83426,461.374362,2810.60481,2391.552161,2005.9,4760,8,81,5940480.0,755650.035,3144.4103,2114.3682,39.9861,0.0,0.0,0.0,99,0.033943,1.018145,0.497469,0.50447,1.008778,0.404622,0.315132,0.299741,0.501341,0.050321,0.199463,0.305313,0.502661,0.397065,0.050706,0.009064,0.001285,0.001459,0.007067,0.000919,0.000755,0.000558,0.001683,1.3e-05,0.000249,0.000779,0.00214,0.001219,7.5e-05
4780,376,1843,1467,1467,0,0,0,37,7.305162,0.0,12058.599243,453.199879,2819.494959,2391.551145,2053.17,4780,8,81,5965440.0,759594.81,3153.4122,2120.5352,39.9861,0.0,0.0,0.0,99,0.034574,1.018646,0.498257,0.504943,1.008981,0.404938,0.315166,0.300229,0.500951,0.050307,0.19934,0.305611,0.502703,0.39657,0.050897,0.00918,0.001304,0.001494,0.007043,0.000898,0.000765,0.00058,0.00168,1.3e-05,0.000246,0.000786,0.002133,0.00121,7.5e-05
4800,378,1856,1478,1478,0,0,0,40,8.552843,0.0,12120.806202,449.253976,2822.193181,2391.550628,2042.29,4800,8,81,5990400.0,763558.53,3162.4141,2130.1564,40.1839,0.0,0.0,0.0,99,0.037037,1.019065,0.498684,0.504846,1.007568,0.405543,0.315279,0.299826,0.500766,0.05028,0.199452,0.305209,0.50267,0.396368,0.05084,0.008882,0.001337,0.001513,0.007046,0.000856,0.00077,0.000592,0.001799,1.3e-05,0.000253,0.000757,0.002018,0.001187,7.4e-05
4820,382,1869,1487,1487,0,0,0,42,9.30685,0.0,12184.280499,452.212679,2818.480472,2391.550363,2032.61,4820,8,81,6015360.0,767538.4665,3171.416,2143.3249,40.9054,0.0,0.0,0.0,99,0.039267,1.018792,0.498771,0.504175,1.00817,0.404985,0.315383,0.299627,0.500578,0.050323,0.19936,0.304495,0.502611,0.39629,0.050834,0.008638,0.001411,0.00153,0.006895,0.000845,0.00078,0.000584,0.001791,1.3e-05,0.000255,0.00075,0.002019,0.001146,7.5e-05
4840,382,1875,1493,1493,0,0,0,40,7.058686,0.0,12231.815832,457.55976,2815.381554,2391.550229,2034.71,4840,8,81,6040320.0,771524.574,3180.4179,2155.186,41.759,0.0,0.0,0.0,99,0.041885,1.019391,0.498288,0.504396,1.008488,0.405402,0.314708,0.299618,0.500428,0.050407,0.199153,0.30474,0.502022,0.39591,0.050881,0.008755,0.001425,0.001595,0.006954,0.000887,0.000814,0.000592,0.001824,1.3e-05,0.00026,0.000766,0.002046,0.001118,8e-05
4860,376,1879,1503,1503,0,0,0,45,11.004772,0.0,12273.895598,454.31083,2814.684398,2391.55016,2062.84,4860,8,81,6065280.0,775526.634,3189.4198,2163.9363,42.0903,0.0,0.0,0.0,99,0.039894,1.019784,0.498285,0.503931,1.008553,0.405748,0.314787,0.299226,0.501193,0.050382,0.199257,0.30505,0.502493,0.395065,0.050874,0.00868,0.001447,0.001576,0.006868,0.000881,0.000813,0.000584,0.001911,1.3e-05,0.000269,0.000767,0.002084,0.001123,8.1e-05
4880,373,1888,1515,1515,0,0,0,50,13.339721,0.0,12377.173107,446.652135,2820.008143,2391.550125,2077.28,4880,8,81,6090240.0,779520.0675,3198.4216,2171.1351,42.3014,0.0,0.0,0.0,99,0.037534,1.019626,0.497875,0.504191,1.009883,0.406262,0.315198,0.299069,0.501283,0.050362,0.199715,0.304248,0.502915,0.395521,0.050684,0.008363,0.001541,0.001592,0.006827,0.000905,0.000871,0.000592,0.001841,1.3e-05,0.000255,0.000698,0.002098,0.001094,7.2e-05
4900,372,1894,1522,1522,0,0,0,47,9.943201,0.0,12523.658402,446.827688,2823.229111,2393.159106,2098.36,4900,8,81,6115200.0,783525.2025,3205.5203,2180.0091,42.3795,0.0,0.0,0.0,99,0.040323,1.019534,0.497262,0.504273,1.008556,0.406497,0.315316,0.299391,0.501125,0.050432,0.199876,0.304091,0.504472,0.396034,0.050751,0.008661,0.001568,0.001603,0.006756,0.000891,0.000858,0.000635,0.001847,1.3e-05,0.000255,0.000693,0.002177,0.001086,7.2e-05
4920,377,1903,1526,1526,0,0,0,46,8.629164,0.0,12658.883057,452.187952,2819.182884,2394.82821,2088.39,4920,8,81,6140160.0,787558.0665,3211.0619,2189.9629,42.6126,0.0,0.0,0.0,99,0.039788,1.018245,0.497492,0.504352,1.007499,0.406949,0.315322,0.299625,0.50086,0.050417,0.200035,0.303895,0.503725,0.396217,0.050788,0.008497,0.001581,0.001637,0.006815,0.000899,0.00085,0.000656,0.001859,1.3e-05,0.000256,0.00069,0.002051,0.001086,7.3e-05
4940,374,1912,1538,1538,0,0,0,54,14.194146,0.0,12787.68841,446.316567,2819.489286,2395.576893,2115.88,4940,8,81,6165120.0,791605.2285,3216.6034,2198.5046,43.0364,0.0,0.0,0.0,99,0.042781,1.018859,0.496729,0.50346,1.009973,0.406706,0.315682,0.29999,0.500385,0.050355,0.199859,0.304527,0.503205,0.395159,0.050858,0.008853,0.001603,0.001644,0.006896,0.00095,0.000849,0.000665,0.001848,1.3e-05,0.000269,0.000734,0.002082,0.001088,7.7e-05
4960,379,1922,1543,1543,0,0,0,45,8.125043,0.0,12958.618292,450.200741,2821.674216,2395.901067,2094.98,4960,9,81,6190080.0,795659.6085,3222.1449,2208.9226,43.0364,0.0,0.0,0.0,99,0.039578,1.017617,0.497459,0.504579,1.010121,0.407072,0.316221,0.299655,0.500098,0.050386,0.199394,0.304349,0.50235,0.395214,0.050689,0.008914,0.001617,0.001717,0.007035,0.000991,0.000866,0.000666,0.001867,1.3e-05,0.000271,0.000745,0.001982,0.001084,7.6e-05
4980,379,1930,1551,1551,0,0,0,47,8.757579,0.0,13109.398288,450.981023,2820.261398,2396.039276,2107.45,4980,9,81,6215040.0,799718.64,3227.6865,2219.7668,43.1017,0.0,0.0,0.0,99,0.042216,1.017648,0.498045,0.504859,1.010083,0.407284,0.31592,0.299749,0.49927,0.050368,0.199566,0.304336,0.501937,0.39497,0.050703,0.009041,0.001694,0.001745,0.007156,0.000991,0.000868,0.00066,0.001847,1.3e-05,0.00027,0.000757,0.001972,0.001076,7.6e-05
5000,376,1940,1564,1564,0,0,0,50,13.299412,0.0,13261.925157,445.787788,2820.9128,2396.097811,2128.8,5000,9,81,6240000.0,803786.31,3233.228,2231.159,43.2916,0.0,0.0,0.0,99,0.039894,1.016202,0.498078,0.504852,1.010942,0.407515,0.316127,0.298738,0.498408,0.050383,0.200126,0.304316,0.501402,0.395259,0.050558,0.009229,0.00175,0.001681,0.007274,0.001012,0.000933,0.000634,0.00167,1.3e-05,0.000254,0.000726,0.001863,0.001017,7.1e-05
5020,381,1955,1574,1574,0,0,0,52,10.508976,0.0,13439.550593,447.688974,2821.802051,2396.122532,2099.9,5020,9,81,6264960.0,807853.98,3238.7695,2244.8983,43.2916,0.0,0.0,0.0,99,0.03937,1.016312,0.498635,0.505647,1.010989,0.407804,0.315826,0.299006,0.498709,0.050438,0.200315,0.304046,0.501942,0.395148,0.050651,0.009164,0.00172,0.001694,0.007273,0.001014,0.000919,0.00063,0.001674,1.4e-05,0.00026,0.000731,0.001873,0.001012,7.3e-05
5040,386,1964,1578,1578,0,0,0,53,9.991952,0.0,13546.957849,460.173012,2809.835036,2396.13296,2088.9,5040,9,81,6289920.0,811921.65,3244.3111,2261.7449,43.6625,0.0,0.0,0.0,99,0.041451,1.016165,0.49818,0.505178,1.011452,0.40835,0.315634,0.298956,0.499359,0.050424,0.199838,0.304155,0.501843,0.394663,0.050797,0.009147,0.001706,0.001687,0.00725,0.001078,0.000911,0.00063,0.001651,1.4e-05,0.000272,0.000707,0.001885,0.00101,7.8e-05
5060,388,1973,1585,1585,0,0,0,56,11.256627,0.0,13595.692948,463.601165,2805.142208,2396.137357,2082.55,5060,9,81,6314880.0,815989.32,3249.8526,2273.0395,43.9027,0.0,0.0,0.0,99,0.041237,1.017152,0.498532,0.505445,1.010707,0.408023,0.31559,0.299364,0.49959,0.050382,0.200032,0.304483,0.501154,0.395248,0.050649,0.008835,0.001712,0.001678,0.007366,0.001058,0.000893,0.000621,0.001681,1.4e-05,0.000281,0.000705,0.001816,0.000995,7.8e-05
5080,394,1987,1593,1593,0,0,0,49,9.638672,0.0,13613.358357,467.526129,2802.835199,2396.4808,2049.66,5080,9,81,6339840.0,820056.99,3254.8309,2286.3902,44.3162,0.0,0.0,0.0,99,0.040609,1.018118,0.498728,0.506118,1.012133,0.408956,0.315106,0.29909,0.49918,0.050434,0.19994,0.303849,0.501569,0.395058,0.050723,0.009249,0.001829,0.001703,0.007433,0.00113,0.000912,0.000636,0.001695,1.4e-05,0.000279,0.000712,0.001823,0.000995,7.9e-05
5100,396,1993,1597,1597,0,0,0,49,9.684032,0.0,13579.665955,475.12713,2795.188838,2396.283265,2053.6,5100,9,81,6364800.0,824124.66,3260.3724,2298.4015,44.6865,0.0,0.0,0.0,99,0.042929,1.018751,0.498854,0.506746,1.012321,0.408642,0.315105,0.299505,0.499145,0.050473,0.200087,0.304009,0.501334,0.395019,0.050809,0.009124,0.001826,0.001723,0.007384,0.001124,0.000916,0.000654,0.001684,1.4e-05,0.000284,0.000741,0.001736,0.001022,8.2e-05
5120,400,2002,1602,1602,0,0,0,45,8.161292,0.0,13510.289287,479.811301,2792.027408,2396.200583,2050.74,5120,9,81,6389760.0,828192.33,3265.9139,2309.239,44.9884,0.0,0.0,0.0,99,0.0375,1.018457,0.498712,0.506791,1.011916,0.407849,0.315203,0.299282,0.500043,0.050452,0.199996,0.303499,0.501651,0.395262,0.050758,0.009057,0.001821,0.001695,0.007205,0.001137,0.000898,0.000651,0.001665,1.4e-05,0.000266,0.000696,0.001737,0.001011,7.8e-05
5140,400,2009,1609,1609,0,0,0,44,9.376404,0.0,13429.558666,480.136887,2790.486709,2396.165836,2053.29,5140,9,81,6414720.0,832264.254,3271.4555,2318.1112,44.9884,0.0,0.0,0.0,99,0.0375,1.018234,0.499423,0.506413,1.012624,0.408185,0.315452,0.299073,0.500809,0.050374,0.200213,0.303661,0.502414,0.395244,0.050834,0.009148,0.00189,0.001847,0.00716,0.001148,0.00092,0.00066,0.001871,1.4e-05,0.000274,0.000707,0.001785,0.001119,7.8e-05
5160,402,2016,1614,1614,0,0,0,46,9.175998,0.0,13354.755381,481.967364,2788.856638,2396.15121,2058.27,5160,9,81,6439680.0,836353.194,3276.997,2326.4178,44.9884,0.0,0.0,0.0,99,0.037313,1.017458,0.499292,0.506356,1.011431,0.407882,0.315609,0.299511,0.500861,0.050405,0.200379,0.303834,0.501996,0.395364,0.050857,0.008913,0.00185,0.001877,0.00708,0.001131,0.000911,0.000646,0.001913,1.4e-05,0.000275,0.000708,0.001818,0.001131,8e-05
5180,401,2029,1628,1628,0,0,0,51,12.541194,0.0,13260.479316,477.176154,2790.282652,2396.145048,2077.48,5180,9,81,6464640.0,840442.134,3282.5385,2338.0646,45.7351,0.0,0.0,0.0,99,0.0399,1.019825,0.498536,0.506578,1.010318,0.406806,0.315883,0.299528,0.500845,0.050467,0.200177,0.303698,0.501724,0.39483,0.050963,0.009172,0.001767,0.001826,0.007217,0.001067,0.000879,0.00065,0.00198,1.5e-05,0.000282,0.000702,0.001862,0.001164,8.3e-05
5200,394,2032,1638,1638,0,0,0,49,10.94613,0.0,13226.563367,474.850649,2794.203221,2396.142452,2120.82,5200,9,81,6489600.0,844531.074,3288.0801,2347.6459,45.9299,0.0,0.0,0.0,99,0.038071,1.02011,0.497945,0.506018,1.01023,0.407345,0.316178,0.299147,0.500298,0.050424,0.200186,0.303551,0.502506,0.394461,0.050957,0.009284,0.001783,0.001813,0.007273,0.001097,0.000889,0.000649,0.001965,1.4e-05,0.000269,0.000695,0.001903,0.001186,8e-05
5220,392,2040,1648,1648,0,0,0,54,12.344059,0.0,13206.086045,471.30279,2796.353151,2396.498137,2135.33,5220,9,81,6514560.0,848620.014,3293.0583,2355.8874,46.079,0.0,0.0,0.0,99,0.040816,1.022059,0.498005,0.506445,1.010152,0.406573,0.315529,0.298916,0.500899,0.050415,0.200077,0.303315,0.501831,0.394194,0.051053,0.009279,0.001777,0.001784,0.007266,0.001059,0.000927,0.00064,0.001955,1.5e-05,0.000277,0.000687,0.001868,0.001192,8.6e-05
5240,397,2051,1654,1654,0,0,0,51,10.703555,0.0,13192.742032,473.015382,2796.281064,2396.2905,2124.49,5240,9,81,6539520.0,852708.954,3298.5999,2364.6604,46.3037,0.0,0.0,0.0,99,0.040302,1.021916,0.498232,0.506336,1.008316,0.406436,0.315573,0.299486,0.501609,0.050393,0.200089,0.303362,0.501201,0.394119,0.050938,0.009123,0.001728,0.00184,0.007304,0.001069,0.000924,0.000654,0.002166,1.5e-05,0.00028,0.00071,0.001856,0.001223,8.7e-05
5260,396,2059,1663,1663,0,0,0,52,8.817303,0.0,13171.348739,475.628251,2795.554447,2396.20362,2137.76,5260,9,81,6564480.0,856810.5195,3304.1414,2377.8423,46.8763,0.0,0.0,0.0,99,0.035354,1.02263,0.498674,0.506586,1.010887,0.406827,0.315543,0.299715,0.501187,0.050416,0.199834,0.303545,0.50062,0.394102,0.05106,0.009252,0.001766,0.001837,0.007645,0.001096,0.000946,0.000663,0.002191,1.5e-05,0.000285,0.000707,0.001937,0.001252,8.7e-05
5280,398,2066,1668,1668,0,0,0,51,11.027514,0.0,13123.682471,479.557234,2789.415252,2396.167114,2144.64,5280,9,81,6589440.0,860913.771,3309.6829,2388.0537,46.951,0.0,0.0,0.0,99,0.035176,1.022026,0.49834,0.505628,1.010628,0.40684,0.315534,0.300137,0.501059,0.050422,0.199853,0.303768,0.500392,0.394612,0.050962,0.009039,0.001679,0.001778,0.007824,0.001067,0.000912,0.000638,0.002171,1.5e-05,0.00028,0.000695,0.001906,0.001237,8.6e-05
5300,400,2071,1671,1671,0,0,0,52,8.652969,0.0,13086.631391,484.255923,2787.091109,2396.151748,2152.1,5300,9,81,6614400.0,865038.81,3315.2245,2395.6537,47.1968,0.0,0.0,0.0,99,0.035,1.024286,0.498804,0.506163,1.010509,0.407015,0.315461,0.299837,0.50047,0.050433,0.199912,0.303722,0.500268,0.394592,0.051076,0.008983,0.001674,0.001829,0.00796,0.001072,0.000906,0.000651,0.002167,1.5e-05,0.000281,0.000709,0.001893,0.001235,8.5e-05
5320,396,2079,1683,1683,0,0,0,56,11.846842,0.0,13065.297955,476.822244,2791.330914,2396.145275,2186.99,5320,9,81,6639360.0,869185.26,3320.766,2402.8826,47.5226,0.0,0.0,0.0,99,0.037879,1.023993,0.49883,0.506272,1.010266,0.40726,0.315568,0.300368,0.501123,0.050467,0.199883,0.303994,0.500174,0.394895,0.051149,0.009503,0.001658,0.001801,0.008004,0.001047,0.000875,0.000666,0.002066,1.4e-05,0.000289,0.00071,0.001849,0.001219,8.9e-05
5340,399,2091,1692,1692,0,0,0,57,8.926784,0.0,13068.466574,476.410258,2794.662958,2396.142547,2179.27,5340,9,81,6664320.0,873331.71,3326.3075,2413.2815,47.6268,0.0,0.0,0.0,99,0.037594,1.022838,0.499115,0.505892,1.00859,0.407463,0.316255,0.300542,0.501017,0.050429,0.199699,0.304667,0.500033,0.395296,0.051068,0.009561,0.001743,0.001842,0.008093,0.001068,0.000895,0.000699,0.002061,1.4e-05,0.000301,0.000803,0.001844,0.001248,9e-05
5360,397,2098,1701,1701,0,0,0,57,11.764344,0.0,13088.586412,476.422299,2791.813356,2395.515329,2204.96,5360,9,81,6689280.0,877489.35,3332.6056,2424.7018,48.1032,0.0,0.0,0.0,99,0.035264,1.021811,0.498881,0.506033,1.009371,0.407885,0.316189,0.300451,0.500978,0.0506,0.200151,0.304503,0.50034,0.395333,0.050963,0.009425,0.001737,0.001866,0.007983,0.001075,0.000913,0.000705,0.002139,1.5e-05,0.000297,0.000759,0.001903,0.001233,8.7e-05
5380,394,2109,1715,1715,0,0,0,57,11.332945,0.0,13150.066343,469.855612,2798.811443,2393.967283,2225.29,5380,9,81,6714240.0,881646.99,3340.7861,2435.3482,48.428,0.0,0.0,0.0,99,0.032995,1.020265,0.499123,0.506246,1.008423,0.408731,0.317007,0.300487,0.500773,0.050629,0.200181,0.304385,0.500453,0.395419,0.050735,0.009256,0.001771,0.001974,0.007948,0.00107,0.000949,0.000727,0.002164,1.4e-05,0.000288,0.000775,0.001923,0.001218,8.3e-05
5400,389,2118,1729,1729,0,0,0,62,13.75727,0.0,13247.392456,463.74018,2802.50255,2392.636729,2249.36,5400,9,81,6739200.0,885804.63,3349.9282,2446.7712,48.4588,0.0,0.0,0.0,99,0.033419,1.019377,0.49893,0.506445,1.007213,0.408738,0.317095,0.300785,0.50068,0.050689,0.200407,0.304138,0.500916,0.39504,0.05086,0.009022,0.001734,0.001963,0.007899,0.001068,0.000947,0.000745,0.002142,1.4e-05,0.000284,0.000749,0.001932,0.001214,8e-05
5420,393,2129,1736,1736,0,0,0,53,10.098339,0.0,13358.349891,468.911719,2800.989942,2391.98922,2227.6,5420,9,81,6764160.0,889967.3625,3359.075,2460.1361,48.9033,0.0,0.0,0.0,99,0.030534,1.019159,0.499599,0.506473,1.006865,0.409148,0.317073,0.301138,0.499903,0.050617,0.200237,0.304365,0.500575,0.394882,0.050778,0.008747,0.001766,0.002,0.007878,0.001077,0.000931,0.00076,0.002147,1.4e-05,0.000287,0.000768,0.001895,0.001216,8e-05
5440,398,2137,1739,1739,0,0,0,52,10.340828,0.0,13434.950356,477.241415,2792.417758,2391.665769,2216.28,5440,9,81,6789120.0,894145.3725,3368.2218,2471.9735,49.1093,0.0,0.0,0.0,99,0.030151,1.01907,0.499564,0.506048,1.006943,0.409033,0.316785,0.30099,0.500094,0.050577,0.200295,0.304415,0.500299,0.395091,0.050771,0.0087,0.001755,0.002031,0.007832,0.001064,0.000921,0.000763,0.002152,1.4e-05,0.000288,0.000763,0.00189,0.001214,8.1e-05
5460,399,2145,1746,1746,0,0,0,53,10.922744,0.0,13477.612561,478.544487,2790.532769,2391.501793,2217.91,5460,9,81,6814080.0,898332.1125,3377.3686,2481.3869,49.3614,0.0,0.0,0.0,99,0.030075,1.01898,0.499584,0.506786,1.006981,0.408769,0.316587,0.300863,0.500184,0.050607,0.200339,0.304713,0.5001,0.394809,0.050749,0.008673,0.001764,0.001969,0.007872,0.001063,0.00092,0.000772,0.00206,1.4e-05,0.000283,0.000781,0.001832,0.001219,7.9e-05
5480,398,2157,1759,1759,0,0,0,54,12.803219,0.0,13523.947515,471.682655,2795.514126,2391.418043,2228.56,5480,10,81,6839040.0,902518.8525,3386.5155,2490.6972,49.3614,0.0,0.0,0.0,99,0.030151,1.020331,0.499144,0.507655,1.009645,0.408732,0.316523,0.300486,0.499172,0.050561,0.200415,0.304619,0.501157,0.395388,0.050832,0.008468,0.001769,0.001983,0.008407,0.001065,0.000914,0.000793,0.002021,1.4e-05,0.000275,0.000806,0.002053,0.001202,8.2e-05
5500,401,2164,1763,1763,0,0,0,49,8.600343,0.0,13575.141844,480.969421,2790.430236,2391.375105,2218.85,5500,10,81,6864000.0,906705.5925,3395.6623,2503.8619,50.4906,0.0,0.0,0.0,99,0.029925,1.019745,0.499039,0.507188,1.009664,0.408303,0.317104,0.300602,0.499318,0.050533,0.200432,0.304739,0.501494,0.395485,0.05086,0.008314,0.001736,0.001899,0.00839,0.001068,0.000914,0.000781,0.001962,1.4e-05,0.000271,0.000799,0.002134,0.001195,8.1e-05
5520,407,2177,1770,1770,0,0,0,46,7.891618,0.0,13577.167802,483.066137,2789.042246,2391.353049,2202.88,5520,10,81,6888960.0,910892.3325,3404.8091,2514.3862,50.5599,0.0,0.0,0.0,99,0.031941,1.019067,0.498897,0.507202,1.010748,0.408626,0.31709,0.300617,0.499697,0.050503,0.200154,0.304544,0.50065,0.395324,0.051115,0.008354,0.001776,0.001938,0.008439,0.001094,0.000957,0.000788,0.001991,1.4e-05,0.00027,0.000775,0.002107,0.001209,8.9e-05
5540,404,2188,1784,1784,0,0,0,44,6.920954,0.0,13578.11824,481.119341,2791.959704,2391.341708,2223.28,5540,10,81,6913920.0,915079.0725,3413.956,2528.1936,51.8356,0.0,0.0,0.0,99,0.037129,1.020305,0.498911,0.506606,1.011555,0.408801,0.316983,0.300307,0.500833,0.050515,0.199577,0.304331,0.501453,0.39509,0.051154,0.008659,0.001851,0.001826,0.008781,0.001055,0.000936,0.000791,0.002018,1.5e-05,0.000272,0.000797,0.002209,0.001187,9.5e-05
5560,406,2199,1793,1793,0,0,0,50,9.561917,0.0,13569.285173,483.730605,2786.707478,2391.335873,2215.16,5560,10,81,6938880.0,919266.813,3423.1028,2542.0233,51.9522,0.0,0.0,0.0,99,0.034483,1.01988,0.499813,0.506277,1.011941,0.409083,0.317633,0.300417,0.500991,0.05047,0.199755,0.304723,0.501562,0.395297,0.051071,0.00886,0.001874,0.001859,0.008754,0.001042,0.001011,0.000772,0.002035,1.5e-05,0.000266,0.000796,0.002255,0.001188,9.4e-05
5580,402,2205,1803,1803,0,0,0,51,12.50344,0.0,13565.548344,483.11431,2784.38225,2391.33287,2227.77,5580,9,81,6963840.0,923465.841,3432.2496,2553.1717,52.1801,0.0,0.0,0.0,99,0.034826,1.020561,0.500054,0.505835,1.011841,0.408912,0.317345,0.300754,0.501125,0.050543,0.199999,0.304404,0.502036,0.395282,0.050895,0.008914,0.001875,0.001852,0.008577,0.001046,0.001023,0.000761,0.002002,1.5e-05,0.000258,0.000791,0.002217,0.001191,9.4e-05
5600,408,2217,1809,1809,0,0,0,51,12.648139,0.0,13528.862092,486.27694,2781.074921,2391.331325,2202.48,5600,9,81,6988800.0,927659.721,3441.3964,2563.2964,52.7201,0.0,0.0,0.0,99,0.034314,1.020966,0.499819,0.505457,1.011628,0.408385,0.317175,0.300603,0.501561,0.050526,0.199937,0.304654,0.501823,0.394835,0.050951,0.008964,0.001851,0.001905,0.008368,0.001001,0.001012,0.00075,0.002016,1.5e-05,0.000265,0.000799,0.002183,0.001179,9.4e-05
5620,417,2235,1818,1818,0,0,0,49,9.993263,0.0,13454.159904,490.664068,2779.342669,2391.33053,2154.59,5620,9,81,7013760.0,931853.601,3450.5433,2577.5932,53.6126,0.0,0.0,0.0,99,0.038369,1.022994,0.49946,0.506299,1.012581,0.408809,0.317889,0.299814,0.501707,0.050542,0.199363,0.304562,0.501475,0.395142,0.051186,0.009484,0.001908,0.001909,0.008846,0.00101,0.001002,0.00078,0.001967,1.6e-05,0.000275,0.000831,0.002236,0.001181,9.7e-05
5640,413,2243,1830,1830,0,0,0,48,9.383607,0.0,13371.602061,493.301435,2777.314958,2391.33012,2163.48,5640,9,81,7038720.0,936047.481,3459.6901,2593.9631,54.3912,0.0,0.0,0.0,99,0.041162,1.022903,0.499488,0.507132,1.013601,0.409416,0.318247,0.299827,0.502093,0.050437,0.19919,0.304879,0.50197,0.394813,0.051258,0.00948,0.001912,0.001937,0.00883,0.001057,0.001008,0.000778,0.001994,1.6e-05,0.00029,0.000831,0.002242,0.001238,9.9e-05
5660,411,2251,1840,1840,0,0,0,48,8.302932,0.0,13285.823274,494.855319,2776.841749,2391.32991,2166.16,5660,9,81,7063680.0,940241.361,3468.8369,2607.7161,54.5607,0.0,0.0,0.0,99,0.041363,1.024418,0.499068,0.506543,1.012888,0.40937,0.318253,0.299907,0.50374,0.050354,0.199294,0.305077,0.503336,0.394332,0.051106,0.0097,0.001879,0.001968,0.008564,0.001069,0.001011,0.000787,0.002234,1.6e-05,0.000296,0.000832,0.002196,0.001268,9.5e-05
5680,408,2258,1850,1850,0,0,0,50,10.404477,0.0,13204.205724,491.615943,2777.97958,2391.329801,2184.91,5680,9,81,7088640.0,944438.7735,3477.9837,2617.1455,54.6349,0.0,0.0,0.0,99,0.039216,1.023894,0.498534,0.506539,1.012507,0.409158,0.318273,0.300434,0.504357,0.050267,0.199321,0.304803,0.50247,0.394446,0.051059,0.009509,0.001884,0.002014,0.008203,0.001052,0.000997,0.000788,0.002196,1.6e-05,0.00029,0.000829,0.002167,0.001272,9e-05
5700,403,2265,1862,1862,0,0,0,47,7.702998,0.0,13202.125606,485.023098,2787.273904,2393.131908,2222.1,5700,9,81,7113600.0,948646.7835,3484.9674,2625.3309,55.1405,0.0,0.0,0.0,99,0.037221,1.021605,0.498186,0.506322,1.012395,0.408224,0.318849,0.300642,0.505571,0.050282,0.199456,0.305274,0.502518,0.39453,0.051128,0.0095,0.00186,0.001977,0.007945,0.001035,0.001015,0.000793,0.002174,1.6e-05,0.00029,0.00085,0.002149,0.001279,9.2e-05
5720,400,2272,1872,1872,0,0,0,47,7.825576,0.0,13219.619984,482.031301,2790.143123,2394.815703,2246.65,5720,9,81,7138560.0,952854.7935,3490.5089,2634.2911,55.506,0.0,0.0,0.0,99,0.0425,1.021604,0.497882,0.506056,1.0133,0.408516,0.318895,0.300737,0.50494,0.050319,0.199298,0.305568,0.502864,0.39479,0.051163,0.009489,0.001847,0.001984,0.008232,0.001014,0.001029,0.000795,0.002175,1.6e-05,0.000299,0.000857,0.002125,0.001284,9.6e-05
5740,398,2282,1884,1884,0,0,0,47,11.061353,0.0,13252.515851,476.548149,2792.390498,2395.571418,2230.51,5740,9,81,7163520.0,957062.8035,3496.0505,2643.8953,56.2754,0.0,0.0,0.0,99,0.040201,1.01937,0.498168,0.506372,1.010239,0.408918,0.319216,0.300064,0.504825,0.050166,0.199306,0.304534,0.502679,0.395346,0.050865,0.009058,0.001846,0.001926,0.007859,0.001048,0.001065,0.000801,0.00216,1.4e-05,0.000291,0.000818,0.001992,0.001267,9e-05
5760,403,2294,1891,1891,0,0,0,43,8.511416,0.0,13301.964305,479.154649,2792.333936,2395.898722,2210.89,5760,8,81,7188480.0,961272.8565,3501.592,2654.5512,56.9794,0.0,0.0,0.0,99,0.039702,1.018657,0.498555,0.50517,1.011756,0.409549,0.319049,0.300023,0.504761,0.050196,0.199065,0.30413,0.502277,0.395867,0.050782,0.009125,0.001833,0.001925,0.007993,0.001031,0.00107,0.000798,0.002156,1.4e-05,0.000285,0.000738,0.002025,0.001288,8.9e-05
5780,401,2303,1902,1902,0,0,0,45,9.038739,0.0,13382.793825,477.562627,2793.398634,2396.038281,2235.64,5780,8,81,7213440.0,965501.2965,3507.1335,2666.0956,56.9794,0.0,0.0,0.0,99,0.0399,1.019065,0.498116,0.505778,1.01119,0.408522,0.31888,0.300254,0.504794,0.050161,0.199044,0.304856,0.502246,0.395886,0.050783,0.009063,0.001769,0.00188,0.008191,0.001062,0.001065,0.000761,0.002078,1.5e-05,0.00028,0.00079,0.001986,0.001298,8.8e-05
5800,404,2313,1909,1909,0,0,0,44,7.422912,0.0,13434.083459,482.796142,2789.780946,2396.09739,2234.9,5800,8,81,7238400.0,969729.7365,3512.6751,2679.2977,57.2559,0.0,0.0,0.0,99,0.037129,1.020026,0.498087,0.506001,1.011465,0.408516,0.318929,0.300231,0.505129,0.050147,0.198723,0.304736,0.502034,0.395652,0.050772,0.009204,0.001758,0.001876,0.008209,0.001074,0.001069,0.000779,0.002113,1.5e-05,0.000281,0.000791,0.001992,0.001291,8.8e-05
5820,404,2321,1917,1917,0,0,0,45,9.808213,0.0,13454.470921,484.312731,2785.879056,2396.122355,2251.61,5820,8,81,7263360.0,973958.1765,3518.2166,2689.93,57.7303,0.0,0.0,0.0,99,0.037129,1.020064,0.498202,0.506212,1.010566,0.408511,0.318915,0.29997,0.504845,0.050178,0.198994,0.304708,0.502206,0.39527,0.050799,0.009184,0.001814,0.001849,0.008231,0.001078,0.001065,0.000788,0.002109,1.4e-05,0.000286,0.000804,0.002001,0.001293,8.7e-05
5840,408,2333,1925,1925,0,0,0,40,7.126395,0.0,13463.358198,485.588406,2787.2852,2396.132885,2244.85,5840,8,81,7288320.0,978186.6165,3523.7581,2701.1914,57.7303,0.0,0.0,0.0,99,0.036765,1.021002,0.498082,0.506201,1.010664,0.408718,0.318442,0.299811,0.504365,0.05021,0.199146,0.304629,0.502761,0.39526,0.050839,0.009422,0.001798,0.001855,0.008123,0.001087,0.001063,0.000767,0.00205,1.4e-05,0.000281,0.000805,0.002031,0.001289,8.5e-05
5860,407,2340,1933,1933,0,0,0,40,8.058227,0.0,13458.916836,487.114588,2784.827186,2396.137325,2251.92,5860,8,81,7313280.0,982415.0565,3529.2997,2712.2277,57.785,0.0,0.0,0.0,99,0.036855,1.022541,0.497781,0.505666,1.010252,0.408503,0.318912,0.299461,0.503956,0.050125,0.199278,0.304597,0.503279,0.395566,0.050886,0.009511,0.00183,0.001876,0.008192,0.001093,0.001073,0.000767,0.002065,1.5e-05,0.000282,0.000799,0.002062,0.001281,8.7e-05
5880,411,2351,1940,1940,0,0,0,41,8.41599,0.0,13442.079429,491.394721,2780.189288,2396.139197,2245.02,5880,8,81,7338240.0,986656.3665,3534.8412,2724.5455,58.3535,0.0,0.0,0.0,99,0.034063,1.022776,0.497583,0.50605,1.009236,0.40774,0.3188,0.299233,0.504155,0.050122,0.199235,0.304767,0.502012,0.395449,0.050846,0.009466,0.001847,0.001892,0.008182,0.001125,0.001087,0.000767,0.002105,1.5e-05,0.000282,0.000841,0.00204,0.001293,8.5e-05
5900,410,2363,1953,1953,0,0,0,43,11.571877,0.0,13397.671149,488.709103,2779.71902,2396.139986,2236.6,5900,8,81,7363200.0,990897.6765,3540.3827,2737.175,59.1591,0.0,0.0,0.0,99,0.029268,1.023168,0.4972,0.506399,1.00912,0.408778,0.319069,0.298917,0.503363,0.050178,0.199393,0.303954,0.502079,0.395432,0.050813,0.009615,0.001861,0.001901,0.007768,0.001219,0.001107,0.000792,0.002169,1.5e-05,0.000283,0.000818,0.002067,0.001307,8.2e-05
5920,406,2367,1961,1961,0,0,0,40,8.217087,0.0,13394.662725,491.358506,2780.424407,2396.140318,2254.53,5920,8,81,7388160.0,995138.9865,3545.9243,2749.1482,59.9278,0.0,0.0,0.0,99,0.03202,1.023607,0.496699,0.506427,1.00867,0.408923,0.318759,0.299314,0.502496,0.050148,0.199413,0.303878,0.501636,0.395022,0.050811,0.009524,0.001856,0.001905,0.007758,0.00118,0.001071,0.000786,0.002149,1.5e-05,0.000281,0.000811,0.002024,0.001312,8.1e-05
5940,408,2380,1972,1972,0,0,0,43,10.233184,0.0,13397.650153,488.682264,2781.084552,2395.538309,2248.34,5940,8,81,7413120.0,999380.2965,3552.1927,2759.2531,60.1347,0.0,0.0,0.0,99,0.034314,1.024521,0.496892,0.505697,1.009553,0.409684,0.318762,0.298941,0.501063,0.050222,0.199874,0.303534,0.501356,0.395305,0.050698,0.009394,0.001871,0.001939,0.008094,0.001217,0.00105,0.000779,0.002177,1.5e-05,0.000282,0.000818,0.002096,0.001325,8.3e-05
5960,407,2391,1984,1984,0,0,0,46,9.742587,0.0,13416.158272,486.516098,2783.741315,2394.089726,2256.75,5960,8,81,7438080.0,1003621.6065,3560.2253,2771.6342,60.5561,0.0,0.0,0.0,99,0.029484,1.024394,0.497737,0.505976,1.00874,0.409143,0.318416,0.298584,0.501765,0.050188,0.200173,0.303344,0.502273,0.394748,0.050879,0.009388,0.001893,0.001977,0.00782,0.001221,0.001024,0.000795,0.002201,1.5e-05,0.000278,0.000831,0.002193,0.001332,8.3e-05
5980,407,2401,1994,1994,0,0,0,47,13.120129,0.0,13421.646719,486.292609,2780.587262,2392.873836,2251.96,5980,8,81,7463040.0,1007862.9165,3569.1185,2783.3779,60.96,0.0,0.0,0.0,99,0.029484,1.025041,0.498345,0.505595,1.007252,0.408751,0.318575,0.298516,0.501166,0.05017,0.200512,0.302999,0.501925,0.39544,0.050828,0.009672,0.001934,0.001981,0.007672,0.001216,0.001019,0.000809,0.002199,1.5e-05,0.000294,0.000833,0.002166,0.001325,8.4e-05
6000,405,2411,2006,2006,0,0,0,48,11.711053,0.0,13450.532735,486.448984,2781.839963,2392.28689,2262.93,6000,8,81,7488000.0,1012124.433,3578.0175,2797.6647,61.6723,0.0,0.0,0.0,99,0.02963,1.025649,0.497515,0.505405,1.007083,0.409221,0.318958,0.298956,0.502694,0.050253,0.200394,0.30296,0.501315,0.394902,0.050785,0.009793,0.001941,0.001977,0.007606,0.001212,0.001015,0.000825,0.002364,1.5e-05,0.000299,0.000817,0.002144,0.001368,8.6e-05
6020,407,2417,2010,2010,0,0,0,45,9.921189,0.0,13478.562178,490.978812,2779.099999,2391.997218,2266.03,6020,8,81,7512960.0,1016387.013,3586.9164,2807.476,61.7486,0.0,0.0,0.0,99,0.029484,1.024621,0.497315,0.504931,1.007351,0.409217,0.3187,0.299031,0.50298,0.050274,0.200315,0.303224,0.50094,0.39483,0.050868,0.009621,0.001945,0.001973,0.007611,0.001228,0.000971,0.000819,0.00235,1.5e-05,0.000301,0.000817,0.002121,0.001363,8.6e-05
6040,399,2425,2026,2026,0,0,0,46,10.746545,0.0,13543.874931,481.498367,2787.755088,2391.852349,2310.82,6040,8,81,7537920.0,1020649.593,3595.8154,2817.8038,62.2367,0.0,0.0,0.0,99,0.032581,1.024914,0.498284,0.505539,1.007369,0.408523,0.319044,0.299197,0.503084,0.050256,0.199937,0.303632,0.501598,0.394488,0.051092,0.010002,0.001883,0.001948,0.007586,0.001282,0.000972,0.000816,0.002292,1.5e-05,0.000305,0.000849,0.002292,0.001352,9.8e-05
6060,410,2441,2031,2031,0,0,0,43,8.541925,0.0,13589.365009,488.548142,2782.909934,2391.779419,2246.77,6060,8,81,7562880.0,1024912.173,3604.7144,2830.0132,62.95,0.0,0.0,0.0,99,0.034146,1.026386,0.499086,0.50618,1.007991,0.40927,0.318596,0.300012,0.502561,0.050265,0.199984,0.303858,0.501041,0.393516,0.051202,0.010037,0.001912,0.002002,0.008089,0.001241,0.000976,0.000836,0.00241,1.6e-05,0.000322,0.000839,0.002282,0.001342,0.000104
6080,404,2447,2043,2043,0,0,0,48,12.692611,0.0,13611.564734,486.901292,2780.406098,2391.742581,2272.22,6080,8,81,7587840.0,1029175.5015,3613.6134,2842.8723,62.9753,0.0,0.0,0.0,99,0.034653,1.026569,0.498595,0.505769,1.009029,0.408832,0.318664,0.3005,0.502715,0.050337,0.200091,0.303948,0.501033,0.394087,0.050951,0.010017,0.00198,0.001978,0.007989,0.00122,0.000977,0.000838,0.002418,1.6e-05,0.000309,0.000824,0.002226,0.001323,0.000102
6100,406,2455,2049,2049,0,0,0,45,8.392603,0.0,13667.056786,489.704162,2781.903235,2391.723944,2267.06,6100,8,81,7612800.0,1033453.0515,3622.5124,2852.591,63.0771,0.0,0.0,0.0,99,0.034483,1.026552,0.498518,0.505286,1.007499,0.408816,0.318397,0.300053,0.502734,0.050332,0.199981,0.303716,0.501128,0.394448,0.050975,0.010048,0.001969,0.002013,0.007757,0.001186,0.000961,0.000812,0.002389,1.6e-05,0.000319,0.000826,0.002181,0.001293,0.0001
6120,412,2469,2057,2057,0,0,0,45,9.63527,0.0,13684.937678,491.645193,2778.719537,2391.714506,2249.04,6120,8,81,7637760.0,1037730.6015,3631.4114,2863.782,63.3272,0.0,0.0,0.0,70,0.033981,1.02773,0.499824,0.504599,1.008614,0.408783,0.319163,0.300746,0.504283,0.050346,0.199931,0.303769,0.50126,0.393742,0.05105,0.010184,0.002038,0.002073,0.008002,0.001237,0.000981,0.000858,0.002615,1.7e-05,0.00033,0.000817,0.002129,0.00139,9.8e-05
6140,414,2476,2062,2062,0,0,0,45,8.976703,0.0,13659.105665,499.731797,2771.2915,2391.709725,2239.23,6140,9,81,7662720.0,1042008.1515,3640.3103,2877.4587,63.4712,0.0,0.0,0.0,99,0.038647,1.029145,0.499868,0.504895,1.009824,0.408913,0.31902,0.300579,0.504233,0.050347,0.199782,0.304497,0.501716,0.393315,0.051122,0.010281,0.002092,0.002131,0.008175,0.001248,0.000974,0.000849,0.002658,1.7e-05,0.000344,0.000871,0.002144,0.001411,0.0001
6160,409,2483,2074,2074,0,0,0,47,9.879479,0.0,13634.230493,495.254223,2774.866298,2391.707303,2275.89,6160,9,81,7687680.0,1046285.7015,3649.2093,2888.1483,63.9844,0.0,0.0,0.0,70,0.036675,1.028031,0.499772,0.504619,1.008604,0.408884,0.31945,0.300431,0.503931,0.050275,0.200065,0.304401,0.502884,0.393371,0.051097,0.009976,0.002035,0.002127,0.007992,0.001251,0.000993,0.000848,0.002617,1.6e-05,0.000332,0.000869,0.00216,0.001388,9.6e-05
6180,406,2492,2086,2086,0,0,0,48,12.553751,0.0,13641.748589,489.793379,2777.652869,2391.706075,2292.71,6180,9,81,7712640.0,1050563.2515,3658.1083,2897.3936,64.1626,0.0,0.0,0.0,99,0.039409,1.029304,0.49857,0.505774,1.008257,0.409513,0.320206,0.300717,0.50392,0.05032,0.199896,0.303794,0.50214,0.393687,0.051378,0.010379,0.002139,0.00234,0.008212,0.001319,0.001083,0.000861,0.002496,1.6e-05,0.000324,0.000854,0.002093,0.001378,0.000107
6200,405,2501,2096,2096,0,0,0,52,11.010963,0.0,13687.984562,487.923115,2781.065922,2391.705453,2312.49,6200,9,81,7737600.0,1054840.8015,3667.0073,2907.656,64.2817,0.0,0.0,0.0,99,0.039506,1.030099,0.498491,0.505605,1.009207,0.409763,0.319898,0.300416,0.503961,0.050242,0.199746,0.303894,0.501998,0.393466,0.051353,0.010257,0.002091,0.002336,0.008473,0.001213,0.001077,0.000881,0.002549,1.6e-05,0.000315,0.000842,0.002123,0.001378,0.000105
6220,405,2509,2104,2104,0,0,0,48,9.294218,0.0,13743.59372,488.965276,2781.740506,2391.705137,2325.83,6220,9,81,7762560.0,1059118.3515,3675.9063,2918.7506,64.5328,0.0,0.0,0.0,99,0.041975,1.028804,0.498143,0.505431,1.008706,0.409571,0.319969,0.299985,0.50373,0.050246,0.199853,0.303915,0.501204,0.39319,0.051252,0.009876,0.002133,0.002342,0.008562,0.001188,0.001077,0.000853,0.002589,1.6e-05,0.000315,0.000848,0.002023,0.001377,0.000103
6240,410,2523,2113,2113,0,0,0,50,9.224254,0.0,13772.344146,491.290284,2779.485462,2391.704978,2298.95,6240,9,81,7787520.0,1063411.539,3684.8053,2932.4341,64.7963,0.0,0.0,0.0,99,0.039024,1.02923,0.49837,0.50595,1.009003,0.409684,0.319896,0.299532,0.503881,0.050281,0.199663,0.304157,0.500615,0.393799,0.051204,0.009985,0.002204,0.002303,0.008464,0.001212,0.0011,0.000842,0.002508,1.6e-05,0.000308,0.000843,0.002047,0.001404,0.000102
6260,409,2530,2121,2121,0,0,0,52,8.830358,0.0,13797.597725,495.065001,2776.104641,2391.704897,2321.31,6260,9,81,7812480.0,1067709.939,3693.7042,2946.1262,65.4839,0.0,0.0,0.0,99,0.031785,1.027487,0.498624,0.505178,1.009205,0.409214,0.31957,0.299272,0.503097,0.050286,0.199997,0.303247,0.500539,0.395037,0.050856,0.009971,0.002163,0.002156,0.008173,0.001161,0.001064,0.000854,0.002495,1.6e-05,0.000295,0.000794,0.002052,0.001347,9.4e-05
6280,412,2537,2125,2125,0,0,0,51,8.396312,0.0,13801.454171,499.393866,2772.209822,2391.704856,2309.58,6280,9,81,7837440.0,1072008.339,3702.6032,2955.2345,65.5984,0.0,0.0,0.0,99,0.031553,1.026884,0.498468,0.50385,1.008474,0.408371,0.318923,0.298988,0.503339,0.050236,0.200115,0.303502,0.500347,0.394677,0.050927,0.009995,0.00212,0.002143,0.008105,0.001163,0.001049,0.000835,0.00243,1.6e-05,0.000291,0.000789,0.002038,0.001342,9.3e-05
6300,408,2543,2135,2135,0,0,0,50,8.624249,0.0,13817.876946,494.584944,2776.790806,2391.704835,2343.73,6300,9,81,7862400.0,1076314.407,3711.5022,2962.9543,65.7809,0.0,0.0,0.0,99,0.036765,1.027202,0.498506,0.503082,1.009429,0.409064,0.319428,0.299038,0.503498,0.050268,0.20016,0.303832,0.500454,0.394831,0.051107,0.00981,0.002165,0.002107,0.008332,0.00116,0.001061,0.000825,0.002411,1.6e-05,0.000288,0.000793,0.002103,0.001332,9.8e-05
6320,404,2552,2148,2148,0,0,0,55,9.982129,0.0,13905.391124,486.142116,2783.875755,2391.704824,2360.55,6320,9,81,7887360.0,1080631.977,3720.4012,2970.2589,66.2312,0.0,0.0,0.0,99,0.037129,1.026593,0.498398,0.501659,1.008168,0.408516,0.31943,0.298914,0.502803,0.050269,0.199878,0.304212,0.500021,0.394962,0.050928,0.009584,0.002084,0.002006,0.00826,0.001152,0.001083,0.000803,0.002374,1.6e-05,0.00029,0.000847,0.002039,0.001376,9.6e-05
6340,407,2566,2159,2159,0,0,0,56,10.96406,0.0,14006.354557,484.046575,2784.989364,2391.704819,2357.2,6340,9,81,7912320.0,1084956.8445,3729.3002,2981.9254,66.3564,0.0,0.0,0.0,99,0.039312,1.027446,0.499091,0.500883,1.007174,0.407965,0.320469,0.299343,0.505598,0.05009,0.200725,0.30516,0.501157,0.39395,0.050913,0.010106,0.002142,0.002037,0.007834,0.001202,0.001111,0.000815,0.00291,1.5e-05,0.000314,0.000893,0.002184,0.001431,9.5e-05
6360,406,2572,2166,2166,0,0,0,50,8.494191,0.0,14120.448111,490.561056,2780.944753,2391.704816,2374.72,6360,9,81,7937280.0,1089295.2645,3738.1992,2996.9935,66.8759,0.0,0.0,0.0,99,0.039409,1.028642,0.498721,0.50183,1.00533,0.408152,0.320623,0.299314,0.505473,0.050078,0.200867,0.304902,0.50109,0.39488,0.05079,0.01034,0.002165,0.002183,0.007818,0.001264,0.001125,0.000813,0.002942,1.5e-05,0.000306,0.000914,0.002164,0.001482,9.1e-05
6380,414,2584,2170,2170,0,0,0,49,8.212314,0.0,14166.391649,497.955789,2773.831897,2391.704815,2323.95,6380,9,81,7962240.0,1093633.6845,3747.0982,3009.6336,66.8759,0.0,0.0,0.0,99,0.038647,1.027966,0.498836,0.50197,1.004938,0.408733,0.320522,0.299517,0.504699,0.050111,0.200972,0.304438,0.500496,0.394713,0.050654,0.010318,0.002169,0.002242,0.007718,0.001313,0.001143,0.000806,0.002825,1.6e-05,0.000305,0.000913,0.002107,0.001462,9e-05
6400,412,2593,2181,2181,0,0,0,55,12.556366,0.0,14195.529117,495.844726,2771.598907,2392.630222,2327.75,6400,9,81,7987200.0,1097972.1045,3754.9899,3021.3553,66.9297,0.0,0.0,0.0,99,0.038835,1.027651,0.499389,0.50224,1.004542,0.408405,0.32128,0.299834,0.503576,0.050109,0.200878,0.305184,0.499605,0.394447,0.050852,0.010426,0.002289,0.002274,0.008125,0.001337,0.001161,0.000823,0.002897,1.5e-05,0.000314,0.000956,0.002114,0.00147,9.9e-05
6420,405,2603,2198,2198,0,0,0,60,15.320698,0.0,14269.954004,488.604325,2776.074977,2394.583183,2365.97,6420,9,81,8012160.0,1102310.5245,3760.5314,3034.5695,67.2148,0.0,0.0,0.0,99,0.037037,1.028253,0.49913,0.50356,1.005622,0.408472,0.321154,0.299729,0.50317,0.050205,0.200447,0.304541,0.501005,0.393876,0.050861,0.010414,0.002201,0.00228,0.007825,0.001324,0.001154,0.000806,0.002728,1.6e-05,0.000313,0.000914,0.002087,0.001434,0.000101
6440,413,2618,2205,2205,0,0,0,54,13.35048,0.0,14335.225034,493.722613,2772.926907,2395.469262,2329.46,6440,9,81,8037120.0,1106648.9445,3766.073,3048.1823,67.3245,0.0,0.0,0.0,70,0.033898,1.030331,0.49898,0.503639,1.007721,0.408532,0.322191,0.299918,0.505152,0.050196,0.200506,0.305101,0.501133,0.393527,0.051025,0.010465,0.002229,0.002247,0.008246,0.001345,0.001206,0.000803,0.003029,1.7e-05,0.000319,0.000893,0.002262,0.001476,0.000103
6460,416,2627,2211,2211,0,0,0,54,13.001589,0.0,14354.155553,501.631757,2765.366654,2395.854894,2329.06,6460,9,81,8062080.0,1110994.674,3771.6145,3062.699,67.743,0.0,0.0,0.0,70,0.036058,1.031784,0.499395,0.50377,1.008002,0.408667,0.322151,0.300415,0.504642,0.050188,0.200514,0.304933,0.500642,0.393222,0.050932,0.010531,0.002208,0.002228,0.008456,0.001378,0.001236,0.000793,0.003019,1.7e-05,0.000313,0.000895,0.002222,0.001454,0.000102
6480,423,2637,2214,2214,0,0,0,51,12.368008,0.0,14293.261554,512.861932,2754.770061,2396.019669,2308.39,6480,9,81,8087040.0,1115346.384,3777.156,3077.479,67.812,0.0,0.0,0.0,70,0.035461,1.033349,0.500345,0.504088,1.007934,0.408892,0.322105,0.299938,0.504496,0.050195,0.200784,0.304675,0.500192,0.393565,0.050823,0.010782,0.002213,0.002299,0.008551,0.001403,0.001269,0.000793,0.003083,1.7e-05,0.000316,0.000897,0.002245,0.001455,0.000102
6500,425,2644,2219,2219,0,0,0,53,11.238093,0.0,14190.958255,516.862171,2751.899736,2396.089521,2310.27,6500,9,81,8112000.0,1119698.094,3782.6976,3087.9359,68.0132,0.0,0.0,0.0,70,0.032941,1.032001,0.499603,0.503716,1.007,0.40947,0.322081,0.299794,0.504317,0.050207,0.200926,0.304503,0.499861,0.39354,0.0508,0.010511,0.00219,0.002258,0.008618,0.001381,0.001212,0.000785,0.003054,1.7e-05,0.000305,0.000836,0.002127,0.001436,9.8e-05
6520,421,2652,2231,2231,0,0,0,54,13.097539,0.0,14093.143107,511.626216,2755.276245,2396.119033,2335.94,6520,10,81,8136960.0,1124049.804,3788.2391,3097.161,68.8993,0.0,0.0,0.0,70,0.035629,1.031902,0.499382,0.503475,1.007277,0.409656,0.320892,0.299442,0.50515,0.050323,0.201009,0.303886,0.500518,0.393298,0.050637,0.010569,0.002171,0.002295,0.008458,0.001343,0.001168,0.000804,0.003101,1.6e-05,0.000304,0.000794,0.002089,0.001436,9.3e-05
6540,419,2664,2245,2245,0,0,0,59,15.396485,0.0,14022.617008,505.614497,2758.989018,2396.131485,2357.81,6540,10,81,8161920.0,1128401.514,3793.7806,3107.8265,69.2066,0.0,0.0,0.0,70,0.031026,1.032318,0.499555,0.504283,1.010412,0.40992,0.321477,0.298807,0.504849,0.050407,0.200584,0.303572,0.500495,0.393486,0.05089,0.010814,0.002178,0.002289,0.008784,0.001367,0.001217,0.000813,0.00282,1.6e-05,0.000312,0.000785,0.002103,0.00143,9.4e-05
6560,420,2674,2254,2254,0,0,0,53,11.190127,0.0,13995.022143,506.936783,2761.87309,2396.136735,2363.4,6560,10,81,8186880.0,1132753.224,3799.3222,3119.9123,69.3511,0.0,0.0,0.0,70,0.030952,1.032655,0.500013,0.504989,1.010674,0.409421,0.32135,0.299517,0.504479,0.050427,0.200593,0.303947,0.500351,0.393515,0.050784,0.010871,0.002166,0.002307,0.008572,0.001314,0.001212,0.000841,0.00284,1.7e-05,0.000316,0.00078,0.002076,0.001449,9.5e-05
6580,417,2683,2266,2266,0,0,0,56,11.524445,0.0,13980.072046,502.539931,2765.935624,2396.138948,2384.59,6580,10,81,8211840.0,1137109.9365,3804.8637,3131.2601,69.5144,0.0,0.0,0.0,70,0.033573,1.031045,0.50043,0.503998,1.010816,0.40936,0.321819,0.299663,0.504216,0.050343,0.200794,0.304047,0.500035,0.393105,0.050897,0.010625,0.002175,0.002284,0.008665,0.001334,0.001178,0.000855,0.002788,1.7e-05,0.000311,0.000815,0.002061,0.001441,9.5e-05
6600,413,2687,2274,2274,0,0,0,57,11.098525,0.0,14006.803046,504.106349,2764.795126,2396.139881,2423.47,6600,10,81,8236800.0,1141481.6565,3810.4052,3142.2933,69.8203,0.0,0.0,0.0,70,0.033898,1.032619,0.500638,0.504463,1.011626,0.408821,0.322055,0.300054,0.504508,0.050346,0.200822,0.304188,0.500283,0.393075,0.05088,0.01081,0.002144,0.002341,0.008664,0.001342,0.001211,0.000852,0.002814,1.7e-05,0.000305,0.000797,0.002071,0.001452,9.7e-05
6620,416,2699,2283,2283,0,0,0,60,13.412461,0.0,14004.195292,503.93586,2762.651679,2396.140274,2417.95,6620,10,81,8261760.0,1145858.616,3815.9468,3152.9352,70.0438,0.0,0.0,0.0,99,0.036058,1.034968,0.499559,0.505439,1.015024,0.409664,0.321966,0.299782,0.504331,0.050284,0.200278,0.304459,0.501095,0.3929,0.051013,0.011112,0.002201,0.002379,0.009027,0.001385,0.001239,0.000846,0.002657,1.7e-05,0.000308,0.000789,0.002061,0.001458,0.000102
6640,411,2707,2296,2296,0,0,0,63,16.036409,0.0,14034.881834,498.159642,2765.803948,2396.14044,2449.11,6640,10,81,8286720.0,1150245.306,3821.4883,3163.2473,70.131,0.0,0.0,0.0,99,0.034063,1.033923,0.499854,0.505672,1.015395,0.409138,0.322099,0.299757,0.503961,0.050292,0.199926,0.304602,0.501087,0.392923,0.051099,0.011326,0.002192,0.002403,0.008634,0.001329,0.001264,0.000856,0.002624,1.8e-05,0.000303,0.000774,0.002068,0.001468,0.0001
6660,411,2713,2302,2302,0,0,0,59,10.600796,0.0,14105.777244,501.917049,2767.482154,2396.14051,2459.37,6660,10,81,8311680.0,1154631.996,3827.0298,3174.3364,70.9239,0.0,0.0,0.0,99,0.034063,1.031915,0.500745,0.505811,1.015052,0.40915,0.322114,0.300103,0.505054,0.050264,0.199852,0.304919,0.500223,0.392763,0.050941,0.011206,0.002112,0.002396,0.008814,0.001324,0.00127,0.000848,0.002706,1.8e-05,0.000304,0.000775,0.002023,0.001452,0.0001
6680,416,2726,2310,2310,0,0,0,55,11.497911,0.0,14118.163411,504.205067,2764.297022,2395.570925,2442.06,6680,10,81,8336640.0,1159018.686,3833.2546,3186.3985,71.1535,0.0,0.0,0.0,99,0.033654,1.032868,0.500726,0.504798,1.014564,0.409359,0.322084,0.299946,0.505139,0.050213,0.199494,0.304974,0.49978,0.393116,0.050941,0.011136,0.002143,0.002305,0.008841,0.001326,0.001272,0.000834,0.002683,1.8e-05,0.000312,0.000804,0.00199,0.001445,9.9e-05
6700,418,2738,2320,2320,0,0,0,59,12.862126,0.0,14127.364012,503.73199,2763.405885,2394.162172,2423.54,6700,10,81,8361600.0,1163405.376,3841.2071,3197.6089,71.5076,0.0,0.0,0.0,70,0.033493,1.033253,0.500101,0.505244,1.015222,0.40926,0.32274,0.300075,0.505481,0.050223,0.199729,0.30507,0.499811,0.393019,0.050839,0.010936,0.002251,0.00234,0.008724,0.001313,0.001265,0.000805,0.002743,1.8e-05,0.000326,0.0008,0.001986,0.001464,9.8e-05
6720,420,2751,2331,2331,0,0,0,58,13.83876,0.0,14129.814822,505.91294,2760.2483,2393.050297,2419.05,6720,9,81,8386560.0,1167792.066,3849.9039,3212.9516,72.0006,0.0,0.0,0.0,99,0.035714,1.034803,0.499932,0.504762,1.015206,0.40896,0.32278,0.300022,0.505451,0.050204,0.199551,0.304637,0.499071,0.39337,0.051204,0.010983,0.002229,0.002278,0.008783,0.001292,0.001273,0.0008,0.002743,1.8e-05,0.000322,0.000774,0.002024,0.001427,0.000108
6740,419,2761,2342,2342,0,0,0,64,14.759988,0.0,14096.588102,508.460317,2756.779696,2392.519851,2430.77,6740,10,81,8411520.0,1172178.756,3858.6008,3229.2314,72.4795,0.0,0.0,0.0,70,0.0358,1.034756,0.49986,0.503689,1.014309,0.407959,0.323431,0.300368,0.505914,0.050095,0.199597,0.304752,0.499072,0.393846,0.051298,0.010976,0.002128,0.002252,0.008971,0.001246,0.001305,0.000789,0.002742,1.8e-05,0.000328,0.000787,0.002118,0.001417,0.000105
6760,416,2768,2352,2352,0,0,0,62,12.837229,0.0,14089.093369,507.914907,2759.247864,2392.260521,2443.83,6760,10,81,8436480.0,1176565.446,3867.2976,3240.347,72.9534,0.0,0.0,0.0,70,0.038462,1.035127,0.500808,0.503685,1.013709,0.408136,0.323068,0.301012,0.505521,0.050143,0.199467,0.305016,0.498925,0.393968,0.051197,0.011199,0.002109,0.002316,0.009167,0.001277,0.001288,0.000795,0.002756,1.8e-05,0.000329,0.000793,0.002125,0.001432,0.000102
6780,416,2778,2362,2362,0,0,0,61,14.085203,0.0,14074.225546,505.372997,2760.5418,2392.132218,2453.84,6780,10,81,8461440.0,1180952.136,3875.9945,3250.3014,73.3501,0.0,0.0,0.0,70,0.038462,1.033733,0.500433,0.503183,1.01214,0.407882,0.323862,0.3007,0.505672,0.050154,0.199749,0.304876,0.498667,0.394277,0.051221,0.011107,0.002145,0.002273,0.009348,0.001335,0.001285,0.000817,0.00277,1.9e-05,0.00033,0.000784,0.002171,0.001413,0.000106
6800,421,2791,2370,2370,0,0,0,58,11.360204,0.0,14077.476449,506.611801,2762.027994,2392.068368,2439.75,6800,10,81,8486400.0,1185354.891,3884.6913,3261.6791,73.5625,0.0,0.0,0.0,70,0.038005,1.033911,0.499991,0.501766,1.012278,0.407712,0.32356,0.30015,0.50652,0.050192,0.199423,0.304963,0.498939,0.393298,0.051145,0.010963,0.002139,0.00217,0.009643,0.001364,0.001256,0.000812,0.002823,2e-05,0.000339,0.000771,0.002259,0.001436,0.000104
6820,422,2801,2379,2379,0,0,0,57,11.649713,0.0,14072.630392,510.039508,2758.310778,2392.036499,2436.22,6820,10,81,8511360.0,1189764.531,3893.3882,3276.2467,73.6267,0.0,0.0,0.0,70,0.037915,1.033693,0.499203,0.501962,1.011957,0.407874,0.322909,0.300267,0.505406,0.050223,0.199289,0.305258,0.499615,0.392879,0.051419,0.010692,0.002162,0.002194,0.009484,0.001334,0.001222,0.000802,0.002833,2e-05,0.000337,0.00077,0.002221,0.001458,0.000109
6840,422,2809,2387,2387,0,0,0,58,11.847788,0.0,14050.884625,512.613978,2755.538234,2392.02057,2449.91,6840,10,81,8536320.0,1194178.0875,3902.0851,3289.5887,73.7477,0.0,0.0,0.0,70,0.037915,1.031321,0.49895,0.501906,1.010319,0.407163,0.323324,0.300361,0.505959,0.050169,0.199379,0.305186,0.499405,0.393179,0.051236,0.010441,0.002167,0.002187,0.009394,0.001326,0.001281,0.000795,0.002882,2e-05,0.000332,0.000772,0.002209,0.00146,0.000107
6860,426,2821,2395,2395,0,0,0,57,12.015524,0.0,14000.97063,515.091016,2752.89346,2392.012602,2442.82,6860,10,81,8561280.0,1198598.9175,3910.7819,3302.3364,74.1405,0.0,0.0,0.0,99,0.037559,1.031032,0.50003,0.501396,1.008615,0.407529,0.322684,0.299747,0.504912,0.050243,0.199127,0.304911,0.499475,0.392962,0.051176,0.010354,0.002296,0.002229,0.009119,0.001306,0.001253,0.000794,0.002788,2e-05,0.000331,0.000793,0.002195,0.001444,0.000111
6880,425,2832,2407,2407,0,0,0,54,11.36195,0.0,13962.367634,513.802785,2754.835265,2392.008615,2456.45,6880,10,81,8586240.0,1203019.7475,3919.4788,3315.0373,74.3879,0.0,0.0,0.0,70,0.037647,1.033555,0.500881,0.501777,1.009932,0.408038,0.322985,0.300471,0.50558,0.050269,0.199399,0.304675,0.500432,0.392952,0.050989,0.01063,0.002271,0.002253,0.008972,0.001318,0.001269,0.000823,0.002845,2e-05,0.000341,0.000807,0.002298,0.001471,0.000111
6900,422,2840,2418,2418,0,0,0,59,13.406762,0.0,13924.795164,513.087802,2753.505436,2392.00662,2478.61,6900,10,81,8611200.0,1207440.5775,3928.1756,3327.4906,74.9205,0.0,0.0,0.0,70,0.040284,1.033906,0.501339,0.501755,1.010349,0.408519,0.323266,0.300506,0.506163,0.050271,0.19939,0.304768,0.501036,0.391917,0.05102,0.010679,0.002323,0.002255,0.009104,0.001311,0.00131,0.000813,0.002968,2e-05,0.000352,0.000829,0.002286,0.001503,0.000117
6920,422,2851,2429,2429,0,0,0,57,10.803355,0.0,13917.057293,510.061892,2759.134753,2392.005621,2467.67,6920,10,81,8636160.0,1211861.4075,3936.8725,3338.4927,75.2809,0.0,0.0,0.0,70,0.037915,1.033824,0.501205,0.501753,1.010086,0.408648,0.323227,0.30047,0.50504,0.050323,0.199227,0.304158,0.500156,0.391721,0.051149,0.010512,0.002323,0.002265,0.00903,0.001254,0.00133,0.000809,0.002929,2.1e-05,0.00034,0.000792,0.002265,0.001518,0.000116
6940,413,2858,2445,2445,0,0,0,63,15.578165,0.0,13962.720564,502.105651,2762.316183,2392.005121,2507.64,6940,10,81,8661120.0,1216283.3145,3945.5694,3349.431,75.5546,0.0,0.0,0.0,70,0.038741,1.035078,0.501034,0.502231,1.010468,0.408937,0.323561,0.299677,0.505227,0.050241,0.1993,0.304147,0.499691,0.392111,0.051172,0.010362,0.00244,0.002299,0.008831,0.001245,0.001389,0.000815,0.002865,2.1e-05,0.000336,0.000802,0.00228,0.001465,0.000116
6960,414,2867,2453,2453,0,0,0,62,14.600675,0.0,14044.18907,502.341476,2763.057849,2392.004871,2517.48,6960,10,81,8686080.0,1220714.9145,3954.2662,3359.8831,75.6561,0.0,0.0,0.0,70,0.038647,1.034615,0.501638,0.501406,1.009776,0.40839,0.323809,0.299381,0.504921,0.05022,0.199312,0.303898,0.500532,0.392243,0.051076,0.010693,0.002393,0.002302,0.008668,0.00124,0.001382,0.000832,0.002843,2e-05,0.000331,0.000789,0.002331,0.001458,0.000109
6980,422,2879,2457,2457,0,0,0,58,11.096497,0.0,14085.20032,509.963384,2758.940119,2392.004746,2484.04,6980,10,81,8711040.0,1225146.5145,3962.9631,3372.2805,75.6561,0.0,0.0,0.0,70,0.042654,1.035072,0.50228,0.501417,1.008805,0.408904,0.323648,0.299297,0.50578,0.050189,0.199503,0.303839,0.501097,0.391606,0.051061,0.011271,0.002359,0.002333,0.008509,0.00123,0.001375,0.000848,0.00311,2e-05,0.000336,0.000797,0.002338,0.001469,0.000109
7000,416,2887,2471,2471,0,0,0,65,14.373757,0.0,14121.387087,506.008541,2759.617701,2392.004683,2529.69,7000,10,81,8736000.0,1229578.1145,3971.6599,3385.4236,76.3767,0.0,0.0,0.0,70,0.040865,1.037001,0.501546,0.503088,1.010157,0.409508,0.324342,0.299544,0.50625,0.050124,0.199445,0.303705,0.500599,0.391048,0.05124,0.011757,0.002444,0.002427,0.008437,0.001325,0.001395,0.000842,0.003135,2e-05,0.000334,0.000833,0.002288,0.00153,0.000118
7020,415,2893,2478,2478,0,0,0,63,12.284516,0.0,14161.821,507.871453,2759.844031,2392.004652,2551.3,7020,10,81,8760960.0,1234009.7145,3980.3568,3395.4334,76.5372,0.0,0.0,0.0,70,0.040964,1.038041,0.501767,0.503697,1.009995,0.408938,0.324808,0.299512,0.506803,0.050123,0.199458,0.304342,0.499543,0.391506,0.051287,0.011859,0.00246,0.002429,0.008326,0.001347,0.001421,0.00084,0.003115,2.1e-05,0.000332,0.000925,0.002325,0.001541,0.000118
7040,419,2902,2483,2483,0,0,0,56,9.700239,0.0,14213.746156,509.342816,2760.956946,2392.004636,2529.4,7040,10,81,8785920.0,1238441.3145,3989.0536,3403.6452,76.6697,0.0,0.0,0.0,99,0.038186,1.035636,0.501014,0.503636,1.009736,0.40869,0.324629,0.299664,0.505501,0.050116,0.199673,0.303976,0.499561,0.391858,0.051229,0.011706,0.002258,0.002375,0.008374,0.001361,0.001423,0.000835,0.002966,2e-05,0.00032,0.000908,0.002334,0.001462,0.000116
7060,408,2909,2501,2501,0,0,0,64,12.941154,0.0,14289.552393,498.329671,2768.729175,2393.772217,2599.94,7060,10,81,8810880.0,1242872.9145,3995.5418,3414.2009,77.4329,0.0,0.0,0.0,99,0.034314,1.036539,0.500999,0.504524,1.01084,0.407965,0.32478,0.299746,0.505111,0.050239,0.199734,0.304058,0.498855,0.39249,0.051,0.011854,0.002229,0.002315,0.008362,0.001318,0.001412,0.000856,0.002887,2e-05,0.000316,0.000901,0.002389,0.001468,0.000116
7080,413,2922,2509,2509,0,0,0,59,14.215172,0.0,14382.332086,499.135184,2766.649644,2395.107496,2578.28,7080,10,81,8835840.0,1247304.5145,4001.0833,3424.6207,77.7986,0.0,0.0,0.0,70,0.033898,1.036774,0.501521,0.504693,1.010866,0.407616,0.325214,0.300369,0.506695,0.050282,0.199626,0.304293,0.498717,0.392637,0.050931,0.011663,0.002294,0.002307,0.008462,0.00131,0.001427,0.000912,0.003019,2e-05,0.000342,0.000879,0.002439,0.001485,0.000117
7100,405,2925,2520,2520,0,0,0,63,14.22733,0.0,14508.697948,496.447171,2769.325499,2395.698643,2642.8,7100,10,81,8860800.0,1251736.1145,4006.6248,3435.932,79.055,0.0,0.0,0.0,70,0.032099,1.033806,0.501518,0.50447,1.01093,0.407156,0.324942,0.299754,0.50607,0.050305,0.19948,0.304172,0.498255,0.393216,0.050787,0.010692,0.002229,0.002265,0.008388,0.001209,0.00142,0.000887,0.002952,2e-05,0.000336,0.000865,0.002353,0.001434,0.000108
7120,411,2938,2527,2527,0,0,0,58,12.188067,0.0,14629.74393,499.402793,2768.40914,2395.953125,2603.24,7120,10,81,8885760.0,1256179.011,4012.1664,3447.3251,79.8045,0.0,0.0,0.0,70,0.03163,1.034076,0.501704,0.50437,1.012859,0.407057,0.32573,0.29995,0.505919,0.050282,0.199299,0.304673,0.497692,0.393441,0.050698,0.010866,0.002235,0.00224,0.008848,0.00123,0.001453,0.000884,0.002792,2.1e-05,0.000331,0.000875,0.002383,0.001402,0.000108
7140,418,2953,2535,2535,0,0,0,57,10.911618,0.0,14721.121165,503.520091,2765.568291,2396.061351,2557.88,7140,10,81,8910720.0,1260627.132,4017.7079,3461.0992,80.6091,0.0,0.0,0.0,70,0.0311,1.03347,0.500729,0.503674,1.013041,0.406948,0.325177,0.299755,0.50562,0.050348,0.199461,0.304485,0.499075,0.393083,0.050848,0.010627,0.002317,0.002296,0.008802,0.001218,0.001366,0.000881,0.002847,2.1e-05,0.000325,0.000852,0.00236,0.001412,0.000101
7160,419,2963,2544,2544,0,0,0,57,11.136245,0.0,14793.421287,507.492099,2761.371656,2396.107139,2555.54,7160,10,81,8935680.0,1265082.792,4023.2494,3475.4774,81.1338,0.0,0.0,0.0,70,0.033413,1.03497,0.500649,0.503884,1.011965,0.406528,0.32511,0.300315,0.506206,0.050332,0.199819,0.305071,0.499437,0.392684,0.050712,0.010751,0.002258,0.002347,0.00872,0.00122,0.001356,0.000877,0.002873,2e-05,0.000325,0.000879,0.002445,0.001446,0.0001
7180,418,2968,2550,2550,0,0,0,57,11.905131,0.0,14841.051725,511.525372,2756.569497,2396.126468,2562.75,7180,10,81,8960640.0,1269538.452,4028.791,3486.925,81.3564,0.0,0.0,0.0,70,0.035885,1.035459,0.500726,0.503554,1.011869,0.406862,0.324986,0.300717,0.505892,0.050329,0.200182,0.305556,0.499813,0.392516,0.050739,0.010973,0.002252,0.002433,0.008782,0.001254,0.001382,0.000862,0.00292,2e-05,0.000332,0.000871,0.00246,0.001456,9.9e-05
7200,418,2976,2558,2558,0,0,0,57,11.212291,0.0,14888.92131,511.260103,2757.527607,2396.13462,2577.61,7200,10,81,8985600.0,1273994.112,4034.3325,3496.4907,81.4177,0.0,0.0,0.0,70,0.038278,1.037355,0.500306,0.503834,1.012375,0.407535,0.325102,0.300697,0.506117,0.05025,0.200146,0.305987,0.499341,0.392688,0.050706,0.010887,0.002281,0.002423,0.008743,0.001297,0.001364,0.000858,0.003012,2e-05,0.000328,0.000883,0.002473,0.001483,0.000104
7220,424,2993,2569,2569,0,0,0,59,11.698853,0.0,14912.860729,508.902481,2759.398665,2396.138056,2555.82,7220,10,81,9010560.0,1278449.772,4039.874,3508.6347,81.6152,0.0,0.0,0.0,70,0.040094,1.034112,0.500446,0.503678,1.012261,0.408064,0.325402,0.300818,0.505906,0.050169,0.20021,0.30594,0.497941,0.39241,0.05076,0.010566,0.002342,0.002519,0.008626,0.001301,0.001434,0.000858,0.002942,1.9e-05,0.000338,0.000876,0.002496,0.001449,0.000103
7240,428,3003,2575,2575,0,0,0,56,10.06993,0.0,14914.453598,516.112966,2753.817104,2396.139505,2545.06,7240,10,81,9035520.0,1282905.432,4045.4156,3523.2138,82.2418,0.0,0.0,0.0,70,0.03972,1.033642,0.500426,0.503269,1.011262,0.408434,0.324974,0.300533,0.505396,0.050167,0.200034,0.306037,0.497602,0.392055,0.051029,0.010461,0.00245,0.002548,0.008673,0.001342,0.001432,0.000867,0.00293,1.9e-05,0.000339,0.000873,0.002525,0.001445,0.00011
7260,427,3013,2586,2586,0,0,0,61,16.971264,0.0,14853.30022,517.367691,2745.661045,2396.140116,2565.38,7260,10,81,9060480.0,1287368.5845,4050.9571,3537.9864,82.3239,0.0,0.0,0.0,70,0.037471,1.034005,0.499979,0.503941,1.010627,0.408319,0.324852,0.300252,0.505235,0.050134,0.19988,0.30595,0.498165,0.392268,0.050972,0.009918,0.002498,0.002495,0.00863,0.001353,0.001428,0.000862,0.002778,1.9e-05,0.000346,0.000859,0.002473,0.001421,0.000109
7280,435,3026,2591,2591,0,0,0,58,11.201715,0.0,14779.108363,524.669521,2744.128764,2395.450877,2535.47,7280,10,81,9085440.0,1291840.8945,4057.3437,3551.9207,82.3239,0.0,0.0,0.0,70,0.041379,1.032108,0.500587,0.502818,1.009664,0.408213,0.325,0.300855,0.506937,0.050106,0.199965,0.306001,0.498938,0.392178,0.050984,0.009898,0.002443,0.002529,0.008541,0.001356,0.001425,0.000859,0.002906,1.9e-05,0.000356,0.00085,0.002444,0.001485,0.000108
7300,439,3039,2600,2600,0,0,0,56,12.993527,0.0,14660.36765,528.873984,2738.132489,2394.00603,2520.6,7300,10,81,9110400.0,1296315.954,4065.4342,3566.9955,82.6141,0.0,0.0,0.0,70,0.041002,1.032622,0.500468,0.503846,1.008676,0.408249,0.325185,0.301207,0.507721,0.050093,0.199755,0.306347,0.499102,0.391099,0.051376,0.010002,0.002474,0.002657,0.00867,0.001431,0.001432,0.000884,0.002933,1.9e-05,0.000353,0.000883,0.002368,0.001538,0.000132
7320,435,3047,2612,2612,0,0,0,56,12.701684,0.0,14573.975845,526.952993,2740.345323,2392.817606,2554.98,7320,10,81,9135360.0,1300806.594,4074.3522,3580.259,83.1455,0.0,0.0,0.0,70,0.03908,1.030506,0.500315,0.503631,1.007959,0.407677,0.325414,0.300877,0.507311,0.050006,0.199489,0.305847,0.498523,0.392247,0.051318,0.009699,0.002532,0.002705,0.008542,0.001407,0.001455,0.000873,0.002777,1.8e-05,0.000344,0.000863,0.002243,0.001514,0.000131
7340,432,3054,2622,2622,0,0,0,57,11.479201,0.0,14504.571891,527.531169,2740.989631,2392.245106,2585.57,7340,10,81,9160320.0,1305297.234,4083.2708,3591.9617,83.8414,0.0,0.0,0.0,70,0.039352,1.031721,0.500209,0.504063,1.007335,0.407588,0.32512,0.300399,0.506702,0.049998,0.199451,0.305315,0.498681,0.392725,0.051152,0.010054,0.002489,0.002663,0.008155,0.001489,0.001476,0.000862,0.002831,1.8e-05,0.000337,0.000873,0.002234,0.001495,0.000132
7360,436,3064,2628,2628,0,0,0,59,11.706172,0.0,14429.376398,528.520829,2739.772999,2391.962057,2578.86,7360,10,81,9185280.0,1309787.874,4092.1893,3600.7508,83.8926,0.0,0.0,0.0,70,0.038991,1.031042,0.500094,0.504453,1.006359,0.408242,0.32534,0.300924,0.505774,0.049989,0.199652,0.305126,0.498724,0.392608,0.051333,0.00994,0.002566,0.002641,0.008155,0.001555,0.001511,0.000878,0.002829,1.8e-05,0.000334,0.000872,0.002247,0.001525,0.000133
7380,437,3078,2641,2641,0,0,0,62,11.771588,0.0,14341.336014,525.38491,2742.843502,2391.820289,2585.39,7380,11,81,9210240.0,1314278.514,4101.1078,3613.1341,84.3702,0.0,0.0,0.0,70,0.038902,1.031402,0.500067,0.504709,1.00783,0.407755,0.325375,0.301465,0.506848,0.050036,0.199547,0.305514,0.499263,0.393194,0.051348,0.01007,0.002559,0.002661,0.008494,0.001476,0.001559,0.000852,0.00285,1.9e-05,0.00035,0.000836,0.002238,0.001528,0.000129
7400,424,3086,2662,2662,0,0,0,68,17.305083,0.0,14342.693372,512.811866,2749.88305,2391.748824,2652.12,7400,11,81,9235200.0,1318769.154,4110.0264,3626.4137,85.2844,0.0,0.0,0.0,70,0.035377,1.029555,0.499727,0.505553,1.007347,0.408269,0.325657,0.300753,0.50774,0.05,0.199361,0.305015,0.499401,0.394165,0.051252,0.009873,0.002541,0.002592,0.008393,0.001536,0.001544,0.000827,0.002706,1.9e-05,0.000344,0.000806,0.002265,0.00151,0.000125
7420,424,3093,2669,2669,0,0,0,68,15.742229,0.0,14370.452024,515.706892,2748.550879,2391.712681,2666.4,7420,11,81,9260160.0,1323259.794,4118.9449,3638.5786,85.4447,0.0,0.0,0.0,99,0.035377,1.028231,0.500009,0.505692,1.008274,0.408621,0.325641,0.300698,0.507242,0.050028,0.199181,0.305046,0.499728,0.393911,0.051285,0.009552,0.002554,0.002495,0.008491,0.001552,0.001563,0.000835,0.002694,1.9e-05,0.00034,0.000795,0.0023,0.001462,0.000124
7440,427,3108,2681,2681,0,0,0,67,14.669445,0.0,14406.461966,512.485864,2752.844691,2391.694372,2652.96,7440,11,81,9285120.0,1327750.434,4127.8634,3649.5102,85.7805,0.0,0.0,0.0,99,0.035129,1.030915,0.499237,0.506772,1.007883,0.409586,0.325185,0.300603,0.505687,0.05013,0.199028,0.304815,0.498986,0.394022,0.051329,0.010061,0.002508,0.00238,0.008464,0.001653,0.001572,0.000846,0.002803,1.9e-05,0.000333,0.000797,0.002296,0.00147,0.000127
7460,424,3113,2689,2689,0,0,0,63,13.237728,0.0,14458.712139,513.729353,2753.032919,2391.68509,2686.85,7460,11,81,9310080.0,1332241.074,4136.782,3659.7802,86.3643,0.0,0.0,0.0,99,0.042453,1.032365,0.498676,0.507623,1.008398,0.410327,0.326068,0.300162,0.505924,0.050092,0.198987,0.304944,0.498121,0.394112,0.051489,0.010476,0.002598,0.002442,0.008392,0.001755,0.001638,0.000846,0.002815,1.9e-05,0.000324,0.000803,0.002307,0.001488,0.000133
7480,419,3120,2701,2701,0,0,0,66,14.213616,0.0,14521.993492,510.179573,2755.606811,2391.680382,2719.86,7480,11,81,9335040.0,1336731.714,4145.7005,3670.4987,86.924,0.0,0.0,0.0,99,0.042959,1.033333,0.498894,0.507558,1.00972,0.410839,0.326554,0.299535,0.506055,0.050149,0.199136,0.305245,0.497809,0.393801,0.051591,0.010495,0.002646,0.002453,0.008503,0.00179,0.00163,0.000813,0.002858,2e-05,0.00032,0.000797,0.002315,0.001512,0.000136
7500,424,3129,2705,2705,0,0,0,62,11.968154,0.0,14573.552805,516.633939,2751.397907,2391.677993,2705.21,7500,11,81,9360000.0,1341222.354,4154.619,3682.099,87.0456,0.0,0.0,0.0,99,0.042453,1.03237,0.498504,0.506789,1.010124,0.41135,0.326217,0.299442,0.506863,0.050196,0.198992,0.30536,0.498704,0.393456,0.05156,0.010424,0.002728,0.002409,0.008351,0.001783,0.001579,0.000834,0.002903,2e-05,0.000325,0.000791,0.002315,0.0015,0.000137
7520,424,3138,2714,2714,0,0,0,62,13.11041,0.0,14600.546615,515.309217,2751.580373,2391.676781,2712.05,7520,11,81,9384960.0,1345712.994,4163.5376,3691.3502,87.157,0.0,0.0,0.0,99,0.037736,1.034006,0.499112,0.506907,1.010989,0.411146,0.325656,0.299755,0.50803,0.050164,0.199159,0.305469,0.499859,0.393192,0.051429,0.010444,0.002644,0.002392,0.008434,0.001659,0.001578,0.000829,0.002995,2e-05,0.000323,0.000793,0.002453,0.001499,0.000126
7540,428,3149,2721,2721,0,0,0,61,11.78836,0.0,14614.894496,518.725005,2749.486634,2391.676166,2701.45,7540,11,81,9409920.0,1350203.634,4172.4561,3703.082,87.157,0.0,0.0,0.0,99,0.044393,1.034581,0.497449,0.506933,1.011025,0.411401,0.325445,0.29989,0.508201,0.050148,0.199193,0.305261,0.500065,0.392063,0.051688,0.010346,0.002773,0.002411,0.008747,0.001678,0.001517,0.000834,0.003021,2e-05,0.000317,0.000805,0.002409,0.001482,0.000146
7560,431,3160,2729,2729,0,0,0,62,12.075831,0.0,14609.431443,520.841303,2747.082866,2391.675854,2684.08,7560,11,81,9434880.0,1354694.274,4181.3746,3715.1212,87.157,0.0,0.0,0.0,99,0.044084,1.034985,0.498854,0.507281,1.010864,0.411453,0.326077,0.300226,0.508336,0.050125,0.199127,0.305867,0.501099,0.391806,0.051641,0.010578,0.00282,0.002375,0.00887,0.001628,0.001569,0.000853,0.003084,2e-05,0.00032,0.000805,0.002496,0.001485,0.00015
7580,426,3171,2745,2745,0,0,0,66,13.691485,0.0,14606.120368,515.528856,2750.779659,2391.675696,2703.62,7580,11,81,9459840.0,1359184.914,4190.2932,3730.1544,88.056,0.0,0.0,0.0,99,0.044601,1.033069,0.499702,0.506186,1.012211,0.410909,0.326411,0.301256,0.509144,0.050064,0.199203,0.306206,0.501092,0.391743,0.051943,0.010319,0.00279,0.002454,0.008891,0.001595,0.001571,0.00086,0.003126,2e-05,0.000338,0.000799,0.002482,0.001634,0.000153
7600,420,3183,2763,2763,0,0,0,76,17.556877,0.0,14650.333684,507.750981,2754.692141,2393.468139,2748.71,7600,11,81,9484800.0,1363675.554,4197.0166,3744.5781,88.5788,0.0,0.0,0.0,70,0.040476,1.032781,0.500323,0.505733,1.011992,0.408852,0.326186,0.30202,0.508055,0.050146,0.199035,0.306719,0.500592,0.392582,0.051652,0.00977,0.002715,0.002356,0.008944,0.001438,0.001507,0.000853,0.002965,2e-05,0.000336,0.00082,0.002448,0.001613,0.000141
7620,416,3190,2774,2774,0,0,0,76,16.844961,0.0,14743.995743,505.100803,2758.054237,2394.969613,2787.38,7620,11,81,9509760.0,1368166.194,4202.5582,3755.5916,88.776,0.0,0.0,0.0,70,0.040865,1.032058,0.501293,0.505451,1.011384,0.408225,0.326298,0.301681,0.507912,0.050108,0.198874,0.306977,0.501043,0.392911,0.051481,0.009522,0.002573,0.002377,0.008871,0.001433,0.001491,0.00086,0.002993,2e-05,0.000356,0.000823,0.002474,0.001604,0.000118
7640,422,3202,2780,2780,0,0,0,72,13.510262,0.0,14854.033354,508.534019,2757.955719,2395.638659,2753.91,7640,11,81,9534720.0,1372656.834,4208.0997,3765.4427,89.3631,0.0,0.0,0.0,70,0.045024,1.034768,0.501353,0.505277,1.011882,0.408923,0.326769,0.30215,0.509418,0.050088,0.199228,0.307158,0.501078,0.39162,0.051506,0.010129,0.002639,0.002481,0.009107,0.001508,0.00148,0.000877,0.003259,2e-05,0.000362,0.000845,0.002534,0.001656,0.000131
7660,430,3217,2787,2787,0,0,0,70,12.917524,0.0,14893.562782,515.946892,2751.135584,2395.9275,2699.33,7660,11,81,9559680.0,1377162.3915,4213.6412,3780.7433,90.0843,0.0,0.0,0.0,70,0.04186,1.034686,0.500357,0.505812,1.010945,0.409636,0.326187,0.302277,0.509289,0.050152,0.199002,0.307177,0.501506,0.391644,0.0518,0.010026,0.002842,0.002584,0.009132,0.001569,0.00148,0.000882,0.003214,2e-05,0.000378,0.000853,0.002502,0.001698,0.000148
7680,427,3227,2800,2800,0,0,0,73,13.312153,0.0,14934.667296,515.539431,2751.148416,2396.050489,2721.59,7680,11,80,9584640.0,1381675.9815,4219.1828,3795.2494,90.8566,0.0,0.0,0.0,99,0.039813,1.035268,0.499568,0.50539,1.010609,0.409342,0.326538,0.30175,0.507326,0.050098,0.198925,0.307056,0.501114,0.392319,0.051781,0.010043,0.002803,0.002546,0.009049,0.00147,0.001497,0.000881,0.003004,2e-05,0.00037,0.000829,0.002554,0.001685,0.000149
7700,430,3239,2809,2809,0,0,0,73,13.473967,0.0,14976.811405,518.68789,2747.838143,2395.281736,2715.13,7700,11,80,9609600.0,1386218.709,4225.8469,3810.0061,91.1531,0.0,0.0,0.0,70,0.034884,1.035598,0.49938,0.505082,1.011625,0.408933,0.326278,0.301282,0.506273,0.049995,0.199149,0.306826,0.500517,0.392707,0.051525,0.009965,0.002824,0.002539,0.009151,0.001488,0.001512,0.000885,0.002993,1.9e-05,0.000354,0.000829,0.002564,0.001645,0.000139
7720,434,3253,2819,2819,0,0,0,72,15.356975,0.0,14980.271074,522.315107,2742.327918,2394.541028,2701.79,7720,11,80,9634560.0,1390766.439,4233.3575,3825.9493,91.7862,0.0,0.0,0.0,70,0.034562,1.03516,0.499411,0.504765,1.012723,0.409162,0.326365,0.3007,0.506051,0.049952,0.199151,0.306379,0.50063,0.392773,0.05135,0.009888,0.002702,0.002478,0.009254,0.001472,0.001494,0.000872,0.002989,1.9e-05,0.000357,0.000823,0.002509,0.001566,0.000126
7740,434,3264,2830,2830,0,0,0,72,13.580961,0.0,14983.782518,524.737565,2741.681474,2394.203191,2713.41,7740,12,80,9659520.0,1395314.169,4240.8985,3841.6972,92.3151,0.0,0.0,0.0,70,0.036866,1.035853,0.500363,0.504784,1.011723,0.40864,0.326092,0.300885,0.505881,0.049956,0.199049,0.306595,0.500024,0.392963,0.051079,0.009825,0.002649,0.002534,0.009435,0.001449,0.001497,0.000871,0.002945,2e-05,0.000358,0.000839,0.00246,0.001532,0.000122
7760,437,3275,2838,2838,0,0,0,71,15.018112,0.0,14940.91728,530.221813,2734.760075,2393.43423,2704.36,7760,12,80,9684480.0,1399859.2125,4249.3717,3856.4235,93.1051,0.0,0.0,0.0,70,0.036613,1.037564,0.501171,0.50467,1.014466,0.409448,0.326044,0.301403,0.506863,0.049933,0.199278,0.30652,0.50008,0.392588,0.05127,0.010321,0.002743,0.002469,0.009738,0.001571,0.001498,0.000884,0.002977,2.1e-05,0.000362,0.000841,0.002472,0.001571,0.000134
7780,433,3284,2851,2851,0,0,0,73,13.940475,0.0,14893.613623,528.829943,2737.229582,2392.734438,2739.48,7780,12,80,9709440.0,1404405.6825,4258.5107,3871.0332,93.6219,0.0,0.0,0.0,70,0.036952,1.037132,0.499912,0.504438,1.012483,0.408687,0.325828,0.300901,0.506297,0.049929,0.199113,0.305989,0.499772,0.392785,0.051511,0.010183,0.002666,0.002513,0.009518,0.001558,0.001493,0.00087,0.002875,2.1e-05,0.000363,0.000843,0.002478,0.001548,0.000135
7800,429,3291,2862,2862,0,0,0,73,13.743465,0.0,14876.837485,524.456092,2741.800444,2392.445231,2765.28,7800,12,80,9734400.0,1408952.1525,4267.6515,3881.5532,93.762,0.0,0.0,0.0,70,0.034965,1.034707,0.499694,0.504359,1.012339,0.408127,0.325499,0.301344,0.506643,0.04994,0.198854,0.306265,0.499925,0.393135,0.051565,0.009685,0.002652,0.002486,0.009672,0.0015,0.001462,0.00085,0.00284,2e-05,0.000364,0.000852,0.002453,0.001547,0.000135
7820,432,3303,2871,2871,0,0,0,70,12.157377,0.0,14885.59772,523.563686,2744.278937,2393.098525,2762.1,7820,12,80,9759360.0,1413498.6225,4275.7032,3892.3953,94.3462,0.0,0.0,0.0,70,0.032407,1.032369,0.500633,0.504877,1.012567,0.408264,0.324902,0.300829,0.506501,0.050034,0.199075,0.305708,0.499486,0.393072,0.051374,0.00963,0.002628,0.002576,0.009523,0.001406,0.001473,0.000866,0.002871,2e-05,0.000361,0.000858,0.002442,0.001498,0.000126
7840,435,3319,2884,2884,0,0,0,69,14.747443,0.0,14873.401318,521.473882,2743.778675,2392.729531,2747.77,7840,12,80,9784320.0,1418045.0925,4284.5783,3906.4914,94.861,0.0,0.0,0.0,70,0.041379,1.032391,0.503153,0.504058,1.011471,0.407293,0.325276,0.300949,0.50701,0.04993,0.199469,0.30652,0.499436,0.392563,0.051016,0.009641,0.002638,0.002676,0.009632,0.001334,0.001445,0.000873,0.003023,2e-05,0.000361,0.000903,0.002486,0.001448,0.000117
7860,434,3329,2895,2895,0,0,0,68,12.787575,0.0,14872.682428,523.703304,2743.509121,2392.443732,2750.83,7860,12,80,9809280.0,1422599.796,4293.7191,3921.8155,95.7818,0.0,0.0,0.0,70,0.036866,1.032718,0.503173,0.50578,1.010945,0.407285,0.324859,0.300853,0.505899,0.050034,0.199228,0.306098,0.499737,0.392475,0.051343,0.009938,0.002748,0.002783,0.009677,0.001372,0.001451,0.000868,0.002927,2e-05,0.000369,0.000891,0.002481,0.001457,0.000135
7880,438,3341,2903,2903,0,0,0,68,13.815035,0.0,14876.521574,525.3541,2740.830865,2392.799719,2738.13,7880,12,80,9834240.0,1427161.236,4302.0838,3933.7943,95.8246,0.0,0.0,0.0,70,0.038813,1.031317,0.503603,0.504545,1.010016,0.407888,0.324971,0.301338,0.505825,0.050044,0.199357,0.305836,0.500232,0.391645,0.051307,0.009875,0.002773,0.002799,0.009708,0.001363,0.001454,0.000896,0.003098,1.9e-05,0.000374,0.000844,0.002527,0.001483,0.000136
7900,436,3350,2914,2914,0,0,0,71,14.283963,0.0,14869.762068,525.939055,2739.776982,2392.479452,2764.43,7900,12,80,9859200.0,1431722.676,4311.2092,3947.0115,96.287,0.0,0.0,0.0,70,0.038991,1.032012,0.503875,0.504119,1.009837,0.407824,0.324562,0.300791,0.507008,0.05008,0.199092,0.305528,0.500007,0.391955,0.051416,0.010046,0.002807,0.002779,0.009738,0.001355,0.00146,0.000892,0.00315,2e-05,0.000375,0.000856,0.002559,0.001498,0.000139
7920,438,3362,2924,2924,0,0,0,68,12.56557,0.0,14852.698533,528.425827,2739.008603,2392.401723,2765.01,7920,12,80,9884160.0,1436284.116,4320.2871,3962.0183,96.7191,0.0,0.0,0.0,70,0.038813,1.032961,0.503589,0.504328,1.010139,0.408246,0.324565,0.300054,0.506669,0.050015,0.199004,0.305851,0.500485,0.391995,0.051575,0.009906,0.002845,0.002793,0.009547,0.001389,0.001491,0.000878,0.003125,2.1e-05,0.000372,0.000864,0.002596,0.001503,0.000144
7940,440,3374,2934,2934,0,0,0,70,13.366825,0.0,14824.607948,528.836848,2737.796327,2392.74367,2761.53,7940,12,80,9909120.0,1440845.556,4328.7062,3973.9974,97.1092,0.0,0.0,0.0,99,0.038636,1.034197,0.502688,0.505292,1.010546,0.408708,0.32462,0.299738,0.505907,0.049967,0.198216,0.305667,0.500007,0.392415,0.05184,0.009987,0.002959,0.002801,0.009774,0.001418,0.00149,0.000914,0.003102,2.1e-05,0.000351,0.000863,0.002569,0.001536,0.000144
7960,439,3386,2947,2947,0,0,0,73,14.872647,0.0,14760.947293,529.792092,2735.335261,2392.796074,2783.13,7960,12,80,9934080.0,1445406.996,4337.4354,3991.6553,97.3213,0.0,0.0,0.0,99,0.036446,1.033718,0.502995,0.505732,1.012174,0.408877,0.32546,0.300058,0.506178,0.049949,0.198337,0.305805,0.501084,0.392714,0.05187,0.010108,0.002882,0.002752,0.009914,0.001453,0.001524,0.00092,0.003095,2.1e-05,0.000362,0.000867,0.002706,0.001523,0.00014
7980,446,3401,2955,2955,0,0,0,66,12.665546,0.0,14676.763343,536.191958,2731.142496,2392.669368,2743.73,7980,12,80,9959040.0,1449974.241,4346.294,4008.1791,97.5241,0.0,0.0,0.0,70,0.033632,1.032996,0.503387,0.505013,1.011149,0.409151,0.324932,0.299628,0.504648,0.049978,0.198796,0.305629,0.501417,0.393268,0.05167,0.009993,0.0028,0.002772,0.00956,0.001429,0.001546,0.000902,0.003006,2.1e-05,0.000368,0.000861,0.00277,0.001537,0.000137
8000,438,3408,2970,2970,0,0,0,62,12.958748,0.0,14612.074464,532.285658,2734.755594,2392.811882,2782.09,8000,12,80,9984000.0,1454547.291,4354.7738,4022.4452,97.8632,0.0,0.0,0.0,70,0.034247,1.032719,0.503137,0.504649,1.012254,0.408247,0.3253,0.299335,0.50443,0.049998,0.198812,0.305409,0.500409,0.393133,0.051924,0.009834,0.002759,0.002798,0.00969,0.001437,0.001588,0.000904,0.003057,2.2e-05,0.000365,0.000857,0.002823,0.001568,0.000138
8020,444,3420,2976,2976,0,0,0,57,10.679532,0.0,14551.665264,536.995559,2732.324909,2392.477905,2750.2,8020,12,80,10008960.0,1459120.341,4363.9146,4033.9524,98.302,0.0,0.0,0.0,99,0.036036,1.0315,0.503719,0.504399,1.011294,0.408933,0.325737,0.299342,0.50442,0.05,0.198677,0.305431,0.500615,0.394289,0.051981,0.010086,0.002876,0.002801,0.009667,0.001524,0.001643,0.000912,0.00307,2.2e-05,0.000378,0.000862,0.002893,0.001613,0.000147
8040,444,3428,2984,2984,0,0,0,55,12.014896,0.0,14461.611251,538.555175,2729.42993,2392.512438,2752.06,8040,12,80,10033920.0,1463693.391,4372.8733,4045.7974,98.4313,0.0,0.0,0.0,99,0.036036,1.031003,0.50331,0.504443,1.011772,0.409494,0.325578,0.299082,0.503358,0.050036,0.198941,0.305001,0.500884,0.39423,0.051833,0.010047,0.002875,0.002783,0.009727,0.001534,0.001648,0.000906,0.003053,2.2e-05,0.000378,0.000833,0.002898,0.001632,0.000138
8060,441,3435,2994,2994,0,0,0,60,11.34415,0.0,14374.401279,536.458606,2732.197244,2392.711273,2784.0,8060,12,80,10058880.0,1468266.441,4381.4047,4056.6398,98.6274,0.0,0.0,0.0,70,0.036281,1.029975,0.503244,0.503692,1.01218,0.409084,0.325977,0.299121,0.505424,0.050045,0.199001,0.305321,0.500842,0.394163,0.051928,0.010184,0.002846,0.002752,0.009914,0.001519,0.001637,0.000896,0.003213,2.2e-05,0.000381,0.000851,0.002905,0.001648,0.000139
8080,442,3446,3004,3004,0,0,0,57,12.042076,0.0,14286.601767,535.816701,2732.141223,2392.435624,2782.95,8080,12,80,10083840.0,1472841.1695,4390.5455,4067.8198,99.2665,0.0,0.0,0.0,99,0.036199,1.029721,0.503701,0.503875,1.012012,0.409024,0.326823,0.299326,0.505305,0.050007,0.198708,0.305428,0.500651,0.394712,0.051907,0.01026,0.00279,0.00274,0.0102,0.001562,0.001643,0.000909,0.00322,2.1e-05,0.000387,0.000862,0.002906,0.001685,0.000137
8100,442,3454,3012,3012,0,0,0,54,9.632113,0.0,14240.923026,536.062554,2734.305333,2392.645948,2795.75,8100,11,80,10108800.0,1477433.28,4399.287,4078.0198,99.5268,0.0,0.0,0.0,99,0.036199,1.028829,0.503131,0.503239,1.010225,0.409093,0.326668,0.299511,0.505108,0.050113,0.198514,0.30468,0.500565,0.394717,0.051761,0.01018,0.002759,0.002688,0.009767,0.001543,0.001644,0.000919,0.003247,2.2e-05,0.000391,0.000833,0.002687,0.001733,0.000139
8120,442,3464,3022,3022,0,0,0,55,10.983832,0.0,14218.746905,533.928331,2735.087837,2391.548169,2809.29,8120,11,80,10133760.0,1482035.01,4409.5117,4087.7774,99.7116,0.0,0.0,0.0,99,0.038462,1.028125,0.503537,0.50386,1.009818,0.408715,0.327507,0.299608,0.505124,0.050101,0.198398,0.305073,0.499722,0.395129,0.051798,0.010433,0.002764,0.002706,0.009823,0.001507,0.001727,0.000932,0.003296,2.2e-05,0.000404,0.000857,0.002667,0.001728,0.000142
8140,437,3471,3034,3034,0,0,0,60,11.000507,0.0,14224.379499,529.754242,2739.245251,2390.08596,2854.55,8140,11,80,10158720.0,1486636.74,4421.2413,4097.8006,99.7589,0.0,0.0,0.0,99,0.038902,1.030478,0.503304,0.503652,1.010676,0.409343,0.327917,0.299656,0.505007,0.050049,0.198597,0.305159,0.49946,0.394818,0.051499,0.010382,0.002692,0.002587,0.009843,0.001496,0.001692,0.000929,0.003325,2.1e-05,0.000392,0.000866,0.002694,0.001732,0.000134
8160,437,3484,3047,3047,0,0,0,58,15.061915,0.0,14226.430188,526.360193,2738.577892,2388.577403,2851.74,8160,11,80,10183680.0,1491243.213,4434.1307,4110.4941,100.6521,0.0,0.0,0.0,99,0.034325,1.029275,0.503092,0.505046,1.010748,0.408599,0.327999,0.300411,0.505403,0.050103,0.19853,0.305711,0.499575,0.395033,0.051425,0.010602,0.002641,0.002617,0.009903,0.001515,0.001653,0.000954,0.003391,2.2e-05,0.000376,0.000867,0.002785,0.001766,0.000129
8180,431,3495,3064,3064,0,0,0,60,15.521937,0.0,14289.637891,519.870658,2744.607405,2387.601788,2894.67,8180,11,80,10208640.0,1495860.753,4447.4177,4124.8707,100.6866,0.0,0.0,0.0,70,0.034803,1.030439,0.501888,0.50415,1.013332,0.408408,0.327102,0.300551,0.505058,0.050197,0.199201,0.306307,0.499154,0.395008,0.05125,0.010678,0.002478,0.002631,0.010132,0.001506,0.001593,0.000931,0.003337,2.2e-05,0.000369,0.000872,0.002693,0.001717,0.000127
8200,435,3504,3069,3069,0,0,0,57,13.68472,0.0,14364.26625,526.004145,2740.311135,2387.105884,2865.8,8200,11,80,10233600.0,1500478.293,4460.7047,4137.2717,100.9207,0.0,0.0,0.0,99,0.036782,1.030899,0.500463,0.505437,1.01226,0.409132,0.327263,0.300891,0.505586,0.050171,0.199079,0.306188,0.499421,0.394464,0.051703,0.010983,0.002607,0.00265,0.010069,0.00162,0.001609,0.000939,0.003248,2.2e-05,0.00036,0.000845,0.002795,0.001748,0.000149
8220,437,3515,3078,3078,0,0,0,59,12.191426,0.0,14419.035026,526.062156,2741.746418,2386.848104,2864.14,8220,11,80,10258560.0,1505095.833,4473.9917,4148.8502,101.1725,0.0,0.0,0.0,99,0.04119,1.031975,0.499944,0.505465,1.012197,0.409738,0.328259,0.300848,0.507294,0.05004,0.199162,0.306967,0.498921,0.393909,0.051921,0.011302,0.002608,0.002853,0.010198,0.001673,0.001582,0.000944,0.003367,2.1e-05,0.000389,0.000882,0.002857,0.001809,0.000162
8240,445,3529,3084,3084,0,0,0,54,9.336654,0.0,14429.917607,534.240965,2736.422381,2387.091089,2824.87,8240,11,80,10283520.0,1509713.373,4486.8092,4164.1114,101.3717,0.0,0.0,0.0,99,0.042697,1.032677,0.499482,0.505849,1.010929,0.409827,0.327589,0.300867,0.507668,0.050071,0.199163,0.306493,0.498931,0.393607,0.051678,0.011084,0.002605,0.002846,0.010027,0.001633,0.001559,0.000918,0.003324,2.1e-05,0.000389,0.000875,0.002786,0.001786,0.000162
8260,445,3538,3093,3093,0,0,0,59,12.546674,0.0,14373.558516,538.796258,2728.657069,2386.843372,2824.27,8260,12,80,10308480.0,1514330.913,4500.0025,4179.7863,101.5601,0.0,0.0,0.0,99,0.040449,1.033088,0.499889,0.505194,1.011823,0.40944,0.327764,0.300961,0.507913,0.050006,0.198996,0.306628,0.499056,0.392714,0.051652,0.011114,0.002632,0.002801,0.010028,0.00161,0.001568,0.000934,0.003243,2.2e-05,0.000384,0.000875,0.002932,0.001743,0.000162
8280,439,3542,3103,3103,0,0,0,57,10.53164,0.0,14335.84615,537.219779,2732.248581,2386.687689,2877.24,8280,12,80,10333440.0,1518948.453,4513.2895,4190.9441,101.8088,0.0,0.0,0.0,99,0.038724,1.031754,0.500463,0.505222,1.011201,0.409311,0.327054,0.301104,0.507657,0.050094,0.19902,0.306548,0.499525,0.39262,0.051576,0.011041,0.002542,0.002782,0.010045,0.001572,0.001528,0.000918,0.003271,2.1e-05,0.000383,0.000877,0.002839,0.001664,0.00016
8300,442,3551,3109,3109,0,0,0,55,9.779871,0.0,14314.98693,538.417552,2731.802577,2386.618037,2869.1,8300,12,80,10358400.0,1523565.993,4526.5765,4199.5543,101.9282,0.0,0.0,0.0,70,0.040724,1.032108,0.500915,0.504608,1.011359,0.409041,0.326741,0.301511,0.507181,0.050016,0.199046,0.306898,0.499264,0.392699,0.051512,0.010849,0.002565,0.002815,0.010033,0.001572,0.001545,0.000918,0.003397,2.1e-05,0.000387,0.00094,0.00278,0.001687,0.000154
8320,441,3563,3122,3122,0,0,0,54,9.821615,0.0,14318.397491,533.033904,2737.144481,2386.586444,2888.62,8320,12,80,10383360.0,1528185.5265,4539.8635,4209.6437,102.512,0.0,0.0,0.0,70,0.038549,1.031699,0.499932,0.505727,1.011437,0.409389,0.32679,0.301598,0.507272,0.050006,0.199244,0.306815,0.49932,0.392497,0.051466,0.010758,0.002426,0.002655,0.009892,0.001594,0.001557,0.000904,0.003313,2.1e-05,0.000379,0.000935,0.002743,0.001658,0.000146
8340,437,3576,3139,3139,0,0,0,60,14.346429,0.0,14342.952552,525.727704,2739.925867,2386.571919,2911.28,8340,12,80,10408320.0,1532816.3565,4553.1506,4223.0434,103.2111,0.0,0.0,0.0,70,0.036613,1.0325,0.499496,0.505803,1.010972,0.408819,0.326623,0.301131,0.505445,0.049979,0.199241,0.306357,0.499175,0.392931,0.051089,0.010916,0.00241,0.002654,0.010043,0.001578,0.001551,0.000901,0.003261,2.2e-05,0.000348,0.000887,0.002773,0.00162,0.000127
8360,434,3581,3147,3147,0,0,0,59,12.829105,0.0,14405.533924,528.573972,2738.596923,2386.565148,2938.09,8360,12,80,10433280.0,1537447.1865,4566.4376,4235.7489,103.3756,0.0,0.0,0.0,70,0.034562,1.032583,0.499124,0.50532,1.010233,0.408891,0.326663,0.300902,0.504963,0.049926,0.19923,0.306238,0.49922,0.392752,0.051219,0.011007,0.002419,0.00257,0.009684,0.001603,0.001551,0.000912,0.003272,2.2e-05,0.000349,0.000891,0.002735,0.001633,0.000126
8380,441,3597,3156,3156,0,0,0,59,11.362825,0.0,14443.201033,530.229154,2738.408021,2386.950789,2904.95,8380,12,80,10458240.0,1542078.0165,4579.2286,4248.2859,103.6049,0.0,0.0,0.0,70,0.040816,1.033593,0.499315,0.50361,1.009638,0.409593,0.326795,0.301038,0.505799,0.049843,0.199282,0.306032,0.499333,0.39217,0.051323,0.011007,0.002385,0.00248,0.009552,0.001716,0.001546,0.000898,0.003451,2.1e-05,0.000351,0.000908,0.002719,0.001639,0.000129
8400,441,3605,3164,3164,0,0,0,55,10.835212,0.0,14465.433473,535.777402,2733.387386,2386.754495,2902.19,8400,12,80,10483200.0,1546714.269,4592.4483,4263.5735,104.2361,0.0,0.0,0.0,70,0.040816,1.032834,0.499313,0.503939,1.011191,0.409355,0.326738,0.301332,0.506364,0.049896,0.199025,0.306347,0.499198,0.392557,0.051443,0.010462,0.002368,0.002532,0.009871,0.001728,0.001548,0.000894,0.003423,2.2e-05,0.000355,0.000899,0.002703,0.001751,0.000131
8420,435,3611,3176,3176,0,0,0,59,13.551497,0.0,14500.51043,531.240342,2735.208161,2386.641237,2947.56,8420,12,80,10508160.0,1551366.6522,4605.7353,4273.7923,104.2361,0.0,0.0,0.0,99,0.03908,1.033241,0.498758,0.5044,1.010194,0.409019,0.326873,0.301596,0.506487,0.049975,0.198876,0.306266,0.498674,0.393169,0.05151,0.010221,0.002382,0.002537,0.009989,0.001705,0.001538,0.000882,0.003316,2.2e-05,0.00034,0.000897,0.002637,0.001771,0.000134
8440,430,3619,3189,3189,0,0,0,60,13.212957,0.0,14615.748783,522.744384,2744.042659,2386.593637,2964.59,8440,12,80,10533120.0,1556019.1722,4619.0224,4281.1299,104.6028,0.0,0.0,0.0,99,0.039535,1.032528,0.49794,0.503569,1.009416,0.409301,0.325907,0.301174,0.504785,0.049939,0.199026,0.305704,0.499737,0.3932,0.051542,0.010157,0.002391,0.002549,0.009801,0.001711,0.001479,0.000872,0.003264,2.3e-05,0.000337,0.000903,0.002639,0.001741,0.000133
8460,430,3631,3201,3201,0,0,0,62,11.897665,0.0,14774.253158,517.494335,2750.608,2386.573579,2959.26,8460,12,80,10558080.0,1560671.6922,4632.3094,4290.495,105.0382,0.0,0.0,0.0,70,0.034884,1.032984,0.499901,0.503703,1.007818,0.408812,0.327026,0.30127,0.504336,0.049896,0.199046,0.305594,0.500553,0.39332,0.051363,0.01088,0.002454,0.002534,0.010154,0.001661,0.001491,0.000897,0.003286,2.2e-05,0.000336,0.000868,0.002755,0.00169,0.000129
8480,429,3640,3211,3211,0,0,0,65,13.583105,0.0,14933.958946,518.797693,2747.619202,2386.565117,2973.71,8480,12,80,10583040.0,1565324.2122,4645.5964,4303.6961,105.2943,0.0,0.0,0.0,70,0.034965,1.031897,0.50037,0.503515,1.007368,0.408726,0.326799,0.301355,0.50419,0.049931,0.198587,0.305622,0.500369,0.394066,0.051402,0.01088,0.002455,0.00251,0.01023,0.001648,0.001507,0.000894,0.003245,2.3e-05,0.000333,0.000874,0.002641,0.001676,0.000132
8500,432,3655,3223,3223,0,0,0,66,14.69683,0.0,15080.28658,517.644085,2747.659085,2386.561543,2967.56,8500,12,80,10608000.0,1569976.5287,4658.8834,4318.008,105.5434,0.0,0.0,0.0,70,0.032407,1.030236,0.500564,0.504166,1.006423,0.408046,0.326718,0.301383,0.504134,0.050024,0.198494,0.304734,0.500383,0.395093,0.051276,0.010567,0.002534,0.002696,0.010008,0.001532,0.001541,0.000909,0.003184,2.4e-05,0.000331,0.000878,0.002623,0.001803,0.000125
8520,435,3664,3229,3229,0,0,0,64,12.136406,0.0,15211.923611,524.708648,2743.154946,2386.944678,2959.14,8520,12,80,10632960.0,1574629.0487,4671.6116,4332.2121,106.1029,0.0,0.0,0.0,99,0.036782,1.031462,0.500601,0.503785,1.0063,0.408965,0.32657,0.301005,0.503929,0.050012,0.19824,0.304494,0.499699,0.39539,0.05128,0.011224,0.002492,0.002701,0.010159,0.001717,0.001552,0.000922,0.003077,2.3e-05,0.000328,0.000881,0.002681,0.001751,0.000131
8540,431,3675,3244,3244,0,0,0,69,15.575468,0.0,15315.579991,520.930853,2743.493679,2386.722551,2997.54,8540,12,80,10657920.0,1579281.5687,4684.8942,4346.2218,106.7318,0.0,0.0,0.0,99,0.041763,1.032767,0.500329,0.504368,1.008614,0.410214,0.327313,0.300337,0.503982,0.049978,0.197906,0.304445,0.49958,0.395524,0.051475,0.011842,0.00262,0.002697,0.010356,0.001932,0.001562,0.000897,0.003007,2.3e-05,0.000311,0.000842,0.002709,0.001873,0.000148
8560,440,3686,3246,3246,0,0,0,61,11.34721,0.0,15414.085651,531.483232,2737.169558,2386.627727,2952.9,8560,12,80,10682880.0,1583934.0887,4698.1812,4358.9459,106.8043,0.0,0.0,0.0,99,0.043182,1.032511,0.500532,0.504299,1.007511,0.410769,0.327077,0.300589,0.505127,0.049992,0.198381,0.304817,0.499357,0.39522,0.051353,0.011739,0.002715,0.002736,0.010352,0.001936,0.001534,0.000927,0.003123,2.3e-05,0.000318,0.000866,0.002707,0.001882,0.000147
8580,439,3699,3260,3260,0,0,0,66,14.02773,0.0,15504.389655,527.93323,2738.03904,2386.587894,2934.31,8580,13,80,10707840.0,1588592.5892,4711.4682,4373.2221,106.8043,0.0,0.0,0.0,99,0.038724,1.033543,0.501036,0.50475,1.008316,0.410468,0.32745,0.30058,0.50587,0.049965,0.198427,0.305124,0.499258,0.395326,0.051256,0.011526,0.00264,0.002758,0.010132,0.001902,0.001601,0.000919,0.003064,2.3e-05,0.000326,0.000864,0.002687,0.001878,0.000147
8600,443,3710,3267,3267,0,0,0,64,13.813053,0.0,15547.408002,534.371032,2731.815915,2386.571129,2904.74,8600,13,80,10732800.0,1593258.3992,4724.7552,4388.4547,107.2505,0.0,0.0,0.0,99,0.036117,1.032131,0.501337,0.504216,1.009493,0.410468,0.328361,0.300827,0.505792,0.049959,0.198397,0.304956,0.500277,0.395351,0.05136,0.011768,0.002632,0.002745,0.010166,0.001923,0.00165,0.00094,0.00306,2.3e-05,0.000325,0.000867,0.002721,0.001875,0.000147
8620,439,3715,3276,3276,0,0,0,61,12.815879,0.0,15583.71154,536.168064,2731.016057,2386.564067,2947.87,8620,13,80,10757760.0,1597924.2092,4738.0422,4401.277,107.5188,0.0,0.0,0.0,70,0.034169,1.032447,0.501893,0.504062,1.008468,0.41021,0.32828,0.300885,0.505974,0.049981,0.198417,0.305448,0.500172,0.3956,0.05134,0.011484,0.002536,0.002762,0.010071,0.001839,0.001651,0.000944,0.003099,2.2e-05,0.000326,0.000887,0.002703,0.001881,0.000146
8640,444,3729,3285,3285,0,0,0,60,14.656602,0.0,15602.62375,535.524254,2729.819144,2387.055757,2907.82,8640,13,80,10782720.0,1602590.0192,4750.7326,4411.5742,107.5943,0.0,0.0,0.0,99,0.036036,1.03334,0.50213,0.504456,1.008537,0.410785,0.328021,0.300582,0.505726,0.050005,0.198605,0.304771,0.499487,0.395686,0.05117,0.011521,0.002436,0.002786,0.010172,0.00179,0.001633,0.000965,0.003159,2.2e-05,0.000326,0.000901,0.002848,0.001857,0.000146
8660,441,3736,3295,3295,0,0,0,60,14.014315,0.0,15616.161235,535.293827,2730.691858,2386.548157,2943.92,8660,13,80,10807680.0,1607255.8292,4764.2783,4424.0537,108.2217,0.0,0.0,0.0,70,0.034014,1.031025,0.502469,0.504608,1.007543,0.409605,0.32736,0.301117,0.505822,0.050019,0.198669,0.305215,0.498262,0.395973,0.051146,0.010863,0.002473,0.002771,0.010296,0.001577,0.001622,0.000952,0.003145,2.2e-05,0.00033,0.000886,0.002749,0.001844,0.00014
8680,444,3746,3302,3302,0,0,0,57,12.519498,0.0,15631.770203,539.166475,2728.314027,2385.677974,2937.01,8680,13,80,10832640.0,1611921.6392,4778.891,4436.0216,108.6071,0.0,0.0,0.0,70,0.040541,1.033263,0.502673,0.503996,1.007082,0.409998,0.327392,0.301463,0.506182,0.050001,0.199155,0.305284,0.498666,0.395624,0.050994,0.011322,0.002439,0.002825,0.010277,0.001598,0.001632,0.000987,0.003335,2.3e-05,0.000341,0.000908,0.00279,0.001829,0.000127
8700,450,3762,3312,3312,0,0,0,58,13.901539,0.0,15596.173776,540.581534,2725.516927,2384.179035,2911.14,8700,13,80,10857600.0,1616587.4492,4795.1006,4449.8666,108.7878,0.0,0.0,0.0,70,0.044444,1.034482,0.502231,0.504654,1.007238,0.410375,0.327968,0.302332,0.507606,0.049954,0.199006,0.305542,0.498836,0.394377,0.051134,0.011279,0.002458,0.003019,0.010282,0.001655,0.001637,0.000986,0.003507,2.3e-05,0.00034,0.000919,0.002776,0.001924,0.000135
8720,447,3770,3323,3323,0,0,0,59,11.556964,0.0,15547.784888,543.576976,2724.86606,2383.388528,2946.41,8720,13,80,10882560.0,1621253.2592,4811.4268,4465.8787,109.1163,0.0,0.0,0.0,70,0.040268,1.034558,0.501562,0.504799,1.010186,0.410067,0.328372,0.30208,0.506403,0.050057,0.199022,0.305571,0.49934,0.394165,0.051248,0.011278,0.002356,0.002995,0.010483,0.001673,0.001679,0.000959,0.003463,2.3e-05,0.000343,0.000936,0.002848,0.001907,0.000134
8740,448,3785,3337,3337,0,0,0,59,10.292132,0.0,15508.17806,540.803607,2728.904261,2382.995274,2944.35,8740,13,80,10907520.0,1625919.0692,4827.753,4480.1719,109.98,0.0,0.0,0.0,70,0.035714,1.032569,0.501115,0.50511,1.009029,0.408722,0.328542,0.302108,0.507038,0.050024,0.198988,0.305428,0.49934,0.395034,0.05111,0.011063,0.002419,0.0029,0.010134,0.001661,0.00162,0.000949,0.003243,2.3e-05,0.000336,0.000926,0.002857,0.001878,0.00013
8760,447,3794,3347,3347,0,0,0,59,11.357677,0.0,15480.993855,542.07108,2726.571244,2382.797321,2952.53,8760,13,80,10932480.0,1630584.8792,4844.0793,4493.4208,110.1675,0.0,0.0,0.0,99,0.038031,1.034678,0.501708,0.504344,1.008737,0.40915,0.327524,0.302135,0.507762,0.050019,0.198906,0.305723,0.497855,0.394502,0.051114,0.011212,0.002518,0.002917,0.010184,0.001637,0.001598,0.000951,0.0032,2.3e-05,0.000339,0.000939,0.002816,0.001828,0.000142
8780,440,3801,3361,3361,0,0,0,61,12.283803,0.0,15489.267847,536.123445,2731.592751,2382.697038,3011.11,8780,13,80,10957440.0,1635250.6892,4860.4055,4505.3807,110.4215,0.0,0.0,0.0,99,0.036364,1.032629,0.50262,0.503721,1.006915,0.408876,0.327792,0.302273,0.506137,0.050027,0.198754,0.305692,0.496723,0.395329,0.051046,0.011133,0.002445,0.002831,0.010392,0.00167,0.001624,0.000928,0.003032,2.4e-05,0.00034,0.000936,0.002728,0.001775,0.00014
8800,439,3811,3372,3372,0,0,0,62,14.168445,0.0,15511.796397,533.857574,2731.973981,2382.646044,3031.32,8800,13,80,10982400.0,1639916.4992,4876.7318,4516.1787,110.8007,0.0,0.0,0.0,70,0.034169,1.032941,0.502507,0.504004,1.007435,0.408538,0.327029,0.301731,0.505054,0.049956,0.198686,0.30556,0.497374,0.395864,0.050958,0.011186,0.00248,0.002693,0.010162,0.001617,0.001621,0.000903,0.002896,2.3e-05,0.000345,0.000932,0.002715,0.001796,0.000135
8820,438,3818,3380,3380,0,0,0,59,11.973427,0.0,15588.296915,532.421268,2735.605305,2382.620049,3052.31,8820,13,80,11007360.0,1644582.3092,4893.058,4525.064,110.9375,0.0,0.0,0.0,99,0.03653,1.032393,0.502097,0.50399,1.006563,0.408292,0.327293,0.30172,0.50479,0.049989,0.198454,0.305349,0.497351,0.395566,0.050909,0.01097,0.00252,0.002688,0.010261,0.001612,0.001619,0.000909,0.002914,2.4e-05,0.00035,0.000934,0.002678,0.001773,0.000134
8840,442,3826,3384,3384,0,0,0,55,9.47241,0.0,15642.075048,538.109212,2732.418377,2382.606772,3043.02,8840,13,80,11032320.0,1649258.3612,4909.3842,4535.4847,111.1861,0.0,0.0,0.0,99,0.038462,1.033233,0.501777,0.504589,1.006392,0.408464,0.32775,0.30154,0.504811,0.04996,0.198129,0.305448,0.497862,0.395957,0.05103,0.011164,0.002554,0.002768,0.010173,0.001689,0.001686,0.000905,0.002931,2.4e-05,0.000359,0.000954,0.002654,0.001797,0.000137
8860,450,3840,3390,3390,0,0,0,56,11.577026,0.0,15648.455152,541.249023,2727.17395,2382.599981,3006.58,8860,13,80,11057280.0,1653941.2412,4925.7105,4547.1353,111.2198,0.0,0.0,0.0,99,0.042222,1.031794,0.500126,0.505102,1.007203,0.409236,0.32796,0.301164,0.505073,0.050051,0.197536,0.305501,0.498295,0.395455,0.051248,0.011111,0.002533,0.002761,0.010371,0.001757,0.001703,0.000895,0.002899,2.5e-05,0.000359,0.000967,0.002641,0.001859,0.000136
8880,451,3851,3400,3400,0,0,0,56,12.137696,0.0,15634.729294,543.114957,2724.747346,2382.596502,3006.2,8880,13,80,11082240.0,1658624.1212,4942.0367,4561.7751,111.4487,0.0,0.0,0.0,99,0.039911,1.031344,0.499932,0.504048,1.008223,0.409056,0.327731,0.301326,0.506802,0.050038,0.197353,0.305645,0.49736,0.394748,0.051252,0.011331,0.00255,0.002791,0.010245,0.001705,0.001712,0.000871,0.003284,2.6e-05,0.000362,0.000927,0.002556,0.001904,0.00014
8900,452,3861,3409,3409,0,0,0,60,12.593909,0.0,15587.067415,547.518736,2719.887355,2382.594717,2991.55,8900,13,80,11107200.0,1663307.0012,4958.3629,4576.6698,111.5569,0.0,0.0,0.0,99,0.039823,1.03161,0.499664,0.503407,1.008303,0.408691,0.327166,0.301365,0.506094,0.050064,0.197288,0.305432,0.49787,0.394658,0.051303,0.011319,0.002534,0.002802,0.0103,0.001663,0.001711,0.000875,0.003304,2.6e-05,0.000365,0.000883,0.002523,0.001884,0.000137
8920,453,3875,3422,3422,0,0,0,62,15.915539,0.0,15535.911475,544.181082,2719.903379,2382.5938,2979.7,8920,13,80,11132160.0,1667993.2952,4974.6892,4589.01,111.6485,0.0,0.0,0.0,70,0.041943,1.033637,0.499611,0.502688,1.00665,0.410217,0.327007,0.301585,0.50643,0.050046,0.198158,0.304804,0.498148,0.394196,0.051357,0.011359,0.002518,0.002817,0.010207,0.001824,0.001719,0.000902,0.003377,2.6e-05,0.000379,0.000922,0.002521,0.001935,0.000138
8940,460,3891,3431,3431,0,0,0,67,17.535711,0.0,15454.933918,550.179632,2712.284657,2382.593329,2949.63,8940,13,80,11157120.0,1672693.2452,4991.0154,4605.829,111.8958,0.0,0.0,0.0,70,0.03913,1.03223,0.499716,0.502829,1.006075,0.410267,0.326606,0.301585,0.505908,0.05006,0.198328,0.304464,0.498178,0.394801,0.051229,0.01145,0.002441,0.00284,0.010153,0.001829,0.001717,0.000892,0.003295,2.5e-05,0.000376,0.000938,0.002529,0.001904,0.000133
8960,457,3898,3441,3441,0,0,0,66,13.843961,0.0,15372.711308,555.323137,2710.832902,2382.593086,2985.65,8960,13,80,11182080.0,1677401.7032,5007.3417,4623.0972,112.8189,0.0,0.0,0.0,70,0.041575,1.031984,0.500443,0.502181,1.005966,0.409904,0.32797,0.301708,0.507195,0.049992,0.198191,0.304742,0.497645,0.394945,0.051343,0.011417,0.002378,0.002841,0.010208,0.001801,0.001769,0.000896,0.003311,2.6e-05,0.000369,0.000929,0.002583,0.001894,0.000132
8980,453,3907,3454,3454,0,0,0,66,17.662816,0.0,15277.485424,551.306655,2711.030529,2382.59296,3024.49,8980,13,80,11207040.0,1682122.9232,5023.6679,4635.0133,113.4209,0.0,0.0,0.0,70,0.037528,1.031645,0.500182,0.503018,1.006328,0.409336,0.328175,0.301866,0.507099,0.050071,0.198165,0.304781,0.497994,0.395238,0.051428,0.011254,0.00248,0.002907,0.010129,0.001788,0.001803,0.000915,0.003313,2.6e-05,0.000377,0.000907,0.002585,0.001892,0.000137
9000,447,3918,3471,3471,0,0,0,65,13.348934,0.0,15285.295039,540.304525,2726.34654,2384.5543,3073.66,9000,13,80,11232000.0,1686844.1432,5037.4108,4645.3028,113.8645,0.0,0.0,0.0,70,0.033557,1.028798,0.500452,0.503722,1.005333,0.409234,0.328765,0.301583,0.505396,0.04999,0.198321,0.305106,0.497384,0.396768,0.05124,0.011164,0.002388,0.002809,0.00971,0.001739,0.001828,0.000914,0.003032,2.6e-05,0.000361,0.000885,0.002558,0.001805,0.000128
9020,451,3930,3479,3479,0,0,0,65,13.61431,0.0,15303.901078,542.193391,2724.192298,2385.689178,3053.92,9020,13,80,11256960.0,1691565.3632,5050.6978,4657.1987,114.025,0.0,0.0,0.0,70,0.031042,1.028601,0.500826,0.504153,1.004956,0.410218,0.328562,0.301005,0.505266,0.049996,0.198215,0.305114,0.497978,0.396356,0.051315,0.01132,0.002463,0.002822,0.009645,0.001759,0.001872,0.000944,0.003082,2.7e-05,0.000358,0.000874,0.002572,0.001814,0.00013
9040,454,3945,3491,3491,0,0,0,66,12.915228,0.0,15326.497842,542.180958,2724.903813,2385.729573,3026.58,9040,13,80,11281920.0,1696286.5832,5064.5071,4671.0892,114.6393,0.0,0.0,0.0,82,0.030837,1.032242,0.500977,0.505221,1.006346,0.410708,0.328959,0.300517,0.505351,0.049996,0.198149,0.305091,0.49737,0.396719,0.05135,0.011576,0.002462,0.002867,0.009665,0.001824,0.001906,0.000946,0.003155,2.8e-05,0.000373,0.000899,0.002671,0.001735,0.000133
9060,454,3959,3505,3505,0,0,0,67,15.521207,0.0,15324.137228,542.007377,2722.471417,2384.293676,3018.12,9060,13,80,11306880.0,1701007.8032,5080.1512,4687.5997,115.2385,0.0,0.0,0.0,82,0.030837,1.033759,0.501136,0.504916,1.007466,0.410201,0.329664,0.300648,0.505424,0.04998,0.198066,0.305176,0.495795,0.396513,0.05153,0.011852,0.002453,0.002843,0.009885,0.001862,0.002003,0.000936,0.003163,2.8e-05,0.000382,0.000895,0.002746,0.001699,0.000133
9080,454,3969,3515,3515,0,0,0,63,13.899304,0.0,15300.154001,548.56314,2717.537556,2382.417814,3032.28,9080,13,80,11331840.0,1705729.0232,5097.0816,4705.7198,116.0956,0.0,0.0,0.0,99,0.03304,1.034553,0.502189,0.504887,1.00793,0.410551,0.329978,0.300481,0.50469,0.049981,0.198017,0.305137,0.496794,0.396837,0.051435,0.01197,0.002506,0.002883,0.009955,0.001832,0.00196,0.000942,0.003145,2.8e-05,0.000381,0.00089,0.002755,0.001699,0.000134
9100,448,3975,3527,3527,0,0,0,64,13.543951,0.0,15290.65188,547.127438,2719.328611,2380.952437,3058.52,9100,13,80,11356800.0,1710450.2432,5114.3861,4718.3657,116.7019,0.0,0.0,0.0,99,0.033482,1.033737,0.5024,0.505471,1.009059,0.410425,0.33011,0.300891,0.503161,0.049988,0.197725,0.3046,0.497105,0.396645,0.051304,0.012138,0.002558,0.002828,0.010074,0.001841,0.001956,0.000938,0.003114,2.8e-05,0.000385,0.000885,0.002729,0.001717,0.000134
9120,452,3985,3533,3533,0,0,0,60,11.806165,0.0,15291.914317,548.715667,2719.478168,2379.9628,3048.76,9120,13,80,11381760.0,1715171.4632,5131.6905,4727.0464,116.8973,0.0,0.0,0.0,99,0.033186,1.03567,0.502998,0.50478,1.010994,0.409997,0.330807,0.301081,0.5038,0.049921,0.197964,0.30518,0.497359,0.395787,0.051243,0.012258,0.002596,0.002874,0.010202,0.001802,0.001976,0.000957,0.003296,2.8e-05,0.000391,0.000886,0.002793,0.001754,0.000133
9140,453,3998,3545,3545,0,0,0,66,14.160536,0.0,15254.16869,547.465163,2718.374301,2379.267486,3053.7,9140,13,80,11406720.0,1719893.8022,5148.995,4740.7114,117.0169,0.0,0.0,0.0,99,0.033113,1.035641,0.501277,0.50599,1.010516,0.410447,0.330342,0.301427,0.503871,0.049877,0.198107,0.305223,0.497385,0.395674,0.051242,0.012395,0.002602,0.002847,0.010319,0.001773,0.00184,0.000944,0.003275,2.6e-05,0.000391,0.000873,0.002766,0.001747,0.000128
9160,463,4015,3552,3552,0,0,0,64,15.245503,0.0,15185.004733,554.439361,2710.315136,2378.765523,2994.37,9160,13,80,11431680.0,1724626.2122,5166.2994,4757.1033,117.0169,0.0,0.0,0.0,70,0.036717,1.036332,0.501264,0.50477,1.011376,0.41027,0.330757,0.301358,0.505544,0.049977,0.198332,0.30541,0.497159,0.395272,0.05125,0.012406,0.002628,0.002829,0.010376,0.001802,0.001845,0.000947,0.003549,2.6e-05,0.000403,0.000895,0.00275,0.001819,0.00013
9180,455,4025,3570,3570,0,0,0,71,15.772058,0.0,15113.33884,550.205798,2714.022144,2378.39601,3022.81,9180,13,80,11456640.0,1729358.6222,5183.6039,4775.3914,117.4398,0.0,0.0,0.0,70,0.041758,1.034934,0.50204,0.503989,1.011203,0.409501,0.331788,0.301713,0.505849,0.04997,0.19841,0.305043,0.49771,0.394543,0.0511,0.012387,0.002588,0.002813,0.010333,0.001786,0.001914,0.000984,0.003606,2.5e-05,0.000409,0.000908,0.00277,0.001883,0.000126
9200,450,4030,3580,3580,0,0,0,69,13.413763,0.0,15105.235727,551.351987,2715.234251,2378.120046,3068.37,9200,13,80,11481600.0,1734091.0322,5200.9083,4789.044,118.1539,0.0,0.0,0.0,70,0.042222,1.034079,0.502873,0.504417,1.010229,0.409251,0.332005,0.301875,0.505689,0.049916,0.198611,0.305186,0.497042,0.394988,0.050924,0.012575,0.002529,0.002826,0.010398,0.001759,0.001944,0.000973,0.003635,2.5e-05,0.0004,0.000914,0.002786,0.001857,0.000116
9220,455,4045,3590,3590,0,0,0,67,14.948052,0.0,15057.229878,549.946812,2715.105136,2378.304019,3042.34,9220,13,80,11506560.0,1738823.4422,5217.663,4800.7795,118.3821,0.0,0.0,0.0,70,0.037363,1.031576,0.501907,0.504146,1.008881,0.408631,0.33119,0.301566,0.505594,0.049874,0.198404,0.304937,0.496143,0.394795,0.050887,0.012065,0.00257,0.002762,0.010431,0.001735,0.001873,0.000968,0.003465,2.6e-05,0.000393,0.000913,0.002716,0.001835,0.000114
9240,456,4060,3604,3604,0,0,0,71,17.682066,0.0,15010.913964,547.859641,2714.458292,2377.923484,3027.88,9240,13,80,11531520.0,1743555.8522,5234.9539,4815.5279,118.8438,0.0,0.0,0.0,70,0.035088,1.033541,0.50014,0.50602,1.009733,0.40874,0.332081,0.301428,0.506257,0.04992,0.198131,0.305338,0.495849,0.395057,0.051227,0.012096,0.002535,0.003104,0.010445,0.001886,0.001943,0.00097,0.003283,2.6e-05,0.000388,0.000969,0.002833,0.001878,0.000128
9260,456,4068,3612,3612,0,0,0,67,12.661014,0.0,14977.571341,553.570715,2713.76827,2377.703209,3044.39,9260,13,80,11556480.0,1748288.2622,5252.2583,4830.9275,119.287,0.0,0.0,0.0,70,0.035088,1.032788,0.500525,0.505512,1.009221,0.408703,0.33211,0.301412,0.506356,0.049847,0.198331,0.305489,0.49656,0.394978,0.051182,0.01208,0.002573,0.003059,0.010368,0.001908,0.001936,0.000978,0.003197,2.6e-05,0.000391,0.000963,0.002887,0.001835,0.000128
9280,453,4078,3625,3625,0,0,0,66,14.657583,0.0,14924.912258,550.504998,2714.837419,2377.568174,3045.2,9280,13,80,11581440.0,1753020.6722,5269.5628,4842.9011,120.0108,0.0,0.0,0.0,70,0.03532,1.034188,0.501557,0.504916,1.0093,0.408081,0.331447,0.301136,0.506313,0.049868,0.198255,0.305237,0.496415,0.394322,0.051063,0.012322,0.00255,0.003,0.010388,0.00191,0.001916,0.000996,0.003269,2.5e-05,0.000387,0.000954,0.002815,0.001818,0.000127
9300,452,4088,3636,3636,0,0,0,69,13.17065,0.0,14900.462022,548.392866,2718.436484,2377.478414,3061.22,9300,13,80,11606400.0,1757753.0822,5286.8672,4854.3086,120.7413,0.0,0.0,0.0,99,0.035398,1.035195,0.502897,0.505636,1.008427,0.408242,0.331092,0.300749,0.504548,0.049702,0.198264,0.305473,0.495118,0.394697,0.051134,0.012101,0.002683,0.003049,0.010208,0.001914,0.001941,0.000969,0.003155,2.4e-05,0.000379,0.00097,0.0028,0.001785,0.000136
9320,449,4100,3651,3651,0,0,0,72,12.696246,0.0,14901.396219,542.69145,2724.612304,2377.415019,3076.97,9320,13,80,11631360.0,1762485.4922,5304.1717,4866.7497,121.2863,0.0,0.0,0.0,70,0.037862,1.037213,0.503041,0.505476,1.007538,0.408904,0.330937,0.301284,0.505111,0.049562,0.19791,0.305955,0.496246,0.395353,0.050822,0.012452,0.002741,0.003054,0.010287,0.001919,0.001921,0.000995,0.003503,2.4e-05,0.000378,0.000985,0.002867,0.001776,0.000134
9340,453,4111,3658,3658,0,0,0,67,11.527502,0.0,14911.310626,548.707108,2719.76539,2377.368382,3066.77,9340,13,80,11656320.0,1767217.9022,5321.4761,4881.4468,121.8117,0.0,0.0,0.0,70,0.03532,1.035336,0.50243,0.505097,1.007621,0.409389,0.330749,0.300969,0.504642,0.049524,0.197996,0.30573,0.496473,0.395739,0.050955,0.012239,0.002703,0.003053,0.010224,0.001958,0.001916,0.000978,0.003389,2.5e-05,0.000386,0.000992,0.002911,0.00175,0.000133
9360,448,4118,3670,3670,0,0,0,70,14.42582,0.0,14930.784365,544.5679,2721.00628,2377.725507,3112.79,9360,13,80,11681280.0,1771963.0742,5338.2308,4892.9667,122.264,0.0,0.0,0.0,70,0.035714,1.033027,0.502395,0.504411,1.007848,0.409268,0.33068,0.301019,0.504815,0.049571,0.198031,0.305592,0.496913,0.395923,0.050865,0.012124,0.002679,0.002953,0.0101,0.001912,0.001923,0.000976,0.003361,2.4e-05,0.00038,0.000986,0.002882,0.001755,0.000129
9380,451,4129,3678,3678,0,0,0,65,11.616657,0.0,14980.040933,545.823867,2722.559476,2377.476625,3087.81,9380,13,80,11706240.0,1776716.7542,5355.5217,4903.75,122.7079,0.0,0.0,0.0,70,0.035477,1.033811,0.502667,0.504269,1.008788,0.408932,0.33103,0.3014,0.504776,0.049596,0.197972,0.305513,0.496658,0.396317,0.051,0.01208,0.002658,0.002943,0.0104,0.001942,0.001911,0.000964,0.003445,2.6e-05,0.000384,0.000991,0.002875,0.001862,0.000128
9400,450,4140,3690,3690,0,0,0,68,13.085412,0.0,15014.687821,544.097627,2722.816961,2377.357036,3097.86,9400,13,80,11731200.0,1781470.4342,5372.8262,4915.7195,123.5319,0.0,0.0,0.0,70,0.035556,1.035985,0.502369,0.504867,1.008902,0.409285,0.330579,0.30077,0.505516,0.04965,0.19809,0.304942,0.496924,0.396266,0.050925,0.011846,0.002705,0.002924,0.010269,0.001936,0.001913,0.000962,0.003401,2.6e-05,0.000387,0.000979,0.002819,0.001853,0.000126
9420,449,4151,3702,3702,0,0,0,63,12.807198,0.0,15038.322811,544.804762,2722.38804,2377.299372,3107.94,9420,13,80,11756160.0,1786224.1142,5390.1306,4930.263,123.8583,0.0,0.0,0.0,99,0.035635,1.038754,0.501373,0.50554,1.008564,0.409706,0.330799,0.301531,0.504429,0.049566,0.197509,0.305162,0.497349,0.396782,0.051062,0.012315,0.002785,0.003041,0.010286,0.001999,0.00193,0.000968,0.003386,2.7e-05,0.000389,0.000969,0.00302,0.001856,0.000132
9440,450,4161,3711,3711,0,0,0,60,10.866749,0.0,15070.733179,547.819429,2721.313822,2377.269304,3102.07,9440,13,80,11781120.0,1790977.7942,5407.435,4944.3906,123.9021,0.0,0.0,0.0,70,0.042222,1.040605,0.501045,0.504995,1.008603,0.410209,0.33109,0.301287,0.506253,0.049538,0.197555,0.305403,0.497012,0.396298,0.051116,0.01244,0.002821,0.003252,0.010469,0.00209,0.001962,0.000959,0.003862,2.6e-05,0.000391,0.000978,0.002981,0.001962,0.000135
9460,448,4169,3721,3721,0,0,0,57,11.285413,0.0,15092.627341,548.432144,2720.282444,2377.252106,3129.42,9460,13,80,11806080.0,1795731.4742,5424.7395,4957.1514,124.3978,0.0,0.0,0.0,70,0.037946,1.039295,0.501497,0.506163,1.008542,0.41005,0.331089,0.300992,0.505674,0.049602,0.197346,0.305535,0.496921,0.396701,0.051335,0.012303,0.002789,0.003249,0.010219,0.00206,0.001972,0.000963,0.003783,2.7e-05,0.000402,0.000973,0.002958,0.001947,0.000136
9480,450,4183,3733,3733,0,0,0,60,11.51019,0.0,15104.920206,546.720447,2721.769363,2377.241314,3122.72,9480,13,80,11831040.0,1800485.1542,5442.0439,4969.9616,124.6103,0.0,0.0,0.0,70,0.037778,1.03831,0.50069,0.505441,1.007963,0.410817,0.33129,0.301132,0.505865,0.049682,0.197395,0.30532,0.497146,0.395445,0.051185,0.012065,0.002782,0.003204,0.009943,0.002068,0.001945,0.000992,0.003743,2.8e-05,0.000402,0.00095,0.002962,0.001895,0.000134
9500,455,4196,3741,3741,0,0,0,60,10.900523,0.0,15119.938468,550.459074,2718.640403,2377.626308,3105.35,9500,13,80,11856000.0,1805238.8342,5458.7986,4984.8057,124.6741,0.0,0.0,0.0,99,0.037363,1.037496,0.499914,0.506379,1.007497,0.410549,0.331413,0.301534,0.50387,0.049765,0.197631,0.304834,0.497018,0.396228,0.051107,0.012016,0.00257,0.003177,0.010117,0.002114,0.001981,0.000966,0.003571,2.8e-05,0.000401,0.000934,0.003071,0.00182,0.000126
9520,453,4207,3754,3754,0,0,0,63,14.43032,0.0,15120.837513,548.915234,2716.654446,2380.294008,3130.92,9520,13,80,11880960.0,1810004.7407,5472.8756,4999.9578,125.3376,0.0,0.0,0.0,99,0.039735,1.033778,0.499692,0.50633,1.007733,0.410643,0.331682,0.301323,0.503186,0.049739,0.197462,0.305187,0.497172,0.396365,0.051012,0.011517,0.002539,0.003158,0.010238,0.002093,0.001975,0.00094,0.003381,2.7e-05,0.00038,0.000942,0.003044,0.001753,0.000126
9540,452,4218,3766,3766,0,0,0,66,13.328846,0.0,15157.470833,548.255969,2718.415185,2382.809963,3140.48,9540,13,80,11905920.0,1814773.3757,5486.1626,5013.4474,125.5441,0.0,0.0,0.0,99,0.037611,1.035462,0.499863,0.5069,1.010147,0.410266,0.331353,0.30114,0.503261,0.049813,0.1977,0.305164,0.497738,0.396369,0.051179,0.01138,0.002539,0.003219,0.010358,0.002109,0.002035,0.000917,0.003354,2.8e-05,0.000379,0.000928,0.003101,0.00175,0.000127
9560,440,4221,3781,3781,0,0,0,66,15.553982,0.0,15258.686379,539.450786,2724.995232,2384.418202,3205.29,9560,13,80,11930880.0,1819560.7757,5499.4496,5024.2256,126.4254,0.0,0.0,0.0,70,0.034091,1.03288,0.500286,0.505582,1.010884,0.409574,0.331306,0.301469,0.504261,0.049839,0.197853,0.304877,0.49728,0.396277,0.05099,0.011027,0.002486,0.003108,0.010057,0.002042,0.001997,0.000913,0.003719,2.7e-05,0.000376,0.000873,0.00311,0.001775,0.000117
9580,441,4230,3789,3789,0,0,0,61,12.997395,0.0,15406.90205,538.384171,2728.618434,2385.370772,3205.24,9580,13,80,11955840.0,1824348.1757,5512.7366,5032.5073,126.7033,0.0,0.0,0.0,99,0.034014,1.034242,0.500027,0.505278,1.011878,0.409321,0.331415,0.301556,0.503294,0.049837,0.197909,0.304737,0.496913,0.395966,0.051057,0.011023,0.002466,0.003094,0.010047,0.002092,0.002044,0.000932,0.003629,2.7e-05,0.000378,0.00087,0.003006,0.001837,0.000118
9600,442,4239,3797,3797,0,0,0,65,13.343944,0.0,15564.739531,538.125403,2728.530653,2385.910206,3193.41,9600,13,80,11980800.0,1829149.7057,5526.0237,5042.3352,126.7033,0.0,0.0,0.0,99,0.038462,1.036331,0.499918,0.506503,1.012784,0.408833,0.332064,0.301913,0.503456,0.049838,0.197266,0.305097,0.497388,0.396129,0.051346,0.011639,0.002448,0.003237,0.010242,0.002143,0.002089,0.000925,0.003626,2.6e-05,0.000376,0.000887,0.003081,0.001853,0.00012
9620,440,4247,3807,3807,0,0,0,63,12.860837,0.0,15728.477151,537.276113,2729.863049,2386.207988,3220.55,9620,13,80,12005760.0,1833951.2357,5539.3107,5053.7834,127.246,0.0,0.0,0.0,99,0.038636,1.035224,0.499737,0.505485,1.01287,0.409271,0.331927,0.301852,0.503288,0.049902,0.197305,0.304922,0.497528,0.396451,0.051322,0.011338,0.00242,0.003275,0.010242,0.002068,0.002083,0.000921,0.003606,2.7e-05,0.000373,0.000879,0.003085,0.001825,0.00012
9640,447,4264,3817,3817,0,0,0,62,15.849562,0.0,15858.520467,537.817436,2726.333003,2385.942206,3178.45,9640,13,80,12030720.0,1838752.7657,5553.1001,5067.4032,127.3354,0.0,0.0,0.0,99,0.038031,1.036525,0.500768,0.505962,1.016165,0.409253,0.332858,0.30157,0.505285,0.049953,0.197712,0.304952,0.496609,0.396608,0.051285,0.011845,0.00238,0.003454,0.010533,0.002101,0.002122,0.000902,0.004124,2.7e-05,0.000379,0.000903,0.002922,0.00187,0.000121
9660,452,4278,3826,3826,0,0,0,64,14.179287,0.0,15950.813631,544.668675,2721.152038,2384.62374,3153.46,9660,13,80,12055680.0,1843561.5137,5568.6857,5085.5729,127.9374,0.0,0.0,0.0,99,0.035398,1.035383,0.499701,0.504908,1.017487,0.408936,0.332438,0.301833,0.50513,0.050061,0.197546,0.304249,0.496891,0.396179,0.051324,0.011767,0.002349,0.003339,0.01085,0.002086,0.002074,0.0009,0.004004,2.8e-05,0.000374,0.000883,0.002797,0.001909,0.000118
9680,456,4290,3834,3834,0,0,0,61,13.716629,0.0,16006.724198,552.060008,2714.223363,2383.270252,3141.84,9680,13,80,12080640.0,1848375.0737,5585.3935,5102.5434,128.4116,0.0,0.0,0.0,99,0.037281,1.036684,0.500253,0.50472,1.017545,0.409314,0.33275,0.302118,0.505556,0.050022,0.197372,0.304688,0.497214,0.396039,0.051387,0.011902,0.002493,0.003328,0.010781,0.00212,0.002119,0.000924,0.004159,2.8e-05,0.000373,0.000867,0.002746,0.001922,0.000124
9700,459,4303,3844,3844,0,0,0,61,12.770181,0.0,16017.840437,555.609295,2711.620524,2382.563659,3136.22,9700,13,80,12105600.0,1853188.6337,5602.214,5117.9577,128.9601,0.0,0.0,0.0,99,0.037037,1.036249,0.499832,0.50427,1.017668,0.409354,0.333396,0.302569,0.506066,0.049988,0.197143,0.305228,0.49653,0.39609,0.051432,0.011673,0.002463,0.003466,0.011018,0.002086,0.002131,0.000979,0.004182,2.9e-05,0.00038,0.000859,0.002813,0.001923,0.000123
9720,463,4314,3851,3851,0,0,0,60,11.650159,0.0,15994.530383,561.020387,2707.329454,2382.214525,3097.67,9720,13,80,12130560.0,1858002.1937,5619.0346,5131.9816,129.4348,0.0,0.0,0.0,99,0.034557,1.035912,0.49927,0.504496,1.01737,0.408804,0.332826,0.301894,0.505164,0.050087,0.197213,0.305248,0.496074,0.39692,0.051451,0.011433,0.002471,0.003385,0.011013,0.002061,0.002143,0.000972,0.003841,2.9e-05,0.000385,0.000857,0.002816,0.001875,0.000122
9740,473,4334,3861,3861,0,0,0,57,11.311576,0.0,15922.616825,565.532147,2703.156277,2382.039045,3042.57,9740,13,80,12155520.0,1862815.7537,5635.8551,5148.9137,129.8688,0.0,0.0,0.0,99,0.035941,1.035418,0.498834,0.50494,1.016734,0.409054,0.333288,0.302636,0.505464,0.049983,0.197631,0.305667,0.495121,0.39685,0.051329,0.011437,0.002471,0.003408,0.011593,0.00203,0.002181,0.000964,0.003888,2.8e-05,0.000404,0.000866,0.002827,0.001832,0.000123
9760,481,4351,3870,3870,0,0,0,53,10.021555,0.0,15771.627568,574.517204,2695.461242,2381.950091,3007.68,9760,14,80,12180480.0,1867629.3137,5652.6757,5168.7068,130.903,0.0,0.0,0.0,82,0.035343,1.035625,0.499188,0.505444,1.015416,0.408865,0.332816,0.302644,0.504925,0.049898,0.197553,0.305073,0.494718,0.397066,0.051439,0.011321,0.002453,0.00345,0.01149,0.002068,0.002202,0.000956,0.003616,2.8e-05,0.000407,0.000882,0.002882,0.001773,0.000122
9780,476,4358,3882,3882,0,0,0,57,14.742656,0.0,15540.19428,580.925081,2684.332263,2381.904804,3034.28,9780,14,80,12205440.0,1872442.8737,5669.4962,5189.3293,131.7799,0.0,0.0,0.0,82,0.035714,1.036413,0.499536,0.504623,1.013932,0.408604,0.332967,0.302542,0.504303,0.049801,0.197799,0.304846,0.49416,0.397015,0.051309,0.011428,0.002464,0.003441,0.011302,0.002087,0.002203,0.000958,0.003517,2.9e-05,0.000418,0.000893,0.002961,0.001766,0.000123
9800,475,4364,3889,3889,0,0,0,54,10.150136,0.0,15332.969131,583.477172,2686.372692,2381.881699,3043.0,9800,14,80,12230400.0,1877256.4337,5686.3167,5199.9769,132.0191,0.0,0.0,0.0,99,0.035789,1.036554,0.499613,0.504569,1.013598,0.408705,0.333086,0.302548,0.504036,0.049776,0.197829,0.305075,0.494559,0.397887,0.051299,0.01126,0.002454,0.003501,0.011362,0.00207,0.002235,0.000959,0.003491,2.8e-05,0.000416,0.000882,0.002934,0.001754,0.000122
9820,472,4373,3901,3901,0,0,0,55,11.989969,0.0,15161.135886,577.369966,2690.640065,2381.869898,3074.42,9820,14,80,12255360.0,1882089.8582,5703.1373,5208.7916,132.8111,0.0,0.0,0.0,82,0.036017,1.036098,0.500584,0.504436,1.014525,0.408124,0.333027,0.302667,0.5046,0.049751,0.198228,0.304645,0.494541,0.397528,0.050976,0.010813,0.002438,0.003311,0.011552,0.002005,0.002248,0.000961,0.003453,2.8e-05,0.000402,0.000848,0.002965,0.00174,0.000118
9840,469,4379,3910,3910,0,0,0,54,12.147041,0.0,15035.829259,575.813075,2692.039884,2381.863868,3105.3,9840,14,80,12280320.0,1886926.7882,5719.9578,5218.0674,132.855,0.0,0.0,0.0,82,0.036247,1.037014,0.500466,0.504054,1.013109,0.408684,0.333164,0.302242,0.505036,0.049729,0.19824,0.304644,0.494275,0.397764,0.050847,0.01082,0.002434,0.003327,0.011352,0.002021,0.002222,0.000964,0.003524,2.8e-05,0.000414,0.000848,0.002935,0.001776,0.000115
9860,466,4390,3924,3924,0,0,0,58,11.242884,0.0,14929.30387,568.928588,2699.828528,2381.860786,3104.46,9860,14,80,12305280.0,1891763.7182,5736.7783,5228.2987,133.3677,0.0,0.0,0.0,70,0.034335,1.036885,0.501834,0.503947,1.013531,0.408453,0.333007,0.30265,0.505791,0.049689,0.198208,0.304376,0.495058,0.397276,0.050784,0.010538,0.002409,0.003165,0.011407,0.001978,0.002157,0.000966,0.003531,2.8e-05,0.000422,0.000842,0.002883,0.00179,0.000117
9880,457,4394,3937,3937,0,0,0,60,12.382204,0.0,14880.069251,562.33317,2705.284626,2381.859211,3169.07,9880,14,80,12330240.0,1896600.6482,5753.5989,5237.5947,134.1457,0.0,0.0,0.0,82,0.035011,1.036035,0.501367,0.503625,1.013079,0.408892,0.332209,0.302557,0.505056,0.049695,0.198035,0.304177,0.495624,0.397365,0.050742,0.010328,0.002328,0.0031,0.011372,0.001953,0.002125,0.000952,0.003521,2.8e-05,0.000423,0.000836,0.002767,0.00179,0.000115
9900,453,4405,3952,3952,0,0,0,66,15.646422,0.0,14901.616221,550.89215,2713.461428,2381.858406,3188.71,9900,14,80,12355200.0,1901437.5782,5770.4194,5245.3928,134.3059,0.0,0.0,0.0,70,0.033113,1.033808,0.501411,0.503179,1.012113,0.409045,0.333502,0.302753,0.504486,0.049649,0.19792,0.305149,0.496434,0.396849,0.05064,0.009989,0.002364,0.003127,0.011291,0.001971,0.002146,0.000923,0.003354,2.9e-05,0.000418,0.000829,0.002882,0.001813,0.000114
9920,452,4416,3964,3964,0,0,0,67,15.030335,0.0,14978.767633,547.965187,2717.004478,2381.857994,3205.81,9920,14,80,12380160.0,1906274.5082,5787.2399,5257.3326,134.4908,0.0,0.0,0.0,99,0.035398,1.033878,0.501711,0.502753,1.011001,0.409172,0.333251,0.30229,0.504043,0.04967,0.198323,0.305,0.497154,0.396301,0.050582,0.010101,0.002369,0.003125,0.011117,0.002008,0.002149,0.000935,0.003326,2.9e-05,0.000405,0.00081,0.002844,0.001808,0.000114
9940,451,4428,3977,3977,0,0,0,70,16.812184,0.0,15063.961425,545.944639,2717.243177,2381.857784,3208.13,9940,14,80,12405120.0,1911111.4382,5804.0605,5271.2791,134.5397,0.0,0.0,0.0,70,0.035477,1.035603,0.501468,0.50289,1.011351,0.408105,0.333588,0.301898,0.506299,0.049713,0.198399,0.305593,0.497104,0.395855,0.050389,0.010349,0.002335,0.003179,0.011153,0.001996,0.002204,0.000905,0.00377,2.9e-05,0.000397,0.000828,0.002784,0.001871,0.000108
9960,456,4441,3985,3985,0,0,0,62,12.933746,0.0,15153.325161,551.191318,2715.874937,2381.857677,3184.27,9960,14,80,12430080.0,1915953.0197,5820.881,5286.2191,134.5732,0.0,0.0,0.0,70,0.037281,1.037703,0.500338,0.502646,1.012167,0.40902,0.334247,0.301408,0.506051,0.049753,0.198241,0.305365,0.496824,0.395095,0.05062,0.011003,0.002394,0.003264,0.011328,0.002105,0.002212,0.000906,0.003779,2.9e-05,0.000398,0.000828,0.002798,0.001905,0.000114
9980,453,4447,3994,3994,0,0,0,63,12.876657,0.0,15219.075983,554.359123,2712.76422,2381.857622,3172.68,9980,14,80,12455040.0,1920803.2397,5837.7015,5300.6773,134.759,0.0,0.0,0.0,99,0.037528,1.036143,0.500046,0.502254,1.012277,0.408948,0.334649,0.301135,0.505456,0.049758,0.198052,0.305399,0.497071,0.395274,0.050714,0.011035,0.002389,0.003335,0.011358,0.002137,0.002284,0.000909,0.003669,3e-05,0.000398,0.000822,0.002831,0.001897,0.000115
10000,456,4460,4004,4004,0,0,0,65,14.414597,0.0,15298.381851,552.584746,2713.000657,2381.857594,3145.34,10000,14,80,12480000.0,1925653.4597,5854.5221,5311.0895,134.759,0.0,0.0,0.0,70,0.039474,1.038637,0.501288,0.502626,1.011806,0.409386,0.334968,0.301018,0.507316,0.049741,0.197945,0.305533,0.497018,0.394606,0.05068,0.01156,0.002419,0.003418,0.011134,0.002177,0.002291,0.000913,0.003915,3e-05,0.000395,0.000855,0.002795,0.001946,0.000117
10020,456,4470,4014,4014,0,0,0,68,16.393541,0.0,15354.610595,553.950887,2709.655572,2381.857579,3140.36,10020,14,80,12504960.0,1930503.6797,5871.3426,5325.1856,135.0133,0.0,0.0,0.0,99,0.039474,1.037753,0.501558,0.503671,1.010777,0.408777,0.335003,0.301394,0.506418,0.049665,0.198169,0.3055,0.496788,0.394631,0.050787,0.011395,0.002436,0.003367,0.011103,0.002165,0.002295,0.00098,0.003598,2.9e-05,0.000429,0.000871,0.002824,0.001916,0.000116
10040,456,4480,4024,4024,0,0,0,66,15.668838,0.0,15394.968274,557.058083,2707.273079,2381.857572,3135.58,10040,14,80,12529920.0,1935353.8997,5888.1631,5339.8777,135.1972,0.0,0.0,0.0,70,0.037281,1.039641,0.501695,0.503747,1.013103,0.407917,0.336072,0.30121,0.507887,0.049677,0.198183,0.305313,0.496244,0.395824,0.050814,0.011617,0.002477,0.003503,0.011067,0.002097,0.002348,0.000994,0.003644,3e-05,0.000433,0.000878,0.002926,0.001988,0.000117
10060,454,4491,4037,4037,0,0,0,68,15.985871,0.0,15451.527105,553.935655,2710.078474,2381.857568,3162.14,10060,14,80,12554880.0,1940204.1197,5904.9837,5353.1828,135.6792,0.0,0.0,0.0,70,0.039648,1.038742,0.501634,0.502477,1.01514,0.407419,0.335811,0.301063,0.508601,0.049645,0.198442,0.30531,0.495444,0.395756,0.050844,0.011698,0.002415,0.00349,0.01093,0.00203,0.00235,0.000983,0.003966,3e-05,0.000433,0.000878,0.002859,0.001998,0.000112
10080,453,4498,4045,4045,0,0,0,66,14.610575,0.0,15535.651238,554.370107,2711.019318,2381.857566,3161.38,10080,14,80,12579840.0,1945054.3397,5921.8042,5363.682,136.2547,0.0,0.0,0.0,70,0.037528,1.038877,0.501223,0.502367,1.016303,0.407588,0.335873,0.30095,0.508097,0.049708,0.198281,0.305177,0.495117,0.396194,0.050906,0.011562,0.002388,0.003577,0.011157,0.002031,0.002347,0.00099,0.003812,3e-05,0.000432,0.000876,0.002774,0.001999,0.000113
10100,457,4512,4055,4055,0,0,0,72,16.887825,0.0,15592.668353,554.201214,2708.910961,2381.857565,3124.63,10100,14,80,12604800.0,1949904.5597,5938.6247,5375.8196,137.1839,0.0,0.0,0.0,82,0.037199,1.038558,0.501876,0.502751,1.016182,0.406937,0.334988,0.300698,0.508981,0.049694,0.198146,0.30503,0.495084,0.396503,0.050858,0.011657,0.002316,0.003494,0.011033,0.002013,0.002329,0.000984,0.003835,2.9e-05,0.000432,0.000882,0.00281,0.002012,0.000116
10120,463,4528,4065,4065,0,0,0,72,17.138139,0.0,15603.131388,557.946134,2704.915726,2382.832713,3088.76,10120,14,80,12629760.0,1954754.7797,5954.3852,5391.6386,137.6818,0.0,0.0,0.0,70,0.034557,1.039286,0.501578,0.501143,1.018431,0.40763,0.335497,0.300346,0.509078,0.049721,0.197871,0.304956,0.494872,0.395958,0.050812,0.011867,0.0023,0.003485,0.011461,0.002034,0.00234,0.001005,0.004038,3e-05,0.00043,0.000882,0.002866,0.001932,0.000118
10140,465,4540,4075,4075,0,0,0,70,14.407474,0.0,15600.761518,563.972882,2701.619644,2384.900419,3064.73,10140,14,80,12654720.0,1959604.7326,5967.6722,5410.6079,138.6364,0.0,0.0,0.0,82,0.034409,1.038297,0.501347,0.502743,1.016174,0.407122,0.335649,0.300638,0.508036,0.049809,0.19796,0.30469,0.494973,0.397405,0.050883,0.011893,0.002289,0.003618,0.011528,0.002096,0.002398,0.001028,0.00396,3e-05,0.000429,0.000874,0.002879,0.002092,0.000119
10160,456,4549,4093,4093,0,0,0,77,17.961847,0.0,15596.902305,556.270238,2705.767915,2385.84298,3070.95,10160,14,79,12679680.0,1964454.9526,5980.9593,5424.2071,138.944,0.0,0.0,0.0,82,0.037281,1.039715,0.500637,0.502643,1.015148,0.406929,0.336063,0.300635,0.507367,0.049687,0.198125,0.304794,0.493792,0.398089,0.051017,0.011453,0.002319,0.003772,0.011108,0.002073,0.002424,0.001025,0.003901,2.9e-05,0.000423,0.000899,0.00289,0.002066,0.000123
10180,458,4562,4104,4104,0,0,0,78,17.555744,0.0,15606.842244,558.451323,2703.992933,2386.254062,3062.98,10180,14,79,12704640.0,1969305.1726,5994.2463,5439.1023,139.5486,0.0,0.0,0.0,82,0.039301,1.04169,0.500667,0.503099,1.015541,0.406913,0.335201,0.301126,0.507914,0.049679,0.197929,0.30527,0.494033,0.397871,0.051215,0.011718,0.002441,0.003722,0.010875,0.002066,0.00243,0.001058,0.003873,3e-05,0.00042,0.000939,0.003013,0.002125,0.00013
10200,465,4579,4114,4114,0,0,0,73,15.50605,0.0,15582.316454,563.30704,2701.18691,2386.407391,3021.82,10200,14,79,12729600.0,1974155.3926,6007.5562,5456.8614,140.0975,0.0,0.0,0.0,82,0.03871,1.040208,0.501025,0.504209,1.013743,0.407379,0.335287,0.301145,0.507955,0.049606,0.197612,0.30523,0.49422,0.398022,0.051191,0.011684,0.002429,0.00369,0.011113,0.002011,0.002434,0.001087,0.003824,2.9e-05,0.000423,0.000949,0.003002,0.002099,0.000133
10220,467,4591,4124,4124,0,0,0,75,14.863161,0.0,15536.143051,569.238436,2695.898403,2385.452878,3011.86,10220,14,79,12754560.0,1979021.8801,6022.1066,5474.067,140.6681,0.0,0.0,0.0,82,0.038544,1.040653,0.500947,0.503672,1.014047,0.407978,0.334888,0.300655,0.508129,0.049656,0.198079,0.305011,0.494054,0.397536,0.051066,0.011696,0.002324,0.003762,0.011608,0.002027,0.002425,0.001033,0.003796,2.9e-05,0.000427,0.000956,0.003002,0.002149,0.00013
10240,474,4611,4137,4137,0,0,0,78,15.202147,0.0,15471.501319,571.360163,2693.43769,2383.744646,2976.27,10240,14,79,12779520.0,1983905.6176,6038.2083,5491.2036,142.157,0.0,0.0,0.0,82,0.040084,1.040218,0.500948,0.503339,1.014498,0.407898,0.334832,0.30077,0.507197,0.049705,0.198635,0.305122,0.493348,0.397694,0.050944,0.011712,0.002383,0.003653,0.011692,0.002049,0.002412,0.001022,0.003564,3e-05,0.000437,0.00098,0.003012,0.002104,0.000131
10260,467,4618,4151,4151,0,0,0,83,20.207144,0.0,15392.492331,569.561406,2690.23145,2381.747427,3013.88,10260,14,79,12804480.0,1988789.9776,6055.527,5507.4988,142.325,0.0,0.0,0.0,82,0.036403,1.03866,0.500838,0.503408,1.012949,0.408279,0.335061,0.301277,0.506744,0.049666,0.198243,0.30507,0.494528,0.397487,0.051138,0.011626,0.002311,0.003785,0.011593,0.002069,0.00245,0.001012,0.003533,2.9e-05,0.000432,0.000984,0.002975,0.002142,0.000133
10280,460,4630,4170,4170,0,0,0,89,20.326552,0.0,15392.408275,557.355373,2702.318075,2380.250927,3060.48,10280,14,79,12829440.0,1993674.3376,6073.125,5519.8095,143.2437,0.0,0.0,0.0,82,0.036957,1.034366,0.500783,0.504172,1.015418,0.408005,0.335166,0.301538,0.50684,0.049662,0.198223,0.305176,0.494701,0.397389,0.051163,0.011096,0.002265,0.003748,0.011898,0.002083,0.002434,0.001022,0.003258,3e-05,0.000442,0.000998,0.003048,0.00214,0.000133
10300,460,4639,4179,4179,0,0,0,88,19.00256,0.0,15444.664395,559.029722,2701.967719,2379.218201,3068.36,10300,14,79,12854400.0,1998558.6976,6090.723,5531.4607,143.7228,0.0,0.0,0.0,82,0.03913,1.036521,0.500814,0.50443,1.015606,0.407053,0.335084,0.301125,0.507017,0.049676,0.198286,0.305221,0.494535,0.397768,0.05103,0.011026,0.002264,0.003799,0.011933,0.002042,0.002456,0.000996,0.003273,3e-05,0.000437,0.000998,0.002948,0.002136,0.000135
10320,462,4651,4189,4189,0,0,0,90,17.470279,0.0,15478.759343,561.743599,2700.786123,2378.474058,3058.14,10320,14,79,12879360.0,2003443.0576,6108.321,5545.668,144.3557,0.0,0.0,0.0,82,0.036797,1.037144,0.50081,0.504559,1.016396,0.407971,0.334928,0.30101,0.506885,0.049692,0.197946,0.30487,0.49608,0.396956,0.050992,0.011287,0.002257,0.003786,0.012274,0.002014,0.002421,0.001008,0.003236,3e-05,0.000441,0.001016,0.00296,0.002116,0.000134
10340,469,4666,4197,4197,0,0,0,85,15.755614,0.0,15486.105888,565.967324,2698.277062,2377.921079,3025.33,10340,14,79,12904320.0,2008327.4176,6125.9191,5559.7288,145.1734,0.0,0.0,0.0,99,0.03838,1.035358,0.500919,0.50331,1.015611,0.408063,0.335518,0.301574,0.508576,0.049708,0.197965,0.304895,0.496678,0.39587,0.050967,0.011619,0.0023,0.003843,0.012383,0.002049,0.002432,0.001053,0.003569,3.1e-05,0.000443,0.001023,0.003,0.002193,0.000133
10360,464,4677,4213,4213,0,0,0,90,19.475155,0.0,15475.902833,561.804142,2698.720703,2377.50069,3060.89,10360,14,79,12929280.0,2013215.9476,6143.5171,5574.6164,146.0799,0.0,0.0,0.0,82,0.038793,1.036419,0.500392,0.502253,1.017352,0.407282,0.335588,0.301549,0.508494,0.049724,0.197872,0.304908,0.496481,0.396512,0.05111,0.011364,0.002306,0.0038,0.012322,0.001983,0.002358,0.001006,0.003531,3.2e-05,0.000445,0.000995,0.002998,0.002176,0.000131
10380,463,4684,4221,4221,0,0,0,87,15.88622,0.0,15499.036352,565.281683,2698.832097,2377.175533,3064.13,10380,14,79,12954240.0,2018121.1576,6161.1151,5588.0393,146.2665,0.0,0.0,0.0,82,0.036717,1.03575,0.500218,0.501383,1.01895,0.407656,0.335663,0.301295,0.508531,0.049779,0.197961,0.30478,0.496811,0.396291,0.051065,0.011459,0.002388,0.00372,0.01221,0.002025,0.002345,0.001009,0.00358,3.2e-05,0.000447,0.000996,0.003005,0.002186,0.00013
10400,470,4698,4228,4228,0,0,0,82,14.756909,0.0,15493.129824,568.23264,2697.010451,2377.210396,3035.4,10400,14,79,12979200.0,2023026.3676,6178.3886,5599.7657,146.7778,0.0,0.0,0.0,70,0.034043,1.036209,0.500247,0.502162,1.01936,0.408897,0.335655,0.301407,0.508878,0.049761,0.197753,0.304299,0.497602,0.396075,0.05107,0.01173,0.002383,0.003778,0.012149,0.002075,0.002308,0.00101,0.003859,3.2e-05,0.000428,0.000998,0.002989,0.002206,0.000127
10420,467,4705,4238,4238,0,0,0,78,13.925746,0.0,15474.573133,569.964436,2696.109818,2376.959941,3071.32,10420,14,79,13004160.0,2027931.5776,6195.7479,5613.0833,147.1628,0.0,0.0,0.0,82,0.034261,1.036433,0.500044,0.502354,1.017392,0.408985,0.335666,0.300972,0.50752,0.049626,0.197732,0.304462,0.497363,0.396824,0.050964,0.011647,0.002408,0.003858,0.012059,0.002086,0.002318,0.000999,0.003769,3e-05,0.000414,0.000963,0.002869,0.002169,0.000124
10440,465,4717,4252,4252,0,0,0,80,15.7951,0.0,15485.736755,564.332859,2699.872041,2376.658829,3098.04,10440,15,79,13029120.0,2032845.6991,6213.3459,5624.7268,147.7962,0.0,0.0,0.0,82,0.036559,1.037446,0.50091,0.502331,1.016949,0.408956,0.336549,0.301694,0.508088,0.049706,0.197944,0.30442,0.495343,0.396698,0.050837,0.011771,0.002428,0.003728,0.012277,0.002092,0.002352,0.001007,0.003777,3e-05,0.000422,0.000976,0.00287,0.002192,0.000126
10460,464,4730,4266,4266,0,0,0,77,15.129873,0.0,15517.30584,563.371758,2701.498369,2376.470535,3108.82,10460,15,79,13054080.0,2037771.0046,6230.944,5640.3335,148.3469,0.0,0.0,0.0,70,0.036638,1.038796,0.500796,0.50219,1.0151,0.409117,0.336151,0.30235,0.509549,0.049667,0.198369,0.304421,0.495148,0.39612,0.050882,0.011734,0.002396,0.003771,0.011902,0.002078,0.002322,0.000994,0.004144,2.9e-05,0.000424,0.000979,0.002788,0.00224,0.000124
10480,463,4738,4275,4275,0,0,0,75,14.171076,0.0,15561.293084,565.438119,2700.390804,2376.341089,3121.13,10480,15,79,13079040.0,2042698.8766,6248.542,5653.8133,148.7821,0.0,0.0,0.0,70,0.036717,1.03814,0.50137,0.502088,1.014542,0.408085,0.33592,0.30283,0.509068,0.049791,0.198354,0.304309,0.495683,0.396581,0.050985,0.011676,0.002419,0.003681,0.011858,0.002066,0.002351,0.000993,0.004049,2.9e-05,0.000427,0.001003,0.002752,0.002256,0.000121
10500,461,4749,4288,4288,0,0,0,78,14.976568,0.0,15608.150277,560.172693,2704.850739,2376.245654,3149.43,10500,15,79,13104000.0,2047616.1166,6266.14,5665.1898,149.566,0.0,0.0,0.0,99,0.036876,1.036027,0.501112,0.502717,1.014373,0.407906,0.336885,0.302897,0.508293,0.049736,0.198149,0.304242,0.495973,0.396987,0.051206,0.011107,0.002431,0.003703,0.012135,0.002052,0.002428,0.000995,0.003949,3e-05,0.00042,0.000989,0.002813,0.002241,0.00012
10520,457,4759,4302,4302,0,0,0,81,18.573862,0.0,15684.592413,555.719182,2705.706956,2376.172004,3183.97,10520,15,79,13128960.0,2052533.3566,6283.738,5678.3607,150.0605,0.0,0.0,0.0,82,0.037199,1.035349,0.50123,0.502805,1.011755,0.407843,0.337113,0.301711,0.507446,0.049633,0.198048,0.303926,0.495226,0.398015,0.051197,0.011355,0.002409,0.003671,0.011783,0.001994,0.002497,0.00098,0.003494,3e-05,0.000427,0.001024,0.002932,0.002201,0.000121
10540,460,4769,4309,4309,0,0,0,79,16.085659,0.0,15777.232476,559.637254,2704.277086,2376.31434,3179.53,10540,15,79,13153920.0,2057450.5966,6301.1046,5690.8342,150.4217,0.0,0.0,0.0,82,0.036957,1.035809,0.502041,0.502065,1.013009,0.407473,0.336966,0.30174,0.506895,0.049615,0.198229,0.303815,0.49513,0.398046,0.051108,0.011264,0.00243,0.003624,0.011855,0.001995,0.002515,0.000977,0.003506,3e-05,0.000425,0.001002,0.002959,0.002172,0.00012
10560,455,4778,4323,4323,0,0,0,82,17.00571,0.0,15895.88822,553.557054,2709.437235,2376.156386,3227.1,10560,15,79,13178880.0,2062367.8366,6318.6901,5701.1411,150.6398,0.0,0.0,0.0,82,0.03956,1.037406,0.501891,0.502768,1.011284,0.407478,0.33622,0.301826,0.506928,0.049665,0.198231,0.304101,0.494484,0.398008,0.050995,0.011034,0.002413,0.003412,0.011682,0.001988,0.00248,0.000968,0.003501,2.9e-05,0.000433,0.001003,0.002895,0.002113,0.000125
10580,459,4790,4331,4331,0,0,0,78,14.074702,0.0,16014.342325,557.009478,2708.91582,2376.065985,3206.63,10580,15,79,13203840.0,2067285.0766,6336.2881,5714.3839,150.9894,0.0,0.0,0.0,82,0.037037,1.037658,0.501278,0.50247,1.009881,0.408002,0.336232,0.301497,0.507242,0.04965,0.19802,0.304933,0.495318,0.397423,0.05086,0.011059,0.002409,0.003549,0.011752,0.001951,0.002482,0.000999,0.003525,2.9e-05,0.000428,0.001021,0.002837,0.002111,0.000123
10600,464,4801,4337,4337,0,0,0,73,12.192305,0.0,16078.053915,564.346664,2703.46103,2376.012719,3188.71,10600,15,79,13228800.0,2072202.3166,6353.8862,5728.5021,151.5682,0.0,0.0,0.0,82,0.038793,1.039551,0.500661,0.503094,1.010311,0.407709,0.336914,0.301332,0.507455,0.049645,0.198227,0.304795,0.495669,0.39757,0.050995,0.011485,0.002435,0.003634,0.011904,0.002018,0.002454,0.000998,0.00355,2.9e-05,0.000434,0.001025,0.002904,0.002134,0.000122
10620,460,4806,4346,4346,0,0,0,72,12.917201,0.0,16126.850584,564.77592,2702.306879,2375.977751,3230.29,10620,15,79,13253760.0,2077119.5566,6371.4842,5740.0567,151.9273,0.0,0.0,0.0,82,0.03913,1.039516,0.501144,0.503094,1.010386,0.407385,0.336925,0.301229,0.508233,0.049621,0.198533,0.304973,0.496102,0.39762,0.050912,0.0115,0.002443,0.003636,0.011786,0.002022,0.002465,0.000993,0.003491,2.9e-05,0.000442,0.001052,0.002934,0.00212,0.000121
10640,463,4818,4355,4355,0,0,0,70,14.055635,0.0,16146.963382,564.659891,2701.284474,2375.952689,3223.6,10640,15,79,13278720.0,2082036.7966,6389.0822,5751.094,152.2994,0.0,0.0,0.0,70,0.034557,1.037909,0.501041,0.502558,1.010216,0.407787,0.336565,0.300902,0.508528,0.049635,0.198466,0.304936,0.495911,0.39708,0.050894,0.011399,0.002498,0.003614,0.011967,0.002008,0.002483,0.000998,0.003529,3e-05,0.000442,0.001043,0.002857,0.002128,0.000122
10660,465,4833,4368,4368,0,0,0,75,18.11589,0.0,16176.571474,562.452982,2699.431128,2375.933609,3212.5,10660,15,79,13303680.0,2086959.2116,6406.6802,5765.6387,152.884,0.0,0.0,0.0,99,0.036559,1.035485,0.50049,0.50324,1.010475,0.408473,0.337125,0.300638,0.508223,0.04955,0.198398,0.305238,0.495658,0.396226,0.051083,0.011361,0.002491,0.003714,0.012405,0.00204,0.002522,0.001068,0.003558,3e-05,0.000462,0.001034,0.002914,0.002184,0.000121
10680,469,4849,4380,4380,0,0,0,69,14.07848,0.0,16215.402215,562.987815,2702.933705,2378.607212,3180.83,10680,15,79,13328640.0,2091886.8016,6421.4126,5781.8975,153.1446,0.0,0.0,0.0,82,0.036247,1.035075,0.501043,0.503241,1.011912,0.409069,0.337397,0.300104,0.507935,0.049532,0.197667,0.305544,0.49475,0.396683,0.051321,0.011266,0.002473,0.0037,0.01268,0.002042,0.002569,0.001066,0.003372,3e-05,0.000454,0.001034,0.002985,0.002192,0.000123
10700,472,4862,4390,4390,0,0,0,69,13.615824,0.0,16209.067338,569.597336,2696.78684,2381.786463,3169.25,10700,15,79,13353600.0,2096814.3916,6434.4154,5800.2416,153.9731,0.0,0.0,0.0,82,0.033898,1.034838,0.50105,0.502654,1.011634,0.409359,0.337108,0.300091,0.507034,0.049465,0.197747,0.30551,0.494925,0.397668,0.051404,0.011113,0.002545,0.003693,0.012421,0.002057,0.002539,0.001081,0.003348,3.1e-05,0.000443,0.001055,0.002888,0.002185,0.000123
10720,478,4877,4399,4399,0,0,0,65,12.424661,0.0,16157.671879,576.196851,2691.378488,2383.752221,3145.96,10720,15,79,13378560.0,2101741.9816,6447.7024,5817.7659,154.0487,0.0,0.0,0.0,99,0.035565,1.035348,0.501032,0.503473,1.011495,0.409302,0.336984,0.300993,0.50831,0.049448,0.197502,0.305746,0.495539,0.397123,0.051113,0.011192,0.002609,0.003698,0.012213,0.00202,0.002517,0.001073,0.003743,3.1e-05,0.000434,0.00105,0.002871,0.002191,0.000125
10740,480,4887,4407,4407,0,0,0,58,11.62271,0.0,16051.213579,583.672276,2684.705014,2384.972942,3132.55,10740,15,79,13403520.0,2106669.5716,6460.9894,5834.5626,154.9383,0.0,0.0,0.0,70,0.0375,1.035985,0.500866,0.502382,1.011561,0.409109,0.337796,0.301366,0.508524,0.049404,0.197789,0.30552,0.495102,0.39684,0.050996,0.011558,0.002639,0.004003,0.012028,0.002133,0.002582,0.001085,0.004007,3.1e-05,0.000416,0.001049,0.00289,0.002222,0.000123
10760,479,4898,4419,4419,0,0,0,64,13.791801,0.0,15914.088329,581.316252,2684.891947,2385.683506,3138.95,10760,15,79,13428480.0,2111597.1616,6474.2764,5847.3342,155.426,0.0,0.0,0.0,70,0.035491,1.034469,0.500707,0.502588,1.01167,0.408414,0.336973,0.301548,0.508465,0.049357,0.19817,0.305569,0.494339,0.39722,0.05091,0.01163,0.002635,0.003938,0.011879,0.002158,0.002548,0.001047,0.003977,3.1e-05,0.000414,0.001053,0.002912,0.002235,0.000123
10780,479,4907,4428,4428,0,0,0,68,16.79046,0.0,15780.422329,582.45625,2680.75329,2386.082154,3140.02,10780,15,79,13453440.0,2116524.7516,6487.5635,5860.1493,155.426,0.0,0.0,0.0,70,0.033403,1.03385,0.50139,0.502823,1.011991,0.408443,0.336854,0.302106,0.507442,0.049355,0.198179,0.305723,0.494492,0.396402,0.051004,0.011528,0.002757,0.003845,0.011737,0.002111,0.00253,0.001075,0.003789,3.1e-05,0.00042,0.001032,0.002957,0.00212,0.000129
10800,482,4922,4440,4440,0,0,0,73,16.017863,0.0,15655.888924,582.499443,2681.482694,2386.301231,3121.69,10800,15,79,13478400.0,2121452.3416,6500.8505,5874.8353,155.5939,0.0,0.0,0.0,70,0.037344,1.033876,0.500989,0.502622,1.011272,0.408382,0.337468,0.302613,0.507414,0.049256,0.198159,0.305494,0.494761,0.396778,0.050927,0.011648,0.002874,0.003857,0.011689,0.002142,0.002559,0.001081,0.003808,3.2e-05,0.000422,0.001028,0.002891,0.00212,0.00013
10820,485,4939,4454,4454,0,0,0,80,16.831784,0.0,15532.596098,582.077576,2681.09064,2386.357011,3106.71,10820,15,79,13503360.0,2126393.4841,6514.2041,5891.3469,156.1048,0.0,0.0,0.0,99,0.035052,1.03417,0.499955,0.503433,1.012111,0.408527,0.337746,0.302575,0.506704,0.049308,0.198389,0.304619,0.495165,0.397248,0.050969,0.011807,0.002884,0.003911,0.011751,0.002226,0.002721,0.001081,0.003719,3.2e-05,0.000421,0.001019,0.002767,0.002104,0.000126
10840,478,4944,4466,4466,0,0,0,78,17.654584,0.0,15434.823222,582.716889,2679.628527,2385.203209,3146.13,10840,16,79,13528320.0,2131341.9241,6529.1677,5906.7473,156.1048,0.0,0.0,0.0,82,0.035565,1.033698,0.500544,0.504423,1.013098,0.408303,0.337771,0.303253,0.506276,0.049331,0.198621,0.304657,0.494271,0.396986,0.050918,0.012018,0.002804,0.003896,0.011975,0.002236,0.002741,0.001079,0.003725,3.2e-05,0.000426,0.001043,0.002843,0.002121,0.000125
10860,476,4954,4478,4478,0,0,0,80,16.971064,0.0,15373.960746,577.880984,2685.147952,2383.621036,3174.13,10860,16,79,13553280.0,2136290.3641,6545.7135,5917.2462,156.1725,0.0,0.0,0.0,82,0.035714,1.034401,0.500265,0.504648,1.013891,0.407834,0.337862,0.303223,0.505955,0.049315,0.198989,0.304606,0.494014,0.397407,0.050966,0.012188,0.002853,0.003929,0.012139,0.002225,0.002721,0.001053,0.003742,3.2e-05,0.000422,0.001041,0.002829,0.002156,0.000125
10880,466,4962,4496,4496,0,0,0,89,19.773206,0.0,15373.788809,567.157616,2693.069178,2382.6425,3241.94,10880,16,79,13578240.0,2141238.8041,6562.6617,5928.3488,156.4058,0.0,0.0,0.0,99,0.036481,1.034575,0.499737,0.504309,1.015645,0.407779,0.338168,0.302781,0.505748,0.049255,0.198937,0.304336,0.494764,0.397216,0.050934,0.012506,0.002876,0.003895,0.012031,0.002231,0.002769,0.001071,0.003805,3.2e-05,0.000417,0.00105,0.002759,0.00215,0.000125
10900,462,4972,4510,4510,0,0,0,89,19.627369,0.0,15438.797651,561.402336,2698.970295,2382.16035,3282.39,10900,16,79,13603200.0,2146187.2441,6579.61,5939.4609,156.8336,0.0,0.0,0.0,82,0.036797,1.034186,0.500209,0.504766,1.018856,0.406489,0.337837,0.302571,0.506337,0.049404,0.198858,0.304705,0.494973,0.39826,0.050956,0.012207,0.002923,0.003651,0.012282,0.002192,0.0027,0.001051,0.003671,3.2e-05,0.000415,0.001047,0.002826,0.002092,0.000124
10920,462,4983,4521,4521,0,0,0,89,17.008418,0.0,15543.90272,562.497367,2700.494215,2381.917277,3291.32,10920,16,79,13628160.0,2151155.3866,6596.5582,5953.2455,157.3482,0.0,0.0,0.0,82,0.038961,1.036241,0.500543,0.505549,1.018072,0.4068,0.337568,0.302602,0.505793,0.049433,0.199238,0.304377,0.494994,0.397692,0.051068,0.012327,0.002969,0.003757,0.012476,0.002231,0.002714,0.001064,0.003682,3.3e-05,0.000418,0.001059,0.002834,0.002121,0.000126
10940,460,4991,4531,4531,0,0,0,84,17.845083,0.0,15674.915251,560.291531,2701.863386,2381.793317,3291.76,10940,16,79,13653120.0,2156145.1066,6613.5064,5963.307,157.6348,0.0,0.0,0.0,82,0.043478,1.037609,0.501035,0.506007,1.017603,0.407012,0.33874,0.30272,0.506908,0.049455,0.198777,0.304474,0.494691,0.397941,0.051145,0.012504,0.003006,0.00397,0.012439,0.0022,0.002748,0.001066,0.003836,3.3e-05,0.000411,0.001081,0.002813,0.002209,0.000129
10960,459,4999,4540,4540,0,0,0,81,16.021632,0.0,15823.473845,559.536298,2704.442069,2381.729731,3298.62,10960,16,79,13678080.0,2161134.8266,6630.4547,5973.6283,158.1368,0.0,0.0,0.0,82,0.039216,1.036432,0.500439,0.506264,1.016592,0.407313,0.338329,0.3025,0.505812,0.049419,0.198586,0.304635,0.49562,0.398725,0.051196,0.012554,0.003016,0.003946,0.01231,0.002192,0.002777,0.001101,0.003629,3.3e-05,0.000409,0.00103,0.002649,0.00218,0.00013
10980,463,5012,4549,4549,0,0,0,78,14.754837,0.0,15964.720419,561.081551,2704.163612,2381.697017,3284.71,10980,16,79,13703040.0,2166125.6941,6647.4029,5985.8016,159.1715,0.0,0.0,0.0,82,0.038877,1.037505,0.500757,0.505857,1.01735,0.407565,0.338672,0.302725,0.507657,0.049333,0.198961,0.304682,0.495498,0.398744,0.051132,0.012826,0.003068,0.003951,0.012598,0.002261,0.002709,0.001098,0.003853,3.2e-05,0.000417,0.001051,0.002681,0.002202,0.00013
11000,463,5027,4564,4564,0,0,0,83,15.644817,0.0,16097.539854,559.422991,2704.932192,2381.680161,3271.99,11000,16,79,13728000.0,2171145.6736,6664.3512,6002.1948,159.9141,0.0,0.0,0.0,82,0.038877,1.035707,0.501875,0.506303,1.019338,0.407572,0.338017,0.302305,0.506812,0.049419,0.199069,0.304607,0.495182,0.398159,0.051413,0.01271,0.003094,0.003944,0.013023,0.002291,0.002663,0.001084,0.003781,3.2e-05,0.000436,0.001032,0.002697,0.002231,0.000134
11020,470,5047,4577,4577,0,0,0,83,17.641336,0.0,16234.568406,560.860375,2701.498288,2381.671468,3211.94,11020,16,79,13752960.0,2176171.6336,6681.2994,6019.5124,160.7384,0.0,0.0,0.0,82,0.038298,1.035991,0.50084,0.504067,1.020375,0.408111,0.338235,0.301253,0.507185,0.049225,0.199079,0.305,0.495537,0.397277,0.050982,0.012489,0.003005,0.003843,0.013664,0.002301,0.002655,0.001064,0.003752,3.3e-05,0.000421,0.001011,0.002931,0.002173,0.000122
11040,471,5059,4588,4588,0,0,0,81,15.34367,0.0,16331.070528,569.081211,2695.575119,2381.666984,3220.27,11040,16,79,13777920.0,2181197.5936,6698.2476,6040.6406,161.6435,0.0,0.0,0.0,82,0.036093,1.036827,0.500615,0.50492,1.018048,0.409154,0.337605,0.301012,0.506988,0.049385,0.199187,0.304413,0.49653,0.396985,0.050834,0.012367,0.003026,0.003732,0.013645,0.002351,0.002608,0.001097,0.003739,3.2e-05,0.000426,0.001059,0.003006,0.00215,0.000123
11060,477,5070,4593,4593,0,0,0,76,14.895002,0.0,16351.398678,580.578462,2684.526536,2381.664671,3197.76,11060,16,79,13802880.0,2186223.5536,6715.1959,6057.9362,162.0016,0.0,0.0,0.0,82,0.035639,1.036443,0.501047,0.504753,1.017304,0.408869,0.337619,0.301369,0.507171,0.049415,0.199055,0.30447,0.496135,0.396363,0.0509,0.012403,0.003106,0.003734,0.013548,0.002348,0.002632,0.001124,0.003728,3.3e-05,0.000432,0.00107,0.002945,0.002143,0.000131
11080,477,5081,4604,4604,0,0,0,68,12.49,0.0,16359.463207,581.123648,2686.386352,2381.663477,3210.27,11080,16,79,13827840.0,2191249.5136,6732.1441,6071.2133,162.2782,0.0,0.0,0.0,70,0.037736,1.039235,0.502369,0.504501,1.017803,0.407971,0.336817,0.301615,0.508217,0.049368,0.199149,0.304905,0.496599,0.39563,0.050787,0.012851,0.003078,0.003745,0.013582,0.002293,0.002604,0.001096,0.004089,3.3e-05,0.000421,0.00104,0.0029,0.002161,0.000132
11100,479,5093,4614,4614,0,0,0,71,15.544817,0.0,16339.287385,582.221006,2682.234177,2381.662861,3206.72,11100,16,79,13852800.0,2196275.4736,6749.0923,6084.6986,162.3631,0.0,0.0,0.0,70,0.037578,1.038549,0.502476,0.504824,1.015829,0.407436,0.33703,0.301672,0.508192,0.049501,0.198532,0.305351,0.497458,0.395443,0.05075,0.012799,0.003018,0.003755,0.013418,0.002268,0.002559,0.001127,0.004066,3.3e-05,0.000434,0.001023,0.002839,0.002065,0.000133
11120,482,5103,4621,4621,0,0,0,67,13.060127,0.0,16297.72407,589.455503,2677.48437,2381.662543,3203.08,11120,16,79,13877760.0,2201301.4336,6766.0406,6099.6533,162.7946,0.0,0.0,0.0,70,0.037344,1.040142,0.502184,0.504506,1.015623,0.407805,0.336619,0.301205,0.508639,0.049519,0.198318,0.305638,0.497868,0.395265,0.05074,0.012785,0.002965,0.003789,0.013246,0.002252,0.002542,0.001141,0.004124,3.3e-05,0.00043,0.001049,0.002959,0.00208,0.000136
11140,476,5113,4637,4637,0,0,0,72,17.708848,0.0,16240.117863,581.232237,2681.058915,2381.662379,3235.26,11140,16,79,13902720.0,2206327.3936,6782.9888,6111.5558,163.2311,0.0,0.0,0.0,82,0.039916,1.040765,0.501263,0.504928,1.016387,0.407996,0.338227,0.301104,0.506302,0.049488,0.198371,0.304988,0.49722,0.396449,0.050676,0.012523,0.002844,0.003925,0.013364,0.002289,0.002619,0.001161,0.003603,3.4e-05,0.000429,0.001048,0.003111,0.002023,0.000132
11160,474,5122,4648,4648,0,0,0,68,13.274371,0.0,16257.526023,579.930834,2686.794795,2381.662294,3256.23,11160,16,79,13927680.0,2211353.3536,6799.937,6123.1414,163.8213,0.0,0.0,0.0,82,0.042194,1.041196,0.502394,0.50514,1.016072,0.407584,0.338152,0.30214,0.506673,0.049575,0.198426,0.304362,0.498039,0.39638,0.050781,0.012643,0.002852,0.003924,0.013488,0.002278,0.002616,0.001188,0.00359,3.5e-05,0.000431,0.001043,0.003166,0.002125,0.000136
11180,470,5132,4662,4662,0,0,0,67,14.020225,0.0,16317.438227,572.980783,2692.998992,2381.662251,3252.05,11180,16,79,13952640.0,2216381.3836,6816.8853,6133.6245,163.8213,0.0,0.0,0.0,82,0.042553,1.042322,0.502724,0.504785,1.015888,0.407833,0.3379,0.302267,0.506325,0.049536,0.198538,0.304351,0.49768,0.395873,0.050823,0.01254,0.002845,0.003928,0.013053,0.002262,0.002668,0.001151,0.003553,3.5e-05,0.00043,0.001043,0.003091,0.002156,0.000135
11200,473,5146,4673,4673,0,0,0,67,15.901537,0.0,16380.174473,573.533794,2690.564668,2381.662228,3221.8,11200,15,79,13977600.0,2221417.6936,6833.8335,6148.0439,164.2963,0.0,0.0,0.0,82,0.042283,1.041629,0.501983,0.503921,1.014292,0.40801,0.338941,0.302278,0.506841,0.049441,0.198351,0.304336,0.498576,0.395976,0.050803,0.012602,0.002796,0.003961,0.01259,0.002256,0.002739,0.001121,0.003683,3.5e-05,0.000439,0.001044,0.003139,0.002161,0.000134
11220,474,5158,4684,4684,0,0,0,68,16.468085,0.0,16404.609327,577.287824,2686.244091,2381.662217,3225.59,11220,15,79,14002560.0,2226454.0036,6850.7817,6165.1896,164.806,0.0,0.0,0.0,82,0.042194,1.042005,0.502023,0.504072,1.012654,0.408071,0.339168,0.302082,0.505463,0.049379,0.198572,0.304221,0.498185,0.395823,0.050843,0.012385,0.002849,0.004049,0.012682,0.00227,0.002836,0.001107,0.003654,3.6e-05,0.000429,0.001035,0.003079,0.002159,0.000133
11240,479,5171,4692,4692,0,0,0,60,12.931629,0.0,16424.374306,584.500734,2682.567637,2381.662211,3203.76,11240,15,79,14027520.0,2231509.8211,6867.73,6181.9463,165.2298,0.0,0.0,0.0,82,0.037578,1.04167,0.501886,0.502953,1.011876,0.407745,0.339189,0.30216,0.505882,0.049386,0.19876,0.304434,0.497525,0.395446,0.05066,0.012305,0.002771,0.003837,0.01275,0.002239,0.002845,0.001119,0.003696,3.6e-05,0.000443,0.001014,0.003084,0.002019,0.000129
11260,476,5179,4703,4703,0,0,0,65,15.332196,0.0,16460.422394,583.429957,2681.237848,2381.662208,3238.59,11260,15,79,14052480.0,2236569.0811,6884.6782,6194.6559,165.3124,0.0,0.0,0.0,82,0.037815,1.04061,0.50175,0.502135,1.011883,0.407176,0.339443,0.302014,0.50589,0.049442,0.199008,0.30401,0.496805,0.395785,0.050584,0.012494,0.002818,0.003981,0.012574,0.002246,0.002838,0.001106,0.00373,3.8e-05,0.000443,0.001026,0.003092,0.002061,0.000129
11280,475,5187,4712,4712,0,0,0,67,15.315085,0.0,16478.554715,581.599932,2683.084983,2381.662206,3238.2,11280,15,79,14077440.0,2241628.3411,6901.6264,6204.8676,165.3641,0.0,0.0,0.0,82,0.037895,1.038674,0.502,0.501515,1.013325,0.406708,0.338945,0.301929,0.505144,0.049413,0.199037,0.304256,0.497396,0.395756,0.050736,0.012382,0.002814,0.003995,0.012347,0.002201,0.002806,0.001109,0.003738,3.7e-05,0.000441,0.000994,0.003127,0.002076,0.000132
11300,480,5197,4717,4717,0,0,0,63,13.451368,0.0,16503.227545,586.490058,2680.058574,2381.662205,3220.88,11300,15,79,14102400.0,2246687.6011,6918.5747,6215.6002,165.6624,0.0,0.0,0.0,82,0.0375,1.038639,0.501969,0.501268,1.01394,0.406647,0.339588,0.302231,0.504897,0.0493,0.19882,0.304833,0.497787,0.39581,0.050854,0.012473,0.002801,0.004025,0.0124,0.002222,0.002794,0.001131,0.003749,3.6e-05,0.000444,0.000991,0.003167,0.002072,0.000133
11320,476,5207,4731,4731,0,0,0,66,15.965043,0.0,16538.647835,580.801078,2683.233879,2382.966713,3254.54,11320,16,79,14127360.0,2251753.7161,6934.0584,6227.5583,166.1168,0.0,0.0,0.0,82,0.039916,1.038888,0.503018,0.501244,1.015746,0.405767,0.340457,0.302383,0.504444,0.049266,0.198722,0.305977,0.497125,0.395707,0.050844,0.012352,0.00276,0.004089,0.012823,0.002145,0.002908,0.001076,0.003803,3.5e-05,0.000431,0.000964,0.00325,0.002085,0.000134
11340,477,5220,4743,4743,0,0,0,70,15.325492,0.0,16620.373426,578.184861,2686.489647,2384.963269,3233.86,11340,16,79,14152320.0,2256839.3041,6947.3454,6240.603,167.1434,0.0,0.0,0.0,82,0.039832,1.036477,0.502427,0.501961,1.016386,0.406042,0.339043,0.302093,0.504117,0.049364,0.199035,0.305709,0.49727,0.395801,0.051062,0.012209,0.002814,0.004006,0.012979,0.002149,0.002819,0.001091,0.003623,3.6e-05,0.000424,0.001004,0.003067,0.002057,0.000134
11360,478,5232,4754,4754,0,0,0,70,16.381946,0.0,16710.704713,578.584203,2685.033851,2385.870742,3242.18,11360,16,79,14177280.0,2261938.8541,6960.6324,6255.2257,167.5321,0.0,0.0,0.0,82,0.037657,1.034857,0.501358,0.502605,1.017317,0.405986,0.339671,0.302074,0.504495,0.049448,0.199355,0.305517,0.497598,0.396446,0.051025,0.01255,0.002794,0.004118,0.013001,0.002195,0.002935,0.001071,0.003681,3.5e-05,0.000434,0.001004,0.002957,0.00212,0.000136
11380,473,5241,4768,4768,0,0,0,72,17.527182,0.0,16822.469195,573.385484,2689.087334,2386.266001,3288.46,11380,16,79,14202240.0,2267038.4041,6973.9195,6268.596,167.845,0.0,0.0,0.0,82,0.040169,1.033922,0.501736,0.504443,1.016853,0.406445,0.340197,0.301797,0.503672,0.049494,0.199249,0.305017,0.498044,0.397225,0.051385,0.012677,0.002841,0.004142,0.012786,0.002248,0.003037,0.001094,0.003524,3.5e-05,0.000428,0.001018,0.002991,0.002175,0.000139
11400,485,5261,4776,4776,0,0,0,71,16.434328,0.0,16888.226808,580.432279,2683.133394,2386.149327,3222.78,11400,16,79,14227200.0,2272137.9541,6987.5235,6284.9642,168.6393,0.0,0.0,0.0,82,0.037113,1.036624,0.501728,0.504961,1.017635,0.40642,0.339792,0.301695,0.504088,0.049478,0.199508,0.304983,0.498523,0.396775,0.05113,0.0132,0.002721,0.004197,0.013017,0.002263,0.003004,0.001073,0.003867,3.3e-05,0.000446,0.001008,0.003048,0.002233,0.000131
11420,494,5274,4780,4780,0,0,0,66,13.141379,0.0,16870.657298,595.743522,2671.1151,2384.709311,3182.52,11420,16,79,14252160.0,2277237.5041,7002.8772,6304.7655,168.8251,0.0,0.0,0.0,82,0.036437,1.035755,0.502603,0.506168,1.017027,0.406197,0.339412,0.301947,0.503868,0.049569,0.199634,0.304851,0.498501,0.396913,0.051304,0.013373,0.002709,0.004148,0.013341,0.002297,0.003001,0.001059,0.003823,3.3e-05,0.000448,0.001041,0.003117,0.002224,0.000136
11440,491,5280,4789,4789,0,0,0,71,15.055868,0.0,16795.233918,599.913405,2665.030727,2382.865178,3216.34,11440,16,79,14277120.0,2282337.0541,7019.5311,6319.5963,168.8652,0.0,0.0,0.0,82,0.03666,1.037452,0.502119,0.505945,1.018373,0.406918,0.339074,0.302141,0.503545,0.049571,0.199781,0.304526,0.498311,0.397206,0.051241,0.013417,0.002704,0.004018,0.013479,0.002294,0.003003,0.00105,0.003749,3.3e-05,0.000449,0.001056,0.003098,0.002194,0.000137
11460,490,5290,4800,4800,0,0,0,71,15.068671,0.0,16723.171411,597.373886,2667.557443,2381.022609,3231.65,11460,16,79,14302080.0,2287436.6041,7037.0871,6330.6667,169.099,0.0,0.0,0.0,82,0.036735,1.0364,0.501774,0.507016,1.019687,0.406199,0.339126,0.302069,0.50343,0.049583,0.199548,0.303903,0.497225,0.39798,0.051141,0.013487,0.002681,0.003957,0.013893,0.002285,0.00299,0.001059,0.003561,3.4e-05,0.000441,0.001071,0.003124,0.002212,0.000133
11480,493,5306,4813,4813,0,0,0,76,18.809498,0.0,16666.797572,593.608004,2667.582498,2379.780143,3200.66,11480,16,79,14327040.0,2292536.1541,7054.659,6342.9353,169.2912,0.0,0.0,0.0,82,0.036511,1.037977,0.50197,0.507283,1.020209,0.406637,0.339217,0.302129,0.503537,0.049521,0.200057,0.303932,0.496663,0.396948,0.051068,0.013916,0.002663,0.003877,0.013988,0.00231,0.002905,0.001054,0.003777,3.3e-05,0.000456,0.001097,0.003108,0.002304,0.000134
11500,489,5319,4830,4830,0,0,0,79,21.413645,0.0,16593.388552,591.205501,2667.380854,2378.905124,3214.17,11500,16,79,14352000.0,2297635.7041,7072.2308,6360.9063,170.006,0.0,0.0,0.0,82,0.03681,1.035994,0.502736,0.506235,1.017143,0.406196,0.339763,0.301868,0.504483,0.049577,0.199686,0.304302,0.496454,0.397443,0.051079,0.014237,0.002694,0.003914,0.013746,0.002328,0.002946,0.001076,0.003793,3.3e-05,0.000452,0.001081,0.003036,0.002313,0.000133
11520,489,5330,4841,4841,0,0,0,76,16.579687,0.0,16582.142519,594.936683,2668.48363,2378.266138,3229.75,11520,16,79,14376960.0,2302765.4491,7089.8027,6377.8866,170.4234,0.0,0.0,0.0,99,0.03681,1.035673,0.502633,0.505261,1.016488,0.40698,0.340025,0.301406,0.504933,0.049545,0.199506,0.304015,0.497314,0.397503,0.051127,0.014339,0.00268,0.003891,0.013722,0.002353,0.002977,0.00108,0.003864,3.3e-05,0.000439,0.001077,0.003062,0.002342,0.000135
11540,494,5347,4853,4853,0,0,0,81,17.822504,0.0,16547.411946,596.26649,2665.911007,2377.787096,3190.62,11540,16,79,14401920.0,2307901.6718,7107.3745,6393.5921,170.672,0.0,0.0,0.0,82,0.038462,1.037745,0.501922,0.505319,1.018861,0.407489,0.34067,0.302254,0.506106,0.04948,0.199505,0.304755,0.496774,0.397403,0.050848,0.014197,0.002648,0.003819,0.013695,0.002336,0.002986,0.001074,0.00397,3.3e-05,0.000445,0.001066,0.00316,0.002333,0.000128
11560,497,5359,4862,4862,0,0,0,80,17.6691,0.0,16476.471199,601.86474,2660.46616,2377.420846,3180.19,11560,16,79,14426880.0,2313038.3018,7124.9463,6411.2773,171.0012,0.0,0.0,0.0,82,0.038229,1.036215,0.501631,0.505057,1.020018,0.406326,0.339106,0.302295,0.505804,0.049542,0.19934,0.305232,0.496733,0.397373,0.050728,0.013604,0.002571,0.003724,0.013666,0.002173,0.002831,0.001052,0.003579,3.3e-05,0.000435,0.001058,0.003162,0.002261,0.000125
11580,496,5367,4871,4871,0,0,0,84,18.194355,0.0,16386.544651,604.608412,2657.197233,2377.1366,3201.42,11580,15,79,14451840.0,2318174.9318,7142.5182,6424.8366,171.7307,0.0,0.0,0.0,82,0.03629,1.036538,0.502059,0.504111,1.018099,0.406582,0.339874,0.302032,0.506626,0.049492,0.19942,0.305569,0.496701,0.397451,0.050595,0.013708,0.002623,0.003856,0.013315,0.002235,0.00295,0.001045,0.003924,3.4e-05,0.000434,0.001063,0.003047,0.002317,0.000125
11600,495,5379,4884,4884,0,0,0,88,18.488358,0.0,16311.83258,600.862396,2660.649247,2377.168429,3212.08,11600,15,79,14476800.0,2323312.7648,7159.811,6437.0405,172.113,0.0,0.0,0.0,82,0.036364,1.034673,0.502356,0.503571,1.017456,0.406497,0.339348,0.301948,0.506912,0.0496,0.19966,0.305764,0.49722,0.397284,0.050719,0.013718,0.002592,0.003743,0.013037,0.002164,0.002911,0.001064,0.003885,3.5e-05,0.000436,0.001073,0.003131,0.00238,0.000127
11620,495,5390,4895,4895,0,0,0,87,17.059544,0.0,16283.695065,599.810658,2663.129798,2376.988452,3209.26,11620,15,79,14501760.0,2328461.4248,7177.0986,6449.9887,172.113,0.0,0.0,0.0,82,0.038384,1.033986,0.502089,0.503639,1.017447,0.40561,0.339256,0.30266,0.507666,0.049601,0.199645,0.305999,0.497021,0.39799,0.050664,0.013658,0.002565,0.003727,0.012645,0.002136,0.002893,0.001137,0.003699,3.4e-05,0.000439,0.001086,0.003174,0.002367,0.000126
11640,498,5403,4905,4905,0,0,0,92,20.198234,0.0,16195.746565,605.600409,2654.201357,2376.701199,3195.04,11640,15,79,14526720.0,2333610.0848,7194.6704,6467.1669,172.5718,0.0,0.0,0.0,82,0.040161,1.03536,0.502094,0.503225,1.017701,0.405007,0.339572,0.302697,0.507264,0.049619,0.200029,0.306217,0.495918,0.398504,0.050565,0.01358,0.002625,0.003767,0.012906,0.002165,0.002935,0.001145,0.003639,3.5e-05,0.000443,0.001112,0.003196,0.002375,0.000126
11660,485,5409,4924,4924,0,0,0,95,20.631303,0.0,16167.37333,593.539012,2665.829685,2376.526626,3271.41,11660,15,79,14551680.0,2338758.7448,7212.2423,6479.6662,172.9531,0.0,0.0,0.0,82,0.041237,1.032505,0.502383,0.503595,1.017204,0.404784,0.3397,0.302707,0.506514,0.049627,0.199713,0.306079,0.495724,0.399283,0.050529,0.01291,0.002618,0.003734,0.012835,0.0021,0.002957,0.001158,0.003467,3.6e-05,0.000443,0.001086,0.003109,0.002334,0.000124
11680,492,5423,4931,4931,0,0,0,93,18.97631,0.0,16181.083317,595.061745,2665.961945,2376.409477,3227.44,11680,15,79,14576640.0,2343907.4048,7229.8141,6489.2277,173.3055,0.0,0.0,0.0,82,0.04065,1.03249,0.502334,0.503065,1.018209,0.405534,0.339233,0.302469,0.505957,0.049554,0.200028,0.305941,0.496379,0.399079,0.05044,0.013006,0.002627,0.00375,0.012762,0.002125,0.002924,0.001149,0.003557,3.7e-05,0.000448,0.001082,0.003154,0.002287,0.000123
11700,490,5433,4943,4943,0,0,0,94,18.654451,0.0,16187.053361,593.681393,2667.664156,2376.32465,3248.73,11700,15,79,14601600.0,2349056.0648,7247.386,6501.7944,173.5281,0.0,0.0,0.0,82,0.044898,1.034361,0.502174,0.502556,1.018718,0.404626,0.339927,0.302308,0.506296,0.049558,0.200337,0.306002,0.495735,0.39918,0.050499,0.01284,0.002679,0.003817,0.012884,0.002157,0.003049,0.001159,0.003614,3.9e-05,0.000447,0.001103,0.003282,0.002303,0.000119
11720,480,5438,4958,4958,0,0,0,98,20.322487,0.0,16237.182713,587.064317,2672.613196,2376.260012,3327.82,11720,15,79,14626560.0,2354204.7248,7264.9578,6514.2296,173.9633,0.0,0.0,0.0,82,0.041667,1.032996,0.501396,0.503586,1.018125,0.404132,0.339103,0.302329,0.505654,0.049647,0.200445,0.305873,0.49553,0.398955,0.050507,0.012455,0.002684,0.003599,0.012815,0.002151,0.002961,0.001157,0.003436,3.8e-05,0.000448,0.001094,0.003176,0.002256,0.000117
11740,485,5452,4967,4967,0,0,0,94,16.943984,0.0,16328.579742,586.893894,2676.162122,2376.163947,3309.92,11740,15,79,14651520.0,2359353.3848,7282.5767,6524.379,174.3213,0.0,0.0,0.0,82,0.041237,1.035538,0.501546,0.503708,1.019042,0.404851,0.339231,0.302174,0.505221,0.049653,0.2,0.306344,0.495343,0.398396,0.05068,0.012358,0.002887,0.003648,0.012957,0.002177,0.002978,0.001161,0.003532,3.9e-05,0.000445,0.001126,0.00316,0.002235,0.000128
11760,482,5464,4982,4982,0,0,0,94,18.106564,0.0,16399.195345,584.023789,2677.869647,2374.995734,3331.31,11760,15,79,14676480.0,2364502.0448,7301.6877,6540.4616,174.3977,0.0,0.0,0.0,82,0.037344,1.036926,0.501214,0.503094,1.01891,0.405053,0.339541,0.30232,0.505578,0.049593,0.199847,0.306936,0.495439,0.397872,0.050696,0.012641,0.002838,0.003726,0.012613,0.002191,0.002967,0.001135,0.003906,3.9e-05,0.00045,0.001098,0.002986,0.002199,0.000125
11780,486,5476,4990,4990,0,0,0,90,16.624003,0.0,16462.589315,590.69476,2672.681237,2373.415541,3309.35,11780,15,79,14701440.0,2369650.7048,7322.3191,6556.2366,174.7346,0.0,0.0,0.0,82,0.039095,1.038136,0.500653,0.502073,1.018193,0.405318,0.339395,0.301895,0.505798,0.04954,0.19968,0.30656,0.495605,0.397462,0.050629,0.012556,0.002847,0.003735,0.012763,0.002163,0.002979,0.001131,0.003909,4e-05,0.000447,0.001098,0.002991,0.002154,0.000125
11800,490,5493,5003,5003,0,0,0,90,19.360418,0.0,16489.383652,590.79161,2669.847972,2373.757519,3279.11,11800,15,79,14726400.0,2374806.4433,7342.0605,6571.6658,175.6366,0.0,0.0,0.0,82,0.036735,1.038612,0.501082,0.501712,1.02078,0.405722,0.339212,0.301915,0.505666,0.0495,0.199515,0.306094,0.496081,0.397313,0.050482,0.012801,0.002738,0.00368,0.012794,0.002267,0.002935,0.001157,0.003885,3.9e-05,0.000464,0.001089,0.002999,0.002168,0.000116
11820,488,5501,5013,5013,0,0,0,82,15.478194,0.0,16528.678793,594.710156,2669.81165,2375.974734,3304.44,11820,15,79,14751360.0,2379967.9733,7359.8224,6588.1767,175.8786,0.0,0.0,0.0,70,0.036885,1.039625,0.501477,0.501279,1.020187,0.406679,0.339626,0.301804,0.506586,0.04953,0.199673,0.306605,0.496058,0.396448,0.050418,0.013108,0.002819,0.003685,0.012897,0.002269,0.002946,0.001142,0.00424,3.9e-05,0.000464,0.001098,0.003008,0.002196,0.000118
11840,492,5514,5022,5022,0,0,0,85,16.122184,0.0,16520.678374,601.350762,2662.527054,2377.617513,3289.47,11840,15,79,14776320.0,2385148.1138,7377.5842,6605.6929,176.2621,0.0,0.0,0.0,70,0.036585,1.041062,0.500922,0.500633,1.020543,0.406652,0.340431,0.301657,0.506013,0.049414,0.199779,0.307194,0.495215,0.396227,0.05035,0.01346,0.002794,0.003775,0.013045,0.002315,0.003035,0.001162,0.004244,3.9e-05,0.000466,0.001078,0.003003,0.002118,0.000121
11860,486,5518,5032,5032,0,0,0,84,15.14851,0.0,16560.793019,598.033841,2666.817649,2378.702882,3343.59,11860,15,79,14801280.0,2390335.6493,7395.346,6615.5079,176.3079,0.0,0.0,0.0,82,0.034979,1.039955,0.501328,0.501588,1.020084,0.40652,0.340853,0.301775,0.505419,0.049488,0.199694,0.306835,0.495622,0.396567,0.050535,0.013301,0.002877,0.003832,0.013171,0.002304,0.003056,0.001172,0.004095,3.9e-05,0.00047,0.001071,0.002969,0.002169,0.000124
11880,496,5538,5042,5042,0,0,0,76,12.724165,0.0,16597.417299,597.679126,2669.59671,2379.373443,3289.4,11880,15,79,14826240.0,2395535.0993,7413.1079,6627.6902,176.5847,0.0,0.0,0.0,99,0.03629,1.038803,0.501198,0.50167,1.021277,0.406503,0.341165,0.302052,0.507191,0.049454,0.199895,0.306598,0.497183,0.396468,0.050836,0.013182,0.002867,0.003728,0.013504,0.002261,0.003,0.001189,0.004051,3.9e-05,0.000473,0.001097,0.003111,0.002214,0.000133
11900,495,5551,5056,5056,0,0,0,73,13.966217,0.0,16610.1662,600.170553,2665.863231,2379.771786,3280.0,11900,15,79,14851200.0,2400746.3768,7430.8697,6646.6545,177.1137,0.0,0.0,0.0,99,0.036364,1.041409,0.501265,0.501558,1.021611,0.405728,0.341006,0.302432,0.50601,0.049539,0.199973,0.305756,0.496761,0.396549,0.050712,0.013324,0.002835,0.003742,0.013618,0.002217,0.002992,0.001188,0.003773,3.8e-05,0.000472,0.001128,0.003117,0.002201,0.000133
11920,493,5564,5071,5071,0,0,0,71,12.218239,0.0,16645.627376,598.913261,2668.868499,2380.003104,3263.05,11920,15,79,14876160.0,2405958.2768,7448.6315,6663.8074,177.4846,0.0,0.0,0.0,99,0.034483,1.04091,0.502,0.502082,1.022613,0.406236,0.341859,0.302158,0.504969,0.049556,0.200025,0.305887,0.497405,0.397035,0.050886,0.01362,0.002887,0.003863,0.013511,0.00229,0.003048,0.001177,0.0037,3.8e-05,0.000484,0.001094,0.003078,0.002237,0.00014
11940,494,5577,5083,5083,0,0,0,74,17.836709,0.0,16620.339421,598.830914,2663.332377,2380.135685,3270.59,11940,15,79,14901120.0,2411170.1768,7466.3934,6679.5715,177.7603,0.0,0.0,0.0,82,0.034413,1.039349,0.501881,0.502426,1.022271,0.406602,0.341805,0.301924,0.504447,0.049448,0.199939,0.305762,0.498674,0.397048,0.050958,0.013267,0.002837,0.003851,0.01315,0.002296,0.003069,0.001153,0.003486,3.6e-05,0.000483,0.001074,0.003234,0.002188,0.000142
11960,505,5599,5094,5094,0,0,0,72,14.153231,0.0,16583.194208,605.679628,2660.167141,2380.211104,3209.77,11960,15,79,14926080.0,2416382.0768,7484.1552,6699.4993,178.328,0.0,0.0,0.0,99,0.035644,1.038293,0.501424,0.50242,1.023714,0.406495,0.341523,0.301549,0.505505,0.049423,0.200407,0.305362,0.498954,0.396035,0.050744,0.013271,0.00281,0.003803,0.013651,0.002274,0.002964,0.001123,0.003442,3.5e-05,0.000476,0.001052,0.003206,0.002145,0.000137
11980,500,5608,5108,5108,0,0,0,72,14.686107,0.0,16527.525526,609.259624,2656.054269,2380.253818,3250.68,11980,15,79,14951040.0,2421593.9768,7501.917,6720.3389,178.9406,0.0,0.0,0.0,82,0.034,1.037553,0.50138,0.503045,1.023006,0.406692,0.34126,0.301155,0.505799,0.049449,0.200053,0.305131,0.498183,0.396218,0.050703,0.013275,0.002788,0.003768,0.013603,0.002267,0.00296,0.001141,0.003456,3.5e-05,0.000458,0.001075,0.003133,0.002144,0.000133
12000,496,5618,5122,5122,0,0,0,73,16.976832,0.0,16483.112008,606.37223,2656.650938,2380.277946,3288.74,12000,15,79,14976000.0,2426813.9363,7519.6789,6734.2764,179.7837,0.0,0.0,0.0,82,0.038306,1.040384,0.502284,0.504168,1.023455,0.405844,0.341639,0.301137,0.506039,0.049481,0.199956,0.305815,0.497807,0.397676,0.050628,0.013894,0.002742,0.004037,0.013299,0.002232,0.003086,0.00111,0.003301,3.5e-05,0.000462,0.001063,0.003158,0.002202,0.000134
12020,493,5628,5135,5135,0,0,0,78,14.982,0.0,16489.765371,602.609651,2662.408349,2380.291554,3300.35,12020,15,79,15000960.0,2432043.7463,7537.4407,6746.8174,179.8518,0.0,0.0,0.0,82,0.03854,1.040997,0.501938,0.504387,1.024097,0.405611,0.341449,0.301731,0.505979,0.04949,0.199989,0.305593,0.498071,0.398164,0.050479,0.014039,0.002653,0.004102,0.013859,0.002244,0.003054,0.00111,0.00321,3.4e-05,0.000451,0.001083,0.003199,0.002297,0.000129
12040,493,5639,5146,5146,0,0,0,77,15.052845,0.0,16512.160665,602.262067,2662.685087,2380.29922,3303.53,12040,15,78,15025920.0,2437273.5563,7555.2026,6760.7677,179.8839,0.0,0.0,0.0,82,0.03854,1.041577,0.501621,0.504111,1.023663,0.405063,0.341808,0.301746,0.506331,0.049501,0.199968,0.30576,0.498264,0.39826,0.050416,0.014509,0.002635,0.004174,0.013762,0.002314,0.003049,0.001127,0.003233,3.4e-05,0.000451,0.001092,0.00325,0.002303,0.00013
12060,494,5648,5154,5154,0,0,0,69,12.738617,0.0,16522.407108,606.036124,2661.22526,2380.303536,3298.23,12060,15,78,15050880.0,2442503.3663,7572.9644,6774.4776,179.9521,0.0,0.0,0.0,82,0.040486,1.041857,0.501036,0.503534,1.022568,0.404673,0.342189,0.301411,0.50673,0.049405,0.199913,0.305804,0.497417,0.398487,0.050604,0.014347,0.002646,0.004195,0.013814,0.002319,0.003064,0.001138,0.003338,3.5e-05,0.000449,0.001074,0.003151,0.002275,0.00013
12080,491,5660,5169,5169,0,0,0,74,15.311051,0.0,16540.533675,600.818025,2663.870924,2380.305965,3325.3,12080,15,78,15075840.0,2447733.1763,7590.7262,6787.4396,180.1643,0.0,0.0,0.0,82,0.03666,1.043553,0.500142,0.502215,1.023678,0.405036,0.341717,0.300849,0.509429,0.049398,0.200299,0.306002,0.497433,0.397459,0.050628,0.014496,0.002608,0.004144,0.013899,0.002356,0.002998,0.001142,0.003818,3.5e-05,0.000458,0.001067,0.003126,0.002273,0.000128
12100,490,5675,5185,5185,0,0,0,73,17.140602,0.0,16605.038313,594.169402,2668.689995,2380.307332,3341.74,12100,15,78,15100800.0,2452962.9863,7608.4881,6801.3936,180.4372,0.0,0.0,0.0,82,0.036735,1.04407,0.501125,0.502631,1.02336,0.40518,0.341036,0.300957,0.509441,0.049494,0.200139,0.306778,0.496342,0.397427,0.050387,0.014861,0.002615,0.004125,0.013862,0.002409,0.00295,0.00117,0.003869,3.5e-05,0.000458,0.001099,0.003089,0.002286,0.000128
12120,491,5687,5196,5196,0,0,0,72,15.81789,0.0,16661.517103,598.311995,2665.870115,2383.087874,3336.35,12120,15,78,15125760.0,2458192.7963,7622.4606,6818.2723,180.5026,0.0,0.0,0.0,82,0.03666,1.045234,0.501151,0.502185,1.023331,0.405036,0.342221,0.301369,0.509786,0.049449,0.19999,0.306642,0.496645,0.396992,0.050392,0.01466,0.002577,0.004131,0.013962,0.002456,0.003068,0.001185,0.003939,3.6e-05,0.000457,0.001092,0.003088,0.002343,0.000128
12140,498,5707,5209,5209,0,0,0,75,16.594859,0.0,16647.690184,603.468907,2659.936235,2384.394426,3297.43,12140,16,78,15150720.0,2463422.6063,7636.4332,6839.3462,180.7327,0.0,0.0,0.0,82,0.040161,1.046038,0.502146,0.501988,1.023168,0.404679,0.341596,0.301489,0.509066,0.049447,0.200688,0.305751,0.497283,0.396688,0.050545,0.014832,0.002885,0.004148,0.013661,0.002504,0.003074,0.0012,0.003939,3.6e-05,0.000461,0.001114,0.003154,0.00234,0.000131
12160,499,5718,5219,5219,0,0,0,69,14.38959,0.0,16596.919628,610.338329,2655.272081,2384.972256,3294.16,12160,16,78,15175680.0,2468652.4163,7650.4058,6858.8601,181.0293,0.0,0.0,0.0,82,0.038076,1.045738,0.502322,0.501757,1.023071,0.405286,0.340817,0.30188,0.509248,0.049546,0.200787,0.305729,0.497697,0.396938,0.050449,0.014962,0.002955,0.004122,0.013207,0.002539,0.003015,0.00121,0.004057,3.5e-05,0.000459,0.00111,0.003115,0.002358,0.000132
12180,493,5725,5232,5232,0,0,0,70,14.539267,0.0,16551.131806,609.530997,2655.929737,2385.220914,3321.09,12180,16,78,15200640.0,2473882.2263,7664.3783,6874.6128,181.261,0.0,0.0,0.0,82,0.040568,1.045443,0.502327,0.501576,1.024671,0.405606,0.340536,0.301951,0.509449,0.049499,0.200271,0.306012,0.497775,0.39689,0.050444,0.014828,0.002979,0.00407,0.013238,0.002443,0.002983,0.001172,0.004098,3.4e-05,0.000455,0.00113,0.003181,0.002279,0.000132
12200,490,5734,5244,5244,0,0,0,66,11.873713,0.0,16570.200685,603.129283,2664.997005,2385.32666,3355.35,12200,16,78,15225600.0,2479112.0363,7678.3509,6883.4528,181.6527,0.0,0.0,0.0,82,0.038776,1.044394,0.502005,0.500684,1.023867,0.405437,0.3405,0.30228,0.508923,0.049497,0.19997,0.305874,0.498628,0.396845,0.050377,0.014791,0.00304,0.004086,0.01321,0.002385,0.002975,0.001177,0.004155,3.4e-05,0.000458,0.001129,0.003107,0.002255,0.000133
12220,492,5749,5257,5257,0,0,0,69,15.957373,0.0,16592.486887,598.200951,2665.841677,2385.371406,3348.61,12220,16,78,15250560.0,2484341.8463,7692.3235,6895.2407,181.9009,0.0,0.0,0.0,82,0.038618,1.044412,0.502819,0.500872,1.020512,0.405316,0.341783,0.3019,0.50839,0.049481,0.199602,0.305415,0.498619,0.397573,0.050604,0.014776,0.003209,0.004341,0.01345,0.002427,0.003109,0.001177,0.00426,3.4e-05,0.000453,0.00112,0.003092,0.00229,0.000136
12240,488,5754,5266,5266,0,0,0,72,14.531445,0.0,16639.185717,599.571595,2665.896961,2385.3903,3390.73,12240,16,78,15275520.0,2489571.6563,7706.2961,6908.5266,182.0351,0.0,0.0,0.0,82,0.038934,1.042378,0.503129,0.50181,1.018848,0.405156,0.341214,0.301882,0.507423,0.049561,0.199693,0.304778,0.498689,0.397987,0.050747,0.014427,0.003235,0.004225,0.013249,0.002417,0.003108,0.001152,0.003968,3.4e-05,0.000455,0.00108,0.003083,0.002274,0.000135
12260,486,5761,5275,5275,0,0,0,71,13.193961,0.0,16718.326977,597.944188,2668.861851,2385.398272,3418.57,12260,16,78,15300480.0,2494801.4663,7720.2686,6918.5438,182.0781,0.0,0.0,0.0,82,0.039095,1.04133,0.502904,0.502304,1.019152,0.405507,0.341383,0.301725,0.505395,0.049496,0.199751,0.304223,0.49885,0.398205,0.050735,0.014318,0.003228,0.00426,0.013268,0.002421,0.00313,0.001117,0.00375,3.5e-05,0.000451,0.00107,0.003139,0.002267,0.000135
12280,493,5777,5284,5284,0,0,0,69,12.468291,0.0,16784.976515,597.617528,2669.914181,2385.401635,3383.46,12280,16,78,15325440.0,2500031.2763,7734.2412,6929.8934,182.1895,0.0,0.0,0.0,82,0.03854,1.039839,0.502516,0.502357,1.020342,0.406136,0.342633,0.302121,0.50662,0.049411,0.199912,0.304507,0.498837,0.398123,0.05044,0.01463,0.002875,0.004277,0.013351,0.0025,0.003282,0.001116,0.003809,3.5e-05,0.000455,0.001058,0.003193,0.002324,0.00013
12300,491,5789,5298,5298,0,0,0,80,17.06915,0.0,16832.605233,596.678354,2666.252496,2385.403053,3401.12,12300,16,78,15350400.0,2505261.0863,7748.2138,6946.1747,182.989,0.0,0.0,0.0,82,0.03666,1.040669,0.50216,0.502565,1.018633,0.405945,0.34333,0.301792,0.506007,0.049345,0.199976,0.304798,0.499592,0.398078,0.05062,0.015045,0.002803,0.004319,0.013783,0.002502,0.003339,0.0011,0.004008,3.5e-05,0.00046,0.001064,0.003342,0.00237,0.000134
12320,491,5805,5314,5314,0,0,0,79,16.283445,0.0,16892.682299,594.39118,2669.325375,2385.403652,3388.82,12320,16,78,15375360.0,2510490.8963,7762.1863,6962.571,184.5639,0.0,0.0,0.0,82,0.03666,1.040505,0.503019,0.501379,1.018561,0.406275,0.343274,0.302328,0.506513,0.049417,0.200101,0.304835,0.500097,0.397966,0.050754,0.015312,0.002924,0.00436,0.013791,0.002481,0.003267,0.001128,0.004062,3.4e-05,0.000465,0.001048,0.003275,0.002449,0.000135
12340,495,5820,5325,5325,0,0,0,81,16.81346,0.0,16932.751088,599.377123,2663.809417,2385.403904,3374.58,12340,16,78,15400320.0,2515720.7063,7776.1589,6980.8508,185.5168,0.0,0.0,0.0,82,0.036364,1.038136,0.50249,0.50111,1.018393,0.40507,0.342851,0.302137,0.506825,0.049499,0.200633,0.305264,0.500448,0.397492,0.050718,0.015284,0.002934,0.0043,0.01338,0.002424,0.003154,0.001144,0.003986,3.4e-05,0.000473,0.001029,0.00324,0.002409,0.000129
12360,488,5832,5344,5344,0,0,0,80,16.889355,0.0,17002.12516,591.083878,2672.026767,2385.225419,3433.18,12360,16,78,15425280.0,2520950.5163,7790.3264,6996.7221,186.053,0.0,0.0,0.0,82,0.034836,1.03682,0.502369,0.501038,1.0183,0.40478,0.343102,0.30147,0.506325,0.049459,0.200576,0.305207,0.500003,0.398063,0.050522,0.014857,0.00284,0.004211,0.013499,0.002332,0.003216,0.00111,0.00375,3.3e-05,0.000462,0.001008,0.003246,0.002282,0.000129
12380,490,5841,5351,5351,0,0,0,75,13.101333,0.0,17086.088262,597.254249,2669.644417,2383.807982,3433.29,12380,16,78,15450240.0,2526180.3263,7806.3741,7011.4289,186.3461,0.0,0.0,0.0,82,0.032653,1.035757,0.501846,0.499993,1.017322,0.405865,0.343289,0.301155,0.50561,0.049293,0.200529,0.305366,0.500563,0.397617,0.050565,0.014648,0.002857,0.004258,0.01323,0.002318,0.003176,0.001123,0.003759,3.3e-05,0.000467,0.000999,0.003134,0.002244,0.000129
12400,492,5850,5358,5358,0,0,0,75,13.374674,0.0,17157.258574,600.91224,2665.713085,2382.313023,3431.08,12400,16,78,15475200.0,2531418.0218,7823.7198,7022.9195,186.5054,0.0,0.0,0.0,82,0.03252,1.036452,0.502027,0.500761,1.016317,0.40629,0.342728,0.300733,0.505344,0.049327,0.200982,0.305225,0.500192,0.397299,0.050457,0.014621,0.002829,0.004108,0.013359,0.002368,0.003151,0.00109,0.003662,3.2e-05,0.000495,0.001013,0.003114,0.002244,0.00013
12420,495,5863,5368,5368,0,0,0,72,15.134871,0.0,17200.665755,600.987573,2663.877556,2381.534762,3417.99,12420,16,78,15500160.0,2536671.3876,7841.189,7034.8087,186.6095,0.0,0.0,0.0,82,0.034343,1.037093,0.501673,0.499969,1.015155,0.405936,0.342754,0.30141,0.506021,0.049369,0.201042,0.306039,0.49927,0.397234,0.050382,0.014779,0.002839,0.004155,0.013703,0.002331,0.003109,0.001132,0.003711,3.2e-05,0.000491,0.001052,0.003206,0.002269,0.000131
12440,490,5877,5387,5387,0,0,0,78,19.549155,0.0,17267.248118,594.400511,2666.050334,2381.150732,3434.07,12440,16,78,15525120.0,2541943.9378,7858.6583,7051.1043,187.4844,0.0,0.0,0.0,82,0.036735,1.037783,0.501079,0.499272,1.017852,0.405795,0.343081,0.301196,0.505931,0.049352,0.201144,0.305107,0.498953,0.397147,0.050371,0.015122,0.002892,0.004185,0.013912,0.002385,0.003151,0.001143,0.003735,3.2e-05,0.00048,0.001096,0.003161,0.002318,0.000132
12460,501,5897,5396,5396,0,0,0,72,14.815442,0.0,17351.633356,600.923157,2664.261402,2380.957872,3369.13,12460,15,78,15550080.0,2547218.6036,7876.1276,7069.1825,187.9519,0.0,0.0,0.0,70,0.033932,1.036745,0.501255,0.497351,1.019093,0.407132,0.34288,0.300984,0.507066,0.049299,0.200908,0.305331,0.499242,0.396553,0.050314,0.014953,0.00298,0.004147,0.013901,0.002495,0.003105,0.00114,0.004022,3.2e-05,0.000482,0.001111,0.003098,0.002311,0.000132
12480,508,5912,5404,5404,0,0,0,67,13.849904,0.0,17331.749617,612.546261,2653.603835,2380.860163,3333.96,12480,15,78,15575040.0,2552493.4736,7893.5969,7089.9939,188.5496,0.0,0.0,0.0,99,0.035433,1.037581,0.50135,0.498041,1.018199,0.407552,0.343159,0.301279,0.506642,0.049317,0.201063,0.305863,0.498642,0.396886,0.050302,0.015635,0.003023,0.004114,0.014154,0.002544,0.003099,0.00113,0.003999,3.2e-05,0.000478,0.001099,0.003147,0.002253,0.000129
12500,501,5919,5418,5418,0,0,0,69,16.306386,0.0,17304.105273,611.162066,2652.531548,2380.810441,3389.6,12500,15,78,15600000.0,2557768.3436,7911.0662,7105.674,189.4619,0.0,0.0,0.0,99,0.035928,1.036996,0.500524,0.497352,1.017829,0.407128,0.342605,0.301245,0.508248,0.049317,0.201765,0.305989,0.498208,0.396318,0.050299,0.015649,0.002988,0.004115,0.01422,0.002504,0.002999,0.001141,0.003985,3.2e-05,0.000497,0.001096,0.003121,0.002288,0.000128
12520,505,5933,5428,5428,0,0,0,65,12.894948,0.0,17284.309693,613.756018,2653.349034,2380.78508,3369.31,12520,16,78,15624960.0,2563043.2136,7928.5355,7119.8162,190.3131,0.0,0.0,0.0,82,0.035644,1.04017,0.501046,0.499406,1.018356,0.406371,0.342508,0.301563,0.508131,0.049462,0.20121,0.305778,0.498946,0.396765,0.050656,0.016462,0.00303,0.004395,0.013742,0.00256,0.003112,0.001182,0.003968,3.4e-05,0.000512,0.001088,0.003052,0.002491,0.000137
12540,506,5945,5439,5439,0,0,0,63,10.69146,0.0,17250.227288,616.400611,2652.907928,2380.772131,3358.03,12540,16,78,15649920.0,2568317.8447,7946.0048,7135.5399,190.7959,0.0,0.0,0.0,99,0.037549,1.041022,0.501624,0.499067,1.016902,0.406884,0.342391,0.301623,0.509318,0.049403,0.201091,0.306179,0.498525,0.396698,0.050595,0.017058,0.003032,0.004418,0.014009,0.002669,0.003119,0.00118,0.004215,3.5e-05,0.000504,0.001135,0.003006,0.002531,0.000138
12560,504,5953,5449,5449,0,0,0,61,12.125567,0.0,17192.969649,618.972019,2648.902413,2380.765515,3381.44,12560,16,78,15674880.0,2573603.4607,7963.4741,7150.7787,191.8085,0.0,0.0,0.0,99,0.039683,1.040027,0.502062,0.500484,1.016994,0.406767,0.342949,0.302269,0.508572,0.049448,0.200671,0.305934,0.497913,0.397676,0.05081,0.017147,0.002957,0.004469,0.014267,0.002613,0.003258,0.001186,0.003943,3.5e-05,0.0005,0.001121,0.00304,0.002534,0.00014
12580,510,5968,5458,5458,0,0,0,60,12.633913,0.0,17119.38297,620.661355,2646.704732,2380.762134,3343.77,12580,16,78,15699840.0,2578896.2407,7980.9434,7163.9941,191.8958,0.0,0.0,0.0,82,0.039216,1.039453,0.502499,0.500215,1.015709,0.406396,0.343238,0.30229,0.509803,0.049436,0.200943,0.305968,0.49787,0.398655,0.051076,0.017472,0.002954,0.00447,0.014229,0.002644,0.003222,0.00121,0.003987,3.5e-05,0.000508,0.001146,0.003095,0.002635,0.000141
12600,501,5980,5479,5479,0,0,0,67,14.778245,0.0,17070.830578,610.547606,2654.674149,2380.760405,3413.72,12600,16,78,15724800.0,2584189.0207,7998.4126,7179.6764,192.7042,0.0,0.0,0.0,82,0.037924,1.038765,0.502727,0.501405,1.017072,0.406734,0.342314,0.302476,0.507922,0.049446,0.200704,0.305682,0.49793,0.398584,0.051178,0.017014,0.002954,0.004468,0.014033,0.002656,0.003182,0.001182,0.003761,3.5e-05,0.000502,0.00114,0.0031,0.002631,0.00014
12620,503,5989,5486,5486,0,0,0,65,15.26498,0.0,17075.34727,613.083367,2651.651654,2380.759522,3414.05,12620,16,78,15749760.0,2589481.8007,8015.8819,7191.8756,192.7227,0.0,0.0,0.0,82,0.039761,1.038803,0.502752,0.501454,1.016807,0.406487,0.342059,0.302473,0.507525,0.049452,0.200295,0.305478,0.497616,0.399022,0.051264,0.016987,0.00293,0.004473,0.013822,0.002677,0.003184,0.001214,0.003661,3.5e-05,0.00049,0.001148,0.003159,0.00258,0.000141
12640,501,6001,5500,5500,0,0,0,68,15.84955,0.0,17055.302456,610.682323,2653.468127,2380.75907,3409.64,12640,16,78,15774720.0,2594774.5807,8033.3512,7206.0262,193.3509,0.0,0.0,0.0,82,0.03992,1.04016,0.503597,0.503468,1.0187,0.406426,0.342443,0.302159,0.508073,0.04958,0.200167,0.305503,0.496747,0.399641,0.051256,0.017429,0.002986,0.0044,0.013983,0.002714,0.003235,0.001232,0.003715,3.6e-05,0.000483,0.001147,0.003239,0.002618,0.000145
12660,502,6010,5508,5508,0,0,0,66,13.707429,0.0,17029.121936,615.781184,2650.511388,2380.758839,3420.26,12660,16,78,15799680.0,2600067.3607,8050.8205,7220.1446,193.5798,0.0,0.0,0.0,82,0.039841,1.040753,0.503429,0.503476,1.018642,0.406521,0.342568,0.302253,0.507736,0.049546,0.200152,0.305296,0.497734,0.400143,0.051212,0.017374,0.002968,0.004393,0.014129,0.002691,0.003259,0.00119,0.003609,3.6e-05,0.000477,0.001137,0.003241,0.002588,0.000144
12680,509,6023,5514,5514,0,0,0,63,12.154648,0.0,16958.45581,622.214715,2645.630637,2380.758721,3390.75,12680,16,78,15824640.0,2605360.1407,8068.2898,7233.9044,193.7714,0.0,0.0,0.0,82,0.037328,1.042272,0.503277,0.502977,1.018011,0.406053,0.341433,0.302039,0.507132,0.0496,0.200501,0.304835,0.496873,0.399629,0.0511,0.01711,0.002904,0.004228,0.013865,0.002642,0.00323,0.001189,0.003601,3.6e-05,0.000485,0.001128,0.003184,0.002553,0.000142
12700,505,6028,5523,5523,0,0,0,60,14.059696,0.0,16873.725602,622.56983,2643.370474,2380.758661,3428.44,12700,16,78,15849600.0,2610652.9207,8085.7591,7245.4829,193.9783,0.0,0.0,0.0,82,0.037624,1.040681,0.502788,0.50302,1.016991,0.406189,0.341737,0.302681,0.506941,0.049511,0.200564,0.305016,0.496683,0.400365,0.050943,0.017347,0.002867,0.004252,0.014039,0.002654,0.003218,0.001207,0.003602,3.4e-05,0.000476,0.001133,0.003193,0.002517,0.000135
12720,502,6041,5539,5539,0,0,0,69,15.707485,0.0,16826.138938,611.742012,2652.550503,2381.265877,3460.88,12720,16,78,15874560.0,2615945.7007,8102.7039,7255.2703,194.2734,0.0,0.0,0.0,82,0.037849,1.038492,0.502033,0.501597,1.016842,0.406337,0.341661,0.301801,0.506427,0.04946,0.200612,0.304913,0.496575,0.399553,0.050713,0.015863,0.002871,0.004154,0.013763,0.00245,0.003143,0.001156,0.003681,3.5e-05,0.000467,0.0011,0.003039,0.002381,0.000134
12740,499,6050,5551,5551,0,0,0,71,16.738918,0.0,16829.333279,608.911885,2654.349197,2383.550756,3489.99,12740,16,78,15899520.0,2621238.4807,8116.6764,7267.4441,194.711,0.0,0.0,0.0,82,0.038076,1.037339,0.501971,0.501726,1.017158,0.40544,0.341966,0.301759,0.504049,0.049462,0.201105,0.305174,0.496982,0.399874,0.050727,0.015717,0.00291,0.004215,0.01358,0.002443,0.003166,0.001105,0.00345,3.5e-05,0.000467,0.001067,0.003046,0.002367,0.000134
12760,496,6061,5565,5565,0,0,0,72,13.679109,0.0,16904.515705,604.432632,2661.888259,2384.60176,3518.38,12760,16,78,15924480.0,2626531.2607,8130.649,7279.3823,195.3562,0.0,0.0,0.0,82,0.040323,1.039226,0.502123,0.501631,1.018876,0.404749,0.342949,0.302096,0.503673,0.04947,0.201073,0.305264,0.496068,0.399473,0.050685,0.016164,0.002967,0.004255,0.0138,0.002467,0.003161,0.00109,0.003418,3.5e-05,0.000471,0.001059,0.003028,0.002389,0.000134
12780,501,6077,5576,5576,0,0,0,71,14.719143,0.0,16954.529446,606.557003,2658.723854,2384.94392,3493.35,12780,16,78,15949440.0,2631832.0447,8144.7927,7294.6919,195.6276,0.0,0.0,0.0,82,0.037924,1.04266,0.501989,0.502078,1.018996,0.405576,0.343037,0.302167,0.503559,0.049518,0.200747,0.305587,0.496889,0.399428,0.050656,0.016806,0.002902,0.004319,0.01403,0.002507,0.003122,0.001097,0.003635,3.5e-05,0.000465,0.001072,0.003072,0.002328,0.000132
12800,509,6095,5586,5586,0,0,0,70,15.999729,0.0,16937.272142,613.350629,2650.649642,2384.036138,3453.87,12800,16,78,15974400.0,2637144.8347,8160.6473,7314.0724,196.157,0.0,0.0,0.0,70,0.037328,1.041418,0.502577,0.50114,1.019803,0.406287,0.343578,0.302327,0.505768,0.049375,0.201002,0.306109,0.497088,0.398553,0.050521,0.016883,0.002946,0.004358,0.013963,0.00257,0.003097,0.001116,0.004226,3.5e-05,0.000463,0.001092,0.003069,0.002423,0.000133
12820,506,6105,5599,5599,0,0,0,67,14.200384,0.0,16915.908731,616.417271,2649.382345,2382.559227,3476.66,12820,16,78,15999360.0,2642457.6247,8178.1498,7332.7703,196.6089,0.0,0.0,0.0,70,0.037549,1.041779,0.502267,0.500254,1.018412,0.406003,0.343593,0.302729,0.506229,0.049389,0.20111,0.306032,0.497662,0.398906,0.050442,0.016625,0.00299,0.00436,0.013704,0.002567,0.003126,0.00112,0.004316,3.5e-05,0.00047,0.001099,0.003059,0.002432,0.00013
12840,508,6123,5615,5615,0,0,0,76,16.333769,0.0,16867.197631,616.547463,2647.118768,2379.804831,3472.19,12840,16,78,16024320.0,2647770.4147,8198.5127,7352.4291,197.2909,0.0,0.0,0.0,70,0.037402,1.042056,0.502493,0.500074,1.016154,0.404434,0.344629,0.303021,0.505695,0.049353,0.201301,0.306545,0.497875,0.398836,0.050709,0.016809,0.00296,0.004592,0.013568,0.002619,0.003167,0.001146,0.004469,3.5e-05,0.000473,0.001087,0.003123,0.002507,0.000137
12860,510,6133,5623,5623,0,0,0,71,15.50328,0.0,16809.111481,622.506989,2641.989731,2377.283621,3456.45,12860,16,78,16049280.0,2653083.0466,8220.3894,7368.2659,197.5561,0.0,0.0,0.0,70,0.037255,1.041853,0.502781,0.500462,1.017299,0.404701,0.344801,0.303384,0.505168,0.049415,0.201384,0.305984,0.497893,0.399396,0.050687,0.016677,0.002976,0.00464,0.013724,0.002673,0.003187,0.001177,0.004442,3.4e-05,0.000476,0.001078,0.003148,0.002687,0.000139
12880,509,6144,5635,5635,0,0,0,72,16.442619,0.0,16723.878215,622.998659,2640.558722,2374.925423,3453.26,12880,16,78,16074240.0,2658395.8366,8243.3576,7383.8752,198.1059,0.0,0.0,0.0,70,0.035363,1.041604,0.502469,0.501558,1.017366,0.405002,0.343947,0.303269,0.504831,0.049392,0.200914,0.305933,0.498458,0.398881,0.05074,0.016528,0.002895,0.004637,0.013311,0.002638,0.003203,0.00114,0.00438,3.4e-05,0.000464,0.00109,0.003106,0.002621,0.000141
12900,513,6155,5642,5642,0,0,0,65,11.687724,0.0,16660.461741,628.110828,2640.201449,2371.96638,3417.53,12900,16,78,16099200.0,2663708.6266,8268.2636,7396.5984,198.7956,0.0,0.0,0.0,70,0.035088,1.042001,0.502064,0.500971,1.019957,0.406299,0.344236,0.303045,0.505614,0.049356,0.200917,0.305947,0.498491,0.39799,0.050776,0.016469,0.002884,0.004564,0.013905,0.002657,0.003177,0.00115,0.004359,3.3e-05,0.000474,0.001081,0.003105,0.002623,0.000141
12920,509,6167,5658,5658,0,0,0,68,16.044421,0.0,16567.925415,623.55796,2640.397619,2369.070097,3425.09,12920,16,78,16124160.0,2669021.4166,8294.7956,7410.3446,199.7983,0.0,0.0,0.0,70,0.035363,1.043949,0.501328,0.501155,1.020167,0.406002,0.344875,0.303322,0.506352,0.049336,0.201194,0.305637,0.49811,0.398518,0.050785,0.016596,0.002973,0.004673,0.013901,0.002648,0.003198,0.001168,0.004352,3.3e-05,0.00048,0.001124,0.003058,0.002627,0.00014
12940,506,6176,5670,5670,0,0,0,72,16.175671,0.0,16530.764965,621.809354,2642.014975,2366.407293,3460.51,12940,16,78,16149120.0,2674348.0321,8322.6052,7424.2736,199.8796,0.0,0.0,0.0,82,0.037549,1.043721,0.501177,0.501639,1.020162,0.405878,0.345076,0.302753,0.504989,0.049418,0.201314,0.304827,0.497647,0.398962,0.051014,0.016458,0.002956,0.004882,0.01389,0.00265,0.003277,0.001168,0.004056,3.3e-05,0.000474,0.001138,0.003147,0.002592,0.000147
12960,502,6187,5685,5685,0,0,0,77,17.666232,0.0,16516.02376,615.915112,2646.418656,2365.026436,3490.08,12960,16,78,16174080.0,2679682.0921,8350.1251,7437.4111,199.9811,0.0,0.0,0.0,82,0.039841,1.042065,0.501898,0.503352,1.018849,0.40592,0.34481,0.302682,0.504306,0.049436,0.201598,0.305449,0.498019,0.398625,0.051213,0.01654,0.003007,0.005231,0.013957,0.002635,0.003365,0.001165,0.003996,3.3e-05,0.000469,0.001174,0.003198,0.002603,0.000156
12980,498,6195,5697,5697,0,0,0,76,16.502376,0.0,16555.111102,611.639669,2651.857955,2363.766627,3530.23,12980,16,78,16199040.0,2685016.1521,8377.8913,7448.0423,200.625,0.0,0.0,0.0,82,0.040161,1.040183,0.501014,0.503276,1.018287,0.406311,0.344395,0.302532,0.504422,0.049379,0.201672,0.305456,0.497759,0.398634,0.050912,0.016232,0.002936,0.005152,0.013916,0.002571,0.003245,0.001161,0.003857,3.3e-05,0.000473,0.00118,0.003166,0.002561,0.00015
13000,489,6203,5714,5714,0,0,0,79,18.194352,0.0,16676.905113,599.430038,2662.37561,2362.853282,3605.64,13000,16,78,16224000.0,2690350.2121,8405.816,7458.0336,200.6547,0.0,0.0,0.0,82,0.038855,1.037106,0.500766,0.50164,1.019591,0.40714,0.34366,0.30206,0.503754,0.049339,0.201501,0.305318,0.499096,0.398451,0.050813,0.015609,0.002985,0.00489,0.013997,0.002483,0.003126,0.001151,0.003646,3.2e-05,0.00047,0.001174,0.00311,0.002449,0.000149
13020,497,6219,5722,5722,0,0,0,76,15.769641,0.0,16822.503805,601.87141,2662.358949,2362.236449,3564.26,13020,16,78,16248960.0,2695684.2721,8433.7407,7469.8756,200.8699,0.0,0.0,0.0,82,0.038229,1.0379,0.500972,0.502247,1.017869,0.407219,0.343842,0.302237,0.50404,0.049337,0.20126,0.305522,0.498267,0.398795,0.050705,0.015653,0.002982,0.004984,0.014075,0.002503,0.003174,0.00115,0.003675,3.3e-05,0.000469,0.001176,0.003163,0.002435,0.000147
13040,496,6230,5734,5734,0,0,0,80,15.365495,0.0,16939.974992,603.449988,2661.184517,2361.796595,3581.11,13040,16,78,16273920.0,2701009.0171,8461.6653,7486.3095,201.0509,0.0,0.0,0.0,82,0.040323,1.038318,0.500662,0.502426,1.017455,0.407618,0.344415,0.302435,0.503258,0.049281,0.201392,0.305626,0.497361,0.398681,0.050836,0.016022,0.003082,0.00498,0.01429,0.002643,0.003275,0.001166,0.003644,3.3e-05,0.000477,0.001171,0.003203,0.002409,0.000147
13060,502,6245,5743,5743,0,0,0,78,15.744082,0.0,17034.50654,606.182961,2658.072957,2361.468667,3551.82,13060,16,78,16298880.0,2706332.7271,8489.59,7500.1138,201.1627,0.0,0.0,0.0,82,0.039841,1.039494,0.502872,0.503292,1.019334,0.406953,0.344661,0.302911,0.504179,0.049332,0.201443,0.305964,0.496336,0.398787,0.050852,0.016748,0.003307,0.005201,0.015151,0.002648,0.003329,0.001193,0.003625,3.3e-05,0.00047,0.001181,0.003165,0.00245,0.000153
13080,508,6260,5752,5752,0,0,0,78,17.31946,0.0,17045.26289,614.882236,2647.798304,2361.215147,3525.5,13080,16,78,16323840.0,2711656.4371,8517.5147,7519.3006,201.6592,0.0,0.0,0.0,82,0.041339,1.040473,0.501935,0.503871,1.01938,0.406253,0.344646,0.302413,0.504292,0.049404,0.201634,0.305341,0.496941,0.399635,0.05104,0.017089,0.003279,0.005506,0.015036,0.002639,0.003314,0.001188,0.003628,3.3e-05,0.000478,0.001177,0.003122,0.002573,0.00016
13100,505,6268,5763,5763,0,0,0,79,16.823583,0.0,17035.186396,618.060169,2645.116248,2360.709441,3554.71,13100,16,78,16348800.0,2716980.1471,8545.7692,7535.6759,202.361,0.0,0.0,0.0,82,0.039604,1.042513,0.501864,0.503933,1.018311,0.407354,0.34489,0.302134,0.504944,0.049373,0.201861,0.305882,0.496571,0.398712,0.051001,0.017252,0.0033,0.005351,0.015065,0.002701,0.003345,0.001163,0.003961,3.3e-05,0.000478,0.001157,0.003067,0.002581,0.000159
13120,506,6283,5777,5777,0,0,0,78,17.157249,0.0,17016.990524,616.564284,2646.278468,2359.113749,3562.3,13120,16,78,16373760.0,2722303.8571,8575.9309,7550.5623,203.1232,0.0,0.0,0.0,82,0.039526,1.04238,0.501433,0.504008,1.017555,0.407165,0.345842,0.302463,0.505461,0.0494,0.202062,0.306286,0.496004,0.398993,0.051004,0.017274,0.00338,0.005324,0.014852,0.002775,0.00338,0.001157,0.004056,3.3e-05,0.000491,0.001138,0.002944,0.002609,0.00016
13140,507,6296,5789,5789,0,0,0,83,15.79267,0.0,17006.220562,617.386672,2646.820658,2357.393366,3560.53,13140,16,78,16398720.0,2727627.5671,8607.4273,7566.557,203.7734,0.0,0.0,0.0,82,0.037475,1.041218,0.501608,0.503897,1.016562,0.40768,0.345248,0.302274,0.505556,0.049509,0.20238,0.305612,0.496448,0.399739,0.050871,0.017402,0.003369,0.00526,0.014455,0.00276,0.00339,0.001163,0.004173,3.3e-05,0.000497,0.001126,0.002834,0.00266,0.000154
13160,504,6305,5801,5801,0,0,0,83,18.262306,0.0,17016.400563,615.606161,2646.131533,2356.36879,3583.22,13160,16,78,16423680.0,2732951.2771,8639.1859,7579.901,203.9158,0.0,0.0,0.0,82,0.041667,1.041557,0.502074,0.50443,1.017101,0.407897,0.344514,0.302692,0.505208,0.049574,0.202311,0.305655,0.495864,0.399529,0.051144,0.01762,0.003454,0.005244,0.014833,0.002745,0.003354,0.001192,0.004062,3.2e-05,0.000493,0.001123,0.002943,0.002667,0.000155
13180,497,6313,5816,5816,0,0,0,85,19.171925,0.0,17045.806842,609.476172,2651.351903,2355.814782,3584.86,13180,16,78,16448640.0,2738274.9871,8670.9446,7592.094,204.1279,0.0,0.0,0.0,82,0.042254,1.041652,0.502577,0.504814,1.0165,0.407289,0.344935,0.30295,0.50494,0.049563,0.202087,0.305513,0.496144,0.399641,0.051204,0.017683,0.003434,0.005231,0.014859,0.002739,0.003351,0.001225,0.003926,3.2e-05,0.000492,0.001134,0.002972,0.002706,0.000156
13200,506,6334,5828,5828,0,0,0,79,16.439555,0.0,17082.569646,609.34276,2654.217685,2355.496606,3531.47,13200,16,78,16473600.0,2743598.6971,8702.7032,7607.2438,204.9743,0.0,0.0,0.0,82,0.041502,1.041155,0.503233,0.503616,1.01826,0.407376,0.344787,0.303008,0.506265,0.049467,0.202385,0.305481,0.496832,0.398721,0.051069,0.017453,0.003406,0.005309,0.01475,0.002746,0.003433,0.001191,0.004056,3.3e-05,0.000518,0.001127,0.002962,0.002782,0.000157
13220,498,6344,5846,5846,0,0,0,79,15.577495,0.0,17144.711533,607.351926,2657.07058,2356.658358,3594.54,13220,16,78,16498560.0,2748922.4071,8733.0771,7626.8417,205.9606,0.0,0.0,0.0,82,0.044177,1.041325,0.503542,0.504467,1.019121,0.406727,0.345399,0.302527,0.505516,0.049537,0.201991,0.305506,0.497577,0.399407,0.051284,0.017321,0.003522,0.00539,0.014667,0.002677,0.003448,0.001179,0.00382,3.3e-05,0.000519,0.001074,0.002987,0.002837,0.000159
13240,495,6355,5860,5860,0,0,0,78,16.163238,0.0,17204.604496,606.485573,2657.351189,2359.923224,3617.66,13240,16,78,16523520.0,2754245.7871,8760.8794,7642.5824,206.8234,0.0,0.0,0.0,82,0.044444,1.043853,0.502438,0.505545,1.019233,0.406451,0.346645,0.303271,0.504665,0.049536,0.202261,0.30517,0.497783,0.400396,0.051324,0.01791,0.003269,0.005577,0.01498,0.002739,0.003524,0.001175,0.003685,3.3e-05,0.000524,0.001085,0.003038,0.002904,0.000158
13260,492,6359,5867,5867,0,0,0,78,14.75431,0.0,17299.883501,609.078367,2656.167323,2362.353311,3643.87,13260,16,78,16548480.0,2759569.4971,8788.6816,7653.6835,207.363,0.0,0.0,0.0,82,0.042683,1.043983,0.502275,0.504911,1.018622,0.406298,0.345981,0.302899,0.504571,0.049515,0.202168,0.305344,0.497808,0.399846,0.051198,0.017265,0.003227,0.005249,0.014701,0.002745,0.003425,0.001158,0.003708,3.2e-05,0.000523,0.001073,0.002997,0.002865,0.000151
13280,496,6373,5877,5877,0,0,0,75,16.14889,0.0,17380.383852,607.749017,2656.102093,2363.982967,3618.91,13280,16,78,16573440.0,2764893.2071,8816.4838,7663.5573,207.5627,0.0,0.0,0.0,82,0.042339,1.045723,0.502862,0.505127,1.017991,0.406337,0.346138,0.302934,0.504736,0.049525,0.202034,0.3055,0.49833,0.399824,0.051193,0.017231,0.003219,0.005086,0.014824,0.00265,0.003467,0.00119,0.003734,3.1e-05,0.000521,0.00107,0.002949,0.002817,0.000152
13300,498,6385,5887,5887,0,0,0,68,15.550515,0.0,17446.137972,609.301291,2655.148194,2364.967402,3616.87,13300,16,78,16598400.0,2770216.9171,8844.3205,7677.7742,207.9907,0.0,0.0,0.0,82,0.042169,1.046276,0.502902,0.505364,1.018816,0.406035,0.346201,0.302952,0.504834,0.04952,0.202102,0.305199,0.499098,0.399946,0.051181,0.017236,0.003184,0.005159,0.014989,0.002681,0.003496,0.001164,0.003706,3.1e-05,0.000528,0.00108,0.003005,0.002815,0.000153
13320,508,6404,5896,5896,0,0,0,65,13.675091,0.0,17461.904691,615.809717,2650.515191,2364.231803,3545.62,13320,16,78,16623360.0,2775540.6271,8873.6867,7694.8491,208.3823,0.0,0.0,0.0,82,0.041339,1.047266,0.502667,0.503925,1.019585,0.407128,0.346127,0.302695,0.50587,0.049362,0.202092,0.305747,0.49953,0.398918,0.051247,0.017402,0.003236,0.005268,0.014764,0.002691,0.003485,0.001153,0.004047,3.2e-05,0.000513,0.001107,0.003074,0.002804,0.000151
13340,510,6414,5904,5904,0,0,0,63,11.678796,0.0,17429.205042,625.398989,2642.922215,2362.192101,3547.46,13340,16,78,16648320.0,2780864.3371,8904.8586,7713.5825,209.2502,0.0,0.0,0.0,82,0.039216,1.046642,0.501539,0.504461,1.019827,0.407097,0.34629,0.302361,0.504873,0.049342,0.202175,0.305028,0.498607,0.398771,0.051249,0.017191,0.003163,0.005237,0.014705,0.002655,0.00346,0.001147,0.003997,3.2e-05,0.000517,0.001111,0.003099,0.002727,0.000149
13360,509,6426,5917,5917,0,0,0,63,13.593443,0.0,17351.865873,624.345697,2642.06086,2359.345561,3542.03,13360,16,78,16673280.0,2786187.6592,8937.4754,7729.3132,209.4232,0.0,0.0,0.0,82,0.039293,1.046888,0.501057,0.505118,1.019979,0.407556,0.346654,0.302476,0.505161,0.049317,0.201475,0.305615,0.497586,0.3999,0.051332,0.017287,0.003183,0.00525,0.014759,0.002632,0.003522,0.001158,0.003947,3.3e-05,0.000496,0.001086,0.003084,0.002787,0.000148
13380,507,6440,5933,5933,0,0,0,67,14.468203,0.0,17336.970348,619.752369,2645.779428,2356.593323,3547.19,13380,16,78,16698240.0,2791535.36,8970.458,7744.7201,209.5013,0.0,0.0,0.0,82,0.039448,1.046408,0.501513,0.504247,1.019186,0.406687,0.346884,0.302278,0.505615,0.049267,0.201679,0.305559,0.497786,0.400239,0.051352,0.01743,0.003225,0.005302,0.015299,0.002712,0.003574,0.00114,0.003846,3.3e-05,0.000496,0.001099,0.00305,0.002939,0.000151
13400,506,6449,5943,5943,0,0,0,62,12.363277,0.0,17336.36507,623.308753,2644.32797,2353.969203,3569.15,13400,16,78,16723200.0,2796894.47,9003.4406,7760.6917,209.5562,0.0,0.0,0.0,82,0.039526,1.046965,0.501868,0.504168,1.019672,0.40694,0.346581,0.302093,0.504451,0.049259,0.201353,0.305114,0.49774,0.400076,0.051521,0.017204,0.003227,0.005306,0.015164,0.00275,0.003606,0.001133,0.003736,3.3e-05,0.000496,0.001101,0.003075,0.002904,0.00016
13420,506,6464,5958,5958,0,0,0,69,15.735386,0.0,17329.185677,618.263671,2646.000943,2351.191619,3538.4,13420,16,78,16748160.0,2802253.58,9036.4232,7774.6771,210.2054,0.0,0.0,0.0,82,0.037549,1.045142,0.50157,0.503428,1.020463,0.40642,0.345991,0.30199,0.505088,0.04943,0.201273,0.305292,0.496964,0.398839,0.051458,0.017212,0.003335,0.004912,0.015288,0.002756,0.00349,0.001162,0.003818,3.4e-05,0.000487,0.001093,0.002998,0.002982,0.000151
13440,506,6475,5969,5969,0,0,0,62,13.257553,0.0,17340.468243,619.358942,2647.383505,2347.91138,3547.59,13440,16,78,16773120.0,2807612.69,9069.4058,7789.5073,210.5732,0.0,0.0,0.0,82,0.037549,1.044783,0.502418,0.503686,1.020854,0.406786,0.346393,0.301785,0.503986,0.049419,0.201036,0.305465,0.497529,0.399153,0.051488,0.017048,0.003346,0.004874,0.015468,0.002775,0.003509,0.001163,0.003804,3.3e-05,0.000482,0.001112,0.003062,0.002947,0.000154
13460,505,6487,5982,5982,0,0,0,61,12.662105,0.0,17360.0257,618.739141,2648.598754,2343.496918,3569.59,13460,16,78,16798080.0,2812971.8,9102.3884,7804.614,212.0383,0.0,0.0,0.0,82,0.037624,1.04348,0.501721,0.503125,1.018514,0.407056,0.346847,0.301971,0.505329,0.049406,0.201015,0.305549,0.497544,0.398777,0.051232,0.017157,0.003252,0.004711,0.015514,0.002804,0.003486,0.001152,0.003822,3.3e-05,0.000475,0.001132,0.002955,0.002929,0.000148
13480,504,6496,5992,5992,0,0,0,64,12.647332,0.0,17390.928326,619.191047,2648.16162,2336.387267,3593.2,13480,16,78,16823040.0,2818330.91,9135.371,7817.8435,212.2165,0.0,0.0,0.0,82,0.039683,1.042543,0.501038,0.503814,1.018053,0.406969,0.347768,0.301903,0.50585,0.049295,0.200982,0.305758,0.497148,0.399126,0.051223,0.017025,0.003243,0.004953,0.015449,0.002788,0.003581,0.001175,0.003803,3.3e-05,0.000472,0.001116,0.002852,0.002933,0.000145
13500,504,6510,6006,6006,0,0,0,71,17.681413,0.0,17398.597516,616.043012,2646.275574,2330.234656,3592.87,13500,16,78,16848000.0,2823690.02,9161.2686,7831.0422,212.5925,0.0,0.0,0.0,82,0.039683,1.043584,0.501256,0.503675,1.018131,0.406822,0.347393,0.301459,0.505063,0.049271,0.201543,0.306525,0.496511,0.399037,0.051352,0.017253,0.003215,0.004876,0.015304,0.002774,0.003561,0.001164,0.003738,3.3e-05,0.000481,0.00113,0.002877,0.0029,0.000151
13520,506,6523,6017,6017,0,0,0,76,18.05086,0.0,17404.661454,617.671925,2644.277215,2332.525688,3570.67,13520,16,78,16872960.0,2829049.13,9176.6947,7846.3515,212.9027,0.0,0.0,0.0,82,0.039526,1.043178,0.50051,0.503268,1.021504,0.407338,0.347458,0.30146,0.505199,0.049299,0.201301,0.306456,0.496695,0.398961,0.051353,0.017185,0.003235,0.004821,0.015565,0.002805,0.003541,0.001163,0.003746,3.2e-05,0.000484,0.001135,0.002932,0.00287,0.000148
13540,498,6530,6032,6032,0,0,0,75,17.944664,0.0,17441.698857,613.141171,2648.914165,2334.13877,3628.81,13540,16,78,16897920.0,2834408.24,9191.1622,7860.0993,213.1024,0.0,0.0,0.0,82,0.040161,1.043523,0.501109,0.503178,1.022742,0.407877,0.347299,0.301891,0.504804,0.049249,0.201569,0.306801,0.496879,0.399003,0.051363,0.017007,0.003185,0.004876,0.015076,0.002755,0.003544,0.001129,0.003784,3.2e-05,0.00049,0.001129,0.002931,0.002821,0.000148
13560,502,6542,6040,6040,0,0,0,73,15.416167,0.0,17482.682289,615.817653,2648.766181,2334.860813,3616.57,13560,16,78,16922880.0,2839767.35,9205.6298,7872.4103,213.4818,0.0,0.0,0.0,82,0.039841,1.043322,0.500899,0.50321,1.022108,0.407816,0.34731,0.30199,0.504444,0.049258,0.201871,0.306646,0.496252,0.399124,0.051507,0.016857,0.003187,0.004904,0.015426,0.00279,0.003561,0.001133,0.003761,3.3e-05,0.000506,0.001136,0.002858,0.002833,0.000149
13580,503,6556,6053,6053,0,0,0,69,14.70519,0.0,17529.010689,613.219256,2652.075554,2335.173219,3618.53,13580,16,78,16947840.0,2845126.46,9220.0974,7885.9687,214.4467,0.0,0.0,0.0,82,0.039761,1.044117,0.500754,0.503562,1.023738,0.407804,0.34717,0.301712,0.504481,0.049298,0.201963,0.30633,0.496041,0.399486,0.051551,0.017109,0.003181,0.005061,0.015141,0.002792,0.003603,0.00114,0.003648,3.2e-05,0.000503,0.001146,0.002957,0.002861,0.000149
13600,513,6571,6058,6058,0,0,0,64,13.308676,0.0,17504.877962,626.023316,2640.668008,2335.306401,3553.42,13600,16,78,16972800.0,2850485.57,9234.565,7904.451,214.6422,0.0,0.0,0.0,82,0.042885,1.045823,0.501587,0.5039,1.02395,0.40811,0.347048,0.301467,0.504451,0.04933,0.202189,0.306406,0.496672,0.39953,0.051525,0.017337,0.003392,0.005067,0.015082,0.002807,0.003582,0.001146,0.003601,3.3e-05,0.000504,0.001157,0.003002,0.002868,0.000153
13620,508,6576,6068,6068,0,0,0,70,17.102976,0.0,17428.629107,628.290382,2634.606642,2335.362824,3595.7,13620,17,78,16997760.0,2855844.4806,9249.0325,7920.2135,214.6945,0.0,0.0,0.0,82,0.043307,1.044705,0.501643,0.504657,1.023873,0.407797,0.347333,0.301688,0.504944,0.049337,0.202137,0.307148,0.496604,0.399796,0.051544,0.017249,0.003334,0.00518,0.014716,0.002788,0.003666,0.00123,0.003632,3.3e-05,0.000513,0.001157,0.002987,0.00289,0.000154
13640,506,6587,6081,6081,0,0,0,70,15.384395,0.0,17380.439294,623.101072,2641.514532,2335.386667,3604.32,13640,17,78,17022720.0,2861203.5906,9263.5001,7931.6356,214.8677,0.0,0.0,0.0,82,0.041502,1.04337,0.500911,0.504758,1.022234,0.408129,0.347362,0.302255,0.504848,0.049343,0.202126,0.307382,0.496826,0.399869,0.051391,0.017336,0.003345,0.005129,0.015138,0.002835,0.003593,0.001255,0.00375,3.3e-05,0.000511,0.00113,0.002911,0.002875,0.000149
13660,516,6604,6088,6088,0,0,0,71,13.768757,0.0,17334.535885,624.585828,2641.645415,2335.396733,3543.34,13660,17,78,17047680.0,2866562.7006,9277.9677,7943.164,215.0925,0.0,0.0,0.0,98,0.03876,1.040395,0.501471,0.503807,1.021724,0.408665,0.347744,0.302016,0.505952,0.049366,0.202415,0.307378,0.498259,0.400003,0.051594,0.017224,0.003424,0.004993,0.014866,0.002874,0.003538,0.001258,0.003982,3.2e-05,0.000542,0.001131,0.002896,0.002964,0.000155
13680,515,6611,6096,6096,0,0,0,70,13.93255,0.0,17247.048766,630.198921,2635.868529,2335.400982,3566.57,13680,17,78,17072640.0,2871921.8106,9292.4352,7958.6035,215.1501,0.0,0.0,0.0,82,0.036893,1.040168,0.501443,0.503871,1.02206,0.408218,0.347639,0.301706,0.505885,0.049433,0.202157,0.307049,0.498562,0.40004,0.051716,0.016957,0.003444,0.004937,0.014981,0.002851,0.003531,0.001253,0.003892,3.3e-05,0.000538,0.001114,0.00292,0.002939,0.000157
13700,513,6619,6106,6106,0,0,0,70,13.137459,0.0,17168.780014,631.001593,2635.860948,2335.402776,3594.28,13700,17,78,17097600.0,2877280.9206,9306.9028,7972.2106,215.3413,0.0,0.0,0.0,82,0.038986,1.039644,0.502206,0.504506,1.021435,0.408355,0.347315,0.301957,0.505638,0.049478,0.202117,0.30684,0.498666,0.399751,0.051565,0.016709,0.003443,0.004847,0.014702,0.00281,0.003451,0.001197,0.003891,3.3e-05,0.000544,0.001129,0.002935,0.002818,0.000155
13720,513,6634,6121,6121,0,0,0,77,15.590376,0.0,17103.43163,624.310322,2640.099302,2335.403534,3604.15,13720,17,78,17122560.0,2882639.8163,9321.3704,7984.5908,215.4759,0.0,0.0,0.0,82,0.038986,1.039605,0.501524,0.504062,1.021315,0.40707,0.347931,0.302145,0.504946,0.049517,0.201713,0.306443,0.499492,0.399888,0.051571,0.016714,0.0034,0.004876,0.014441,0.002759,0.003486,0.001172,0.003785,3.3e-05,0.000529,0.001121,0.002988,0.002918,0.000155
13740,513,6651,6138,6138,0,0,0,83,16.384938,0.0,17074.099559,619.252308,2644.362754,2335.403854,3610.17,13740,17,78,17147520.0,2887998.9263,9335.8379,7999.949,215.4759,0.0,0.0,0.0,82,0.038986,1.041143,0.502456,0.503835,1.02416,0.406841,0.347658,0.302635,0.505407,0.049507,0.201766,0.306083,0.498556,0.4,0.051448,0.016672,0.003474,0.004966,0.014701,0.002695,0.003508,0.001185,0.003737,3.3e-05,0.00054,0.001115,0.003058,0.002872,0.000158
13760,505,6657,6152,6152,0,0,0,78,14.408753,0.0,17075.4455,620.606255,2644.984992,2335.403989,3675.39,13760,17,78,17172480.0,2893358.0363,9350.3055,8017.1079,216.9419,0.0,0.0,0.0,82,0.039604,1.042025,0.502375,0.504654,1.022076,0.407499,0.348165,0.30273,0.505397,0.049461,0.201519,0.305798,0.498483,0.400291,0.051362,0.016843,0.003308,0.004966,0.014749,0.002732,0.003585,0.00118,0.003781,3.2e-05,0.000542,0.001117,0.00305,0.002899,0.000156
13780,514,6673,6159,6159,0,0,0,73,12.264011,0.0,17038.185028,626.670555,2641.065434,2335.748001,3607.93,13780,17,78,17197440.0,2898722.2923,9364.3683,8030.6197,217.346,0.0,0.0,0.0,82,0.036965,1.045234,0.502337,0.503728,1.024794,0.408541,0.348789,0.302916,0.505131,0.049463,0.201665,0.305559,0.498864,0.399584,0.051527,0.017452,0.003284,0.005133,0.015684,0.002836,0.003804,0.001208,0.003839,3.2e-05,0.000544,0.001094,0.003057,0.002972,0.000161
13800,509,6680,6171,6171,0,0,0,75,12.75053,0.0,17010.124377,626.226699,2641.022772,2335.625168,3626.51,13800,17,78,17222400.0,2904102.6528,9378.6774,8045.02,217.8393,0.0,0.0,0.0,82,0.037328,1.045105,0.501381,0.503128,1.024255,0.40891,0.348755,0.302532,0.5048,0.049412,0.201684,0.304948,0.498574,0.400033,0.051417,0.017385,0.003318,0.005179,0.015533,0.002843,0.003858,0.001245,0.003814,3.2e-05,0.000522,0.001094,0.003005,0.002965,0.000161
13820,508,6693,6185,6185,0,0,0,75,15.067153,0.0,16997.061441,620.97797,2643.954877,2335.496973,3620.01,13820,17,78,17247360.0,2909489.1828,9393.1449,8057.8185,217.9697,0.0,0.0,0.0,82,0.037402,1.043867,0.501409,0.502909,1.023469,0.408179,0.3492,0.302712,0.504828,0.049436,0.201573,0.304324,0.497697,0.399875,0.05142,0.017283,0.003301,0.005175,0.015949,0.002801,0.003849,0.001252,0.003806,3.2e-05,0.000516,0.001055,0.002927,0.003025,0.000158
13840,507,6711,6204,6204,0,0,0,81,19.076559,0.0,17027.92635,612.730107,2648.193335,2335.443184,3603.72,13840,17,78,17272320.0,2914878.635,9407.6125,8073.1311,218.3677,0.0,0.0,0.0,82,0.04142,1.04752,0.50105,0.502983,1.024851,0.408162,0.349333,0.302497,0.505963,0.049475,0.200993,0.30397,0.497027,0.40018,0.0514,0.018617,0.003244,0.005202,0.015658,0.002792,0.003882,0.001225,0.004071,3.2e-05,0.000492,0.001096,0.003021,0.003235,0.000158
13860,504,6721,6217,6217,0,0,0,76,16.278466,0.0,17082.338949,619.773433,2643.948101,2335.420557,3635.69,13860,17,78,17297280.0,2920290.3035,9422.0801,8094.6703,219.4758,0.0,0.0,0.0,82,0.039683,1.049093,0.501623,0.503341,1.02311,0.407452,0.348573,0.302646,0.505316,0.049446,0.201121,0.304329,0.496904,0.400282,0.051298,0.01876,0.003085,0.005254,0.015334,0.0028,0.003854,0.001209,0.004103,3.2e-05,0.000495,0.001113,0.002988,0.003242,0.000157
13880,505,6732,6227,6227,0,0,0,74,16.141687,0.0,17127.241008,620.496464,2643.361849,2335.411028,3641.74,13880,17,78,17322240.0,2925702.5735,9436.5476,8108.8139,219.5502,0.0,0.0,0.0,82,0.041584,1.046261,0.502194,0.502419,1.022448,0.40823,0.348916,0.302953,0.504946,0.049392,0.200884,0.304948,0.497036,0.400194,0.051568,0.018668,0.003082,0.005256,0.015277,0.002874,0.003896,0.001283,0.004035,3.2e-05,0.000486,0.001091,0.003035,0.003249,0.000161
13900,505,6743,6238,6238,0,0,0,69,15.892657,0.0,17182.268999,619.455206,2644.652137,2335.407013,3627.44,13900,17,78,17347200.0,2931114.8435,9451.0152,8122.0172,219.777,0.0,0.0,0.0,82,0.041584,1.046713,0.501822,0.502371,1.025421,0.407176,0.349033,0.302814,0.504925,0.049444,0.20099,0.305338,0.497532,0.399852,0.05155,0.018417,0.003122,0.005267,0.01539,0.002869,0.003883,0.001285,0.003956,3.2e-05,0.000496,0.00109,0.003015,0.003241,0.00016
13920,506,6754,6248,6248,0,0,0,67,14.920732,0.0,17246.973375,620.425295,2644.653974,2335.298434,3623.92,13920,17,78,17372160.0,2936527.1135,9465.5971,8136.6316,219.8871,0.0,0.0,0.0,82,0.041502,1.044066,0.501393,0.503138,1.023464,0.4067,0.349247,0.302725,0.504289,0.049405,0.201062,0.304966,0.497793,0.400144,0.051713,0.017914,0.0031,0.005253,0.015256,0.002866,0.003949,0.001294,0.003787,3.2e-05,0.000497,0.001077,0.002919,0.003227,0.000156
13940,501,6761,6260,6260,0,0,0,72,15.966975,0.0,17327.173673,616.75195,2647.281076,2334.067925,3629.38,13940,17,78,17397120.0,2941939.3835,9481.8206,8149.0097,219.8871,0.0,0.0,0.0,82,0.037924,1.043324,0.500615,0.501956,1.023971,0.405962,0.348822,0.302686,0.504179,0.049362,0.201279,0.30528,0.497638,0.399461,0.051474,0.018043,0.00307,0.005099,0.015204,0.002836,0.003861,0.001287,0.003885,3.3e-05,0.000498,0.001076,0.002913,0.003266,0.000149
13960,495,6773,6278,6278,0,0,0,76,18.958139,0.0,17470.662929,605.122473,2655.919388,2332.641929,3670.84,13960,17,78,17422080.0,2947351.417,9499.3505,8160.2289,220.5925,0.0,0.0,0.0,82,0.038384,1.042261,0.501032,0.502609,1.023275,0.406186,0.349406,0.302911,0.504656,0.049336,0.201725,0.306275,0.497081,0.399744,0.051406,0.01805,0.003067,0.005072,0.015206,0.002843,0.003941,0.001278,0.004023,3.2e-05,0.000506,0.001097,0.002868,0.003303,0.000152
13980,495,6787,6292,6292,0,0,0,74,18.529567,0.0,17663.828916,601.996898,2659.473535,2331.45365,3679.14,13980,17,78,17447040.0,2952767.1145,9517.5407,8175.0694,220.7968,0.0,0.0,0.0,82,0.036364,1.040597,0.501407,0.502408,1.025452,0.406922,0.349084,0.30163,0.504526,0.049397,0.201335,0.306224,0.498008,0.398874,0.051544,0.017832,0.003227,0.005105,0.016083,0.002865,0.003948,0.001292,0.004008,3.2e-05,0.00051,0.001076,0.002838,0.003343,0.000152
14000,512,6809,6297,6297,0,0,0,71,14.874352,0.0,17793.504343,614.594147,2650.5315,2329.454513,3574.48,14000,17,78,17472000.0,2958192.8161,9537.5134,8193.6767,221.0979,0.0,0.0,0.0,82,0.037109,1.043048,0.50117,0.502938,1.025149,0.407198,0.349238,0.301822,0.505768,0.04931,0.201635,0.306928,0.497004,0.398522,0.051492,0.018771,0.003271,0.005111,0.016186,0.002867,0.003974,0.001291,0.004272,3.2e-05,0.000523,0.001109,0.002881,0.003372,0.000155
14020,516,6825,6309,6309,0,0,0,71,14.573476,0.0,17834.105423,621.907146,2643.519379,2327.305412,3546.89,14020,17,78,17496960.0,2963623.3006,9558.704,8215.7067,221.5147,0.0,0.0,0.0,82,0.034884,1.042543,0.500362,0.503342,1.026519,0.408679,0.349013,0.301538,0.505043,0.049268,0.201919,0.30696,0.497143,0.398264,0.051557,0.018729,0.003284,0.00498,0.016744,0.002971,0.003965,0.001263,0.004292,3.1e-05,0.000525,0.00111,0.002877,0.003383,0.000156
14040,525,6840,6315,6315,0,0,0,76,17.138553,0.0,17788.804776,636.398906,2626.462541,2325.564532,3486.08,14040,17,78,17521920.0,2969071.7476,9580.3711,8237.1995,221.9037,0.0,0.0,0.0,82,0.034286,1.042068,0.501206,0.502301,1.026965,0.408634,0.349102,0.301235,0.504582,0.049143,0.202193,0.306854,0.496763,0.398287,0.051458,0.018457,0.003297,0.005059,0.017218,0.002995,0.003989,0.001256,0.00421,3.2e-05,0.000536,0.001128,0.002848,0.003384,0.000155
14060,512,6846,6334,6334,0,0,0,78,17.220461,0.0,17780.358417,627.102212,2635.677327,2324.361156,3576.58,14060,17,78,17546880.0,2974524.3076,9602.0382,8252.3873,222.4405,0.0,0.0,0.0,82,0.035156,1.04102,0.500878,0.502256,1.026732,0.408279,0.347989,0.301111,0.505225,0.049253,0.202508,0.306865,0.497005,0.397353,0.051312,0.018141,0.003251,0.004932,0.017112,0.002914,0.003791,0.001202,0.004063,3.1e-05,0.000542,0.001119,0.002914,0.003195,0.00015
14080,515,6857,6342,6342,0,0,0,78,15.211474,0.0,17782.921746,631.426242,2633.362284,2323.485229,3549.82,14080,17,78,17571840.0,2979976.8676,9623.7054,8266.4613,222.8476,0.0,0.0,0.0,82,0.038835,1.042101,0.501952,0.502815,1.027291,0.40746,0.349177,0.301511,0.504552,0.049209,0.202575,0.306858,0.497473,0.398754,0.051312,0.0188,0.003285,0.005247,0.016939,0.002959,0.003843,0.001182,0.004044,3e-05,0.000546,0.001125,0.002917,0.003183,0.00015
14100,512,6866,6354,6354,0,0,0,76,15.248362,0.0,17817.702378,627.788461,2636.963177,2322.822424,3561.71,14100,17,78,17596800.0,2985429.4276,9645.3725,8277.7716,223.026,0.0,0.0,0.0,82,0.037109,1.041791,0.501514,0.50332,1.025923,0.40739,0.34824,0.301219,0.504306,0.049259,0.202626,0.306822,0.497595,0.398751,0.051397,0.01836,0.003409,0.005269,0.016646,0.003014,0.003763,0.001148,0.003964,3e-05,0.000543,0.001093,0.002849,0.003187,0.000155
14120,514,6881,6367,6367,0,0,0,72,13.820263,0.0,17865.160847,625.232919,2640.946818,2322.305724,3554.28,14120,17,78,17621760.0,2990881.9876,9667.0396,8291.9925,223.8518,0.0,0.0,0.0,82,0.038911,1.039595,0.500964,0.502423,1.024699,0.407398,0.348859,0.301015,0.504935,0.049156,0.202741,0.307059,0.497984,0.398523,0.051347,0.017804,0.003474,0.00513,0.017022,0.002944,0.003771,0.001138,0.003934,3.1e-05,0.000547,0.001124,0.002853,0.003083,0.000152
14140,519,6900,6381,6381,0,0,0,72,16.821203,0.0,17893.256997,627.307951,2635.870846,2321.893466,3515.8,14140,17,78,17646720.0,2996364.1996,9688.7067,8310.3728,224.0848,0.0,0.0,0.0,82,0.040462,1.042641,0.500811,0.503225,1.02114,0.407916,0.348765,0.301974,0.506285,0.049134,0.202765,0.306484,0.498015,0.399748,0.051438,0.017952,0.003526,0.005336,0.016147,0.003002,0.003871,0.00119,0.004065,3e-05,0.000547,0.001145,0.002911,0.003104,0.000156
14160,522,6916,6394,6394,0,0,0,72,15.55555,0.0,17913.376807,630.842869,2633.601581,2321.558447,3483.87,14160,17,78,17671680.0,3001858.9348,9710.3738,8330.5507,224.5983,0.0,0.0,0.0,82,0.04023,1.041076,0.500087,0.502544,1.022379,0.407047,0.348503,0.300924,0.504823,0.049263,0.202786,0.305767,0.498115,0.400106,0.051747,0.017814,0.003636,0.005297,0.016078,0.003033,0.003911,0.001193,0.003838,3.2e-05,0.000558,0.001089,0.002929,0.003132,0.000161
14180,524,6928,6404,6404,0,0,0,72,16.097048,0.0,17891.755055,637.761164,2626.141788,2321.282163,3482.22,14180,17,78,17696640.0,3007355.4058,9732.041,8349.8891,224.7756,0.0,0.0,0.0,82,0.038168,1.041531,0.50049,0.502277,1.023547,0.407548,0.348806,0.30114,0.504452,0.049247,0.202606,0.306187,0.499182,0.400264,0.051733,0.017581,0.003631,0.005211,0.01603,0.003,0.003888,0.00118,0.00385,3.2e-05,0.000558,0.00108,0.003053,0.003078,0.00016
14200,526,6944,6418,6418,0,0,0,74,14.035323,0.0,17889.568286,636.127277,2629.8374,2321.051581,3451.24,14200,17,78,17721600.0,3012863.8629,9753.7081,8365.7265,224.8689,0.0,0.0,0.0,82,0.038023,1.04446,0.500163,0.502458,1.023461,0.407601,0.349794,0.301535,0.505359,0.049376,0.202515,0.305965,0.499353,0.40052,0.051799,0.018492,0.003694,0.00524,0.016834,0.003084,0.003942,0.001215,0.004046,3.4e-05,0.000572,0.001065,0.002963,0.003292,0.000163
14220,517,6951,6434,6434,0,0,0,76,16.268921,0.0,17895.67797,635.263234,2628.467845,2320.857239,3522.73,14220,17,78,17746560.0,3018372.6729,9775.3752,8383.6348,225.5456,0.0,0.0,0.0,82,0.040619,1.044685,0.50043,0.502763,1.023507,0.407206,0.350447,0.301608,0.504635,0.049388,0.202258,0.306389,0.499926,0.400874,0.051811,0.018574,0.003947,0.005326,0.016758,0.003076,0.004019,0.001212,0.004061,3.4e-05,0.000567,0.001071,0.003036,0.003345,0.000166
14240,525,6970,6445,6445,0,0,0,73,14.373556,0.0,17873.375767,638.505112,2627.121332,2320.692097,3454.82,14240,17,77,17771520.0,3023881.4829,9797.0423,8400.6121,225.9208,0.0,0.0,0.0,82,0.041905,1.046175,0.499975,0.502998,1.023427,0.4079,0.350806,0.301837,0.504475,0.049364,0.202386,0.30593,0.499705,0.401082,0.051631,0.019016,0.003747,0.005507,0.016584,0.003134,0.004131,0.001231,0.004078,3.5e-05,0.000564,0.001111,0.003056,0.003303,0.000162
14260,528,6982,6454,6454,0,0,0,75,13.70536,0.0,17838.154584,644.822728,2621.471911,2320.550797,3439.3,14260,16,77,17796480.0,3029401.5894,9818.7094,8418.3338,225.9208,0.0,0.0,0.0,82,0.039773,1.046837,0.499825,0.502658,1.023661,0.408283,0.349427,0.30159,0.504118,0.049395,0.202432,0.305457,0.499419,0.399826,0.0515,0.018881,0.003818,0.005282,0.016419,0.003122,0.00397,0.001191,0.004051,3.5e-05,0.000562,0.001117,0.003047,0.003063,0.000156
14280,525,6992,6467,6467,0,0,0,76,13.015459,0.0,17827.567301,643.995678,2622.988863,2320.429189,3459.79,14280,16,77,17821440.0,3034949.0394,9840.3766,8434.4982,225.9208,0.0,0.0,0.0,82,0.04,1.044992,0.500227,0.502713,1.025388,0.407937,0.350133,0.301231,0.503818,0.049484,0.202378,0.305681,0.499145,0.400599,0.051556,0.018622,0.00373,0.005371,0.016929,0.003102,0.004019,0.001211,0.003978,3.5e-05,0.000558,0.001109,0.00308,0.003053,0.000155
14300,528,7008,6480,6480,0,0,0,77,15.485095,0.0,17812.18902,642.131061,2622.383844,2320.324003,3434.02,14300,16,77,17846400.0,3040500.2394,9862.0437,8448.8154,226.0739,0.0,0.0,0.0,82,0.039773,1.043989,0.501199,0.503152,1.023998,0.407158,0.350271,0.30153,0.505416,0.049482,0.202093,0.305294,0.498595,0.399641,0.051578,0.018412,0.003674,0.005371,0.016969,0.002971,0.004038,0.001229,0.003957,3.4e-05,0.000551,0.001111,0.00309,0.003109,0.000157
14320,529,7020,6491,6491,0,0,0,81,15.11061,0.0,17807.834647,645.391446,2619.497944,2320.935222,3427.78,14320,16,77,17871360.0,3046063.1934,9882.9597,8464.9766,226.0739,0.0,0.0,0.0,82,0.039698,1.045827,0.500832,0.502661,1.022353,0.408198,0.350976,0.301629,0.504589,0.049375,0.202012,0.305697,0.498685,0.399485,0.051566,0.018743,0.003702,0.005422,0.017157,0.003086,0.00407,0.001221,0.004143,3.5e-05,0.000564,0.001141,0.003101,0.003119,0.00016
14340,530,7032,6502,6502,0,0,0,77,13.364355,0.0,17776.036393,650.386464,2616.249181,2320.91899,3436.99,14340,17,77,17896320.0,3051640.4904,9904.222,8482.4322,227.1186,0.0,0.0,0.0,82,0.041509,1.047428,0.501115,0.503737,1.023268,0.408113,0.351257,0.302368,0.50454,0.049375,0.202012,0.305402,0.498695,0.399738,0.05166,0.019126,0.00376,0.005377,0.017922,0.003093,0.004038,0.00121,0.004061,3.5e-05,0.00057,0.001127,0.003217,0.003076,0.000159
14360,528,7039,6511,6511,0,0,0,77,14.806479,0.0,17739.789767,652.365912,2612.827609,2319.213807,3449.26,14360,17,77,17921280.0,3057232.9704,9928.2184,8495.893,227.3454,0.0,0.0,0.0,82,0.039773,1.047692,0.501628,0.503853,1.023695,0.40762,0.351179,0.302207,0.504748,0.049388,0.201852,0.305195,0.498575,0.400239,0.051643,0.019624,0.003825,0.005212,0.017978,0.00313,0.004018,0.001203,0.004082,3.4e-05,0.000571,0.001139,0.003192,0.003171,0.000155
14380,524,7048,6524,6524,0,0,0,78,16.87614,0.0,17726.859465,646.415302,2616.708557,2318.945293,3483.34,14380,17,77,17946240.0,3062825.4504,9952.3877,8506.3521,227.3853,0.0,0.0,0.0,82,0.040076,1.04637,0.501493,0.5046,1.022509,0.407678,0.351521,0.302271,0.504339,0.049408,0.201584,0.30546,0.498237,0.400851,0.051674,0.019477,0.00381,0.005078,0.018337,0.0032,0.004079,0.001218,0.003918,3.4e-05,0.000582,0.001126,0.003237,0.003189,0.000155
14400,518,7063,6545,6545,0,0,0,86,19.688916,0.0,17803.205255,630.994527,2629.316558,2321.306676,3504.14,14400,17,77,17971200.0,3068412.6144,9974.6698,8516.6481,227.7451,0.0,0.0,0.0,82,0.03861,1.04606,0.502341,0.504932,1.023531,0.408813,0.351812,0.301885,0.504569,0.049434,0.201422,0.305811,0.497976,0.400293,0.051586,0.019684,0.003785,0.005063,0.018427,0.003298,0.004014,0.001242,0.003878,3.4e-05,0.000576,0.001139,0.003338,0.00319,0.000157
14420,518,7077,6559,6559,0,0,0,84,17.905085,0.0,17919.85591,630.622879,2631.472036,2322.375202,3513.13,14420,17,77,17996160.0,3073991.6345,9997.9605,8533.569,228.1761,0.0,0.0,0.0,82,0.03861,1.048312,0.502701,0.504876,1.025042,0.409037,0.352899,0.301451,0.503726,0.049461,0.20141,0.305386,0.498041,0.40047,0.051605,0.020459,0.003746,0.005217,0.018874,0.003313,0.004071,0.001247,0.003917,3.4e-05,0.000578,0.001146,0.003358,0.003226,0.000161
14440,522,7096,6574,6574,0,0,0,78,17.695816,0.0,18030.568843,632.646555,2629.657629,2322.111226,3495.31,14440,17,77,18021120.0,3079570.8245,10023.2597,8553.0758,229.4249,0.0,0.0,0.0,82,0.038314,1.04831,0.50254,0.504413,1.025246,0.408137,0.352749,0.301989,0.504217,0.049458,0.201702,0.305914,0.49711,0.400364,0.051475,0.021052,0.003806,0.005263,0.018746,0.003263,0.004053,0.00123,0.004051,3.4e-05,0.000577,0.001154,0.003264,0.003278,0.000162
14460,518,7110,6592,6592,0,0,0,87,21.620632,0.0,18128.178147,632.040354,2626.339013,2321.364809,3494.8,14460,17,77,18046080.0,3085169.1845,10049.5466,8574.9084,230.0257,0.0,0.0,0.0,82,0.03861,1.046477,0.50127,0.503924,1.026307,0.40798,0.353095,0.301529,0.504683,0.049318,0.20163,0.305932,0.497341,0.400007,0.051533,0.020958,0.00371,0.005257,0.018722,0.003314,0.004065,0.001261,0.00409,3.2e-05,0.000574,0.00118,0.003289,0.003132,0.000155
14480,518,7117,6599,6599,0,0,0,79,17.952739,0.0,18228.99737,639.854775,2622.192486,2320.590941,3511.36,14480,17,77,18071040.0,3090767.5445,10076.6173,8591.164,230.5029,0.0,0.0,0.0,82,0.03861,1.046257,0.500687,0.504768,1.025638,0.407916,0.353205,0.301701,0.506023,0.04934,0.202013,0.305941,0.497433,0.400111,0.051499,0.020944,0.00376,0.00524,0.018656,0.003334,0.004067,0.001239,0.004126,3.2e-05,0.00058,0.001178,0.003244,0.003149,0.000155
14500,522,7129,6607,6607,0,0,0,77,18.073237,0.0,18278.765626,641.229656,2620.697107,2319.202798,3494.99,14500,17,77,18096000.0,3096365.9045,10105.0251,8604.0938,230.6963,0.0,0.0,0.0,82,0.036398,1.04416,0.499567,0.504089,1.025102,0.40827,0.352644,0.301404,0.506532,0.04939,0.202054,0.30547,0.497738,0.399058,0.051597,0.020165,0.003817,0.005243,0.018093,0.003276,0.003995,0.001245,0.004104,3.2e-05,0.00058,0.001196,0.003167,0.003144,0.000155
14520,520,7139,6619,6619,0,0,0,78,14.837648,0.0,18382.540404,638.774179,2626.388172,2317.450407,3507.86,14520,17,77,18120960.0,3101984.9747,10135.082,8615.8904,231.1027,0.0,0.0,0.0,82,0.034615,1.046332,0.498937,0.504083,1.027059,0.408538,0.352081,0.30093,0.50624,0.04946,0.202101,0.305817,0.497203,0.399372,0.051503,0.021142,0.003633,0.005368,0.017963,0.003282,0.004038,0.001238,0.004022,3.2e-05,0.000568,0.001185,0.003111,0.003193,0.000154
14540,519,7151,6632,6632,0,0,0,81,17.845379,0.0,18470.932344,635.598702,2626.555919,2316.318387,3513.56,14540,17,77,18145920.0,3107605.4447,10165.6284,8630.1596,231.2917,0.0,0.0,0.0,82,0.032755,1.045405,0.499393,0.504168,1.024574,0.409445,0.351796,0.300975,0.504748,0.049457,0.202272,0.305838,0.497642,0.398547,0.051444,0.019958,0.003559,0.005407,0.017569,0.003301,0.004026,0.001257,0.003984,3.3e-05,0.000558,0.001201,0.003047,0.003029,0.000156
14560,518,7161,6643,6643,0,0,0,80,17.235366,0.0,18607.975474,634.113937,2628.650697,2315.872743,3533.48,14560,17,77,18170880.0,3113225.9147,10196.0533,8643.2437,231.5096,0.0,0.0,0.0,98,0.034749,1.042935,0.498954,0.503439,1.021902,0.409944,0.35183,0.301521,0.50454,0.049403,0.202203,0.305601,0.496919,0.399186,0.051449,0.019601,0.00346,0.00519,0.017049,0.003341,0.004038,0.001315,0.003947,3.3e-05,0.000558,0.001193,0.002956,0.002962,0.000148
14580,515,7173,6658,6658,0,0,0,83,18.159175,0.0,18770.467,630.912753,2630.928071,2315.75228,3554.66,14580,17,77,18195840.0,3118852.8197,10226.1578,8658.3474,231.9564,0.0,0.0,0.0,98,0.03301,1.042488,0.497762,0.503098,1.02247,0.409764,0.351299,0.300914,0.50398,0.049424,0.202305,0.305531,0.496967,0.399268,0.05148,0.019334,0.003378,0.005257,0.016969,0.003296,0.004049,0.001299,0.003871,3.3e-05,0.000561,0.001198,0.002955,0.003018,0.000147
14600,522,7193,6671,6671,0,0,0,78,16.368517,0.0,18972.658942,631.510661,2632.120823,2315.668727,3512.63,14600,17,77,18220800.0,3124504.5962,10256.4594,8675.4514,232.1999,0.0,0.0,0.0,82,0.038314,1.043773,0.498358,0.503112,1.024528,0.409528,0.351851,0.301412,0.504837,0.049331,0.201807,0.305744,0.497903,0.399108,0.051548,0.019095,0.003397,0.005516,0.017026,0.003285,0.004092,0.001289,0.004038,3.4e-05,0.00055,0.001175,0.003168,0.003039,0.000149
14620,527,7205,6678,6678,0,0,0,77,16.123542,0.0,19106.196736,643.269232,2620.607226,2315.689845,3496.14,14620,17,77,18245760.0,3130159.6262,10286.5531,8695.6447,232.2581,0.0,0.0,0.0,82,0.037951,1.04606,0.498844,0.501888,1.024964,0.410135,0.352097,0.301506,0.505364,0.049231,0.202001,0.305942,0.498167,0.398059,0.051508,0.019238,0.003502,0.005558,0.017663,0.003351,0.004103,0.001284,0.004282,3.5e-05,0.000537,0.001186,0.003202,0.003105,0.000149
14640,527,7218,6691,6691,0,0,0,79,18.890624,0.0,19167.159191,647.493574,2613.615802,2315.423869,3511.46,14640,17,77,18270720.0,3135826.552,10317.0994,8715.6148,233.0026,0.0,0.0,0.0,82,0.037951,1.047238,0.499909,0.502435,1.023858,0.41038,0.351949,0.30169,0.504037,0.049268,0.201901,0.306418,0.49865,0.39946,0.051592,0.018868,0.003586,0.005501,0.01768,0.003321,0.004116,0.001282,0.004167,3.6e-05,0.000535,0.001155,0.003206,0.003119,0.000152
14660,536,7236,6700,6700,0,0,0,78,16.968327,0.0,19188.992369,653.655395,2609.376279,2315.290038,3463.59,14660,17,77,18295680.0,3141493.9378,10347.6458,8733.6775,233.741,0.0,0.0,0.0,82,0.037313,1.047264,0.499942,0.504308,1.025766,0.409482,0.351242,0.302537,0.504424,0.049374,0.201547,0.306059,0.498928,0.399291,0.051683,0.019167,0.003556,0.005731,0.019112,0.003338,0.004304,0.001309,0.004031,3.5e-05,0.000518,0.001154,0.003206,0.00328,0.000158
14680,536,7250,6714,6714,0,0,0,82,18.360082,0.0,19187.980507,655.052276,2606.587642,2315.339729,3466.32,14680,17,77,18320640.0,3147167.1553,10378.0725,8752.6737,234.1089,0.0,0.0,0.0,82,0.041045,1.046652,0.499227,0.504587,1.025378,0.408757,0.351415,0.302498,0.504237,0.049302,0.201279,0.306281,0.498404,0.398802,0.051673,0.018693,0.003553,0.005505,0.019325,0.003253,0.004309,0.001291,0.003975,3.6e-05,0.000516,0.00115,0.003303,0.003174,0.000154
14700,541,7263,6722,6722,0,0,0,82,17.861157,0.0,19180.251744,661.709398,2600.429445,2315.677611,3451.89,14700,17,77,18345600.0,3152869.8778,10408.0057,8769.9331,234.3961,0.0,0.0,0.0,82,0.040665,1.045985,0.500294,0.504968,1.026192,0.408255,0.35122,0.303037,0.504239,0.049416,0.201037,0.30584,0.49803,0.399821,0.051733,0.018707,0.00373,0.0055,0.019507,0.003213,0.004289,0.001289,0.003876,3.6e-05,0.000513,0.001133,0.003297,0.003168,0.000156
14720,545,7281,6736,6736,0,0,0,79,15.994825,0.0,19155.070111,663.694987,2600.310188,2315.647335,3441.62,14720,17,77,18370560.0,3158594.2693,10438.1103,8789.1759,234.6836,0.0,0.0,0.0,82,0.040367,1.048319,0.4998,0.504622,1.026788,0.407889,0.351566,0.303537,0.50557,0.049456,0.20129,0.306231,0.498098,0.401182,0.051708,0.019026,0.003769,0.00555,0.01968,0.003218,0.004332,0.001308,0.004009,3.8e-05,0.000512,0.001146,0.003358,0.003288,0.00016
14740,543,7298,6755,6755,0,0,0,85,19.881313,0.0,19127.533377,661.445143,2598.673544,2315.285798,3462.21,14740,17,77,18395520.0,3164326.3993,10468.7547,8811.3655,235.4451,0.0,0.0,0.0,82,0.036832,1.045851,0.500071,0.504825,1.023606,0.407339,0.352959,0.303477,0.505612,0.049427,0.201252,0.306801,0.49795,0.401696,0.05173,0.019007,0.003734,0.005542,0.019924,0.003335,0.004449,0.001294,0.003958,3.7e-05,0.000525,0.00111,0.003192,0.003346,0.000157
14760,551,7319,6768,6768,0,0,0,86,18.349561,0.0,19082.820442,666.891728,2594.758711,2313.834874,3410.82,14760,17,77,18420480.0,3170066.3488,10501.0408,8832.8427,235.9288,0.0,0.0,0.0,82,0.039927,1.046015,0.500665,0.505391,1.02266,0.40736,0.35241,0.303549,0.504792,0.049455,0.201225,0.306685,0.498828,0.402646,0.051714,0.019053,0.003607,0.005569,0.019345,0.003289,0.004495,0.001269,0.003878,3.7e-05,0.000526,0.001135,0.003219,0.003327,0.000164
14780,554,7331,6777,6777,0,0,0,84,18.029988,0.0,18980.439105,678.159548,2583.810465,2311.742323,3401.54,14780,17,77,18445440.0,3175810.1244,10534.9783,8855.0909,236.2765,0.0,0.0,0.0,82,0.037906,1.047379,0.500485,0.506185,1.022756,0.406696,0.352129,0.303975,0.505363,0.049519,0.201499,0.306805,0.49959,0.403199,0.051777,0.01964,0.003601,0.005642,0.01964,0.003323,0.004477,0.001274,0.003951,3.7e-05,0.000537,0.001159,0.003271,0.003463,0.000165
14800,551,7339,6788,6788,0,0,0,77,14.382025,0.0,18855.818316,683.019822,2582.598153,2308.658235,3433.59,14800,17,77,18470400.0,3181541.6364,10571.3912,8872.8758,236.9132,0.0,0.0,0.0,82,0.038113,1.048543,0.499973,0.506753,1.020626,0.407187,0.353377,0.304053,0.505346,0.049473,0.201121,0.306694,0.499607,0.402632,0.051827,0.019617,0.003676,0.005669,0.019903,0.003317,0.004541,0.001275,0.0039,3.8e-05,0.000543,0.001142,0.003237,0.003429,0.000165
14820,550,7353,6803,6803,0,0,0,82,17.879325,0.0,18740.008992,676.285365,2585.835311,2305.948706,3439.78,14820,17,77,18495360.0,3187280.5689,10608.8131,8885.8897,237.2783,0.0,0.0,0.0,82,0.038182,1.046372,0.499977,0.505939,1.023542,0.407404,0.352782,0.303982,0.505973,0.049518,0.201206,0.306512,0.499214,0.40205,0.051562,0.018727,0.003666,0.005456,0.019778,0.003238,0.004487,0.00125,0.003874,3.9e-05,0.000557,0.001151,0.003218,0.003442,0.000162
14840,549,7367,6818,6818,0,0,0,84,20.855257,0.0,18637.567038,673.598323,2585.54642,2303.7216,3438.97,14840,17,77,18520320.0,3193026.0204,10646.8244,8901.5093,237.6822,0.0,0.0,0.0,82,0.03643,1.046914,0.500006,0.505485,1.024593,0.407069,0.351881,0.303913,0.506878,0.049627,0.201309,0.306571,0.498487,0.401596,0.051347,0.018431,0.003391,0.005298,0.02004,0.003226,0.00447,0.001231,0.003679,4e-05,0.000562,0.001127,0.003184,0.003426,0.00016
14860,554,7382,6828,6828,0,0,0,90,17.529257,0.0,18543.631701,679.237093,2583.233649,2301.52644,3411.94,14860,17,77,18545280.0,3198779.9434,10685.2642,8919.744,237.7215,0.0,0.0,0.0,82,0.036101,1.048066,0.499345,0.505882,1.024487,0.407688,0.352592,0.303714,0.507028,0.049641,0.201313,0.306887,0.498619,0.401568,0.051456,0.019321,0.00339,0.005239,0.020455,0.00329,0.004454,0.001254,0.0037,4.1e-05,0.000565,0.001133,0.003242,0.003461,0.000161
14880,555,7401,6846,6846,0,0,0,89,20.109581,0.0,18410.926726,676.269411,2583.621009,2299.428297,3405.67,14880,17,77,18570240.0,3204534.0334,10724.3909,8938.4928,238.0011,0.0,0.0,0.0,82,0.037838,1.049812,0.49995,0.505318,1.023974,0.407603,0.354136,0.304017,0.508454,0.049659,0.201276,0.306792,0.498745,0.400831,0.051468,0.019689,0.003453,0.005259,0.020469,0.003252,0.004505,0.001273,0.003861,4.2e-05,0.000562,0.001147,0.003259,0.003535,0.000163
14900,552,7412,6860,6860,0,0,0,98,21.312659,0.0,18314.001994,675.911764,2582.775577,2297.865732,3415.7,14900,17,77,18595200.0,3210288.1234,10763.5176,8956.5267,238.064,0.0,0.0,0.0,82,0.036232,1.048428,0.499672,0.505099,1.024158,0.408113,0.354078,0.304091,0.507762,0.049636,0.201089,0.306849,0.499102,0.400282,0.051345,0.019823,0.003318,0.004989,0.020847,0.00327,0.004482,0.001261,0.003924,4.2e-05,0.00055,0.001165,0.003361,0.003577,0.000159
14920,543,7424,6881,6881,0,0,0,98,21.421427,0.0,18241.771225,668.905909,2589.672663,2296.617988,3483.63,14920,17,77,18620160.0,3216042.2134,10802.6443,8974.4271,238.8901,0.0,0.0,0.0,82,0.036832,1.049925,0.499117,0.504339,1.023979,0.408376,0.353841,0.303342,0.507019,0.049614,0.201307,0.306802,0.499294,0.400182,0.051298,0.019907,0.003346,0.005078,0.02042,0.003246,0.004511,0.001236,0.003857,4.2e-05,0.000568,0.001158,0.003386,0.003507,0.000155
14940,542,7435,6893,6893,0,0,0,90,18.340547,0.0,18230.134386,668.573786,2593.085667,2295.560478,3482.72,14940,17,77,18645120.0,3221796.3034,10841.771,8989.1444,239.1453,0.0,0.0,0.0,82,0.038745,1.049266,0.498431,0.503397,1.023267,0.408374,0.353988,0.303071,0.506715,0.049518,0.201604,0.307041,0.499311,0.399297,0.051332,0.019734,0.003347,0.005161,0.020042,0.003334,0.004534,0.001237,0.003904,4.3e-05,0.000577,0.001172,0.003434,0.003388,0.000155
14960,531,7441,6910,6910,0,0,0,94,21.634026,0.0,18272.122451,659.489994,2598.87598,2294.6167,3562.19,14960,17,77,18670080.0,3227550.3934,10880.8977,9001.6166,239.4823,0.0,0.0,0.0,82,0.039548,1.04915,0.49859,0.503811,1.021433,0.408254,0.353808,0.302852,0.506876,0.049553,0.201798,0.306128,0.499112,0.399241,0.051467,0.019745,0.003312,0.005055,0.020218,0.003368,0.004549,0.001241,0.003911,4.1e-05,0.000583,0.001174,0.003459,0.003387,0.000155
14980,539,7456,6917,6917,0,0,0,90,19.621648,0.0,18319.696785,663.750948,2596.627404,2293.797271,3521.04,14980,17,77,18695040.0,3233304.4834,10919.962,9014.7076,239.7809,0.0,0.0,0.0,82,0.038961,1.048674,0.498248,0.503471,1.020071,0.409497,0.353843,0.30278,0.508282,0.049535,0.202143,0.305907,0.499341,0.398589,0.051489,0.020226,0.003295,0.004973,0.020176,0.003429,0.004529,0.001263,0.004173,4e-05,0.000607,0.001196,0.003406,0.003436,0.000159
15000,542,7471,6929,6929,0,0,0,92,22.850164,0.0,18317.18051,664.2407,2592.909136,2293.175695,3509.46,15000,17,77,18720000.0,3239058.5734,10958.5878,9029.9037,240.1716,0.0,0.0,0.0,82,0.038745,1.047627,0.498532,0.504174,1.023024,0.409391,0.3532,0.303236,0.506886,0.049493,0.201972,0.305362,0.498446,0.398478,0.051432,0.019905,0.003218,0.005048,0.020245,0.003397,0.00453,0.001248,0.003946,3.9e-05,0.000619,0.001181,0.003357,0.003383,0.00016
15020,540,7481,6941,6941,0,0,0,95,21.529655,0.0,18336.312977,664.352171,2594.118174,2292.131247,3537.98,15020,17,77,18744960.0,3244817.6659,10997.7144,9045.6525,240.1716,0.0,0.0,0.0,82,0.038889,1.047013,0.497918,0.503964,1.024469,0.40971,0.35386,0.303826,0.507041,0.049535,0.20203,0.305664,0.497797,0.398449,0.05147,0.020091,0.00322,0.004993,0.020519,0.0034,0.004573,0.001281,0.003962,4e-05,0.000618,0.001186,0.003261,0.003433,0.00016
15040,543,7498,6955,6955,0,0,0,93,17.977968,0.0,18413.41897,663.214315,2598.807717,2291.141433,3497.11,15040,17,77,18769920.0,3250607.2294,11036.8411,9062.8447,240.7282,0.0,0.0,0.0,82,0.036832,1.044503,0.498638,0.504018,1.024247,0.410198,0.35321,0.303686,0.505858,0.04959,0.201996,0.304942,0.49984,0.397398,0.051724,0.018978,0.003477,0.005075,0.020006,0.003373,0.004545,0.001314,0.003862,4e-05,0.000632,0.001194,0.003349,0.003273,0.000166
15060,543,7505,6962,6962,0,0,0,96,19.143178,0.0,18476.457259,667.965906,2592.890916,2290.106025,3498.94,15060,17,77,18794880.0,3256404.7466,11075.9678,9075.8591,241.2262,0.0,0.0,0.0,82,0.036832,1.045198,0.497986,0.503768,1.025192,0.409556,0.353857,0.304025,0.505669,0.049534,0.201806,0.305039,0.499365,0.398401,0.051748,0.020122,0.003436,0.00507,0.020334,0.003382,0.004554,0.001314,0.00382,4e-05,0.000618,0.001223,0.003258,0.003381,0.000163
15080,549,7518,6969,6969,0,0,0,94,17.508106,0.0,18492.573774,673.472448,2589.019446,2289.620885,3476.52,15080,17,77,18819840.0,3262219.8896,11114.1961,9090.9192,241.5094,0.0,0.0,0.0,82,0.03643,1.042554,0.498413,0.504323,1.022259,0.410145,0.35381,0.304267,0.504984,0.049502,0.201773,0.304747,0.498796,0.397997,0.051727,0.019361,0.003467,0.005082,0.020217,0.003426,0.004534,0.001359,0.003706,4e-05,0.00061,0.001231,0.003247,0.003327,0.00016
15100,546,7531,6985,6985,0,0,0,92,15.635592,0.0,18532.412111,667.899149,2596.465259,2287.964257,3505.55,15100,17,77,18844800.0,3268036.9496,11153.298,9104.6926,242.2086,0.0,0.0,0.0,82,0.03663,1.044128,0.49857,0.505074,1.023543,0.41004,0.354984,0.30415,0.505147,0.049653,0.201485,0.304353,0.499214,0.399058,0.051897,0.019363,0.003497,0.005228,0.020153,0.003395,0.004626,0.001376,0.003781,4e-05,0.000626,0.001252,0.003194,0.003381,0.000163
15120,549,7549,7000,7000,0,0,0,89,19.25289,0.0,18557.283844,666.73739,2594.00972,2285.80824,3493.76,15120,17,77,18869760.0,3273854.0096,11192.6759,9122.0311,242.6246,0.0,0.0,0.0,82,0.03643,1.044305,0.499148,0.505544,1.025638,0.408617,0.354652,0.303659,0.505622,0.049631,0.201444,0.30457,0.498321,0.399692,0.051825,0.019101,0.003544,0.005359,0.020088,0.003325,0.004639,0.001413,0.003742,4e-05,0.000625,0.001242,0.003231,0.003346,0.000163
15140,546,7561,7015,7015,0,0,0,87,17.500733,0.0,18609.878577,666.646789,2595.852478,2282.051762,3510.88,15140,17,77,18894720.0,3279671.0696,11233.3556,9140.5821,243.0373,0.0,0.0,0.0,82,0.034799,1.046259,0.49918,0.505423,1.026328,0.408429,0.355076,0.303553,0.505611,0.049736,0.200964,0.304775,0.497468,0.399601,0.051584,0.020307,0.003588,0.005322,0.019803,0.003365,0.004606,0.001401,0.004045,4e-05,0.000616,0.00127,0.003228,0.003398,0.000159
15160,547,7575,7028,7028,0,0,0,88,17.47141,0.0,18660.036286,669.861291,2592.667299,2276.393113,3518.54,15160,18,77,18919680.0,3285499.7885,11275.6647,9159.698,243.2396,0.0,0.0,0.0,82,0.031079,1.049333,0.499102,0.504448,1.027647,0.407998,0.355091,0.304141,0.505995,0.049839,0.201091,0.305632,0.496821,0.399947,0.051522,0.020395,0.003639,0.005368,0.02305,0.00329,0.004676,0.001419,0.00411,4e-05,0.000616,0.00126,0.003191,0.003487,0.000164
15180,550,7588,7038,7038,0,0,0,89,15.696429,0.0,18693.08557,674.781808,2589.521763,2268.018745,3502.55,15180,18,77,18944640.0,3291332.6585,11319.031,9176.8422,243.4846,0.0,0.0,0.0,73,0.032727,1.049138,0.49906,0.504036,1.029706,0.409214,0.354997,0.304418,0.506466,0.049823,0.200864,0.305513,0.496226,0.399037,0.051487,0.020368,0.003624,0.005298,0.023696,0.003272,0.00462,0.001431,0.004056,3.9e-05,0.000593,0.001258,0.003061,0.003509,0.000162
15200,542,7595,7053,7053,0,0,0,90,15.222382,0.0,18745.95352,670.129683,2594.647935,2261.191325,3564.55,15200,18,77,18969600.0,3297165.5285,11355.9676,9191.058,244.2348,0.0,0.0,0.0,73,0.03321,1.048298,0.49931,0.50501,1.028478,0.40929,0.355042,0.304675,0.506039,0.049856,0.200912,0.305444,0.495973,0.400575,0.051362,0.020251,0.003545,0.005339,0.022988,0.003319,0.004678,0.001427,0.00405,4e-05,0.000582,0.001265,0.002982,0.00351,0.000166
15220,546,7608,7062,7062,0,0,0,84,16.056697,0.0,18804.941432,670.800878,2593.142425,2259.943872,3528.45,15220,18,77,18994560.0,3302998.3985,11386.5427,9203.1575,244.4847,0.0,0.0,0.0,73,0.032967,1.046757,0.499848,0.505134,1.028113,0.409374,0.355464,0.304592,0.506249,0.04987,0.200878,0.305565,0.496048,0.400573,0.051329,0.020123,0.003644,0.005338,0.022895,0.003371,0.004688,0.001469,0.004123,3.9e-05,0.000596,0.001233,0.002954,0.003491,0.000166
15240,538,7618,7080,7080,0,0,0,84,18.330787,0.0,18898.363343,660.958835,2600.710378,2258.928635,3554.12,15240,18,77,19019520.0,3308845.8185,11417.1178,9215.8169,245.4149,0.0,0.0,0.0,98,0.033457,1.045428,0.499553,0.504599,1.029249,0.408903,0.356639,0.304359,0.505502,0.049828,0.201014,0.306005,0.495207,0.401013,0.051293,0.019676,0.003668,0.005324,0.023351,0.003391,0.004731,0.001456,0.003986,3.9e-05,0.000591,0.001217,0.003049,0.003447,0.000165
15260,539,7630,7091,7091,0,0,0,77,16.433212,0.0,19038.605471,660.507385,2603.059403,2258.069718,3546.71,15260,18,77,19044480.0,3314704.268,11447.6886,9229.3591,245.6351,0.0,0.0,0.0,98,0.033395,1.045364,0.500613,0.504779,1.029038,0.409574,0.356578,0.304284,0.504532,0.049883,0.20102,0.305677,0.495913,0.400861,0.051305,0.019042,0.003768,0.00537,0.023078,0.0034,0.004813,0.001454,0.004027,4.3e-05,0.000589,0.001222,0.003072,0.003341,0.000172
15280,543,7645,7102,7102,0,0,0,75,16.083291,0.0,19181.5439,662.747913,2601.168795,2256.494612,3536.17,15280,18,77,19069440.0,3320563.298,11479.2925,9244.7698,246.1501,0.0,0.0,0.0,82,0.034991,1.045932,0.499638,0.503861,1.028988,0.409206,0.35675,0.304343,0.505184,0.049839,0.201258,0.306182,0.49546,0.401406,0.051091,0.01939,0.003451,0.005243,0.02336,0.003377,0.004842,0.001445,0.004011,4.3e-05,0.000577,0.001169,0.003207,0.003349,0.000164
15300,545,7660,7115,7115,0,0,0,72,13.121988,0.0,19301.188766,666.656312,2600.2217,2254.406741,3529.5,15300,18,77,19094400.0,3326422.328,11512.4378,9264.2047,247.4879,0.0,0.0,0.0,82,0.036697,1.045677,0.499704,0.504362,1.029325,0.408558,0.356525,0.304357,0.505268,0.049909,0.2013,0.306726,0.494528,0.401392,0.05132,0.019398,0.003546,0.005245,0.023655,0.003302,0.004809,0.00146,0.003938,4.2e-05,0.000576,0.00115,0.003227,0.003345,0.000165
15320,549,7672,7123,7123,0,0,0,67,11.786556,0.0,19378.511393,673.874826,2594.338619,2252.679817,3500.88,15320,18,77,19119360.0,3332281.358,11546.288,9281.1375,247.6896,0.0,0.0,0.0,82,0.038251,1.045626,0.499811,0.504762,1.029485,0.408275,0.357402,0.304862,0.505829,0.049933,0.201314,0.306392,0.495218,0.400805,0.051423,0.019459,0.003559,0.005267,0.023713,0.003323,0.00482,0.001476,0.003931,4.4e-05,0.000585,0.001184,0.003274,0.003394,0.000166
15340,553,7688,7135,7135,0,0,0,71,18.049268,0.0,19382.906253,677.065655,2584.885077,2251.537673,3482.99,15340,18,77,19144320.0,3338143.802,11580.1383,9299.5726,248.0396,0.0,0.0,0.0,82,0.037975,1.04567,0.499339,0.504879,1.02878,0.408038,0.357051,0.304963,0.506205,0.05004,0.201412,0.306473,0.494759,0.400259,0.05141,0.019594,0.003461,0.005207,0.023965,0.003351,0.004759,0.001475,0.00394,4.5e-05,0.000569,0.001212,0.00322,0.003403,0.000167
15360,551,7704,7153,7153,0,0,0,74,19.384183,0.0,19423.078273,671.869176,2588.746642,2250.667509,3448.68,15360,18,77,19169280.0,3344019.7685,11613.9885,9317.2896,248.6857,0.0,0.0,0.0,82,0.039927,1.046008,0.499208,0.504691,1.029376,0.407213,0.357384,0.304612,0.506515,0.050058,0.201506,0.306656,0.495427,0.400103,0.051413,0.020784,0.00349,0.005485,0.024084,0.003284,0.004875,0.001487,0.003868,4.6e-05,0.000576,0.001214,0.003239,0.00346,0.00017
15380,547,7717,7170,7170,0,0,0,78,20.453553,0.0,19514.443911,668.321891,2591.224556,2249.91903,3477.64,15380,17,77,19194240.0,3349909.694,11647.8387,9334.8427,249.571,0.0,0.0,0.0,82,0.040219,1.045794,0.499405,0.504951,1.026951,0.407641,0.356564,0.304064,0.506101,0.050041,0.20141,0.306431,0.495504,0.399738,0.051296,0.020669,0.003461,0.005432,0.021481,0.003311,0.004779,0.00138,0.003871,4.5e-05,0.000581,0.001209,0.003283,0.003297,0.000164
15400,560,7736,7176,7176,0,0,0,75,17.493558,0.0,19563.340318,679.532083,2582.974359,2249.211677,3391.26,15400,18,77,19219200.0,3355806.8075,11681.6889,9353.4162,250.0857,0.0,0.0,0.0,82,0.0375,1.045559,0.50063,0.504338,1.027741,0.407194,0.356164,0.303842,0.506772,0.050101,0.201832,0.30662,0.49572,0.400428,0.051418,0.020552,0.003902,0.005358,0.022516,0.003349,0.004928,0.001405,0.003899,4.7e-05,0.000589,0.00121,0.003342,0.003499,0.000168
15420,562,7748,7186,7186,0,0,0,78,17.392479,0.0,19536.944352,686.899443,2575.708078,2248.495475,3395.88,15420,18,77,19244160.0,3361704.1775,11715.5391,9373.6117,250.745,0.0,0.0,0.0,82,0.037367,1.044015,0.500146,0.504456,1.028164,0.407025,0.356933,0.303703,0.507378,0.050086,0.201683,0.30686,0.49604,0.400009,0.051631,0.020834,0.003876,0.005428,0.022196,0.003331,0.004952,0.001405,0.003961,4.7e-05,0.000597,0.00121,0.003372,0.003524,0.000173
15440,565,7763,7198,7198,0,0,0,81,18.588896,0.0,19481.960443,688.883376,2572.527728,2247.731881,3380.45,15440,18,77,19269120.0,3367607.5625,11749.3893,9390.2878,251.0882,0.0,0.0,0.0,82,0.037168,1.043396,0.500504,0.504533,1.027529,0.407924,0.357093,0.30408,0.508015,0.049973,0.201846,0.306605,0.495259,0.399808,0.051477,0.020698,0.003886,0.005332,0.022268,0.003332,0.004941,0.001409,0.003974,4.6e-05,0.000614,0.001217,0.003403,0.003502,0.000171
15460,567,7779,7212,7212,0,0,0,82,20.985868,0.0,19386.979583,690.08671,2568.927422,2246.882356,3362.16,15460,18,77,19294080.0,3373516.9625,11783.2396,9409.0943,251.6056,0.0,0.0,0.0,82,0.037037,1.043116,0.499543,0.503952,1.024594,0.40847,0.357331,0.303903,0.507159,0.049964,0.20174,0.305928,0.49629,0.400381,0.05143,0.020335,0.003876,0.005418,0.021593,0.003381,0.005038,0.001422,0.003797,4.6e-05,0.00062,0.001216,0.003344,0.003427,0.000169
15480,579,7802,7223,7223,0,0,0,71,13.350451,0.0,19248.54806,699.248598,2567.40095,2245.898741,3292.72,15480,18,77,19319040.0,3379426.3625,11817.0898,9431.1146,252.3885,0.0,0.0,0.0,82,0.034542,1.046331,0.500162,0.503629,1.025861,0.409725,0.357343,0.30373,0.508193,0.049991,0.201522,0.305671,0.496769,0.399337,0.051641,0.020954,0.004088,0.005442,0.022567,0.003395,0.005064,0.001446,0.004056,4.7e-05,0.000633,0.001251,0.003297,0.003556,0.000174
15500,571,7814,7243,7243,0,0,0,76,18.12949,0.0,19090.032241,696.907669,2564.96284,2244.710864,3337.67,15500,18,77,19344000.0,3385335.7625,11850.94,9453.4507,253.5806,0.0,0.0,0.0,82,0.035026,1.044627,0.499623,0.503109,1.026915,0.410406,0.357038,0.303749,0.507418,0.049937,0.201829,0.305896,0.496364,0.39888,0.051631,0.019382,0.003717,0.005138,0.022748,0.003278,0.005045,0.001433,0.004073,4.5e-05,0.000633,0.001264,0.003324,0.003515,0.000169
15520,569,7823,7254,7254,0,0,0,78,16.078835,0.0,18957.400117,700.499047,2563.422119,2244.30309,3365.19,15520,18,77,19368960.0,3391245.1625,11883.722,9470.4549,254.0177,0.0,0.0,0.0,82,0.035149,1.045369,0.499829,0.502961,1.027072,0.410005,0.357232,0.304405,0.506889,0.04989,0.201314,0.306329,0.496124,0.399458,0.051624,0.019366,0.003715,0.005148,0.022886,0.003248,0.005062,0.001437,0.00403,4.5e-05,0.000619,0.001237,0.003323,0.00354,0.000168
15540,565,7835,7270,7270,0,0,0,84,16.691519,0.0,18839.301518,694.365104,2568.943377,2247.457055,3395.07,15540,18,77,19393920.0,3397154.5625,11913.2993,9484.0273,254.7865,0.0,0.0,0.0,73,0.035398,1.044631,0.499691,0.502947,1.028642,0.40989,0.357166,0.30449,0.507505,0.049827,0.201426,0.305684,0.496423,0.399681,0.051556,0.019112,0.003577,0.005195,0.023193,0.003293,0.005052,0.00144,0.004,4.1e-05,0.000609,0.001206,0.00325,0.00354,0.000159
15560,562,7847,7285,7285,0,0,0,87,17.562185,0.0,18756.669206,690.444417,2571.993398,2250.3883,3421.13,15560,18,77,19418880.0,3403063.6157,11943.5331,9498.2254,254.9692,0.0,0.0,0.0,82,0.035587,1.046078,0.499021,0.503552,1.027944,0.408908,0.357217,0.304386,0.506882,0.049843,0.201146,0.305413,0.496111,0.399884,0.051536,0.01935,0.003596,0.005249,0.023394,0.003348,0.005083,0.001401,0.003987,4.1e-05,0.000623,0.001214,0.003232,0.00365,0.000161
15580,564,7865,7301,7301,0,0,0,84,15.795096,0.0,18710.713249,688.344417,2575.860487,2252.225394,3396.12,15580,18,77,19443840.0,3408973.0157,11974.8972,9516.8137,255.5035,0.0,0.0,0.0,82,0.031915,1.04418,0.498919,0.503766,1.026487,0.409692,0.356569,0.303814,0.505602,0.049813,0.201432,0.304945,0.495831,0.4004,0.051594,0.018479,0.003594,0.005204,0.022585,0.003356,0.004995,0.001367,0.003796,3.9e-05,0.000644,0.001212,0.003065,0.003526,0.000161
15600,571,7885,7314,7314,0,0,0,85,18.557993,0.0,18636.063255,689.712897,2571.72911,2252.584524,3356.44,15600,18,77,19468800.0,3414882.4157,12007.5648,9535.4614,256.0711,0.0,0.0,0.0,82,0.033275,1.041819,0.499997,0.503583,1.026005,0.40978,0.357165,0.30421,0.506358,0.049721,0.201417,0.304713,0.49598,0.400215,0.051549,0.018047,0.003583,0.005119,0.022999,0.003305,0.005019,0.001382,0.003841,3.9e-05,0.000643,0.001207,0.003057,0.003489,0.000158
15620,568,7894,7326,7326,0,0,0,87,19.972282,0.0,18527.719731,696.437457,2563.590261,2251.677108,3374.84,15620,18,77,19493760.0,3420791.8157,12041.5547,9556.3156,256.0711,0.0,0.0,0.0,82,0.033451,1.043605,0.500823,0.502647,1.02574,0.409227,0.357589,0.304336,0.508034,0.049664,0.201545,0.305453,0.49602,0.399981,0.051422,0.018542,0.003599,0.00521,0.022958,0.003227,0.005074,0.001388,0.004085,4e-05,0.000645,0.001222,0.003045,0.003533,0.000161
15640,566,7906,7340,7340,0,0,0,89,18.211602,0.0,18403.304102,698.035191,2563.753207,2252.054373,3397.67,15640,18,77,19518720.0,3426701.0014,12074.135,9574.6722,256.1483,0.0,0.0,0.0,82,0.033569,1.046705,0.500442,0.50271,1.023982,0.408383,0.357861,0.304043,0.508602,0.04971,0.201235,0.305537,0.496762,0.400514,0.051416,0.019014,0.003576,0.005393,0.022704,0.003234,0.005276,0.001411,0.004112,3.9e-05,0.000648,0.001216,0.003,0.003768,0.000165
15660,565,7914,7349,7349,0,0,0,86,17.421749,0.0,18295.481037,699.190826,2563.387425,2252.86306,3420.57,15660,18,77,19543680.0,3432610.4014,12104.914,9586.5568,256.1863,0.0,0.0,0.0,82,0.033628,1.047136,0.500913,0.502965,1.023292,0.408806,0.357899,0.303944,0.508171,0.049841,0.201017,0.30564,0.497002,0.400524,0.051528,0.018944,0.003682,0.005395,0.022445,0.003219,0.005249,0.001406,0.004118,4.5e-05,0.000652,0.00121,0.003012,0.003767,0.000165
15680,563,7924,7361,7361,0,0,0,86,17.908221,0.0,18215.003366,694.655993,2567.435785,2252.725856,3397.97,15680,18,77,19568640.0,3438519.8014,12135.6929,9597.6019,256.2291,0.0,0.0,0.0,82,0.035524,1.047324,0.500814,0.504318,1.023827,0.409221,0.358919,0.304117,0.508111,0.049834,0.200937,0.304965,0.497399,0.400213,0.051664,0.019095,0.003717,0.0054,0.022325,0.003279,0.005237,0.00139,0.004117,4.6e-05,0.000654,0.001233,0.00303,0.003797,0.000166
15700,561,7938,7377,7377,0,0,0,93,22.814409,0.0,18133.489619,688.356395,2568.829196,2252.107115,3412.45,15700,18,77,19593600.0,3444429.2014,12166.4719,9611.4686,256.5422,0.0,0.0,0.0,82,0.033868,1.045654,0.499447,0.503333,1.022832,0.409106,0.359655,0.304057,0.509168,0.049871,0.201284,0.304725,0.49709,0.399113,0.051706,0.019421,0.003598,0.005217,0.022559,0.003276,0.005281,0.001431,0.004168,4.6e-05,0.000656,0.00122,0.003041,0.003928,0.000166
15720,554,7949,7395,7395,0,0,0,96,23.599664,0.0,18111.050846,681.170767,2575.229569,2251.203364,3445.4,15720,18,77,19618560.0,3450338.6014,12197.2509,9627.3095,257.1021,0.0,0.0,0.0,82,0.034296,1.044026,0.499642,0.503023,1.022026,0.408815,0.360321,0.304453,0.50782,0.049951,0.200596,0.304458,0.495511,0.399154,0.051894,0.018985,0.003733,0.005142,0.022842,0.003285,0.005323,0.001421,0.004083,4.8e-05,0.00063,0.0012,0.00323,0.003862,0.000167
15740,552,7960,7408,7408,0,0,0,90,20.169486,0.0,18163.87,679.762406,2580.068108,2250.060201,3453.7,15740,18,77,19643520.0,3456248.0014,12228.0298,9641.5855,257.3488,0.0,0.0,0.0,82,0.03442,1.044624,0.499629,0.503143,1.022769,0.409775,0.359861,0.304443,0.507667,0.049877,0.200662,0.304775,0.495794,0.399806,0.051737,0.018961,0.003728,0.005159,0.022699,0.00325,0.005336,0.001426,0.00406,4.7e-05,0.000629,0.001203,0.003311,0.003819,0.000168
15760,560,7977,7417,7417,0,0,0,88,20.232045,0.0,18175.375062,682.957793,2576.810162,2248.628726,3418.01,15760,18,77,19668480.0,3462157.4014,12258.8088,9655.8266,257.3488,0.0,0.0,0.0,82,0.033929,1.04393,0.499231,0.502726,1.020648,0.409738,0.359455,0.304299,0.506823,0.049793,0.200916,0.305491,0.496554,0.400135,0.051864,0.019119,0.003799,0.005104,0.022213,0.00333,0.005306,0.001432,0.004045,4.6e-05,0.000642,0.00127,0.003304,0.003785,0.000166
15780,560,7992,7432,7432,0,0,0,91,20.38749,0.0,18201.320165,681.213695,2578.398816,2246.766326,3412.26,15780,18,77,19693440.0,3468054.9739,12289.5878,9673.0742,258.0669,0.0,0.0,0.0,82,0.035714,1.043654,0.499231,0.502436,1.021312,0.409182,0.359469,0.30401,0.507849,0.049685,0.2011,0.306251,0.496417,0.3997,0.051643,0.019387,0.0036,0.005106,0.022328,0.0033,0.005328,0.001428,0.00417,4.6e-05,0.000635,0.001271,0.003293,0.003757,0.00016
15800,556,8005,7449,7449,0,0,0,104,21.581385,0.0,18190.717096,682.624871,2575.793744,2244.171475,3435.15,15800,18,77,19718400.0,3473953.558,12320.3667,9694.6177,258.358,0.0,0.0,0.0,82,0.035971,1.048607,0.498785,0.501576,1.022848,0.409288,0.359917,0.304541,0.509163,0.049808,0.201306,0.30695,0.4955,0.400946,0.05163,0.021881,0.003666,0.005132,0.022791,0.00328,0.005334,0.001455,0.004364,4.8e-05,0.000641,0.001303,0.003356,0.004067,0.000165
15820,556,8016,7460,7460,0,0,0,101,19.482489,0.0,18206.568716,685.966957,2574.550554,2240.163025,3438.32,15820,18,77,19743360.0,3479863.798,12351.1457,9711.8997,258.5362,0.0,0.0,0.0,82,0.03777,1.049456,0.499541,0.501643,1.023112,0.408777,0.359974,0.304717,0.510136,0.04982,0.201132,0.307064,0.494993,0.40125,0.051597,0.021994,0.003615,0.00517,0.022708,0.003277,0.005328,0.001471,0.004454,4.8e-05,0.000633,0.001312,0.003384,0.004075,0.000168
15840,553,8027,7474,7474,0,0,0,108,23.607838,0.0,18207.350398,683.165257,2573.226905,2232.859588,3469.43,15840,18,77,19768320.0,3485774.038,12381.9247,9726.9786,258.5362,0.0,0.0,0.0,82,0.037975,1.048334,0.500376,0.502089,1.02465,0.408887,0.360353,0.304303,0.50969,0.049765,0.201139,0.307175,0.494671,0.40152,0.051642,0.021698,0.003499,0.005156,0.022281,0.003347,0.005451,0.001463,0.004328,4.8e-05,0.000645,0.001302,0.003299,0.004081,0.000168
15860,552,8040,7488,7488,0,0,0,108,22.367827,0.0,18246.405606,678.733929,2578.898244,2230.005307,3453.3,15860,18,77,19793280.0,3491684.278,12403.0269,9740.8286,258.6063,0.0,0.0,0.0,82,0.036232,1.04778,0.500418,0.501998,1.024914,0.408717,0.360593,0.304729,0.509318,0.049876,0.201424,0.307222,0.494292,0.40159,0.051688,0.020968,0.003528,0.005178,0.022258,0.003372,0.005455,0.001481,0.004315,4.8e-05,0.00066,0.001343,0.003345,0.004078,0.00017
15880,545,8051,7506,7506,0,0,0,111,21.257773,0.0,18331.32536,668.612605,2590.129623,2230.396604,3450.61,15880,18,77,19818240.0,3497594.2391,12420.4332,9754.678,258.7388,0.0,0.0,0.0,82,0.036697,1.045254,0.500161,0.50336,1.02619,0.408845,0.361822,0.305023,0.50888,0.049873,0.201344,0.306798,0.494572,0.402751,0.051931,0.020724,0.003574,0.005324,0.024147,0.003413,0.00557,0.001517,0.004214,4.9e-05,0.000669,0.001352,0.003338,0.00458,0.000173
15900,537,8060,7523,7523,0,0,0,107,21.841615,0.0,18518.869111,659.240827,2598.917558,2230.173923,3495.94,15900,18,77,19843200.0,3503508.5366,12438.3759,9767.3259,259.4105,0.0,0.0,0.0,82,0.037244,1.043075,0.499896,0.503423,1.026814,0.409625,0.361995,0.304687,0.509222,0.049858,0.201376,0.306678,0.494839,0.402551,0.05199,0.020539,0.003594,0.005346,0.023518,0.003463,0.00552,0.001543,0.004214,4.8e-05,0.000678,0.001346,0.003366,0.004479,0.000176
15920,544,8074,7530,7530,0,0,0,103,19.041646,0.0,18723.38025,662.946478,2598.011877,2230.074619,3458.68,15920,18,77,19868160.0,3509435.0066,12456.332,9779.1201,259.7714,0.0,0.0,0.0,73,0.036765,1.04314,0.499839,0.503351,1.027267,0.410766,0.361955,0.30446,0.509126,0.0499,0.201562,0.306301,0.494344,0.402466,0.051919,0.020795,0.003564,0.005395,0.023594,0.00349,0.005491,0.001568,0.004201,4.9e-05,0.000683,0.0013,0.003344,0.004473,0.000178
15940,540,8090,7550,7550,0,0,0,105,22.784484,0.0,18915.799416,658.543105,2598.672411,2230.032751,3493.98,15940,19,77,19893120.0,3515371.8077,12474.2882,9799.6772,261.0292,0.0,0.0,0.0,73,0.040741,1.045471,0.498542,0.503562,1.031314,0.411203,0.362933,0.304911,0.508411,0.04996,0.20172,0.306546,0.49401,0.403592,0.051915,0.020985,0.003444,0.005483,0.025194,0.003574,0.005775,0.001655,0.004308,4.7e-05,0.000671,0.001319,0.00343,0.004864,0.000178
15960,540,8106,7566,7566,0,0,0,109,24.304335,0.0,19118.523311,657.403533,2598.292131,2230.015019,3507.45,15960,19,77,19918080.0,3521310.7277,12492.2443,9818.4103,261.1094,0.0,0.0,0.0,73,0.040741,1.046551,0.498772,0.503528,1.031604,0.411614,0.362701,0.304747,0.507699,0.050088,0.201299,0.306983,0.493704,0.40283,0.052008,0.021037,0.003549,0.005425,0.02564,0.00357,0.005701,0.001658,0.004276,5.4e-05,0.000653,0.001295,0.003448,0.004911,0.00018
15980,547,8123,7576,7576,0,0,0,101,20.078042,0.0,19314.375235,663.034002,2596.887956,2230.007473,3472.16,15980,19,77,19943040.0,3527249.6477,12510.2005,9837.2458,261.7157,0.0,0.0,0.0,73,0.038391,1.042735,0.49892,0.503273,1.029709,0.411586,0.361968,0.305119,0.508022,0.050083,0.201549,0.30626,0.494102,0.402037,0.052146,0.019974,0.003474,0.005264,0.02483,0.003595,0.005649,0.001705,0.004316,5.4e-05,0.000659,0.001277,0.003482,0.004828,0.000176
16000,552,8139,7587,7587,0,0,0,100,18.35366,0.0,19438.103424,672.663925,2588.982415,2230.004239,3452.95,16000,19,77,19968000.0,3533188.5677,12528.1566,9859.3157,262.4452,0.0,0.0,0.0,82,0.036232,1.043222,0.499438,0.503815,1.03019,0.411962,0.361193,0.305586,0.507656,0.050087,0.201407,0.306734,0.493874,0.4024,0.051976,0.020013,0.003454,0.005231,0.024882,0.003515,0.005622,0.001667,0.004353,5.4e-05,0.000652,0.001267,0.003568,0.00475,0.000174
16020,555,8156,7601,7601,0,0,0,101,20.965109,0.0,19497.964158,675.157669,2583.877222,2230.395154,3408.33,16020,19,77,19992960.0,3539127.4877,12545.563,9878.9413,262.8354,0.0,0.0,0.0,82,0.036036,1.043838,0.50055,0.503625,1.029108,0.411764,0.361436,0.305474,0.507944,0.050023,0.201341,0.306892,0.492913,0.401977,0.051898,0.020306,0.003416,0.005299,0.024889,0.003546,0.005642,0.001708,0.004248,5.4e-05,0.000652,0.001254,0.003499,0.004743,0.000173
16040,564,8176,7612,7612,0,0,0,98,17.475613,0.0,19525.635192,681.95725,2580.567138,2230.172613,3366.86,16040,19,77,20017920.0,3545066.4077,12563.5057,9900.4307,263.0314,0.0,0.0,0.0,82,0.033688,1.043094,0.50149,0.503272,1.028975,0.411894,0.360834,0.305829,0.508718,0.05017,0.20118,0.306949,0.494062,0.402159,0.051786,0.020266,0.003467,0.005274,0.02449,0.003491,0.005611,0.00173,0.004479,5.9e-05,0.00065,0.001313,0.003322,0.004724,0.000179
16060,562,8190,7628,7628,0,0,0,98,18.514184,0.0,19527.349478,684.235863,2577.249953,2230.073582,3375.08,16060,19,77,20042880.0,3551019.6557,12581.4618,9922.4358,263.2021,0.0,0.0,0.0,82,0.037367,1.043551,0.500653,0.503793,1.028895,0.410596,0.361804,0.305786,0.508398,0.050191,0.200823,0.306888,0.493622,0.403111,0.051954,0.019914,0.003457,0.005246,0.024102,0.003474,0.005794,0.001721,0.004291,6e-05,0.000645,0.00129,0.003309,0.004709,0.000179
16080,566,8205,7639,7639,0,0,0,95,16.732896,0.0,19543.970469,690.021645,2573.245459,2230.031974,3350.02,16080,19,77,20067840.0,3556991.8757,12599.418,9941.106,263.4502,0.0,0.0,0.0,82,0.037102,1.045168,0.500114,0.504435,1.027609,0.410677,0.360719,0.305661,0.508188,0.050132,0.200746,0.305953,0.494377,0.403416,0.052036,0.019982,0.003431,0.005462,0.024248,0.003468,0.005799,0.00168,0.004262,5.9e-05,0.000656,0.001275,0.003283,0.004704,0.00018
16100,565,8220,7655,7655,0,0,0,101,20.513991,0.0,19515.40468,688.522616,2570.963393,2230.014455,3350.81,16100,19,77,20092800.0,3562964.0957,12617.3741,9958.9176,264.0754,0.0,0.0,0.0,82,0.038938,1.044394,0.500509,0.504331,1.02833,0.411343,0.362099,0.305839,0.507984,0.050085,0.200784,0.306028,0.494294,0.403911,0.052048,0.020015,0.003509,0.005466,0.024705,0.003509,0.005843,0.001686,0.004308,6e-05,0.000651,0.001311,0.003375,0.004736,0.000182
16120,565,8235,7670,7670,0,0,0,98,19.891432,0.0,19487.826815,688.469896,2571.638672,2230.007069,3357.57,16120,19,77,20117760.0,3568936.3157,12635.3303,9977.5979,264.2754,0.0,0.0,0.0,82,0.038938,1.043886,0.501211,0.503752,1.028192,0.410931,0.361926,0.305529,0.50816,0.050086,0.201107,0.30568,0.493596,0.404066,0.051932,0.020014,0.003515,0.005337,0.023616,0.003436,0.005877,0.001635,0.004279,6e-05,0.00066,0.001331,0.003435,0.004292,0.000181
16140,561,8246,7685,7685,0,0,0,94,17.29284,0.0,19485.740044,686.071365,2576.635795,2230.003953,3384.18,16140,19,77,20142720.0,3574908.5357,12653.2864,9995.2319,264.53,0.0,0.0,0.0,82,0.035651,1.043096,0.500517,0.503254,1.027917,0.410871,0.361723,0.305358,0.506691,0.049986,0.201178,0.305973,0.493092,0.403758,0.05188,0.020139,0.003566,0.005154,0.023482,0.003509,0.005821,0.001646,0.004152,6e-05,0.000664,0.001307,0.003401,0.004222,0.000175
16160,569,8259,7690,7690,0,0,0,88,13.70305,0.0,19457.366029,695.49204,2570.80491,2229.46122,3354.54,16160,19,77,20167680.0,3580880.7557,12671.8862,10011.2352,264.6681,0.0,0.0,0.0,82,0.035149,1.042786,0.500404,0.502455,1.027031,0.41144,0.361427,0.305094,0.506502,0.049952,0.201254,0.306299,0.493339,0.403502,0.051862,0.019802,0.003592,0.005114,0.023563,0.003536,0.005759,0.001663,0.004099,5.9e-05,0.000662,0.001289,0.003392,0.004177,0.000175
16180,565,8272,7707,7707,0,0,0,91,20.066117,0.0,19391.063442,690.436797,2569.497086,2228.294992,3385.72,16180,19,77,20192640.0,3586852.6487,12692.016,10027.8874,265.3123,0.0,0.0,0.0,82,0.037168,1.042411,0.500013,0.502315,1.029518,0.410005,0.362212,0.305501,0.506534,0.049899,0.201495,0.306454,0.493103,0.403479,0.051747,0.020279,0.003496,0.005117,0.024749,0.003473,0.0061,0.001674,0.004088,5.4e-05,0.000664,0.001308,0.003405,0.004251,0.000169
16200,566,8289,7723,7723,0,0,0,86,12.834375,0.0,19397.801129,689.276204,2577.889421,2226.905687,3379.06,16200,19,77,20217600.0,3592832.0472,12713.4752,10046.1104,266.1664,0.0,0.0,0.0,82,0.033569,1.044432,0.499454,0.501058,1.030707,0.410109,0.362518,0.3055,0.507836,0.049785,0.201427,0.307055,0.493196,0.402822,0.051815,0.021164,0.003432,0.004975,0.024923,0.003467,0.006408,0.001657,0.004276,5.3e-05,0.000671,0.001309,0.003427,0.004555,0.000175
16220,573,8310,7737,7737,0,0,0,80,16.254039,0.0,19354.450548,694.560278,2569.185683,2226.133972,3352.72,16220,19,77,20242560.0,3598840.5072,12735.0456,10067.8072,266.7191,0.0,0.0,0.0,82,0.034904,1.04532,0.499917,0.50268,1.029259,0.409294,0.361968,0.304958,0.509039,0.04993,0.201194,0.306671,0.493273,0.402271,0.052111,0.020917,0.003462,0.00529,0.024532,0.003457,0.006372,0.001616,0.004333,5.3e-05,0.000671,0.001313,0.003394,0.004574,0.000177
16240,580,8328,7748,7748,0,0,0,79,14.103142,0.0,19276.009268,704.286249,2561.610609,2225.722225,3321.75,16240,19,77,20267520.0,3604853.0307,12756.616,10091.2017,266.8626,0.0,0.0,0.0,82,0.034483,1.045066,0.499591,0.502506,1.028304,0.408689,0.361965,0.304645,0.509088,0.049961,0.200668,0.306895,0.493923,0.401256,0.052257,0.020967,0.003428,0.005302,0.024249,0.00349,0.006346,0.001574,0.004361,5.2e-05,0.000685,0.001321,0.003441,0.004509,0.000177
16260,581,8340,7759,7759,0,0,0,76,12.892837,0.0,19150.986013,709.996612,2557.110551,2225.495907,3325.01,16260,19,77,20292480.0,3610873.1007,12778.1864,10111.0146,267.2779,0.0,0.0,0.0,82,0.034423,1.044681,0.499541,0.500729,1.030165,0.409186,0.362352,0.304142,0.509493,0.049799,0.200437,0.307077,0.493235,0.400992,0.0522,0.020544,0.003386,0.005158,0.024316,0.003494,0.006394,0.001565,0.00438,4.6e-05,0.000678,0.001337,0.003498,0.004528,0.000172
16280,571,8345,7774,7774,0,0,0,78,15.084852,0.0,19049.952619,706.365922,2558.549227,2225.36829,3392.39,16280,19,77,20317440.0,3616893.1707,12799.7568,10126.3745,267.4404,0.0,0.0,0.0,82,0.029772,1.043059,0.499499,0.499945,1.029965,0.409531,0.362656,0.304209,0.509037,0.049841,0.200086,0.307207,0.492771,0.401295,0.052109,0.020426,0.003396,0.005114,0.024495,0.003501,0.006438,0.001596,0.004353,4.6e-05,0.000655,0.001288,0.003362,0.004549,0.000169
16300,571,8363,7792,7792,0,0,0,82,17.445718,0.0,19005.289955,694.903898,2567.650384,2225.294544,3395.66,16300,19,77,20342400.0,3622913.2407,12821.3273,10138.0223,267.4404,0.0,0.0,0.0,82,0.031524,1.042216,0.500571,0.499978,1.028811,0.409435,0.362325,0.304363,0.508265,0.049863,0.20054,0.307034,0.493261,0.400724,0.052046,0.020573,0.003531,0.004951,0.023293,0.003503,0.006335,0.001572,0.004323,4.8e-05,0.000657,0.001308,0.003415,0.004347,0.000168
16320,566,8377,7811,7811,0,0,0,88,18.419802,0.0,19011.983536,690.192803,2571.387396,2225.250879,3387.87,16320,19,77,20367360.0,3628933.3107,12842.8977,10156.6558,268.1889,0.0,0.0,0.0,82,0.031802,1.0422,0.501226,0.500686,1.029318,0.409307,0.363271,0.304729,0.509416,0.04988,0.200346,0.306955,0.492878,0.40086,0.05194,0.020651,0.003535,0.005152,0.023389,0.00348,0.006677,0.001578,0.004464,4.9e-05,0.000658,0.001338,0.003364,0.004407,0.000173
16340,570,8397,7827,7827,0,0,0,89,19.866904,0.0,19003.198728,689.447001,2570.686095,2225.224394,3355.71,16340,19,77,20392320.0,3634953.3807,12864.4681,10177.0005,269.1918,0.0,0.0,0.0,73,0.035088,1.040855,0.499981,0.500154,1.026977,0.410084,0.362851,0.305034,0.508283,0.049853,0.200707,0.306515,0.493046,0.401152,0.051854,0.02041,0.003576,0.005037,0.022307,0.00345,0.006425,0.001599,0.004303,4.9e-05,0.000669,0.001351,0.003401,0.004278,0.000166
16360,573,8414,7841,7841,0,0,0,88,17.213269,0.0,18998.998655,693.628961,2569.15777,2225.207952,3316.65,16360,19,77,20417280.0,3640973.4507,12886.0385,10197.883,269.745,0.0,0.0,0.0,73,0.034904,1.04096,0.500707,0.498976,1.025927,0.410492,0.36292,0.305557,0.507417,0.049926,0.200339,0.306607,0.493902,0.401554,0.051842,0.020536,0.003873,0.004959,0.022988,0.003505,0.006386,0.001572,0.004334,5.2e-05,0.000667,0.00134,0.003386,0.004214,0.000167
16380,568,8426,7858,7858,0,0,0,80,19.261903,0.0,18977.884283,693.680725,2567.057372,2225.197524,3339.7,16380,19,77,20442240.0,3646994.5977,12907.609,10218.0037,270.4719,0.0,0.0,0.0,73,0.035211,1.041377,0.500013,0.499556,1.026512,0.411145,0.36304,0.305633,0.506837,0.049875,0.200593,0.306685,0.494087,0.401882,0.051804,0.020439,0.003934,0.004983,0.023246,0.003468,0.00645,0.001562,0.004357,5.2e-05,0.000688,0.001321,0.003327,0.004222,0.000167
16400,571,8435,7864,7864,0,0,0,73,15.407352,0.0,18964.19522,702.342701,2562.249947,2225.190782,3318.97,16400,19,77,20467200.0,3653025.2861,12929.1794,10233.9636,270.8853,0.0,0.0,0.0,73,0.036778,1.040229,0.499618,0.499419,1.025954,0.41069,0.363346,0.305744,0.507413,0.049906,0.200911,0.307068,0.494029,0.402361,0.05179,0.020616,0.003982,0.005012,0.023491,0.003487,0.006386,0.001587,0.004423,5.2e-05,0.000697,0.001321,0.003369,0.004261,0.000166
16420,569,8450,7881,7881,0,0,0,74,17.433649,0.0,18925.228057,696.448876,2566.117476,2225.18635,3276.71,16420,19,77,20492160.0,3659056.1049,12950.7498,10248.9821,270.9211,0.0,0.1153,0.0,73,0.038664,1.041644,0.499884,0.499863,1.026228,0.411033,0.363976,0.305774,0.506906,0.049878,0.201129,0.306708,0.493143,0.402537,0.051716,0.020971,0.003947,0.004974,0.024266,0.003481,0.006423,0.001556,0.004361,5.4e-05,0.000714,0.00132,0.003373,0.004256,0.000168
16440,565,8466,7901,7901,0,0,0,82,20.566339,0.0,18957.825413,686.898868,2572.534794,2225.183397,3286.38,16440,19,77,20517120.0,3665086.9359,12972.3202,10263.9015,271.2838,0.0,0.1676,0.0,73,0.035398,1.041584,0.500469,0.50032,1.025844,0.411788,0.365123,0.305201,0.505754,0.049793,0.200941,0.306863,0.492614,0.402963,0.051795,0.020384,0.004056,0.005015,0.024553,0.003532,0.006565,0.001581,0.004371,5.9e-05,0.000726,0.001318,0.003472,0.004162,0.000168
16460,566,8479,7913,7913,0,0,0,81,21.928719,0.0,18997.393786,689.329357,2568.741924,2225.181406,3294.49,16460,19,77,20542080.0,3671120.3994,12993.8906,10281.4207,272.27,0.0,0.1676,0.0,82,0.035336,1.04054,0.500918,0.500665,1.023447,0.411338,0.364814,0.305334,0.506211,0.049697,0.200803,0.306364,0.493181,0.40238,0.051871,0.02013,0.004079,0.004884,0.024275,0.00357,0.006578,0.0016,0.004316,5.8e-05,0.000732,0.001327,0.00347,0.004094,0.000167
16480,559,8489,7930,7930,0,0,0,84,19.850871,0.0,19093.154476,684.305054,2575.844075,2225.180053,3320.24,16480,19,77,20567040.0,3677168.7294,13015.4611,10297.8903,272.5375,0.0,0.1676,0.0,82,0.035778,1.038671,0.499445,0.50046,1.025239,0.411174,0.364251,0.304905,0.506239,0.049617,0.201394,0.306462,0.493869,0.402605,0.051855,0.019921,0.003798,0.004909,0.023859,0.003579,0.006613,0.001571,0.004207,5.2e-05,0.000729,0.001312,0.003453,0.004033,0.00016
16500,557,8504,7947,7947,0,0,0,86,22.980744,0.0,19239.437199,676.738517,2580.280738,2225.179127,3339.73,16500,20,77,20592000.0,3683217.0594,13037.0315,10310.8693,272.9343,0.0,0.1676,0.0,82,0.035907,1.038776,0.49947,0.501117,1.02587,0.411254,0.364462,0.305753,0.506982,0.049687,0.201198,0.306692,0.494275,0.403526,0.051863,0.019656,0.003786,0.004966,0.024932,0.003582,0.00689,0.001645,0.004174,5.2e-05,0.000705,0.001325,0.003545,0.004248,0.000159
16520,555,8516,7961,7961,0,0,0,81,19.026999,0.0,19424.283627,675.617199,2585.355802,2225.178489,3346.9,16520,20,77,20616960.0,3689264.8042,13058.6019,10326.0405,273.5161,0.0,0.1676,0.0,82,0.036036,1.04136,0.500526,0.501843,1.025797,0.4112,0.364729,0.30608,0.506616,0.049724,0.201279,0.306631,0.494,0.403927,0.051899,0.019833,0.003736,0.004971,0.024349,0.003581,0.00692,0.001657,0.004243,5.3e-05,0.000701,0.001349,0.003544,0.004329,0.000167
16540,559,8531,7972,7972,0,0,0,78,16.115196,0.0,19573.679336,681.965594,2581.919211,2225.178048,3317.04,16540,20,77,20641920.0,3695313.1342,13080.1723,10345.7647,274.1836,0.0,0.1676,0.0,82,0.037567,1.041678,0.500837,0.502151,1.027204,0.411282,0.366379,0.30693,0.507338,0.049779,0.201345,0.306616,0.493415,0.404325,0.052112,0.020884,0.003811,0.005275,0.024936,0.003613,0.007111,0.001715,0.004224,5.3e-05,0.000708,0.001363,0.003568,0.004414,0.000168
16560,568,8549,7981,7981,0,0,0,77,15.988418,0.0,19646.862486,692.285708,2571.725875,2225.177743,3271.89,16560,20,77,20666880.0,3701361.4642,13101.7427,10366.6728,274.6126,0.0,0.1676,0.0,82,0.036972,1.042431,0.500718,0.500655,1.028757,0.41095,0.366003,0.306379,0.507112,0.049796,0.201381,0.306939,0.492729,0.403613,0.052157,0.021017,0.003679,0.004946,0.024803,0.003716,0.007057,0.001715,0.004192,5.4e-05,0.000706,0.001358,0.003603,0.004393,0.000165
16580,568,8563,7995,7995,0,0,0,85,17.630136,0.0,19668.517434,694.591993,2567.777872,2225.17753,3285.91,16580,20,77,20691840.0,3707409.6317,13123.3132,10386.2507,274.9971,0.0,0.1676,0.0,82,0.035211,1.043777,0.501687,0.50088,1.031129,0.410304,0.365866,0.306155,0.508192,0.04989,0.201346,0.307586,0.492715,0.404018,0.052226,0.021902,0.003656,0.004925,0.02516,0.00367,0.007116,0.001723,0.004247,5.3e-05,0.000724,0.001382,0.003607,0.004524,0.000172
16600,578,8582,8004,8004,0,0,0,83,15.980691,0.0,19647.27942,700.266961,2563.752348,2225.177383,3244.83,16600,20,77,20716800.0,3713457.9617,13144.8836,10403.8131,275.1439,0.0,0.1676,0.0,82,0.032872,1.042764,0.502064,0.499143,1.032615,0.409496,0.366155,0.306229,0.509464,0.049981,0.200757,0.308254,0.493402,0.402629,0.052345,0.022216,0.00379,0.004837,0.025238,0.003536,0.007108,0.001746,0.004536,5.5e-05,0.000715,0.001413,0.003637,0.00464,0.00018
16620,585,8599,8014,8014,0,0,0,85,18.930703,0.0,19549.242753,711.178102,2549.891195,2225.17728,3213.04,16620,20,77,20741760.0,3719509.8417,13166.454,10426.0949,275.5834,0.0,0.1676,0.0,82,0.032479,1.044308,0.502108,0.499489,1.031621,0.409178,0.365769,0.305984,0.509387,0.050008,0.200925,0.307826,0.493687,0.403096,0.052474,0.02214,0.003787,0.005019,0.025598,0.003649,0.007237,0.001765,0.004522,5.6e-05,0.000726,0.00138,0.003597,0.004983,0.000182
16640,584,8611,8027,8027,0,0,0,85,19.29217,0.0,19425.325359,713.584738,2547.123092,2225.177208,3222.83,16640,20,77,20766720.0,3725581.2267,13188.0244,10445.7723,275.8689,0.0,0.1676,0.0,18,0.030822,1.041996,0.501701,0.499373,1.032106,0.409808,0.365939,0.305221,0.510463,0.049976,0.200845,0.307377,0.493204,0.402476,0.052534,0.021504,0.003792,0.00512,0.025687,0.003602,0.007184,0.00177,0.004509,5.5e-05,0.000732,0.001395,0.003504,0.004998,0.000183
16660,581,8629,8048,8048,0,0,0,83,18.624236,0.0,19320.008503,707.254449,2554.121315,2225.177158,3202.42,16660,20,77,20791680.0,3731646.644,13209.5948,10463.9946,277.1121,0.0,0.1676,0.0,73,0.032702,1.045111,0.50001,0.499442,1.030404,0.40895,0.367027,0.305474,0.510531,0.049958,0.201039,0.3084,0.492701,0.403248,0.052365,0.021913,0.003867,0.005104,0.026661,0.003628,0.007246,0.001774,0.004732,5.6e-05,0.00074,0.001445,0.003555,0.005107,0.000188
16680,579,8646,8067,8067,0,0,0,93,23.091088,0.0,19216.984377,705.323707,2551.585205,2227.102492,3199.41,16680,20,77,20816640.0,3737707.844,13228.816,10485.1821,277.4925,0.0,0.1676,0.0,73,0.032815,1.0464,0.500138,0.498835,1.032238,0.409806,0.366859,0.305295,0.509685,0.04991,0.200639,0.308773,0.493309,0.403687,0.052528,0.022205,0.003902,0.005189,0.026966,0.003725,0.007193,0.001787,0.004777,5.6e-05,0.000746,0.001454,0.003599,0.00505,0.000192
16700,575,8659,8084,8084,0,0,0,89,20.853167,0.0,19132.377301,706.703309,2552.443523,2228.72711,3220.85,16700,20,77,20841600.0,3743769.044,13246.7721,10507.2765,277.7072,0.0,0.1676,0.0,82,0.034783,1.049572,0.500757,0.500007,1.030394,0.409282,0.366739,0.305213,0.50941,0.049884,0.20074,0.309011,0.493421,0.404012,0.052563,0.022732,0.003859,0.005519,0.027475,0.003749,0.007306,0.001731,0.004791,5.6e-05,0.00076,0.00146,0.003671,0.004937,0.000192
16720,575,8671,8096,8096,0,0,0,89,20.510288,0.0,19052.599445,708.474359,2551.015353,2229.454547,3230.34,16720,20,77,20866560.0,3749830.244,13264.7283,10524.7416,278.401,0.0,0.1676,0.0,82,0.034783,1.048723,0.500217,0.499447,1.028035,0.409166,0.366474,0.30526,0.50823,0.049898,0.201144,0.308787,0.493069,0.405484,0.052517,0.022884,0.003973,0.005507,0.026482,0.003703,0.007168,0.001748,0.004492,5.7e-05,0.000772,0.001446,0.003684,0.004745,0.000187
16740,575,8683,8108,8108,0,0,0,90,21.487123,0.0,18961.716024,709.953215,2548.559663,2229.769269,3239.59,16740,20,77,20891520.0,3755891.444,13282.6844,10540.2489,279.141,0.0,0.1676,0.0,82,0.034783,1.047676,0.499531,0.500091,1.028272,0.409486,0.366806,0.305551,0.508538,0.049923,0.20116,0.308935,0.492711,0.40532,0.052489,0.022749,0.00399,0.00539,0.02695,0.003734,0.007102,0.001788,0.00454,5.7e-05,0.000773,0.001476,0.003671,0.004762,0.000189
16760,570,8693,8123,8123,0,0,0,94,23.821796,0.0,18902.334927,702.303293,2553.87491,2229.9034,3281.68,16760,20,77,20916480.0,3761952.2702,13300.6406,10552.342,279.434,0.0,0.1676,0.0,82,0.036842,1.048707,0.499296,0.500838,1.028485,0.408147,0.367651,0.306088,0.509185,0.049879,0.20105,0.309036,0.492379,0.405988,0.052499,0.02342,0.003924,0.005408,0.026811,0.003647,0.007489,0.001748,0.004717,5.7e-05,0.000767,0.001486,0.003681,0.004959,0.000192
16780,565,8710,8145,8145,0,0,0,94,22.005291,0.0,18945.645951,694.114464,2563.880245,2229.960197,3263.8,16780,20,77,20941440.0,3768027.7337,13318.5967,10570.4643,280.1328,0.0,0.1676,0.0,82,0.035398,1.04701,0.498592,0.501222,1.029589,0.407504,0.368381,0.306171,0.510776,0.049945,0.200935,0.308952,0.494107,0.405666,0.052723,0.023478,0.003968,0.005519,0.02719,0.003497,0.007717,0.00179,0.004733,5.8e-05,0.000767,0.001509,0.003722,0.005053,0.000194
16800,557,8719,8162,8162,0,0,0,98,22.075851,0.0,19039.90567,686.030506,2571.893643,2229.984181,3307.09,16800,20,77,20966400.0,3774117.909,13336.5529,10585.1111,280.6227,0.0,0.1676,0.0,82,0.035907,1.043473,0.498093,0.500537,1.031614,0.407674,0.368088,0.306703,0.510187,0.04992,0.200854,0.309176,0.492919,0.405614,0.052614,0.022839,0.003937,0.005339,0.027543,0.003379,0.007626,0.001782,0.004589,5.3e-05,0.000732,0.001473,0.00366,0.004789,0.000187
16820,556,8734,8178,8178,0,0,0,103,24.348078,0.0,19211.243415,678.335325,2577.316597,2229.994297,3313.65,16820,20,77,20991360.0,3780208.209,13354.509,10598.1428,280.9854,0.0,0.1676,0.0,82,0.03777,1.042284,0.498698,0.500069,1.029225,0.407376,0.367227,0.306244,0.510261,0.049888,0.201177,0.309127,0.493498,0.405163,0.052478,0.021841,0.003847,0.005164,0.02636,0.003322,0.007608,0.001735,0.004547,5.2e-05,0.000728,0.001487,0.003542,0.004711,0.000186
16840,550,8744,8194,8194,0,0,0,105,24.072661,0.0,19466.818369,670.58262,2585.344719,2229.998561,3346.81,16840,20,77,21016320.0,3786298.509,13372.4652,10610.9469,281.1194,0.0,0.1676,0.0,82,0.036364,1.040899,0.499307,0.501163,1.027304,0.407553,0.367597,0.306493,0.509546,0.049904,0.200759,0.30917,0.493693,0.405034,0.052452,0.022091,0.003814,0.00516,0.026101,0.003308,0.007646,0.001666,0.004471,5.1e-05,0.000735,0.001473,0.003481,0.004617,0.000188
16860,556,8760,8204,8204,0,0,0,99,20.841921,0.0,19733.96206,672.804166,2586.353913,2230.000358,3321.12,16860,20,77,21041280.0,3792388.809,13390.4213,10625.9937,281.8854,0.0,0.1676,0.0,82,0.03777,1.040602,0.499593,0.500924,1.027228,0.408063,0.366711,0.306559,0.508965,0.049895,0.20114,0.308092,0.494036,0.405121,0.052303,0.021755,0.003877,0.005041,0.025864,0.00333,0.00762,0.0017,0.004329,5.1e-05,0.000729,0.001473,0.003563,0.004562,0.000186
16880,566,8781,8215,8215,0,0,0,102,21.379363,0.0,19901.901063,681.61678,2577.003857,2230.001115,3247.78,16880,20,77,21066240.0,3798479.109,13408.3775,10647.7693,282.5237,0.0,0.1676,0.0,82,0.037102,1.040769,0.499398,0.50044,1.026767,0.408522,0.366569,0.306622,0.508981,0.049916,0.200873,0.308151,0.494329,0.404346,0.052176,0.021294,0.003902,0.004942,0.026525,0.003385,0.007495,0.001708,0.004291,5.1e-05,0.000741,0.001445,0.00349,0.004604,0.000183
16900,563,8791,8228,8228,0,0,0,106,23.305604,0.0,20056.833462,683.160548,2573.533848,2230.001434,3278.15,16900,20,77,21091200.0,3804569.409,13426.3336,10666.1459,282.6605,0.0,0.1676,0.0,82,0.0373,1.039242,0.498969,0.501093,1.026182,0.40793,0.36594,0.306719,0.508964,0.049874,0.200703,0.307712,0.494851,0.404006,0.05242,0.020953,0.003685,0.004995,0.026014,0.003401,0.007489,0.001682,0.004078,4.9e-05,0.000733,0.001419,0.003413,0.004553,0.000182
16920,563,8803,8240,8240,0,0,0,103,23.024375,0.0,20201.187706,684.298357,2572.677268,2230.001568,3293.56,16920,20,77,21116160.0,3810659.3425,13444.2898,10682.9436,282.7147,0.0,0.1676,0.0,82,0.0373,1.039628,0.498173,0.501681,1.027382,0.408205,0.367926,0.307425,0.509077,0.049936,0.200896,0.308321,0.494389,0.40541,0.05256,0.021167,0.00379,0.004949,0.027149,0.003394,0.007808,0.001792,0.004064,5.1e-05,0.000732,0.001439,0.003445,0.004815,0.000182
16940,571,8820,8249,8249,0,0,0,97,18.707059,0.0,20309.694363,691.019552,2570.273389,2230.001624,3250.53,16940,20,77,21141120.0,3816749.6425,13462.2459,10700.0063,283.9668,0.0,0.1676,0.0,82,0.036778,1.039021,0.498578,0.502638,1.02756,0.408949,0.367863,0.307276,0.508589,0.050093,0.200748,0.307472,0.495257,0.404676,0.052702,0.021017,0.003897,0.004965,0.027254,0.003438,0.007879,0.001797,0.004151,6e-05,0.000742,0.001456,0.003507,0.00485,0.000182
16960,574,8839,8265,8265,0,0,0,101,19.294442,0.0,20380.561184,690.174169,2570.531389,2230.001648,3232.15,16960,20,77,21166080.0,3822839.9425,13480.2021,10719.2655,284.1979,0.0,0.1676,0.0,82,0.038328,1.040625,0.499753,0.50222,1.027345,0.408517,0.368587,0.307794,0.508696,0.050029,0.200669,0.307593,0.495077,0.40411,0.052419,0.021781,0.00391,0.00501,0.026595,0.00346,0.007892,0.001816,0.004385,5.7e-05,0.000725,0.001473,0.003422,0.004859,0.000184
16980,570,8852,8282,8282,0,0,0,100,19.890416,0.0,20436.268963,694.029454,2566.08013,2230.171357,3252.28,16980,20,77,21191040.0,3828930.2425,13497.9809,10743.1407,284.6724,0.0,0.1676,0.0,82,0.036842,1.041409,0.500401,0.501435,1.028488,0.409845,0.368321,0.307713,0.508105,0.050026,0.200947,0.307749,0.494507,0.40376,0.052306,0.021723,0.003895,0.004978,0.026277,0.003405,0.007817,0.001808,0.004359,5.8e-05,0.00071,0.001463,0.003439,0.004781,0.000186
17000,572,8867,8295,8295,0,0,0,102,18.967955,0.0,20460.302638,698.27511,2562.756935,2230.276429,3252.93,17000,20,77,21216000.0,3835020.5425,13515.5511,10763.2545,284.9247,0.0,0.1676,0.0,82,0.036713,1.041612,0.500853,0.501094,1.029163,0.409786,0.368313,0.307229,0.508392,0.049926,0.201072,0.308031,0.494685,0.404068,0.052369,0.021472,0.003982,0.005076,0.026753,0.00344,0.007863,0.001788,0.004295,5.7e-05,0.000708,0.001491,0.003506,0.004745,0.000187
17020,578,8881,8303,8303,0,0,0,95,17.393395,0.0,20455.765342,706.227504,2556.379102,2230.117015,3232.07,17020,20,77,21240960.0,3841110.0018,13533.5073,10781.2869,285.0909,0.0,0.1676,0.0,82,0.036332,1.042298,0.501218,0.50178,1.029994,0.410095,0.368811,0.307335,0.508399,0.049953,0.201079,0.308269,0.49401,0.404185,0.052395,0.023446,0.003952,0.005096,0.02696,0.003492,0.00782,0.001804,0.004338,6e-05,0.000722,0.001464,0.003477,0.004905,0.00019
17040,574,8893,8319,8319,0,0,0,99,18.812216,0.0,20406.709453,703.602889,2557.584894,2230.050201,3262.31,17040,20,77,21265920.0,3847189.9518,13551.4634,10798.3807,285.4872,0.0,0.1676,0.0,73,0.034843,1.042403,0.500709,0.499859,1.030883,0.409506,0.369835,0.306996,0.508295,0.049855,0.201208,0.308362,0.493496,0.404645,0.052298,0.023468,0.003997,0.004948,0.027551,0.003487,0.00799,0.001841,0.004302,6.1e-05,0.000732,0.001457,0.003524,0.005007,0.000188
17060,582,8915,8333,8333,0,0,0,99,21.110056,0.0,20343.81467,702.572004,2556.31794,2230.022107,3219.85,17060,20,77,21290880.0,3853269.9018,13569.4196,10815.4152,286.0482,0.0,0.1676,0.0,73,0.036082,1.04211,0.499881,0.499174,1.029821,0.408677,0.370788,0.307033,0.50977,0.049871,0.200886,0.307983,0.492942,0.403486,0.052648,0.023323,0.003971,0.004957,0.028434,0.003489,0.007972,0.001921,0.00438,6.2e-05,0.000744,0.001405,0.003638,0.005103,0.000186
17080,583,8933,8350,8350,0,0,0,93,17.864738,0.0,20281.468105,708.114586,2554.020676,2230.010278,3224.08,17080,20,77,21315840.0,3859349.8518,13587.3757,10840.877,287.3994,0.0,0.1676,0.0,73,0.036021,1.044529,0.50033,0.500382,1.028696,0.409409,0.370725,0.306545,0.510204,0.049935,0.201369,0.307351,0.493267,0.404092,0.05276,0.023832,0.004084,0.005657,0.027855,0.003465,0.00832,0.001882,0.004281,6.1e-05,0.000751,0.001419,0.003633,0.005057,0.000186
17100,581,8946,8365,8365,0,0,0,96,21.814911,0.0,20159.466419,711.54319,2546.6419,2230.005295,3244.4,17100,20,77,21340800.0,3865429.8018,13605.3319,10862.5598,287.8849,0.0,0.1676,0.0,82,0.034423,1.046433,0.500744,0.50078,1.027138,0.409519,0.370545,0.305954,0.510641,0.049957,0.201278,0.307752,0.493618,0.403236,0.052467,0.023672,0.004058,0.005599,0.027854,0.003367,0.008316,0.001786,0.00445,6e-05,0.000758,0.001433,0.003571,0.004991,0.000188
17120,581,8959,8378,8378,0,0,0,97,17.751881,0.0,20050.643067,713.232982,2549.015138,2230.218237,3257.39,17120,20,77,21365760.0,3871509.7518,13623.0581,10879.2006,288.4033,0.0,0.1676,0.0,82,0.036145,1.048295,0.500634,0.501369,1.025701,0.409159,0.371123,0.306291,0.510789,0.049957,0.201227,0.307633,0.493661,0.403542,0.052538,0.023907,0.00415,0.005647,0.027908,0.003394,0.008391,0.001778,0.004513,6e-05,0.000779,0.001428,0.003593,0.0051,0.000192
17140,588,8971,8383,8383,0,0,0,94,17.851554,0.0,19881.322885,723.954986,2538.19346,2230.265374,3236.87,17140,20,77,21390720.0,3877589.7018,13640.6809,10896.3665,288.5419,0.0,0.1676,0.0,82,0.035714,1.047838,0.500151,0.501751,1.02558,0.409652,0.371221,0.306046,0.510666,0.050022,0.201286,0.308151,0.49323,0.403429,0.052433,0.023745,0.004114,0.005705,0.027434,0.003418,0.00836,0.00179,0.004547,6e-05,0.000779,0.001437,0.003532,0.005055,0.000193
17160,585,8987,8402,8402,0,0,0,102,21.63433,0.0,19703.280632,718.536381,2539.829289,2230.112392,3260.78,17160,20,77,21415680.0,3883699.9818,13658.637,10914.8075,288.6378,0.0,0.1676,0.0,82,0.035897,1.049462,0.499114,0.501323,1.02432,0.409442,0.370018,0.305778,0.511128,0.050086,0.201438,0.30832,0.492529,0.403634,0.052466,0.02412,0.004022,0.005723,0.026086,0.003446,0.008124,0.001759,0.004575,6e-05,0.000783,0.001488,0.003609,0.004842,0.000191
17180,584,9001,8417,8417,0,0,0,101,18.957071,0.0,19604.709904,717.902821,2543.140108,2230.048259,3275.32,17180,20,77,21440640.0,3889833.3558,13676.5932,10932.3179,289.5509,0.0,0.1676,0.0,82,0.037671,1.050083,0.498956,0.50274,1.024314,0.409611,0.370377,0.30601,0.510529,0.050121,0.201015,0.308447,0.493044,0.404219,0.052591,0.024244,0.003995,0.005929,0.026729,0.003591,0.008148,0.001759,0.004684,5.9e-05,0.000786,0.0015,0.003622,0.004871,0.000199
17200,581,9018,8437,8437,0,0,0,107,21.417405,0.0,19533.751024,710.735576,2547.847019,2230.401647,3297.86,17200,21,77,21465600.0,3895980.3333,13694.1421,10948.8364,290.2707,0.0,0.1676,0.0,82,0.037866,1.050652,0.498884,0.503335,1.027525,0.409585,0.37055,0.306478,0.509345,0.050093,0.201214,0.308622,0.492016,0.405066,0.052536,0.024378,0.003959,0.00616,0.028028,0.00363,0.008205,0.001813,0.004607,5.2e-05,0.000764,0.001515,0.003532,0.004899,0.000199
17220,575,9030,8455,8455,0,0,0,104,23.228254,0.0,19517.20474,706.030274,2550.741471,2230.425611,3339.59,17220,21,77,21490560.0,3902134.1175,13711.8942,10966.3505,291.0564,0.0,0.1676,0.0,82,0.036522,1.051005,0.498789,0.50274,1.028441,0.408884,0.371504,0.307094,0.509206,0.050113,0.201082,0.308809,0.491775,0.406482,0.052512,0.024632,0.004022,0.005948,0.027957,0.003642,0.008741,0.001802,0.004524,5.2e-05,0.000751,0.001492,0.003503,0.005165,0.000201
17240,564,9039,8475,8475,0,0,0,107,22.157508,0.0,19585.530409,694.446391,2563.396101,2230.293775,3406.43,17240,21,77,21515520.0,3908288.2275,13729.8504,10982.1638,291.1826,0.0,0.1676,0.0,82,0.035461,1.045966,0.497038,0.501354,1.030461,0.408977,0.370827,0.306804,0.508679,0.049956,0.201815,0.307743,0.491846,0.405405,0.052371,0.022841,0.00393,0.005816,0.028478,0.00367,0.008574,0.001794,0.004288,5e-05,0.000764,0.001474,0.003434,0.004909,0.000191
17260,566,9056,8490,8490,0,0,0,108,22.020414,0.0,19736.415135,689.438171,2568.541415,2230.419021,3356.07,17260,21,77,21540480.0,3914442.3375,13747.5766,10996.9653,291.1826,0.0,0.1676,0.0,82,0.033569,1.044787,0.497504,0.502241,1.03095,0.409745,0.371374,0.306543,0.508499,0.049993,0.201932,0.307385,0.491326,0.405583,0.052745,0.023001,0.003808,0.005894,0.028918,0.003719,0.008569,0.001786,0.004265,5.1e-05,0.000759,0.001474,0.003342,0.004921,0.000193
17280,576,9078,8502,8502,0,0,0,105,23.448798,0.0,19836.489281,694.350998,2562.200204,2230.405322,3307.05,17280,21,77,21565440.0,3920596.4475,13765.1994,11017.5083,291.8578,0.0,0.1676,0.0,82,0.036458,1.045535,0.49815,0.502214,1.029197,0.409089,0.372419,0.30709,0.508708,0.049908,0.201904,0.307613,0.490279,0.405475,0.052877,0.023969,0.003784,0.006078,0.028834,0.003735,0.008538,0.0018,0.004249,5.1e-05,0.000761,0.001469,0.003297,0.004829,0.000195
17300,578,9090,8512,8512,0,0,0,97,20.520035,0.0,19878.860242,706.670686,2552.809279,2230.210033,3311.28,17300,21,77,21590400.0,3926750.5575,13783.1556,11042.0028,292.1525,0.0,0.1676,0.0,82,0.036332,1.046614,0.49808,0.502705,1.029656,0.409219,0.37134,0.306989,0.508744,0.049908,0.201677,0.307767,0.491368,0.405613,0.052946,0.024143,0.003729,0.006115,0.02754,0.003802,0.008509,0.001806,0.004249,5e-05,0.000761,0.001512,0.003337,0.004839,0.000195
17320,578,9104,8526,8526,0,0,0,98,19.953402,0.0,19897.600074,706.349039,2553.69756,2230.116431,3323.05,17320,21,77,21615360.0,3932905.9125,13801.1117,11059.6652,292.2157,0.0,0.1676,0.0,82,0.034602,1.045575,0.498746,0.502351,1.028591,0.409868,0.37126,0.306463,0.508508,0.049996,0.201625,0.307043,0.492177,0.404665,0.053043,0.024227,0.003937,0.00612,0.02722,0.003802,0.008472,0.001787,0.004365,5.6e-05,0.000774,0.00152,0.003264,0.004779,0.000197
17340,581,9121,8540,8540,0,0,0,95,18.251128,0.0,19927.976356,708.544448,2553.204424,2230.06891,3311.2,17340,21,77,21640320.0,3939073.179,13819.0679,11078.2717,293.1052,0.0,0.1676,0.0,82,0.034423,1.045921,0.499551,0.502453,1.02997,0.409549,0.371206,0.306233,0.507889,0.050063,0.201135,0.307818,0.492279,0.404153,0.05321,0.024229,0.004059,0.006124,0.02695,0.003834,0.008502,0.001795,0.004544,5.9e-05,0.000773,0.001537,0.003235,0.004801,0.000207
17360,583,9137,8554,8554,0,0,0,97,19.966204,0.0,19933.686936,710.249306,2549.784489,2230.04321,3313.37,17360,21,77,21665280.0,3945253.8321,13837.024,11098.8841,293.5356,0.0,0.1676,0.0,82,0.03259,1.042916,0.498044,0.500667,1.028557,0.409384,0.370721,0.306316,0.508618,0.050085,0.201376,0.307554,0.492439,0.403685,0.053068,0.022849,0.004,0.005455,0.026796,0.003809,0.008386,0.001769,0.004575,6.1e-05,0.000766,0.001517,0.003197,0.0048,0.000203
17380,584,9155,8571,8571,0,0,0,99,21.489535,0.0,19917.358768,709.634574,2548.875891,2230.028407,3308.44,17380,21,77,21690240.0,3951434.5221,13854.9802,11118.2393,294.2892,0.0,0.1676,0.0,82,0.032534,1.046012,0.498826,0.500855,1.030437,0.408691,0.371252,0.307168,0.509288,0.050177,0.200923,0.307798,0.491805,0.402702,0.052949,0.023381,0.003931,0.005384,0.027255,0.003863,0.008438,0.001808,0.004745,6.2e-05,0.000758,0.001562,0.003259,0.004455,0.000203
17400,588,9172,8584,8584,0,0,0,97,22.833615,0.0,19891.8798,714.366736,2542.799649,2230.234434,3287.97,17400,21,77,21715200.0,3957636.4821,13872.7064,11139.4757,295.1359,0.0,0.1676,0.0,82,0.034014,1.044888,0.498934,0.501731,1.029425,0.408379,0.372046,0.307346,0.509955,0.050194,0.200799,0.307938,0.491582,0.401515,0.052903,0.022394,0.003915,0.005449,0.026575,0.003868,0.008579,0.001778,0.004859,6.2e-05,0.000762,0.001578,0.003268,0.004378,0.000204
17420,594,9187,8593,8593,0,0,0,90,16.875768,0.0,19826.250211,724.655169,2538.469064,2230.276716,3252.11,17420,21,77,21740160.0,3963843.4371,13890.3292,11160.2723,295.5268,0.0,0.1676,0.0,82,0.03367,1.045342,0.499108,0.501458,1.029728,0.409465,0.373207,0.306934,0.508893,0.05013,0.200905,0.307827,0.491285,0.402578,0.052905,0.022594,0.003981,0.005417,0.026849,0.003905,0.008597,0.001809,0.004871,6.1e-05,0.000782,0.00159,0.003235,0.004329,0.000204
17440,588,9202,8614,8614,0,0,0,97,22.74623,0.0,19753.415988,719.314066,2537.939704,2230.120329,3276.27,17440,21,77,21765120.0,3970082.289,13908.2853,11180.9577,296.2572,0.0,0.1676,0.0,82,0.034014,1.047328,0.499237,0.501448,1.030831,0.409337,0.373664,0.307193,0.508612,0.050176,0.200894,0.307581,0.491054,0.40432,0.052849,0.023128,0.003964,0.005498,0.027798,0.00393,0.008989,0.001815,0.004661,6.3e-05,0.000785,0.001539,0.003208,0.004675,0.000197
17460,583,9219,8636,8636,0,0,0,106,25.647728,0.0,19774.783115,712.964827,2541.387445,2230.053812,3305.02,17460,21,77,21790080.0,3976349.5283,13926.2415,11201.0848,296.6119,0.0,0.1676,0.0,82,0.034305,1.048045,0.498372,0.50106,1.031159,0.409632,0.373787,0.307788,0.50791,0.050168,0.201544,0.307559,0.490816,0.404999,0.052896,0.023136,0.003951,0.005373,0.028238,0.003939,0.009026,0.001844,0.004553,6.5e-05,0.000811,0.00154,0.003233,0.004794,0.000195
17480,575,9230,8655,8655,0,0,0,98,26.632055,0.0,19856.468256,706.881478,2546.486467,2230.025174,3350.58,17480,21,77,21815040.0,3982618.0883,13944.1976,11219.1445,297.7239,0.0,0.1676,0.0,82,0.036522,1.046298,0.499589,0.501091,1.031746,0.409583,0.374856,0.307858,0.506604,0.050125,0.201256,0.307162,0.491968,0.406121,0.052832,0.023004,0.004028,0.005421,0.028006,0.003888,0.00916,0.001841,0.004519,6.5e-05,0.00081,0.001529,0.003307,0.004843,0.000198
17500,572,9241,8669,8669,0,0,0,104,20.928497,0.0,19996.627814,706.010031,2553.061472,2230.01265,3380.74,17500,21,77,21840000.0,3988886.6483,13962.1538,11235.4441,298.6919,0.0,0.1676,0.0,82,0.038462,1.047686,0.500822,0.501872,1.033022,0.409635,0.37531,0.307845,0.508096,0.050224,0.20113,0.307064,0.492833,0.406463,0.052796,0.023262,0.004083,0.005553,0.028326,0.003796,0.009326,0.001851,0.004637,6.6e-05,0.000805,0.001514,0.003355,0.004902,0.000195
17520,581,9261,8680,8680,0,0,0,100,19.657751,0.0,20112.59593,711.324227,2549.018022,2230.00705,3322.12,17520,21,77,21864960.0,3995155.1248,13980.1099,11252.7512,299.618,0.0,0.1676,0.0,82,0.037866,1.046827,0.500355,0.500889,1.033731,0.409552,0.375273,0.307585,0.509086,0.050275,0.200574,0.307174,0.493077,0.40629,0.052758,0.023086,0.004088,0.005444,0.029126,0.003688,0.00935,0.001838,0.0046,6.5e-05,0.000798,0.001492,0.003439,0.004965,0.000195
17540,594,9280,8686,8686,0,0,0,99,18.875476,0.0,20131.921314,721.685984,2539.43854,2230.160189,3261.96,17540,21,77,21889920.0,4001423.6848,13997.8955,11270.6327,300.6421,0.0,0.1676,0.0,82,0.038721,1.046136,0.500642,0.500807,1.034755,0.409014,0.37382,0.307772,0.509076,0.050324,0.200926,0.307266,0.493022,0.406397,0.052602,0.022447,0.004121,0.005354,0.028373,0.003595,0.00897,0.001779,0.004631,6.5e-05,0.000787,0.001477,0.003471,0.00501,0.000193
17560,590,9294,8704,8704,0,0,0,104,19.865184,0.0,20139.131847,720.050704,2540.084112,2228.907937,3287.22,17560,21,77,21914880.0,4007698.5083,14017.0379,11291.8123,301.7219,0.0,0.1676,0.0,82,0.040678,1.046964,0.500844,0.501548,1.035856,0.408612,0.374411,0.308097,0.509496,0.050333,0.2002,0.307117,0.492567,0.407537,0.052879,0.022477,0.004135,0.005577,0.028569,0.003616,0.008986,0.001813,0.004572,6.4e-05,0.000781,0.001488,0.003526,0.005035,0.000194
17580,593,9310,8717,8717,0,0,0,106,22.47684,0.0,20127.597174,725.435342,2532.087818,2227.018645,3277.19,17580,21,77,21939840.0,4014009.6639,14037.3897,11312.28,302.3543,0.0,0.1676,0.0,82,0.042159,1.048517,0.500497,0.502929,1.035651,0.409662,0.374647,0.308533,0.510533,0.050273,0.200288,0.306755,0.493061,0.407307,0.052675,0.023099,0.003944,0.005758,0.028525,0.003708,0.008975,0.00185,0.004866,5.8e-05,0.000752,0.001515,0.003612,0.005014,0.0002
17600,597,9328,8731,8731,0,0,0,98,20.346052,0.0,20124.478501,728.55779,2531.096159,2224.740106,3235.53,17600,21,77,21964800.0,4020321.1839,14058.6797,11332.4949,303.2003,0.0,0.1676,0.0,82,0.040201,1.046954,0.499602,0.502912,1.034732,0.409908,0.374677,0.308253,0.509629,0.050303,0.200362,0.306604,0.492539,0.407249,0.052853,0.023076,0.004004,0.005749,0.028207,0.003713,0.008885,0.001827,0.004808,5.8e-05,0.000736,0.001484,0.003636,0.004996,0.000202
17620,584,9337,8753,8753,0,0,0,101,22.89536,0.0,20132.386462,719.226806,2537.877834,2222.748487,3303.31,17620,21,77,21989760.0,4026632.3179,14080.0289,11350.5605,303.5819,0.0,0.1676,0.0,82,0.041096,1.047901,0.498687,0.502831,1.034985,0.409652,0.374821,0.308059,0.507711,0.050329,0.200364,0.306277,0.492579,0.40746,0.052883,0.023166,0.004038,0.005943,0.028422,0.003634,0.008744,0.001817,0.004723,5.9e-05,0.000723,0.001491,0.003595,0.005045,0.000202
17640,584,9355,8771,8771,0,0,0,102,22.214537,0.0,20199.090869,716.091625,2541.693838,2220.898677,3275.94,17640,21,77,22014720.0,4032943.8379,14101.3782,11368.4001,304.6783,0.0,0.1676,0.0,73,0.039384,1.048752,0.499281,0.503518,1.035926,0.410162,0.373573,0.308259,0.508013,0.050251,0.200484,0.305306,0.492952,0.406733,0.052892,0.022668,0.004043,0.005927,0.028457,0.003484,0.00866,0.001827,0.004636,5.9e-05,0.000727,0.001521,0.003608,0.005051,0.000198
17660,586,9371,8785,8785,0,0,0,103,19.483901,0.0,20305.182451,714.856833,2545.659265,2219.040213,3277.66,17660,21,77,22039680.0,4039255.1962,14122.7275,11385.2574,304.893,0.0,0.1676,0.0,73,0.040956,1.047265,0.497505,0.503899,1.036802,0.410119,0.374955,0.307529,0.508094,0.050334,0.200495,0.305505,0.492037,0.406719,0.052992,0.022626,0.004061,0.005837,0.028722,0.003517,0.008679,0.001821,0.004612,6e-05,0.000763,0.001502,0.003604,0.005077,0.000199
17680,587,9387,8800,8800,0,0,0,106,20.957876,0.0,20381.371424,717.919787,2541.122337,2217.238945,3279.62,17680,22,77,22064640.0,4045576.0808,14143.8468,11405.9531,305.8041,0.0,0.1676,0.0,73,0.039182,1.047892,0.49812,0.506079,1.037518,0.409337,0.375744,0.30803,0.509807,0.050235,0.200583,0.305517,0.491919,0.406824,0.053339,0.022982,0.004111,0.006637,0.030024,0.003603,0.008874,0.001873,0.00467,6e-05,0.000784,0.001563,0.003544,0.005135,0.000204
17700,592,9403,8811,8811,0,0,0,106,19.522461,0.0,20436.026257,723.370218,2537.107321,2214.912351,3268.17,17700,22,77,22089600.0,4051903.4108,14164.8628,11426.0089,306.6292,0.0,0.1676,0.0,82,0.038851,1.046738,0.498922,0.505708,1.03456,0.409246,0.37589,0.30777,0.509439,0.050161,0.200771,0.305271,0.492094,0.406934,0.053281,0.023117,0.004099,0.006618,0.029113,0.003651,0.008861,0.00186,0.004536,5.9e-05,0.000796,0.001553,0.003501,0.005123,0.000201
17720,593,9414,8821,8821,0,0,0,105,19.7548,0.0,20462.793687,729.041602,2531.203598,2211.681214,3274.95,17720,22,77,22114560.0,4058230.7408,14186.212,11443.6922,307.4092,0.0,0.1676,0.0,73,0.038786,1.045526,0.498576,0.50539,1.03403,0.409476,0.376287,0.307275,0.508347,0.050049,0.201057,0.305567,0.492029,0.406446,0.053176,0.023005,0.004075,0.006623,0.029501,0.003688,0.008733,0.001827,0.004414,5.8e-05,0.000816,0.00153,0.00347,0.00512,0.0002
17740,591,9430,8839,8839,0,0,0,111,25.536028,0.0,20464.264792,723.805929,2530.658043,2207.094979,3287.96,17740,22,77,22139520.0,4064558.0708,14207.5613,11459.9267,307.9085,0.0,0.1676,0.0,73,0.038917,1.045574,0.498906,0.505311,1.034364,0.411813,0.376013,0.307333,0.50895,0.050291,0.201086,0.305041,0.492632,0.406175,0.053033,0.022986,0.003975,0.006618,0.029962,0.003767,0.008831,0.001864,0.00433,7e-05,0.000819,0.001529,0.003497,0.005003,0.000201
17760,598,9449,8851,8851,0,0,0,105,22.397539,0.0,20477.307741,727.356697,2530.245764,2199.060663,3243.09,17760,22,77,22164480.0,4070885.4008,14228.9106,11479.1527,308.5522,0.0,0.1676,0.0,73,0.038462,1.045779,0.498458,0.5043,1.034445,0.411816,0.375232,0.307426,0.509363,0.050346,0.201135,0.305467,0.493301,0.405519,0.052655,0.023513,0.003975,0.006428,0.030037,0.003905,0.008738,0.00185,0.004619,6.9e-05,0.000806,0.001547,0.0036,0.005029,0.000204
17780,603,9466,8863,8863,0,0,0,99,22.511555,0.0,20423.525676,734.615437,2522.873008,2196.148828,3221.07,17780,22,77,22189440.0,4077214.4346,14239.6166,11500.8724,308.9138,0.0,0.1676,0.0,73,0.036484,1.047923,0.497657,0.504001,1.032101,0.410967,0.375136,0.30804,0.509648,0.050421,0.201236,0.305409,0.493802,0.405473,0.052741,0.023224,0.003991,0.006436,0.029854,0.003828,0.008705,0.001849,0.004643,6.9e-05,0.0008,0.001523,0.00356,0.00503,0.000202
17800,603,9482,8879,8879,0,0,0,103,24.146993,0.0,20331.173745,737.37374,2518.479267,2196.144045,3226.84,17800,22,77,22214400.0,4083560.0946,14247.1382,11523.8032,309.5438,0.0,0.1676,0.0,82,0.034826,1.046766,0.498625,0.50407,1.031616,0.411279,0.374441,0.307619,0.50945,0.050326,0.201144,0.305709,0.494399,0.405485,0.052747,0.023527,0.003992,0.006566,0.029006,0.00382,0.008886,0.001793,0.004537,6.7e-05,0.000809,0.001521,0.003541,0.005044,0.000208
17820,602,9498,8896,8896,0,0,0,106,23.182914,0.0,20261.313877,735.943003,2520.874083,2196.357071,3231.65,17820,21,77,22239360.0,4089905.7546,14254.4298,11543.7201,310.0177,0.0,0.1676,0.0,82,0.033223,1.047483,0.498572,0.502711,1.02664,0.410419,0.374676,0.307156,0.509988,0.050187,0.200791,0.306341,0.494516,0.405009,0.052301,0.023742,0.003878,0.006178,0.028527,0.003787,0.009103,0.001728,0.004841,6.7e-05,0.000797,0.001519,0.003427,0.00481,0.000203
17840,611,9521,8910,8910,0,0,0,109,23.333978,0.0,20164.431031,740.411792,2516.254231,2196.404245,3195.85,17840,21,77,22264320.0,4096277.8837,14261.618,11566.5768,310.2631,0.0,0.1676,0.0,82,0.03437,1.047637,0.499347,0.503722,1.028357,0.410249,0.374895,0.307,0.509521,0.050123,0.200706,0.306429,0.49433,0.405164,0.052248,0.023761,0.003908,0.006336,0.027976,0.003842,0.009543,0.001708,0.004732,6.6e-05,0.000788,0.001511,0.003601,0.004973,0.000208
17860,610,9531,8921,8921,0,0,0,103,19.917215,0.0,20046.954486,750.63195,2509.450836,2196.251277,3206.83,17860,21,77,22289280.0,4102661.4637,14269.1395,11589.2248,310.7637,0.0,0.1676,0.0,82,0.034426,1.049319,0.498869,0.50424,1.028971,0.410909,0.375284,0.306847,0.508303,0.050168,0.20097,0.306132,0.494521,0.405332,0.052298,0.023665,0.003927,0.006336,0.027959,0.003861,0.009561,0.001698,0.004628,6.7e-05,0.00079,0.001509,0.003573,0.004993,0.000208
17880,606,9548,8942,8942,0,0,0,110,26.725223,0.0,19914.044557,742.86885,2510.405927,2196.18715,3231.35,17880,22,77,22314240.0,4109044.7215,14276.661,11607.7185,310.9877,0.0,0.1676,0.0,82,0.034653,1.04779,0.500631,0.505357,1.030957,0.409814,0.376461,0.306983,0.509136,0.050152,0.201373,0.305373,0.493069,0.405057,0.05241,0.023676,0.004073,0.006506,0.029463,0.00381,0.009679,0.001809,0.004619,7e-05,0.000842,0.001475,0.003445,0.005115,0.000212
17900,607,9565,8958,8958,0,0,0,109,25.274527,0.0,19842.031371,737.61678,2517.108693,2196.160183,3238.8,17900,23,77,22339200.0,4115436.4558,14284.1826,11624.8021,311.3845,0.0,0.1676,0.0,82,0.036244,1.042007,0.499792,0.504858,1.034066,0.408763,0.377803,0.30679,0.509551,0.050016,0.201102,0.305088,0.493053,0.404652,0.05264,0.022388,0.004103,0.006574,0.03135,0.003716,0.009783,0.001986,0.004614,7.1e-05,0.000847,0.001482,0.003429,0.005259,0.000217
17920,597,9577,8980,8980,0,0,0,109,25.445834,0.0,19829.345185,727.912777,2526.641389,2196.148828,3291.18,17920,23,77,22364160.0,4121836.8121,14291.7041,11643.2832,311.6815,0.0,0.1676,0.0,82,0.038526,1.04169,0.500009,0.504397,1.035835,0.408856,0.380546,0.307267,0.510199,0.050028,0.200738,0.305213,0.491993,0.405056,0.052838,0.022215,0.004263,0.006685,0.032198,0.003759,0.010139,0.002024,0.004494,7.4e-05,0.000855,0.001475,0.003589,0.005382,0.00022
17940,600,9590,8990,8990,0,0,0,101,20.814081,0.0,19842.564642,734.706181,2524.479738,2196.144045,3270.56,17940,23,77,22389120.0,4128237.4621,14299.2256,11661.2433,312.8936,0.0,0.1676,0.0,82,0.038333,1.041989,0.499743,0.504625,1.035983,0.408965,0.380965,0.307103,0.509976,0.050059,0.200538,0.305665,0.492731,0.404904,0.052911,0.022083,0.004313,0.006694,0.032347,0.003769,0.010104,0.00202,0.004511,7.3e-05,0.000847,0.001456,0.003666,0.005361,0.000219
17960,590,9601,9011,9011,0,0,0,105,23.775309,0.0,19899.285955,724.018682,2532.206009,2196.116872,3334.87,17960,23,77,22414080.0,4134637.9672,14306.7729,11676.3688,313.5504,0.0,0.1676,0.0,82,0.038983,1.04255,0.499578,0.503429,1.037,0.408964,0.380185,0.307135,0.510563,0.050037,0.200496,0.306083,0.493188,0.405465,0.052867,0.022434,0.004314,0.006737,0.031917,0.003777,0.010134,0.002004,0.004686,7.3e-05,0.000835,0.001485,0.003654,0.005433,0.000222
17980,589,9616,9027,9027,0,0,0,101,20.596228,0.0,20028.301692,720.416458,2538.987314,2194.933776,3346.8,17980,23,77,22439040.0,4141038.6172,14315.899,11691.7738,314.0586,0.0,0.1676,0.0,82,0.044143,1.044886,0.49964,0.504608,1.034814,0.409792,0.381474,0.307551,0.510391,0.050023,0.199996,0.305879,0.492808,0.40619,0.052906,0.02336,0.004311,0.006939,0.031835,0.003945,0.01005,0.002042,0.004711,7.5e-05,0.00083,0.001544,0.003677,0.005426,0.000222
18000,593,9633,9040,9040,0,0,0,99,21.113593,0.0,20129.762589,723.313318,2535.573088,2193.390564,3323.52,18000,23,77,22464000.0,4147439.2672,14326.5144,11710.0585,314.3503,0.0,0.1676,0.0,82,0.043845,1.046912,0.499196,0.502819,1.03439,0.408795,0.381238,0.308258,0.511126,0.050107,0.199936,0.306515,0.493179,0.406425,0.052928,0.023827,0.004236,0.006893,0.03181,0.003932,0.010107,0.002085,0.004925,7.4e-05,0.000783,0.00154,0.003631,0.005478,0.000224
18020,594,9647,9053,9053,0,0,0,100,20.95019,0.0,20219.839873,726.877675,2532.172135,2192.402934,3332.69,18020,23,77,22488960.0,4153849.7296,14337.5792,11730.7713,314.7212,0.0,0.1676,0.0,82,0.043771,1.046635,0.497625,0.500799,1.03528,0.409632,0.381335,0.307887,0.51056,0.050215,0.200308,0.306869,0.492131,0.406162,0.052761,0.023467,0.00416,0.0065,0.030579,0.003957,0.009853,0.002076,0.004842,7.6e-05,0.000773,0.001519,0.003741,0.005645,0.000212
18040,592,9657,9065,9065,0,0,0,95,20.446432,0.0,20296.607738,729.682094,2529.871474,2191.918678,3359.06,18040,23,77,22513920.0,4160260.7296,14348.644,11748.5351,315.1325,0.0,0.1676,0.0,82,0.043919,1.048541,0.497719,0.501635,1.036436,0.410412,0.381167,0.307757,0.510115,0.050288,0.200092,0.306619,0.492334,0.406061,0.052918,0.024481,0.004171,0.006949,0.031225,0.004013,0.009851,0.002137,0.004804,7.6e-05,0.000769,0.001544,0.003781,0.005646,0.000214
18060,592,9669,9077,9077,0,0,0,93,17.311246,0.0,20368.787365,730.078939,2532.609814,2191.675902,3374.82,18060,23,77,22538880.0,4166675.8156,14359.7088,11763.9092,315.4619,0.0,0.1676,0.0,82,0.045608,1.048354,0.496897,0.50188,1.035549,0.409877,0.38097,0.308072,0.508849,0.050267,0.200564,0.306378,0.491971,0.406617,0.052892,0.024801,0.004217,0.007012,0.030773,0.004108,0.009849,0.002127,0.004738,7.6e-05,0.000776,0.001541,0.003815,0.005584,0.000214
18080,592,9683,9091,9091,0,0,0,95,20.250041,0.0,20460.569754,727.463511,2532.286448,2191.552836,3385.68,18080,23,77,22563840.0,4173107.2456,14370.7736,11779.3017,315.8766,0.0,0.1676,0.0,82,0.045608,1.047393,0.497652,0.503047,1.037349,0.41054,0.381361,0.308103,0.509043,0.050316,0.200541,0.305633,0.491991,0.407756,0.053062,0.02481,0.004264,0.007291,0.030975,0.004153,0.009898,0.002153,0.004677,7.6e-05,0.000779,0.001575,0.003771,0.005635,0.000218
18100,589,9696,9107,9107,0,0,0,102,23.366915,0.0,20548.882297,726.217617,2530.415467,2191.490103,3412.84,18100,21,77,22588800.0,4179538.6756,14381.8384,11797.3794,316.2198,0.0,0.1676,0.0,82,0.04584,1.049296,0.497601,0.50286,1.032994,0.410716,0.381045,0.306978,0.508909,0.050275,0.200418,0.305716,0.492732,0.407381,0.053095,0.025124,0.004165,0.007089,0.028954,0.003994,0.009828,0.002046,0.004624,7.5e-05,0.000795,0.001595,0.003739,0.005481,0.000219
18120,591,9714,9123,9123,0,0,0,99,21.77732,0.0,20677.508058,724.164907,2534.057773,2191.458034,3405.68,18120,21,77,22613760.0,4185970.1056,14392.9032,11814.7831,317.4296,0.0,0.1676,0.0,82,0.045685,1.048641,0.497213,0.503144,1.036405,0.409723,0.379632,0.30745,0.508626,0.050146,0.200571,0.30618,0.492011,0.407032,0.053057,0.024488,0.003984,0.007011,0.02892,0.003891,0.009721,0.002011,0.004356,6.2e-05,0.000792,0.001569,0.003738,0.005464,0.000218
18140,596,9727,9131,9131,0,0,0,99,19.028889,0.0,20772.201254,732.178438,2528.792672,2191.441616,3377.29,18140,21,77,22638720.0,4192401.402,14403.9681,11832.8411,317.8614,0.0,0.1676,0.0,82,0.045302,1.049553,0.497663,0.503876,1.038724,0.409232,0.380311,0.307783,0.508592,0.050288,0.200476,0.306571,0.49147,0.408094,0.053136,0.024385,0.004007,0.007036,0.02982,0.003913,0.010093,0.002044,0.004304,6.4e-05,0.000795,0.001596,0.003747,0.005628,0.000217
18160,600,9743,9143,9143,0,0,0,102,19.641625,0.0,20809.452701,736.378451,2523.979924,2191.433204,3368.41,18160,21,77,22663680.0,4198832.832,14415.0329,11851.4734,318.642,0.0,0.1676,0.0,82,0.043333,1.048645,0.497051,0.503401,1.03766,0.409738,0.379951,0.308336,0.509004,0.050271,0.200785,0.306422,0.49186,0.408084,0.05304,0.024258,0.004083,0.006901,0.030076,0.003848,0.010004,0.002082,0.004344,6.3e-05,0.00079,0.001589,0.003785,0.00565,0.000217
18180,611,9761,9150,9150,0,0,0,99,16.92576,0.0,20776.649228,746.901464,2516.172776,2191.428893,3321.23,18180,21,77,22688640.0,4205264.262,14426.0977,11870.5816,319.0705,0.0,0.1676,0.0,82,0.042553,1.049774,0.497351,0.503987,1.039393,0.409243,0.379523,0.309043,0.509543,0.050259,0.200754,0.306158,0.491988,0.407175,0.052975,0.024756,0.004028,0.00681,0.031124,0.003903,0.010217,0.002097,0.004319,6.3e-05,0.000797,0.001575,0.003784,0.005543,0.000214
18200,612,9775,9163,9163,0,0,0,100,18.58442,0.0,20696.738706,750.022311,2511.393269,2191.426683,3330.44,18200,21,77,22713600.0,4211695.692,14437.1625,11891.5382,319.2756,0.0,0.1676,0.0,82,0.04085,1.046242,0.496188,0.502507,1.039154,0.408051,0.37938,0.308283,0.50958,0.050243,0.200672,0.306557,0.49223,0.406236,0.053059,0.023778,0.004068,0.006372,0.031045,0.003851,0.010158,0.002068,0.004324,6.6e-05,0.000828,0.001574,0.003768,0.005405,0.000216
18220,612,9788,9176,9176,0,0,0,99,18.559057,0.0,20586.691445,752.634098,2508.806845,2191.42555,3323.28,18220,21,77,22738560.0,4218126.7836,14448.2273,11910.6968,319.858,0.0,0.1676,0.0,82,0.042484,1.047547,0.496084,0.503481,1.040832,0.40769,0.379881,0.308628,0.5102,0.050226,0.20054,0.306717,0.49235,0.406793,0.053124,0.024538,0.004057,0.007008,0.030939,0.003939,0.010516,0.002105,0.004298,6.6e-05,0.000834,0.001568,0.003842,0.005561,0.000219
18240,617,9812,9195,9195,0,0,0,102,20.043129,0.0,20440.832084,750.297532,2509.659339,2191.424969,3285.31,18240,21,77,22763520.0,4224557.8697,14459.2921,11931.7976,320.6817,0.0,0.1676,0.0,82,0.045381,1.048411,0.49658,0.503523,1.040575,0.407795,0.380077,0.308082,0.510125,0.050144,0.200985,0.306632,0.491927,0.405615,0.053078,0.024706,0.003911,0.007025,0.031277,0.004005,0.010525,0.002045,0.004179,6.6e-05,0.000834,0.001563,0.003745,0.005549,0.000222
18260,614,9826,9212,9212,0,0,0,102,19.451717,0.0,20323.840745,753.726851,2506.821432,2191.424671,3313.85,18260,21,77,22788480.0,4230998.7741,14470.3569,11955.1421,322.4245,0.0,0.1676,0.0,82,0.043974,1.050161,0.496628,0.504086,1.041017,0.407523,0.380831,0.308288,0.510949,0.050187,0.201342,0.306978,0.492149,0.406186,0.053,0.024631,0.003934,0.007111,0.030615,0.003987,0.010791,0.00204,0.004211,6.6e-05,0.000845,0.001573,0.003752,0.005733,0.000218
18280,604,9837,9233,9233,0,0,0,108,22.067868,0.0,20260.575221,748.085458,2509.846674,2191.424519,3347.63,18280,21,77,22813440.0,4237452.3141,14481.4217,11974.6063,322.5637,0.0,0.1676,0.0,82,0.046358,1.052071,0.495883,0.504803,1.040881,0.407169,0.381434,0.308933,0.511776,0.050038,0.201518,0.306641,0.491479,0.406961,0.053079,0.025298,0.00383,0.007148,0.030816,0.00404,0.010991,0.002043,0.004293,6.3e-05,0.000837,0.001563,0.003815,0.005753,0.000216
18300,602,9850,9248,9248,0,0,0,113,22.850068,0.0,20259.203257,744.698631,2512.451301,2191.42444,3372.69,18300,21,77,22838400.0,4243928.5506,14492.4865,11989.2213,322.7787,0.0,0.1676,0.0,82,0.046512,1.052145,0.4974,0.504969,1.038278,0.407708,0.380292,0.308189,0.510835,0.050053,0.201376,0.306722,0.492188,0.40683,0.052957,0.024773,0.003898,0.007136,0.029952,0.003889,0.01035,0.001965,0.004263,6.4e-05,0.000833,0.001553,0.003853,0.005651,0.000214
18320,598,9863,9265,9265,0,0,0,115,23.404371,0.0,20322.023446,737.041619,2519.55401,2191.4244,3374.68,18320,21,77,22863360.0,4250427.0201,14503.5513,12002.5799,323.2082,0.0,0.1676,0.0,82,0.045151,1.051944,0.497049,0.505081,1.038807,0.407509,0.381673,0.308395,0.511754,0.050105,0.20098,0.307348,0.491966,0.405643,0.053045,0.025085,0.003899,0.006925,0.030166,0.00393,0.010349,0.001968,0.004552,6.4e-05,0.000848,0.001567,0.003851,0.005696,0.000217
18340,598,9877,9279,9279,0,0,0,113,20.63756,0.0,20440.504285,738.0171,2521.34534,2193.421557,3372.21,18340,21,77,22888320.0,4256958.6351,14512.1359,12020.9898,324.2066,0.0,0.1676,0.0,82,0.045151,1.051079,0.496837,0.504107,1.037987,0.407939,0.382422,0.308097,0.512751,0.050031,0.200774,0.307711,0.492469,0.406579,0.053124,0.025357,0.00392,0.006892,0.029668,0.003916,0.01039,0.001961,0.004799,6.6e-05,0.000828,0.001629,0.003946,0.005821,0.000216
18360,606,9897,9291,9291,0,0,0,106,19.517172,0.0,20541.298417,741.026482,2519.456347,2194.948381,3339.11,18360,21,77,22913280.0,4263498.7851,14519.6574,12039.1084,324.4861,0.0,0.1676,0.0,82,0.042904,1.049676,0.496865,0.502587,1.037332,0.407988,0.383044,0.307696,0.512328,0.050004,0.200984,0.307667,0.491861,0.406864,0.053068,0.024941,0.003814,0.006648,0.029461,0.00391,0.010424,0.001936,0.004983,6.5e-05,0.000824,0.001624,0.003955,0.005821,0.000215
18380,599,9913,9314,9314,0,0,0,108,22.791413,0.0,20642.240372,733.964723,2523.243865,2195.629401,3383.21,18380,21,77,22938240.0,4270048.1005,14527.1789,12061.2085,325.8023,0.0,0.1676,0.0,82,0.041736,1.047401,0.496135,0.502038,1.0374,0.40824,0.382576,0.308539,0.51181,0.049978,0.201209,0.307995,0.491403,0.407453,0.053137,0.024537,0.003991,0.006532,0.030143,0.003864,0.010073,0.002001,0.004973,6.5e-05,0.000832,0.001579,0.003997,0.005651,0.000219
18400,601,9932,9331,9331,0,0,0,103,21.014087,0.0,20830.620152,730.412954,2528.572959,2195.923541,3381.78,18400,21,77,22963200.0,4276600.903,14534.7005,12079.4365,326.1585,0.0,0.1676,0.0,82,0.043261,1.048539,0.496192,0.501004,1.037079,0.408259,0.38159,0.308261,0.51076,0.049905,0.200829,0.307523,0.491395,0.406696,0.053009,0.024157,0.003922,0.005894,0.030056,0.003825,0.010116,0.002016,0.004928,6.4e-05,0.000793,0.001565,0.004037,0.005593,0.000217
18420,601,9948,9347,9347,0,0,0,109,25.810235,0.0,20990.37363,732.515905,2521.673861,2196.04881,3391.67,18420,22,77,22988160.0,4283165.1836,14542.222,12101.8537,326.5756,0.0,0.1676,0.0,82,0.043261,1.047405,0.496267,0.500666,1.035326,0.40824,0.382147,0.308341,0.510594,0.049936,0.200455,0.308104,0.492821,0.406917,0.053046,0.024346,0.003924,0.006046,0.030358,0.003795,0.010231,0.002045,0.005125,6.4e-05,0.000797,0.001557,0.00405,0.00579,0.000222
18440,603,9960,9357,9356,1,0,0,111,21.934775,21.308773,21106.509363,740.474881,2517.590344,2196.10184,3368.95,18440,22,77,23013120.0,4289729.6617,14549.7435,12122.3058,326.8722,8.4941,0.1676,0.0,82,0.041459,1.045961,0.496211,0.499832,1.034765,0.408111,0.381986,0.3086,0.509693,0.050078,0.200778,0.307634,0.492855,0.407657,0.053149,0.023498,0.003887,0.006093,0.030426,0.003733,0.010249,0.002024,0.00503,6.6e-05,0.000781,0.001544,0.004051,0.005837,0.000219
18460,611,9978,9367,9366,1,0,0,111,21.237908,17.428593,21199.557449,743.870245,2514.891848,2196.124232,3338.03,18460,22,77,23038080.0,4296294.9772,14557.2651,12139.9206,327.4446,8.4941,0.1676,0.0,82,0.042553,1.044713,0.497302,0.499805,1.032294,0.407942,0.380319,0.307998,0.508619,0.049947,0.200389,0.307064,0.494634,0.405741,0.052995,0.022713,0.00416,0.006248,0.029557,0.003735,0.010123,0.001993,0.005008,6.6e-05,0.000778,0.001527,0.004025,0.005356,0.000223
18480,611,9993,9382,9380,2,0,0,110,22.473079,19.487662,21252.658379,745.842024,2511.684897,2196.133677,3341.73,18480,22,77,23063040.0,4302873.3172,14564.7866,12160.3598,328.0828,26.2074,0.1676,0.0,82,0.042553,1.045024,0.497345,0.500416,1.031035,0.407949,0.379402,0.307836,0.508599,0.050058,0.200247,0.306382,0.49405,0.40561,0.05292,0.022222,0.004148,0.006203,0.029532,0.003775,0.010143,0.001993,0.004923,6.6e-05,0.000769,0.001502,0.004006,0.005256,0.000221
18500,614,10009,9395,9393,2,0,0,106,20.350433,15.939094,21289.061608,751.811359,2507.838208,2196.137659,3325.79,18500,22,77,23088000.0,4309450.7298,14572.3081,12181.5711,329.5632,26.2074,0.1676,0.0,82,0.042345,1.044884,0.497585,0.500521,1.033803,0.408588,0.380253,0.309308,0.509201,0.050186,0.199979,0.306346,0.492875,0.407814,0.052881,0.022347,0.004134,0.006318,0.030289,0.003816,0.010264,0.002146,0.005012,6.5e-05,0.000758,0.001572,0.003929,0.00588,0.000224
18520,610,10016,9406,9404,2,0,0,100,19.033314,13.036696,21331.564518,754.177302,2506.789384,2196.139338,3363.27,18520,22,77,23112960.0,4316029.0698,14579.8297,12197.7202,329.8082,26.2074,0.1676,0.0,82,0.044262,1.044676,0.497087,0.501465,1.036468,0.409376,0.382616,0.309546,0.508576,0.050192,0.200485,0.306365,0.492798,0.408372,0.053063,0.022808,0.004226,0.006456,0.032212,0.003908,0.010596,0.002162,0.004959,6.5e-05,0.00078,0.001581,0.003937,0.005896,0.000231
18540,612,10030,9418,9416,2,0,0,104,20.434164,10.662804,21371.85658,752.55138,2507.014456,2196.140045,3367.88,18540,22,77,23137920.0,4322607.4098,14587.3512,12211.132,329.8741,26.2074,0.1676,0.0,82,0.042484,1.046005,0.497819,0.502062,1.033871,0.409775,0.382376,0.30939,0.508307,0.050254,0.200465,0.306052,0.492827,0.409492,0.053361,0.023359,0.004569,0.006606,0.031342,0.003943,0.01064,0.002207,0.005033,6.6e-05,0.000797,0.001579,0.003929,0.005918,0.000238
18560,610,10045,9435,9433,2,0,0,105,22.6155,6.379429,21405.983978,745.205481,2512.179019,2196.140343,3392.02,18560,22,77,23162880.0,4329185.7498,14594.8727,12225.9724,329.9878,27.3676,0.1676,0.0,82,0.044262,1.045095,0.497607,0.502677,1.034335,0.41039,0.384307,0.309512,0.50858,0.050236,0.200525,0.305868,0.492275,0.41036,0.05338,0.023563,0.004582,0.006697,0.031466,0.004053,0.010793,0.002277,0.005339,6.6e-05,0.000806,0.001598,0.003886,0.005953,0.00024
18580,619,10069,9450,9448,2,0,0,102,18.286442,5.217779,21450.73693,749.989338,2511.72422,2196.414345,3347.88,18580,22,77,23187840.0,4335764.0898,14602.0218,12248.7471,331.3787,27.3676,0.1676,0.0,82,0.045234,1.046,0.497133,0.502907,1.032866,0.409596,0.382549,0.308814,0.509676,0.050111,0.200899,0.306541,0.491239,0.409753,0.053153,0.023913,0.004507,0.006649,0.031155,0.004029,0.010637,0.002259,0.005266,6.4e-05,0.000827,0.001601,0.003943,0.005974,0.000235
18600,621,10087,9466,9464,2,0,0,101,22.495105,4.267658,21422.684955,755.268924,2502.235972,2196.255501,3346.83,18600,22,77,23212800.0,4342341.8777,14609.5434,12274.4047,331.8578,27.3676,0.1676,0.0,82,0.046699,1.046447,0.497095,0.502256,1.032673,0.410254,0.382795,0.308996,0.509707,0.050171,0.20073,0.30649,0.489947,0.409156,0.053102,0.024599,0.004387,0.006509,0.030772,0.004033,0.010714,0.00228,0.005307,6.6e-05,0.000821,0.001634,0.003955,0.005949,0.000232
18620,622,10104,9482,9480,2,0,0,105,22.219108,3.490547,21375.816471,758.641689,2499.139203,2196.188924,3342.03,18620,22,77,23237760.0,4348920.2177,14617.0649,12299.246,332.1507,27.3676,0.1676,0.0,82,0.041801,1.04339,0.497202,0.502441,1.034237,0.411124,0.382796,0.308644,0.510203,0.05015,0.200841,0.30685,0.490725,0.40974,0.053128,0.024006,0.004522,0.006365,0.030924,0.003983,0.010674,0.002303,0.005312,6.5e-05,0.000832,0.001634,0.003845,0.005978,0.000229
18640,623,10113,9490,9488,2,0,0,97,20.744745,2.854942,21317.517326,767.578292,2491.676963,2196.16093,3347.25,18640,22,77,23262720.0,4355518.1477,14624.5864,12317.7846,332.4743,27.3676,0.1676,0.0,82,0.043339,1.043133,0.49718,0.502768,1.035102,0.410949,0.38346,0.308561,0.511039,0.050195,0.201054,0.306959,0.491421,0.409599,0.053242,0.024035,0.004552,0.006462,0.030784,0.004002,0.010696,0.00231,0.005368,6.6e-05,0.000832,0.001621,0.003864,0.006017,0.000233
18660,627,10132,9505,9503,2,0,0,99,23.832516,2.335077,21244.76988,763.077314,2493.09017,2196.149143,3333.1,18660,22,77,23287680.0,4362122.4017,14632.108,12332.8941,332.7786,27.3676,0.1676,0.0,82,0.043062,1.042139,0.49747,0.502201,1.031858,0.411113,0.38212,0.307623,0.511117,0.050095,0.201523,0.307177,0.490897,0.408613,0.0531,0.023021,0.004559,0.006323,0.030492,0.003939,0.010368,0.002281,0.0053,6.1e-05,0.000819,0.001651,0.003759,0.005597,0.000234
18680,626,10141,9515,9513,2,0,0,94,19.128301,1.909876,21211.656037,767.578293,2493.293406,2196.144177,3352.96,18680,22,77,23312640.0,4368736.1417,14639.6295,12349.7599,332.8301,27.3676,0.1676,0.0,82,0.043131,1.042195,0.498006,0.503681,1.032707,0.411177,0.382787,0.307354,0.512324,0.050087,0.201281,0.30652,0.490698,0.40809,0.053227,0.023211,0.004541,0.006442,0.03052,0.00401,0.010645,0.002291,0.005388,6.2e-05,0.000808,0.001644,0.003775,0.00568,0.00024
18700,620,10156,9536,9534,2,0,0,93,24.402111,1.562101,21184.145306,757.370369,2498.22752,2196.142085,3346.09,18700,22,77,23337600.0,4375349.8007,14647.151,12366.7122,333.5172,27.3676,0.1676,0.0,82,0.045161,1.040224,0.498221,0.504272,1.033655,0.411433,0.383474,0.307521,0.512092,0.050025,0.201225,0.306919,0.490206,0.408846,0.053351,0.02373,0.004596,0.007108,0.030561,0.003992,0.01068,0.00229,0.005487,6.3e-05,0.000806,0.001656,0.003777,0.005771,0.00024
18720,622,10173,9551,9549,2,0,0,97,23.853921,1.277653,21191.104046,757.075868,2499.070212,2196.535694,3340.95,18720,22,77,23362560.0,4381963.5407,14654.1544,12384.5342,334.1449,27.3676,0.1676,0.0,82,0.045016,1.040835,0.497554,0.504011,1.035796,0.411421,0.384154,0.307703,0.511988,0.050072,0.201186,0.306757,0.490149,0.409698,0.053487,0.023584,0.004604,0.007077,0.030625,0.003954,0.010715,0.002304,0.005524,6.3e-05,0.0008,0.001654,0.003703,0.005914,0.000243
18740,623,10193,9570,9568,2,0,0,100,26.643141,1.045001,21199.267341,755.331589,2498.02527,2196.326675,3343.62,18740,22,77,23387520.0,4388597.0422,14661.6308,12405.7109,334.4802,27.3676,0.1676,0.0,82,0.043339,1.044607,0.497642,0.503322,1.038174,0.410826,0.385291,0.307695,0.513884,0.050203,0.201297,0.307752,0.490048,0.410432,0.053235,0.024718,0.004685,0.007143,0.030811,0.003955,0.011103,0.002253,0.005767,6.5e-05,0.000771,0.00168,0.0037,0.005978,0.000242
18760,615,10206,9591,9589,2,0,0,102,25.502971,0.854714,21253.785747,750.91235,2503.584679,2196.218793,3397.71,18760,22,77,23412480.0,4395232.4722,14669.1524,12427.8087,335.6185,27.3676,0.1676,0.0,82,0.043902,1.04269,0.497986,0.50318,1.036676,0.410069,0.384641,0.307571,0.513185,0.050178,0.201328,0.306855,0.489739,0.4094,0.053125,0.02407,0.004617,0.007169,0.030621,0.003966,0.011195,0.002129,0.005569,6.4e-05,0.000776,0.001655,0.003643,0.005789,0.000237
18780,613,10216,9603,9601,2,0,0,104,23.005853,0.699076,21332.058421,754.278296,2502.715851,2196.173496,3424.12,18780,22,77,23437440.0,4401867.9022,14676.6739,12445.124,336.0794,27.3676,0.1676,0.0,82,0.045677,1.044137,0.498197,0.503782,1.03805,0.409688,0.384771,0.308069,0.513203,0.050146,0.200942,0.306646,0.490265,0.409856,0.053193,0.023834,0.004611,0.007575,0.030329,0.004051,0.01126,0.002155,0.005591,6.4e-05,0.000774,0.001609,0.003799,0.005856,0.000239
18800,617,10234,9617,9615,2,0,0,104,23.645713,0.571779,21419.652145,752.128879,2504.225409,2196.154435,3395.93,18800,22,77,23462400.0,4408505.2912,14684.1954,12459.5368,336.1742,27.3676,0.1676,0.0,82,0.047002,1.044736,0.497692,0.50393,1.038298,0.410716,0.384348,0.307935,0.512902,0.049975,0.201002,0.306447,0.490776,0.410363,0.052997,0.023753,0.004343,0.007415,0.030067,0.004061,0.011343,0.00214,0.005425,6.3e-05,0.000775,0.001592,0.003809,0.005773,0.000237
18820,614,10248,9634,9632,2,0,0,109,27.036857,0.467662,21523.506425,749.119958,2503.843185,2196.146407,3423.98,18820,22,77,23487360.0,4415160.3112,14691.717,12477.9017,336.5127,27.3676,0.1676,0.0,82,0.043974,1.044353,0.49786,0.502914,1.040249,0.410626,0.385161,0.308577,0.513823,0.050028,0.20075,0.306829,0.490311,0.409783,0.053089,0.023222,0.004376,0.007342,0.031575,0.004041,0.01133,0.00223,0.005439,6.3e-05,0.000785,0.001576,0.003869,0.005741,0.000235
18840,615,10261,9646,9644,2,0,0,109,23.907139,0.382504,21632.083348,754.664898,2501.427963,2196.143024,3430.26,18840,22,77,23512320.0,4421815.3312,14699.2385,12496.8582,337.5629,27.3676,0.1676,0.0,82,0.043902,1.045286,0.497819,0.502403,1.041545,0.410292,0.384493,0.308917,0.513439,0.05007,0.201063,0.307139,0.490879,0.409657,0.05299,0.023603,0.004337,0.007341,0.031391,0.004092,0.011234,0.002193,0.005457,6.3e-05,0.000783,0.001564,0.003902,0.005682,0.000237
18860,621,10282,9661,9659,2,0,0,118,24.463389,0.312853,21684.902227,756.291333,2499.245279,2195.907507,3410.88,18860,22,77,23537280.0,4428470.3512,14707.0225,12517.0239,338.2301,27.3676,0.1676,0.0,82,0.043478,1.045083,0.498944,0.503211,1.041477,0.409957,0.383159,0.30873,0.512219,0.050025,0.201165,0.307123,0.492034,0.408169,0.053164,0.023269,0.004835,0.007295,0.031021,0.004013,0.011123,0.002163,0.005509,6.7e-05,0.000821,0.001583,0.004149,0.005686,0.000244
18880,622,10296,9674,9672,2,0,0,115,23.635866,0.255885,21739.920874,758.274019,2498.090115,2194.603634,3415.13,18880,23,77,23562240.0,4435125.3712,14716.5318,12535.4929,338.5085,27.3676,0.1676,0.0,82,0.043408,1.046,0.49828,0.501604,1.041567,0.409384,0.382259,0.308843,0.512009,0.050003,0.201056,0.307336,0.492008,0.408553,0.053091,0.023124,0.004869,0.006606,0.03241,0.004064,0.01077,0.00218,0.005521,6.6e-05,0.00082,0.001562,0.004196,0.005817,0.00024
18900,623,10315,9692,9690,2,0,0,120,27.640513,0.20929,21763.492902,755.648535,2496.710953,2193.13711,3413.47,18900,23,77,23587200.0,4441780.082,14727.3107,12556.0677,338.8711,27.3676,0.1676,0.0,82,0.044944,1.046378,0.498822,0.502084,1.040382,0.409588,0.384391,0.308396,0.512635,0.049965,0.200082,0.307354,0.491383,0.408216,0.053353,0.023482,0.004968,0.006767,0.033549,0.004141,0.01108,0.002202,0.005628,6.8e-05,0.000824,0.001612,0.00422,0.005812,0.000248
18920,628,10334,9706,9704,2,0,0,116,24.338071,0.0,21751.17102,765.315752,2490.346177,2192.270514,3401.79,18920,23,77,23612160.0,4448434.5045,14738.3885,12583.1643,339.7536,27.3676,0.1676,0.0,82,0.046178,1.048378,0.498853,0.501957,1.041524,0.408661,0.384721,0.30929,0.512856,0.049941,0.200143,0.30707,0.491223,0.409521,0.053468,0.023445,0.005014,0.006793,0.034187,0.0042,0.011184,0.002339,0.005754,6.9e-05,0.00085,0.00165,0.004238,0.006137,0.000248
18940,621,10341,9720,9718,2,0,0,120,26.837431,0.0,21717.822883,768.71327,2484.449299,2191.843041,3436.79,18940,23,77,23637120.0,4455100.0015,14749.4664,12604.4445,339.9417,27.3676,0.1676,0.0,82,0.045089,1.04899,0.498338,0.501958,1.042561,0.409335,0.385207,0.31012,0.512728,0.049911,0.200205,0.30796,0.490998,0.409723,0.053606,0.023541,0.005095,0.006639,0.03484,0.004274,0.011197,0.002391,0.005804,6.9e-05,0.000839,0.001633,0.004337,0.006194,0.000257
18960,627,10362,9735,9733,2,0,0,119,23.40001,0.0,21705.655132,766.868244,2489.731746,2191.62801,3414.49,18960,23,77,23662080.0,4461776.2915,14760.5443,12620.3289,340.8911,27.3676,0.1676,0.0,82,0.046252,1.050348,0.497849,0.502572,1.039819,0.409941,0.384566,0.310235,0.513556,0.049845,0.200506,0.307985,0.49064,0.409426,0.053531,0.023677,0.004501,0.006741,0.034406,0.004278,0.011184,0.002329,0.005932,6.7e-05,0.000835,0.001696,0.004066,0.006174,0.000263
18980,624,10377,9753,9751,2,0,0,120,25.304986,0.0,21699.522946,763.511163,2491.183851,2191.518779,3436.65,18980,23,77,23687040.0,4468452.208,14771.6222,12638.9515,341.4688,27.3676,0.1676,0.0,82,0.046474,1.049673,0.49811,0.503429,1.038151,0.409966,0.384482,0.310185,0.513832,0.0499,0.200151,0.308013,0.490726,0.409988,0.05347,0.023645,0.004479,0.006728,0.033724,0.004238,0.011292,0.002325,0.005868,6.6e-05,0.000817,0.001687,0.004051,0.006139,0.00026
19000,627,10397,9770,9768,2,0,0,123,27.622421,0.0,21684.709206,765.037071,2487.340508,2191.463016,3412.09,19000,23,77,23712000.0,4475131.8145,14782.7001,12662.5596,341.7962,27.3676,0.1676,0.0,82,0.046252,1.046009,0.498054,0.501732,1.037615,0.409034,0.384192,0.309839,0.512805,0.050023,0.200387,0.307702,0.490703,0.409143,0.053544,0.023474,0.004577,0.006421,0.033119,0.004132,0.011271,0.00229,0.005634,6.6e-05,0.000822,0.001639,0.00395,0.006134,0.000262
19020,633,10416,9783,9781,2,0,0,122,24.018549,0.0,21676.612573,770.635303,2485.346148,2191.434477,3392.15,19020,23,77,23736960.0,4481830.2145,14793.7779,12684.9428,342.0883,27.3676,0.1676,0.0,82,0.047393,1.044394,0.498075,0.502462,1.036166,0.410932,0.384108,0.309694,0.511649,0.049987,0.200174,0.308229,0.490893,0.408369,0.053636,0.023108,0.004546,0.006485,0.033268,0.004267,0.010991,0.002307,0.00556,6.6e-05,0.00084,0.001663,0.004029,0.005801,0.000259
19040,633,10430,9797,9795,2,0,0,122,23.868872,0.0,21629.606864,773.681421,2482.449706,2191.419852,3391.98,19040,23,77,23761920.0,4488527.9045,14804.8558,12706.2606,342.4102,27.3676,0.1676,0.0,82,0.048973,1.043504,0.49791,0.502145,1.036093,0.410653,0.384301,0.310049,0.510584,0.049984,0.200232,0.307955,0.490815,0.408694,0.053616,0.022897,0.00453,0.006518,0.032091,0.004201,0.010885,0.002417,0.005385,6.7e-05,0.000839,0.001646,0.004045,0.005936,0.00026
19060,636,10447,9811,9809,2,0,0,120,24.384968,0.0,21546.028923,778.170566,2477.444466,2191.412352,3364.46,19060,23,77,23786880.0,4495238.9646,14815.9337,12727.3626,343.1438,27.3676,0.1676,0.0,82,0.050314,1.0438,0.498885,0.502831,1.036331,0.410166,0.385704,0.310027,0.510519,0.049911,0.20028,0.307828,0.489924,0.408689,0.053461,0.023182,0.004413,0.006743,0.032725,0.004175,0.011516,0.002459,0.005363,6.6e-05,0.000828,0.001678,0.004025,0.005875,0.000262
19080,635,10464,9829,9827,2,0,0,122,26.326444,0.0,21501.852585,772.999782,2480.673774,2191.408505,3371.14,19080,23,77,23811840.0,4501959.0546,14827.0116,12744.609,344.0191,27.3676,0.1676,0.0,82,0.051969,1.042441,0.497011,0.50269,1.033526,0.410414,0.385661,0.309539,0.510691,0.049897,0.20067,0.307258,0.490038,0.408505,0.053543,0.023015,0.004477,0.006766,0.031636,0.004242,0.011438,0.002517,0.005366,6.6e-05,0.000843,0.001605,0.003949,0.005735,0.000264
19100,636,10481,9845,9843,2,0,0,119,26.76456,0.0,21484.54415,773.968455,2479.266985,2191.406532,3375.58,19100,23,77,23836800.0,4508691.9756,14838.0894,12765.9116,344.8648,27.3676,0.1676,0.0,82,0.050314,1.041118,0.498022,0.502396,1.035847,0.409794,0.385819,0.309773,0.510843,0.049894,0.200749,0.307218,0.49032,0.408161,0.053531,0.022903,0.00448,0.006683,0.032426,0.004141,0.011483,0.002507,0.005304,6.5e-05,0.000846,0.001591,0.003857,0.005752,0.000263
19120,636,10490,9854,9852,2,0,0,115,25.28135,0.0,21450.441107,779.312535,2475.406114,2191.405519,3392.81,19120,23,77,23861760.0,4515431.7246,14849.1673,12783.484,344.9438,27.3676,0.1676,0.0,82,0.04717,1.038801,0.498043,0.502966,1.035553,0.410413,0.385732,0.309445,0.510771,0.049954,0.200866,0.307078,0.490948,0.408133,0.053436,0.022524,0.004479,0.006641,0.032109,0.00407,0.011392,0.002461,0.005193,6.3e-05,0.000862,0.001585,0.003828,0.005761,0.00026
19140,631,10502,9871,9869,2,0,0,118,27.186408,0.0,21429.172687,774.456679,2478.356913,2191.404999,3430.26,19140,23,77,23886720.0,4522183.0929,14860.2452,12799.5743,345.0622,27.3676,0.1676,0.0,82,0.047544,1.040588,0.497944,0.502499,1.036752,0.41165,0.387268,0.309677,0.511845,0.049932,0.200845,0.30778,0.490155,0.408058,0.053354,0.022881,0.004518,0.006664,0.032589,0.004124,0.011508,0.002469,0.005372,6.3e-05,0.000855,0.001633,0.003883,0.005824,0.000264
19160,630,10518,9888,9886,2,0,0,115,22.968398,0.0,21458.046317,769.847167,2487.184435,2191.404733,3444.83,19160,23,77,23911680.0,4528934.8029,14871.3231,12815.0097,345.6004,27.3676,0.1676,0.0,82,0.049206,1.043139,0.498606,0.502937,1.033996,0.410822,0.386463,0.309577,0.511139,0.04998,0.200671,0.307364,0.491201,0.407643,0.053312,0.023564,0.004461,0.006675,0.031408,0.004224,0.011546,0.00245,0.005342,6.3e-05,0.000839,0.001637,0.003981,0.005876,0.000263
19180,634,10532,9898,9896,2,0,0,114,24.915694,0.0,21467.064251,776.028003,2479.056303,2191.404596,3433.83,19180,23,77,23936640.0,4535697.9151,14882.401,12832.9544,345.8672,27.3676,0.1676,0.0,82,0.050473,1.044446,0.49826,0.503779,1.038633,0.410847,0.38958,0.310317,0.511683,0.050029,0.200915,0.307853,0.490383,0.410125,0.053469,0.024158,0.004626,0.006865,0.033024,0.004311,0.012078,0.002557,0.00543,6.6e-05,0.000852,0.001638,0.00388,0.00638,0.000267
19200,631,10551,9920,9918,2,0,0,124,26.933676,0.0,21494.413607,768.831077,2484.235247,2191.404526,3450.89,19200,23,77,23961600.0,4542471.3281,14893.4788,12853.478,346.631,27.3676,0.1676,0.0,82,0.053883,1.043068,0.498116,0.503903,1.038694,0.410935,0.389824,0.310811,0.512135,0.049974,0.200752,0.307702,0.489605,0.410923,0.053548,0.023961,0.004721,0.007103,0.032779,0.004332,0.012115,0.002645,0.0054,6.4e-05,0.000871,0.001738,0.003956,0.006543,0.000261
19220,629,10563,9934,9932,2,0,0,122,28.946716,0.0,21543.649047,770.669289,2480.383995,2191.920478,3473.7,19220,23,77,23986560.0,4549245.3846,14904.0233,12873.2557,347.2087,27.3676,0.1676,0.0,82,0.054054,1.042595,0.497457,0.503917,1.038095,0.409922,0.388441,0.311328,0.513925,0.050049,0.200792,0.307561,0.4896,0.411269,0.053488,0.02359,0.004659,0.00702,0.032647,0.004257,0.011735,0.002623,0.00553,6.3e-05,0.000874,0.001741,0.00387,0.006493,0.000258
19240,635,10583,9948,9946,2,0,0,124,28.642557,0.0,21539.180704,772.672281,2478.685162,2194.248224,3451.03,19240,23,77,24011520.0,4556019.4409,14911.5448,12893.2778,347.6419,27.3676,0.1676,0.0,82,0.050394,1.040618,0.499855,0.504524,1.039403,0.409308,0.388809,0.310566,0.512763,0.05015,0.200817,0.307734,0.490371,0.410817,0.053735,0.023068,0.005582,0.00703,0.032568,0.004251,0.011666,0.002607,0.005571,6.5e-05,0.000854,0.001728,0.004224,0.006578,0.000266
19260,634,10597,9963,9961,2,0,0,121,26.255446,0.0,21574.215091,772.551389,2481.193165,2195.320879,3458.94,19260,23,77,24036480.0,4562793.6809,14919.0663,12911.2661,347.9057,27.3676,0.1676,0.0,82,0.047319,1.041283,0.49971,0.503224,1.038438,0.409474,0.388836,0.309482,0.513206,0.050103,0.20121,0.307686,0.49093,0.409635,0.053508,0.023167,0.00553,0.006907,0.031875,0.004204,0.011763,0.002556,0.005682,6.4e-05,0.000864,0.001722,0.004239,0.006572,0.000257
19280,636,10613,9977,9975,2,0,0,121,25.683706,0.0,21569.98832,776.231385,2478.084909,2195.791003,3453.19,19280,23,77,24061440.0,4569571.4189,14926.5879,12932.1323,348.855,27.3676,0.1676,0.0,82,0.04717,1.043499,0.499454,0.504719,1.039761,0.409984,0.388755,0.309569,0.511893,0.050205,0.200968,0.3076,0.491278,0.410123,0.053651,0.023722,0.005509,0.006968,0.031895,0.004247,0.012043,0.002569,0.005611,6.3e-05,0.000822,0.001689,0.004261,0.006661,0.000266
19300,642,10635,9993,9991,2,0,0,121,25.49724,0.0,21536.736586,779.572502,2474.930258,2195.992495,3428.21,19300,23,77,24086400.0,4576363.1489,14934.1094,12953.6198,350.0913,27.3676,0.1676,0.0,82,0.051402,1.045036,0.499144,0.506275,1.03982,0.410156,0.390448,0.310808,0.512089,0.050119,0.200923,0.307576,0.489882,0.410834,0.053858,0.024271,0.005525,0.007367,0.032106,0.004331,0.012388,0.002709,0.005696,6.4e-05,0.000828,0.001699,0.004161,0.006628,0.000267
19320,647,10653,10006,10004,2,0,0,111,23.575267,0.0,21467.700349,788.047199,2468.377534,2196.078024,3416.88,19320,23,77,24111360.0,4583154.8789,14941.6309,12977.9137,350.8765,27.3676,0.1676,0.0,82,0.05255,1.045891,0.500416,0.50731,1.038662,0.410558,0.390715,0.311008,0.512013,0.050259,0.200611,0.307202,0.489533,0.410963,0.054003,0.025034,0.005801,0.007573,0.032625,0.00437,0.012401,0.002711,0.00571,6.4e-05,0.00084,0.001695,0.004182,0.006587,0.000271
19340,645,10664,10019,10017,2,0,0,113,23.247712,0.0,21379.26383,793.503598,2463.24869,2196.11418,3424.88,19340,23,77,24136320.0,4589977.5525,14949.1525,13000.1724,351.7141,27.3676,0.1676,0.0,82,0.052713,1.044747,0.499298,0.505691,1.041002,0.410518,0.390656,0.311365,0.513245,0.050261,0.200396,0.307665,0.488423,0.410791,0.054013,0.024684,0.005341,0.007443,0.033675,0.004275,0.01202,0.002768,0.005824,6.4e-05,0.000826,0.001718,0.003937,0.006505,0.000267
19360,644,10680,10036,10034,2,0,0,117,20.912461,0.0,21315.20094,790.489239,2468.5983,2196.129438,3434.68,19360,23,77,24161280.0,4596819.03,14956.674,13018.387,351.9828,27.3676,0.1676,0.0,82,0.049689,1.044272,0.499351,0.505423,1.043535,0.410625,0.391555,0.311643,0.513099,0.050258,0.200668,0.306947,0.488232,0.411707,0.053944,0.025133,0.005345,0.007483,0.034153,0.004239,0.012161,0.00286,0.005794,6.5e-05,0.000846,0.001728,0.003951,0.006735,0.000259
19380,648,10697,10049,10047,2,0,0,112,21.807423,0.0,21271.351259,789.573334,2468.619243,2196.135872,3423.79,19380,23,77,24186240.0,4603675.15,14964.1955,13034.6403,352.2844,27.3676,0.1676,0.0,82,0.049383,1.043339,0.499399,0.505524,1.043833,0.41025,0.391357,0.312585,0.512295,0.050287,0.200503,0.306695,0.488547,0.412143,0.05389,0.024774,0.00534,0.007448,0.034461,0.004258,0.012176,0.002813,0.005721,6.6e-05,0.00085,0.001705,0.003958,0.006752,0.000261
19400,630,10706,10076,10074,2,0,0,119,24.909413,0.0,21312.536911,774.106139,2480.984448,2196.138584,3525.28,19400,23,77,24211200.0,4610538.5665,14971.7171,13051.9578,352.7219,27.3676,0.1676,0.0,82,0.050794,1.044559,0.50062,0.505411,1.0432,0.410233,0.391468,0.313297,0.513403,0.0503,0.200187,0.306699,0.488754,0.412023,0.053718,0.02517,0.005192,0.007452,0.034538,0.004305,0.01224,0.002837,0.00583,6.5e-05,0.000838,0.001687,0.003924,0.006651,0.000265
19420,638,10725,10087,10085,2,0,0,116,23.251835,0.0,21348.202978,780.170716,2476.577449,2196.139728,3496.97,19420,24,77,24236160.0,4617407.0359,14979.2386,13072.2892,353.0401,27.3676,0.1676,0.0,82,0.050157,1.044531,0.500528,0.505026,1.044533,0.41007,0.391524,0.313582,0.513645,0.050304,0.200176,0.306766,0.488699,0.412711,0.053706,0.024685,0.00523,0.007311,0.036385,0.004289,0.012496,0.002876,0.005902,6.5e-05,0.000853,0.001699,0.003881,0.006916,0.000267
19440,642,10740,10098,10096,2,0,0,115,22.278153,0.0,21365.391271,787.283601,2470.438245,2196.140209,3489.48,19440,24,77,24261120.0,4624283.7019,14986.7601,13092.5323,353.6058,27.3676,0.1676,0.0,82,0.05296,1.046094,0.49926,0.505374,1.043192,0.409703,0.391686,0.313458,0.514297,0.050269,0.200078,0.306883,0.487585,0.412996,0.053463,0.024996,0.00488,0.007319,0.03645,0.004361,0.01251,0.002859,0.005947,6.5e-05,0.000857,0.001753,0.003831,0.006929,0.000263
19460,646,10759,10113,10111,2,0,0,116,20.69761,0.0,21371.924384,789.196769,2470.105621,2196.140413,3476.24,19460,24,77,24286080.0,4631171.7756,14994.2817,13112.1905,353.778,27.3676,0.1676,0.0,82,0.052632,1.048802,0.499325,0.505615,1.04637,0.409852,0.392312,0.313805,0.512882,0.050107,0.200092,0.307192,0.487536,0.413793,0.053512,0.025232,0.004924,0.007511,0.037741,0.004503,0.012782,0.002897,0.005806,6.4e-05,0.000862,0.001731,0.003901,0.007137,0.000262
19480,630,10768,10138,10136,2,0,0,127,26.239108,0.0,21452.926935,776.373202,2477.38769,2195.190512,3569.82,19480,24,77,24311040.0,4638075.4522,15003.0046,13130.5617,354.5692,27.3676,0.1676,0.0,82,0.052381,1.049297,0.49906,0.504972,1.044085,0.409346,0.391124,0.313801,0.512371,0.050109,0.200225,0.307416,0.48741,0.412694,0.053365,0.025448,0.004928,0.007284,0.037298,0.004496,0.012447,0.002847,0.0058,6.4e-05,0.00086,0.001748,0.003931,0.007142,0.000254
19500,636,10783,10147,10145,2,0,0,119,21.002017,0.0,21561.72815,784.02061,2474.977373,2193.542002,3520.6,19500,24,77,24336000.0,4644978.898,15013.5781,13149.4502,354.6605,27.3676,0.1676,0.0,82,0.051887,1.050702,0.498883,0.504084,1.04304,0.409456,0.390466,0.31412,0.5128,0.050175,0.199749,0.308083,0.487724,0.41184,0.053331,0.025636,0.004919,0.007214,0.037145,0.004446,0.012211,0.002793,0.006035,6.5e-05,0.000841,0.001774,0.003996,0.006902,0.000259
19520,636,10798,10162,10160,2,0,0,126,24.180677,0.0,21621.32449,783.984009,2471.835314,2192.533515,3533.93,19520,24,77,24360960.0,4651882.2879,15024.5635,13167.3695,355.3607,27.3676,0.1676,0.0,82,0.055031,1.052075,0.499344,0.505469,1.043684,0.40996,0.390194,0.313695,0.512757,0.050154,0.199599,0.307777,0.488713,0.41215,0.053389,0.025918,0.004961,0.007551,0.036479,0.004483,0.012202,0.002831,0.00593,6.4e-05,0.000827,0.001801,0.004106,0.006908,0.000263
19540,631,10810,10179,10177,2,0,0,125,19.676689,0.0,21757.912812,778.458925,2481.864386,2192.041754,3571.84,19540,24,77,24385920.0,4658790.0465,15035.5488,13182.9808,356.4778,27.3676,0.1676,0.0,82,0.053883,1.050484,0.498688,0.505436,1.044836,0.409291,0.390067,0.313623,0.511814,0.050141,0.199924,0.307898,0.489088,0.412489,0.053497,0.025399,0.005016,0.007508,0.036816,0.004445,0.012257,0.002843,0.005648,6.5e-05,0.00086,0.001773,0.004196,0.006994,0.00026
19560,635,10824,10189,10187,2,0,0,117,19.419817,0.0,21873.376142,783.321888,2477.258294,2191.796479,3559.95,19560,24,77,24410880.0,4665705.8865,15046.5341,13201.2219,356.9243,27.3676,0.1676,0.0,82,0.053543,1.048999,0.497325,0.505405,1.044057,0.410084,0.389729,0.314141,0.512051,0.050106,0.199784,0.308063,0.489053,0.412219,0.053518,0.025392,0.005002,0.007465,0.036871,0.004414,0.012024,0.002824,0.005671,6.3e-05,0.000864,0.001812,0.00415,0.006721,0.000257
19580,640,10843,10203,10201,2,0,0,107,19.649799,0.0,21942.271753,786.607655,2473.742546,2191.672767,3512.18,19580,24,77,24435840.0,4672619.922,15057.5194,13221.453,358.4152,27.3676,0.1676,0.0,82,0.05,1.048228,0.496726,0.503564,1.043264,0.40999,0.389542,0.31309,0.51154,0.050141,0.199977,0.307328,0.489452,0.411843,0.053428,0.025089,0.004829,0.007334,0.035103,0.004381,0.012091,0.002832,0.005685,6.4e-05,0.000855,0.001805,0.004159,0.006622,0.00025
19600,644,10860,10216,10214,2,0,0,112,22.491395,0.0,21976.833506,790.244628,2467.263977,2191.610016,3491.35,19600,24,77,24460800.0,4679535.762,15068.5047,13240.6678,358.6391,27.3676,0.1676,0.0,82,0.048137,1.049151,0.497565,0.50282,1.042805,0.410259,0.38909,0.313247,0.512756,0.050118,0.200431,0.307799,0.489641,0.410863,0.053346,0.025834,0.004927,0.007278,0.035236,0.004415,0.0119,0.002817,0.005808,6.4e-05,0.000857,0.001772,0.004261,0.006505,0.00025
19620,649,10874,10225,10223,2,0,0,111,20.406287,0.0,21960.665907,800.171279,2459.422434,2191.578097,3471.34,19620,24,77,24485760.0,4686451.602,15079.49,13261.6411,359.0136,27.3676,0.1676,0.0,82,0.049307,1.048292,0.4974,0.502738,1.043197,0.410276,0.389926,0.313165,0.513682,0.050187,0.20035,0.307791,0.489379,0.410926,0.053253,0.025813,0.004894,0.007261,0.035061,0.00452,0.011858,0.002831,0.005868,6.5e-05,0.00086,0.001781,0.004305,0.006487,0.000251
19640,644,10887,10243,10241,2,0,0,114,21.881666,0.0,21937.660302,795.079068,2463.039266,2191.561837,3501.2,19640,24,77,24510720.0,4693374.102,15090.4753,13277.7593,360.1267,27.3676,0.1676,0.0,82,0.051242,1.048973,0.498613,0.503791,1.040804,0.41034,0.390577,0.313001,0.514134,0.050333,0.200146,0.306931,0.490306,0.410303,0.053394,0.025694,0.005699,0.007611,0.034716,0.004455,0.012273,0.002792,0.006042,6.7e-05,0.000863,0.001777,0.004485,0.006426,0.000257
19660,648,10904,10256,10254,2,0,0,106,20.301976,0.0,21947.478217,795.873351,2463.824673,2191.553547,3491.62,19660,24,77,24535680.0,4700306.2063,15101.4607,13295.2614,360.4605,27.3676,0.1676,0.0,82,0.050926,1.047399,0.498539,0.503669,1.041787,0.410125,0.392562,0.313263,0.514853,0.050338,0.20082,0.307016,0.489945,0.411301,0.053514,0.025637,0.005773,0.007662,0.034748,0.004441,0.012475,0.002826,0.006272,6.8e-05,0.000866,0.001787,0.004509,0.006595,0.000261
19680,644,10916,10272,10270,2,0,0,105,21.06453,0.0,21964.801272,792.378061,2466.55741,2191.54932,3527.66,19680,24,77,24560640.0,4707250.6723,15112.446,13313.5445,360.8101,27.3676,0.1676,0.0,82,0.046584,1.044511,0.499337,0.503066,1.044262,0.409783,0.392352,0.312992,0.51499,0.050389,0.20028,0.306576,0.490188,0.412184,0.053669,0.02541,0.005624,0.007694,0.035881,0.00443,0.012603,0.00285,0.006309,6.7e-05,0.000873,0.001807,0.004512,0.006624,0.000266
19700,648,10937,10289,10287,2,0,0,98,20.798765,0.0,21990.653603,789.714785,2469.48645,2191.547164,3520.11,19700,24,77,24585600.0,4714197.8902,15123.4313,13331.3149,361.388,27.3676,0.1676,0.0,82,0.046296,1.045151,0.499741,0.503193,1.045264,0.410825,0.391232,0.312831,0.516305,0.050423,0.200022,0.306641,0.490411,0.412277,0.053582,0.025429,0.005659,0.007767,0.035774,0.004353,0.012547,0.00286,0.006521,6.7e-05,0.000856,0.001779,0.004507,0.006787,0.000265
19720,643,10951,10308,10306,2,0,0,96,22.28731,0.0,22047.840657,786.758799,2470.953891,2191.546064,3549.45,19720,24,77,24610560.0,4721145.0503,15134.4166,13351.2759,362.524,27.3676,0.1676,0.0,73,0.045101,1.045366,0.499264,0.502985,1.046971,0.410299,0.392281,0.313111,0.516382,0.050462,0.20003,0.306799,0.489214,0.411893,0.05372,0.025186,0.005648,0.007487,0.036255,0.004332,0.012994,0.002902,0.006557,6.8e-05,0.000867,0.001761,0.004482,0.006958,0.000266
19740,645,10969,10324,10322,2,0,0,100,22.55529,0.0,22113.974193,786.40014,2471.044571,2191.545503,3542.82,19740,24,77,24635520.0,4728103.3328,15145.4019,13372.4715,362.6854,27.3676,0.1676,0.0,82,0.043411,1.043978,0.497487,0.503375,1.041772,0.410284,0.390847,0.313153,0.515045,0.050385,0.200257,0.305732,0.489217,0.410787,0.053786,0.024585,0.005547,0.007565,0.035317,0.004301,0.013062,0.002767,0.006412,6.8e-05,0.000873,0.00171,0.004439,0.006731,0.000258
19760,639,10984,10345,10343,2,0,0,106,23.79494,0.0,22226.482297,781.462381,2474.742679,2191.545216,3560.89,19760,24,77,24660480.0,4735067.0761,15156.3872,13392.6753,364.1631,27.3676,0.1676,0.0,82,0.046948,1.043783,0.497575,0.503094,1.042431,0.411316,0.393775,0.313428,0.515633,0.050401,0.20036,0.305349,0.488676,0.412524,0.053861,0.024573,0.005584,0.007939,0.03546,0.004427,0.013616,0.002828,0.006447,7.2e-05,0.000895,0.00172,0.004573,0.006757,0.000258
19780,642,11000,10358,10356,2,0,0,109,25.692013,0.0,22340.730715,784.285182,2470.022805,2191.54507,3558.57,19780,24,77,24685440.0,4742030.8655,15167.3725,13413.4438,364.2769,27.3676,0.1676,0.0,82,0.046729,1.041823,0.498227,0.50175,1.042556,0.410391,0.393497,0.3128,0.514806,0.050399,0.200559,0.305122,0.489324,0.412419,0.0537,0.02427,0.005565,0.007788,0.035958,0.004445,0.013742,0.002707,0.006207,7e-05,0.000892,0.001673,0.004677,0.006637,0.000257
19800,640,11013,10373,10371,2,0,0,110,26.085699,0.0,22466.312289,784.391606,2469.522695,2191.544996,3575.56,19800,24,77,24710400.0,4748997.8855,15178.3579,13432.0418,364.4979,27.3676,0.1676,0.0,82,0.048438,1.040553,0.497048,0.502395,1.041644,0.410728,0.393395,0.312234,0.514489,0.050348,0.200278,0.305589,0.490035,0.412951,0.053642,0.024405,0.005487,0.007995,0.035567,0.004514,0.013917,0.002722,0.006247,6.9e-05,0.000889,0.001684,0.004608,0.006604,0.000256
19820,639,11029,10390,10388,2,0,0,107,26.975277,0.0,22611.992261,780.602153,2472.42257,2191.544958,3567.42,19820,24,77,24735360.0,4755976.3039,15189.3432,13449.6528,364.9087,27.3676,0.1676,0.0,82,0.046948,1.038766,0.496267,0.502713,1.042135,0.410591,0.393138,0.312755,0.514548,0.050485,0.200457,0.306177,0.490065,0.412942,0.053863,0.024502,0.005562,0.007826,0.036115,0.004498,0.013875,0.002752,0.006172,7.1e-05,0.000901,0.001715,0.004647,0.006805,0.000263
19840,643,11048,10405,10403,2,0,0,109,24.953822,0.0,22754.238356,779.417959,2475.628219,2191.544938,3552.68,19840,24,77,24760320.0,4762954.4489,15200.3285,13468.5197,365.1087,27.3676,0.1676,0.0,82,0.045101,1.037889,0.494072,0.502929,1.04278,0.410988,0.394208,0.31303,0.516411,0.05048,0.200591,0.306677,0.489206,0.414211,0.053813,0.024138,0.00476,0.008075,0.036101,0.004442,0.013921,0.002754,0.006204,7e-05,0.000886,0.001713,0.00451,0.007264,0.000253
19860,645,11063,10418,10416,2,0,0,110,25.525049,0.0,22874.309724,785.475056,2468.999895,2191.544928,3542.85,19860,24,77,24785280.0,4769932.7333,15211.3138,13491.4015,365.1564,27.3676,0.1676,0.0,82,0.044961,1.038344,0.495242,0.501586,1.045098,0.410563,0.395039,0.312848,0.516129,0.050441,0.20104,0.307439,0.489029,0.414393,0.053614,0.02409,0.004778,0.007696,0.036553,0.004406,0.013965,0.002701,0.006158,7.1e-05,0.000881,0.001723,0.004521,0.00723,0.000249
19880,652,11083,10431,10429,2,0,0,105,21.322114,0.0,22964.288519,789.969428,2468.708459,2191.544923,3515.25,19880,24,77,24810240.0,4776923.0483,15222.2991,13512.0066,365.6718,27.3676,0.1676,0.0,82,0.044479,1.036529,0.494713,0.502085,1.044286,0.410612,0.394659,0.312598,0.516345,0.05047,0.200617,0.307114,0.489448,0.413597,0.0537,0.02397,0.004581,0.007662,0.036316,0.004356,0.01395,0.002704,0.005962,7.3e-05,0.000866,0.001709,0.004439,0.007288,0.000244
19900,656,11103,10447,10445,2,0,0,108,22.807912,0.0,23029.510821,790.240185,2466.951902,2191.544921,3505.28,19900,24,77,24835200.0,4783918.1652,15233.2844,13531.6884,366.7152,27.3676,0.1676,0.0,82,0.045732,1.036219,0.494883,0.502602,1.045816,0.409512,0.395596,0.312136,0.517974,0.050473,0.20083,0.306915,0.489331,0.413276,0.05373,0.02368,0.004653,0.007568,0.035502,0.004326,0.01403,0.00266,0.005942,7.5e-05,0.000899,0.00173,0.004518,0.007454,0.000248
19920,656,11113,10457,10455,2,0,0,103,19.812147,0.0,23075.672201,799.442263,2460.745591,2191.54492,3517.61,19920,24,77,24860160.0,4790923.7186,15244.2697,13552.6067,366.9417,27.3676,0.1676,0.0,82,0.045732,1.036924,0.49501,0.502482,1.046512,0.410351,0.395416,0.311381,0.516926,0.050397,0.20094,0.3071,0.48931,0.412557,0.053669,0.023264,0.004764,0.007551,0.035196,0.004349,0.013707,0.002613,0.005964,7.5e-05,0.000912,0.001745,0.00452,0.007315,0.000249
19940,663,11130,10467,10465,2,0,0,99,19.296324,0.0,23067.84779,807.563549,2453.140127,2191.885536,3496.4,19940,24,77,24885120.0,4797932.0203,15254.9087,13572.1732,367.631,27.3676,0.1676,0.0,82,0.046757,1.038303,0.495118,0.501626,1.048725,0.409898,0.39502,0.312343,0.517141,0.050471,0.200754,0.30717,0.489054,0.412439,0.05364,0.023264,0.004779,0.007364,0.036015,0.004226,0.013485,0.002762,0.005911,7.7e-05,0.000902,0.001763,0.004467,0.00736,0.000249
19960,668,11151,10483,10481,2,0,0,104,22.688986,0.0,22964.786166,810.84316,2446.467854,2194.231549,3478.54,19960,24,77,24910080.0,4804940.6203,15262.4302,13593.072,368.3683,27.3676,0.1676,0.0,82,0.046407,1.041227,0.496609,0.502658,1.049928,0.409632,0.394828,0.312246,0.514819,0.050597,0.200601,0.307073,0.49007,0.411124,0.053859,0.023083,0.00519,0.007255,0.036585,0.004204,0.013344,0.002725,0.005985,7.9e-05,0.000904,0.001776,0.0046,0.007292,0.000271
19980,661,11162,10501,10499,2,0,0,109,22.439048,0.0,22903.314625,808.116494,2449.444458,2195.313454,3514.75,19980,24,77,24935040.0,4811952.5773,15269.9517,13612.3681,368.516,27.3676,0.1676,0.0,82,0.046899,1.04194,0.495986,0.502008,1.04781,0.409583,0.395131,0.312549,0.514039,0.050591,0.200495,0.307027,0.49058,0.412451,0.053755,0.023874,0.005245,0.007368,0.036198,0.004242,0.013398,0.002719,0.006077,7.9e-05,0.000907,0.001784,0.00459,0.007214,0.000273
20000,659,11172,10513,10511,2,0,0,117,24.770811,0.0,22866.060995,809.098294,2446.130895,2195.787799,3512.82,20000,24,77,24960000.0,4818972.3673,15277.4733,13628.9103,368.8492,27.3676,0.1676,0.0,82,0.047041,1.041505,0.496756,0.50172,1.047662,0.409712,0.394211,0.312452,0.512997,0.050589,0.200743,0.307116,0.490914,0.414168,0.053723,0.023685,0.00526,0.007434,0.036138,0.004314,0.013277,0.00275,0.005924,7.8e-05,0.000892,0.001774,0.004698,0.007282,0.000275
20020,659,11186,10527,10525,2,0,0,117,22.46033,0.0,22845.918983,807.710376,2449.829294,2195.991131,3522.64,20020,24,77,24984960.0,4826010.1526,15284.9948,13644.0847,369.1695,27.3676,0.1676,0.0,82,0.053111,1.04509,0.497404,0.501985,1.047074,0.409275,0.39608,0.312913,0.513426,0.050512,0.200887,0.30728,0.490044,0.415112,0.053719,0.024729,0.005289,0.007669,0.03621,0.004366,0.013538,0.002756,0.00608,7.9e-05,0.000895,0.001798,0.004582,0.007299,0.000279
20040,660,11202,10542,10540,2,0,0,109,22.148678,0.0,22812.651681,810.31846,2447.532861,2196.020622,3527.69,20040,24,77,25009920.0,4833052.8926,15292.5732,13664.3207,369.9383,27.3676,0.1676,0.0,82,0.05303,1.046595,0.495614,0.501613,1.047667,0.408493,0.396835,0.31295,0.513855,0.050477,0.20114,0.307057,0.489803,0.415703,0.053695,0.025361,0.005267,0.007771,0.03624,0.004292,0.013765,0.002804,0.006118,7.9e-05,0.000895,0.00181,0.004609,0.007332,0.000277
20060,665,11220,10555,10553,2,0,0,112,21.486751,0.0,22777.57375,814.411474,2444.101775,2194.990219,3502.12,20060,24,77,25034880.0,4840102.3385,15301.6311,13683.2905,370.0849,27.3676,0.1676,0.0,82,0.054135,1.04765,0.496474,0.502152,1.049184,0.409476,0.396926,0.313496,0.512703,0.050534,0.200776,0.307465,0.489945,0.416718,0.053935,0.025673,0.005342,0.007851,0.036335,0.004262,0.013703,0.0029,0.006128,7.7e-05,0.00089,0.00181,0.004579,0.007466,0.000286
20080,664,11234,10570,10568,2,0,0,113,23.896321,0.0,22721.132445,814.523423,2441.580256,2193.726041,3506.29,20080,24,77,25059840.0,4847159.1183,15311.8059,13702.9792,370.365,27.3676,0.1676,0.0,82,0.051205,1.04852,0.496535,0.500639,1.050567,0.409646,0.396214,0.313217,0.513607,0.050553,0.200417,0.307776,0.489373,0.415995,0.053872,0.026345,0.005377,0.007478,0.036515,0.004341,0.013571,0.002926,0.006356,7.7e-05,0.000892,0.001747,0.004462,0.007258,0.000288
20100,658,11248,10590,10588,2,0,0,117,25.233872,0.0,22702.657001,807.257613,2447.508514,2192.766071,3543.46,20100,24,77,25084800.0,4854215.6909,15322.5912,13721.7408,370.9461,27.3676,0.1676,0.0,82,0.050152,1.046809,0.495763,0.500195,1.051867,0.409831,0.397465,0.313885,0.514105,0.050638,0.200519,0.307209,0.48927,0.417063,0.053924,0.026203,0.005161,0.007539,0.037168,0.004341,0.014212,0.003083,0.006154,7.6e-05,0.000892,0.001725,0.004416,0.007484,0.000279
20120,652,11267,10615,10613,2,0,0,127,30.702855,0.0,22754.14446,795.734144,2453.563001,2192.302377,3571.49,20120,24,77,25109760.0,4861285.8509,15333.3766,13741.0429,371.6644,27.3676,0.1676,0.0,82,0.04908,1.047238,0.494679,0.5001,1.051064,0.410344,0.396144,0.314631,0.514967,0.050505,0.200419,0.307726,0.489003,0.415095,0.053538,0.026245,0.005082,0.007273,0.037623,0.004224,0.014136,0.003045,0.006154,7.1e-05,0.00086,0.00175,0.004359,0.007263,0.00026
20140,663,11289,10626,10624,2,0,0,117,24.708805,0.0,22824.470344,807.405519,2447.885676,2192.073562,3528.74,20140,25,77,25134720.0,4868381.9189,15344.1619,13766.5679,372.4634,27.3676,0.1676,0.0,82,0.049774,1.046818,0.495002,0.500625,1.053354,0.410206,0.397138,0.315772,0.515425,0.050567,0.20037,0.30771,0.48887,0.415211,0.053459,0.026809,0.005055,0.007242,0.039142,0.004179,0.014085,0.003088,0.006189,7.2e-05,0.000833,0.001752,0.004449,0.007518,0.000257
20160,666,11303,10637,10635,2,0,0,117,25.487714,0.0,22830.846988,817.08245,2437.429835,2191.959461,3519.7,20160,25,77,25159680.0,4875492.5189,15354.9473,13789.8591,373.5239,27.3676,0.1676,0.0,82,0.04955,1.045529,0.494801,0.499901,1.05111,0.409934,0.396313,0.31551,0.514399,0.050593,0.200279,0.307221,0.489378,0.415965,0.053549,0.026244,0.005024,0.007304,0.038072,0.004227,0.014016,0.00309,0.006105,7.3e-05,0.000831,0.00169,0.004419,0.007518,0.000254
20180,670,11323,10653,10651,2,0,0,115,24.56786,0.0,22803.363493,818.487908,2436.944232,2191.902266,3509.64,20180,25,77,25184640.0,4882620.9614,15365.7326,13811.9245,374.115,27.3676,0.1676,0.0,82,0.050746,1.045561,0.495348,0.500564,1.048011,0.410619,0.396053,0.315061,0.513834,0.050586,0.200253,0.307143,0.490191,0.415376,0.053574,0.026015,0.004977,0.007521,0.036719,0.004292,0.013982,0.003,0.006237,7.4e-05,0.000838,0.00172,0.004501,0.007515,0.000252
20200,673,11334,10661,10659,2,0,0,111,23.334077,0.0,22759.371647,827.685244,2428.980679,2191.873522,3503.23,20200,25,77,25209600.0,4889766.8766,15376.5179,13831.4362,374.7767,27.3676,0.1676,0.0,82,0.052006,1.045135,0.495483,0.499866,1.046291,0.410457,0.396301,0.314733,0.513308,0.05059,0.200108,0.307286,0.490535,0.415867,0.053531,0.02579,0.005008,0.00741,0.036408,0.004382,0.013965,0.003002,0.006162,7.3e-05,0.000852,0.00173,0.004511,0.007389,0.000251
20220,671,11350,10679,10677,2,0,0,115,27.208932,0.0,22685.236882,820.912406,2431.878663,2191.859057,3525.7,20220,25,77,25234560.0,4896924.4778,15387.3033,13849.1309,375.2661,27.3676,0.1676,0.0,82,0.04918,1.043309,0.495133,0.500565,1.047026,0.410751,0.398917,0.314359,0.511999,0.050588,0.200401,0.307363,0.489896,0.415768,0.053784,0.025055,0.005032,0.007742,0.036814,0.004365,0.0144,0.003104,0.00619,7.5e-05,0.000888,0.00174,0.004463,0.0074,0.000249
20240,670,11367,10697,10695,2,0,0,113,22.731763,0.0,22691.086824,816.098194,2441.170043,2191.851773,3516.58,20240,25,77,25259520.0,4904081.8276,15398.0886,13866.144,376.2148,27.3676,0.1676,0.0,82,0.049254,1.042202,0.49653,0.500348,1.050243,0.410214,0.397856,0.313627,0.51223,0.050511,0.200324,0.307014,0.490634,0.414199,0.053877,0.025015,0.005092,0.008032,0.037409,0.004272,0.014192,0.00305,0.006142,7.5e-05,0.000916,0.001712,0.00445,0.007279,0.000255
20260,669,11389,10720,10718,2,0,0,115,23.598485,0.0,22721.913638,809.568976,2446.832539,2191.848104,3524.87,20260,25,77,25284480.0,4911239.4936,15408.874,13887.8442,376.9668,27.3676,0.1676,0.0,82,0.046338,1.042131,0.497561,0.500802,1.050847,0.411059,0.396615,0.313623,0.51103,0.050406,0.200113,0.306304,0.490782,0.41321,0.053924,0.024818,0.005082,0.008006,0.037234,0.00419,0.013982,0.002984,0.006011,7.4e-05,0.000917,0.001667,0.00447,0.007356,0.000253
20280,675,11408,10733,10731,2,0,0,114,23.092857,0.0,22744.557066,817.435372,2439.471771,2191.846255,3501.37,20280,25,77,25309440.0,4918397.2536,15419.6593,13911.9446,377.3256,27.3676,0.1676,0.0,82,0.044444,1.040504,0.497538,0.501293,1.048783,0.411596,0.396567,0.313202,0.511177,0.050375,0.200131,0.306199,0.490447,0.412848,0.053957,0.024344,0.005049,0.007944,0.037117,0.004278,0.013932,0.002971,0.006136,7.4e-05,0.000915,0.001667,0.004396,0.007364,0.000253
20300,675,11425,10750,10748,2,0,0,119,24.633247,0.0,22724.676873,821.717727,2433.649026,2191.845324,3512.69,20300,25,77,25334400.0,4925555.0136,15430.4446,13937.4602,377.6962,27.3676,0.1676,0.0,82,0.045926,1.041673,0.498529,0.501747,1.049314,0.411898,0.397156,0.31277,0.511167,0.05043,0.200289,0.305993,0.491038,0.413191,0.054092,0.024085,0.005355,0.008351,0.037261,0.004264,0.014127,0.002966,0.006152,7.6e-05,0.000937,0.001681,0.004468,0.007346,0.000259
20320,672,11444,10772,10770,2,0,0,123,26.901353,0.0,22697.89984,818.417351,2434.681295,2191.844855,3525.85,20320,25,77,25359360.0,4932712.3298,15441.23,13960.3043,378.1668,27.3676,0.1676,0.0,82,0.044643,1.043137,0.498286,0.501983,1.048464,0.411966,0.397219,0.313221,0.511794,0.050378,0.199981,0.305957,0.490997,0.413359,0.054003,0.024382,0.005354,0.008262,0.037348,0.004294,0.013934,0.003007,0.006336,7.3e-05,0.000968,0.001628,0.004356,0.00745,0.000256
20340,664,11455,10791,10789,2,0,0,123,28.991993,0.0,22727.972634,815.731341,2435.276666,2190.777174,3570.84,20340,25,77,25384320.0,4939893.9068,15453.5471,13981.2018,378.6628,27.3676,0.1676,0.0,82,0.042169,1.043186,0.497857,0.502591,1.04972,0.411754,0.396416,0.313486,0.512602,0.050406,0.199884,0.306126,0.491058,0.41336,0.053836,0.024046,0.005386,0.008108,0.036709,0.004187,0.013943,0.003001,0.006388,7.2e-05,0.000959,0.001627,0.004317,0.007405,0.000253
20360,658,11471,10813,10811,2,0,0,128,26.416179,0.0,22876.111804,806.257598,2447.326223,2189.561259,3610.37,20360,25,77,25409280.0,4947093.1235,15467.1131,13998.8334,379.408,27.3676,0.1676,0.0,73,0.044073,1.043886,0.498343,0.502858,1.048505,0.410613,0.394484,0.313665,0.513963,0.050566,0.200176,0.30632,0.490493,0.414207,0.053697,0.02399,0.005281,0.008139,0.036305,0.004181,0.013439,0.00296,0.006631,7.6e-05,0.000944,0.001658,0.004223,0.007456,0.000251
20380,664,11493,10829,10827,2,0,0,129,24.642661,0.0,23002.911372,809.313133,2446.044206,2188.43234,3575.03,20380,25,77,25434240.0,4954292.2066,15481.7502,14020.5732,379.9601,27.3676,0.1676,0.0,82,0.045181,1.046449,0.497631,0.502291,1.047893,0.409111,0.395069,0.313811,0.513669,0.050579,0.20068,0.30706,0.490153,0.415862,0.053903,0.025112,0.005693,0.008033,0.036259,0.004284,0.013471,0.002962,0.006719,7.7e-05,0.00093,0.001662,0.004362,0.007367,0.00027
20400,660,11501,10841,10839,2,0,0,126,23.502338,0.0,23126.053165,814.959376,2441.538286,2188.398939,3609.22,20400,25,77,25459200.0,4961491.6666,15495.7966,14041.186,380.1508,27.3676,0.1676,0.0,82,0.04697,1.046691,0.497848,0.502513,1.050055,0.4088,0.395575,0.313875,0.513707,0.0506,0.200941,0.307194,0.489909,0.416311,0.05391,0.024988,0.005726,0.007951,0.037145,0.004292,0.013475,0.00297,0.006692,7.6e-05,0.000939,0.001652,0.004431,0.007379,0.000273
20420,665,11521,10856,10854,2,0,0,130,26.979806,0.0,23203.553349,814.860878,2438.159317,2187.95329,3576.88,20420,25,77,25484160.0,4968702.4265,15510.4353,14059.3493,380.274,27.3676,0.1676,0.0,82,0.049624,1.047505,0.49808,0.502272,1.051428,0.4093,0.397382,0.314678,0.513455,0.050671,0.200534,0.307514,0.489985,0.416995,0.05389,0.02547,0.005912,0.00779,0.038194,0.004386,0.013455,0.003029,0.00662,7.5e-05,0.000941,0.001678,0.00443,0.007466,0.00027
20440,670,11539,10869,10867,2,0,0,124,22.80076,0.0,23298.977908,819.490795,2437.708444,2188.200033,3559.2,20440,25,77,25509120.0,4975933.0175,15524.4995,14080.5958,380.6567,27.3676,0.1676,0.0,82,0.052239,1.046542,0.497189,0.502593,1.051407,0.409202,0.399841,0.314327,0.513541,0.050697,0.201096,0.308062,0.489755,0.417837,0.054086,0.025519,0.005962,0.008099,0.038409,0.004438,0.013882,0.003049,0.006614,7.6e-05,0.000991,0.001718,0.004433,0.007396,0.000271
20460,664,11556,10892,10890,2,0,0,127,27.346986,0.0,23382.713964,812.116045,2440.536969,2187.878187,3599.09,20460,25,77,25534080.0,4983164.5407,15539.1205,14102.6662,381.2375,27.3676,0.1676,0.0,82,0.052711,1.045875,0.497316,0.502474,1.054255,0.408384,0.400822,0.313988,0.515825,0.050589,0.201496,0.308217,0.489389,0.417265,0.054042,0.025671,0.005752,0.008149,0.0393,0.004461,0.014004,0.002849,0.006632,7.7e-05,0.000994,0.001708,0.004502,0.007245,0.000268
20480,663,11568,10905,10903,2,0,0,125,25.216312,0.0,23535.263354,814.887694,2439.895994,2187.441432,3619.24,20480,25,77,25559040.0,4990401.3575,15554.1012,14122.1125,381.5599,27.3676,0.1676,0.0,82,0.051282,1.046186,0.497351,0.503279,1.049522,0.40845,0.401121,0.313428,0.515552,0.050593,0.201443,0.308072,0.490414,0.417665,0.053945,0.026176,0.005601,0.008249,0.03856,0.004409,0.01446,0.002849,0.006518,7.4e-05,0.000978,0.001707,0.004465,0.007382,0.000265
20500,670,11593,10923,10921,2,0,0,131,25.49074,0.0,23658.539764,812.858026,2441.651234,2187.574107,3547.33,20500,25,77,25584000.0,4997653.9793,15569.0222,14141.7395,381.7332,27.3676,0.1676,0.0,82,0.049254,1.04793,0.496066,0.503065,1.04889,0.409624,0.400588,0.312994,0.51507,0.050593,0.201865,0.308326,0.490474,0.417706,0.053849,0.026051,0.005532,0.008232,0.038241,0.00449,0.014312,0.00278,0.006508,7.5e-05,0.000973,0.001669,0.004574,0.007349,0.000268
20520,666,11606,10940,10938,2,0,0,132,25.12155,0.0,23797.294898,816.016984,2438.861467,2187.751894,3580.17,20520,25,77,25608960.0,5004906.43,15583.5573,14166.0126,382.7834,27.3676,0.1676,0.0,82,0.045045,1.048279,0.496029,0.50148,1.048534,0.408617,0.399594,0.312837,0.512884,0.050548,0.201808,0.308049,0.490511,0.416993,0.05381,0.025936,0.00548,0.007697,0.037896,0.004573,0.014219,0.002754,0.006349,7.4e-05,0.000985,0.001696,0.004464,0.007323,0.000268
20540,678,11631,10953,10951,2,0,0,130,26.396614,0.0,23859.063176,823.867839,2429.735547,2187.699855,3524.0,20540,25,77,25633920.0,5012159.2942,15598.2096,14188.6272,383.4781,27.3676,0.1676,0.0,82,0.047198,1.049651,0.496061,0.502406,1.049859,0.409197,0.400318,0.312251,0.514732,0.050564,0.201623,0.307871,0.491449,0.416776,0.053937,0.026379,0.005612,0.008414,0.038068,0.004586,0.014361,0.002766,0.006331,7.4e-05,0.000992,0.001738,0.004508,0.007344,0.000283
20560,677,11650,10973,10971,2,0,0,129,25.62876,0.0,23899.478553,827.176901,2427.194339,2187.615565,3531.11,20560,25,77,25658880.0,5019426.0458,15612.8619,14216.4854,385.1948,27.3676,0.1676,0.0,82,0.048744,1.049315,0.496583,0.50029,1.051726,0.408395,0.401,0.312926,0.514872,0.050505,0.202009,0.307861,0.49017,0.417459,0.054036,0.027039,0.005604,0.00845,0.038431,0.004623,0.014462,0.002765,0.006589,7.7e-05,0.001003,0.001773,0.004633,0.007501,0.000286
20580,675,11666,10991,10989,2,0,0,135,29.809936,0.0,23910.566512,828.100648,2422.089416,2187.542473,3528.54,20580,25,77,25683840.0,5026692.9832,15627.5142,14240.1637,385.492,27.3676,0.1676,0.0,82,0.05037,1.049672,0.497321,0.499976,1.050755,0.4082,0.401548,0.312831,0.513688,0.050621,0.201845,0.307783,0.491341,0.417506,0.054314,0.026835,0.005946,0.008574,0.0388,0.004568,0.014728,0.002733,0.006761,8.1e-05,0.001007,0.001789,0.00471,0.007415,0.000304
20600,687,11687,11000,10998,2,0,0,130,26.467143,0.0,23898.724548,839.034598,2414.498259,2186.688726,3475.05,20600,25,77,25708800.0,5033976.2026,15643.11,14261.9406,386.0316,27.3676,0.1676,0.0,82,0.048035,1.049698,0.496851,0.500152,1.049686,0.408698,0.401367,0.313311,0.512607,0.050642,0.202083,0.308285,0.492061,0.418144,0.054501,0.027174,0.006001,0.008451,0.038498,0.004587,0.014629,0.00289,0.006691,8e-05,0.00103,0.001791,0.004699,0.00769,0.000302
20620,681,11701,11020,11018,2,0,0,134,28.813154,0.0,23861.711081,837.583268,2413.603578,2184.88556,3512.45,20620,25,77,25733760.0,5041273.0426,15660.5075,14284.1915,386.5426,27.3676,0.1676,0.0,82,0.049927,1.050052,0.496552,0.501119,1.048502,0.409657,0.400809,0.31371,0.513337,0.050666,0.202208,0.307757,0.491505,0.417859,0.054247,0.02735,0.00593,0.00837,0.038922,0.00466,0.014538,0.002896,0.006698,7.8e-05,0.001032,0.001802,0.004779,0.007655,0.0003
20640,684,11720,11036,11034,2,0,0,132,28.489395,0.0,23833.538248,839.082981,2412.427624,2182.971271,3507.05,20640,25,77,25758720.0,5048569.0535,15679.054,14306.2535,387.4397,27.3676,0.1676,0.0,82,0.046784,1.050352,0.496433,0.501415,1.04836,0.409102,0.399826,0.313746,0.512713,0.050673,0.202415,0.308122,0.491825,0.417908,0.054336,0.026643,0.006075,0.00827,0.041405,0.004572,0.014527,0.002892,0.006527,7.9e-05,0.001051,0.001791,0.004901,0.007764,0.0003
20660,692,11737,11045,11043,2,0,0,128,24.985692,0.0,23769.225429,849.078042,2405.936265,2181.739451,3470.06,20660,25,77,25783680.0,5055873.197,15697.6539,14326.5779,387.878,27.3676,0.1676,0.0,82,0.047688,1.050954,0.496178,0.501302,1.04679,0.408913,0.400799,0.314033,0.513036,0.05067,0.202242,0.308121,0.492313,0.4183,0.054458,0.026596,0.006067,0.008514,0.042236,0.004658,0.014753,0.002902,0.006545,7.8e-05,0.001054,0.001796,0.004911,0.007709,0.000308
20680,694,11756,11062,11060,2,0,0,126,24.462139,0.0,23683.932799,849.591044,2405.946817,2180.927701,3466.99,20680,25,77,25808640.0,5063186.0068,15716.2537,14349.7772,388.3009,27.3676,0.1676,0.0,82,0.04611,1.049109,0.495999,0.49989,1.050951,0.409094,0.400812,0.314802,0.51339,0.050712,0.20159,0.308424,0.492352,0.417889,0.054385,0.026663,0.0061,0.008436,0.04396,0.004582,0.014759,0.002952,0.006725,8e-05,0.001037,0.001769,0.004934,0.007708,0.000302
20700,695,11774,11079,11077,2,0,0,114,22.956154,0.0,23574.944648,851.822487,2405.221359,2180.374139,3470.48,20700,25,77,25833600.0,5070510.4288,15734.8536,14373.2728,389.0569,27.3676,0.1676,0.0,82,0.044604,1.048431,0.495347,0.500463,1.052161,0.409329,0.400476,0.314459,0.513343,0.05073,0.201424,0.308646,0.491792,0.417416,0.054363,0.026422,0.005957,0.008249,0.043767,0.004571,0.014525,0.002999,0.006703,8e-05,0.001038,0.001757,0.004935,0.007667,0.000297
20720,692,11790,11098,11096,2,0,0,114,22.040457,0.0,23491.895759,850.453419,2407.506125,2179.987813,3496.56,20720,25,77,25858560.0,5077851.0347,15753.4534,14395.8506,389.4235,27.3676,0.1676,0.0,82,0.043353,1.047088,0.495018,0.499789,1.053961,0.409014,0.400223,0.314747,0.513184,0.05082,0.201048,0.308695,0.492359,0.418362,0.054398,0.025707,0.005969,0.008247,0.044433,0.004442,0.01454,0.003019,0.006616,8.1e-05,0.001035,0.001733,0.004906,0.007685,0.000293
20740,694,11807,11113,11111,2,0,0,116,26.540434,0.0,23386.024704,851.219274,2402.240293,2179.713837,3497.11,20740,25,77,25883520.0,5085191.9447,15772.0533,14414.9307,390.1055,27.3676,0.1676,0.0,82,0.043228,1.0461,0.494338,0.500343,1.051371,0.408092,0.399566,0.314541,0.512926,0.050778,0.201029,0.30863,0.492411,0.418677,0.054196,0.025944,0.005746,0.008241,0.043854,0.00442,0.014476,0.003039,0.006478,7.9e-05,0.001037,0.001738,0.004578,0.007644,0.000288
20760,685,11813,11128,11126,2,0,0,114,23.859477,0.0,23327.459276,848.736321,2407.404202,2179.517318,3552.76,20760,25,77,25908480.0,5092532.5158,15790.6531,14430.1487,390.403,27.3676,0.1676,0.0,82,0.043796,1.047297,0.493677,0.50066,1.053506,0.407681,0.39917,0.315149,0.513018,0.050791,0.200668,0.30894,0.492972,0.419519,0.054185,0.025987,0.005656,0.008344,0.04423,0.004331,0.014527,0.003127,0.006632,7.9e-05,0.001016,0.001751,0.004622,0.007813,0.000288
20780,688,11833,11145,11143,2,0,0,115,24.627843,0.0,23285.638652,843.651791,2411.720366,2179.375206,3549.98,20780,25,77,25933440.0,5099885.3553,15809.253,14447.4183,390.7788,27.3676,0.1676,0.0,82,0.046512,1.045518,0.494191,0.50171,1.051913,0.408859,0.39874,0.315695,0.513634,0.050925,0.200342,0.307855,0.493615,0.419756,0.054373,0.025625,0.005744,0.008815,0.042477,0.004289,0.014557,0.003169,0.006602,8.1e-05,0.001015,0.001735,0.004753,0.007604,0.000291
20800,685,11848,11163,11161,2,0,0,119,26.179817,0.0,23303.183095,840.56445,2413.255733,2179.271831,3572.01,20800,25,77,25958400.0,5107247.9553,15827.8528,14467.5566,391.336,27.3676,0.1676,0.0,82,0.048175,1.046118,0.49399,0.501791,1.051868,0.409235,0.397642,0.315175,0.51339,0.050913,0.200447,0.307474,0.493879,0.418805,0.054019,0.025591,0.005702,0.008682,0.04201,0.004252,0.014038,0.003015,0.006658,8.1e-05,0.001024,0.001737,0.004784,0.007195,0.000289
20820,681,11866,11185,11183,2,0,0,123,27.237836,0.0,23374.18421,832.707802,2420.054362,2179.474894,3594.39,20820,25,77,25983360.0,5114610.0278,15845.9447,14488.0265,392.0633,27.3676,0.1676,0.0,82,0.04699,1.046642,0.492917,0.500692,1.054295,0.408801,0.399178,0.315491,0.514418,0.050915,0.200602,0.307396,0.492413,0.418829,0.054074,0.025691,0.005464,0.008547,0.042647,0.0043,0.014134,0.003054,0.006637,8.2e-05,0.001045,0.001784,0.004696,0.007242,0.000283
20840,687,11887,11200,11198,2,0,0,123,25.729023,0.0,23454.217573,838.654363,2415.616614,2179.256225,3550.65,20840,26,77,26008320.0,5121988.9133,15864.5445,14511.4188,392.7061,27.3676,0.1676,0.0,82,0.046579,1.048526,0.492967,0.500207,1.05373,0.408433,0.398449,0.315333,0.513946,0.051005,0.200784,0.307462,0.493237,0.418705,0.054044,0.025936,0.005415,0.008673,0.042261,0.004267,0.014159,0.003035,0.006561,8.2e-05,0.00105,0.001784,0.00465,0.00753,0.000285
20860,673,11898,11225,11223,2,0,0,134,28.374009,0.0,23597.524584,831.13366,2420.49233,2179.148114,3622.13,20860,27,77,26033280.0,5129405.2433,15883.1444,14533.6068,393.4551,27.3676,0.1676,0.0,82,0.047548,1.050995,0.493621,0.501228,1.054553,0.408698,0.39981,0.315582,0.514333,0.051049,0.200732,0.307097,0.493652,0.41961,0.054239,0.025821,0.005476,0.009396,0.043132,0.004281,0.014323,0.003035,0.0066,8.4e-05,0.001044,0.00175,0.004617,0.007646,0.000291
20880,679,11919,11240,11238,2,0,0,131,28.603361,0.0,23762.740351,831.225462,2420.171177,2179.09025,3577.48,20880,27,77,26058240.0,5136833.9018,15901.7442,14552.4992,394.0531,27.3676,0.1676,0.0,82,0.047128,1.049591,0.494524,0.501743,1.054502,0.409302,0.400386,0.315045,0.51428,0.051013,0.201356,0.307135,0.492392,0.41991,0.054155,0.025867,0.005564,0.009827,0.042648,0.004491,0.014721,0.002968,0.006549,8.3e-05,0.001041,0.001754,0.004431,0.007654,0.000282
20900,683,11938,11255,11253,2,0,0,129,27.943306,0.0,23916.205768,834.569135,2417.487559,2179.056617,3563.4,20900,27,77,26083200.0,5144272.1125,15920.3441,14573.8563,394.5001,27.3676,0.1711,0.0,82,0.045388,1.050223,0.495866,0.501715,1.056554,0.40946,0.399364,0.315056,0.514538,0.05101,0.201064,0.306736,0.4922,0.420078,0.054189,0.026022,0.005487,0.009806,0.043183,0.004442,0.014559,0.002959,0.00665,8.3e-05,0.001035,0.00176,0.004306,0.007706,0.000283
20920,690,11956,11266,11264,2,0,0,130,28.169863,0.0,24003.776013,846.419114,2405.411023,2179.035555,3542.73,20920,27,77,26108160.0,5151723.1218,15938.9439,14599.1582,395.2083,27.3676,0.1711,0.0,82,0.047826,1.050167,0.495904,0.501717,1.056119,0.409034,0.400345,0.3145,0.513692,0.050968,0.201255,0.306942,0.49216,0.419841,0.054139,0.026044,0.005475,0.009963,0.042753,0.004453,0.014728,0.002959,0.006622,8.3e-05,0.001037,0.001748,0.004446,0.007584,0.000277
20940,684,11974,11290,11288,2,0,0,132,31.225595,0.0,24099.831029,839.197969,2409.576436,2177.211114,3575.82,20940,27,77,26133120.0,5159195.8621,15959.5791,14621.3017,396.0147,27.3676,0.1711,0.0,82,0.048246,1.048806,0.495667,0.501165,1.056476,0.408896,0.400263,0.313976,0.514114,0.05079,0.20136,0.307064,0.492269,0.418643,0.054286,0.025692,0.005514,0.010158,0.042479,0.004457,0.014643,0.00292,0.00677,8.2e-05,0.001028,0.001728,0.004455,0.00748,0.000278
20960,683,11987,11304,11302,2,0,0,127,27.369787,0.0,24240.620242,842.513479,2410.116734,2173.947382,3593.22,20960,27,77,26158080.0,5166680.5735,15982.7914,14642.698,396.4389,27.3676,0.1711,0.0,82,0.046852,1.048485,0.496188,0.501417,1.054291,0.409932,0.401221,0.31425,0.514071,0.050928,0.201674,0.306558,0.492354,0.418199,0.054316,0.025358,0.005478,0.010155,0.041077,0.004542,0.014887,0.00295,0.006823,8.8e-05,0.001028,0.001716,0.004488,0.00737,0.000282
20980,683,12000,11317,11315,2,0,0,127,26.594802,0.0,24385.136074,842.988139,2410.417059,2170.09522,3598.99,20980,27,77,26183040.0,5174165.6035,16007.9895,14659.7861,396.7783,27.3676,0.1711,0.0,82,0.048316,1.050094,0.49624,0.501629,1.054724,0.409636,0.401799,0.314451,0.512935,0.050889,0.202054,0.306386,0.491569,0.418967,0.054168,0.025817,0.005431,0.010168,0.041206,0.004596,0.014907,0.002948,0.00671,8.8e-05,0.001037,0.001718,0.004464,0.007405,0.000279
21000,689,12026,11337,11335,2,0,0,128,30.120457,0.0,24505.777666,838.555797,2411.323746,2166.980499,3537.91,21000,27,77,26208000.0,5181650.6335,16033.4196,14679.6785,397.3683,27.3676,0.1711,0.0,82,0.049347,1.049198,0.495675,0.503628,1.05348,0.408787,0.401614,0.314888,0.514678,0.050855,0.201756,0.306247,0.491779,0.418526,0.05436,0.025921,0.005463,0.011122,0.041569,0.004642,0.015012,0.002938,0.006969,8.7e-05,0.001027,0.001787,0.004553,0.007414,0.000289
21020,691,12049,11358,11356,2,0,0,126,29.527919,0.0,24654.810836,838.732809,2411.739272,2164.171717,3539.48,21020,27,77,26232960.0,5189135.6635,16058.8497,14705.826,398.7108,27.3676,0.1711,0.0,82,0.047757,1.047792,0.495057,0.503095,1.053768,0.408274,0.399788,0.314659,0.515293,0.050756,0.202018,0.305522,0.492204,0.418158,0.054637,0.025267,0.005438,0.010776,0.041676,0.004472,0.01487,0.002975,0.006933,8.6e-05,0.00101,0.001843,0.004645,0.00749,0.000289
21040,699,12068,11369,11367,2,0,0,128,30.418825,0.0,24748.294096,852.066707,2397.514468,2161.198936,3506.29,21040,27,77,26257920.0,5196639.844,16084.2798,14733.7714,399.1274,27.3676,0.1711,0.0,82,0.050072,1.046843,0.49494,0.502162,1.0538,0.408428,0.398247,0.313764,0.513876,0.050841,0.201999,0.305224,0.492746,0.417683,0.054539,0.025794,0.005269,0.010171,0.041058,0.004489,0.01441,0.002869,0.006778,8.8e-05,0.000959,0.001815,0.004674,0.007332,0.000287
21060,706,12082,11376,11374,2,0,0,122,24.737063,0.0,24755.260133,867.055053,2388.207884,2157.536513,3483.62,21060,27,77,26282880.0,5204147.404,16109.7099,14757.2768,399.8481,27.3676,0.1711,0.0,82,0.049575,1.047018,0.495793,0.502578,1.051464,0.408172,0.398244,0.313406,0.514357,0.050908,0.20198,0.305133,0.493398,0.416928,0.054436,0.025527,0.005259,0.01023,0.040753,0.004472,0.014497,0.00282,0.006849,8.6e-05,0.000951,0.001802,0.004761,0.007333,0.000281
21080,703,12098,11395,11393,2,0,0,128,28.155624,0.0,24735.746382,864.202134,2387.642242,2152.206912,3503.05,21080,27,77,26307840.0,5211664.007,16135.14,14776.9265,400.3027,27.3676,0.1711,0.0,82,0.051209,1.047511,0.495258,0.502403,1.053108,0.408505,0.399755,0.313727,0.51459,0.050897,0.202285,0.305176,0.493354,0.417753,0.054423,0.025441,0.005129,0.01034,0.041977,0.004565,0.014772,0.002822,0.006818,8.6e-05,0.00097,0.001846,0.004736,0.007431,0.000284
21100,710,12118,11408,11406,2,0,0,128,26.171488,0.0,24712.591846,869.067188,2384.761324,2142.447093,3483.29,21100,27,77,26332800.0,5219202.7199,16160.5701,14797.8777,400.5671,27.3676,0.1711,0.0,82,0.052113,1.046646,0.494647,0.502279,1.050639,0.409074,0.400057,0.313644,0.515135,0.050938,0.202137,0.305558,0.493556,0.418458,0.054334,0.025282,0.00481,0.010202,0.04274,0.004566,0.014747,0.002775,0.006995,8.5e-05,0.000976,0.001843,0.004791,0.00737,0.000277
21120,708,12134,11426,11424,2,0,0,130,28.936223,0.0,24639.1713,869.092271,2381.971505,2142.167749,3507.57,21120,27,77,26357760.0,5226741.8999,16171.9064,14819.7803,401.1239,27.3676,0.1711,0.0,82,0.050847,1.047833,0.494537,0.501405,1.050781,0.408779,0.399212,0.313321,0.515394,0.050792,0.201986,0.306128,0.494099,0.418587,0.054292,0.025232,0.004795,0.010055,0.041873,0.004487,0.014637,0.002785,0.006976,8.6e-05,0.001,0.001807,0.004765,0.007353,0.000282
21140,706,12156,11450,11448,2,0,0,135,30.323201,0.0,24573.354457,863.893804,2385.782995,2142.16248,3520.39,21140,27,77,26382720.0,5234280.7115,16182.9739,14843.5759,402.6336,27.3676,0.1711,0.0,82,0.049575,1.0483,0.494948,0.502308,1.050567,0.409521,0.400897,0.313112,0.515928,0.05083,0.201709,0.306707,0.494454,0.419873,0.054591,0.025867,0.004825,0.01112,0.041521,0.004513,0.014863,0.002976,0.007233,8.6e-05,0.001021,0.001854,0.004771,0.007597,0.00029
21160,706,12180,11474,11472,2,0,0,139,34.349642,0.0,24528.887392,859.422279,2386.22808,2142.15986,3511.15,21160,27,77,26407680.0,5241819.8915,16194.0415,14867.6552,403.8054,27.3676,0.1711,0.0,82,0.049575,1.050269,0.496063,0.502637,1.050878,0.409502,0.403258,0.313223,0.515812,0.050859,0.20152,0.306905,0.493707,0.419497,0.054646,0.025905,0.004996,0.011315,0.04372,0.004516,0.015496,0.003005,0.007286,8.7e-05,0.001031,0.001829,0.004687,0.007677,0.000293
21180,706,12197,11491,11489,2,0,0,134,30.044126,0.0,24492.688757,864.999431,2384.956443,2142.158556,3520.26,21180,27,77,26432640.0,5249359.0715,16205.1091,14894.4251,404.716,27.3676,0.1711,0.0,82,0.046742,1.049679,0.497144,0.503146,1.051793,0.409943,0.403228,0.313352,0.515413,0.050955,0.201171,0.307105,0.493303,0.419684,0.054432,0.025707,0.005252,0.010933,0.04399,0.004636,0.015374,0.002971,0.007363,8.7e-05,0.001027,0.001817,0.00463,0.007665,0.000294
21200,706,12212,11506,11504,2,0,0,133,28.183742,0.0,24431.011525,868.903823,2382.912435,2142.157908,3529.2,21200,27,77,26457600.0,5256898.2515,16216.1766,14917.3901,405.5275,27.3676,0.1711,0.0,82,0.045326,1.04785,0.496609,0.50339,1.049435,0.410275,0.4041,0.313651,0.515761,0.050947,0.200824,0.306979,0.493068,0.419984,0.054358,0.025269,0.005281,0.010642,0.043273,0.004566,0.015372,0.003048,0.007409,8.8e-05,0.001025,0.001802,0.004569,0.007685,0.000294
21220,709,12233,11524,11522,2,0,0,127,26.368801,0.0,24395.045968,867.482749,2386.14845,2142.157586,3511.01,21220,27,77,26482560.0,5264456.8714,16227.2442,14937.752,405.9113,27.3676,0.1711,0.0,82,0.046544,1.047217,0.496318,0.503742,1.049578,0.410293,0.404981,0.314408,0.51669,0.051066,0.200109,0.307298,0.4925,0.420585,0.05468,0.025393,0.005307,0.010794,0.043777,0.004477,0.015281,0.003183,0.007713,8.9e-05,0.001015,0.001784,0.004527,0.007849,0.000295
21240,712,12250,11538,11536,2,0,0,129,24.558597,0.0,24347.468722,873.318106,2382.123296,2142.157425,3502.48,21240,27,77,26507520.0,5272025.9578,16238.3118,14961.0017,406.2666,27.3676,0.1711,0.0,82,0.046348,1.048484,0.496531,0.504357,1.049983,0.409591,0.40438,0.314115,0.517206,0.051132,0.200222,0.307697,0.492553,0.420506,0.054619,0.025542,0.005307,0.010816,0.044214,0.00444,0.015356,0.003194,0.007884,8.9e-05,0.001003,0.001762,0.004513,0.008122,0.000292
21260,707,12270,11563,11561,2,0,0,127,29.37244,0.0,24317.365894,866.677157,2383.950403,2142.157346,3518.1,21260,27,77,26532480.0,5279624.5753,16249.3793,14985.7451,407.621,27.3676,0.1711,0.0,82,0.046676,1.047681,0.497391,0.505143,1.048722,0.409353,0.40399,0.314037,0.5186,0.051275,0.200624,0.307555,0.492946,0.419841,0.05462,0.025985,0.005415,0.011134,0.043477,0.00447,0.015124,0.003196,0.008146,8.9e-05,0.001006,0.001825,0.00452,0.007854,0.000294
21280,715,12291,11576,11574,2,0,0,124,27.285291,0.0,24286.738007,875.601018,2377.113691,2142.157306,3491.04,21280,27,77,26557440.0,5287237.8998,16260.4469,15011.8592,408.2428,27.3676,0.1711,0.0,82,0.046154,1.047327,0.496062,0.506598,1.049502,0.409001,0.404038,0.314741,0.518988,0.051377,0.200867,0.307789,0.493043,0.421405,0.054761,0.025389,0.005526,0.012001,0.043779,0.004459,0.015326,0.003285,0.008049,8.9e-05,0.00103,0.001851,0.004562,0.008064,0.000292
21300,712,12310,11598,11596,2,0,0,128,27.46782,0.0,24254.878315,871.64063,2380.891549,2142.157286,3517.34,21300,27,77,26582400.0,5294855.8598,16271.5144,15034.032,409.1249,27.3676,0.1711,0.0,82,0.046348,1.046694,0.495547,0.505885,1.047774,0.409591,0.402417,0.314166,0.518865,0.051355,0.200999,0.307716,0.491769,0.421093,0.054507,0.025275,0.005498,0.01186,0.042363,0.004478,0.015238,0.003223,0.008023,8.8e-05,0.001055,0.001857,0.004536,0.007896,0.000288
21320,711,12326,11615,11613,2,0,0,130,30.67238,0.0,24249.9719,869.520343,2379.807277,2142.157276,3535.76,21320,27,77,26607360.0,5302475.9468,16282.582,15053.4314,409.7237,27.3676,0.1711,0.0,82,0.046414,1.045681,0.494552,0.505164,1.048852,0.409128,0.403243,0.314757,0.518336,0.051357,0.201545,0.307802,0.490751,0.422026,0.054648,0.025673,0.005515,0.011861,0.042565,0.004582,0.01494,0.003272,0.007909,9.2e-05,0.001082,0.001862,0.004473,0.007933,0.000291
21340,712,12349,11637,11635,2,0,0,130,30.478515,0.0,24271.898164,867.304446,2382.217039,2142.157272,3520.6,21340,27,77,26632320.0,5310115.074,16293.6496,15078.3465,410.3414,27.3676,0.1711,0.0,82,0.044944,1.044455,0.494576,0.503268,1.051492,0.408824,0.401297,0.31449,0.518725,0.051363,0.201813,0.308361,0.49228,0.422847,0.054331,0.025338,0.005499,0.011915,0.04168,0.004459,0.014817,0.003262,0.008159,9e-05,0.001066,0.001829,0.004514,0.007892,0.000291
21360,719,12370,11651,11649,2,0,0,129,27.877357,0.0,24276.767694,878.07098,2374.051664,2142.157269,3482.77,21360,27,77,26657280.0,5317778.1192,16304.7171,15105.5995,411.2504,27.3676,0.1711,0.0,73,0.045897,1.046485,0.494672,0.503586,1.054042,0.408956,0.404044,0.314831,0.519779,0.051379,0.201411,0.308115,0.493806,0.423939,0.054522,0.025893,0.005507,0.012647,0.041919,0.004492,0.015836,0.003326,0.008292,9.3e-05,0.001072,0.001848,0.004686,0.0083,0.000296
21380,712,12382,11670,11668,2,0,0,129,27.871984,0.0,24259.718999,878.21206,2373.915956,2142.157268,3531.35,21380,27,77,26682240.0,5325448.5492,16315.7847,15129.1243,412.1542,27.3676,0.1711,0.0,82,0.047753,1.047563,0.494457,0.505153,1.056395,0.408321,0.405611,0.315079,0.520041,0.051394,0.201604,0.307722,0.494474,0.424846,0.054575,0.0262,0.005527,0.013375,0.042945,0.004452,0.016129,0.003369,0.008318,9.3e-05,0.001073,0.001858,0.004756,0.008339,0.000302
21400,717,12411,11694,11692,2,0,0,133,34.03574,0.0,24235.988458,870.134775,2375.829485,2142.157267,3488.82,21400,27,77,26707200.0,5333118.5611,16326.8523,15150.5718,413.0923,27.3676,0.1711,0.0,82,0.050209,1.047395,0.49397,0.504985,1.057608,0.408863,0.405766,0.315843,0.520164,0.051377,0.202008,0.307725,0.494662,0.426166,0.054578,0.026518,0.005536,0.013013,0.0432,0.004579,0.016171,0.003638,0.008313,9.4e-05,0.001092,0.001877,0.004705,0.008518,0.000301
21420,713,12425,11712,11710,2,0,0,133,32.837018,0.0,24236.498317,874.277161,2372.885821,2142.157267,3517.52,21420,27,77,26732160.0,5340788.7926,16337.9198,15176.8227,414.3626,27.3676,0.1711,0.0,82,0.050491,1.047208,0.494257,0.504161,1.058837,0.408296,0.406521,0.31654,0.519957,0.051308,0.202182,0.30755,0.495004,0.426524,0.05467,0.026701,0.005549,0.012995,0.0431,0.004512,0.01641,0.003604,0.008233,9.5e-05,0.001108,0.001823,0.00482,0.008587,0.000298
21440,708,12440,11732,11730,2,0,0,137,31.031377,0.0,24258.97997,873.107338,2375.861285,2142.157267,3517.76,21440,27,77,26757120.0,5348458.9041,16348.9874,15199.1832,414.6891,27.3676,0.1711,0.0,82,0.050847,1.049422,0.494901,0.50525,1.058507,0.408796,0.406086,0.316627,0.520066,0.051271,0.201619,0.307259,0.495205,0.425484,0.054559,0.026161,0.005492,0.013012,0.043201,0.004589,0.016409,0.003563,0.008092,9.4e-05,0.001074,0.001815,0.004917,0.008536,0.000299
21460,708,12462,11754,11752,2,0,0,147,37.700487,0.0,24281.648926,864.419462,2377.880051,2142.938181,3513.12,21460,27,77,26782080.0,5356129.1968,16359.2178,15217.7791,415.278,27.3676,0.1711,0.0,82,0.05226,1.048428,0.494496,0.504743,1.058344,0.407659,0.405389,0.316625,0.519713,0.051224,0.201566,0.306764,0.494885,0.424527,0.054478,0.026192,0.005284,0.013091,0.042971,0.004541,0.015909,0.003493,0.007919,9e-05,0.001061,0.001855,0.004896,0.008507,0.000296
21480,723,12487,11764,11762,2,0,0,138,32.208734,0.0,24267.869401,878.406596,2369.38467,2144.936374,3447.66,21480,27,77,26807040.0,5363798.8793,16366.9366,15243.665,416.287,27.3676,0.1711,0.0,82,0.049793,1.048,0.495127,0.504327,1.057758,0.408365,0.405422,0.316374,0.52029,0.051242,0.201606,0.307622,0.495149,0.42405,0.054458,0.026072,0.005296,0.012951,0.042861,0.004777,0.01578,0.003492,0.008104,8.9e-05,0.001063,0.00187,0.004835,0.008477,0.000297
21500,724,12506,11782,11780,2,0,0,139,28.602243,0.0,24186.805444,884.240876,2367.15688,2145.829996,3443.31,21500,27,77,26832000.0,5371477.4888,16374.6554,15271.5581,417.1021,27.3676,0.1711,0.0,82,0.051105,1.04871,0.495145,0.505382,1.058336,0.409195,0.40538,0.316576,0.518129,0.051209,0.201267,0.306922,0.496147,0.423522,0.054451,0.026204,0.005313,0.013273,0.043795,0.004817,0.015945,0.003428,0.007691,8.6e-05,0.001035,0.001843,0.004872,0.008372,0.000297
21520,712,12513,11801,11799,2,0,0,141,31.735091,0.0,24155.29294,883.247975,2365.016934,2146.213127,3499.41,21520,27,77,26856960.0,5379171.2888,16382.3742,15293.9581,417.4207,27.3676,0.1711,0.0,82,0.053371,1.04897,0.494989,0.505836,1.056991,0.409217,0.405384,0.316373,0.518018,0.051181,0.20135,0.307342,0.496354,0.423211,0.054595,0.026291,0.005387,0.01327,0.043979,0.00483,0.015852,0.003459,0.007732,8.7e-05,0.001041,0.001855,0.004652,0.008263,0.000297
21540,707,12523,11816,11814,2,0,0,139,31.276174,0.0,24153.362277,879.725801,2368.998025,2146.374404,3528.22,21540,27,77,26881920.0,5386864.6961,16390.093,15308.7594,417.8678,27.3676,0.1711,0.0,82,0.053748,1.04935,0.494623,0.506545,1.056824,0.409559,0.406196,0.315996,0.517733,0.051148,0.201683,0.307487,0.495627,0.423523,0.05463,0.026905,0.00542,0.013333,0.044255,0.004838,0.015881,0.003475,0.007681,8.7e-05,0.001041,0.001859,0.004637,0.008263,0.0003
21560,717,12547,11830,11828,2,0,0,138,28.611242,0.0,24178.256475,876.150263,2375.238496,2146.441767,3495.16,21560,27,77,26906880.0,5394558.4961,16397.8118,15323.3763,418.2306,27.3676,0.1711,0.0,82,0.054393,1.049254,0.494452,0.507204,1.055023,0.409711,0.407344,0.315742,0.517744,0.051141,0.201657,0.306958,0.496194,0.42337,0.05465,0.027046,0.005418,0.014067,0.04285,0.004943,0.015917,0.003444,0.007624,8.6e-05,0.001051,0.001873,0.004773,0.008239,0.000305
21580,714,12561,11847,11845,2,0,0,137,30.09628,0.0,24215.288682,874.686911,2375.21681,2146.469812,3509.73,21580,27,77,26931840.0,5402260.1816,16405.5306,15344.6161,418.6663,27.3676,0.1711,0.0,82,0.051821,1.045821,0.494048,0.506808,1.053463,0.410533,0.405817,0.315116,0.517668,0.051191,0.201461,0.306146,0.496767,0.422814,0.054649,0.026534,0.005514,0.013742,0.041949,0.005002,0.015551,0.0034,0.007649,8.8e-05,0.001051,0.001805,0.004915,0.008166,0.000303
21600,703,12578,11875,11873,2,0,0,150,33.867906,0.0,24329.52684,860.045971,2386.086123,2146.481472,3540.93,21600,27,77,26956800.0,5409976.0154,16413.2494,15366.1685,419.0983,27.3676,0.1711,0.0,82,0.049787,1.045484,0.493854,0.504941,1.052359,0.410967,0.406121,0.315483,0.517783,0.051181,0.201546,0.306412,0.497196,0.424278,0.054598,0.027133,0.005486,0.012603,0.04134,0.004993,0.015639,0.003469,0.00774,9e-05,0.001044,0.001839,0.004881,0.008497,0.000299
21620,696,12589,11893,11891,2,0,0,150,31.972166,0.0,24529.072974,858.026613,2390.001221,2146.486317,3584.72,21620,27,77,26981760.0,5417692.0114,16420.9682,15385.6058,420.2761,27.3676,0.1711,0.0,82,0.050287,1.045191,0.493749,0.505627,1.053903,0.411226,0.406228,0.315453,0.51795,0.051106,0.201548,0.30625,0.497411,0.423958,0.054758,0.026996,0.005434,0.012728,0.041703,0.004986,0.015706,0.003451,0.007761,9e-05,0.001055,0.001864,0.005126,0.008541,0.000302
21640,701,12607,11906,11904,2,0,0,146,28.811183,0.0,24731.428738,859.468736,2391.720081,2146.488329,3556.71,21640,27,77,27006720.0,5425407.9032,16428.687,15402.5318,421.0048,27.3676,0.174,0.0,82,0.048502,1.047097,0.492702,0.506321,1.054901,0.411044,0.40705,0.315758,0.517257,0.051386,0.201227,0.306613,0.497695,0.424121,0.055034,0.026803,0.005525,0.012521,0.043365,0.004849,0.015824,0.003648,0.007694,9.9e-05,0.001087,0.001867,0.00535,0.008597,0.000307
21660,698,12625,11927,11925,2,0,0,154,35.058274,0.0,24930.878622,853.326862,2391.614864,2146.489166,3573.19,21660,27,77,27031680.0,5433129.6754,16436.4058,15422.1662,421.5758,27.3676,0.174,0.0,73,0.048711,1.04656,0.491753,0.506207,1.053315,0.412331,0.40815,0.316109,0.517165,0.051462,0.200773,0.306564,0.497382,0.42402,0.054975,0.026465,0.005494,0.012637,0.043372,0.004882,0.016023,0.003739,0.007648,0.000101,0.001046,0.001863,0.005251,0.008656,0.000301
21680,689,12639,11950,11948,2,0,0,161,35.622489,0.0,25200.643358,843.689165,2400.688346,2146.489513,3598.98,21680,27,77,27056640.0,5440858.8754,16444.1246,15441.5969,422.233,27.3676,0.174,0.0,73,0.049347,1.046178,0.492241,0.507253,1.055941,0.412016,0.40788,0.316211,0.517077,0.051486,0.200227,0.306684,0.497116,0.42477,0.055084,0.026583,0.00552,0.012666,0.043911,0.004857,0.015941,0.003787,0.00773,0.0001,0.001047,0.001901,0.005201,0.008781,0.000306
21700,702,12666,11964,11962,2,0,0,153,29.789846,0.0,25502.530698,849.195774,2401.01438,2146.489657,3533.86,21700,27,77,27081600.0,5448588.0754,16451.8434,15464.2402,423.0699,27.3676,0.174,0.0,73,0.047009,1.044983,0.493807,0.506981,1.056747,0.411997,0.405822,0.315758,0.517516,0.051563,0.199813,0.305913,0.498748,0.423777,0.05511,0.026101,0.005441,0.012212,0.042627,0.004811,0.01577,0.003737,0.007835,0.000101,0.00102,0.001883,0.005282,0.008633,0.000309
21720,713,12689,11976,11974,2,0,0,140,25.551949,0.0,25675.98559,866.327321,2388.12073,2146.489717,3494.99,21720,27,77,27106560.0,5456317.0333,16459.5622,15495.122,424.1401,27.3676,0.174,0.0,82,0.047686,1.045706,0.494222,0.506394,1.053432,0.411091,0.404385,0.315642,0.517272,0.051521,0.200022,0.305912,0.498322,0.423758,0.055103,0.026098,0.005421,0.012161,0.04199,0.0048,0.015623,0.003678,0.007943,9.9e-05,0.001014,0.001902,0.005285,0.008676,0.000309
21740,713,12706,11993,11991,2,0,0,144,30.712143,0.0,25738.580322,874.472775,2374.815081,2146.489742,3493.22,21740,27,77,27131520.0,5464045.8786,16467.281,15524.2652,424.2426,27.3676,0.174,0.0,82,0.049088,1.048264,0.493465,0.505312,1.054799,0.41089,0.40517,0.315838,0.516808,0.051448,0.199949,0.306545,0.497008,0.423624,0.054952,0.026539,0.005427,0.012005,0.042413,0.004876,0.016104,0.003659,0.008008,9.9e-05,0.001025,0.001895,0.005384,0.008502,0.000306
21760,719,12728,12009,12007,2,0,0,140,28.261136,0.0,25755.439298,880.09748,2371.641383,2146.489752,3473.61,21760,27,77,27156480.0,5471774.686,16474.9998,15549.7532,424.7633,27.3676,0.174,0.0,82,0.048679,1.046487,0.492702,0.503857,1.055754,0.410663,0.405629,0.315681,0.518218,0.051454,0.20038,0.306401,0.496529,0.423839,0.05481,0.026546,0.005451,0.011905,0.042683,0.004902,0.016373,0.003655,0.007932,9.9e-05,0.001029,0.001856,0.005301,0.00857,0.000301
21780,725,12742,12017,12015,2,0,0,136,24.820315,0.0,25734.338926,892.353529,2362.826157,2145.502647,3457.34,21780,27,77,27181440.0,5479503.8039,16483.988,15572.5912,424.9073,27.3676,0.174,0.0,82,0.049655,1.045752,0.493967,0.5039,1.056413,0.410383,0.40611,0.315564,0.517913,0.051412,0.200659,0.306192,0.496197,0.424757,0.054863,0.026804,0.005509,0.011788,0.042776,0.00495,0.016698,0.003644,0.007721,9.8e-05,0.001052,0.001894,0.005283,0.008725,0.000301
21800,729,12762,12033,12031,2,0,0,141,26.028002,0.0,25636.831084,893.00453,2360.967467,2143.87435,3452.93,21800,27,77,27206400.0,5487232.1748,16494.7856,15592.5811,425.7219,27.3676,0.174,0.0,82,0.049383,1.046771,0.494169,0.503395,1.054791,0.4099,0.40639,0.315778,0.517841,0.051309,0.201026,0.306426,0.496656,0.425316,0.054911,0.027428,0.005541,0.011754,0.042672,0.004878,0.017054,0.003776,0.007824,9.7e-05,0.00108,0.001951,0.005307,0.008937,0.000303
21820,727,12776,12049,12047,2,0,0,137,27.976131,0.0,25542.424707,895.213551,2356.810319,2142.910746,3477.87,21820,27,77,27231360.0,5494971.2658,16505.9629,15614.5855,426.3673,27.3676,0.174,0.0,82,0.049519,1.047282,0.49429,0.502544,1.054944,0.410003,0.407889,0.315687,0.517293,0.05124,0.201169,0.307256,0.496323,0.426102,0.054916,0.027912,0.00575,0.011744,0.044124,0.004915,0.017041,0.003793,0.007853,9.6e-05,0.001104,0.002059,0.005187,0.008888,0.000312
21840,724,12794,12070,12068,2,0,0,136,30.805422,0.0,25492.509493,886.641141,2362.553437,2142.448097,3453.84,21840,27,77,27256320.0,5502715.2603,16517.1402,15632.9419,426.9542,27.3676,0.174,0.0,82,0.049724,1.047682,0.494035,0.50335,1.055373,0.409799,0.409274,0.315128,0.517556,0.051305,0.20113,0.307349,0.496531,0.426759,0.055095,0.028376,0.005773,0.012801,0.043928,0.004929,0.017092,0.00379,0.007874,9.6e-05,0.001101,0.002074,0.005393,0.008791,0.000313
21860,730,12820,12090,12088,2,0,0,135,29.402121,0.0,25482.824986,885.173299,2365.42458,2142.221173,3432.31,21860,27,77,27281280.0,5510471.5521,16528.3174,15657.467,427.5303,27.3676,0.1895,0.0,82,0.047945,1.04436,0.494632,0.50391,1.057014,0.409844,0.409243,0.314819,0.518546,0.051432,0.20137,0.306701,0.496416,0.426929,0.055263,0.028156,0.005831,0.012826,0.045265,0.004894,0.017714,0.003731,0.008117,9.7e-05,0.001095,0.002025,0.005373,0.008824,0.000313
21880,726,12840,12114,12112,2,0,0,143,33.01599,0.0,25476.051558,881.490589,2365.49342,2142.108704,3436.57,21880,27,77,27306240.0,5518221.4446,16539.4947,15682.6091,428.0923,27.3676,0.1895,0.0,82,0.050964,1.046141,0.494381,0.506043,1.05663,0.410971,0.411539,0.315661,0.518571,0.051454,0.201358,0.306417,0.495602,0.427307,0.055447,0.027918,0.005944,0.013536,0.045358,0.005031,0.018218,0.003818,0.008162,9.8e-05,0.001107,0.002036,0.005518,0.008769,0.000314
21900,731,12856,12125,12123,2,0,0,136,27.623733,0.0,25426.282081,893.23129,2359.144977,2142.052675,3426.45,21900,27,77,27331200.0,5525966.7753,16550.672,15707.5811,428.3447,27.3676,0.1895,0.0,82,0.051984,1.048821,0.494381,0.504856,1.058114,0.410635,0.410963,0.315871,0.517229,0.051363,0.201266,0.30674,0.495552,0.427965,0.055401,0.028704,0.005976,0.013504,0.045306,0.004993,0.01817,0.004053,0.008242,9.2e-05,0.001112,0.002052,0.005468,0.008991,0.000312
21920,724,12874,12150,12148,2,0,0,147,32.100721,0.0,25344.799515,885.552668,2362.346611,2142.024691,3439.74,21920,27,77,27356160.0,5533712.523,16561.8492,15730.5106,429.2107,27.3676,0.1895,0.0,82,0.049724,1.048171,0.495024,0.5046,1.056912,0.411266,0.409637,0.316237,0.516518,0.051536,0.20135,0.306672,0.496633,0.426874,0.055135,0.027659,0.005971,0.012647,0.044897,0.004904,0.017778,0.004105,0.00828,9.2e-05,0.001107,0.001996,0.005439,0.009013,0.000306
21940,723,12891,12168,12166,2,0,0,145,28.847225,0.0,25320.523007,887.497973,2363.654802,2142.010697,3427.89,21940,27,77,27381120.0,5541458.3313,16573.0265,15753.5291,430.697,27.3676,0.1972,0.0,82,0.048409,1.048978,0.494339,0.504389,1.06048,0.411487,0.411222,0.316698,0.517312,0.051521,0.201517,0.307466,0.496361,0.427073,0.05514,0.027951,0.006167,0.01204,0.045886,0.00481,0.017863,0.004159,0.008391,9.6e-05,0.001085,0.002021,0.005457,0.009114,0.000315
21960,732,12909,12177,12175,2,0,0,139,26.466523,0.0,25220.380898,900.113185,2353.420292,2142.003694,3402.93,21960,27,77,27406080.0,5549204.6013,16584.2037,15777.5661,430.9034,27.3676,0.1972,0.0,82,0.04918,1.04933,0.494683,0.504684,1.059727,0.410998,0.411843,0.316594,0.516969,0.051467,0.201498,0.307846,0.496607,0.426894,0.055372,0.028408,0.006365,0.012026,0.046768,0.004913,0.017788,0.004196,0.008428,9.7e-05,0.001109,0.002146,0.005508,0.009053,0.000321
21980,729,12924,12195,12193,2,0,0,145,31.759044,0.0,25080.270094,897.055315,2351.185641,2142.000188,3419.03,21980,27,77,27431040.0,5556953.1948,16595.381,15797.1307,431.1387,27.3676,0.1972,0.0,82,0.049383,1.049496,0.494197,0.504093,1.061448,0.409802,0.413349,0.317296,0.517174,0.051479,0.201309,0.30842,0.495925,0.427689,0.055468,0.028438,0.006435,0.012074,0.048222,0.004859,0.018,0.004297,0.008372,9.9e-05,0.0011,0.002171,0.005523,0.00929,0.000326
22000,728,12936,12208,12206,2,0,0,135,25.602821,0.0,24983.641258,900.48979,2353.907389,2141.998433,3437.82,22000,27,77,27456000.0,5564717.2665,16606.5583,15816.6783,432.099,27.3676,0.1972,0.0,82,0.050824,1.048854,0.494584,0.504646,1.061146,0.410216,0.412281,0.317467,0.517325,0.051415,0.201141,0.308191,0.496511,0.427397,0.055323,0.02854,0.00635,0.012403,0.047105,0.004913,0.017691,0.004282,0.008458,9.7e-05,0.00107,0.002168,0.005569,0.009246,0.000327
22020,731,12953,12222,12220,2,0,0,126,21.745566,0.0,24867.801757,902.340346,2355.914088,2141.997555,3426.93,22020,27,77,27480960.0,5572480.7713,16617.7355,15835.6009,432.4451,27.3676,0.1972,0.0,82,0.049248,1.050603,0.495429,0.504676,1.060192,0.410561,0.413846,0.31829,0.51769,0.051508,0.20089,0.308533,0.496379,0.428388,0.055388,0.029022,0.006476,0.012434,0.04742,0.00485,0.018405,0.004395,0.008409,9.9e-05,0.001047,0.002174,0.005496,0.009686,0.000324
22040,734,12973,12239,12237,2,0,0,132,27.080277,0.0,24705.323785,902.912496,2350.007227,2141.997115,3422.56,22040,27,77,27505920.0,5580244.6746,16628.9128,15856.6071,432.7754,27.3676,0.3138,0.0,82,0.050409,1.049569,0.495825,0.505596,1.060505,0.410635,0.4124,0.318194,0.517771,0.051401,0.200977,0.308529,0.495971,0.428516,0.055589,0.028862,0.00634,0.012473,0.04771,0.004878,0.017674,0.004274,0.008254,9.8e-05,0.00105,0.002158,0.005497,0.009545,0.000323
22060,740,12994,12254,12252,2,0,0,128,27.459722,0.0,24511.093435,908.015831,2344.524446,2141.996894,3401.76,22060,27,77,27530880.0,5588008.8546,16640.09,15880.2998,433.9668,27.3676,0.3138,0.0,82,0.051351,1.048129,0.495083,0.506568,1.05789,0.411258,0.412973,0.318074,0.518885,0.051439,0.200252,0.308337,0.496135,0.42893,0.055794,0.028909,0.006322,0.013013,0.046941,0.004941,0.017786,0.004277,0.008367,0.0001,0.001036,0.002153,0.005484,0.0095,0.000329
22080,726,13001,12275,12273,2,0,0,133,29.698015,0.0,24360.452107,901.344167,2348.957818,2141.996784,3465.9,22080,27,77,27555840.0,5595772.5171,16651.2673,15899.2978,434.4697,27.3676,0.3138,0.0,82,0.052342,1.049139,0.495434,0.50734,1.058489,0.411043,0.413403,0.318669,0.518757,0.051455,0.200136,0.307979,0.49582,0.429699,0.055774,0.028634,0.006343,0.013066,0.047226,0.004993,0.017932,0.004292,0.008278,0.000101,0.001041,0.002174,0.00546,0.009568,0.000333
22100,725,13025,12300,12298,2,0,0,139,30.0679,0.0,24263.985798,888.042238,2361.889862,2141.996729,3479.17,22100,27,77,27580800.0,5603525.9712,16662.4446,15916.5775,435.6575,27.3676,0.3138,0.0,82,0.052414,1.052213,0.495013,0.508281,1.055707,0.410801,0.414129,0.318972,0.517739,0.051401,0.200209,0.308415,0.495704,0.429869,0.055758,0.029556,0.006555,0.013294,0.046723,0.005105,0.017798,0.004543,0.008215,9.9e-05,0.001061,0.002256,0.005275,0.00969,0.000345
22120,718,13042,12324,12322,2,0,0,141,31.618034,0.0,24264.133798,882.538463,2365.843503,2142.49789,3524.0,22120,27,77,27605760.0,5611279.296,16673.1031,15940.2323,436.6027,27.3676,0.3138,0.0,82,0.054318,1.05344,0.494908,0.507706,1.060192,0.41014,0.41547,0.319217,0.518252,0.051522,0.200518,0.308384,0.494849,0.430819,0.055959,0.029788,0.006561,0.013334,0.048045,0.005141,0.018069,0.004599,0.008343,0.000107,0.001077,0.002279,0.005398,0.010074,0.000343
22140,715,13052,12337,12335,2,0,0,142,29.098424,0.0,24277.551633,887.088011,2363.813565,2144.732286,3538.02,22140,27,77,27630720.0,5619033.126,16680.8219,15962.5729,437.3477,27.3676,0.3138,0.0,82,0.05035,1.050903,0.494571,0.506097,1.056504,0.410155,0.412888,0.31759,0.51849,0.051612,0.200668,0.308057,0.495055,0.429273,0.055852,0.028601,0.006541,0.012885,0.046819,0.005062,0.017743,0.00432,0.00826,0.000105,0.001085,0.002258,0.005236,0.009588,0.000335
22160,709,13072,12363,12361,2,0,0,150,32.83704,0.0,24346.501927,870.197414,2376.965546,2145.741099,3553.68,22160,27,77,27655680.0,5626786.956,16688.5407,15978.7067,439.3588,27.3676,0.3138,0.0,73,0.046544,1.048174,0.494522,0.504584,1.054873,0.410871,0.410393,0.31634,0.516796,0.051537,0.200413,0.307769,0.495831,0.427976,0.05558,0.027546,0.006269,0.012056,0.045531,0.005113,0.017186,0.004193,0.008227,0.000103,0.001056,0.002164,0.005065,0.009382,0.000332
22180,695,13083,12388,12386,2,0,0,151,33.563789,0.0,24579.901968,855.500268,2390.935942,2146.175453,3621.51,22180,27,77,27680640.0,5634540.5835,16696.2595,15995.1156,440.0079,27.3676,0.3138,0.0,82,0.048921,1.04808,0.494167,0.503994,1.056357,0.410447,0.410891,0.316364,0.517,0.051644,0.200671,0.307437,0.496168,0.42932,0.055696,0.027525,0.006202,0.012364,0.045835,0.005107,0.017434,0.004274,0.008242,0.000104,0.001067,0.002171,0.005119,0.009543,0.000335
22200,703,13105,12402,12400,2,0,0,153,32.465378,0.0,24815.632684,857.734071,2389.800551,2146.358624,3592.51,22200,28,77,27705600.0,5642294.0914,16703.9783,16015.2708,440.6912,27.3676,0.3138,0.0,82,0.049787,1.047931,0.494869,0.505282,1.059987,0.411482,0.413593,0.316871,0.516725,0.051585,0.200592,0.307199,0.496805,0.429559,0.055902,0.028065,0.006319,0.012754,0.049856,0.005206,0.018239,0.004286,0.008057,0.000105,0.001069,0.002243,0.005228,0.009539,0.000345
22220,714,13129,12415,12413,2,0,0,151,31.466336,0.0,24996.367429,865.116579,2383.417085,2146.435189,3546.58,22220,28,77,27730560.0,5650047.4666,16711.6971,16038.7973,441.2559,27.3676,0.3138,0.0,82,0.05042,1.048777,0.494319,0.505998,1.06178,0.411441,0.416436,0.317343,0.515858,0.051713,0.200604,0.307209,0.496526,0.429483,0.055934,0.028827,0.006399,0.012881,0.051077,0.00517,0.019498,0.004289,0.007875,0.000107,0.001089,0.002197,0.005373,0.00988,0.000352
22240,707,13140,12433,12431,2,0,0,158,33.692714,0.0,25139.034331,869.171459,2377.135827,2146.467076,3535.33,22240,28,77,27755520.0,5657801.2966,16719.4159,16065.7521,441.4444,27.3676,0.3138,0.0,82,0.049505,1.048401,0.494161,0.504663,1.062061,0.410684,0.416124,0.317141,0.515748,0.051689,0.2006,0.307093,0.496423,0.429821,0.055851,0.02893,0.006372,0.011797,0.051068,0.005124,0.01974,0.004318,0.007789,0.000108,0.001091,0.002153,0.005273,0.009867,0.000352
22260,710,13154,12444,12442,2,0,0,152,30.529857,0.0,25249.86104,877.494277,2371.975866,2146.480335,3531.11,22260,28,77,27780480.0,5665555.1266,16727.1347,16087.8444,441.9912,27.3676,0.3138,0.0,82,0.050704,1.049611,0.494839,0.504339,1.063149,0.410666,0.414853,0.316876,0.51663,0.05159,0.200489,0.306889,0.496404,0.427541,0.055615,0.028701,0.006386,0.011782,0.051628,0.005074,0.019334,0.004105,0.00791,0.000108,0.001055,0.002123,0.00531,0.009518,0.000354
22280,724,13180,12456,12454,2,0,0,147,31.054818,0.0,25279.227164,883.619309,2365.325873,2146.485844,3476.87,22280,28,77,27805440.0,5673327.3331,16734.8535,16108.5459,442.3477,27.3676,0.3138,0.0,82,0.049724,1.051524,0.494402,0.502531,1.06202,0.409244,0.413157,0.316726,0.516065,0.051503,0.200575,0.307247,0.496961,0.425798,0.055396,0.029026,0.006331,0.011491,0.050999,0.005046,0.018912,0.004028,0.007791,0.000107,0.001052,0.002108,0.005399,0.009408,0.000346
22300,730,13204,12474,12472,2,0,0,148,29.607269,0.0,25244.636522,892.085079,2358.307652,2146.488133,3460.53,22300,28,77,27830400.0,5681111.9392,16742.5723,16138.8635,443.7458,27.3676,0.3138,0.0,82,0.047945,1.05422,0.495782,0.501438,1.065043,0.409747,0.414451,0.317789,0.516988,0.051611,0.200651,0.307277,0.496201,0.428328,0.055617,0.030664,0.006724,0.01135,0.052195,0.005034,0.019443,0.004294,0.008072,0.00011,0.001059,0.002143,0.005307,0.010042,0.000356
22320,723,13215,12492,12490,2,0,0,143,28.098115,0.0,25197.257086,895.23588,2356.666005,2146.489084,3488.24,22320,28,77,27855360.0,5688897.9264,16750.2911,16165.7875,444.3462,27.3676,0.3412,0.0,82,0.048409,1.053469,0.496163,0.501438,1.065418,0.408822,0.414863,0.318397,0.517052,0.051668,0.200909,0.307144,0.496337,0.428567,0.055702,0.030231,0.006764,0.011111,0.051102,0.005054,0.019555,0.004357,0.008249,0.000114,0.001069,0.002148,0.005236,0.010374,0.000355
22340,724,13233,12509,12507,2,0,0,140,28.97356,0.0,25147.241251,893.70587,2357.32057,2146.489479,3488.73,22340,28,77,27880320.0,5696683.8836,16758.0099,16185.2037,445.0107,27.3676,0.3412,0.0,73,0.048343,1.05497,0.495539,0.501098,1.064293,0.408529,0.413585,0.318489,0.517115,0.051742,0.200707,0.30724,0.495274,0.427054,0.055665,0.02993,0.006718,0.010859,0.050572,0.005008,0.019486,0.004547,0.008277,0.000112,0.001079,0.002223,0.005156,0.010224,0.000356
22360,723,13260,12537,12535,2,0,0,144,35.269349,0.0,25091.191834,887.846341,2356.88431,2145.527992,3496.57,22360,28,77,27905280.0,5704474.6796,16766.9558,16213.0074,447.1828,27.3676,0.3412,0.0,82,0.049793,1.05534,0.495254,0.500986,1.064184,0.408279,0.41395,0.318953,0.518216,0.051595,0.200682,0.307696,0.495758,0.427137,0.055333,0.030087,0.00649,0.011082,0.050149,0.005015,0.019708,0.004524,0.008351,0.000104,0.001066,0.002254,0.005221,0.009963,0.000348
22380,726,13282,12556,12554,2,0,0,140,29.267299,0.0,25081.803968,893.029298,2357.703403,2143.988478,3493.75,22380,28,77,27930240.0,5712283.119,16777.6371,16240.8089,448.1518,27.3676,0.3412,0.0,82,0.049587,1.054758,0.4971,0.501047,1.061003,0.407904,0.414251,0.318326,0.51779,0.051374,0.200361,0.308012,0.496122,0.427235,0.055553,0.029858,0.006948,0.011059,0.050985,0.005097,0.019349,0.004467,0.008227,9.8e-05,0.00104,0.002323,0.005122,0.009735,0.000354
22400,719,13296,12577,12575,2,0,0,148,37.968915,0.0,25058.97886,888.794496,2353.236589,2143.172399,3527.97,22400,28,77,27955200.0,5720091.7137,16788.525,16264.0342,448.4284,27.3676,0.3412,0.0,82,0.05146,1.052863,0.496731,0.501005,1.057163,0.40755,0.414832,0.318389,0.51762,0.051348,0.200732,0.308357,0.495757,0.427812,0.055593,0.029187,0.007002,0.011426,0.048697,0.005096,0.019349,0.00452,0.008342,9.8e-05,0.001063,0.002375,0.005037,0.009647,0.000349
22420,720,13310,12590,12588,2,0,0,146,31.028837,0.0,25083.827373,890.607609,2358.363554,2142.784577,3536.22,22420,28,77,27980160.0,5727899.8168,16799.4129,16282.5584,448.9207,27.3676,0.3412,0.0,82,0.05,1.051557,0.495372,0.500381,1.057254,0.40822,0.415775,0.319102,0.517546,0.051433,0.200794,0.309039,0.495122,0.429008,0.055812,0.029362,0.007078,0.011193,0.048737,0.005193,0.019452,0.00482,0.008619,0.000104,0.001061,0.002424,0.00501,0.010042,0.00035
22440,723,13333,12610,12608,2,0,0,149,34.745134,0.0,25106.427178,886.232687,2359.022179,2142.596934,3496.16,22440,28,77,28005120.0,5735708.6368,16810.3008,16304.2589,449.9099,27.3676,0.3412,0.0,82,0.049793,1.050573,0.495376,0.499635,1.056192,0.408058,0.414833,0.318189,0.517805,0.051217,0.201063,0.309219,0.494978,0.428027,0.055802,0.028759,0.007122,0.011167,0.049096,0.005257,0.01895,0.004644,0.008714,0.000101,0.001092,0.00241,0.005125,0.009483,0.000347
22460,716,13346,12630,12628,2,0,0,154,33.559763,0.0,25181.270977,884.144447,2362.29579,2142.505356,3540.97,22460,28,77,28030080.0,5743517.0934,16821.1887,16325.5662,451.8585,27.3676,0.3412,0.0,82,0.053073,1.052228,0.495732,0.501168,1.055379,0.408627,0.416601,0.318577,0.51728,0.051197,0.200245,0.308601,0.495438,0.428742,0.056177,0.028939,0.007273,0.011646,0.049545,0.005329,0.019277,0.004673,0.00865,0.000103,0.00108,0.00237,0.005257,0.009584,0.000364
22480,719,13364,12645,12643,2,0,0,147,33.115787,0.0,25227.367901,886.182389,2360.701824,2142.460474,3541.35,22480,28,77,28055040.0,5751325.9134,16832.0765,16347.5557,452.4655,27.3676,0.3412,0.0,82,0.052851,1.048631,0.494987,0.501403,1.054284,0.409393,0.417013,0.318864,0.518059,0.051257,0.199769,0.308214,0.495218,0.428788,0.056292,0.029102,0.006769,0.011641,0.049718,0.005453,0.019143,0.004698,0.008627,0.000102,0.001072,0.002337,0.00529,0.009511,0.000356
22500,719,13383,12664,12662,2,0,0,146,38.652464,0.0,25242.853758,882.163857,2359.183679,2142.438433,3548.16,22500,28,77,28080000.0,5759134.5834,16842.9644,16368.3506,452.7012,27.3676,0.3412,0.0,82,0.05146,1.046139,0.493935,0.501433,1.05093,0.409665,0.417521,0.318906,0.517445,0.05115,0.200009,0.307846,0.496106,0.427507,0.056356,0.028787,0.006659,0.011532,0.048484,0.005453,0.019292,0.004731,0.00859,9.9e-05,0.001085,0.002248,0.005266,0.009398,0.000348
22520,721,13402,12681,12679,2,0,0,144,32.095878,0.0,25311.198375,881.331029,2366.573093,2142.427597,3523.22,22520,28,77,28104960.0,5766943.4034,16853.8523,16389.4834,453.823,27.3676,0.3412,0.0,82,0.048544,1.04399,0.494637,0.501338,1.051089,0.409917,0.417218,0.318113,0.51708,0.051197,0.200242,0.307788,0.496418,0.427091,0.056386,0.028366,0.007079,0.011366,0.048724,0.005419,0.01929,0.004738,0.008554,0.0001,0.001097,0.002294,0.005227,0.009371,0.000356
22540,725,13418,12693,12691,2,0,0,143,31.346701,0.0,25348.415559,888.185151,2360.468148,2142.422267,3517.41,22540,28,77,28129920.0,5774752.0609,16864.7402,16410.7135,454.1852,27.3676,0.3412,0.0,82,0.046897,1.04531,0.493386,0.501034,1.053792,0.410037,0.416791,0.318501,0.517762,0.051211,0.200068,0.308101,0.495882,0.426655,0.056378,0.028325,0.006974,0.011291,0.049639,0.005291,0.01945,0.004705,0.008629,0.000102,0.001071,0.00223,0.005258,0.009467,0.000353
22560,722,13432,12710,12708,2,0,0,147,32.781887,0.0,25345.216147,889.692231,2357.525882,2142.419645,3534.17,22560,28,77,28154880.0,5782560.8809,16875.6281,16431.2879,454.7084,27.3676,0.3412,0.0,82,0.047091,1.04782,0.493552,0.500434,1.054575,0.410492,0.418269,0.31846,0.517562,0.051213,0.199742,0.308962,0.494812,0.426211,0.056318,0.02831,0.007088,0.01091,0.050384,0.00539,0.01948,0.004881,0.008717,0.000103,0.001065,0.002213,0.005282,0.009457,0.000355
22580,724,13447,12723,12721,2,0,0,144,28.800629,0.0,25355.795324,891.911948,2359.287423,2142.418355,3539.31,22580,28,77,28179840.0,5790369.7009,16886.516,16449.7121,455.1181,27.3676,0.3412,0.0,82,0.048343,1.047714,0.493918,0.501228,1.051384,0.410954,0.417496,0.317506,0.51693,0.051077,0.199605,0.308562,0.494682,0.426193,0.056338,0.02827,0.00705,0.011464,0.049687,0.005341,0.019522,0.004613,0.008667,0.000103,0.001058,0.00219,0.005314,0.009065,0.000358
22600,717,13463,12746,12744,2,0,0,150,34.252547,0.0,25394.647511,880.934006,2364.813447,2142.417721,3567.97,22600,28,77,28204800.0,5798178.1664,16897.4039,16468.1349,456.2953,27.3676,0.3412,0.0,82,0.04742,1.047487,0.493906,0.500921,1.053719,0.410404,0.415687,0.318596,0.516126,0.05114,0.199771,0.308936,0.493945,0.426974,0.056223,0.029158,0.006913,0.010907,0.050023,0.005385,0.018976,0.004674,0.008547,0.000104,0.001065,0.002215,0.005293,0.009143,0.000362
22620,735,13489,12754,12752,2,0,0,136,29.992722,0.0,25407.514946,893.539531,2356.467747,2142.417408,3480.63,22620,28,77,28229760.0,5805996.6419,16908.2918,16491.2203,456.9517,27.3676,0.3412,0.0,73,0.046259,1.047567,0.493212,0.501368,1.054912,0.411276,0.414547,0.318467,0.51649,0.051219,0.200204,0.309141,0.49475,0.426121,0.056024,0.02902,0.006844,0.010731,0.049871,0.005417,0.018724,0.004664,0.008841,0.000103,0.001084,0.002221,0.005228,0.009056,0.00036
22640,735,13506,12771,12769,2,0,0,139,29.705929,0.0,25375.889614,902.001331,2348.292739,2142.417255,3447.92,22640,28,77,28254720.0,5813855.1074,16919.1797,16519.9609,457.5758,27.3676,0.3412,0.0,73,0.044898,1.04728,0.493604,0.502228,1.055877,0.411956,0.413443,0.317989,0.515913,0.05114,0.200674,0.309075,0.495468,0.425869,0.0559,0.029032,0.006832,0.010878,0.050167,0.005492,0.018634,0.004576,0.008662,9.9e-05,0.001113,0.002204,0.005173,0.008814,0.000361
22660,729,13521,12792,12790,2,0,0,144,33.888004,0.0,25338.636992,899.043974,2347.068022,2142.417179,3489.83,22660,28,77,28279680.0,5821717.7503,16930.0675,16541.8599,457.8698,27.3676,0.3625,0.0,73,0.046639,1.049695,0.493792,0.502703,1.058036,0.411671,0.414952,0.317843,0.516628,0.051221,0.200483,0.309125,0.494294,0.42644,0.055896,0.028921,0.006965,0.01091,0.050338,0.005439,0.019077,0.004624,0.008603,0.000101,0.00112,0.002206,0.005178,0.009045,0.000366
22680,731,13539,12808,12806,2,0,0,146,29.028368,0.0,25329.845365,900.140017,2350.831615,2142.417142,3491.17,22680,28,77,28304640.0,5829580.4097,16940.9554,16561.3384,458.2293,27.3676,0.3625,0.0,73,0.04788,1.0509,0.494293,0.50351,1.058788,0.410999,0.414778,0.318466,0.517137,0.051439,0.200568,0.309404,0.494678,0.425935,0.055863,0.028947,0.006892,0.011188,0.05021,0.005275,0.019756,0.004711,0.008581,0.0001,0.001137,0.002236,0.005247,0.00908,0.000364
22700,721,13554,12833,12831,2,0,0,147,32.118314,0.0,25361.737126,889.114663,2358.767023,2142.417123,3527.33,22700,28,77,28329600.0,5837443.3797,16951.8433,16581.994,458.5972,27.3676,0.3625,0.0,73,0.048544,1.050196,0.494093,0.504697,1.057791,0.411875,0.415202,0.319032,0.516223,0.051453,0.20055,0.309331,0.49563,0.426867,0.055823,0.029342,0.00664,0.011355,0.047251,0.005468,0.019923,0.004731,0.008568,0.0001,0.001146,0.002215,0.005234,0.009188,0.000368
22720,724,13569,12845,12843,2,0,0,145,30.628775,0.0,25435.643881,893.153945,2356.217279,2142.417114,3524.74,22720,28,77,28354560.0,5845329.6597,16962.7312,16601.1049,458.8418,27.3676,0.3625,0.0,73,0.051105,1.049664,0.493928,0.504576,1.058798,0.41068,0.41467,0.319136,0.516569,0.051455,0.200446,0.309339,0.496526,0.426957,0.055853,0.029221,0.00661,0.011362,0.047426,0.005461,0.019851,0.004701,0.008666,0.0001,0.001141,0.002181,0.005189,0.009172,0.000363
22740,723,13583,12860,12858,2,0,0,152,29.890308,0.0,25530.176903,893.203384,2356.906308,2142.41711,3535.22,22740,28,77,28379520.0,5853225.0897,16973.6191,16619.5223,458.9158,27.3676,0.3625,0.0,73,0.048409,1.050484,0.494088,0.503841,1.05709,0.409871,0.412981,0.317201,0.515792,0.051326,0.200551,0.309534,0.49637,0.425714,0.055587,0.029273,0.00656,0.011272,0.047457,0.005515,0.019368,0.004433,0.008641,9.7e-05,0.001152,0.002214,0.005239,0.008818,0.000355
22760,731,13604,12873,12871,2,0,0,147,26.618004,0.0,25593.248134,898.285772,2355.096223,2142.417108,3502.89,22760,28,77,28404480.0,5861119.8481,16984.507,16640.6932,459.7676,27.3676,0.3625,0.0,73,0.050616,1.054161,0.495057,0.502901,1.056764,0.409281,0.414507,0.317758,0.51638,0.051358,0.200762,0.310103,0.49513,0.426606,0.055853,0.031026,0.00747,0.011413,0.049564,0.005504,0.020015,0.00456,0.00874,0.000103,0.001167,0.002362,0.005291,0.008902,0.000364
22780,733,13623,12890,12888,2,0,0,150,27.594017,0.0,25625.624662,902.82748,2349.578502,2142.417107,3506.51,22780,28,77,28429440.0,5869017.2113,16995.3949,16666.4271,460.0683,27.3676,0.3625,0.0,82,0.050477,1.054184,0.495423,0.50402,1.057879,0.409228,0.415987,0.318236,0.51694,0.051294,0.200583,0.309453,0.495089,0.427143,0.056225,0.031349,0.007442,0.011812,0.050084,0.005588,0.020736,0.004635,0.008686,0.000102,0.001151,0.002348,0.005293,0.009162,0.000377
22800,727,13641,12914,12912,2,0,0,153,33.254429,0.0,25643.003127,895.602857,2351.142714,2142.417106,3536.8,22800,28,77,28454400.0,5876928.7644,17006.2828,16689.2685,460.7689,27.3676,0.3625,0.0,82,0.048143,1.052777,0.494865,0.50271,1.058143,0.409148,0.416578,0.317901,0.515777,0.051269,0.200539,0.30994,0.494279,0.426686,0.056427,0.031003,0.007482,0.011484,0.050455,0.005597,0.020763,0.004646,0.008443,0.000104,0.001198,0.002373,0.005154,0.009313,0.000377
22820,727,13661,12934,12932,2,0,0,157,32.138841,0.0,25701.142753,896.880906,2350.980252,2142.417106,3545.33,22820,28,77,28479360.0,5884840.4244,17017.1706,16713.1944,461.4693,27.3676,0.3625,0.0,82,0.049519,1.055386,0.494157,0.503443,1.058539,0.407683,0.418076,0.318922,0.516399,0.051305,0.200567,0.309803,0.494408,0.427378,0.056281,0.031046,0.007476,0.011402,0.051043,0.005582,0.02098,0.004658,0.008585,0.000104,0.001219,0.002397,0.005153,0.009428,0.000377
22840,725,13678,12953,12951,2,0,0,157,31.774419,0.0,25753.220106,896.933476,2351.292105,2142.417106,3560.91,22840,28,77,28504320.0,5892751.6845,17028.0585,16736.5787,462.3412,27.3676,0.3625,0.0,73,0.051034,1.055431,0.492785,0.501871,1.057195,0.407119,0.418321,0.319165,0.515771,0.051357,0.200479,0.309915,0.493811,0.427733,0.056291,0.03094,0.007293,0.011314,0.050458,0.005563,0.021078,0.004764,0.008689,0.000106,0.001223,0.002364,0.005195,0.009595,0.000371
22860,739,13707,12968,12966,2,0,0,152,31.260323,0.0,25755.952089,904.871512,2343.868166,2143.769592,3502.07,22860,28,77,28529280.0,5900678.4401,17037.3619,16762.7767,463.3442,27.3676,0.3625,0.0,73,0.048714,1.055947,0.493545,0.501928,1.058434,0.407044,0.420735,0.319671,0.514877,0.05134,0.200964,0.309896,0.493286,0.427569,0.056447,0.03167,0.007551,0.011527,0.049812,0.005472,0.021608,0.004873,0.008617,0.000107,0.001231,0.002353,0.005038,0.00972,0.00037
22880,740,13725,12985,12983,2,0,0,154,32.03726,0.0,25695.374044,913.042639,2334.920101,2145.314569,3488.93,22880,28,77,28554240.0,5908636.7688,17045.0807,16791.6052,464.242,27.3676,0.3625,0.0,73,0.048649,1.057311,0.495553,0.501386,1.061457,0.407194,0.421435,0.319878,0.513746,0.051481,0.200844,0.310322,0.494689,0.428702,0.056459,0.032668,0.007849,0.011459,0.051098,0.005462,0.021197,0.004902,0.008554,0.000108,0.001233,0.002338,0.005132,0.01013,0.000373
22900,736,13741,13005,13003,2,0,0,154,34.75627,0.0,25648.103644,911.024871,2334.218859,2145.993348,3502.33,22900,28,77,28579200.0,5916599.2994,17052.7995,16816.3388,464.6201,27.3676,0.3625,0.0,73,0.047554,1.055639,0.495069,0.503113,1.059946,0.407349,0.42348,0.320711,0.51411,0.051447,0.200449,0.31024,0.494724,0.428648,0.056427,0.032515,0.007717,0.011966,0.051176,0.00535,0.021544,0.004937,0.008603,0.000108,0.001228,0.002347,0.00524,0.009846,0.000375
22920,738,13763,13025,13023,2,0,0,152,32.373124,0.0,25627.580103,909.906127,2337.720748,2146.282105,3498.25,22920,28,77,28604160.0,5924562.1694,17060.5183,16838.4916,466.0363,27.3676,0.3625,0.0,82,0.050136,1.057804,0.494958,0.501768,1.060577,0.406331,0.422656,0.320634,0.514488,0.051403,0.200236,0.3103,0.494431,0.427594,0.056172,0.032859,0.007818,0.011464,0.054187,0.005245,0.021331,0.004929,0.008802,0.000109,0.001184,0.00241,0.005283,0.009867,0.000364
22940,739,13780,13041,13039,2,0,0,152,32.616119,0.0,25580.163426,912.938903,2334.444978,2146.403253,3505.22,22940,28,77,28629120.0,5932525.0394,17068.2371,16862.2645,466.8038,27.3676,0.3625,0.0,73,0.047361,1.055138,0.49525,0.500528,1.063009,0.405563,0.421725,0.320052,0.51541,0.051408,0.200543,0.310239,0.49461,0.426471,0.056156,0.032199,0.007825,0.010945,0.055819,0.005116,0.021098,0.004872,0.008806,0.000107,0.001193,0.002387,0.005236,0.009686,0.000359
22960,735,13799,13064,13062,2,0,0,147,32.112566,0.0,25552.635755,907.558277,2340.329157,2146.453784,3517.61,22960,29,77,28654080.0,5940487.2146,17075.9559,16886.1372,467.2875,27.3676,0.3625,0.0,73,0.053061,1.055591,0.495118,0.500646,1.064527,0.404264,0.423328,0.32111,0.515969,0.051613,0.20051,0.310562,0.494106,0.428087,0.056102,0.032662,0.007962,0.010963,0.056224,0.004987,0.021496,0.0051,0.009069,0.000113,0.001198,0.002394,0.005324,0.010329,0.000361
22980,740,13821,13081,13079,2,0,0,141,30.117951,0.0,25517.783388,912.815305,2337.066745,2146.474809,3503.54,22980,29,77,28679040.0,5948448.9587,17083.6747,16911.7144,468.598,27.3676,0.3625,0.0,73,0.052703,1.057092,0.495382,0.500855,1.066353,0.405801,0.425577,0.322043,0.516564,0.05165,0.20006,0.310211,0.494323,0.429675,0.056592,0.034195,0.007947,0.01112,0.05786,0.005131,0.021964,0.005177,0.009061,0.000116,0.001222,0.002384,0.005303,0.010681,0.000378
23000,740,13839,13099,13097,2,0,0,145,29.937985,0.0,25480.007937,914.204906,2335.857109,2146.483548,3511.82,23000,29,77,28704000.0,5956411.5336,17091.3935,16935.7518,469.5657,27.3676,0.3625,0.0,73,0.052703,1.056978,0.495105,0.500387,1.065876,0.406107,0.423699,0.321726,0.515354,0.051649,0.199785,0.310103,0.495022,0.428708,0.056472,0.03354,0.007879,0.011061,0.057398,0.005102,0.021476,0.005107,0.008856,0.000116,0.001204,0.002386,0.00542,0.010459,0.000378
23020,736,13856,13120,13118,2,0,0,142,28.227174,0.0,25463.504047,909.811722,2341.961104,2146.48718,3525.37,23020,29,77,28728960.0,5964374.2728,17099.1123,16958.9193,471.0835,27.3676,0.3625,0.0,73,0.05163,1.054199,0.493286,0.500843,1.061947,0.405364,0.421846,0.320881,0.515967,0.051564,0.200051,0.309106,0.495762,0.428342,0.056326,0.032505,0.006955,0.010992,0.054854,0.005227,0.020869,0.005044,0.008777,0.000112,0.00123,0.002274,0.005397,0.010058,0.000372
23040,735,13873,13138,13136,2,0,0,138,26.349959,0.0,25467.59012,907.985293,2345.664748,2146.488688,3533.68,23040,29,77,28753920.0,5972336.3015,17106.8311,16979.2102,472.1339,27.3676,0.3625,0.0,73,0.054422,1.054972,0.493099,0.499395,1.064393,0.406783,0.421305,0.321223,0.516799,0.051779,0.199385,0.308944,0.496084,0.429014,0.056164,0.032925,0.006969,0.010618,0.05495,0.005191,0.020917,0.005165,0.008895,0.000116,0.00115,0.002255,0.005419,0.010396,0.000372
23060,738,13888,13150,13148,2,0,0,126,24.963697,0.0,25464.709382,915.789834,2339.246468,2146.489314,3532.17,23060,29,77,28778880.0,5980329.0263,17114.5499,17001.0107,472.6557,27.3676,0.3625,0.0,73,0.052846,1.058495,0.494221,0.499588,1.065971,0.40679,0.421675,0.320518,0.516744,0.051781,0.199617,0.309183,0.496772,0.429084,0.056354,0.034631,0.007231,0.010725,0.055922,0.005178,0.021205,0.005136,0.008778,0.000115,0.001166,0.00226,0.005382,0.010331,0.000381
23080,734,13903,13169,13167,2,0,0,123,22.311226,0.0,25472.208628,912.865802,2344.822972,2146.475484,3553.99,23080,29,77,28803840.0,5988332.6601,17122.283,17021.0845,473.7798,27.3676,0.3625,0.0,73,0.053134,1.056662,0.49357,0.501335,1.063583,0.406556,0.422115,0.321065,0.51675,0.051827,0.199242,0.308371,0.496331,0.430164,0.056562,0.034409,0.007245,0.01117,0.056123,0.0052,0.021334,0.005182,0.00846,0.000117,0.001157,0.002266,0.005377,0.010291,0.000386
23100,734,13921,13187,13185,2,0,0,124,24.800548,0.0,25506.245728,908.560784,2346.638667,2145.48018,3557.98,23100,29,77,28828800.0,5996336.1793,17131.318,17039.9244,474.0369,27.3676,0.3625,0.0,73,0.053134,1.056346,0.49295,0.50163,1.064138,0.406686,0.421638,0.32155,0.516927,0.051738,0.199374,0.30824,0.496243,0.430119,0.05642,0.033812,0.00723,0.011558,0.055537,0.005157,0.021607,0.005325,0.008451,0.000114,0.001151,0.002266,0.005388,0.009998,0.000386
23120,734,13938,13204,13202,2,0,0,123,23.480995,0.0,25545.184293,907.18697,2349.332035,2143.940111,3561.68,23120,29,77,28853760.0,6004339.9093,17141.9835,17060.4211,474.4491,27.3676,0.3625,0.0,73,0.051771,1.055068,0.493549,0.501933,1.064945,0.40685,0.423437,0.320811,0.516927,0.051724,0.199344,0.308322,0.496933,0.429908,0.056563,0.033688,0.007202,0.012211,0.054897,0.005163,0.022148,0.00524,0.008351,0.000114,0.001169,0.002271,0.005444,0.009887,0.000389
23140,739,13957,13218,13216,2,0,0,118,23.885963,0.0,25598.916154,909.759996,2346.354041,2142.640937,3547.01,23140,29,77,28878720.0,6012356.8963,17153.5782,17080.7866,475.079,27.3676,0.3625,0.0,73,0.051421,1.055871,0.494764,0.501813,1.065904,0.407853,0.423722,0.32036,0.51582,0.051614,0.199361,0.308964,0.497387,0.429443,0.056627,0.033478,0.007417,0.012247,0.053901,0.005237,0.021895,0.005275,0.008247,0.000114,0.001191,0.002277,0.005443,0.009832,0.000396
23160,735,13970,13235,13233,2,0,0,116,27.34491,0.0,25664.286554,909.948886,2342.706204,2142.010879,3579.83,23160,29,77,28903680.0,6020394.3463,17165.1733,17102.106,475.5808,27.3676,0.3625,0.0,73,0.05034,1.054924,0.494719,0.501621,1.066816,0.407372,0.42373,0.319735,0.515673,0.051543,0.199776,0.30887,0.497826,0.428799,0.056644,0.033567,0.007436,0.012389,0.053863,0.005232,0.021711,0.00519,0.008255,0.000112,0.001187,0.002286,0.005344,0.009726,0.000392
23180,739,13990,13251,13249,2,0,0,121,27.678777,0.0,25694.801185,913.32165,2338.999573,2141.696405,3568.92,23180,29,77,28928640.0,6028431.4123,17176.7684,17125.2797,475.8658,27.3676,0.3625,0.0,82,0.050068,1.056454,0.493735,0.501693,1.066695,0.407743,0.423159,0.320459,0.516369,0.051475,0.199416,0.308923,0.498317,0.427731,0.056488,0.033369,0.007087,0.012427,0.049895,0.005149,0.02174,0.005173,0.008223,0.000113,0.001176,0.002183,0.005366,0.009664,0.000397
23200,742,14016,13274,13272,2,0,0,131,30.23709,0.0,25721.057764,910.127007,2339.635903,2141.537177,3549.45,23200,29,77,28953600.0,6036467.6994,17188.3635,17151.4047,476.9158,27.3676,0.3625,0.0,82,0.048518,1.056286,0.493378,0.501622,1.06279,0.408215,0.422748,0.320193,0.517635,0.051484,0.199506,0.308508,0.497186,0.427113,0.056397,0.033058,0.007191,0.012467,0.049245,0.005107,0.021924,0.005106,0.008493,0.000112,0.001179,0.002139,0.005292,0.009544,0.000392
23220,741,14036,13295,13293,2,0,0,138,31.140651,0.0,25718.273428,913.990902,2334.868447,2141.455969,3563.62,23220,29,77,28978560.0,6044505.1494,17199.9586,17179.9683,478.7408,27.3676,0.3625,0.0,73,0.045884,1.056109,0.493893,0.500652,1.062999,0.407772,0.422302,0.31952,0.516619,0.051504,0.199507,0.309069,0.496141,0.4266,0.056305,0.03291,0.007769,0.011891,0.049667,0.004963,0.02162,0.005077,0.008475,0.000112,0.001182,0.002123,0.005253,0.009433,0.000391
23240,739,14055,13316,13314,2,0,0,143,31.606208,0.0,25739.177344,914.491663,2333.902128,2141.4144,3576.18,23240,29,77,29003520.0,6052555.6239,17211.5537,17205.8883,480.1109,27.3676,0.3625,0.0,73,0.047361,1.056701,0.493733,0.501654,1.061836,0.407557,0.422927,0.320292,0.517818,0.051584,0.199557,0.309909,0.496392,0.426179,0.056148,0.032497,0.007469,0.012715,0.049689,0.004868,0.021697,0.005079,0.008783,0.00011,0.001155,0.002083,0.005228,0.009434,0.00038
23260,739,14071,13332,13330,2,0,0,141,34.813806,0.0,25754.207329,915.819429,2329.366765,2141.393081,3590.04,23260,29,77,29028480.0,6060606.7839,17223.1487,17228.6482,480.6733,27.3676,0.3625,0.0,82,0.047361,1.055703,0.493656,0.502512,1.060977,0.407999,0.421294,0.319169,0.516673,0.051522,0.199908,0.309255,0.49658,0.426058,0.056064,0.032041,0.007423,0.012688,0.049178,0.004973,0.021518,0.004792,0.008726,0.00011,0.001152,0.002068,0.005281,0.009306,0.000382
23280,735,14088,13353,13351,2,0,0,136,30.919261,0.0,25817.051567,910.112362,2338.968377,2141.382137,3610.89,23280,29,77,29053440.0,6068657.9439,17234.7438,17248.0943,481.7353,27.3676,0.3625,0.0,73,0.044898,1.056765,0.494181,0.501486,1.060123,0.407518,0.421783,0.319414,0.516291,0.051606,0.199811,0.310185,0.496896,0.424756,0.055944,0.031913,0.00747,0.012229,0.048713,0.00496,0.02159,0.00479,0.008876,0.000111,0.001159,0.002064,0.005345,0.009285,0.000374
23300,736,14105,13369,13367,2,0,0,132,29.666871,0.0,25900.078599,910.441759,2339.89137,2141.376516,3615.29,23300,29,77,29078400.0,6076708.7089,17246.3389,17269.4076,482.1774,27.3676,0.3625,0.0,73,0.044837,1.05369,0.494379,0.501591,1.057077,0.407207,0.421914,0.31901,0.516345,0.051522,0.200607,0.310252,0.496881,0.424436,0.055856,0.031993,0.007477,0.012146,0.048614,0.005002,0.02186,0.004816,0.008947,0.000106,0.00121,0.00211,0.005367,0.009048,0.000371
23320,736,14123,13387,13385,2,0,0,137,30.784062,0.0,25974.467093,911.519067,2337.69687,2141.373628,3607.28,23320,29,77,29103360.0,6084759.791,17257.934,17293.1525,482.9529,27.3676,0.3625,0.0,73,0.046196,1.05346,0.494146,0.502363,1.057363,0.407461,0.422363,0.320058,0.516196,0.051496,0.201102,0.310204,0.496856,0.424633,0.056171,0.032064,0.007479,0.012566,0.044541,0.005044,0.022034,0.004979,0.00897,0.000107,0.001256,0.002067,0.005473,0.008899,0.000379
23340,748,14152,13404,13402,2,0,0,141,30.358191,0.0,26012.262896,911.839586,2337.802223,2141.372144,3560.51,23340,29,77,29128320.0,6092810.3406,17269.5291,17314.4512,483.4373,27.3676,0.3625,0.0,73,0.048128,1.055128,0.493764,0.499867,1.055967,0.407232,0.421046,0.321016,0.515933,0.051538,0.201071,0.310703,0.497114,0.424274,0.056195,0.033179,0.007619,0.011979,0.04432,0.005062,0.021651,0.005116,0.009176,0.000109,0.00128,0.002113,0.005464,0.009207,0.000385
23360,741,14169,13428,13426,2,0,0,141,30.67692,0.0,26072.973184,912.323019,2337.000061,2141.371382,3597.99,23360,30,77,29153280.0,6100861.1415,17281.1242,17345.3599,484.2194,27.3676,0.3625,0.0,73,0.044534,1.054515,0.493621,0.50065,1.053561,0.40787,0.422658,0.321244,0.515598,0.05143,0.200603,0.310323,0.49672,0.423587,0.056035,0.033396,0.007488,0.012508,0.043929,0.005196,0.022524,0.005173,0.009141,0.000105,0.001225,0.002143,0.005561,0.009187,0.000377
23380,741,14184,13443,13441,2,0,0,134,29.178386,0.0,26081.207555,919.981111,2330.840503,2141.37099,3614.13,23380,30,77,29178240.0,6108912.3015,17292.7193,17371.3572,484.7832,27.3676,0.3625,0.0,73,0.044534,1.055997,0.493559,0.501586,1.055177,0.407425,0.424599,0.321626,0.514378,0.051357,0.200574,0.310247,0.496959,0.423593,0.056065,0.033853,0.007584,0.012551,0.044789,0.005213,0.02285,0.005276,0.008983,0.000105,0.001251,0.002157,0.005631,0.009152,0.000378
23400,745,14206,13461,13459,2,0,0,141,30.364681,0.0,26062.850254,922.247823,2327.387496,2141.370789,3607.12,23400,30,77,29203200.0,6116962.3742,17304.3143,17396.4837,485.1469,27.3676,0.3625,0.0,73,0.048322,1.055966,0.492759,0.502266,1.059397,0.406995,0.425977,0.322457,0.514765,0.051516,0.200551,0.310467,0.496175,0.425464,0.056246,0.034457,0.007662,0.012584,0.046726,0.005312,0.023411,0.005322,0.009037,0.000111,0.001263,0.002157,0.005684,0.009689,0.000382
23420,755,14233,13478,13476,2,0,0,142,30.172359,0.0,25995.675684,926.586353,2323.241288,2141.370686,3557.84,23420,30,77,29228160.0,6125012.9811,17315.9094,17422.2607,485.6182,27.3676,0.3625,0.0,73,0.047682,1.053062,0.491398,0.501925,1.059377,0.407218,0.42555,0.323114,0.514944,0.051424,0.200484,0.310741,0.494656,0.423608,0.056199,0.033749,0.00729,0.012256,0.045036,0.005342,0.022999,0.005262,0.009134,0.000111,0.001265,0.002153,0.005734,0.009451,0.000374
23440,750,14252,13502,13500,2,0,0,149,33.726031,0.0,25891.649134,923.847845,2322.426123,2141.370632,3572.27,23440,30,77,29253120.0,6133061.6211,17327.5045,17449.494,485.809,27.3676,0.3625,0.0,73,0.048,1.054502,0.491572,0.501223,1.058497,0.407427,0.423899,0.322669,0.51454,0.051478,0.200182,0.310152,0.495063,0.423676,0.056322,0.033648,0.00714,0.0121,0.045378,0.005304,0.022762,0.005265,0.009303,0.000112,0.001251,0.002129,0.005642,0.009405,0.000371
23460,744,14267,13523,13521,2,0,0,152,35.313722,0.0,25839.90103,921.588488,2323.09779,2141.370605,3615.89,23460,30,77,29278080.0,6141110.2611,17339.0996,17473.0111,486.3712,27.3676,0.3625,0.0,73,0.048387,1.054199,0.492347,0.500948,1.058629,0.405957,0.425362,0.322393,0.516632,0.051369,0.200487,0.309595,0.494865,0.424701,0.056227,0.033999,0.006987,0.012096,0.046524,0.005279,0.02291,0.005273,0.009287,0.00011,0.001259,0.002148,0.005613,0.00939,0.00037
23480,753,14291,13538,13536,2,0,0,147,30.680773,0.0,25766.771845,925.341386,2323.97784,2142.440536,3576.66,23480,30,77,29303040.0,6149157.9268,17349.5318,17497.1288,487.5618,27.3676,0.3625,0.0,73,0.051793,1.053141,0.492104,0.50151,1.059263,0.406568,0.425534,0.322345,0.516065,0.051597,0.200335,0.309692,0.494427,0.424513,0.056574,0.03344,0.007139,0.012353,0.046846,0.005514,0.022677,0.005312,0.009347,0.00012,0.001276,0.002164,0.005747,0.009397,0.000378
23500,743,14305,13562,13560,2,0,0,155,37.663821,0.0,25697.479879,917.698239,2324.637939,2144.705503,3609.14,23500,30,77,29328000.0,6157206.5668,17357.2506,17520.4639,488.0168,27.3676,0.3625,0.0,73,0.048452,1.051882,0.491708,0.502773,1.057461,0.407049,0.42495,0.322038,0.515565,0.051593,0.200133,0.308325,0.494821,0.424163,0.056545,0.03323,0.006366,0.012377,0.046623,0.005599,0.022614,0.00514,0.008979,0.000117,0.001292,0.002148,0.005705,0.009203,0.000372
23520,741,14323,13582,13580,2,0,0,150,32.119868,0.0,25713.86016,914.905745,2332.974387,2145.729394,3611.59,23520,30,77,29352960.0,6165254.9527,17364.9694,17542.2927,489.1084,27.3676,0.3625,0.0,73,0.051282,1.051416,0.490949,0.501857,1.058401,0.406385,0.424346,0.32178,0.51637,0.051498,0.20008,0.30812,0.493396,0.424889,0.056347,0.03256,0.00636,0.012281,0.045568,0.005553,0.022373,0.005074,0.009094,0.000117,0.001278,0.00214,0.005608,0.009044,0.000369
23540,741,14336,13595,13593,2,0,0,146,30.161573,0.0,25748.297424,917.311327,2332.5271,2146.170485,3622.6,23540,30,77,29377920.0,6173303.5927,17372.6882,17561.1244,489.351,27.3676,0.3625,0.0,73,0.051282,1.051606,0.49035,0.501371,1.058777,0.405876,0.425211,0.321595,0.51665,0.051599,0.200118,0.308216,0.494103,0.424963,0.056409,0.032509,0.006432,0.011878,0.045543,0.005466,0.022524,0.005074,0.009035,0.000118,0.001282,0.00214,0.005643,0.009032,0.00037
23560,746,14357,13611,13609,2,0,0,144,28.08884,0.0,25749.48728,916.918549,2334.992611,2146.356541,3607.22,23560,30,77,29402880.0,6181352.2327,17380.407,17581.3047,489.3864,27.3676,0.3625,0.0,73,0.050938,1.051288,0.489956,0.500517,1.058781,0.406019,0.426947,0.321674,0.516685,0.051527,0.199658,0.308457,0.493501,0.425264,0.056463,0.032585,0.006523,0.012116,0.045866,0.005487,0.023247,0.005093,0.00892,0.000118,0.001262,0.002167,0.005527,0.009019,0.000368
23580,760,14384,13624,13622,2,0,0,143,26.90999,0.0,25670.127899,928.052965,2325.037045,2146.434321,3551.06,23580,30,77,29427840.0,6189400.3148,17388.1258,17607.493,490.6197,27.3676,0.3625,0.0,73,0.05,1.052355,0.490478,0.501294,1.057831,0.40694,0.427375,0.320473,0.515672,0.051517,0.199652,0.30891,0.493793,0.424638,0.056582,0.032233,0.006538,0.012302,0.045852,0.005426,0.023452,0.005073,0.008882,0.000115,0.001236,0.002203,0.005673,0.008991,0.000381
23600,751,14394,13643,13641,2,0,0,137,27.059457,0.0,25571.661897,930.269938,2322.670605,2146.466715,3601.22,23600,30,77,29452800.0,6197448.9548,17395.8446,17632.4856,491.1963,27.3676,0.3625,0.0,73,0.051931,1.052588,0.49086,0.503686,1.05908,0.406717,0.42726,0.320624,0.516166,0.051584,0.199717,0.309237,0.494881,0.425312,0.056754,0.03206,0.006573,0.012741,0.047198,0.00548,0.02373,0.00516,0.008991,0.000115,0.001252,0.002213,0.005707,0.009069,0.00039
23620,746,14412,13666,13664,2,0,0,139,33.064935,0.0,25463.547946,922.382676,2324.552389,2146.480184,3632.68,23620,30,77,29477760.0,6205497.5948,17403.5634,17652.9686,491.681,27.3676,0.3625,0.0,73,0.052279,1.053053,0.490294,0.503711,1.062669,0.407525,0.427814,0.320808,0.516029,0.051569,0.199485,0.30985,0.495214,0.424799,0.056641,0.03253,0.006312,0.01243,0.046693,0.005526,0.023702,0.005151,0.008987,0.000115,0.00125,0.002208,0.005673,0.009036,0.000387
23640,747,14427,13680,13678,2,0,0,132,24.249533,0.0,25437.782338,925.894809,2329.855658,2146.485782,3637.47,23640,30,77,29502720.0,6213546.2348,17411.2822,17670.7484,493.9316,27.3676,0.3625,0.0,73,0.053548,1.053414,0.491022,0.504264,1.063392,0.407194,0.428353,0.32174,0.516332,0.051569,0.199784,0.309655,0.495195,0.425403,0.056612,0.032212,0.006464,0.012602,0.046973,0.005422,0.023929,0.00529,0.009102,0.000116,0.001237,0.002221,0.00561,0.009024,0.000389
23660,742,14445,13703,13701,2,0,0,136,28.22519,0.0,25410.829426,916.754826,2335.019983,2146.488107,3668.0,23660,30,77,29527680.0,6221594.545,17419.001,17690.4191,494.6002,27.3676,0.3625,0.0,73,0.051213,1.05567,0.492615,0.504533,1.063931,0.40642,0.427572,0.320828,0.516491,0.051512,0.199993,0.309995,0.49478,0.425149,0.05648,0.032491,0.006678,0.012432,0.047116,0.005409,0.023805,0.005208,0.009197,0.00011,0.001227,0.002263,0.005673,0.008986,0.000401
23680,752,14466,13714,13712,2,0,0,133,24.861897,0.0,25376.344728,926.216785,2328.921319,2146.489073,3634.94,23680,30,77,29552640.0,6229642.6922,17426.7198,17714.0266,494.7563,27.3676,0.3625,0.0,73,0.050532,1.056716,0.493343,0.503511,1.064861,0.406205,0.426829,0.320531,0.517402,0.051493,0.200242,0.31007,0.494697,0.426126,0.05647,0.032482,0.006737,0.012138,0.046846,0.005321,0.023554,0.005225,0.009365,0.000109,0.001224,0.002289,0.005533,0.009233,0.000426
23700,751,14487,13736,13734,2,0,0,139,30.772643,0.0,25264.448164,926.475486,2322.751871,2146.489475,3624.38,23700,30,77,29577600.0,6237691.3322,17434.4386,17742.6152,495.6806,27.3676,0.3625,0.0,73,0.047936,1.055385,0.493596,0.501941,1.063104,0.405853,0.426288,0.320275,0.515439,0.051474,0.199877,0.310807,0.495674,0.42532,0.056526,0.032763,0.006799,0.01198,0.046453,0.005204,0.022969,0.005133,0.00931,0.000109,0.001197,0.002257,0.005748,0.009084,0.000426
23720,743,14507,13764,13762,2,0,0,138,31.14455,0.0,25204.207141,914.664813,2334.190637,2146.461723,3666.08,23720,30,77,29602560.0,6245739.6891,17442.1858,17766.755,497.62,27.3676,0.3625,0.0,73,0.047106,1.05148,0.493963,0.501707,1.059645,0.405764,0.426449,0.320726,0.516749,0.051551,0.199958,0.310681,0.495824,0.423857,0.056576,0.031292,0.006789,0.012072,0.046398,0.005138,0.023775,0.005333,0.009422,0.000107,0.001182,0.002191,0.005807,0.008955,0.000413
23740,736,14522,13786,13784,2,0,0,144,33.056019,0.0,25220.042969,910.73251,2336.211472,2145.276543,3699.54,23740,30,77,29627520.0,6253770.4191,17451.4987,17789.5076,498.5897,27.3676,0.3625,0.0,73,0.046196,1.052113,0.493529,0.502167,1.060024,0.405671,0.42577,0.320196,0.516353,0.051462,0.200021,0.310991,0.496277,0.423717,0.05646,0.031635,0.006578,0.012051,0.04685,0.005088,0.023582,0.005307,0.009427,9.9e-05,0.001198,0.002181,0.00585,0.008968,0.000414
23760,739,14540,13801,13799,2,0,0,138,30.86277,0.0,25259.629775,911.514888,2337.622343,2143.731835,3693.87,23760,30,77,29652480.0,6261801.1491,17462.3886,17808.7921,498.8704,27.3676,0.3625,0.0,73,0.046008,1.052097,0.493218,0.501143,1.057464,0.405655,0.425349,0.320158,0.51613,0.051449,0.200644,0.310717,0.49675,0.422503,0.056313,0.031033,0.006477,0.012167,0.04681,0.005113,0.023184,0.005278,0.009367,9.9e-05,0.001198,0.00219,0.005789,0.008755,0.000412
23780,740,14560,13820,13818,2,0,0,138,28.624671,0.0,25305.532853,911.265242,2340.110087,2142.922812,3695.91,23780,30,77,29677440.0,6269831.2139,17473.4553,17831.2842,499.8453,27.3676,0.3625,0.0,82,0.047297,1.053824,0.493177,0.503366,1.056677,0.405946,0.427177,0.321053,0.516299,0.051327,0.200767,0.310732,0.495973,0.423059,0.056326,0.031644,0.006605,0.012596,0.047845,0.005185,0.023678,0.005421,0.009435,9.9e-05,0.001208,0.002213,0.005949,0.008969,0.000414
23800,740,14577,13837,13835,2,0,0,138,30.078185,0.0,25339.094751,912.519793,2337.402021,2142.534318,3697.3,23800,31,77,29702400.0,6277864.9454,17484.522,17854.162,500.3949,27.3676,0.3625,0.0,82,0.044595,1.050755,0.49295,0.502735,1.056661,0.406639,0.428099,0.320702,0.515687,0.051411,0.201089,0.31035,0.496192,0.422665,0.056722,0.031613,0.0069,0.012697,0.047957,0.005383,0.0239,0.005449,0.009285,0.000103,0.001268,0.002242,0.005966,0.009083,0.000416
23820,728,14587,13859,13857,2,0,0,142,32.620328,0.0,25438.002518,902.705306,2344.674366,2142.344387,3769.93,23820,32,77,29727360.0,6285914.6701,17495.5887,17872.7859,500.8286,27.3676,0.3625,0.0,73,0.048077,1.052246,0.492284,0.503253,1.054344,0.406959,0.430176,0.32194,0.516086,0.051366,0.201128,0.310327,0.49669,0.423879,0.056602,0.032952,0.006822,0.012743,0.047599,0.005422,0.024735,0.00586,0.009283,0.000102,0.001276,0.00229,0.005951,0.00951,0.000405
23840,729,14604,13875,13873,2,0,0,139,31.187992,0.0,25604.560115,901.042928,2347.769081,2142.250718,3771.99,23840,32,77,29752320.0,6293965.4101,17506.6554,17891.7022,501.1006,27.3676,0.3625,0.0,73,0.048011,1.051404,0.491335,0.504338,1.056785,0.407794,0.430638,0.322993,0.515222,0.051358,0.200492,0.310413,0.496982,0.424571,0.056512,0.032753,0.006518,0.012952,0.048529,0.005537,0.025181,0.005851,0.009068,0.000101,0.00127,0.002258,0.006084,0.009361,0.000401
23860,732,14624,13892,13890,2,0,0,144,32.298844,0.0,25740.783696,898.895166,2348.80599,2142.204324,3766.55,23860,32,77,29777280.0,6302015.6326,17517.722,17912.4036,501.357,27.3676,0.3975,0.0,73,0.047814,1.048948,0.490303,0.504013,1.054163,0.407536,0.431902,0.323802,0.515322,0.051319,0.200456,0.30957,0.496207,0.425196,0.056569,0.032345,0.006364,0.012922,0.047125,0.005485,0.025567,0.005815,0.00877,0.000107,0.001274,0.002193,0.006113,0.009403,0.000398
23880,728,14638,13910,13908,2,0,0,141,30.521169,0.0,25898.857393,900.00754,2349.471291,2142.181297,3778.26,23880,32,77,29802240.0,6310056.6865,17528.7887,17935.318,501.7091,27.3676,0.3975,0.0,82,0.049451,1.051529,0.489322,0.503955,1.053634,0.407409,0.431376,0.323991,0.515431,0.051182,0.200625,0.31005,0.494772,0.426177,0.056328,0.033071,0.006123,0.012383,0.046486,0.005556,0.025045,0.005726,0.008649,0.000101,0.001253,0.002219,0.006018,0.009495,0.000397
23900,737,14661,13924,13922,2,0,0,142,28.744369,0.0,26043.895819,902.96914,2348.286491,2142.169856,3736.94,23900,32,77,29827200.0,6318096.9464,17539.8554,17955.0334,501.7621,27.3676,0.3975,0.0,73,0.048847,1.051366,0.49019,0.503391,1.054014,0.407499,0.430446,0.323375,0.514935,0.051324,0.2012,0.309822,0.495206,0.426562,0.05642,0.032869,0.006481,0.012221,0.046144,0.005572,0.025071,0.005817,0.008685,0.000109,0.001318,0.002189,0.006029,0.009493,0.000394
23920,735,14680,13945,13943,2,0,0,143,29.837235,0.0,26138.304718,900.261158,2349.901607,2142.164168,3735.51,23920,32,77,29852160.0,6326136.5852,17550.9221,17977.947,502.7155,27.3676,0.3975,0.0,73,0.051701,1.050505,0.488977,0.502606,1.054603,0.406644,0.431874,0.323849,0.51443,0.051318,0.201395,0.310213,0.494228,0.427438,0.056579,0.033281,0.006618,0.012308,0.046849,0.005589,0.025752,0.005896,0.008691,0.000109,0.001366,0.002237,0.006103,0.009771,0.000396
23940,739,14698,13959,13957,2,0,0,146,31.080498,0.0,26222.670403,906.266285,2342.653217,2142.16134,3726.96,23940,32,77,29877120.0,6334176.8483,17561.9888,18002.8391,503.2248,27.3676,0.3975,0.0,73,0.050068,1.047088,0.488529,0.502954,1.054829,0.407935,0.431165,0.323108,0.514608,0.051312,0.201528,0.309681,0.49494,0.427357,0.056883,0.032912,0.006447,0.012282,0.046689,0.005667,0.02541,0.005631,0.008682,0.000111,0.001371,0.002218,0.006232,0.009612,0.000413
23960,745,14718,13973,13971,2,0,0,149,32.772528,0.0,26220.409816,915.742018,2331.485454,2142.159933,3706.35,23960,32,77,29902080.0,6342217.077,17573.0555,18028.2877,503.777,27.3676,0.3975,0.0,73,0.052349,1.048694,0.488544,0.501485,1.057138,0.407341,0.431626,0.322992,0.516195,0.05139,0.201255,0.310117,0.494739,0.426759,0.056627,0.032487,0.006507,0.012145,0.047308,0.005486,0.025638,0.005607,0.008812,0.000113,0.001334,0.002221,0.006228,0.009818,0.000413
23980,758,14742,13984,13982,2,0,0,146,30.778265,0.0,26122.930712,928.749016,2320.472719,2142.159234,3658.39,23980,32,77,29927040.0,6350257.0675,17584.1222,18054.1197,504.7616,27.3676,0.3975,0.0,73,0.05277,1.049942,0.488553,0.502046,1.0545,0.407481,0.433028,0.323855,0.517092,0.051535,0.200888,0.30972,0.495103,0.426941,0.056543,0.032906,0.006513,0.012405,0.044967,0.005595,0.026531,0.005649,0.008937,0.000115,0.001317,0.002244,0.006229,0.009869,0.000407
24000,753,14756,14003,14001,2,0,0,149,33.171919,0.0,25967.36466,930.776446,2316.051635,2142.158886,3692.87,24000,32,77,29952000.0,6358297.1025,17595.1889,18079.7325,505.2176,27.3676,0.3975,0.0,73,0.051793,1.050335,0.488501,0.502529,1.052535,0.407765,0.432485,0.323682,0.517218,0.051502,0.200593,0.309391,0.495491,0.426471,0.056668,0.033056,0.006498,0.012457,0.044474,0.005582,0.02661,0.005609,0.008971,0.000115,0.001302,0.002248,0.00618,0.010164,0.000408
24020,757,14779,14022,14020,2,0,0,150,33.041479,0.0,25815.020901,929.644034,2317.314487,2142.158713,3682.79,24020,32,77,29976960.0,6366337.1879,17606.2556,18101.857,505.8474,27.3676,0.3975,0.0,73,0.05284,1.048795,0.487588,0.501877,1.054283,0.407713,0.432969,0.323921,0.517054,0.051538,0.200344,0.309027,0.495345,0.426798,0.056759,0.032784,0.006533,0.012396,0.0446,0.005531,0.027134,0.005653,0.008861,0.000115,0.001308,0.002235,0.00616,0.01034,0.000409
24040,755,14794,14039,14037,2,0,0,148,28.765417,0.0,25714.579129,929.834757,2321.399826,2142.158627,3691.46,24040,31,77,30001920.0,6374377.4501,17617.3222,18123.13,506.1403,27.3676,0.3975,0.0,73,0.049007,1.048851,0.489107,0.501157,1.052115,0.407599,0.429883,0.322475,0.516922,0.05146,0.20026,0.309039,0.49488,0.42553,0.056687,0.032711,0.006413,0.012115,0.044017,0.005452,0.026055,0.00536,0.008891,0.000113,0.001301,0.002272,0.005966,0.009952,0.000409
24060,768,14818,14050,14048,2,0,0,143,27.232378,0.0,25531.515341,939.313143,2313.454479,2142.158584,3628.82,24060,31,77,30026880.0,6382417.4942,17628.3889,18147.0682,506.7089,27.3676,0.3975,0.0,82,0.049479,1.052397,0.4895,0.502349,1.054517,0.408387,0.431449,0.322231,0.516006,0.051459,0.200417,0.30939,0.495485,0.424607,0.05633,0.033358,0.006447,0.012252,0.045674,0.00558,0.026629,0.005321,0.009017,0.000112,0.001304,0.002358,0.005973,0.009582,0.000394
24080,756,14839,14083,14081,2,0,0,150,33.324782,0.0,25359.086703,924.642667,2322.032552,2142.158562,3683.97,24080,31,77,30051840.0,6390457.8842,17639.4556,18172.6782,508.1062,27.3676,0.3975,0.0,73,0.047619,1.050316,0.490341,0.502482,1.056495,0.408718,0.430146,0.321674,0.515319,0.051424,0.200231,0.310086,0.494656,0.424501,0.056155,0.033032,0.0065,0.011728,0.047066,0.005484,0.026045,0.005207,0.009084,0.000106,0.001249,0.002398,0.00579,0.009491,0.000391
24100,750,14856,14106,14104,2,0,0,154,33.000341,0.0,25270.266555,919.842182,2327.157477,2143.926012,3709.0,24100,31,77,30076800.0,6398498.2742,17648.3462,18197.4683,509.1308,27.3676,0.3975,0.0,73,0.048,1.048262,0.48981,0.503321,1.059899,0.408718,0.430935,0.322378,0.515776,0.051529,0.20012,0.309303,0.495387,0.424505,0.056218,0.033022,0.006587,0.011633,0.049062,0.00545,0.026399,0.00528,0.00911,0.000106,0.001277,0.002396,0.005895,0.009345,0.000392
24120,737,14870,14133,14131,2,0,0,149,29.292345,0.0,25307.878144,908.832574,2341.875081,2145.384692,3755.4,24120,31,77,30101760.0,6406538.4284,17656.065,18219.447,509.9187,27.3676,0.3975,0.0,73,0.050204,1.049053,0.488471,0.504433,1.061125,0.408395,0.432568,0.322283,0.515502,0.051501,0.199987,0.309116,0.495087,0.425318,0.056463,0.033015,0.006804,0.011783,0.049477,0.005528,0.027235,0.005445,0.009166,0.000105,0.001271,0.002392,0.006028,0.009608,0.000406
24140,738,14888,14150,14148,2,0,0,148,32.787815,0.0,25361.42919,908.025773,2339.186412,2146.02344,3741.14,24140,31,77,30126720.0,6414578.8184,17663.7838,18240.0597,510.0297,27.3676,0.3975,0.0,73,0.050136,1.047382,0.489335,0.504463,1.063151,0.408974,0.431859,0.32162,0.5148,0.051541,0.200077,0.30924,0.494638,0.42466,0.056478,0.03291,0.006818,0.011776,0.049495,0.005583,0.027176,0.005417,0.009179,0.000105,0.001283,0.00239,0.006048,0.009443,0.000406
24160,733,14903,14170,14168,2,0,0,152,32.770422,0.0,25475.376584,901.774481,2345.455097,2146.294777,3749.48,24160,31,77,30151680.0,6422619.2084,17671.5026,18257.5634,510.8959,27.3676,0.3975,0.0,73,0.051842,1.048759,0.489288,0.504419,1.065092,0.409302,0.433788,0.321761,0.514867,0.051544,0.20019,0.309314,0.496429,0.424659,0.056582,0.032641,0.007009,0.011805,0.050589,0.005667,0.027254,0.005449,0.009265,0.000106,0.001278,0.002403,0.006236,0.009362,0.000411
24180,731,14924,14193,14191,2,0,0,158,35.422212,0.0,25641.85801,892.411989,2352.165799,2146.408547,3741.97,24180,31,77,30176640.0,6430668.2989,17679.2214,18278.3165,511.4507,27.3676,0.3975,0.0,73,0.049248,1.0478,0.490093,0.5035,1.066334,0.408107,0.433808,0.321888,0.514857,0.051467,0.200068,0.309424,0.496245,0.425502,0.056607,0.033034,0.006948,0.011667,0.049669,0.005671,0.026689,0.005462,0.009337,0.000102,0.001308,0.002418,0.006291,0.009542,0.000421
24200,728,14939,14211,14209,2,0,0,163,37.175299,0.0,25816.481094,895.746466,2347.078235,2146.455988,3754.59,24200,31,77,30201600.0,6438728.092,17686.9402,18302.1754,511.8401,27.3676,0.3975,0.0,73,0.052198,1.050513,0.489707,0.503403,1.06616,0.407782,0.433703,0.322614,0.513756,0.051472,0.199707,0.310222,0.496996,0.425878,0.056673,0.032941,0.007007,0.011646,0.05088,0.005522,0.026704,0.005856,0.00928,0.000102,0.001269,0.002388,0.006363,0.009586,0.000429
24220,731,14954,14223,14221,2,0,0,160,32.531701,0.0,26004.874987,900.259269,2347.20903,2146.475726,3753.42,24220,31,77,30226560.0,6446787.9027,17694.659,18322.816,512.0748,27.3676,0.3975,0.0,73,0.050616,1.049061,0.490131,0.503616,1.063928,0.406999,0.433275,0.322345,0.513637,0.051396,0.199665,0.309956,0.496729,0.426108,0.056648,0.032436,0.007187,0.011881,0.050214,0.005421,0.027304,0.006065,0.009183,0.000102,0.001265,0.002372,0.006342,0.009744,0.000432
24240,735,14975,14240,14238,2,0,0,160,35.234814,0.0,26130.009261,900.298597,2344.466589,2146.483929,3730.1,24240,31,77,30251520.0,6454847.7794,17702.3778,18343.7836,512.848,27.3676,0.3975,0.0,73,0.05034,1.047354,0.489409,0.502696,1.062642,0.406353,0.431694,0.322016,0.513277,0.05136,0.199372,0.310641,0.49598,0.425449,0.056652,0.032593,0.006917,0.0116,0.049683,0.005408,0.026064,0.006032,0.009195,9.6e-05,0.001245,0.002347,0.006098,0.009873,0.000427
24260,744,14999,14255,14253,2,0,0,154,33.927315,0.0,26210.251014,906.543374,2339.529311,2146.487338,3700.43,24260,31,77,30276480.0,6462907.0992,17710.0966,18368.5228,513.2888,27.3676,0.3975,0.0,73,0.052419,1.048877,0.490533,0.5032,1.059965,0.406735,0.433704,0.322882,0.513797,0.051471,0.199293,0.310029,0.496106,0.426495,0.056891,0.032439,0.007168,0.012931,0.048519,0.005405,0.026707,0.006276,0.009215,0.0001,0.001255,0.002361,0.006133,0.010265,0.000427
24280,737,15014,14277,14275,2,0,0,153,35.419262,0.0,26309.648761,904.275571,2340.305166,2146.488754,3731.29,24280,32,77,30301440.0,6470972.592,17717.8154,18393.7662,514.5545,27.3676,0.3975,0.0,73,0.054274,1.04852,0.488701,0.503416,1.056878,0.407611,0.435671,0.323478,0.513422,0.051392,0.199643,0.309702,0.497041,0.426501,0.057156,0.032691,0.007223,0.01304,0.047284,0.005504,0.0267,0.006353,0.009268,0.000101,0.001269,0.002275,0.006176,0.0104,0.000425
24300,746,15039,14293,14291,2,0,0,149,30.017528,0.0,26403.288625,911.482173,2338.500299,2146.489342,3691.12,24300,32,77,30326400.0,6479054.724,17725.5342,18419.8868,515.4596,27.3676,0.3975,0.0,73,0.053619,1.051362,0.488511,0.503935,1.057495,0.40637,0.435224,0.323124,0.514465,0.05138,0.199666,0.309034,0.496791,0.426625,0.057136,0.033566,0.007212,0.012608,0.048046,0.005412,0.02674,0.006303,0.009411,0.000101,0.001278,0.002269,0.00612,0.010509,0.000426
24320,747,15060,14313,14311,2,0,0,144,29.124985,0.0,26471.664393,917.419494,2333.455521,2146.453313,3677.75,24320,32,77,30351360.0,6487166.8206,17733.2907,18449.7685,517.0475,27.3676,0.3975,0.0,73,0.053548,1.051121,0.488299,0.505207,1.05622,0.407011,0.436925,0.32325,0.514228,0.051273,0.199505,0.308914,0.495599,0.426325,0.057149,0.033475,0.007139,0.013219,0.0481,0.005555,0.027195,0.006391,0.008979,9.9e-05,0.00126,0.002248,0.006064,0.010201,0.000424
24340,752,15076,14324,14322,2,0,0,140,27.704258,0.0,26472.558379,929.557191,2322.738552,2145.37344,3669.2,24340,32,77,30376320.0,6495285.3161,17742.4759,18474.6822,517.4742,27.3676,0.3975,0.0,73,0.054521,1.051196,0.48828,0.505145,1.056298,0.407573,0.437205,0.322745,0.51471,0.05124,0.199727,0.30893,0.494824,0.427033,0.057175,0.033289,0.007214,0.013238,0.047992,0.005516,0.027621,0.006386,0.00897,9.8e-05,0.001263,0.002265,0.005939,0.010415,0.00043
24360,752,15096,14344,14342,2,0,0,145,34.708205,0.0,26435.005211,925.834161,2319.457634,2143.887639,3679.77,24360,32,77,30401280.0,6503411.2166,17753.1778,18496.0442,517.8025,27.3676,0.3975,0.0,73,0.051862,1.05296,0.489704,0.507663,1.054205,0.407608,0.436707,0.322424,0.514421,0.051085,0.199319,0.309209,0.495022,0.426284,0.056938,0.033512,0.006952,0.013649,0.047988,0.005498,0.027136,0.006111,0.008905,9.3e-05,0.001242,0.002276,0.005837,0.009823,0.000426
24380,758,15118,14360,14358,2,0,0,144,30.406486,0.0,26390.473587,932.538601,2317.054913,2143.004103,3657.25,24380,32,77,30426240.0,6511540.1006,17764.234,18522.5206,518.3198,27.3676,0.3975,0.0,73,0.050132,1.052256,0.489763,0.50813,1.052806,0.407095,0.433691,0.320918,0.515064,0.051091,0.199773,0.309316,0.495384,0.424724,0.056688,0.032887,0.006787,0.013457,0.04636,0.005456,0.026507,0.005569,0.008897,9.4e-05,0.001245,0.002248,0.005735,0.009315,0.000417
24400,747,15132,14385,14383,2,0,0,144,30.297844,0.0,26364.408406,926.505373,2323.196784,2142.581395,3694.66,24400,32,77,30451200.0,6519666.0629,17775.2902,18546.9543,518.5153,27.3676,0.3975,0.0,73,0.048193,1.053761,0.490922,0.50894,1.051882,0.407786,0.434474,0.320601,0.514508,0.051284,0.199594,0.308114,0.495958,0.424766,0.056907,0.033174,0.006897,0.013866,0.046457,0.005608,0.027514,0.00559,0.008861,0.000102,0.001258,0.002195,0.005825,0.009348,0.000418
24420,755,15156,14401,14399,2,0,0,142,31.480819,0.0,26335.038598,928.801816,2319.717365,2142.375171,3655.7,24420,32,77,30476160.0,6527791.6697,17786.3464,18569.8077,519.1433,27.3676,0.3975,0.0,73,0.049007,1.054285,0.489011,0.508592,1.053299,0.406417,0.43501,0.321192,0.515687,0.051383,0.199501,0.308953,0.495486,0.425097,0.056889,0.033862,0.006764,0.013414,0.047614,0.00549,0.027814,0.005566,0.008917,0.000105,0.001286,0.002269,0.005968,0.009609,0.000433
24440,768,15179,14411,14409,2,0,0,140,29.829594,0.0,26211.341893,944.337069,2305.833337,2142.273603,3610.65,24440,32,77,30501120.0,6535923.7307,17797.4026,18597.2741,519.7805,27.3676,0.3975,0.0,73,0.048177,1.056733,0.48862,0.50743,1.053316,0.406856,0.435123,0.32209,0.514736,0.051314,0.199421,0.30936,0.494536,0.424708,0.056785,0.034489,0.006765,0.012235,0.047876,0.005591,0.027575,0.005631,0.008736,0.000104,0.001274,0.002262,0.005925,0.00959,0.000433
24460,763,15190,14427,14425,2,0,0,138,28.37721,0.0,26064.535821,949.019448,2302.603342,2142.223347,3643.56,24460,32,77,30526080.0,6544069.2107,17808.4588,18621.6952,520.1852,27.3676,0.3975,0.0,73,0.048493,1.057509,0.488514,0.507177,1.053195,0.406746,0.434335,0.322172,0.51422,0.051336,0.199694,0.309096,0.49507,0.424583,0.056696,0.034061,0.00676,0.012139,0.048005,0.005613,0.02731,0.005616,0.008561,0.000104,0.001286,0.002217,0.005989,0.00959,0.000435
24480,758,15204,14446,14444,2,0,0,141,30.03525,0.0,25922.546518,943.91284,2306.05191,2142.198423,3656.06,24480,32,77,30551040.0,6552214.5297,17819.5149,18639.9979,520.4266,27.3676,0.3975,0.0,73,0.050132,1.058733,0.487651,0.507348,1.051344,0.406202,0.435259,0.32267,0.513166,0.051427,0.199952,0.309487,0.494408,0.425869,0.056705,0.034479,0.006528,0.012394,0.047759,0.005711,0.027246,0.005906,0.008341,0.000104,0.001331,0.002239,0.006049,0.009784,0.000448
24500,749,15226,14477,14475,2,0,0,152,36.144029,0.0,25856.991267,926.893165,2316.962807,2142.031314,3704.88,24500,32,77,30576000.0,6560370.188,17830.7298,18661.3821,520.9344,27.3676,0.3975,0.0,73,0.052069,1.058723,0.486294,0.507249,1.052919,0.407089,0.436856,0.323239,0.512848,0.051428,0.200522,0.30949,0.493834,0.427045,0.056695,0.0353,0.006479,0.012642,0.047379,0.005963,0.02776,0.005948,0.008439,0.000104,0.001352,0.002264,0.006152,0.009816,0.000451
24520,750,15246,14496,14494,2,0,0,144,28.95519,0.0,25896.544991,929.186388,2321.858422,2140.792247,3702.77,24520,32,77,30600960.0,6568546.3065,17843.7777,18685.5803,523.1625,27.3676,0.3975,0.0,73,0.052,1.058145,0.487935,0.506907,1.058507,0.407583,0.43796,0.32402,0.511891,0.05141,0.200176,0.309586,0.492773,0.427814,0.056826,0.035003,0.006529,0.013233,0.047776,0.005927,0.027705,0.006127,0.008455,0.000105,0.001349,0.002265,0.006081,0.009897,0.000461
24540,751,15267,14516,14514,2,0,0,147,29.816597,0.0,25916.663715,928.783456,2321.399946,2139.653046,3708.64,24540,32,77,30625920.0,6576723.9795,17857.8093,18709.5797,524.1845,27.3676,0.3975,0.0,73,0.050599,1.058008,0.487653,0.50654,1.057863,0.407595,0.438074,0.323602,0.511182,0.051367,0.200014,0.309124,0.492395,0.427361,0.056664,0.034827,0.00642,0.012774,0.048018,0.005942,0.028039,0.005966,0.008326,0.000104,0.001336,0.002242,0.005984,0.009854,0.000454
24560,752,15283,14531,14529,2,0,0,148,31.612112,0.0,25968.655375,931.206661,2317.181226,2138.304206,3718.32,24560,32,77,30650880.0,6584921.457,17873.1764,18732.0492,524.8283,27.3676,0.3975,0.0,73,0.053191,1.055842,0.487733,0.506964,1.057455,0.407475,0.438505,0.323707,0.513279,0.051578,0.200039,0.309292,0.493182,0.427434,0.056832,0.034264,0.006532,0.012742,0.047935,0.005948,0.027707,0.006008,0.008822,0.000106,0.001343,0.002228,0.005957,0.009953,0.000461
24580,747,15293,14546,14544,2,0,0,144,31.326232,0.0,26049.453943,932.48085,2316.192918,2137.560929,3755.3,24580,32,77,30675840.0,6593152.287,17888.884,18752.1122,525.6373,27.3676,0.3975,0.0,73,0.054886,1.055672,0.487588,0.507243,1.057586,0.40741,0.43804,0.323662,0.513096,0.051652,0.199997,0.309087,0.493133,0.428008,0.056949,0.034351,0.006618,0.012835,0.04801,0.006009,0.027918,0.006085,0.008776,0.000108,0.001347,0.002209,0.005978,0.010011,0.000464
24600,759,15322,14563,14561,2,0,0,147,33.480985,0.0,26101.563196,929.628638,2316.890377,2137.242027,3697.09,24600,32,77,30700800.0,6601389.473,17904.5884,18769.0485,526.1941,27.3676,0.3975,0.0,73,0.054018,1.058608,0.48764,0.508487,1.061377,0.408168,0.439837,0.323695,0.510812,0.051588,0.200087,0.309061,0.493497,0.427586,0.057026,0.034572,0.006734,0.013283,0.048268,0.006138,0.028969,0.006001,0.008616,0.000107,0.001364,0.002232,0.006103,0.009907,0.000462
24620,757,15339,14582,14580,2,0,0,148,32.284338,0.0,26200.069745,933.190508,2314.525154,2136.236681,3716.44,24620,32,77,30725760.0,6609650.2205,17921.3694,18796.532,526.4335,27.3676,0.3975,0.0,73,0.05284,1.059693,0.489349,0.507699,1.062908,0.407059,0.439328,0.323065,0.510877,0.051403,0.199944,0.309363,0.491555,0.426521,0.05692,0.035312,0.006988,0.013305,0.049837,0.005908,0.028382,0.005948,0.008771,0.000105,0.001377,0.002325,0.00605,0.009672,0.000459
24640,755,15357,14602,14600,2,0,0,151,35.390511,0.0,26274.525843,932.538241,2312.071248,2134.440465,3706.34,24640,32,77,30750720.0,6617923.6155,17940.0855,18822.2292,526.5918,27.3676,0.3975,0.0,73,0.054305,1.059502,0.489211,0.507768,1.062247,0.407286,0.439625,0.323585,0.511683,0.051505,0.199663,0.309138,0.492192,0.426869,0.057096,0.035109,0.006863,0.013578,0.049749,0.005875,0.028326,0.005981,0.008842,0.000105,0.001402,0.002282,0.005974,0.009797,0.000454
24660,761,15382,14621,14619,2,0,0,152,33.212321,0.0,26338.157759,938.289512,2308.498167,2132.545241,3687.07,24660,32,77,30775680.0,6626200.092,17960.1858,18850.5521,527.1991,27.3676,0.3975,0.0,73,0.053876,1.063115,0.489531,0.506473,1.061681,0.406986,0.439308,0.322931,0.5122,0.051574,0.199406,0.309551,0.493345,0.426152,0.056898,0.034904,0.006836,0.013383,0.048881,0.005785,0.028023,0.00585,0.0091,0.000108,0.001333,0.002273,0.005964,0.009753,0.000452
24680,758,15395,14637,14635,2,0,0,154,31.712628,0.0,26404.442374,943.59583,2304.691542,2131.366935,3709.56,24680,32,77,30800640.0,6634491.792,17980.5647,18876.792,527.581,27.3676,0.3975,0.0,73,0.050132,1.061151,0.490725,0.506243,1.060363,0.406771,0.439165,0.322971,0.512635,0.051488,0.199033,0.309587,0.493807,0.426224,0.05686,0.034708,0.00671,0.013412,0.0486,0.005782,0.027636,0.005802,0.008974,0.000107,0.001307,0.002308,0.00593,0.009462,0.00045
24700,761,15415,14654,14652,2,0,0,158,32.635968,0.0,26441.228315,944.842684,2302.521348,2130.707465,3702.91,24700,32,77,30825600.0,6642795.468,18000.9436,18899.1775,528.0587,27.3676,0.3975,0.0,73,0.049934,1.060558,0.489957,0.505611,1.062098,0.406547,0.439388,0.322317,0.511287,0.051575,0.199489,0.309293,0.495046,0.426361,0.056918,0.034691,0.006812,0.01293,0.049336,0.005701,0.027565,0.005663,0.008912,0.000106,0.001348,0.002314,0.005895,0.009339,0.000444
24720,759,15437,14678,14676,2,0,0,165,38.28268,0.0,26463.556162,939.364559,2302.352761,2130.327455,3717.42,24720,32,77,30850560.0,6651101.6364,18021.3225,18923.3139,529.1476,27.3676,0.3975,0.0,73,0.048748,1.059726,0.489836,0.504722,1.058169,0.407177,0.441067,0.323166,0.512195,0.051383,0.199542,0.309312,0.495316,0.426115,0.057129,0.034639,0.00688,0.013014,0.04986,0.005682,0.027641,0.005713,0.009135,0.000106,0.001349,0.002328,0.006022,0.00928,0.00045
24740,760,15450,14690,14688,2,0,0,165,32.899854,0.0,26521.225559,948.378519,2298.721627,2130.738304,3722.62,24740,32,77,30875520.0,6659424.192,18041.0339,18947.739,529.3263,27.3676,0.3975,0.0,73,0.047368,1.061272,0.490097,0.504294,1.057344,0.40796,0.441461,0.322307,0.511922,0.051247,0.199297,0.309636,0.494644,0.425066,0.05707,0.035315,0.006868,0.01272,0.050411,0.005723,0.027718,0.005645,0.008905,9.9e-05,0.001348,0.002288,0.005836,0.009308,0.000453
24760,766,15473,14707,14705,2,0,0,164,32.100707,0.0,26547.990024,946.487438,2301.411856,2132.675239,3705.92,24760,32,77,30900480.0,6667747.092,18058.0755,18969.6863,530.4781,27.3676,0.3975,0.0,73,0.045692,1.058852,0.490312,0.502971,1.058469,0.407903,0.440225,0.321984,0.513371,0.051235,0.199475,0.309523,0.494333,0.42395,0.056767,0.034308,0.00678,0.012192,0.04883,0.005592,0.027097,0.005636,0.008964,0.0001,0.001327,0.002323,0.005721,0.00931,0.00045
24780,774,15492,14718,14716,2,0,0,159,31.782042,0.0,26487.961929,958.715736,2289.502222,2133.524602,3684.48,24780,32,77,30925440.0,6676069.291,18075.117,18995.2721,531.0606,27.3676,0.3975,0.0,73,0.049096,1.059673,0.490242,0.502489,1.059832,0.407574,0.441226,0.323454,0.510814,0.05124,0.199757,0.309879,0.494816,0.424822,0.057054,0.034867,0.006998,0.012042,0.050264,0.005616,0.027363,0.00606,0.009151,0.0001,0.001361,0.002392,0.005843,0.009527,0.000469
24800,777,15512,14735,14733,2,0,0,152,28.979722,0.0,26380.937641,963.599268,2287.42101,2133.876061,3684.83,24800,32,77,30950400.0,6684391.9055,18092.1585,19020.7062,531.66,27.3676,0.3975,0.0,73,0.047619,1.059267,0.490529,0.504685,1.060509,0.40787,0.438617,0.323646,0.5114,0.051249,0.199523,0.309926,0.494983,0.425565,0.057284,0.034762,0.006945,0.012273,0.050612,0.005619,0.026904,0.006089,0.009298,0.0001,0.001368,0.002387,0.005818,0.009575,0.00049
24820,778,15540,14762,14760,2,0,0,157,33.451692,0.0,26254.362051,956.118413,2290.429895,2134.015794,3677.87,24820,33,77,30975360.0,6692714.9637,18109.2,19046.8927,532.6667,27.3676,0.3975,0.0,73,0.048843,1.06056,0.490351,0.504943,1.063417,0.407851,0.437696,0.323484,0.51187,0.051382,0.199803,0.310108,0.495572,0.426295,0.057337,0.034279,0.00713,0.011905,0.050484,0.00553,0.027552,0.006421,0.009175,0.000103,0.001378,0.002408,0.00591,0.009917,0.000485
24840,778,15559,14781,14779,2,0,0,151,31.401821,0.0,26133.341566,964.086456,2284.511723,2134.069096,3689.69,24840,33,77,31000320.0,6701049.8937,18126.2415,19077.5456,534.0847,27.3676,0.3975,0.0,73,0.048843,1.058342,0.490188,0.505599,1.063501,0.407037,0.436845,0.323012,0.511876,0.051307,0.199816,0.31007,0.495872,0.426756,0.057262,0.033988,0.00704,0.011786,0.049556,0.005605,0.027268,0.006323,0.009174,0.000101,0.001423,0.002471,0.005939,0.009888,0.000486
24860,779,15577,14798,14796,2,0,0,144,26.786269,0.0,26028.582066,968.387484,2284.826246,2134.088217,3697.19,24860,33,77,31025280.0,6709392.9868,18143.2831,19102.8992,535.4736,27.3676,0.3975,0.0,73,0.050064,1.057266,0.49025,0.504894,1.059659,0.40684,0.436912,0.323235,0.512688,0.051546,0.200595,0.30978,0.496465,0.427076,0.057075,0.033826,0.006985,0.011687,0.048027,0.005569,0.027394,0.00633,0.009087,0.000107,0.001411,0.002457,0.005964,0.009888,0.000472
24880,772,15593,14821,14819,2,0,0,149,31.557455,0.0,25942.165777,962.745545,2285.696999,2134.094318,3707.76,24880,33,77,31050240.0,6717751.4684,18160.3246,19124.4221,535.7558,27.3676,0.3975,0.0,73,0.051813,1.059555,0.491208,0.504436,1.060939,0.406363,0.437839,0.322703,0.513254,0.051755,0.200389,0.309823,0.496386,0.428314,0.057096,0.034323,0.006835,0.011924,0.047044,0.005663,0.02824,0.006288,0.009049,0.000124,0.001388,0.002477,0.006041,0.009982,0.000477
24900,772,15613,14841,14839,2,0,0,152,32.461003,0.0,25897.622117,956.064979,2291.474018,2134.095741,3715.42,24900,33,77,31075200.0,6726129.7495,18177.3661,19144.1768,536.0991,27.3676,0.3975,0.0,73,0.051813,1.057131,0.49051,0.504504,1.059227,0.406012,0.437213,0.322246,0.511851,0.051724,0.200365,0.30988,0.496538,0.42785,0.057171,0.034088,0.006619,0.01203,0.046599,0.005584,0.028163,0.006533,0.008973,0.000127,0.001364,0.002457,0.006048,0.009628,0.000472
24920,771,15629,14858,14856,2,0,0,150,33.898569,0.0,25899.216007,957.474437,2288.626994,2134.095665,3710.78,24920,33,77,31100160.0,6734523.9951,18194.4076,19167.1738,537.0479,27.3676,0.3975,0.0,73,0.053178,1.056924,0.490013,0.503839,1.061723,0.406489,0.43849,0.322987,0.511744,0.051736,0.200307,0.310197,0.495555,0.427035,0.05698,0.034102,0.006493,0.011732,0.047448,0.005495,0.028375,0.006566,0.008881,0.000126,0.001334,0.002449,0.006076,0.009532,0.000468
24940,773,15650,14877,14875,2,0,0,146,34.498915,0.0,25892.743248,956.482517,2289.018567,2134.095232,3706.64,24940,33,77,31125120.0,6742941.2589,18211.4491,19190.6029,537.6534,27.3676,0.3975,0.0,73,0.054334,1.055588,0.489834,0.503927,1.062048,0.406912,0.439254,0.323107,0.511488,0.051773,0.200434,0.310233,0.49617,0.428099,0.057173,0.033859,0.006465,0.011684,0.050047,0.005605,0.028192,0.006583,0.008917,0.00013,0.001371,0.002527,0.006187,0.009389,0.000478
24960,764,15665,14901,14899,2,0,0,144,31.244793,0.0,25955.460261,949.890286,2298.864921,2134.094812,3754.15,24960,33,77,31150080.0,6751360.4289,18228.4907,19211.6477,539.8126,27.3676,0.3975,0.0,73,0.054974,1.055843,0.489686,0.504198,1.061077,0.406339,0.439777,0.323453,0.511326,0.051823,0.200421,0.309379,0.495835,0.428243,0.057166,0.03394,0.006454,0.011782,0.050196,0.005682,0.028173,0.006622,0.008951,0.000131,0.0014,0.002486,0.006131,0.009438,0.000483
24980,757,15681,14924,14922,2,0,0,150,33.495215,0.0,26138.9964,936.502699,2310.002086,2133.708464,3785.4,24980,33,77,31175040.0,6759791.8035,18245.9826,19228.6067,539.8126,27.3676,0.3975,0.0,73,0.054161,1.055578,0.490094,0.504392,1.063022,0.406646,0.442105,0.323105,0.510327,0.051792,0.20049,0.309421,0.494938,0.426809,0.057216,0.035164,0.006968,0.011935,0.050969,0.005732,0.029117,0.006395,0.008822,0.000138,0.001398,0.002439,0.006266,0.009555,0.000482
25000,761,15697,14936,14934,2,0,0,150,31.069544,0.0,26366.318486,941.749346,2307.181111,2132.458984,3775.55,25000,33,77,31200000.0,6768236.3934,18265.0854,19249.861,540.2793,27.3676,0.3975,0.0,73,0.055191,1.054425,0.490227,0.503158,1.063017,0.406555,0.443297,0.323121,0.510322,0.051759,0.200644,0.309924,0.494306,0.425809,0.057117,0.03502,0.007049,0.011952,0.050095,0.005691,0.029399,0.006435,0.008948,0.000137,0.001402,0.00253,0.006249,0.009178,0.000478
25020,766,15721,14955,14953,2,0,0,145,33.340056,0.0,26544.834018,942.186641,2304.473302,2131.294299,3743.28,25020,33,77,31224960.0,6776694.7434,18285.12,19273.1076,540.6026,27.3676,0.3975,0.0,73,0.05483,1.055327,0.490773,0.503549,1.060357,0.406444,0.445094,0.323786,0.511578,0.051781,0.200494,0.309617,0.493515,0.426005,0.057332,0.03522,0.00709,0.012102,0.050307,0.005725,0.02921,0.006519,0.009247,0.000136,0.001401,0.002553,0.006186,0.009254,0.000483
25040,762,15735,14973,14971,2,0,0,139,31.127835,0.0,26737.774817,944.044147,2304.828019,2130.732622,3772.71,25040,33,77,31249920.0,6785162.7743,18305.196,19296.5756,541.3087,27.3676,0.3975,0.0,73,0.055118,1.055689,0.489354,0.504415,1.059267,0.406221,0.445374,0.324441,0.510708,0.051774,0.199918,0.309714,0.493317,0.426523,0.057254,0.034644,0.007058,0.012058,0.050241,0.005757,0.02931,0.006443,0.009262,0.000137,0.001352,0.002521,0.006204,0.009547,0.000482
25060,764,15755,14991,14989,2,0,0,144,30.845774,0.0,26956.102628,942.337426,2306.8168,2130.464902,3771.24,25060,33,77,31274880.0,6793631.4743,18325.2721,19318.0667,541.9693,27.3676,0.3975,0.0,73,0.054974,1.054261,0.488675,0.50448,1.057207,0.406788,0.445296,0.325312,0.510947,0.051746,0.200157,0.309484,0.493671,0.426536,0.057086,0.034421,0.007056,0.012157,0.049563,0.005888,0.029276,0.006475,0.00926,0.000136,0.001426,0.002475,0.006278,0.00946,0.000468
25080,761,15771,15010,15008,2,0,0,148,32.199724,0.0,27177.346426,939.786216,2308.01406,2130.335703,3785.28,25080,33,77,31299840.0,6802099.8246,18345.3481,19338.2596,542.4088,27.3676,0.3975,0.0,73,0.051248,1.05467,0.488274,0.505359,1.05574,0.40782,0.44464,0.325284,0.510172,0.051662,0.200183,0.30887,0.494241,0.426243,0.056851,0.034246,0.006824,0.012047,0.050067,0.006055,0.029257,0.006392,0.008783,0.000132,0.001435,0.002449,0.006338,0.009396,0.000449
25100,768,15788,15020,15018,2,0,0,141,28.650366,0.0,27348.247236,951.732127,2299.617507,2130.272981,3767.56,25100,33,77,31324800.0,6810568.5246,18365.4241,19362.3352,542.9558,27.3676,0.3975,0.0,73,0.050781,1.054558,0.488721,0.5053,1.055521,0.407311,0.446125,0.324741,0.509712,0.05168,0.200039,0.309861,0.494597,0.426151,0.057116,0.0346,0.00692,0.012051,0.049607,0.006039,0.029736,0.006419,0.008999,0.000131,0.001432,0.002495,0.006366,0.009354,0.000452
25120,776,15807,15031,15029,2,0,0,138,26.839877,0.0,27413.301435,961.131834,2292.028289,2130.242442,3723.25,25120,33,77,31349760.0,6819036.8701,18385.5001,19385.0163,543.7316,27.3676,0.3975,0.0,73,0.050258,1.056478,0.489505,0.50567,1.05555,0.408252,0.447617,0.324717,0.510184,0.051768,0.199523,0.309479,0.495428,0.425175,0.057351,0.035343,0.007124,0.012442,0.048592,0.006268,0.030354,0.00665,0.009254,0.000135,0.00142,0.002581,0.00648,0.009365,0.000464
25140,775,15824,15049,15047,2,0,0,135,29.772517,0.0,27468.50264,960.390977,2289.836506,2130.227552,3732.7,25140,33,77,31374720.0,6827546.2452,18405.5761,19407.5516,544.0567,27.3676,0.3975,0.0,73,0.050323,1.057991,0.490075,0.506529,1.056566,0.408537,0.446925,0.325211,0.509741,0.051711,0.199682,0.309605,0.495122,0.425574,0.057241,0.035528,0.007143,0.012473,0.048656,0.00628,0.030082,0.006767,0.009183,0.000133,0.001432,0.002587,0.006457,0.00951,0.000461
25160,778,15839,15061,15059,2,0,0,134,27.595224,0.0,27541.473507,964.779513,2287.625263,2130.220287,3719.72,25160,33,77,31399680.0,6836063.4257,18425.6522,19427.7409,544.2726,27.3676,0.3975,0.0,73,0.048843,1.056893,0.490608,0.506139,1.057102,0.408558,0.446039,0.32441,0.509218,0.051593,0.199734,0.310038,0.495597,0.425432,0.057201,0.035796,0.007159,0.012297,0.050553,0.006242,0.029514,0.006686,0.009096,0.000116,0.001439,0.002579,0.006432,0.009477,0.000458
25180,776,15858,15082,15080,2,0,0,140,29.214834,0.0,27578.737533,961.223341,2289.561825,2130.21674,3726.94,25180,32,77,31424640.0,6844574.3882,18445.7282,19449.9414,544.5554,27.3676,0.3975,0.0,73,0.04768,1.059101,0.49053,0.506814,1.060538,0.409128,0.446013,0.323958,0.509385,0.051633,0.199923,0.309935,0.494976,0.424716,0.057105,0.036345,0.007176,0.012443,0.051391,0.006265,0.029651,0.006639,0.009144,0.000115,0.001469,0.002576,0.00637,0.009462,0.000462
25200,771,15872,15101,15099,2,0,0,144,27.687311,0.0,27660.294698,960.931743,2291.380945,2130.215009,3739.73,25200,32,77,31449600.0,6853091.3681,18465.8042,19472.4945,546.4309,27.3676,0.3975,0.0,73,0.046693,1.059606,0.490863,0.506326,1.059923,0.408489,0.446045,0.323445,0.509776,0.051687,0.199966,0.309697,0.495478,0.424205,0.056944,0.036043,0.007093,0.012533,0.05153,0.006196,0.029685,0.006571,0.009128,0.000117,0.001464,0.002597,0.006252,0.009221,0.000463
25220,771,15894,15123,15121,2,0,0,148,28.557956,0.0,27797.807715,955.101272,2296.340772,2130.214164,3749.34,25220,32,77,31474560.0,6861622.0106,18485.8802,19493.7921,547.1147,27.3676,0.3975,0.0,82,0.046693,1.059677,0.49077,0.506438,1.05818,0.409424,0.447029,0.324261,0.51134,0.051527,0.199726,0.309409,0.495531,0.424548,0.056677,0.036419,0.006931,0.013142,0.052103,0.00609,0.029668,0.006424,0.009272,0.000114,0.001405,0.002593,0.006316,0.008985,0.000457
25240,778,15915,15137,15135,2,0,0,149,29.987514,0.0,27899.316986,962.28013,2287.732356,2130.213751,3730.19,25240,32,77,31499520.0,6870167.3333,18505.9563,19518.1629,547.4824,27.3676,0.3975,0.0,82,0.046272,1.060044,0.491468,0.507127,1.060778,0.408405,0.445587,0.32388,0.509573,0.051462,0.200053,0.309107,0.495933,0.424642,0.056879,0.036519,0.006882,0.013101,0.052313,0.006091,0.029642,0.006346,0.008943,0.000113,0.001386,0.002571,0.006268,0.009191,0.000449
25260,782,15939,15157,15155,2,0,0,145,30.449895,0.0,27921.450258,968.192597,2281.357507,2130.21355,3723.96,25260,32,77,31524480.0,6878722.0805,18526.0323,19550.2164,548.4864,27.3676,0.3975,0.0,82,0.048593,1.060719,0.491172,0.507651,1.061442,0.408592,0.445347,0.323717,0.511837,0.051393,0.200091,0.309295,0.496849,0.424696,0.056872,0.037416,0.006925,0.013378,0.052014,0.006156,0.029322,0.006325,0.009452,0.00011,0.001423,0.002627,0.006357,0.009045,0.000441
25280,784,15957,15173,15171,2,0,0,145,31.552247,0.0,27933.350516,974.613391,2273.834361,2130.213451,3720.87,25280,32,77,31549440.0,6887267.9045,18546.1083,19577.4372,548.8211,27.3676,0.3975,0.0,82,0.048469,1.061067,0.491079,0.507538,1.063125,0.408145,0.444156,0.323065,0.510919,0.051473,0.200258,0.309169,0.497567,0.424186,0.056882,0.037311,0.00681,0.013314,0.052594,0.006047,0.02911,0.00625,0.009377,0.000111,0.001428,0.0027,0.006343,0.008922,0.000439
25300,790,15977,15187,15185,2,0,0,142,30.428994,0.0,27897.447405,981.341342,2268.229664,2130.213403,3708.57,25300,32,77,31574400.0,6895807.4045,18566.1843,19600.9966,549.4539,27.3676,0.3975,0.0,82,0.049367,1.061957,0.489736,0.50764,1.063319,0.408308,0.445289,0.323539,0.509405,0.051391,0.200369,0.308781,0.497973,0.424391,0.056815,0.03751,0.00672,0.013569,0.052294,0.006216,0.029591,0.006293,0.009122,0.000112,0.00145,0.002717,0.006415,0.008873,0.000436
25320,783,15994,15211,15209,2,0,0,145,29.726446,0.0,27891.786447,976.359744,2273.913811,2132.159311,3753.05,25320,33,77,31599360.0,6904345.917,18583.681,19625.1723,551.3382,27.3676,0.3975,0.0,82,0.045977,1.060654,0.488961,0.507596,1.061722,0.408065,0.448311,0.323518,0.510172,0.051429,0.200328,0.309037,0.497731,0.425325,0.056829,0.037512,0.006937,0.013232,0.052514,0.006088,0.030063,0.006324,0.00943,0.000118,0.001399,0.002733,0.006352,0.009266,0.000439
25340,783,16006,15223,15221,2,0,0,142,28.079941,0.0,27896.323753,981.251657,2270.668402,2133.267661,3769.39,25340,33,77,31624320.0,6912891.738,18600.7225,19644.6865,551.5262,27.3676,0.3975,0.0,73,0.047254,1.060298,0.488135,0.506833,1.059394,0.408615,0.448486,0.324665,0.51082,0.051471,0.200549,0.309167,0.497982,0.426781,0.056773,0.03758,0.006809,0.013104,0.052169,0.006175,0.030179,0.006744,0.009468,0.000124,0.001414,0.002738,0.006366,0.009293,0.000443
25360,782,16021,15239,15237,2,0,0,146,34.498071,0.0,27872.338746,973.688721,2271.813208,2133.746635,3757.16,25360,33,77,31649280.0,6921443.3769,18617.7641,19659.8455,551.6548,27.3676,0.3975,0.0,73,0.048593,1.057664,0.487822,0.505303,1.056466,0.409268,0.446663,0.324703,0.510475,0.051614,0.200537,0.309498,0.497725,0.425922,0.056563,0.036619,0.006763,0.012713,0.050321,0.006061,0.029797,0.007061,0.009513,0.000129,0.001415,0.002706,0.006169,0.009117,0.000423
25380,779,16041,15262,15260,2,0,0,141,32.15484,0.0,27909.233809,965.52338,2282.32178,2133.948943,3771.77,25380,33,77,31674240.0,6929995.0753,18634.8056,19679.1732,552.6382,27.3676,0.3975,0.0,73,0.04878,1.058641,0.487217,0.50499,1.057139,0.410407,0.446701,0.325353,0.509357,0.051604,0.200408,0.309629,0.497557,0.426727,0.05643,0.03661,0.006686,0.01284,0.049673,0.006164,0.029836,0.006992,0.009463,0.00013,0.001401,0.002758,0.00618,0.009195,0.000416
25400,786,16064,15278,15276,2,0,0,141,30.769788,0.0,27949.933846,968.786243,2280.443969,2134.033564,3743.96,25400,33,77,31699200.0,6938538.119,18651.8471,19702.0552,554.5027,27.3676,0.3975,0.0,73,0.049618,1.056823,0.48882,0.504446,1.058278,0.411109,0.448078,0.325224,0.508824,0.051779,0.200251,0.309674,0.49689,0.426316,0.056552,0.035967,0.007011,0.012691,0.049271,0.00619,0.0306,0.006916,0.009296,0.000131,0.001377,0.002755,0.006183,0.009651,0.000424
25420,784,16083,15299,15297,2,0,0,144,31.636598,0.0,27968.670745,969.298622,2279.06478,2134.068815,3762.8,25420,33,77,31724160.0,6947076.0968,18668.8886,19727.5152,555.4546,27.3676,0.3975,0.0,73,0.049745,1.058557,0.48982,0.504192,1.061314,0.410925,0.448067,0.325317,0.508787,0.051815,0.199965,0.310363,0.495862,0.426037,0.056372,0.036747,0.006904,0.012542,0.049596,0.006275,0.030967,0.007008,0.009468,0.000131,0.001364,0.002748,0.006191,0.009856,0.000426
25440,779,16096,15317,15315,2,0,0,144,31.274473,0.0,28004.393816,971.577514,2277.148013,2134.083475,3777.92,25440,33,77,31749120.0,6955622.0033,18685.9301,19751.8672,556.4465,27.3676,0.3975,0.0,73,0.051348,1.059046,0.490142,0.503385,1.062614,0.410641,0.448237,0.325257,0.509909,0.051884,0.199797,0.309754,0.496106,0.426578,0.056358,0.036736,0.006885,0.012192,0.050061,0.006232,0.031099,0.007093,0.009456,0.000131,0.001363,0.002755,0.006122,0.009882,0.000418
25460,779,16109,15330,15328,2,0,0,141,31.346666,0.0,28068.264807,971.140166,2277.513169,2134.089567,3787.92,25460,33,77,31774080.0,6964184.8658,18702.9716,19769.234,556.9861,27.3676,0.3975,0.0,73,0.050064,1.057265,0.489931,0.503504,1.060208,0.410228,0.447223,0.324824,0.509931,0.051908,0.199893,0.310244,0.49606,0.426336,0.056372,0.036378,0.006794,0.012795,0.049771,0.006041,0.030441,0.006978,0.009428,0.00013,0.001358,0.002742,0.006075,0.009604,0.000427
25480,781,16137,15356,15354,2,0,0,144,33.395646,0.0,28126.152188,962.587715,2284.016638,2134.092098,3775.04,25480,33,77,31799040.0,6972751.4607,18720.0132,19791.8746,558.6004,27.3676,0.3985,0.0,73,0.049936,1.057878,0.489994,0.505494,1.062989,0.409424,0.448784,0.325813,0.510056,0.051963,0.200538,0.309704,0.496122,0.427441,0.056584,0.036674,0.007029,0.013082,0.051509,0.00608,0.031305,0.007041,0.009318,0.000129,0.001415,0.002771,0.006246,0.009669,0.000429
25500,776,16150,15374,15372,2,0,0,148,34.862697,0.0,28230.608331,964.793405,2280.343898,2134.093149,3805.73,25500,33,77,31824000.0,6981347.1387,18737.0547,19817.3808,558.6944,27.3676,0.3985,0.0,73,0.04768,1.057017,0.490205,0.505551,1.063327,0.408884,0.44747,0.325333,0.510033,0.051882,0.200635,0.310154,0.496765,0.426824,0.056663,0.036907,0.00698,0.013199,0.051122,0.006287,0.031353,0.006684,0.009199,0.000122,0.001422,0.002874,0.006306,0.009565,0.000431
25520,784,16174,15390,15388,2,0,0,147,35.244756,0.0,28302.024118,969.819461,2274.935783,2134.091758,3774.78,25520,33,77,31848960.0,6989942.8887,18754.098,19841.961,559.2,27.3676,0.3985,0.0,73,0.045918,1.059282,0.491895,0.505935,1.060534,0.40802,0.447605,0.325064,0.511323,0.051837,0.200164,0.310549,0.496466,0.425477,0.05655,0.037665,0.006914,0.013333,0.050162,0.00624,0.031309,0.006433,0.009434,0.000121,0.001408,0.002884,0.006282,0.009428,0.000427
25540,789,16197,15408,15406,2,0,0,150,34.963901,0.0,28333.565741,976.35769,2268.678409,2133.174154,3755.38,25540,33,77,31873920.0,6998553.3454,18772.3265,19870.2988,559.7835,27.3676,0.3985,0.0,73,0.046895,1.060026,0.4906,0.504885,1.059242,0.408512,0.449984,0.325472,0.511695,0.051661,0.200258,0.310316,0.495858,0.426318,0.056624,0.037743,0.006871,0.013374,0.049312,0.006323,0.031945,0.006616,0.009338,0.000119,0.001422,0.002849,0.006423,0.009675,0.000433
25560,795,16219,15424,15422,2,0,0,153,35.182622,0.0,28315.40414,982.96196,2261.855418,2131.343939,3720.53,25560,33,77,31898880.0,7007159.81,18792.5689,19896.6496,560.1608,27.3676,0.3985,0.0,73,0.047799,1.061749,0.489795,0.505064,1.059948,0.409553,0.451339,0.325774,0.509728,0.051625,0.200059,0.310619,0.495445,0.426158,0.056957,0.03814,0.006883,0.013808,0.052231,0.006403,0.031877,0.006887,0.009332,0.000116,0.001415,0.003045,0.006491,0.009603,0.000449
25580,790,16230,15440,15438,2,0,0,159,36.719297,0.0,28258.943182,987.65782,2255.622883,2128.606976,3735.03,25580,33,77,31923840.0,7015768.7409,18815.2039,19920.7904,560.2627,27.3676,0.3985,0.0,73,0.048101,1.062702,0.489943,0.506882,1.058643,0.409652,0.451235,0.325796,0.509242,0.051701,0.200059,0.311095,0.496414,0.426802,0.057064,0.03854,0.006822,0.01399,0.053434,0.006435,0.032408,0.006923,0.009415,0.000118,0.001421,0.00313,0.006383,0.009729,0.000458
25600,790,16252,15462,15460,2,0,0,156,36.503254,0.0,28239.826536,979.584447,2263.912299,2125.745493,3732.02,25600,33,77,31948800.0,7024401.8736,18839.3232,19940.5594,561.1281,27.3676,0.3985,0.0,73,0.049367,1.063414,0.48997,0.506783,1.060012,0.409678,0.453825,0.32816,0.508278,0.051723,0.19969,0.311429,0.496291,0.428123,0.057425,0.039469,0.006826,0.013664,0.054887,0.00656,0.032897,0.007813,0.009361,0.000123,0.001448,0.003159,0.006486,0.009996,0.000472
25620,783,16264,15481,15479,2,0,0,150,32.864301,0.0,28284.661955,980.363775,2266.771924,2123.237838,3773.41,25620,33,77,31973760.0,7033053.4814,18864.1099,19964.5043,562.1107,27.3676,0.3985,0.0,73,0.052363,1.065503,0.490168,0.506249,1.062999,0.409209,0.4555,0.32876,0.50858,0.051787,0.19956,0.311337,0.496707,0.429693,0.057475,0.040066,0.006714,0.013794,0.05685,0.006657,0.033518,0.007954,0.009224,0.000124,0.001442,0.003184,0.006593,0.010413,0.000472
25640,781,16283,15502,15500,2,0,0,146,31.593748,0.0,28353.948481,978.175051,2270.231202,2121.315494,3779.98,25640,33,77,31998720.0,7041710.6684,18888.8965,19987.3458,563.5299,27.3676,0.3985,0.0,73,0.051216,1.066427,0.490547,0.506957,1.064751,0.409097,0.455093,0.329135,0.50833,0.051836,0.199925,0.311398,0.496705,0.429508,0.057644,0.041003,0.006732,0.0137,0.058093,0.006591,0.033551,0.008004,0.009236,0.000127,0.001479,0.003273,0.00662,0.010506,0.000476
25660,778,16304,15526,15524,2,0,0,147,33.387617,0.0,28477.729691,972.097655,2274.514728,2119.711415,3792.57,25660,33,77,32023680.0,7050385.0484,18913.6831,20010.839,565.1635,27.3676,0.3985,0.0,82,0.052699,1.067517,0.490284,0.508993,1.064731,0.410354,0.453326,0.329352,0.507604,0.051699,0.200227,0.31114,0.497597,0.428411,0.057633,0.041456,0.006574,0.014578,0.057289,0.00684,0.033882,0.008246,0.008984,0.000123,0.001504,0.003348,0.006792,0.01015,0.000475
25680,776,16325,15549,15547,2,0,0,149,32.301645,0.0,28635.453692,966.178752,2281.519603,2118.273158,3804.97,25680,33,77,32048640.0,7059059.0378,18938.4698,20035.3503,565.7613,27.3676,0.3985,0.0,73,0.048969,1.066432,0.489067,0.509542,1.06487,0.410194,0.453191,0.329198,0.507055,0.051662,0.200817,0.311182,0.498831,0.427826,0.057848,0.041154,0.006533,0.014648,0.057313,0.006912,0.033872,0.008219,0.008879,0.000124,0.001558,0.003345,0.007008,0.010102,0.000491
25700,779,16347,15568,15566,2,0,0,146,33.460639,0.0,28817.135695,968.123633,2278.415729,2114.907294,3800.56,25700,33,77,32073600.0,7067749.7858,18965.2267,20062.8146,566.5105,27.3676,0.3985,0.0,73,0.050064,1.065196,0.488728,0.509636,1.065128,0.410275,0.45497,0.329497,0.507282,0.051748,0.200563,0.311171,0.499231,0.42756,0.057879,0.040804,0.006861,0.014231,0.056953,0.007088,0.034263,0.008249,0.008909,0.000125,0.001583,0.003352,0.007015,0.010071,0.000489
25720,796,16377,15581,15579,2,0,0,140,29.756342,0.0,28908.778442,982.862499,2267.381159,2110.036128,3724.09,25720,33,77,32098560.0,7076442.1609,18993.0595,20093.0046,567.0079,27.3676,0.3985,0.0,73,0.051508,1.064821,0.488061,0.508618,1.062326,0.41107,0.455394,0.329755,0.508375,0.051721,0.199822,0.310817,0.49814,0.427258,0.058112,0.040787,0.006923,0.014252,0.054943,0.00705,0.034633,0.008427,0.009055,0.000126,0.001485,0.003322,0.007037,0.010437,0.000507
25740,797,16399,15602,15600,2,0,0,145,30.093187,0.0,28957.640709,987.160288,2262.746526,2101.81204,3728.66,25740,33,77,32123520.0,7085148.9772,19022.254,20124.4189,567.2949,27.3676,0.3985,0.0,73,0.050188,1.064716,0.488873,0.508586,1.064276,0.411357,0.456807,0.329342,0.508782,0.051652,0.199961,0.310436,0.498061,0.427475,0.058012,0.040987,0.0069,0.014547,0.054848,0.007081,0.035259,0.008512,0.008951,0.000124,0.001504,0.00333,0.007026,0.010397,0.000502
25760,810,16424,15614,15612,2,0,0,139,27.060018,0.0,28917.674766,1006.26183,2246.678152,2092.359467,3670.35,25760,33,77,32148480.0,7093890.876,19046.0074,20155.6881,569.2777,27.3676,0.3985,0.0,73,0.049383,1.06716,0.48992,0.508838,1.065217,0.411652,0.455893,0.329037,0.508361,0.051529,0.199889,0.310847,0.498071,0.426645,0.058131,0.041191,0.006936,0.014936,0.054964,0.006995,0.035189,0.008507,0.008967,0.000124,0.001493,0.003346,0.007041,0.010319,0.000502
25780,807,16439,15632,15630,2,0,0,138,27.394209,0.0,28819.937427,1010.506841,2242.09895,2092.358757,3682.74,25780,33,77,32173440.0,7102643.4386,19057.4314,20182.28,570.207,27.3676,0.4903,0.0,73,0.050805,1.068278,0.489317,0.508461,1.062713,0.411716,0.457392,0.330047,0.50894,0.051622,0.19987,0.310849,0.498798,0.427025,0.058147,0.041193,0.006978,0.01536,0.052863,0.006957,0.035482,0.008846,0.008962,0.000132,0.00152,0.00328,0.007007,0.010326,0.000503
25800,815,16466,15651,15649,2,0,0,136,30.351163,0.0,28687.094401,1011.534538,2238.114299,2092.358406,3659.54,25800,33,77,32198400.0,7111424.5365,19068.8553,20209.1741,570.6928,27.3676,0.5123,0.0,73,0.051534,1.064347,0.488892,0.508652,1.064628,0.410896,0.460734,0.329048,0.510324,0.051857,0.199164,0.311207,0.497866,0.427555,0.058072,0.040286,0.007071,0.015514,0.051965,0.006902,0.036451,0.008306,0.008844,0.000139,0.001431,0.003401,0.00696,0.010603,0.000489
25820,812,16485,15673,15671,2,0,0,147,34.808523,0.0,28604.825395,1006.689213,2238.502264,2092.358233,3671.88,25820,33,77,32223360.0,7120240.3412,19080.2793,20234.0494,570.7743,27.3676,0.5123,0.0,73,0.050493,1.062698,0.489702,0.508457,1.062238,0.410507,0.460497,0.328476,0.510676,0.051835,0.199329,0.311295,0.498301,0.42834,0.058136,0.039984,0.007113,0.015434,0.052205,0.006797,0.036329,0.008346,0.0092,0.000137,0.001447,0.003414,0.006979,0.010566,0.000501
25840,813,16504,15691,15688,3,0,0,149,29.596431,0.0,28528.492533,1012.847885,2237.555684,2092.358148,3677.91,25840,33,77,32248320.0,7129073.1745,19091.7032,20261.7257,571.2838,36.3423,1.3226,0.0,82,0.0492,1.063015,0.490669,0.507504,1.062139,0.40943,0.458895,0.326878,0.510706,0.051866,0.199736,0.310683,0.497569,0.428322,0.0579,0.039907,0.007475,0.01474,0.052432,0.00671,0.035282,0.008014,0.00916,0.000134,0.001505,0.003338,0.006893,0.010553,0.000499
25860,809,16524,15715,15712,3,0,0,160,35.572984,0.0,28481.882423,1006.778611,2237.648405,2093.613397,3702.18,25860,33,77,32273280.0,7137935.8352,19101.6826,20284.9865,571.5824,36.3423,1.3226,0.0,82,0.051916,1.065342,0.48934,0.506857,1.06334,0.408017,0.459399,0.326533,0.510422,0.05179,0.199914,0.310366,0.497564,0.429099,0.057537,0.039751,0.007252,0.014397,0.052189,0.006622,0.03502,0.007803,0.009099,0.000135,0.00152,0.003373,0.006851,0.010466,0.00049
25880,822,16553,15731,15728,3,0,0,153,30.344175,0.0,28486.222712,1010.192564,2239.463261,2095.244224,3648.27,25880,33,77,32298240.0,7146832.2145,19109.8964,20310.5264,572.0159,36.3423,1.3226,0.0,82,0.049878,1.061516,0.488809,0.505523,1.064252,0.408113,0.460021,0.326872,0.510587,0.051933,0.199666,0.310586,0.496714,0.429537,0.057698,0.039245,0.007332,0.01395,0.052619,0.006401,0.034837,0.008065,0.009176,0.000151,0.001518,0.003338,0.006854,0.010504,0.000487
25900,822,16570,15748,15745,3,0,0,154,30.395542,0.0,28441.546667,1020.229673,2229.374784,2095.963099,3648.24,25900,33,77,32323200.0,7155728.2426,19118.1102,20341.8994,572.4314,36.3423,1.3226,0.0,82,0.049878,1.060355,0.487741,0.505179,1.062011,0.409409,0.460816,0.326794,0.510915,0.051963,0.199592,0.310669,0.497637,0.429939,0.057768,0.039325,0.007207,0.014286,0.05334,0.006421,0.035019,0.008057,0.009414,0.00015,0.001518,0.003343,0.007124,0.010472,0.000505
25920,818,16588,15770,15767,3,0,0,156,33.887637,0.0,28386.256734,1015.363283,2230.74908,2096.269357,3657.5,25920,33,77,32348160.0,7164624.8326,19126.324,20367.1665,572.7989,36.3423,1.3226,0.0,82,0.052567,1.057032,0.487367,0.506677,1.05957,0.410148,0.462615,0.325682,0.511087,0.051827,0.199899,0.309841,0.497271,0.429386,0.05801,0.038738,0.006981,0.015066,0.053968,0.006395,0.035664,0.007571,0.009453,0.000147,0.001521,0.003345,0.007123,0.010226,0.000512
25940,819,16610,15791,15788,3,0,0,161,34.119636,0.0,28370.333042,1010.362816,2235.517548,2096.397925,3648.98,25940,33,77,32373120.0,7173520.4298,19134.5378,20388.4071,573.1297,36.3423,1.3226,0.0,82,0.052503,1.055043,0.486409,0.505574,1.058802,0.409843,0.462344,0.325892,0.510912,0.051977,0.199997,0.309514,0.497862,0.430685,0.057822,0.038576,0.006872,0.015058,0.052555,0.006383,0.036363,0.00764,0.009272,0.000156,0.001533,0.003363,0.007451,0.010461,0.000506
25960,813,16634,15821,15817,4,0,0,171,37.124405,0.0,28390.146211,999.27507,2243.600525,2096.451565,3686.0,25960,34,77,32398080.0,7182403.4723,19142.7516,20414.7156,573.3318,43.9414,1.9779,0.0,82,0.050431,1.055751,0.487049,0.50634,1.059603,0.410061,0.460705,0.325353,0.510655,0.051979,0.200475,0.309688,0.49865,0.429925,0.057549,0.038413,0.006775,0.014319,0.053037,0.006265,0.03613,0.007305,0.009142,0.000152,0.001509,0.003289,0.007362,0.010298,0.000495
25980,826,16659,15833,15829,4,0,0,161,37.783265,0.0,28363.312688,1015.54832,2226.668415,2096.473887,3637.86,25980,34,77,32423040.0,7191303.9386,19150.9654,20445.1009,573.891,43.9414,1.9779,0.0,82,0.052058,1.057522,0.486817,0.506799,1.058286,0.410199,0.460156,0.325842,0.510306,0.051901,0.199647,0.311114,0.497501,0.430102,0.057554,0.03894,0.006597,0.014466,0.053553,0.006248,0.035842,0.007251,0.009075,0.000153,0.001466,0.003397,0.007201,0.010354,0.000496
26000,826,16675,15849,15845,4,0,0,163,39.388788,0.0,28292.457231,1022.590172,2218.02104,2096.483165,3610.41,26000,34,77,32448000.0,7200204.8943,19159.1792,20472.8313,574.4209,43.9414,1.9779,0.0,82,0.053269,1.057436,0.48712,0.507004,1.058417,0.409741,0.460521,0.326297,0.51094,0.052013,0.199604,0.311321,0.498096,0.429337,0.057489,0.039293,0.006603,0.014945,0.052926,0.006434,0.036416,0.007449,0.009252,0.000157,0.001473,0.003486,0.007332,0.010393,0.000497
26020,823,16690,15867,15863,4,0,0,163,38.287009,0.0,28196.751973,1022.981433,2218.731558,2096.48702,3632.16,26020,34,77,32472960.0,7209106.1043,19167.3931,20495.8501,574.6404,43.9414,1.9779,0.0,82,0.053463,1.057944,0.488912,0.507402,1.057155,0.409419,0.458509,0.324976,0.51061,0.051967,0.199713,0.311603,0.497324,0.428098,0.057331,0.039324,0.006884,0.014888,0.052231,0.006442,0.035702,0.007342,0.009372,0.000149,0.00148,0.00347,0.007147,0.010407,0.000496
26040,818,16708,15890,15886,4,0,0,155,36.075558,0.0,28119.844479,1016.695441,2227.229001,2096.488622,3648.58,26040,34,77,32497920.0,7218007.3143,19175.6069,20518.1369,574.8827,43.9414,1.9779,0.0,82,0.05379,1.056545,0.488321,0.507589,1.052827,0.410194,0.459156,0.324638,0.510019,0.051922,0.199844,0.311037,0.498861,0.428454,0.057503,0.039424,0.006852,0.01538,0.049193,0.00641,0.035975,0.00754,0.009344,0.000147,0.001481,0.003278,0.00713,0.010424,0.000499
26060,813,16729,15916,15912,4,0,0,158,36.634521,0.0,28151.958287,1003.939211,2239.426268,2096.780168,3681.67,26060,34,77,32522880.0,7226908.1813,19183.486,20538.7366,575.279,43.9414,1.9779,0.0,82,0.050431,1.056311,0.487544,0.505811,1.055885,0.41082,0.461318,0.324933,0.509321,0.051952,0.199301,0.311299,0.499206,0.427392,0.057703,0.039456,0.006953,0.014819,0.050324,0.006461,0.036165,0.007649,0.00931,0.000148,0.001426,0.003331,0.006962,0.010336,0.000501
26080,804,16745,15941,15937,4,0,0,164,39.63238,0.0,28306.194979,992.891962,2247.475658,2096.694034,3715.29,26080,34,77,32547840.0,7235834.7663,19191.5265,20559.2808,575.3672,43.9414,1.9779,0.0,73,0.050995,1.058005,0.487701,0.505233,1.056426,0.411509,0.463762,0.326702,0.508658,0.052045,0.199126,0.311102,0.498887,0.428233,0.058219,0.040403,0.006954,0.015061,0.051629,0.006586,0.036964,0.008474,0.009577,0.000154,0.001407,0.003345,0.007045,0.010692,0.000505
26100,802,16764,15962,15958,4,0,0,167,42.054791,0.0,28505.345177,995.497905,2242.447305,2096.574361,3724.1,26100,34,77,32572800.0,7244813.7018,19199.7403,20587.6459,576.2572,43.9414,1.9779,0.0,82,0.052369,1.060671,0.488553,0.5064,1.058395,0.410857,0.46578,0.326948,0.510151,0.052008,0.198961,0.311772,0.498179,0.428504,0.058249,0.041548,0.007057,0.015671,0.053334,0.006603,0.037287,0.008424,0.009789,0.000156,0.001412,0.003471,0.007082,0.010605,0.000516
26120,810,16791,15981,15977,4,0,0,164,38.201642,0.0,28695.369739,998.846271,2242.952087,2096.524858,3672.7,26120,34,77,32597760.0,7253817.5395,19207.9541,20614.0073,577.7328,43.9414,2.531,0.0,82,0.051852,1.059908,0.489595,0.505911,1.059265,0.410949,0.466446,0.326133,0.511422,0.05202,0.198724,0.311278,0.497769,0.427912,0.057944,0.041744,0.007357,0.015774,0.053452,0.00659,0.037272,0.008297,0.009787,0.000154,0.001392,0.003448,0.007076,0.010704,0.000511
26140,818,16820,16002,15997,5,0,0,164,37.630526,0.0,28826.455184,1006.458426,2235.911048,2096.504331,3647.19,26140,34,77,32622720.0,7262829.0782,19216.1679,20647.4745,578.4691,57.1508,3.063,0.0,82,0.050122,1.05956,0.489821,0.506435,1.058902,0.412371,0.466253,0.32662,0.511773,0.051977,0.198595,0.312269,0.497989,0.426546,0.057887,0.040794,0.0074,0.016181,0.053027,0.006796,0.037339,0.008361,0.009799,0.000155,0.001424,0.003545,0.007155,0.010443,0.000528
26160,820,16842,16022,16017,5,0,0,163,36.455958,0.0,28938.145369,1011.003516,2232.540526,2096.495811,3652.05,26160,34,77,32647680.0,7271845.8628,19224.3817,20677.576,579.2947,57.1508,3.063,0.0,73,0.05,1.057234,0.490327,0.504579,1.060049,0.412587,0.463353,0.325451,0.512079,0.052182,0.198466,0.312536,0.496089,0.4272,0.057364,0.040133,0.007411,0.0155,0.052727,0.00674,0.036654,0.008318,0.009864,0.000161,0.001396,0.003558,0.006578,0.010478,0.000505
26180,823,16864,16041,16036,5,0,0,159,37.01169,0.0,29044.14336,1013.658047,2229.330263,2096.492273,3650.2,26180,34,77,32672640.0,7280862.2943,19232.5955,20704.3148,580.2858,57.1508,3.338,0.0,73,0.051033,1.054817,0.48953,0.504313,1.05923,0.411332,0.46291,0.325721,0.511399,0.052247,0.199541,0.312238,0.496587,0.42676,0.0572,0.039425,0.007401,0.01535,0.051932,0.006738,0.036787,0.008291,0.009695,0.000166,0.001476,0.003574,0.006692,0.010313,0.000499
26200,829,16888,16059,16054,5,0,0,163,36.138842,0.0,29089.696396,1021.009264,2222.851893,2096.808924,3618.38,26200,34,77,32697600.0,7289873.6101,19240.3013,20732.6071,582.1172,57.1508,3.8171,0.0,73,0.050663,1.056109,0.488815,0.505877,1.060487,0.410793,0.462912,0.326244,0.5129,0.052056,0.199375,0.312117,0.496658,0.427572,0.057311,0.039155,0.007116,0.015373,0.05297,0.006555,0.036962,0.008266,0.00966,0.000153,0.001468,0.00354,0.006554,0.01018,0.000511
26220,826,16906,16080,16075,5,0,0,172,42.530012,0.0,29076.617402,1021.139665,2216.330323,2096.621729,3632.04,26220,34,77,32722560.0,7298885.6401,19248.5151,20759.4211,583.1016,57.1508,3.8171,0.0,73,0.050847,1.054067,0.489043,0.505116,1.05822,0.410964,0.461962,0.326031,0.512592,0.052001,0.199465,0.311397,0.4965,0.42761,0.057246,0.038724,0.007156,0.015338,0.049664,0.006582,0.036729,0.008231,0.009613,0.000151,0.001493,0.003327,0.006588,0.01019,0.000517
26240,823,16924,16101,16096,5,0,0,174,39.38069,0.0,29078.027599,1019.640941,2220.978369,2096.544472,3659.08,26240,34,77,32747520.0,7307897.6701,19256.7289,20783.4687,584.1015,57.1508,3.8171,0.0,73,0.052248,1.055786,0.489545,0.505133,1.05847,0.411592,0.462756,0.326759,0.512162,0.052005,0.199523,0.311611,0.496148,0.427821,0.057029,0.038929,0.007145,0.015369,0.049041,0.006617,0.036941,0.008263,0.009725,0.000151,0.001477,0.003344,0.006605,0.010261,0.00052
26260,830,16952,16122,16117,5,0,0,175,36.821456,0.0,29096.611597,1020.218738,2222.959806,2096.512467,3627.47,26260,34,77,32772480.0,7316909.1677,19264.9427,20809.208,585.8837,57.1508,3.8171,0.0,73,0.051807,1.058531,0.489058,0.506096,1.058828,0.411671,0.463731,0.327182,0.510325,0.051983,0.199659,0.311321,0.496921,0.429314,0.057108,0.039984,0.007147,0.015449,0.05238,0.006539,0.037361,0.00843,0.009456,0.000148,0.001484,0.003318,0.006623,0.01035,0.00052
26280,830,16975,16145,16140,5,0,0,172,35.169236,0.0,29116.685391,1019.207992,2225.622772,2096.499188,3633.95,26280,34,77,32797440.0,7325920.9518,19273.1565,20838.3041,586.7379,57.1508,3.8171,0.0,82,0.051807,1.055652,0.488314,0.50613,1.058223,0.410734,0.464878,0.326907,0.509223,0.052003,0.200178,0.310941,0.4974,0.430587,0.057273,0.040179,0.006915,0.015367,0.052069,0.006522,0.037416,0.008408,0.009189,0.000149,0.001529,0.003224,0.006554,0.010372,0.000502
26300,826,16993,16167,16162,5,0,0,167,32.762014,0.0,29139.253041,1020.54565,2226.692336,2096.493675,3661.21,26300,34,77,32822400.0,7334948.1723,19281.3703,20867.5725,587.6462,57.1508,3.8171,0.0,82,0.050847,1.05548,0.48863,0.506586,1.058393,0.41108,0.465419,0.326732,0.509285,0.051945,0.19965,0.310711,0.496958,0.43079,0.057233,0.040092,0.00701,0.015323,0.05257,0.006458,0.037407,0.008179,0.009093,0.000146,0.00153,0.003229,0.006625,0.010317,0.000502
26320,827,17009,16182,16177,5,0,0,165,33.812225,0.0,29154.719289,1027.809057,2218.378717,2096.380462,3664.0,26320,34,77,32847360.0,7343992.6235,19289.704,20893.3758,588.6763,57.1508,3.8171,0.0,82,0.050786,1.054804,0.489035,0.507555,1.058848,0.410391,0.465874,0.326134,0.509334,0.051903,0.199944,0.311364,0.496808,0.430845,0.057332,0.040227,0.007076,0.015241,0.053246,0.006503,0.037552,0.00751,0.009059,0.000144,0.001541,0.00349,0.006607,0.010349,0.000504
26340,825,17020,16195,16190,5,0,0,160,29.347807,0.0,29198.852226,1029.953434,2220.698759,2095.14722,3688.0,26340,34,77,32872320.0,7353042.9935,19299.6826,20912.036,588.6763,57.1508,3.8171,0.0,82,0.048485,1.054505,0.488521,0.5072,1.058758,0.410185,0.464871,0.325681,0.509414,0.051891,0.199789,0.311743,0.496491,0.431143,0.057474,0.039972,0.007113,0.014906,0.053038,0.006347,0.036849,0.007447,0.009039,0.000144,0.001539,0.003448,0.00653,0.010373,0.000508
26360,823,17037,16214,16209,5,0,0,163,31.789243,0.0,29213.290714,1025.461948,2222.748809,2093.739287,3708.24,26360,34,77,32897280.0,7362093.3635,19310.9815,20931.0811,589.2445,57.1508,3.8171,0.0,82,0.052248,1.056474,0.48926,0.506573,1.060064,0.409807,0.465416,0.326384,0.510857,0.051971,0.200311,0.31154,0.495676,0.431437,0.057469,0.040256,0.007035,0.015244,0.052907,0.006402,0.037561,0.007453,0.008891,0.000143,0.00157,0.003426,0.006652,0.010368,0.000526
26380,820,17055,16235,16230,5,0,0,158,30.984343,0.0,29267.502665,1021.97142,2227.044237,2093.010301,3721.77,26380,34,77,32922240.0,7371143.3315,19322.4265,20951.9376,590.9465,57.1508,3.8171,0.0,82,0.053659,1.059244,0.489472,0.507753,1.060457,0.409527,0.467419,0.327138,0.511598,0.051972,0.199992,0.311376,0.49645,0.430329,0.057385,0.041041,0.007096,0.015399,0.052981,0.006563,0.038875,0.00776,0.00894,0.000143,0.001581,0.003559,0.006779,0.010216,0.00053
26400,827,17075,16248,16243,5,0,0,148,29.02646,0.0,29327.963672,1027.865887,2223.107652,2092.661393,3696.0,26400,34,77,32947200.0,7380207.764,19333.8715,20972.8513,591.611,57.1508,3.8171,0.0,82,0.053204,1.061844,0.49115,0.5077,1.058263,0.410554,0.466744,0.327089,0.511118,0.05202,0.199824,0.310861,0.4972,0.429655,0.057705,0.041103,0.007661,0.01543,0.052871,0.006648,0.038634,0.007843,0.009196,0.000145,0.0016,0.003583,0.006775,0.010348,0.000542
26420,821,17092,16271,16266,5,0,0,151,32.906435,0.0,29382.372574,1018.840053,2228.253512,2092.491684,3733.11,26420,34,77,32972160.0,7389276.7036,19345.3166,20993.6622,592.677,57.1508,3.8171,0.0,82,0.053593,1.06035,0.491494,0.507453,1.055065,0.410694,0.465852,0.326135,0.5122,0.051983,0.199334,0.310709,0.496568,0.428719,0.057521,0.039803,0.007505,0.015443,0.049164,0.006556,0.038605,0.007688,0.009115,0.000145,0.001513,0.003513,0.006735,0.010081,0.000544
26440,817,17103,16286,16281,5,0,0,149,30.840628,0.0,29510.979311,1019.235191,2229.924181,2092.408491,3760.92,26440,34,77,32997120.0,7398344.7372,19356.7616,21014.6965,592.8441,57.1508,3.8171,0.0,82,0.05508,1.06018,0.491742,0.507446,1.052821,0.411522,0.467462,0.326511,0.511845,0.052217,0.199179,0.311106,0.497089,0.429397,0.057784,0.039703,0.007561,0.01578,0.048886,0.006602,0.039163,0.007665,0.009182,0.000166,0.001513,0.003543,0.006743,0.010261,0.000557
26460,818,17119,16301,16296,5,0,0,154,32.142517,0.0,29609.910868,1019.356971,2228.500513,2092.367552,3765.87,26460,34,77,33022080.0,7407413.5354,19368.2066,21033.9206,593.7187,57.1508,3.8171,0.0,82,0.052567,1.059568,0.492416,0.506884,1.056522,0.411161,0.467583,0.326865,0.511128,0.052282,0.199191,0.311299,0.496887,0.429001,0.057859,0.0396,0.007562,0.01568,0.049757,0.00654,0.039752,0.007853,0.009196,0.000167,0.00151,0.003538,0.006635,0.010295,0.000552
26480,823,17147,16324,16319,5,0,0,149,31.453938,0.0,29745.00865,1013.928337,2234.617726,2092.347369,3747.94,26480,34,77,33047040.0,7416485.7185,19379.6516,21057.0271,594.4317,57.1508,3.8171,0.0,82,0.052248,1.060854,0.491862,0.507566,1.059647,0.411794,0.468856,0.326285,0.513144,0.052304,0.199188,0.311014,0.496527,0.429496,0.057649,0.039896,0.007311,0.015772,0.050221,0.006586,0.040221,0.007802,0.009396,0.000168,0.001518,0.003671,0.006649,0.010322,0.000547
26500,813,17165,16352,16346,6,0,0,147,31.412068,23.024635,29856.781144,1009.359693,2239.228239,2092.33741,3772.52,26500,35,77,33072000.0,7425565.149,19391.0966,21087.0341,595.7568,69.6752,3.8171,0.0,82,0.052891,1.060882,0.491845,0.508917,1.060402,0.411771,0.470334,0.326741,0.514249,0.052284,0.198945,0.310919,0.496984,0.4298,0.057675,0.040048,0.007326,0.016233,0.050537,0.006845,0.040606,0.007835,0.009406,0.000169,0.001521,0.003715,0.006711,0.010138,0.000546
26520,818,17185,16367,16361,6,0,0,146,30.01045,18.832009,29994.607966,1017.757969,2232.231581,2092.332493,3758.41,26520,35,77,33096960.0,7434645.0687,19402.5417,21115.1505,596.646,69.6752,3.8171,0.0,73,0.0489,1.060746,0.4915,0.506094,1.061995,0.409699,0.46817,0.326115,0.513276,0.052265,0.199991,0.3113,0.496557,0.430709,0.057535,0.039627,0.007393,0.015106,0.051221,0.00649,0.038779,0.007703,0.009455,0.000169,0.001577,0.003707,0.006742,0.010224,0.00053
26540,822,17211,16389,16383,6,0,0,150,34.30399,15.402831,30141.285828,1010.740936,2234.955074,2092.330065,3737.73,26540,35,77,33121920.0,7443729.6177,19413.9867,21136.6335,597.597,69.6752,3.8171,0.0,73,0.048662,1.059927,0.491303,0.505871,1.065542,0.410075,0.46796,0.326004,0.51246,0.052232,0.1999,0.311747,0.495813,0.430312,0.057601,0.039587,0.007342,0.014672,0.052404,0.006369,0.03857,0.007602,0.00941,0.00017,0.001489,0.003892,0.006726,0.010154,0.00052
26560,835,17238,16403,16397,6,0,0,148,34.614478,3.655228,30227.51397,1024.74184,2220.643682,2092.328866,3693.73,26560,35,77,33146880.0,7452824.0577,19425.4317,21168.1695,598.3175,77.0056,3.8171,0.0,82,0.047904,1.058795,0.491257,0.506333,1.063016,0.410164,0.469232,0.32669,0.511853,0.052142,0.199785,0.311331,0.495656,0.429704,0.057632,0.040199,0.007362,0.014822,0.052118,0.006177,0.038711,0.00785,0.009695,0.000168,0.001437,0.003797,0.00669,0.010096,0.000515
26580,841,17258,16417,16411,6,0,0,141,34.051604,2.989636,30198.168853,1036.99514,2208.953255,2092.328273,3664.44,26580,35,77,33171840.0,7461917.8011,19436.8767,21199.7431,598.7523,77.0056,3.8171,0.0,73,0.046373,1.055924,0.490776,0.504769,1.062335,0.409791,0.468706,0.326244,0.513366,0.052188,0.199954,0.311948,0.495564,0.430018,0.057517,0.039826,0.007333,0.014224,0.051111,0.006074,0.038849,0.007923,0.010173,0.000166,0.001432,0.003843,0.006694,0.010093,0.000514
26600,835,17273,16438,16432,6,0,0,145,36.358512,2.445244,30117.908338,1038.407392,2205.234097,2092.327981,3700.58,26600,35,77,33196800.0,7471012.2411,19448.3217,21228.3183,599.214,77.0056,3.8171,0.0,73,0.046707,1.05499,0.490431,0.504493,1.059838,0.410158,0.466809,0.325246,0.513497,0.052117,0.199833,0.311399,0.495864,0.429662,0.057255,0.039402,0.007041,0.014205,0.049364,0.006052,0.038216,0.007881,0.010046,0.000158,0.001404,0.00371,0.006551,0.010006,0.00051
26620,839,17301,16462,16456,6,0,0,149,37.529147,1.999982,30085.820827,1029.993934,2212.476919,2092.327836,3694.86,26620,35,77,33221760.0,7480106.2701,19459.7668,21251.4985,600.4084,77.0056,3.8171,0.0,73,0.047676,1.056821,0.488966,0.506241,1.056039,0.411765,0.468074,0.326787,0.513427,0.051974,0.199142,0.310386,0.496107,0.43035,0.057741,0.039151,0.00688,0.015517,0.04991,0.006526,0.038613,0.008341,0.010129,0.00015,0.001435,0.003436,0.006768,0.009902,0.000531
26640,841,17327,16486,16480,6,0,0,149,33.511445,1.635799,30047.812316,1034.045086,2212.443469,2092.327765,3683.78,26640,35,77,33246720.0,7489199.5937,19471.2118,21285.4517,600.9881,77.0056,3.8171,0.0,73,0.05113,1.059379,0.489045,0.506026,1.056568,0.412066,0.467728,0.327872,0.513654,0.051949,0.199079,0.31025,0.496199,0.43108,0.057697,0.03982,0.006857,0.015591,0.050358,0.006564,0.039116,0.0086,0.010297,0.000149,0.001443,0.00341,0.006735,0.010194,0.000519
26660,835,17348,16513,16507,6,0,0,153,34.217197,1.337932,30010.249668,1033.250988,2212.531815,2092.32773,3716.49,26660,35,77,33271680.0,7498305.9587,19482.6568,21316.9619,602.2983,77.0056,3.8171,0.0,73,0.050299,1.060075,0.489765,0.506741,1.058717,0.411595,0.468412,0.327411,0.513611,0.051989,0.199538,0.310664,0.495799,0.431649,0.057521,0.039401,0.006956,0.015514,0.052014,0.006578,0.039078,0.008486,0.009997,0.000152,0.001501,0.003472,0.006527,0.010185,0.000508
26680,840,17370,16530,16524,6,0,0,151,32.735401,1.094304,29981.009123,1039.656872,2207.607727,2092.327712,3702.52,26680,35,77,33296640.0,7507415.0255,19494.1018,21342.8613,603.7443,77.0056,3.8171,0.0,73,0.05119,1.062956,0.489527,0.50725,1.061344,0.412364,0.470485,0.328021,0.513403,0.051984,0.199915,0.310957,0.495363,0.432299,0.057455,0.039474,0.006964,0.015505,0.053137,0.006531,0.039654,0.008801,0.009871,0.00015,0.001509,0.003627,0.006496,0.01035,0.000518
26700,832,17387,16555,16549,6,0,0,155,34.82125,0.0,29958.560139,1035.093183,2210.085567,2092.327704,3728.89,26700,35,77,33321600.0,7516539.4663,19505.5468,21370.3792,604.4046,77.0056,3.8171,0.0,73,0.051683,1.063278,0.488554,0.508572,1.059586,0.412539,0.470865,0.327647,0.513689,0.052024,0.199621,0.311256,0.495758,0.432037,0.057441,0.039908,0.006948,0.015934,0.052928,0.006633,0.03994,0.008876,0.009913,0.00015,0.001512,0.003654,0.006425,0.010422,0.00052
26720,842,17422,16580,16574,6,0,0,155,34.668686,0.0,29929.527415,1035.568493,2209.762821,2092.3277,3687.15,26720,35,77,33346560.0,7525685.2396,19516.9919,21402.0401,605.3215,77.0056,3.8171,0.0,73,0.051069,1.063763,0.488975,0.50875,1.061066,0.412133,0.471843,0.327879,0.512729,0.052019,0.199067,0.31047,0.496859,0.431231,0.05785,0.040205,0.007068,0.016345,0.054219,0.006567,0.041952,0.009109,0.009919,0.000164,0.001508,0.003502,0.006475,0.010234,0.000557
26740,840,17444,16604,16598,6,0,0,161,38.571309,0.0,29900.360041,1039.314539,2202.114152,2092.327698,3695.54,26740,35,77,33371520.0,7534831.4141,19528.4369,21436.0134,606.4278,77.0056,3.8171,0.0,73,0.05,1.065041,0.490206,0.509607,1.063232,0.411807,0.47184,0.328254,0.513585,0.052144,0.199155,0.309453,0.496594,0.430291,0.05777,0.039314,0.007057,0.016877,0.055986,0.006541,0.042015,0.009052,0.009707,0.000162,0.0015,0.003423,0.006525,0.010221,0.000551
26760,839,17464,16625,16619,6,0,0,155,33.353478,0.0,29869.083271,1041.681099,2204.965422,2092.327697,3704.15,26760,35,77,33396480.0,7543977.2267,19539.8819,21464.8418,607.1394,77.0056,3.9023,0.0,73,0.048868,1.063952,0.490602,0.50848,1.062903,0.412705,0.471196,0.328809,0.512752,0.052332,0.198684,0.310062,0.496527,0.429127,0.057926,0.039122,0.007525,0.016688,0.056646,0.006489,0.041703,0.009178,0.009637,0.000168,0.001479,0.003653,0.006783,0.010621,0.000562
26780,839,17488,16649,16643,6,0,0,165,41.310622,0.0,29807.938673,1039.286895,2199.402483,2092.940774,3700.09,26780,35,77,33421440.0,7553123.4677,19550.6807,21493.3136,607.4408,77.0056,4.7917,0.0046,73,0.048868,1.063961,0.489881,0.507441,1.062736,0.412451,0.472696,0.329249,0.512572,0.052361,0.199059,0.310684,0.496807,0.428299,0.057858,0.039215,0.00745,0.016793,0.056613,0.006465,0.041608,0.009168,0.009614,0.000168,0.001516,0.003716,0.006765,0.010705,0.000561
26800,840,17515,16675,16668,7,0,0,166,39.156312,0.0,29742.23184,1040.270441,2200.573248,2094.937568,3659.89,26800,35,77,33446400.0,7562269.3393,19558.8945,21526.7212,608.2116,88.7342,4.9902,0.0101,82,0.047619,1.063402,0.490276,0.509041,1.064309,0.411535,0.472389,0.328298,0.513387,0.052153,0.199686,0.309934,0.496577,0.4284,0.057783,0.039167,0.007248,0.016893,0.056468,0.006648,0.042319,0.008638,0.00952,0.00016,0.001521,0.003657,0.00683,0.010607,0.000565
26820,840,17540,16700,16693,7,0,0,172,40.360096,0.0,29699.317905,1039.464511,2200.175393,2095.830514,3662.22,26820,35,77,33471360.0,7571415.4921,19567.1083,21558.0157,609.4074,88.7342,4.9902,0.0101,73,0.046429,1.063543,0.489652,0.509836,1.061212,0.411513,0.470222,0.328209,0.512193,0.052205,0.199968,0.310497,0.496834,0.428097,0.057707,0.039139,0.007263,0.016655,0.056746,0.006444,0.041489,0.00864,0.00927,0.000159,0.001523,0.003593,0.006782,0.010486,0.000567
26840,851,17564,16713,16706,7,0,0,171,37.653001,0.0,29580.383361,1053.395076,2188.951923,2096.213347,3618.6,26840,35,77,33496320.0,7580576.9879,19575.3221,21588.5032,610.0022,88.7342,5.364,0.0101,82,0.047004,1.063295,0.490579,0.510096,1.059234,0.41106,0.470871,0.328522,0.511521,0.052311,0.199797,0.310331,0.49661,0.428859,0.057807,0.038991,0.007207,0.016827,0.057382,0.006518,0.04143,0.008591,0.009342,0.000163,0.001531,0.00366,0.006762,0.010525,0.000564
26860,846,17582,16736,16729,7,0,0,169,40.18294,0.0,29428.442587,1054.807352,2185.009708,2096.374496,3640.22,26860,35,77,33521280.0,7589746.6723,19583.5359,21618.9545,611.0476,88.7342,5.6134,0.0101,82,0.047281,1.06357,0.489442,0.51203,1.057719,0.412269,0.470316,0.329101,0.511691,0.052183,0.200037,0.31017,0.496519,0.428392,0.057472,0.038648,0.006991,0.01746,0.056409,0.006682,0.041713,0.008602,0.009339,0.000158,0.001542,0.003616,0.006779,0.010193,0.000546
26880,844,17604,16760,16753,7,0,0,169,36.822124,0.0,29329.646696,1048.72677,2194.451106,2096.441805,3659.09,26880,35,77,33546240.0,7598915.9197,19591.7497,21642.8041,612.466,88.7342,5.6279,0.0101,73,0.047393,1.062851,0.489429,0.509773,1.058015,0.411783,0.469314,0.328979,0.511825,0.052156,0.200146,0.310468,0.496087,0.428705,0.057297,0.038901,0.007139,0.016368,0.053824,0.006656,0.041041,0.008919,0.009582,0.000162,0.001531,0.003613,0.006785,0.010158,0.000532
26900,840,17623,16783,16776,7,0,0,172,42.679172,0.0,29300.221561,1041.107537,2196.213291,2096.469828,3674.12,26900,35,77,33571200.0,7608085.6297,19599.9635,21666.1734,612.7205,88.7342,5.6279,0.0101,73,0.047619,1.059875,0.488987,0.507074,1.06213,0.41092,0.467294,0.327953,0.511727,0.052123,0.200187,0.310959,0.495224,0.427338,0.057075,0.038631,0.007034,0.014897,0.052858,0.006479,0.040235,0.008808,0.009526,0.000164,0.001515,0.003609,0.006685,0.010147,0.000518
26920,836,17642,16806,16799,7,0,0,174,42.654271,0.0,29310.639669,1037.127687,2200.218042,2096.481478,3687.38,26920,35,77,33596160.0,7617255.1004,19608.1773,21691.0991,614.0793,88.7342,5.6279,0.0101,73,0.047847,1.059909,0.489324,0.505837,1.064587,0.410163,0.468307,0.327931,0.511603,0.052035,0.200497,0.311658,0.494543,0.426889,0.057012,0.039194,0.007174,0.014781,0.053527,0.006319,0.040151,0.008794,0.009635,0.000165,0.001526,0.00364,0.006682,0.010184,0.000516
26940,835,17662,16827,16820,7,0,0,172,42.522336,0.0,29330.525359,1036.381286,2201.096379,2096.486319,3695.86,26940,35,77,33621120.0,7626424.6769,19616.3911,21714.9798,615.7546,88.7342,5.6279,0.0101,73,0.047904,1.063561,0.487756,0.507564,1.066438,0.410284,0.469974,0.32823,0.511324,0.051925,0.200492,0.311263,0.494538,0.428322,0.057128,0.040182,0.007152,0.015269,0.054276,0.006463,0.040808,0.008482,0.009585,0.000159,0.00153,0.003646,0.00665,0.010268,0.000516
26960,823,17682,16859,16852,7,0,0,174,42.180666,0.0,29422.767736,1023.408947,2214.410387,2096.488331,3744.81,26960,35,77,33646080.0,7635594.1502,19624.6049,21741.9598,617.4875,88.7342,5.6279,0.0101,73,0.046173,1.063691,0.488597,0.509111,1.069154,0.410922,0.469325,0.326703,0.511025,0.05193,0.200143,0.310376,0.495831,0.427925,0.057228,0.041157,0.007116,0.015482,0.054967,0.006464,0.040991,0.008026,0.00936,0.000162,0.001519,0.003462,0.006552,0.010102,0.000517
26980,827,17706,16879,16872,7,0,0,170,38.607792,0.0,29560.44619,1027.396642,2213.995566,2096.489166,3739.99,26980,35,77,33671040.0,7644763.4876,19632.8187,21770.9518,618.4147,88.7342,5.6279,0.0101,82,0.048368,1.064064,0.488908,0.508519,1.069241,0.410157,0.472367,0.327158,0.511264,0.051831,0.200229,0.309039,0.496323,0.429122,0.057296,0.041036,0.00724,0.01595,0.056096,0.00661,0.041593,0.008106,0.009316,0.000163,0.001539,0.003359,0.006562,0.01024,0.000509
27000,837,17735,16898,16891,7,0,0,173,40.567992,0.0,29651.176146,1032.578293,2206.853715,2096.489513,3704.85,27000,35,77,33696000.0,7653950.3346,19641.0325,21801.3236,619.3765,88.7342,5.6279,0.0101,73,0.048984,1.061976,0.490003,0.506544,1.071584,0.410927,0.47289,0.326869,0.510824,0.051982,0.200332,0.30886,0.497219,0.429447,0.057362,0.040865,0.007624,0.015287,0.055317,0.006599,0.042077,0.008315,0.009259,0.000162,0.001523,0.003345,0.006641,0.010436,0.000515
27020,831,17754,16923,16916,7,0,0,182,42.240578,0.0,29723.336854,1029.973233,2207.786189,2096.489657,3726.5,27020,36,77,33720960.0,7663137.6061,19649.2463,21829.7,620.2071,88.7342,5.6279,0.0101,73,0.050542,1.06104,0.488887,0.506209,1.071036,0.411826,0.473638,0.326568,0.510914,0.051996,0.200891,0.308441,0.497882,0.430406,0.05739,0.041506,0.007629,0.015664,0.054632,0.006617,0.042524,0.008407,0.00936,0.000162,0.001562,0.003347,0.006668,0.010442,0.000527
27040,835,17778,16943,16936,7,0,0,175,39.778358,0.0,29791.986434,1035.381308,2204.840334,2096.403524,3714.02,27040,36,77,33745920.0,7672328.7681,19657.5521,21861.0279,621.1962,88.7342,5.6279,0.0101,73,0.051497,1.060425,0.489286,0.50738,1.073007,0.411575,0.476039,0.327779,0.510294,0.05203,0.200854,0.309681,0.498351,0.431932,0.057606,0.041493,0.007816,0.015937,0.05696,0.006683,0.043841,0.008877,0.009434,0.000166,0.00161,0.003808,0.007045,0.010645,0.000538
27060,838,17798,16960,16953,7,0,0,176,36.464026,0.0,29867.001206,1040.789304,2202.74667,2095.264722,3696.39,27060,36,77,33770880.0,7681530.3818,19667.3834,21887.7753,622.0779,88.7342,5.6279,0.0101,73,0.051313,1.060874,0.490258,0.507201,1.071307,0.411707,0.475551,0.327585,0.510708,0.051979,0.200775,0.309788,0.49839,0.431999,0.057666,0.041681,0.007735,0.015766,0.056686,0.006708,0.043799,0.008632,0.009469,0.000161,0.001593,0.003781,0.007101,0.010617,0.000549
27080,846,17822,16976,16969,7,0,0,168,35.286994,0.0,29877.264467,1047.366977,2197.346029,2093.828562,3665.0,27080,36,77,33795840.0,7690737.6732,19678.595,21912.8556,622.9677,88.7342,5.6279,0.0101,73,0.050827,1.060892,0.488235,0.508114,1.069981,0.412714,0.477069,0.32803,0.510843,0.052197,0.200716,0.310798,0.498265,0.431978,0.057923,0.041942,0.007512,0.01664,0.057434,0.00702,0.045825,0.008617,0.009409,0.000176,0.001584,0.003899,0.00717,0.010704,0.00057
27100,839,17835,16996,16989,7,0,0,166,33.9978,0.0,29894.523932,1046.109485,2199.892715,2092.964019,3700.73,27100,36,77,33820800.0,7699951.3819,19690.1631,21936.679,624.1365,88.7342,6.015,0.0233,73,0.051251,1.060793,0.488409,0.509363,1.071173,0.412662,0.478337,0.328581,0.511119,0.052207,0.200695,0.310612,0.498419,0.432243,0.057938,0.042124,0.007638,0.016573,0.057356,0.007043,0.045916,0.008658,0.009564,0.000176,0.001612,0.003933,0.007255,0.01076,0.000577
27120,855,17868,17013,17006,7,0,0,167,37.172745,0.0,29832.273186,1047.841739,2194.985516,2092.549675,3641.69,27120,36,77,33845760.0,7709164.9021,19701.7312,21961.4532,624.6401,88.7342,6.0696,0.0233,82,0.049123,1.058806,0.489888,0.508587,1.066243,0.413448,0.477288,0.32679,0.511353,0.052233,0.200829,0.309901,0.498415,0.430168,0.057925,0.041078,0.007761,0.01629,0.05601,0.007135,0.045297,0.007861,0.009499,0.000174,0.001631,0.003898,0.007237,0.010558,0.000591
27140,852,17888,17036,17029,7,0,0,159,36.295507,0.0,29774.568614,1052.526551,2191.177942,2092.347256,3663.29,27140,36,77,33870720.0,7718397.0665,19713.2993,21994.4291,626.6309,88.7342,6.0696,0.0233,82,0.050469,1.056297,0.490379,0.508361,1.066257,0.412785,0.480066,0.328095,0.511637,0.052214,0.200905,0.310413,0.498164,0.430544,0.058119,0.041677,0.008184,0.016715,0.055694,0.007146,0.046176,0.008444,0.009604,0.000177,0.001655,0.003886,0.007235,0.010465,0.000611
27160,855,17912,17057,17050,7,0,0,159,36.323455,0.0,29691.128626,1053.916965,2189.759579,2092.247447,3652.94,27160,36,77,33895680.0,7727639.6949,19724.8674,22024.4034,626.8613,88.7342,6.0696,0.0233,82,0.049123,1.055867,0.490054,0.508901,1.063878,0.41303,0.479566,0.328143,0.512028,0.052165,0.200438,0.311032,0.498573,0.429464,0.058266,0.040474,0.007989,0.016606,0.056161,0.007106,0.046436,0.008513,0.009438,0.000172,0.001593,0.003818,0.007076,0.010392,0.000608
27180,845,17929,17084,17077,7,0,0,167,39.169642,0.0,29696.74334,1042.885412,2197.944946,2092.198006,3700.84,27180,36,77,33920640.0,7736896.1878,19736.4355,22048.4858,627.3389,88.7342,6.0696,0.0233,82,0.048521,1.054311,0.49081,0.510295,1.062919,0.41223,0.48225,0.328365,0.512303,0.052093,0.200506,0.311128,0.499195,0.429812,0.058419,0.040277,0.008106,0.016773,0.057025,0.007123,0.047695,0.008369,0.009582,0.000173,0.001571,0.003849,0.007013,0.010575,0.000613
27200,845,17951,17106,17099,7,0,0,164,37.250828,0.0,29714.256781,1044.165025,2198.584147,2092.17346,3713.63,27200,36,77,33945600.0,7746163.17,19748.0036,22075.346,628.5916,88.7342,6.1167,0.0233,73,0.047337,1.055757,0.491597,0.510387,1.060423,0.41241,0.482468,0.327776,0.512399,0.052202,0.200671,0.311357,0.498663,0.430412,0.058539,0.040106,0.008232,0.016496,0.057197,0.007187,0.047744,0.008261,0.009635,0.000174,0.001578,0.00386,0.006975,0.010867,0.00063
27220,855,17978,17123,17116,7,0,0,155,33.511547,0.0,29691.506874,1050.566385,2195.922068,2092.161261,3644.28,27220,36,77,33970560.0,7755431.5823,19759.5717,22103.2196,629.7156,88.7342,6.1167,0.0233,82,0.049123,1.054916,0.49148,0.510707,1.0585,0.412393,0.484386,0.327991,0.512993,0.052109,0.200172,0.312,0.498123,0.430636,0.058517,0.040059,0.008042,0.016513,0.056573,0.007229,0.05266,0.008067,0.009548,0.000172,0.00154,0.003834,0.006987,0.010776,0.000648
27240,856,17998,17142,17135,7,0,0,155,34.114645,0.0,29642.051411,1053.882213,2192.003142,2092.155194,3648.69,27240,36,77,33995520.0,7764696.423,19771.1398,22131.435,630.2175,88.7342,6.1167,0.0233,82,0.047897,1.052694,0.491581,0.511582,1.062658,0.41264,0.481974,0.327569,0.512337,0.052067,0.200608,0.312316,0.498072,0.429835,0.058284,0.039677,0.007859,0.016401,0.057222,0.007145,0.052481,0.007958,0.009614,0.00017,0.001533,0.003857,0.007002,0.010669,0.000629
27260,846,18015,17169,17162,7,0,0,166,38.746293,0.0,29579.912249,1047.284693,2193.969014,2092.152176,3701.94,27260,36,77,34020480.0,7773957.8899,19782.708,22158.863,631.472,88.7342,6.1167,0.0233,82,0.048463,1.05305,0.491396,0.51229,1.063252,0.412604,0.481133,0.327279,0.511803,0.051993,0.200896,0.311823,0.497983,0.430574,0.058269,0.040115,0.00789,0.016577,0.056765,0.007142,0.05308,0.008055,0.009441,0.00017,0.001546,0.003787,0.007025,0.010653,0.00063
27280,854,18041,17187,17180,7,0,0,167,37.225758,0.0,29616.981479,1049.289888,2193.484354,2092.150674,3680.51,27280,36,77,34045440.0,7783277.1021,19794.2761,22182.4419,631.8249,88.7342,6.1167,0.0233,82,0.04918,1.053321,0.491331,0.512759,1.06498,0.413427,0.480256,0.326951,0.512187,0.051852,0.200894,0.311461,0.497454,0.430302,0.058404,0.040212,0.007807,0.01649,0.057607,0.007391,0.05285,0.008216,0.009427,0.000155,0.001572,0.003823,0.007063,0.010659,0.000638
27300,857,18069,17212,17205,7,0,0,173,40.156975,0.0,29659.151055,1044.140663,2195.702363,2092.149927,3656.43,27300,36,77,34070400.0,7792586.3565,19805.8442,22210.3964,632.7259,88.7342,6.1167,0.0233,82,0.051342,1.051302,0.49226,0.511788,1.062694,0.41344,0.478751,0.32661,0.511743,0.051839,0.200733,0.311005,0.49681,0.428472,0.058469,0.03962,0.008104,0.0164,0.055831,0.007609,0.052382,0.00808,0.0093,0.000154,0.001614,0.00371,0.00715,0.010509,0.000632
27320,857,18092,17235,17228,7,0,0,179,41.307465,0.0,29652.321148,1048.896125,2189.79641,2092.149555,3667.23,27320,36,77,34095360.0,7801873.8359,19817.4123,22243.486,634.3592,88.7342,6.1167,0.0233,82,0.050175,1.050562,0.492034,0.512248,1.061749,0.413798,0.47777,0.327096,0.510828,0.051817,0.200214,0.310835,0.497141,0.428023,0.058425,0.038657,0.008151,0.016529,0.054406,0.007365,0.052271,0.008491,0.009269,0.000151,0.001593,0.003848,0.007349,0.010191,0.000631
27340,856,18113,17257,17250,7,0,0,174,39.763299,0.0,29658.945005,1053.545258,2186.691443,2092.149371,3666.84,27340,36,77,34120320.0,7811182.6049,19828.9804,22274.4801,635.9951,88.7342,6.1167,0.0233,82,0.051402,1.051871,0.491624,0.513713,1.062824,0.413409,0.478431,0.326772,0.511008,0.051779,0.200135,0.310862,0.497532,0.428625,0.058556,0.038931,0.008149,0.016552,0.054445,0.00735,0.053411,0.008261,0.009305,0.000145,0.001603,0.003906,0.007374,0.010301,0.000641
27360,854,18132,17278,17271,7,0,0,177,40.243546,0.0,29666.093127,1055.745311,2184.011144,2094.024125,3685.54,27360,36,77,34145280.0,7820514.1214,19838.2005,22301.5225,637.3306,88.7342,6.1167,0.0233,82,0.052693,1.053017,0.491859,0.514907,1.065387,0.41414,0.479092,0.327405,0.510801,0.051761,0.200035,0.310658,0.497427,0.429438,0.058446,0.039281,0.00813,0.016916,0.055904,0.007325,0.053718,0.008323,0.009296,0.000145,0.001577,0.003928,0.007365,0.010233,0.000643
27380,846,18149,17303,17296,7,0,0,183,43.395523,0.0,29662.731574,1050.08961,2186.514868,2095.428512,3725.49,27380,36,77,34170240.0,7829828.721,19846.4143,22325.5912,638.8876,88.7342,6.1656,0.0233,82,0.054374,1.056473,0.492663,0.513945,1.069129,0.41291,0.48284,0.328836,0.511849,0.051839,0.199978,0.310868,0.49731,0.430737,0.058222,0.041341,0.00831,0.017398,0.057134,0.007266,0.054903,0.008893,0.009376,0.00015,0.001593,0.003931,0.007426,0.010289,0.000644
27400,851,18171,17320,17313,7,0,0,170,41.043894,0.0,29687.933236,1051.329301,2187.626805,2096.042214,3714.36,27400,36,77,34195200.0,7839146.326,19854.6281,22348.2903,639.9692,88.7342,6.1691,0.0233,82,0.052879,1.056649,0.491711,0.513412,1.069145,0.413538,0.483599,0.328522,0.512902,0.051906,0.200357,0.310606,0.497351,0.430411,0.058147,0.041078,0.008204,0.01643,0.05658,0.007379,0.054802,0.008886,0.009424,0.000151,0.001574,0.003934,0.007395,0.010222,0.000636
27420,847,18189,17342,17335,7,0,0,170,38.903484,0.0,29706.982785,1051.987154,2189.109362,2096.302677,3724.91,27420,36,77,34220160.0,7848474.703,19862.8419,22374.7582,640.5352,88.7342,6.1691,0.0233,82,0.051948,1.056817,0.491152,0.512714,1.06951,0.412841,0.484209,0.328091,0.512799,0.051987,0.200609,0.310692,0.497525,0.430257,0.058186,0.041877,0.008191,0.01639,0.056959,0.007268,0.054895,0.008932,0.009454,0.000152,0.001577,0.003913,0.007376,0.010272,0.00062
27440,853,18216,17363,17356,7,0,0,168,35.8325,0.0,29775.885362,1050.627695,2193.539805,2096.411846,3704.8,27440,36,77,34245120.0,7857819.5006,19871.0557,22401.0928,641.789,88.7342,6.1691,0.0233,82,0.053927,1.056207,0.492132,0.512987,1.067686,0.413381,0.484545,0.328198,0.51278,0.051827,0.200139,0.309886,0.497103,0.431041,0.058405,0.041687,0.008538,0.016643,0.056381,0.008217,0.053865,0.008769,0.009596,0.000152,0.001593,0.003866,0.007197,0.010341,0.00064
27460,848,18235,17387,17380,7,0,0,164,37.029165,0.0,29841.694971,1048.179617,2194.791217,2096.457362,3720.74,27460,36,77,34270080.0,7867169.4939,19879.2695,22427.4527,642.7554,88.7342,6.1691,0.0233,82,0.051887,1.055923,0.493505,0.511339,1.068647,0.412984,0.484087,0.327925,0.512697,0.05192,0.199758,0.309995,0.496705,0.43062,0.05841,0.040546,0.008432,0.015811,0.056372,0.008052,0.054868,0.008626,0.00959,0.00016,0.001527,0.003757,0.007159,0.010384,0.000643
27480,850,18258,17408,17401,7,0,0,170,39.794458,0.0,29882.676593,1047.631088,2192.574454,2096.476297,3715.57,27480,37,77,34295040.0,7876505.7221,19887.4833,22453.7559,642.9736,88.7342,6.1691,0.0233,82,0.052941,1.05584,0.492247,0.511544,1.070281,0.413771,0.486784,0.329224,0.512926,0.052142,0.199821,0.310178,0.497471,0.43163,0.058985,0.040815,0.008627,0.01622,0.056743,0.008051,0.057444,0.009662,0.009722,0.000173,0.001517,0.004061,0.007652,0.010495,0.00068
27500,850,18279,17429,17422,7,0,0,164,33.987862,0.0,29952.561014,1050.856887,2195.155251,2096.484167,3723.83,27500,37,77,34320000.0,7885859.7745,19895.6971,22482.2116,644.5166,88.7342,6.1691,0.0233,73,0.050588,1.05772,0.4926,0.51041,1.07091,0.413422,0.487417,0.329923,0.513252,0.05229,0.199862,0.310507,0.497346,0.433067,0.058927,0.040546,0.008492,0.015588,0.057115,0.008174,0.057481,0.009995,0.009623,0.000176,0.001524,0.004122,0.007601,0.010705,0.000674
27520,851,18301,17450,17443,7,0,0,166,34.314655,0.0,30028.548376,1049.813086,2195.872259,2096.487436,3729.16,27520,37,77,34344960.0,7895214.7345,19903.9109,22509.4652,646.13,88.7342,6.1691,0.0233,82,0.051704,1.054955,0.49269,0.510435,1.069355,0.412981,0.487293,0.328776,0.513134,0.052099,0.199837,0.310448,0.498339,0.432139,0.059006,0.039853,0.008586,0.015448,0.05617,0.008251,0.057226,0.009621,0.009481,0.000172,0.001527,0.004088,0.00768,0.010705,0.000675
27540,857,18322,17465,17458,7,0,0,163,33.320274,0.0,30051.462406,1057.14556,2189.534166,2096.488795,3715.21,27540,37,77,34369920.0,7904569.6207,19912.1247,22536.1473,646.3661,88.7342,6.1691,0.0233,82,0.052509,1.05699,0.492485,0.509884,1.066827,0.413105,0.487494,0.330011,0.51274,0.052175,0.19983,0.310619,0.498605,0.432871,0.058875,0.039995,0.008597,0.015378,0.054876,0.008346,0.057327,0.010558,0.009454,0.00017,0.001551,0.004016,0.007584,0.010807,0.000671
27560,867,18346,17479,17472,7,0,0,159,30.818257,0.0,30010.169899,1069.258587,2179.923156,2096.78024,3680.26,27560,37,77,34394880.0,7913939.4572,19920.0038,22567.0813,646.8333,88.7342,6.1691,0.0233,82,0.049596,1.057037,0.493056,0.510273,1.066274,0.413524,0.486407,0.329786,0.512882,0.052069,0.200161,0.31062,0.498653,0.432878,0.058782,0.040066,0.008601,0.015196,0.055402,0.008226,0.056983,0.01015,0.009517,0.000166,0.001621,0.003959,0.007544,0.010715,0.000642
27580,869,18370,17501,17494,7,0,0,166,37.279495,0.0,29867.556514,1071.520487,2171.200018,2096.694063,3675.47,27580,37,77,34419840.0,7923312.9692,19928.0443,22596.6226,647.2377,88.7342,6.1691,0.0233,82,0.049482,1.056041,0.493309,0.510693,1.065671,0.413526,0.484968,0.329731,0.511751,0.051865,0.199998,0.310275,0.497438,0.431605,0.058269,0.040128,0.008387,0.015393,0.054759,0.008196,0.054516,0.00985,0.009307,0.000155,0.001601,0.003766,0.007064,0.010561,0.000612
27600,872,18389,17517,17510,7,0,0,162,37.19921,0.0,29704.75632,1077.911323,2164.889466,2096.574373,3664.06,27600,37,77,34444800.0,7932683.3192,19936.2581,22622.5513,647.8918,88.7342,6.1691,0.0233,82,0.047018,1.05584,0.492469,0.511132,1.065791,0.413807,0.485917,0.329705,0.512665,0.051958,0.199839,0.311469,0.497694,0.431819,0.058462,0.03998,0.008267,0.015344,0.05533,0.008179,0.055551,0.009806,0.009407,0.000155,0.001599,0.003878,0.007136,0.010545,0.000628
27620,844,18399,17555,17548,7,0,0,174,43.975103,0.0,29666.924603,1053.119837,2182.90506,2096.524863,3765.1,27620,37,77,34469760.0,7942061.2097,19944.4719,22646.4313,648.1794,88.7342,6.1691,0.0233,73,0.046209,1.055161,0.49226,0.51065,1.067946,0.413214,0.485473,0.329974,0.512789,0.051866,0.19941,0.31109,0.498037,0.430808,0.058407,0.040093,0.008108,0.014934,0.055296,0.007351,0.056683,0.01033,0.009364,0.000147,0.001575,0.003951,0.007409,0.010195,0.000631
27640,848,18428,17580,17573,7,0,0,172,38.233065,0.0,29788.775623,1042.931357,2198.835578,2096.504333,3739.82,27640,37,77,34494720.0,7951444.1685,19952.6857,22668.2582,648.5134,88.7342,6.1691,0.0233,73,0.04717,1.055098,0.491559,0.509285,1.071725,0.412499,0.485713,0.329626,0.513407,0.051941,0.199542,0.311132,0.49874,0.431336,0.058249,0.040098,0.008173,0.014558,0.055559,0.007082,0.059001,0.010271,0.009354,0.00015,0.001548,0.004023,0.007854,0.010318,0.000637
27660,855,18456,17601,17594,7,0,0,172,39.32698,0.0,29926.582664,1045.81286,2194.86016,2096.495811,3713.64,27660,37,77,34519680.0,7960828.2285,19960.8995,22697.5301,649.6033,88.7342,6.1691,0.0233,82,0.045614,1.055165,0.491045,0.510437,1.068002,0.412745,0.485811,0.329388,0.513305,0.05184,0.199645,0.311759,0.49839,0.429969,0.058171,0.040009,0.008231,0.014689,0.055215,0.007295,0.058227,0.01016,0.009299,0.000148,0.001574,0.00404,0.007744,0.009814,0.000628
27680,857,18477,17620,17613,7,0,0,167,38.641317,0.0,30005.734557,1054.667214,2186.691469,2096.492273,3707.38,27680,38,77,34544640.0,7970211.9373,19969.1133,22730.2058,650.7701,88.7342,6.1691,0.0233,73,0.046674,1.053904,0.491031,0.509754,1.06843,0.412902,0.485316,0.329689,0.514463,0.051817,0.199683,0.310991,0.49837,0.430021,0.058315,0.039908,0.008139,0.014997,0.055863,0.007301,0.057717,0.01021,0.009431,0.000149,0.001604,0.004072,0.007849,0.009899,0.000628
27700,868,18501,17633,17626,7,0,0,168,38.330361,0.0,29990.67377,1068.625019,2173.04462,2096.823328,3672.1,27700,38,77,34569600.0,7979609.3895,19976.8191,22761.2293,650.8082,88.7342,6.1691,0.0233,82,0.046083,1.05257,0.490911,0.510466,1.068974,0.413347,0.485261,0.329119,0.515655,0.051938,0.199723,0.31026,0.497589,0.43026,0.058468,0.039318,0.008227,0.014741,0.05559,0.007537,0.058018,0.010053,0.009598,0.000148,0.001614,0.004054,0.007756,0.010164,0.000636
27720,865,18519,17654,17647,7,0,0,171,42.768088,0.0,29957.931614,1067.819291,2169.412622,2096.627657,3697.88,27720,38,77,34594560.0,7989038.5578,19985.0329,22789.0328,651.0362,88.7342,6.1691,0.0233,82,0.045087,1.051095,0.490283,0.511301,1.066398,0.412436,0.484036,0.328345,0.515998,0.051784,0.200288,0.310324,0.498491,0.431336,0.058216,0.039227,0.00825,0.014775,0.05463,0.007591,0.05717,0.009735,0.009619,0.000152,0.001669,0.003947,0.007624,0.010165,0.000616
27740,868,18539,17671,17664,7,0,0,159,38.437084,0.0,29925.422782,1070.330013,2171.232903,2096.546924,3688.0,27740,38,77,34619520.0,7998468.6198,19993.2467,22813.7147,651.8353,88.7342,6.1691,0.0233,82,0.047235,1.050721,0.490146,0.511536,1.067652,0.412265,0.485555,0.328708,0.515924,0.051878,0.200666,0.309598,0.498444,0.431597,0.058405,0.038811,0.008305,0.014783,0.054766,0.007602,0.057412,0.009811,0.009609,0.000152,0.00171,0.003944,0.007734,0.010135,0.000619
27760,876,18565,17689,17682,7,0,0,164,37.447921,0.0,29879.850123,1075.165892,2167.386187,2096.513484,3654.38,27760,38,77,34644480.0,8007910.4566,20001.4606,22839.3858,652.2714,88.7342,6.1691,0.0233,82,0.047945,1.053459,0.491337,0.510236,1.06577,0.412171,0.486162,0.328289,0.51521,0.052142,0.200489,0.310287,0.497713,0.431987,0.058799,0.03933,0.008805,0.015376,0.054903,0.007621,0.057982,0.009817,0.009751,0.000164,0.001692,0.004091,0.007808,0.010511,0.000633
27780,867,18587,17720,17713,7,0,0,174,43.163854,0.0,29893.740138,1063.560595,2173.275551,2096.499611,3684.81,27780,38,77,34669440.0,8017387.1692,20009.6744,22866.5557,654.3459,88.7342,6.1691,0.0233,73,0.04729,1.052771,0.49032,0.509898,1.064976,0.411678,0.486757,0.328295,0.515985,0.052161,0.200489,0.309672,0.498017,0.432581,0.05891,0.040136,0.008823,0.015283,0.054844,0.007653,0.058524,0.009677,0.009898,0.00017,0.001691,0.003861,0.00763,0.010963,0.000633
27800,862,18605,17743,17736,7,0,0,182,40.886102,0.0,29995.05725,1060.417357,2178.69654,2096.493851,3704.89,27800,38,77,34694400.0,8026866.0661,20017.8882,22892.0408,654.8264,88.7342,6.4291,0.033,82,0.049884,1.053382,0.490434,0.511749,1.066573,0.411457,0.48845,0.328467,0.516213,0.052145,0.200956,0.308727,0.497986,0.433329,0.058726,0.040629,0.008916,0.016175,0.054424,0.007733,0.058565,0.009772,0.00986,0.00017,0.001746,0.003773,0.00758,0.011068,0.000636
27820,863,18625,17762,17755,7,0,0,182,42.13257,0.0,30031.053888,1064.912227,2172.955203,2096.755688,3704.2,27820,38,77,34719360.0,8036312.714,20025.8053,22919.4394,656.4607,88.7342,6.4573,0.033,82,0.049826,1.051198,0.490515,0.510615,1.064275,0.411458,0.486649,0.32889,0.514628,0.052045,0.200927,0.309501,0.49704,0.432406,0.058507,0.040532,0.008854,0.015753,0.05452,0.007567,0.058653,0.009749,0.009657,0.000169,0.001725,0.003724,0.007544,0.01097,0.000637
27840,858,18641,17783,17776,7,0,0,183,40.475998,0.0,30076.331155,1062.015616,2177.508386,2096.704153,3727.97,27840,38,77,34744320.0,8045753.276,20033.8078,22942.8985,656.9723,88.7342,6.4573,0.033,82,0.051282,1.050529,0.490938,0.509335,1.069117,0.411841,0.488085,0.328832,0.513268,0.052159,0.200615,0.309785,0.497973,0.432184,0.058476,0.040766,0.008768,0.015843,0.055774,0.007593,0.058896,0.009882,0.009437,0.000172,0.001698,0.003725,0.007602,0.010928,0.000634
27860,858,18667,17809,17802,7,0,0,188,43.706014,0.0,30171.856187,1051.051854,2185.242131,2096.57854,3737.55,27860,38,77,34769280.0,8055196.146,20042.0216,22966.6906,657.6366,88.7342,6.4573,0.033,82,0.051282,1.047104,0.490176,0.509941,1.070675,0.411853,0.48877,0.327871,0.513303,0.052144,0.201038,0.310539,0.497494,0.432453,0.058491,0.040647,0.008566,0.015964,0.055625,0.007816,0.060177,0.009472,0.009304,0.000173,0.001695,0.003765,0.007731,0.010993,0.000628
27880,863,18690,17827,17820,7,0,0,187,38.820038,0.0,30300.121379,1058.236216,2182.943747,2096.526589,3722.56,27880,38,77,34794240.0,8064658.7547,20050.2354,22995.4848,658.1829,88.7342,6.4573,0.033,82,0.050985,1.049205,0.491465,0.51183,1.072748,0.411732,0.488743,0.326886,0.513851,0.05203,0.201341,0.31008,0.496916,0.433226,0.058619,0.041516,0.008704,0.015911,0.058065,0.007913,0.061169,0.009131,0.00921,0.000168,0.001743,0.003774,0.007725,0.01102,0.000658
27900,865,18713,17848,17841,7,0,0,188,39.614283,0.0,30354.303944,1061.723607,2178.66211,2096.505049,3717.35,27900,38,77,34819200.0,8074108.8293,20058.4492,23024.4094,659.1885,88.7342,6.4579,0.033,82,0.052023,1.049629,0.490756,0.511343,1.072699,0.411782,0.49332,0.329904,0.513621,0.052065,0.201127,0.309812,0.497287,0.433545,0.058896,0.041943,0.008778,0.016293,0.058782,0.007964,0.063339,0.010331,0.009188,0.000175,0.001773,0.003832,0.007933,0.011058,0.000675
27920,859,18725,17866,17859,7,0,0,189,37.809966,0.0,30400.129273,1061.147483,2181.042551,2096.496109,3753.38,27920,38,77,34844160.0,8083547.4593,20066.663,23046.2705,659.7351,88.7342,6.4579,0.033,82,0.050058,1.049476,0.490019,0.511321,1.070567,0.411214,0.492454,0.329717,0.513712,0.052064,0.201077,0.310049,0.497932,0.432658,0.05874,0.041951,0.008493,0.016397,0.059057,0.007667,0.062691,0.010398,0.009287,0.000173,0.001746,0.003866,0.007936,0.010967,0.000664
27940,865,18755,17890,17883,7,0,0,190,40.577848,0.0,30463.296938,1054.262947,2185.159205,2096.492397,3739.61,27940,38,77,34869120.0,8092986.0893,20074.8768,23070.4739,660.8559,88.7342,6.4579,0.033,82,0.048555,1.048545,0.492319,0.510523,1.072906,0.412391,0.49091,0.329341,0.514752,0.052166,0.200964,0.309927,0.497987,0.431605,0.058493,0.04029,0.008838,0.015614,0.058367,0.0078,0.062209,0.010282,0.009354,0.000173,0.00169,0.003821,0.007802,0.010636,0.000652
27960,867,18780,17913,17906,7,0,0,193,40.310034,0.0,30540.807649,1056.290525,2183.399441,2096.016407,3736.17,27960,38,77,34894080.0,8102452.5546,20083.6558,23101.8105,661.5744,88.7342,6.5995,0.033,73,0.049596,1.048232,0.491604,0.511158,1.072493,0.41215,0.495001,0.330472,0.514869,0.052127,0.200355,0.309771,0.496268,0.432211,0.058836,0.039922,0.009122,0.016363,0.057849,0.007822,0.064828,0.010711,0.009284,0.000177,0.001669,0.003753,0.007963,0.010679,0.000683
27980,876,18811,17935,17928,7,0,0,192,39.420212,0.0,30616.565503,1063.813277,2176.766511,2094.619295,3707.79,27980,38,77,34919040.0,8111965.5875,20094.2026,23136.195,662.7298,88.7342,6.5998,0.033,73,0.05137,1.048304,0.49213,0.509903,1.0763,0.412275,0.494203,0.330978,0.5159,0.052126,0.199973,0.308963,0.496122,0.432253,0.058941,0.039925,0.009151,0.015586,0.058913,0.00772,0.064155,0.010854,0.009252,0.000176,0.001652,0.003706,0.007935,0.010872,0.00068
28000,867,18830,17963,17956,7,0,0,195,41.458266,0.0,30692.951419,1063.246244,2175.29549,2093.375032,3750.8,28000,38,77,34944000.0,8121486.1351,20105.7067,23169.3442,663.4291,88.7342,6.5998,0.033,73,0.05075,1.049567,0.4927,0.510278,1.076509,0.411224,0.494872,0.331372,0.515369,0.052107,0.199835,0.309076,0.496399,0.432036,0.058719,0.039965,0.009096,0.015694,0.059309,0.007582,0.06356,0.010945,0.009422,0.000162,0.001645,0.00374,0.00799,0.010768,0.000671
28020,870,18850,17980,17973,7,0,0,193,36.543281,0.0,30766.308132,1067.509908,2175.94681,2092.779831,3748.15,28020,38,77,34968960.0,8131002.1107,20117.2307,23195.5771,664.7319,88.7342,6.5998,0.033,73,0.051724,1.048927,0.492607,0.510209,1.073387,0.411656,0.495219,0.331618,0.515665,0.052189,0.199795,0.308626,0.496387,0.432054,0.05879,0.039566,0.009027,0.015775,0.060176,0.007569,0.063529,0.011613,0.009351,0.000166,0.001646,0.003757,0.008046,0.010737,0.000667
28040,870,18870,18000,17993,7,0,0,182,37.709951,0.0,30822.826998,1071.033245,2171.256804,2092.492048,3741.43,28040,38,77,34993920.0,8140530.8823,20128.7548,23222.2371,666.0675,88.7342,6.5998,0.033,73,0.052874,1.051278,0.491944,0.509689,1.071919,0.412122,0.494897,0.331309,0.515156,0.052128,0.20013,0.308968,0.496133,0.432778,0.05859,0.039873,0.008831,0.015531,0.058817,0.007654,0.06391,0.011619,0.00931,0.000164,0.001634,0.003792,0.008097,0.010931,0.000666
28060,870,18889,18019,18012,7,0,0,176,37.613718,0.0,30859.204649,1071.913047,2170.473235,2092.351046,3704.29,28060,38,77,35018880.0,8150061.6187,20140.2788,23246.8449,667.057,88.7342,6.5998,0.033,73,0.052874,1.05103,0.491998,0.509893,1.074395,0.412132,0.494706,0.331291,0.514813,0.052185,0.19997,0.309216,0.496166,0.434276,0.058725,0.03988,0.008914,0.015597,0.060078,0.007646,0.064134,0.011639,0.009435,0.000167,0.001638,0.003926,0.008122,0.011013,0.000672
28080,880,18918,18038,18031,7,0,0,178,37.125479,0.0,30850.832966,1076.083006,2166.791515,2092.281512,3670.16,28080,38,77,35043840.0,8159593.3687,20151.8029,23273.7197,667.5775,88.7342,6.5998,0.033,73,0.052273,1.05329,0.492016,0.509689,1.074089,0.412146,0.4952,0.331545,0.514211,0.052249,0.200175,0.309088,0.496224,0.433644,0.058822,0.039668,0.008996,0.015836,0.059896,0.007593,0.063898,0.011555,0.009591,0.00017,0.001643,0.00393,0.008199,0.011008,0.000666
28100,872,18939,18067,18060,7,0,0,182,44.890831,0.0,30846.066642,1070.405036,2164.704133,2092.247113,3707.04,28100,38,77,35068800.0,8169124.6411,20163.3269,23306.8395,669.125,88.7342,6.5998,0.033,73,0.052752,1.050982,0.491293,0.508121,1.077447,0.411053,0.491662,0.331423,0.514822,0.052096,0.200252,0.309518,0.495938,0.433898,0.058741,0.038639,0.008793,0.015146,0.060064,0.00699,0.064233,0.011729,0.009526,0.000165,0.001628,0.004043,0.008589,0.010912,0.000674
28120,880,18971,18091,18084,7,0,0,178,41.043284,0.0,30847.376786,1072.861704,2166.095012,2092.230069,3673.19,28120,38,77,35093760.0,8178640.0484,20174.851,23338.6393,670.1308,88.7342,6.5998,0.033,73,0.054545,1.051614,0.491972,0.508068,1.079421,0.41066,0.490389,0.331757,0.515281,0.052188,0.199571,0.309103,0.49576,0.431568,0.059043,0.038536,0.008785,0.01506,0.059791,0.006899,0.064036,0.012079,0.00969,0.000171,0.001602,0.003966,0.008637,0.01085,0.000666
28140,884,18992,18108,18101,7,0,0,177,38.875229,0.0,30800.388422,1083.771468,2157.353302,2092.221617,3672.82,28140,38,77,35118720.0,8188155.6176,20186.375,23371.2824,670.7221,88.7342,6.5998,0.033,73,0.054299,1.049377,0.491183,0.50832,1.07706,0.410711,0.492886,0.332668,0.514876,0.052155,0.199798,0.309843,0.495875,0.43269,0.059266,0.038237,0.008829,0.015212,0.059731,0.007143,0.064179,0.012264,0.009625,0.000174,0.001677,0.004043,0.008708,0.011099,0.000669
28160,897,19020,18123,18116,7,0,0,174,36.025154,0.0,30642.49861,1096.906881,2147.067965,2092.217424,3626.69,28160,38,77,35143680.0,8197671.7676,20197.8991,23401.9132,671.7024,88.7342,6.5998,0.033,73,0.054627,1.052051,0.491008,0.509049,1.071994,0.410304,0.49355,0.332924,0.515609,0.052181,0.199986,0.310303,0.495909,0.432435,0.059375,0.038666,0.008726,0.015289,0.060001,0.007158,0.065331,0.012013,0.009692,0.000172,0.001685,0.004093,0.00885,0.011316,0.000693
28180,885,19042,18157,18150,7,0,0,183,38.53299,0.0,30483.816934,1087.885429,2153.581581,2092.215344,3670.17,28180,38,77,35168640.0,8207213.9473,20209.4231,23435.1014,672.7314,88.7342,6.5998,0.033,73,0.055367,1.053026,0.490299,0.508131,1.073779,0.410992,0.494308,0.33422,0.515004,0.052067,0.200628,0.310284,0.496022,0.43405,0.059462,0.039438,0.008882,0.014613,0.061364,0.007438,0.066397,0.012295,0.009765,0.000172,0.001766,0.004152,0.008852,0.011575,0.000699
28200,891,19070,18179,18172,7,0,0,181,39.623523,0.0,30341.827587,1092.012545,2148.363931,2092.214312,3645.42,28200,38,77,35193600.0,8216768.2035,20220.9472,23466.9699,673.4603,88.7342,6.5998,0.033,73,0.054994,1.053337,0.491034,0.507949,1.073789,0.41169,0.496714,0.332988,0.517046,0.052223,0.20066,0.310456,0.496107,0.435511,0.05971,0.040147,0.008926,0.014189,0.061098,0.007542,0.068585,0.011662,0.011105,0.000174,0.001796,0.004159,0.00869,0.012053,0.000713
28220,882,19086,18204,18197,7,0,0,182,39.368634,0.0,30236.398581,1088.363158,2152.268208,2092.213799,3684.3,28220,38,77,35218560.0,8226325.4077,20232.4712,23495.5678,673.6774,88.7342,6.5998,0.033,73,0.055556,1.052855,0.491528,0.509145,1.073005,0.411588,0.4994,0.33294,0.518315,0.052315,0.200442,0.311079,0.495658,0.435402,0.059484,0.040148,0.008913,0.014783,0.06079,0.007734,0.069891,0.011651,0.011184,0.000182,0.001785,0.004175,0.00872,0.012041,0.00071
28240,887,19112,18225,18218,7,0,0,175,38.072502,0.0,30124.338946,1090.286142,2151.641355,2092.213545,3674.18,28240,38,77,35243520.0,8235882.8377,20243.9953,23523.799,674.8611,88.7342,6.5998,0.033,73,0.052988,1.051448,0.492215,0.509323,1.071318,0.412503,0.497284,0.332202,0.517387,0.05219,0.200018,0.310751,0.494667,0.43353,0.059104,0.039693,0.008753,0.015244,0.060855,0.007926,0.068534,0.011014,0.011002,0.000171,0.001752,0.003896,0.008353,0.011935,0.000694
28260,885,19132,18247,18240,7,0,0,171,39.657422,0.0,30032.585772,1088.514304,2151.828274,2092.213419,3692.27,28260,38,77,35268480.0,8245459.9368,20255.5193,23550.9839,675.9587,88.7342,6.5998,0.033,73,0.054237,1.050102,0.491431,0.508393,1.071646,0.412833,0.499961,0.333764,0.518716,0.052253,0.199982,0.310791,0.495249,0.435273,0.059368,0.040723,0.008713,0.01567,0.061148,0.007992,0.070824,0.011472,0.010861,0.000172,0.001756,0.003873,0.008427,0.012377,0.000728
28280,883,19151,18268,18261,7,0,0,171,35.354349,0.0,29978.769034,1087.389173,2157.256478,2092.213356,3710.1,28280,38,77,35293440.0,8255039.2798,20267.0434,23576.6254,676.6219,88.7342,6.9833,0.033,73,0.05436,1.048799,0.491498,0.508468,1.067905,0.412572,0.498968,0.33343,0.517651,0.052273,0.199726,0.309755,0.495101,0.435097,0.059434,0.039936,0.008784,0.01567,0.058753,0.007939,0.069387,0.011166,0.010779,0.000171,0.001746,0.003712,0.008088,0.012459,0.000722
28300,889,19178,18289,18282,7,0,0,171,36.715704,0.0,29915.009283,1086.011718,2157.272579,2092.213325,3697.71,28300,39,77,35318400.0,8264602.7451,20278.5674,23601.2252,677.3031,88.7342,7.0864,0.033,73,0.056243,1.050392,0.490718,0.509448,1.065965,0.412758,0.501155,0.333692,0.518602,0.052323,0.199656,0.309959,0.495791,0.436387,0.059625,0.04094,0.008848,0.016227,0.057811,0.008015,0.070464,0.011641,0.010937,0.000175,0.001787,0.003872,0.008293,0.01283,0.000752
28320,885,19198,18313,18306,7,0,0,180,39.082741,0.0,29890.111664,1082.389306,2158.527953,2092.21331,3725.28,28320,39,77,35343360.0,8274192.5855,20290.0915,23628.8879,678.3282,88.7342,7.0864,0.033,73,0.056497,1.048656,0.489949,0.509912,1.065534,0.413698,0.503248,0.333545,0.518459,0.052316,0.200126,0.309776,0.495534,0.437124,0.059745,0.040655,0.008963,0.016251,0.057671,0.008076,0.070808,0.011554,0.01084,0.000173,0.00179,0.003861,0.008338,0.013028,0.000753
28340,879,19224,18345,18338,7,0,0,186,41.192943,0.0,29927.320651,1073.275619,2165.531438,2092.213302,3745.79,28340,39,77,35368320.0,8283805.1126,20301.6155,23658.6813,679.6728,88.7342,7.0864,0.033,73,0.054608,1.047727,0.490469,0.511534,1.067625,0.413974,0.501906,0.333059,0.519068,0.052108,0.200031,0.309329,0.495842,0.436219,0.05969,0.040962,0.009051,0.016213,0.058539,0.008071,0.070071,0.011321,0.010662,0.000165,0.001777,0.003791,0.008409,0.012918,0.000756
28360,879,19245,18366,18359,7,0,0,190,42.934976,0.0,29930.712442,1078.416324,2158.6487,2092.213298,3744.58,28360,39,77,35393280.0,8293402.3763,20313.1396,23689.0965,680.2243,88.7342,7.0864,0.033,73,0.05347,1.049272,0.490854,0.511324,1.066425,0.414873,0.502863,0.333286,0.518351,0.052296,0.199166,0.3099,0.497174,0.435267,0.059636,0.040655,0.009208,0.016651,0.058939,0.008097,0.072337,0.011871,0.011568,0.000172,0.001782,0.003892,0.008881,0.012787,0.000757
28380,880,19266,18386,18379,7,0,0,184,40.433759,0.0,29947.71108,1077.538468,2162.027773,2093.853585,3752.68,28380,39,77,35418240.0,8302990.8339,20322.6775,23715.433,680.5515,88.7342,7.0864,0.033,82,0.053409,1.047404,0.489555,0.511418,1.067407,0.413755,0.502999,0.334068,0.518551,0.052328,0.199197,0.310648,0.495962,0.436115,0.059799,0.040345,0.0091,0.016419,0.058398,0.007959,0.071728,0.011759,0.012108,0.000175,0.001841,0.004045,0.008898,0.013195,0.000769
28400,874,19284,18410,18403,7,0,0,184,39.110639,0.0,30010.809638,1073.0027,2167.886661,2095.352263,3784.63,28400,39,77,35443200.0,8312579.734,20330.8913,23740.134,681.6372,88.7342,7.0864,0.033,82,0.052632,1.048461,0.489406,0.513704,1.068816,0.413582,0.501046,0.332728,0.517987,0.05231,0.199257,0.31051,0.496565,0.434834,0.059708,0.039585,0.009137,0.016783,0.059046,0.007678,0.070592,0.011539,0.012059,0.000176,0.001788,0.004117,0.008908,0.012661,0.000752
28420,871,19308,18437,18430,7,0,0,186,39.834562,0.0,30112.656769,1066.574831,2173.590607,2096.009531,3801.0,28420,39,77,35468160.0,8322168.3655,20339.1051,23767.915,682.2801,88.7342,7.0864,0.033,82,0.052813,1.04914,0.490106,0.514888,1.067206,0.411757,0.501466,0.331669,0.520724,0.052533,0.1997,0.310024,0.495575,0.433587,0.059582,0.039674,0.009044,0.017175,0.061002,0.007736,0.070869,0.010692,0.011996,0.000192,0.001788,0.004133,0.009032,0.012479,0.000744
28440,866,19322,18456,18449,7,0,0,181,38.875329,0.0,30250.16235,1068.118499,2173.006173,2096.288922,3836.06,28440,39,77,35493120.0,8331757.021,20347.3189,23793.6832,682.465,88.7342,7.0864,0.033,82,0.054273,1.049286,0.490683,0.514548,1.066943,0.411828,0.501308,0.330978,0.519565,0.052513,0.199903,0.310148,0.496068,0.433926,0.059519,0.040426,0.009126,0.017317,0.061068,0.007706,0.071444,0.010643,0.011888,0.000193,0.001805,0.004057,0.008962,0.012402,0.000767
28460,865,19352,18487,18480,7,0,0,194,45.460641,0.0,30391.243812,1058.555505,2175.983854,2096.406101,3822.75,28460,39,77,35518080.0,8341346.071,20355.5327,23822.2341,683.0651,88.7342,7.0864,0.033,82,0.056647,1.051791,0.492707,0.515826,1.071114,0.412828,0.503528,0.33099,0.518844,0.052466,0.199939,0.310462,0.496535,0.433249,0.059682,0.041599,0.009166,0.017875,0.062202,0.007943,0.077695,0.010654,0.011737,0.000192,0.001789,0.004258,0.009136,0.012435,0.000786
28480,866,19373,18507,18500,7,0,0,189,42.87363,0.0,30578.170083,1062.517232,2174.609138,2096.45497,3816.74,28480,39,77,35543040.0,8350934.9801,20363.7465,23851.1348,684.2809,88.7342,7.0864,0.033,82,0.055427,1.051289,0.492545,0.515763,1.070666,0.412584,0.504719,0.330819,0.518679,0.052476,0.19982,0.310372,0.496967,0.432886,0.059791,0.041869,0.009132,0.017617,0.061934,0.007777,0.078364,0.01058,0.011677,0.000192,0.001773,0.004295,0.008999,0.0125,0.000787
28500,870,19398,18528,18521,7,0,0,188,40.176853,0.0,30663.067298,1071.440083,2168.383064,2096.475302,3797.79,28500,39,77,35568000.0,8360524.0301,20371.9603,23883.929,687.0507,88.7342,7.0864,0.033,82,0.054023,1.05094,0.492236,0.515851,1.072191,0.412789,0.501682,0.330504,0.5187,0.052388,0.200127,0.309892,0.496832,0.433393,0.059409,0.041283,0.009194,0.017426,0.060791,0.00767,0.077759,0.010546,0.011797,0.00019,0.001774,0.004131,0.009008,0.012364,0.000778
28520,877,19427,18550,18543,7,0,0,184,39.472022,0.0,30717.849722,1073.972865,2166.555112,2096.483753,3767.46,28520,39,77,35592960.0,8370112.1073,20380.1741,23913.1134,687.9922,88.7342,7.0864,0.033,82,0.054732,1.051274,0.491677,0.513863,1.074215,0.412535,0.503077,0.331772,0.518946,0.05253,0.200335,0.310379,0.496557,0.435425,0.059275,0.041881,0.008954,0.017152,0.060977,0.007954,0.078263,0.010798,0.012328,0.000193,0.001771,0.004132,0.009082,0.012732,0.000772
28540,877,19453,18576,18569,7,0,0,193,42.869938,0.0,30740.093857,1076.345174,2160.784888,2096.487265,3774.64,28540,39,77,35617920.0,8379709.1848,20388.3879,23947.1732,689.4893,88.7342,7.0937,0.033,82,0.054732,1.050907,0.492638,0.515325,1.073508,0.412201,0.500869,0.330895,0.518214,0.052453,0.20042,0.311094,0.497795,0.435172,0.059395,0.041831,0.008912,0.017325,0.061863,0.007979,0.079416,0.010597,0.012213,0.000187,0.0018,0.004113,0.009024,0.012789,0.000783
28560,885,19480,18595,18588,7,0,0,191,37.703774,0.0,30719.988994,1083.759987,2158.536239,2096.488723,3744.96,28560,39,77,35642880.0,8389297.4693,20396.6017,23976.9278,691.2058,88.7342,7.0937,0.033,82,0.053107,1.051987,0.492678,0.515387,1.071903,0.412281,0.500941,0.330076,0.517875,0.052407,0.200359,0.311404,0.497405,0.435395,0.05931,0.041922,0.008833,0.017316,0.06203,0.007873,0.080882,0.010526,0.012305,0.00018,0.001821,0.004285,0.008857,0.01295,0.000781
28580,890,19506,18616,18609,7,0,0,191,38.896989,0.0,30667.236612,1086.773121,2154.32989,2096.489329,3736.68,28580,39,77,35667840.0,8398899.0957,20404.8155,24007.3562,691.6878,88.7342,7.0937,0.033,82,0.051685,1.049431,0.492855,0.514604,1.073939,0.413041,0.498795,0.329786,0.516692,0.052279,0.20024,0.311684,0.497111,0.435011,0.059154,0.041612,0.008699,0.017287,0.062041,0.007865,0.078597,0.010614,0.012319,0.000172,0.001831,0.004265,0.008792,0.012767,0.000765
28600,895,19526,18631,18624,7,0,0,183,34.870278,0.0,30610.259354,1095.99419,2149.135532,2096.489581,3726.74,28600,39,77,35692800.0,8408509.4157,20413.0293,24035.6742,692.3418,88.7342,7.0937,0.033,82,0.052514,1.048779,0.492264,0.516477,1.073554,0.413877,0.501073,0.32965,0.516545,0.052238,0.200021,0.312387,0.496737,0.434626,0.059215,0.042219,0.008663,0.017856,0.061989,0.007998,0.078332,0.010695,0.012415,0.00017,0.001838,0.004295,0.008859,0.0126,0.000762
28620,896,19552,18656,18649,7,0,0,185,37.146937,0.0,30508.997776,1092.926583,2149.92648,2096.722508,3702.65,28620,39,77,35717760.0,8418125.9376,20420.988,24063.2283,694.1976,88.7342,7.0937,0.033,82,0.053571,1.046579,0.491109,0.518167,1.075795,0.413151,0.503809,0.331089,0.516668,0.052153,0.199506,0.312334,0.497414,0.435017,0.059723,0.041865,0.008474,0.018497,0.064674,0.007855,0.079079,0.01084,0.011848,0.000165,0.00176,0.004535,0.009862,0.012655,0.000843
28640,894,19570,18676,18669,7,0,0,178,36.226692,0.0,30433.978985,1096.407174,2147.366134,2096.713076,3708.17,28640,39,77,35742720.0,8427747.2592,20428.9489,24090.3332,694.7069,88.7342,7.0937,0.033,82,0.05481,1.047204,0.489701,0.516537,1.074644,0.413546,0.506309,0.333476,0.516859,0.052165,0.199761,0.311574,0.497629,0.435839,0.059758,0.04262,0.008512,0.018446,0.062758,0.007949,0.079857,0.011591,0.012016,0.00017,0.001804,0.004487,0.010016,0.012898,0.000859
28660,887,19595,18708,18701,7,0,0,182,39.523173,0.0,30391.385261,1083.146896,2157.329932,2096.582223,3737.99,28660,39,77,35767680.0,8437369.1892,20437.1627,24117.0905,695.7831,88.7342,7.0937,0.033,82,0.054115,1.04694,0.489147,0.516904,1.074618,0.41337,0.505695,0.33331,0.515932,0.052415,0.19989,0.31107,0.498983,0.435498,0.059756,0.041294,0.008514,0.01866,0.062491,0.007885,0.079634,0.011695,0.011961,0.000173,0.001848,0.004562,0.010393,0.01272,0.000863
28680,897,19624,18727,18720,7,0,0,170,34.812863,0.0,30340.000668,1092.656077,2152.53106,2096.528115,3704.95,28680,39,77,35792640.0,8447002.1129,20445.3765,24148.5367,698.0773,88.7342,7.0937,0.033,82,0.055741,1.048962,0.489605,0.51513,1.078131,0.412125,0.509879,0.335147,0.516647,0.052391,0.200069,0.311462,0.498807,0.43541,0.059891,0.042418,0.008743,0.018321,0.064766,0.007968,0.083244,0.012347,0.012034,0.000182,0.001907,0.004817,0.010728,0.012854,0.000855
28700,898,19644,18746,18739,7,0,0,167,31.970603,0.0,30225.081591,1102.792528,2145.236869,2096.505682,3697.08,28700,39,77,35817600.0,8456645.4337,20453.5903,24181.3897,699.2914,88.7342,7.0937,0.033,73,0.053452,1.049205,0.489645,0.51453,1.07815,0.412412,0.510733,0.334714,0.516543,0.052496,0.200248,0.31104,0.497151,0.435999,0.059644,0.042282,0.008777,0.018236,0.064593,0.007906,0.083738,0.012295,0.011961,0.000185,0.0019,0.004833,0.010037,0.012733,0.000813
28720,887,19663,18776,18769,7,0,0,170,39.840359,0.0,30123.378498,1090.763029,2149.396613,2096.496372,3741.47,28720,39,77,35842560.0,8466298.5637,20461.8041,24208.5343,700.4211,88.7342,7.0937,0.033,82,0.054115,1.046826,0.490235,0.51543,1.07623,0.411463,0.508996,0.333785,0.516092,0.052489,0.200324,0.310569,0.496691,0.436896,0.059646,0.041502,0.008722,0.017962,0.063777,0.007884,0.082354,0.011679,0.011964,0.000184,0.001887,0.004744,0.009541,0.012608,0.000817
28740,884,19688,18804,18797,7,0,0,170,38.196664,0.0,30149.495668,1078.963777,2162.83956,2096.492506,3757.38,28740,39,77,35867520.0,8475951.6937,20470.018,24231.3408,701.4756,88.7342,7.0937,0.033,73,0.054299,1.047196,0.489525,0.514312,1.071333,0.41114,0.506457,0.334255,0.517912,0.052242,0.199738,0.309868,0.496281,0.436186,0.059579,0.041534,0.008367,0.017426,0.059961,0.007774,0.081597,0.011733,0.012108,0.000179,0.001839,0.004374,0.009448,0.01247,0.000809
28760,888,19711,18823,18816,7,0,0,165,37.250386,0.0,30173.611453,1085.881015,2156.8686,2096.843451,3738.5,28760,39,77,35892480.0,8485606.2163,20477.7339,24262.4708,702.1528,88.7342,7.0937,0.033,82,0.05518,1.046554,0.490154,0.515423,1.073188,0.411624,0.508837,0.334311,0.518627,0.052147,0.19936,0.30981,0.4961,0.436013,0.059896,0.041159,0.008363,0.017714,0.060766,0.008033,0.083323,0.011428,0.012238,0.000173,0.001788,0.004258,0.00942,0.012654,0.000836
28780,887,19733,18846,18839,7,0,0,161,35.521873,0.0,30214.378312,1084.680168,2159.797959,2096.640367,3730.5,28780,39,77,35917440.0,8495270.6766,20485.9376,24289.6332,703.0642,88.7342,7.0937,0.033,73,0.055242,1.047936,0.489072,0.514172,1.06976,0.412584,0.510578,0.335047,0.519771,0.052195,0.199451,0.309994,0.493939,0.436316,0.059896,0.040668,0.00837,0.017563,0.060376,0.008151,0.080086,0.011842,0.012504,0.000176,0.001837,0.004294,0.009222,0.012646,0.000784
28800,902,19765,18863,18856,7,0,0,159,36.224271,0.0,30162.391539,1097.238086,2146.537643,2096.552182,3683.1,28800,39,77,35942400.0,8504942.985,20494.1514,24322.444,704.687,88.7342,7.0998,0.0337,73,0.055432,1.047288,0.488769,0.514201,1.06597,0.41224,0.511306,0.334932,0.520861,0.052115,0.199771,0.309426,0.493619,0.435966,0.059928,0.040075,0.008354,0.017332,0.060948,0.008454,0.080739,0.011628,0.012665,0.000173,0.001833,0.004304,0.009215,0.012742,0.000775
28820,892,19788,18896,18889,7,0,0,172,42.628918,0.0,30135.354021,1087.433102,2149.93798,2096.515665,3726.85,28820,40,77,35967360.0,8514639.4848,20502.3652,24353.9628,705.9031,88.7342,7.109,0.0343,73,0.057175,1.047285,0.487751,0.512269,1.06666,0.412013,0.510993,0.335262,0.519009,0.052114,0.200177,0.310707,0.493637,0.436915,0.060128,0.039394,0.008196,0.016668,0.061058,0.00801,0.081501,0.011945,0.012118,0.000173,0.001842,0.004595,0.00919,0.012906,0.000783
28840,897,19806,18909,18902,7,0,0,164,31.882695,0.0,30116.829722,1102.089971,2146.027334,2096.500515,3723.37,28840,40,77,35992320.0,8524335.6301,20510.579,24384.25,706.5849,88.7342,7.109,0.0343,73,0.059086,1.047985,0.487558,0.51182,1.065483,0.413386,0.514537,0.336176,0.518178,0.052248,0.19989,0.311311,0.494893,0.43819,0.060478,0.040193,0.008534,0.016987,0.060746,0.008243,0.083796,0.012781,0.012333,0.000174,0.001871,0.004815,0.009428,0.013261,0.000804
28860,892,19830,18938,18931,7,0,0,173,37.799767,0.0,30045.331824,1093.627322,2148.57291,2096.494226,3748.68,28860,40,77,36017280.0,8534032.5601,20518.7928,24410.6092,707.9679,88.7342,7.109,0.0343,73,0.058296,1.047761,0.487947,0.511472,1.065548,0.412798,0.515091,0.336169,0.518363,0.052216,0.199414,0.310776,0.494386,0.437821,0.060421,0.040546,0.008684,0.01682,0.061744,0.008237,0.083727,0.012776,0.01232,0.000176,0.001856,0.004791,0.009395,0.013174,0.000805
28880,888,19853,18965,18958,7,0,0,172,38.550702,0.0,30049.631698,1087.292634,2154.156664,2096.688148,3727.81,28880,40,77,36042240.0,8543728.9153,20526.7962,24438.0767,708.5935,88.7342,7.109,0.0343,73,0.057432,1.049754,0.489363,0.510874,1.066424,0.413431,0.513853,0.335994,0.519107,0.052021,0.199327,0.31083,0.495692,0.438192,0.060348,0.042127,0.008735,0.016739,0.06167,0.008372,0.083709,0.012567,0.012602,0.000158,0.001864,0.004845,0.009459,0.013294,0.000809
28900,883,19876,18993,18986,7,0,0,176,39.615094,0.0,30102.584414,1081.727894,2158.657012,2096.723955,3717.7,28900,40,76,36067200.0,8553425.8453,20534.7124,24467.4973,709.6957,88.7342,7.109,0.0343,73,0.056625,1.049816,0.488889,0.511243,1.063862,0.413101,0.513324,0.33639,0.518765,0.052,0.199054,0.310844,0.496914,0.438684,0.060322,0.042155,0.008745,0.016714,0.06143,0.008421,0.083814,0.012452,0.012668,0.000159,0.001844,0.004724,0.009573,0.013225,0.000801
28920,880,19895,19015,19008,7,0,0,171,37.438306,0.0,30196.484914,1083.547081,2159.014613,2096.586712,3738.44,28920,40,76,36092160.0,8563122.3751,20542.9262,24496.7288,710.3669,88.7342,7.109,0.0343,73,0.054545,1.049801,0.489348,0.511334,1.064042,0.412586,0.507767,0.33464,0.518351,0.051861,0.199053,0.310173,0.496677,0.437749,0.059951,0.04211,0.008753,0.016315,0.06102,0.008381,0.078895,0.011676,0.012573,0.000147,0.001824,0.004357,0.009106,0.013215,0.000793
28940,877,19921,19044,19037,7,0,0,182,41.743946,0.0,30339.100928,1074.085688,2164.170366,2096.529974,3739.9,28940,40,76,36117120.0,8572819.1948,20551.14,24523.0022,710.9572,88.7342,7.109,0.0343,82,0.052452,1.047802,0.49169,0.510716,1.067386,0.412161,0.508236,0.332985,0.518801,0.051929,0.199797,0.309177,0.497427,0.437859,0.060128,0.042417,0.009292,0.016028,0.062094,0.008522,0.078881,0.011303,0.012737,0.000148,0.001907,0.004465,0.009205,0.01339,0.000797
28960,876,19938,19062,19055,7,0,0,184,40.815656,0.0,30497.258394,1077.574053,2161.610291,2096.506454,3747.77,28960,40,76,36142080.0,8582515.4175,20559.3538,24547.5533,712.133,88.7342,7.109,0.0343,73,0.052511,1.048063,0.490282,0.510558,1.069303,0.411545,0.508176,0.333214,0.5178,0.051855,0.20059,0.309583,0.497492,0.43802,0.059668,0.042747,0.009046,0.015659,0.062543,0.008375,0.079334,0.011248,0.012525,0.000146,0.001962,0.004436,0.00914,0.013337,0.00076
28980,886,19963,19077,19070,7,0,0,183,38.522216,0.0,30613.195002,1083.939855,2157.537929,2096.496692,3714.03,28980,40,76,36167040.0,8592212.3475,20567.5676,24572.1256,713.0206,88.7342,7.109,0.0343,73,0.054176,1.048143,0.489372,0.509357,1.073304,0.411764,0.511438,0.334829,0.517528,0.051876,0.200287,0.310655,0.497921,0.437687,0.059849,0.043307,0.009041,0.015736,0.062912,0.008343,0.082381,0.012225,0.012608,0.000147,0.001923,0.004593,0.009575,0.013277,0.000766
29000,890,19993,19103,19096,7,0,0,189,42.943348,0.0,30670.228231,1082.271673,2154.784979,2096.492639,3701.0,29000,40,76,36192000.0,8601908.9512,20575.7814,24604.0062,713.8473,88.7342,7.109,0.0343,73,0.052809,1.047464,0.489446,0.510132,1.071352,0.412858,0.510353,0.333331,0.51682,0.051806,0.20091,0.310939,0.498552,0.436734,0.059795,0.042878,0.008791,0.016314,0.061737,0.008568,0.08168,0.011946,0.011788,0.000145,0.001925,0.004597,0.009328,0.013182,0.000787
29020,896,20020,19124,19117,7,0,0,188,43.088656,0.0,30699.181268,1089.582687,2147.328658,2096.84746,3685.78,29020,40,76,36216960.0,8611608.4303,20583.5089,24639.1313,714.6312,88.7342,7.109,0.0343,73,0.053571,1.045913,0.489643,0.511587,1.072933,0.413251,0.511566,0.334671,0.516857,0.051839,0.200944,0.310646,0.498461,0.43607,0.059833,0.041127,0.008971,0.017012,0.062601,0.008519,0.082121,0.012163,0.011779,0.000145,0.001935,0.004569,0.0092,0.013061,0.000784
29040,895,20041,19146,19139,7,0,0,188,42.551931,0.0,30701.892293,1093.505534,2143.942535,2096.647158,3686.68,29040,40,76,36241920.0,8621327.9866,20591.701,24669.9028,716.8188,88.7342,7.109,0.0343,73,0.054749,1.045837,0.490062,0.511562,1.073101,0.413555,0.513907,0.335105,0.516139,0.051867,0.200074,0.310943,0.498573,0.437719,0.060178,0.042288,0.009293,0.017059,0.063238,0.008713,0.082294,0.01223,0.011713,0.000147,0.001938,0.004558,0.009233,0.013383,0.000793
29060,889,20065,19176,19169,7,0,0,186,42.767127,0.0,30713.950693,1084.104169,2153.128704,2096.554991,3709.75,29060,40,76,36266880.0,8631047.289,20599.9148,24696.6573,718.1423,88.7342,7.109,0.0343,73,0.056243,1.044069,0.48869,0.511851,1.073964,0.413986,0.520443,0.336363,0.516536,0.051975,0.2007,0.310157,0.498171,0.439089,0.060556,0.042806,0.009316,0.017238,0.064127,0.009118,0.087368,0.012702,0.011807,0.000153,0.002039,0.004517,0.009251,0.013625,0.00083
29080,891,20091,19200,19193,7,0,0,187,40.802145,0.0,30765.909658,1085.99907,2153.198785,2096.516829,3663.63,29080,40,76,36291840.0,8640767.201,20608.1286,24726.8714,718.7939,88.7342,7.109,0.0343,73,0.059484,1.046593,0.487866,0.510425,1.075036,0.414828,0.522426,0.336974,0.517189,0.051984,0.200902,0.310496,0.496303,0.438825,0.060638,0.043591,0.009196,0.017301,0.063897,0.009141,0.087223,0.012878,0.011781,0.000154,0.002052,0.004534,0.009303,0.013746,0.000825
29100,889,20107,19218,19211,7,0,0,186,38.840083,0.0,30805.770053,1093.805119,2147.354799,2096.500999,3653.47,29100,40,76,36316800.0,8650501.1471,20616.3424,24756.0513,719.7703,88.7342,7.109,0.0343,73,0.059618,1.045873,0.488337,0.51125,1.078433,0.413473,0.522688,0.336302,0.515235,0.05195,0.201126,0.310156,0.497213,0.439463,0.060579,0.043607,0.009309,0.017345,0.064777,0.009004,0.08742,0.012817,0.011423,0.000152,0.002051,0.004515,0.009253,0.0136,0.000812
29120,885,20130,19245,19238,7,0,0,191,37.871279,0.0,30922.608265,1083.40134,2158.72738,2096.494427,3672.65,29120,40,76,36341760.0,8660254.0671,20624.5562,24780.4071,720.522,88.7342,7.1311,0.0343,73,0.058757,1.043176,0.489412,0.51093,1.079641,0.413631,0.528605,0.336473,0.516554,0.052207,0.201283,0.310306,0.49702,0.440998,0.06085,0.045011,0.009349,0.017303,0.065435,0.009219,0.09407,0.012841,0.011842,0.000155,0.002145,0.004575,0.009199,0.013734,0.000822
29140,890,20153,19263,19256,7,0,0,187,38.488578,0.0,31009.81035,1087.683921,2153.827501,2096.497792,3658.64,29140,40,76,36366720.0,8670010.1937,20632.7637,24806.1569,721.7201,88.7342,7.1692,0.0343,73,0.058427,1.046152,0.489862,0.511243,1.077947,0.414043,0.528544,0.33695,0.516478,0.052292,0.201014,0.310975,0.49597,0.44185,0.060725,0.045876,0.009584,0.017296,0.06513,0.009191,0.093728,0.012894,0.012035,0.000157,0.00211,0.004686,0.009173,0.013782,0.000827
29160,900,20178,19278,19271,7,0,0,175,33.594603,0.0,31002.755732,1098.96209,2147.443307,2095.69891,3633.39,29160,40,76,36391680.0,8679744.7009,20642.0011,24835.2024,722.6508,88.7342,7.2342,0.0343,73,0.058889,1.045308,0.488853,0.510289,1.074971,0.414808,0.528107,0.337301,0.517638,0.052465,0.200755,0.310963,0.496519,0.442352,0.060878,0.045793,0.009429,0.017518,0.063801,0.00921,0.094782,0.01306,0.012209,0.00016,0.002088,0.004675,0.009399,0.013927,0.000847
29180,902,20199,19297,19290,7,0,0,175,35.010667,0.0,30912.343967,1106.468461,2138.520872,2094.468518,3633.62,29180,40,76,36416640.0,8689479.8346,20652.5835,24865.0442,723.1956,88.7342,7.2342,0.0343,73,0.05765,1.045241,0.488882,0.508982,1.075471,0.414367,0.52547,0.335895,0.517431,0.052491,0.200965,0.310529,0.497014,0.442616,0.060648,0.045887,0.00946,0.017015,0.063496,0.009193,0.093398,0.012744,0.012263,0.00016,0.002095,0.004549,0.009275,0.014119,0.000839
29200,909,20229,19320,19313,7,0,0,177,36.766547,0.0,30762.376722,1107.234539,2135.998914,2093.702978,3605.97,29200,40,76,36441600.0,8699213.6238,20663.5354,24892.9367,724.3063,88.7342,7.2342,0.0343,73,0.059406,1.045826,0.488351,0.508645,1.07349,0.414038,0.522127,0.336055,0.518325,0.052567,0.200706,0.310754,0.495943,0.441918,0.060387,0.045114,0.009475,0.016547,0.063308,0.009093,0.093092,0.012456,0.012145,0.000158,0.002027,0.004536,0.00914,0.014146,0.00084
29220,895,20241,19346,19339,7,0,0,188,41.548769,0.0,30713.284901,1102.394364,2136.056867,2093.347043,3669.3,29220,40,76,36466560.0,8708957.2938,20674.4874,24921.1117,725.337,88.7342,7.2342,0.0343,73,0.058101,1.044578,0.488773,0.509375,1.071296,0.413894,0.52108,0.335962,0.518409,0.052576,0.200489,0.311108,0.49563,0.440493,0.060214,0.044161,0.009557,0.016574,0.061639,0.008795,0.093795,0.012325,0.012172,0.000159,0.001973,0.004519,0.009034,0.014074,0.000852
29240,894,20261,19367,19360,7,0,0,184,36.017415,0.0,30721.491244,1097.792089,2146.190496,2093.178782,3669.3,29240,40,75,36491520.0,8718700.5756,20685.4394,24941.6826,726.6776,88.7342,7.2342,0.0343,73,0.059284,1.044409,0.488065,0.509045,1.07229,0.413452,0.519483,0.336032,0.518411,0.052424,0.200441,0.311666,0.495885,0.439948,0.060114,0.04393,0.00938,0.016522,0.061562,0.008731,0.092846,0.012106,0.012216,0.000158,0.001973,0.004544,0.008978,0.013873,0.000834
29260,891,20286,19395,19388,7,0,0,193,39.848644,0.0,30753.473961,1088.053497,2152.09786,2093.098616,3682.18,29260,40,75,36516480.0,8728454.372,20696.3914,24966.3902,727.2058,88.7342,7.2342,0.0343,73,0.059484,1.045529,0.487209,0.508609,1.073503,0.412797,0.518717,0.337398,0.517614,0.052319,0.200229,0.310875,0.4967,0.439125,0.060024,0.042232,0.009381,0.016416,0.062547,0.008611,0.094858,0.012265,0.012022,0.000153,0.001943,0.004494,0.00915,0.013769,0.00084
29280,895,20310,19415,19408,7,0,0,187,38.600825,0.0,30841.474701,1090.912985,2150.48619,2093.060281,3650.63,29280,40,75,36541440.0,8738213.5692,20707.3434,24995.1407,728.2456,88.7342,7.2342,0.0343,73,0.058101,1.044922,0.488235,0.508812,1.076227,0.412538,0.516667,0.33695,0.517064,0.05222,0.200845,0.311144,0.497569,0.437143,0.059864,0.041523,0.009292,0.016572,0.064443,0.008339,0.093376,0.012172,0.011725,0.000153,0.001959,0.004519,0.009049,0.013229,0.000823
29300,894,20334,19440,19433,7,0,0,191,42.502946,0.0,30879.479219,1091.034984,2146.46207,2093.041916,3659.72,29300,40,75,36566400.0,8747972.2842,20718.2954,25027.1851,729.1213,88.7342,7.4196,0.0343,73,0.058166,1.043266,0.488381,0.507823,1.07679,0.412974,0.517837,0.336506,0.517418,0.052273,0.200882,0.310417,0.496816,0.436338,0.059745,0.040776,0.009373,0.015834,0.06455,0.008439,0.093371,0.012143,0.011592,0.000158,0.002004,0.004338,0.00895,0.013099,0.00079
29320,894,20353,19459,19452,7,0,0,191,38.379132,0.0,30890.98567,1095.139264,2146.481604,2093.033111,3671.93,29320,40,75,36591360.0,8757714.102,20729.2474,25054.79,729.4923,88.7342,7.5205,0.0343,73,0.057047,1.041687,0.488768,0.507381,1.072731,0.414311,0.52159,0.3356,0.516546,0.052304,0.201032,0.310693,0.497296,0.436721,0.059715,0.040988,0.009288,0.016349,0.063608,0.008661,0.097397,0.012082,0.011526,0.000159,0.002018,0.004325,0.008937,0.012982,0.000784
29340,893,20378,19485,19478,7,0,0,182,37.895942,0.0,30946.975143,1087.810698,2154.29336,2093.028888,3685.97,29340,40,75,36616320.0,8767470.417,20740.1994,25077.4896,731.2466,88.7342,7.5205,0.0343,73,0.057111,1.041798,0.488429,0.506888,1.075224,0.415044,0.525965,0.335785,0.517092,0.05228,0.201075,0.312146,0.49652,0.436611,0.060286,0.04061,0.009435,0.016562,0.065421,0.008854,0.09908,0.012214,0.011663,0.000159,0.002071,0.004871,0.00902,0.013353,0.000804
29360,893,20399,19506,19499,7,0,0,183,39.989779,0.0,31000.854403,1088.443362,2151.566859,2093.026862,3693.62,29360,40,75,36641280.0,8777226.8463,20751.1514,25104.4562,732.3284,88.7342,7.5205,0.0343,73,0.054871,1.042895,0.488742,0.508738,1.075941,0.415736,0.526732,0.334477,0.517507,0.0522,0.20112,0.31231,0.49661,0.436763,0.060507,0.040783,0.009527,0.016676,0.06695,0.008846,0.098652,0.01193,0.011677,0.000155,0.002052,0.00498,0.00919,0.013354,0.000804
29380,886,20418,19532,19525,7,0,0,189,41.340713,0.0,31134.377844,1083.203066,2155.456221,2093.02589,3715.78,29380,40,75,36666240.0,8786989.8961,20762.1034,25130.4569,733.9906,88.7342,7.5205,0.0343,73,0.053047,1.043731,0.487251,0.509323,1.074677,0.415166,0.526887,0.333613,0.517173,0.052195,0.201159,0.311711,0.497597,0.437002,0.06055,0.040798,0.009097,0.016884,0.066622,0.00911,0.099662,0.011651,0.011797,0.00016,0.002074,0.004976,0.009408,0.013009,0.000816
29400,889,20442,19553,19546,7,0,0,188,38.433933,0.0,31280.041307,1081.600968,2159.965099,2093.025423,3711.11,29400,40,75,36691200.0,8796758.9309,20773.0554,25155.0317,734.1953,88.7342,7.5205,0.0343,73,0.055118,1.043068,0.486243,0.509865,1.07451,0.41524,0.531935,0.334095,0.51757,0.052289,0.201265,0.312501,0.49716,0.4379,0.060947,0.040743,0.009229,0.017502,0.066673,0.009555,0.101201,0.011644,0.011786,0.000167,0.002113,0.005195,0.009635,0.013124,0.000856
29420,886,20463,19577,19570,7,0,0,186,39.666829,0.0,31425.098353,1081.486398,2158.846773,2093.0252,3730.39,29420,40,75,36716160.0,8806550.0422,20784.0074,25182.8276,735.2345,88.7342,7.5205,0.0343,73,0.054176,1.044205,0.488966,0.509855,1.075971,0.415563,0.531442,0.333926,0.516205,0.052232,0.20093,0.311966,0.496983,0.436993,0.060942,0.041798,0.009934,0.017336,0.067203,0.009722,0.100466,0.011522,0.011961,0.000159,0.002099,0.00501,0.009751,0.013266,0.000853
29440,895,20488,19593,19586,7,0,0,182,35.545667,0.0,31529.531319,1090.672997,2153.781337,2093.025092,3700.42,29440,40,75,36741120.0,8816334.9911,20794.9594,25211.5483,735.8363,88.7342,7.5205,0.0343,73,0.054749,1.045136,0.488091,0.50971,1.075651,0.415099,0.531884,0.334564,0.516473,0.052295,0.200881,0.31278,0.496211,0.438039,0.060723,0.042157,0.009848,0.017329,0.067681,0.009663,0.099849,0.011729,0.012002,0.000165,0.002105,0.005118,0.009682,0.013489,0.000847
29460,900,20520,19620,19613,7,0,0,187,44.310906,0.0,31507.676062,1090.508536,2145.180558,2093.025041,3676.48,29460,40,75,36766080.0,8826114.152,20805.9114,25244.5273,736.9031,88.7342,7.5205,0.0343,82,0.055556,1.04527,0.489334,0.509275,1.075598,0.413993,0.531842,0.335247,0.515739,0.052283,0.200976,0.312632,0.496411,0.439009,0.060871,0.042747,0.009837,0.017485,0.06822,0.009701,0.099878,0.011633,0.01237,0.000167,0.002126,0.00531,0.009613,0.013692,0.000839
29480,901,20545,19644,19637,7,0,0,178,39.895404,0.0,31481.433274,1098.477936,2141.62666,2093.025016,3676.52,29480,40,75,36791040.0,8835891.5293,20816.8633,25281.1745,738.5373,88.7342,7.5205,0.0343,82,0.056604,1.044976,0.489418,0.510201,1.076523,0.413696,0.529693,0.335211,0.516338,0.052188,0.20105,0.312749,0.49658,0.438777,0.060786,0.043222,0.010044,0.017836,0.069207,0.009507,0.098888,0.011559,0.012372,0.000165,0.002135,0.005359,0.009547,0.013382,0.000837
29500,899,20563,19664,19657,7,0,0,175,41.012719,0.0,31430.04817,1104.704204,2134.283077,2094.281694,3687.4,29500,40,74,36816000.0,8845671.4845,20826.3093,25312.3315,740.1065,88.7342,7.5205,0.0343,82,0.05673,1.044688,0.489499,0.512314,1.077836,0.413403,0.531349,0.335429,0.516657,0.052197,0.200825,0.313023,0.496189,0.438895,0.060827,0.042057,0.010175,0.018422,0.069252,0.009249,0.104315,0.011405,0.012617,0.000163,0.002098,0.005344,0.009596,0.01339,0.00085
29520,907,20589,19682,19675,7,0,0,177,39.257873,0.0,31362.52487,1108.48161,2132.260517,2095.542953,3653.67,29520,40,74,36840960.0,8855474.1828,20834.5231,25338.304,740.5511,88.7342,7.5205,0.0343,82,0.059537,1.045582,0.490074,0.513658,1.073997,0.414704,0.53209,0.336488,0.517822,0.052242,0.200457,0.312558,0.495489,0.440091,0.060592,0.043021,0.01054,0.019251,0.068812,0.009516,0.103402,0.011464,0.01325,0.000164,0.002076,0.005156,0.009417,0.01351,0.000846
29540,910,20614,19704,19697,7,0,0,174,36.535314,0.0,31265.416952,1109.478364,2133.986323,2096.091133,3648.86,29540,40,74,36865920.0,8865274.9893,20842.7369,25365.4336,741.2092,88.7342,7.5205,0.0343,82,0.06044,1.047627,0.489541,0.513511,1.074112,0.414661,0.530244,0.336458,0.516232,0.052224,0.200356,0.312289,0.495719,0.439229,0.060252,0.042191,0.010209,0.018881,0.067851,0.009427,0.103462,0.0114,0.01287,0.000163,0.001997,0.005061,0.009261,0.01343,0.000847
29560,903,20628,19725,19718,7,0,0,177,42.23297,0.0,31172.358111,1109.845417,2127.921613,2096.323243,3649.21,29560,40,74,36890880.0,8875088.3134,20850.9507,25392.9446,741.5578,88.7342,7.5205,0.0343,82,0.058693,1.048737,0.489349,0.512032,1.07624,0.414156,0.528786,0.336179,0.515635,0.052398,0.20072,0.312241,0.495923,0.437992,0.059869,0.043425,0.010173,0.019215,0.065819,0.009014,0.102102,0.011662,0.012703,0.000168,0.002003,0.004999,0.009353,0.013211,0.000793
29580,911,20660,19749,19742,7,0,0,174,41.06047,0.0,31050.273684,1111.79948,2127.14005,2096.420431,3629.5,29580,40,74,36915840.0,8884889.2942,20859.1646,25423.0125,742.7148,88.7342,7.5205,0.0343,82,0.059276,1.048779,0.489126,0.511805,1.077654,0.414681,0.533256,0.33713,0.51573,0.052563,0.201012,0.312275,0.496378,0.438651,0.060116,0.043516,0.010176,0.019477,0.06798,0.009069,0.105706,0.012263,0.012701,0.000171,0.002091,0.005018,0.009475,0.013506,0.000801
29600,913,20684,19771,19764,7,0,0,174,36.649812,0.0,30897.961162,1116.113171,2127.237018,2096.460935,3635.77,29600,40,74,36940800.0,8894679.5219,20867.3784,25454.6924,744.1061,88.7342,7.5205,0.0343,73,0.059146,1.047379,0.489054,0.510304,1.078785,0.415342,0.535716,0.33882,0.515902,0.052392,0.200786,0.312263,0.49725,0.439684,0.060092,0.044132,0.010145,0.019448,0.06795,0.009077,0.108065,0.013034,0.012815,0.000166,0.002084,0.005075,0.009606,0.013473,0.000802
29620,911,20707,19796,19789,7,0,0,180,38.013557,0.0,30741.948254,1117.384815,2124.601628,2096.477782,3639.61,29620,40,74,36965760.0,8904469.7899,20875.5922,25486.3014,744.7474,88.7342,7.5205,0.0343,73,0.059276,1.047511,0.487878,0.511513,1.077719,0.415763,0.536579,0.339247,0.514994,0.052431,0.200825,0.312121,0.498082,0.438668,0.060343,0.043503,0.009959,0.019407,0.069336,0.009078,0.110124,0.013285,0.012389,0.000162,0.002064,0.005211,0.009701,0.013144,0.000825
29640,896,20723,19827,19820,7,0,0,185,41.661753,0.0,30670.461481,1104.130186,2134.208061,2096.484784,3691.52,29640,40,74,36990720.0,8914250.0665,20883.806,25510.2756,746.361,88.7342,7.5312,0.0343,73,0.060268,1.04821,0.487369,0.511275,1.075845,0.415761,0.53424,0.33923,0.515466,0.052549,0.201207,0.311269,0.497634,0.439134,0.060118,0.044009,0.009835,0.019034,0.067468,0.009308,0.105394,0.012676,0.012807,0.000164,0.002102,0.004804,0.009599,0.013304,0.000813
29660,893,20740,19847,19840,7,0,0,181,38.378231,0.0,30671.880882,1103.198086,2138.423682,2096.487693,3717.55,29660,40,74,37015680.0,8924050.1073,20892.0198,25535.382,747.0695,88.7342,7.5312,0.0343,73,0.06047,1.047474,0.48749,0.511532,1.074541,0.415806,0.531734,0.338572,0.517015,0.052577,0.200992,0.311036,0.497856,0.439779,0.060181,0.043801,0.009945,0.018351,0.067967,0.009068,0.104402,0.012461,0.012992,0.000162,0.002095,0.004771,0.009598,0.013372,0.000818
29680,896,20764,19868,19861,7,0,0,186,37.981076,0.0,30690.910795,1100.597162,2141.421761,2096.488901,3680.0,29680,40,74,37040640.0,8933849.5311,20900.2336,25558.8459,747.6206,88.7342,7.5312,0.0343,73,0.060268,1.045614,0.486726,0.512747,1.073751,0.416407,0.536348,0.339295,0.517837,0.052611,0.200922,0.311591,0.497697,0.440164,0.060432,0.044217,0.010045,0.018785,0.069319,0.009811,0.108934,0.012586,0.012921,0.000164,0.002103,0.004767,0.009457,0.013451,0.000834
29700,899,20782,19883,19876,7,0,0,185,35.321748,0.0,30678.841593,1105.046955,2139.631297,2096.357594,3680.49,29700,40,74,37065600.0,8943630.5792,20908.5906,25582.1177,748.0309,88.7342,7.5312,0.0343,73,0.058954,1.045848,0.487147,0.512608,1.077545,0.415855,0.5362,0.33963,0.517752,0.052518,0.200442,0.31117,0.497592,0.440141,0.060483,0.043987,0.010061,0.018562,0.072063,0.009852,0.109808,0.012492,0.012977,0.000165,0.0021,0.004655,0.009274,0.013448,0.000849
29720,909,20812,19903,19896,7,0,0,181,33.294475,0.0,30628.216534,1107.152434,2139.553091,2095.206805,3654.1,29720,40,74,37090560.0,8953437.3789,20918.4949,25608.9682,748.9761,88.7342,7.5312,0.0343,73,0.059406,1.045937,0.488044,0.512748,1.076277,0.41609,0.538212,0.34042,0.517547,0.052458,0.201449,0.310293,0.497751,0.440744,0.060462,0.045082,0.009939,0.019287,0.071877,0.010012,0.112808,0.012714,0.012909,0.000159,0.002139,0.004641,0.009446,0.013422,0.000835
29740,904,20832,19928,19921,7,0,0,186,40.785495,0.0,30562.587378,1101.228486,2137.98602,2093.83839,3675.45,29740,41,74,37115520.0,8963221.3703,20929.6614,25636.152,749.5599,88.7342,7.5312,0.0343,73,0.060841,1.044608,0.488557,0.512935,1.076802,0.41518,0.538666,0.339742,0.517106,0.052519,0.20212,0.309292,0.496911,0.439462,0.060471,0.04349,0.010047,0.0193,0.071621,0.009923,0.113157,0.012472,0.012978,0.00016,0.002099,0.004632,0.00961,0.01312,0.000827
29760,904,20860,19956,19949,7,0,0,185,37.689097,0.0,30531.781209,1096.172624,2146.138279,2093.024914,3676.16,29760,41,74,37140480.0,8973007.1612,20941.1513,25666.7634,750.2318,88.7342,7.5312,0.0343,73,0.060841,1.04415,0.48864,0.511812,1.077966,0.415563,0.537196,0.338577,0.517953,0.052524,0.201624,0.308584,0.494769,0.437462,0.060153,0.043012,0.010257,0.019203,0.069942,0.00977,0.110527,0.012255,0.012982,0.000161,0.002047,0.004603,0.009643,0.013022,0.000801
29780,904,20883,19979,19972,7,0,0,191,43.134364,0.0,30499.404245,1100.457938,2136.407699,2092.635946,3686.2,29780,41,74,37165440.0,8982801.6219,20952.6411,25697.7299,750.8981,88.7342,7.5312,0.0343,73,0.064159,1.047372,0.487934,0.511006,1.078923,0.415712,0.540817,0.339889,0.518472,0.052559,0.201774,0.309286,0.494759,0.439127,0.060776,0.043458,0.010283,0.019737,0.069518,0.009871,0.112975,0.012716,0.013243,0.000167,0.002057,0.004698,0.010073,0.013474,0.000844
29800,896,20898,20002,19995,7,0,0,184,36.638451,0.0,30508.276998,1101.813835,2141.547715,2092.446583,3711.3,29800,41,74,37190400.0,8992601.6293,20964.131,25726.0267,753.8911,88.7342,7.5312,0.0343,73,0.061384,1.047529,0.48843,0.511893,1.07765,0.415174,0.542354,0.339707,0.519151,0.052591,0.201894,0.309161,0.496571,0.439468,0.060879,0.044057,0.010404,0.019948,0.07031,0.009693,0.113191,0.012661,0.013464,0.000173,0.002071,0.00471,0.01063,0.013642,0.000837
29820,892,20916,20024,20017,7,0,0,176,34.234124,0.0,30548.532665,1097.327965,2148.437911,2092.35359,3737.63,29820,41,74,37215360.0,9002419.6463,20975.6209,25748.723,754.5803,88.7342,7.5312,0.0343,73,0.060538,1.048183,0.489439,0.510829,1.079892,0.414825,0.539656,0.33873,0.51862,0.052611,0.202232,0.309845,0.496883,0.439579,0.060523,0.044129,0.010418,0.018995,0.071069,0.009559,0.111524,0.01242,0.013397,0.000176,0.002102,0.004603,0.010499,0.01366,0.000826
29840,883,20935,20052,20045,7,0,0,185,42.656234,0.0,30619.929276,1085.277186,2152.066581,2092.307726,3784.45,29840,41,74,37240320.0,9012216.4853,20987.1108,25772.0374,755.6742,88.7342,7.5312,0.0343,73,0.061155,1.046108,0.486288,0.510832,1.078945,0.414169,0.53982,0.338472,0.519301,0.052515,0.202718,0.310153,0.497095,0.439372,0.060548,0.043546,0.009825,0.01842,0.071389,0.009443,0.111829,0.012539,0.01346,0.000176,0.002105,0.004639,0.010416,0.013735,0.000822
29860,888,20962,20074,20067,7,0,0,185,37.041164,0.0,30768.585576,1083.624764,2159.334072,2092.28506,3760.6,29860,41,74,37265280.0,9022017.1138,20998.6007,25797.2946,756.6654,88.7342,7.5312,0.0343,73,0.060811,1.04712,0.487127,0.509037,1.078614,0.414363,0.538957,0.337759,0.51839,0.052507,0.202704,0.311555,0.498804,0.439161,0.060543,0.04338,0.009753,0.018054,0.072,0.009456,0.110647,0.012482,0.013558,0.000177,0.002105,0.004603,0.01053,0.013929,0.000819
29880,889,20984,20095,20088,7,0,0,182,41.482011,0.0,30935.425263,1082.265478,2156.252511,2092.273846,3758.72,29880,41,74,37290240.0,9031832.7813,21010.0905,25824.8125,757.0845,88.7342,7.5312,0.0343,73,0.056243,1.043099,0.488585,0.509087,1.077891,0.414738,0.539632,0.336905,0.518255,0.052358,0.203014,0.310983,0.49908,0.438855,0.060393,0.042499,0.009559,0.018442,0.071382,0.009601,0.110485,0.012296,0.013371,0.000167,0.002141,0.004606,0.010433,0.013785,0.000817
29900,888,21006,20118,20111,7,0,0,188,40.703709,0.0,31101.239779,1083.660409,2155.635882,2092.268295,3771.93,29900,41,74,37315200.0,9041660.6288,21021.5804,25854.7488,758.2501,88.7342,7.5312,0.0343,82,0.05518,1.042346,0.487934,0.511196,1.079856,0.414306,0.540179,0.337103,0.51833,0.052249,0.202916,0.310822,0.499092,0.439764,0.060438,0.042693,0.009147,0.019264,0.071554,0.009659,0.110788,0.012059,0.013215,0.000168,0.002153,0.0046,0.010528,0.013815,0.000817
29920,899,21030,20131,20124,7,0,0,175,35.476788,0.0,31246.31727,1093.779995,2150.743217,2092.265547,3736.35,29920,41,74,37340160.0,9051492.4178,21033.0703,25881.3306,758.6686,88.7342,7.5312,0.0343,82,0.055617,1.042769,0.487452,0.511854,1.079562,0.415201,0.538831,0.336034,0.518232,0.052285,0.203391,0.310388,0.499045,0.439344,0.060435,0.042629,0.009005,0.019658,0.071577,0.009691,0.110311,0.011914,0.013114,0.000167,0.002197,0.00459,0.010518,0.013675,0.000812
29940,897,21051,20154,20147,7,0,0,175,39.421593,0.0,31337.29717,1094.253532,2146.324875,2092.264186,3758.79,29940,41,74,37365120.0,9061331.8513,21044.5602,25910.5424,759.2553,88.7342,7.5312,0.0343,82,0.057971,1.043927,0.487392,0.512731,1.083351,0.415025,0.542609,0.336207,0.518174,0.052176,0.203636,0.309803,0.499655,0.439794,0.060489,0.042881,0.009186,0.020375,0.072068,0.009661,0.117704,0.01204,0.013139,0.000161,0.002213,0.004584,0.010325,0.013738,0.000821
29960,900,21079,20179,20172,7,0,0,172,37.647949,0.0,31383.444806,1097.610568,2144.741483,2092.263512,3738.94,29960,41,74,37390080.0,9071176.8185,21056.0501,25944.5133,760.3308,88.7342,7.5312,0.0343,82,0.057778,1.043819,0.486009,0.511628,1.083525,0.415668,0.543005,0.337579,0.518407,0.05215,0.203585,0.310161,0.499095,0.440596,0.060449,0.045489,0.009265,0.020344,0.071372,0.010098,0.11786,0.012274,0.013009,0.00016,0.002215,0.00446,0.009816,0.013918,0.000825
29980,896,21101,20205,20198,7,0,0,172,37.28284,0.0,31486.366656,1095.348249,2147.368912,2092.263178,3745.65,29980,41,74,37415040.0,9081047.9597,21067.5399,25974.0568,761.9555,88.7342,7.5415,0.0343,82,0.059152,1.041732,0.486097,0.512822,1.084235,0.416016,0.541133,0.336089,0.519118,0.052182,0.204003,0.31052,0.49761,0.440437,0.06037,0.045315,0.009322,0.019934,0.071323,0.010187,0.117313,0.011731,0.012926,0.000158,0.002216,0.004355,0.009566,0.013956,0.000832
30000,902,21130,20228,20221,7,0,0,175,41.17826,0.0,31562.521681,1095.624787,2143.196953,2092.263013,3730.62,30000,41,74,37440000.0,9090920.2725,21079.0298,26001.8783,762.9394,88.7342,7.5415,0.0343,82,0.059867,1.044995,0.485188,0.511501,1.086861,0.414495,0.542282,0.337182,0.518056,0.052255,0.203787,0.311057,0.498393,0.439776,0.060481,0.045483,0.009397,0.020028,0.075647,0.010141,0.117983,0.012282,0.012608,0.000163,0.002229,0.004681,0.009799,0.013615,0.000855
30020,899,21147,20248,20241,7,0,0,174,38.043474,0.0,31665.599166,1101.156482,2140.800044,2092.262931,3752.04,30020,41,74,37464960.0,9100832.6468,21090.5197,26032.6918,763.43,88.7342,7.5415,0.0343,82,0.057842,1.046295,0.485794,0.511562,1.087299,0.41468,0.542701,0.337617,0.518581,0.052199,0.203983,0.311104,0.497889,0.44097,0.060492,0.045839,0.009554,0.01946,0.076811,0.010139,0.117372,0.012317,0.012918,0.000162,0.002254,0.004709,0.009654,0.01355,0.000862
30040,901,21174,20273,20266,7,0,0,171,38.629338,0.0,31755.103902,1101.045888,2140.324774,2094.091818,3749.51,30040,40,74,37489920.0,9110759.7196,21099.7163,26063.2336,763.8672,88.7342,7.5415,0.0343,82,0.056604,1.045634,0.486242,0.512994,1.087481,0.41388,0.544431,0.338188,0.51717,0.052241,0.203621,0.311974,0.498509,0.43983,0.060719,0.045783,0.009571,0.020134,0.07843,0.010198,0.12073,0.012621,0.012619,0.000164,0.002297,0.004917,0.009621,0.01349,0.000872
30060,901,21194,20293,20286,7,0,0,171,39.983539,0.0,31839.51851,1102.573642,2137.442819,2095.458672,3759.33,30060,40,74,37514880.0,9120668.0395,21107.9301,26089.0395,764.3656,88.7342,7.5415,0.0343,73,0.054384,1.045695,0.487063,0.512427,1.09244,0.41335,0.541496,0.338537,0.516697,0.052166,0.203585,0.311279,0.499076,0.439997,0.06057,0.045002,0.009543,0.020122,0.080727,0.010054,0.119282,0.012759,0.011951,0.000159,0.002302,0.004984,0.009515,0.013773,0.000841
30080,897,21215,20318,20311,7,0,0,179,38.427875,0.0,31956.977351,1098.457138,2143.114987,2096.055122,3788.05,30080,41,74,37539840.0,9130585.8416,21116.1439,26114.1997,765.8741,88.7342,7.5415,0.0343,73,0.056856,1.047016,0.48713,0.511691,1.089736,0.41205,0.541085,0.337587,0.516777,0.052119,0.203465,0.311238,0.498673,0.439687,0.06033,0.044719,0.009517,0.020085,0.079548,0.00985,0.114985,0.012456,0.011933,0.00016,0.002322,0.00497,0.009262,0.01353,0.000807
30100,911,21246,20335,20328,7,0,0,178,38.957971,0.0,32034.630457,1108.584714,2132.457314,2096.308107,3746.3,30100,41,74,37564800.0,9140541.6436,21124.3577,26145.7679,766.7691,88.7342,7.5573,0.0343,73,0.055982,1.045913,0.487306,0.511658,1.086893,0.413325,0.54311,0.336175,0.517092,0.052187,0.204202,0.31035,0.497903,0.439852,0.060312,0.045254,0.009608,0.019795,0.07865,0.010062,0.118571,0.012075,0.011926,0.000165,0.002407,0.004693,0.008991,0.013603,0.000793
30120,923,21281,20358,20351,7,0,0,168,36.825402,0.0,32059.206118,1117.119665,2126.054933,2096.414113,3698.97,30120,41,74,37589760.0,9150537.7125,21132.5716,26183.6217,768.1065,88.7342,7.5637,0.0343,82,0.056338,1.047771,0.487722,0.512359,1.0877,0.413218,0.549041,0.336225,0.517169,0.052188,0.203756,0.310598,0.49691,0.440605,0.060747,0.045999,0.009663,0.020047,0.081811,0.010247,0.126886,0.01192,0.011967,0.000167,0.002391,0.004885,0.009084,0.013945,0.00084
30140,921,21304,20383,20376,7,0,0,175,43.926261,0.0,31988.257372,1122.628825,2113.444915,2095.659903,3715.75,30140,41,74,37614720.0,9160535.7466,21141.814,26219.7344,769.7772,88.7342,7.5637,0.0343,82,0.05646,1.045607,0.489381,0.513906,1.087928,0.412847,0.547651,0.33624,0.516035,0.052103,0.203404,0.310411,0.49656,0.439876,0.060814,0.045756,0.009795,0.020538,0.084625,0.01023,0.127362,0.011968,0.011884,0.000164,0.002366,0.004867,0.009027,0.013628,0.000867
30160,926,21330,20404,20397,7,0,0,173,44.529388,0.0,31868.059448,1130.610356,2104.860255,2094.67209,3706.82,30160,41,74,37639680.0,9170525.0202,21152.2901,26252.4111,770.7313,88.7342,7.5637,0.0343,82,0.058315,1.045874,0.489654,0.514674,1.089223,0.413211,0.550549,0.33584,0.516019,0.052162,0.203672,0.309795,0.49589,0.441488,0.060835,0.046153,0.009835,0.020656,0.084198,0.010317,0.129027,0.011844,0.012236,0.000167,0.002322,0.004865,0.008856,0.013972,0.000865
30180,914,21348,20434,20427,7,0,0,186,46.079832,0.0,31846.764199,1124.095717,2109.824451,2092.010503,3756.05,30180,41,74,37664640.0,9180525.3878,21166.0732,26282.956,771.7327,88.7342,7.5637,0.0343,82,0.057987,1.045522,0.489341,0.513592,1.087279,0.412587,0.545918,0.335503,0.515867,0.051971,0.203453,0.310161,0.495784,0.441495,0.060671,0.046103,0.009896,0.019818,0.083024,0.010075,0.125631,0.011918,0.012335,0.000163,0.002324,0.004918,0.00891,0.0141,0.000853
30200,918,21378,20460,20453,7,0,0,189,48.908056,0.0,31871.534765,1117.030393,2114.061551,2089.321026,3740.05,30200,41,74,37689600.0,9190525.6177,21182.0536,26308.9741,772.885,88.7342,7.5637,0.0343,82,0.056645,1.045813,0.488876,0.511265,1.089986,0.413297,0.547443,0.33846,0.517283,0.051888,0.202914,0.310058,0.496122,0.44229,0.060685,0.046016,0.009901,0.019464,0.082821,0.009509,0.128265,0.013465,0.012409,0.000159,0.002311,0.004853,0.009157,0.014198,0.000858
30220,914,21402,20488,20481,7,0,0,185,46.538188,0.0,31915.028434,1113.431215,2120.030597,2086.782106,3764.57,30220,41,74,37714560.0,9200526.4021,21199.766,26340.3564,773.9974,88.7342,7.5637,0.0343,82,0.055799,1.044562,0.48962,0.510421,1.089033,0.413244,0.547209,0.338163,0.516723,0.051978,0.202818,0.309989,0.497101,0.442177,0.06055,0.045281,0.009873,0.019615,0.082565,0.009221,0.123682,0.013252,0.01245,0.00016,0.002331,0.004847,0.009233,0.014158,0.000835
30240,908,21424,20516,20509,7,0,0,188,48.616728,0.0,32019.92083,1105.675688,2125.707584,2084.905798,3795.88,30240,41,74,37739520.0,9210526.6164,21218.2543,26368.7763,774.1815,88.7342,7.5793,0.0358,82,0.057269,1.041842,0.488261,0.508201,1.084388,0.413513,0.548984,0.338902,0.517143,0.052191,0.203517,0.310748,0.497645,0.442473,0.060092,0.046026,0.009477,0.018808,0.074005,0.009315,0.125606,0.013478,0.01333,0.000164,0.002297,0.004765,0.009212,0.014263,0.000782
30260,914,21450,20536,20529,7,0,0,192,46.171807,0.0,32126.383826,1110.328781,2123.499413,2083.82412,3768.12,30260,41,74,37764480.0,9220526.6131,21236.7425,26398.2628,774.7834,88.7342,7.8139,0.0358,82,0.056893,1.042851,0.488098,0.510059,1.08473,0.412883,0.552813,0.337444,0.516136,0.052272,0.203762,0.31135,0.497299,0.441853,0.060115,0.046309,0.009501,0.019041,0.073919,0.009267,0.129999,0.013208,0.013125,0.000169,0.002334,0.005002,0.009201,0.014038,0.000774
30280,917,21483,20566,20559,7,0,0,198,46.358209,0.0,32187.534576,1104.360247,2129.281544,2083.474557,3763.97,30280,41,74,37789440.0,9230520.2026,21254.7228,26431.7093,775.9993,88.7342,8.4135,0.0358,82,0.059978,1.039639,0.489299,0.510278,1.088144,0.412168,0.558879,0.338061,0.51796,0.052341,0.204339,0.311435,0.496284,0.441751,0.060314,0.044224,0.009383,0.019623,0.075171,0.009298,0.146914,0.013177,0.013717,0.000168,0.002327,0.00508,0.009274,0.014113,0.000811
30300,924,21507,20583,20576,7,0,0,192,42.061457,0.0,32257.890186,1118.770554,2119.167989,2082.889384,3740.05,30300,41,74,37814400.0,9240532.8606,21273.2111,26466.5002,776.6492,88.7342,8.4857,0.0358,82,0.059524,1.039359,0.489198,0.510502,1.087409,0.41262,0.554612,0.337192,0.518071,0.052428,0.203457,0.311076,0.495929,0.440334,0.06014,0.043687,0.009192,0.019414,0.074271,0.009212,0.144469,0.013084,0.01348,0.000166,0.002245,0.005,0.009144,0.01413,0.000803
30320,925,21529,20604,20597,7,0,0,191,41.209429,0.0,32265.44173,1125.583664,2113.206907,2082.558303,3748.86,30320,41,74,37839360.0,9250558.8539,21291.6993,26497.0707,778.4107,88.7342,8.4857,0.0358,82,0.060541,1.042342,0.488916,0.511125,1.084798,0.414558,0.553444,0.337113,0.517685,0.052269,0.203726,0.310151,0.497458,0.44123,0.060101,0.04384,0.00943,0.019508,0.07283,0.009323,0.143541,0.012941,0.013373,0.000167,0.002304,0.004703,0.009145,0.013971,0.000797
30340,937,21558,20621,20614,7,0,0,186,41.074692,0.0,32205.699081,1135.205826,2103.719482,2082.36306,3711.99,30340,41,74,37864320.0,9260595.8908,21310.1876,26527.456,778.8965,88.7342,8.4857,0.0358,82,0.058698,1.043847,0.487986,0.511036,1.086721,0.414522,0.554299,0.337495,0.517671,0.052286,0.203923,0.310735,0.497803,0.441257,0.060285,0.044109,0.009668,0.019239,0.075359,0.009182,0.145983,0.013108,0.013147,0.000167,0.002335,0.004797,0.009236,0.01416,0.000817
30360,939,21585,20646,20639,7,0,0,191,42.225473,0.0,32074.076243,1138.935415,2098.839112,2082.244244,3707.74,30360,41,74,37889280.0,9270643.923,21328.6759,26559.5351,780.0573,88.7342,8.6144,0.0358,82,0.058573,1.04521,0.488413,0.510968,1.088822,0.416213,0.552086,0.336146,0.516749,0.052371,0.203956,0.310696,0.497106,0.440737,0.060257,0.043604,0.009964,0.018921,0.076488,0.009113,0.143017,0.012717,0.012578,0.000166,0.002346,0.004819,0.00928,0.014202,0.000821
30380,931,21606,20675,20668,7,0,0,192,39.590916,0.0,31968.318636,1137.099853,2103.30923,2082.170267,3744.21,30380,41,74,37914240.0,9280702.7282,21347.1641,26591.571,781.1786,88.7342,8.861,0.0358,82,0.058002,1.044669,0.488983,0.513044,1.089243,0.41695,0.551822,0.33617,0.516489,0.052336,0.203604,0.310526,0.496968,0.441118,0.059987,0.043641,0.010728,0.019763,0.0764,0.009876,0.144973,0.012569,0.01221,0.000166,0.002282,0.004735,0.00924,0.014091,0.000798
30400,943,21637,20694,20687,7,0,0,190,37.791587,0.0,31854.446716,1148.6055,2093.602913,2082.41005,3704.24,30400,41,74,37939200.0,9290788.2516,21365.3098,26624.9774,782.1266,88.7342,8.861,0.0358,82,0.057264,1.044712,0.489146,0.512984,1.088972,0.415773,0.548894,0.335945,0.517964,0.052137,0.204171,0.310639,0.496246,0.441412,0.059549,0.044474,0.010653,0.019486,0.076335,0.009959,0.139866,0.012047,0.012138,0.000163,0.00236,0.004717,0.009214,0.014111,0.000783
30420,939,21658,20719,20712,7,0,0,188,41.171717,0.0,31698.612895,1148.847837,2089.980446,2082.222874,3709.2,30420,41,74,37964160.0,9300893.5287,21383.7737,26654.9426,783.0872,88.7342,8.861,0.0358,82,0.056443,1.044054,0.48917,0.513439,1.087582,0.415456,0.549222,0.335378,0.518519,0.052155,0.204686,0.309333,0.496691,0.440932,0.059525,0.04439,0.010637,0.019728,0.076479,0.0099,0.139864,0.012109,0.012172,0.000165,0.002395,0.004525,0.009156,0.014016,0.000763
30440,946,21687,20741,20734,7,0,0,182,36.477827,0.0,31519.226385,1153.961276,2089.560897,2082.127879,3686.96,30440,41,74,37989120.0,9310981.9028,21402.262,26686.6932,784.3794,88.7342,8.861,0.0358,82,0.05814,1.044716,0.490014,0.515347,1.087616,0.415943,0.549038,0.336383,0.517841,0.052226,0.205015,0.308887,0.496022,0.440759,0.059669,0.045115,0.011028,0.020203,0.076655,0.010184,0.137012,0.012258,0.012093,0.000165,0.00248,0.00445,0.009222,0.013907,0.000779
30460,936,21703,20767,20760,7,0,0,183,38.18937,0.0,31334.326997,1151.054404,2090.756226,2082.084034,3725.17,30460,41,74,38014080.0,9321074.1635,21420.7503,26716.8155,785.0592,88.7342,8.861,0.0358,82,0.058761,1.044825,0.48891,0.51497,1.089912,0.415501,0.553666,0.337514,0.518115,0.052368,0.205587,0.308695,0.495667,0.441484,0.060022,0.045017,0.010932,0.020298,0.077664,0.010164,0.143187,0.012502,0.012253,0.000169,0.002529,0.004481,0.009531,0.014135,0.000805
30480,934,21724,20790,20783,7,0,0,184,43.993616,0.0,31183.501862,1144.347775,2091.65861,2082.062919,3743.12,30480,41,74,38039040.0,9331156.8021,21439.2385,26739.1822,785.82,88.7342,8.861,0.0358,73,0.056745,1.042455,0.488061,0.511831,1.092475,0.414669,0.558464,0.338043,0.517236,0.052466,0.206531,0.309578,0.494626,0.442316,0.060343,0.045619,0.011067,0.019353,0.077885,0.010083,0.148868,0.012587,0.012252,0.00018,0.002648,0.004727,0.00965,0.014181,0.000861
30500,934,21747,20813,20806,7,0,0,184,41.272716,0.0,31106.032595,1137.809951,2100.917333,2082.052247,3756.16,30500,41,74,38064000.0,9341239.578,21457.7268,26761.3264,785.9816,88.7342,8.861,0.0358,73,0.055675,1.043123,0.487951,0.512226,1.094034,0.414102,0.557918,0.337642,0.515645,0.052409,0.206421,0.309612,0.494754,0.440278,0.060343,0.04556,0.01094,0.019548,0.080445,0.010014,0.145986,0.012694,0.011591,0.000181,0.002615,0.004728,0.009579,0.013716,0.000861
30520,932,21774,20842,20835,7,0,0,190,45.521116,0.0,31054.142928,1130.520824,2103.958059,2082.046571,3762.54,30520,41,74,38088960.0,9351322.2838,21476.2151,26790.2255,787.0368,88.7342,8.861,0.0358,82,0.055794,1.043233,0.489781,0.515839,1.091163,0.415736,0.557668,0.338432,0.516532,0.052217,0.205771,0.310096,0.494961,0.440502,0.060556,0.04548,0.011464,0.020912,0.081041,0.010358,0.146669,0.01292,0.011757,0.000169,0.00262,0.004797,0.009549,0.013949,0.000884
30540,934,21795,20861,20854,7,0,0,191,42.30835,0.0,30969.251542,1141.232565,2096.459085,2081.363192,3765.77,30540,41,74,38113920.0,9361404.718,21495.5505,26822.7338,787.5338,88.7342,8.861,0.0358,82,0.057816,1.044651,0.490499,0.517044,1.093812,0.41526,0.556442,0.339545,0.516376,0.052249,0.205421,0.31028,0.494125,0.440881,0.060532,0.045702,0.011689,0.02143,0.081767,0.010574,0.143555,0.012973,0.011979,0.000169,0.002601,0.004869,0.009628,0.014022,0.00088
30560,919,21806,20887,20880,7,0,0,195,41.353648,0.0,30969.015048,1132.008624,2106.637728,2080.138774,3835.15,30560,41,74,38138880.0,9371500.6564,21516.2936,26848.5881,787.6714,88.7342,8.861,0.0358,82,0.057671,1.04309,0.491651,0.5161,1.093869,0.415584,0.557408,0.340158,0.517452,0.052122,0.204673,0.310317,0.493345,0.440673,0.060536,0.045445,0.011631,0.021595,0.080834,0.010651,0.145281,0.012936,0.012084,0.000163,0.002503,0.004846,0.009571,0.013994,0.000881
30580,924,21831,20907,20900,7,0,0,195,41.715114,0.0,30998.87057,1131.061081,2107.223804,2079.153682,3830.04,30580,41,74,38163840.0,9381604.1796,21537.7373,26872.7468,789.3144,88.7342,8.861,0.0358,82,0.058442,1.043041,0.491097,0.517099,1.09504,0.415799,0.560696,0.339506,0.517585,0.052056,0.205077,0.310494,0.493999,0.441175,0.060877,0.045786,0.01169,0.022155,0.089109,0.010951,0.147468,0.013023,0.012209,0.000164,0.00263,0.004855,0.009741,0.014027,0.000924
30600,925,21857,20932,20925,7,0,0,196,45.345341,0.0,30998.268073,1127.520544,2107.134115,2078.694021,3833.68,30600,41,74,38188800.0,9391687.2996,21559.181,26899.7802,790.1921,88.7342,8.861,0.0358,82,0.059459,1.042847,0.490478,0.518529,1.098304,0.415358,0.557545,0.337859,0.517726,0.051933,0.20472,0.3104,0.493726,0.439847,0.060598,0.044785,0.011683,0.022412,0.08854,0.010949,0.143541,0.012624,0.011922,0.000163,0.002603,0.00482,0.009742,0.013998,0.00092
30620,921,21877,20956,20949,7,0,0,191,43.948662,0.0,31081.372166,1125.712266,2110.339072,2078.474873,3848.42,30620,41,74,38213760.0,9401779.5937,21580.6247,26929.2544,791.9414,88.7342,8.861,0.0358,82,0.05646,1.039826,0.4892,0.516354,1.098609,0.413866,0.555367,0.336382,0.517626,0.052003,0.205077,0.310958,0.492691,0.438512,0.060374,0.044017,0.011382,0.021748,0.088772,0.01047,0.144352,0.01245,0.011748,0.000167,0.00257,0.004859,0.009303,0.013722,0.000874
30640,920,21897,20977,20970,7,0,0,191,44.371139,0.0,31161.460627,1125.030984,2110.597877,2078.369312,3858.83,30640,41,74,38238720.0,9411888.108,21602.0685,26953.5076,792.7082,88.7342,8.861,0.0358,82,0.056522,1.040251,0.488487,0.516502,1.099964,0.414124,0.556439,0.3371,0.518248,0.052103,0.204875,0.311073,0.493891,0.439905,0.060064,0.044108,0.011312,0.021633,0.088556,0.010588,0.145552,0.012648,0.011707,0.000175,0.002591,0.004754,0.009317,0.01387,0.000832
30660,921,21927,21006,20999,7,0,0,195,45.907501,0.0,31314.04029,1112.794466,2121.298033,2078.318207,3863.22,30660,41,74,38263680.0,9422016.8025,21623.5122,26978.1084,793.6657,88.7342,8.861,0.0358,73,0.053203,1.039958,0.487271,0.513608,1.096961,0.413457,0.554111,0.336947,0.517997,0.052137,0.204677,0.311589,0.493662,0.440094,0.059649,0.043993,0.010555,0.020326,0.088115,0.010281,0.144321,0.012929,0.011652,0.000177,0.002574,0.004608,0.009147,0.013735,0.000817
30680,919,21951,21032,21025,7,0,0,193,46.788153,0.0,31496.818463,1114.656501,2118.555346,2078.293399,3874.04,30680,41,74,38288640.0,9432155.5253,21644.9559,27012.3046,794.6873,88.7342,8.861,0.0358,82,0.054407,1.039538,0.490171,0.516489,1.097572,0.410869,0.555745,0.335452,0.518512,0.052283,0.204522,0.311699,0.493623,0.440851,0.059957,0.0445,0.010984,0.021235,0.086399,0.009937,0.145436,0.01277,0.01184,0.000182,0.002553,0.004586,0.009068,0.013926,0.000843
30700,909,21967,21058,21051,7,0,0,199,45.92035,0.0,31734.048834,1108.610034,2125.469617,2078.281339,3898.86,30700,41,74,38313600.0,9442295.0467,21666.3996,27039.4175,795.8325,88.7342,8.861,0.0358,82,0.053905,1.037016,0.49084,0.518213,1.098105,0.411486,0.556722,0.336521,0.516889,0.05232,0.204231,0.311084,0.494494,0.442178,0.060065,0.044579,0.010993,0.021463,0.086944,0.01038,0.146988,0.013027,0.011718,0.000184,0.002552,0.004642,0.009107,0.014391,0.000844
30720,920,21994,21074,21067,7,0,0,198,42.440766,0.0,31975.014457,1114.339493,2123.21974,2078.275469,3867.43,30720,41,74,38338560.0,9452457.1573,21687.8433,27063.9473,796.7478,88.7342,8.9047,0.0358,82,0.055435,1.037281,0.490716,0.517424,1.094639,0.412605,0.558558,0.337712,0.516625,0.052355,0.204709,0.311214,0.494271,0.442582,0.059959,0.045392,0.011091,0.021377,0.081136,0.010821,0.148065,0.013257,0.011896,0.000183,0.002569,0.004681,0.008929,0.014392,0.000806
30740,913,22011,21098,21091,7,0,0,199,44.412775,0.0,32185.220755,1113.571505,2122.01572,2078.272609,3905.82,30740,41,74,38363520.0,9462610.3477,21709.2871,27091.0211,798.004,88.7342,9.1854,0.0358,82,0.05586,1.039139,0.490328,0.516871,1.093918,0.413298,0.559205,0.337544,0.516942,0.052333,0.204946,0.311015,0.495362,0.442573,0.060244,0.045145,0.011026,0.021055,0.081473,0.01078,0.148767,0.013411,0.011795,0.000179,0.002554,0.004733,0.008959,0.014273,0.000808
30760,917,22036,21119,21112,7,0,0,202,43.246757,0.0,32419.156776,1110.557913,2126.19533,2078.277412,3877.01,30760,41,74,38388480.0,9472770.6054,21730.7246,27116.1047,799.2149,88.7342,10.0457,0.0358,82,0.061069,1.037657,0.490544,0.518742,1.093237,0.413592,0.561795,0.338079,0.51764,0.052487,0.204867,0.310989,0.494746,0.444056,0.06011,0.045311,0.010971,0.021971,0.079069,0.011474,0.155649,0.01345,0.011907,0.000183,0.002505,0.004831,0.009041,0.014384,0.000815
30780,927,22071,21144,21136,8,0,0,204,44.65907,0.0,32602.24077,1113.783502,2121.557428,2077.889077,3842.93,30780,41,74,38413440.0,9482956.3568,21752.9564,27147.9284,801.1464,113.6297,11.0342,0.0592,82,0.059331,1.036972,0.492842,0.516409,1.095247,0.41476,0.56555,0.339009,0.518518,0.052723,0.203934,0.310718,0.495561,0.443458,0.060225,0.045096,0.011312,0.021666,0.079953,0.0114,0.15391,0.013953,0.012049,0.000188,0.002494,0.004714,0.009732,0.014826,0.000813
30800,925,22098,21173,21165,8,0,0,202,43.180276,0.0,32784.594637,1116.269768,2120.549956,2076.881003,3854.44,30800,41,74,38438400.0,9493137.7184,21776.6849,27184.5109,802.4404,113.6297,11.0342,0.0592,82,0.061622,1.040846,0.492097,0.516038,1.101612,0.415142,0.570936,0.340515,0.517898,0.052805,0.203262,0.311018,0.49538,0.444176,0.060551,0.046153,0.011379,0.022326,0.088963,0.011495,0.158603,0.01453,0.012129,0.000189,0.002467,0.004833,0.009858,0.014932,0.000854
30820,936,22126,21190,21182,8,0,0,199,37.554137,0.0,32885.227238,1131.854785,2110.591079,2076.352509,3819.95,30820,41,74,38463360.0,9503327.0903,21800.4416,27221.7391,802.8929,113.6297,11.0342,0.0592,82,0.061966,1.039319,0.491843,0.516948,1.102376,0.413832,0.573391,0.341351,0.518738,0.052801,0.203183,0.311365,0.494874,0.445108,0.060814,0.045736,0.011352,0.021865,0.096534,0.0117,0.160302,0.014307,0.012581,0.000198,0.002481,0.005052,0.009873,0.015355,0.000867
30840,948,22158,21210,21202,8,0,0,201,37.500118,0.0,32878.540093,1142.660925,2099.838957,2075.447495,3778.47,30840,41,74,38488320.0,9513527.7793,21825.141,27257.2828,803.2712,113.6297,11.1324,0.0643,73,0.060127,1.037062,0.490103,0.516058,1.104205,0.41366,0.578816,0.342589,0.518305,0.052793,0.203418,0.311266,0.494106,0.444777,0.061082,0.046409,0.010282,0.021523,0.096309,0.01194,0.17189,0.014389,0.012404,0.000196,0.002566,0.005015,0.009858,0.015396,0.000911
30860,961,22189,21228,21220,8,0,0,198,38.565179,0.0,32758.603353,1156.050051,2085.38477,2074.496901,3737.78,30860,41,74,38513280.0,9523729.1424,21850.7223,27293.0534,804.2018,113.6297,11.1324,0.0643,82,0.059313,1.039014,0.491352,0.516964,1.103651,0.414514,0.577719,0.343424,0.518372,0.052813,0.203428,0.311626,0.494172,0.444159,0.061268,0.04645,0.01039,0.021626,0.09781,0.012164,0.167897,0.014858,0.012045,0.000199,0.002532,0.005062,0.009855,0.015299,0.00091
30880,959,22210,21251,21243,8,0,0,196,42.805204,0.0,32510.047046,1167.249818,2069.944977,2074.058579,3747.55,30880,41,74,38538240.0,9533923.4932,21876.345,27331.792,804.5424,113.6297,11.1475,0.0643,82,0.06048,1.039581,0.491372,0.516876,1.102999,0.414433,0.578244,0.342831,0.519483,0.052922,0.203798,0.312011,0.493851,0.444847,0.061244,0.046608,0.010303,0.021406,0.098873,0.012315,0.166492,0.014371,0.012105,0.000204,0.002599,0.005016,0.009566,0.015313,0.000909
30900,953,22236,21283,21275,8,0,0,206,45.194238,0.0,32254.066397,1159.486044,2075.319717,2076.163628,3772.11,30900,42,74,38563200.0,9544100.4211,21898.8817,27361.541,805.6582,113.6297,11.1475,0.0643,82,0.059811,1.041765,0.491447,0.51609,1.099384,0.414908,0.575254,0.342777,0.517503,0.052903,0.203832,0.312026,0.494727,0.447097,0.061062,0.046419,0.010339,0.021163,0.090556,0.01193,0.165547,0.014512,0.012059,0.000205,0.002612,0.005016,0.009668,0.015413,0.000901
30920,948,22260,21312,21304,8,0,0,203,43.892185,0.0,32078.913744,1154.430291,2081.677525,2077.050222,3764.54,30920,42,74,38588160.0,9554291.0581,21921.2656,27392.2671,807.1075,113.6297,11.1475,0.0643,82,0.059072,1.0414,0.491263,0.516929,1.096076,0.41513,0.574163,0.34133,0.516921,0.052848,0.203333,0.31231,0.493428,0.445858,0.06081,0.046015,0.010434,0.021455,0.090315,0.011923,0.16347,0.013974,0.012212,0.000205,0.002612,0.00503,0.00893,0.015316,0.000888
30940,947,22285,21338,21330,8,0,0,191,39.676703,0.0,32000.538796,1150.6723,2089.650997,2077.287962,3773.64,30940,42,74,38613120.0,9564498.6344,21943.9329,27420.6505,808.0738,113.6297,11.1475,0.0643,73,0.059134,1.041107,0.491701,0.516841,1.093006,0.414301,0.570605,0.340664,0.517824,0.052767,0.202621,0.312866,0.492123,0.446134,0.060613,0.045758,0.010487,0.021319,0.088852,0.01168,0.157297,0.01364,0.01219,0.000203,0.002501,0.004998,0.008926,0.015312,0.000872
30960,951,22311,21360,21352,8,0,0,195,45.846043,0.0,31864.712268,1151.143847,2083.01011,2077.382949,3771.92,30960,42,74,38638080.0,9574706.8187,21966.6001,27450.5119,808.4215,113.6297,11.1475,0.0643,82,0.059937,1.037524,0.490664,0.516967,1.093983,0.416783,0.5766,0.342195,0.517927,0.052882,0.202694,0.313923,0.492063,0.446162,0.060823,0.045733,0.010411,0.021368,0.084557,0.011959,0.169146,0.014812,0.012223,0.000206,0.00252,0.005308,0.009479,0.015208,0.000889
30980,951,22334,21383,21375,8,0,0,190,41.434501,0.0,31783.42682,1154.714668,2083.85083,2077.151196,3780.25,30980,42,74,38663040.0,9584942.8388,21989.4755,27483.2794,809.0518,113.6297,11.1475,0.0643,82,0.059937,1.038108,0.49044,0.518413,1.092812,0.417123,0.574195,0.341516,0.518973,0.052774,0.203053,0.312929,0.492213,0.445775,0.06078,0.045242,0.010631,0.02192,0.08439,0.011773,0.167007,0.014492,0.012577,0.000199,0.002519,0.005286,0.009497,0.015339,0.000887
31000,952,22355,21403,21395,8,0,0,188,39.849278,0.0,31688.063932,1163.114641,2077.036081,2075.577862,3786.34,31000,42,74,38688000.0,9595197.5139,22013.8503,27514.6115,810.2371,113.6297,11.1475,0.0643,82,0.058824,1.038163,0.489804,0.51806,1.093133,0.416878,0.571853,0.341249,0.518392,0.052693,0.203252,0.313197,0.493046,0.445848,0.060697,0.045024,0.010705,0.021474,0.084699,0.011586,0.165685,0.014404,0.01246,0.000199,0.002516,0.005286,0.009388,0.01547,0.000864
31020,951,22385,21434,21426,8,0,0,194,43.844158,0.0,31530.397437,1156.039703,2080.116138,2073.620348,3796.81,31020,42,74,38712960.0,9605447.378,22039.3437,27542.6271,812.5038,113.6297,11.1475,0.0643,82,0.058885,1.039177,0.489767,0.517409,1.090017,0.418253,0.571258,0.341058,0.517796,0.052569,0.203163,0.311989,0.493463,0.445196,0.060622,0.045792,0.010921,0.021478,0.0826,0.011618,0.167525,0.014532,0.012354,0.000193,0.002514,0.005208,0.009221,0.015213,0.00086
31040,946,22410,21464,21456,8,0,0,205,48.781312,0.0,31446.203957,1145.191498,2086.02719,2071.379361,3822.57,31040,42,74,38737920.0,9615691.9498,22065.7571,27570.2682,812.9884,113.6297,11.1475,0.0643,82,0.059197,1.037991,0.490708,0.517176,1.092358,0.417036,0.568666,0.34022,0.518118,0.052359,0.203496,0.311141,0.49245,0.444867,0.060202,0.045612,0.011045,0.020772,0.083283,0.011406,0.166448,0.014041,0.012283,0.000185,0.002573,0.005147,0.009176,0.015234,0.000843
31060,948,22436,21488,21480,8,0,0,200,45.573632,0.0,31437.554487,1143.682765,2090.743603,2068.725995,3819.68,31060,42,74,38762880.0,9625935.5444,22093.2113,27599.6166,813.8088,113.6297,11.1475,0.0643,82,0.059072,1.036785,0.49101,0.517709,1.094698,0.416956,0.570454,0.340026,0.517879,0.052294,0.203913,0.310437,0.493253,0.443822,0.06025,0.045356,0.011052,0.020811,0.083841,0.011406,0.170396,0.014035,0.012434,0.000183,0.002608,0.005168,0.009402,0.015129,0.000848
31080,946,22457,21511,21503,8,0,0,192,46.268111,0.0,31450.153878,1149.580898,2084.150991,2065.569997,3828.55,31080,42,74,38787840.0,9636188.1566,22122.29,27632.7181,815.5288,113.6297,11.1475,0.0643,82,0.057082,1.037259,0.490169,0.516874,1.096043,0.415975,0.569568,0.339949,0.519009,0.052333,0.203831,0.30978,0.493637,0.443172,0.060145,0.045173,0.011133,0.02043,0.084283,0.011238,0.168467,0.014006,0.012443,0.000184,0.0026,0.00497,0.009479,0.015269,0.000828
31100,946,22481,21535,21527,8,0,0,196,41.579932,0.0,31465.580559,1150.694503,2087.725565,2062.571325,3824.77,31100,41,74,38812800.0,9646467.0475,22152.3167,27662.6515,816.6097,113.6297,11.1475,0.0643,82,0.057082,1.037886,0.489188,0.516578,1.092689,0.415615,0.57006,0.339272,0.518014,0.052371,0.203863,0.309779,0.494862,0.442278,0.060387,0.045441,0.011078,0.020501,0.083637,0.011193,0.170297,0.014305,0.012335,0.000183,0.002572,0.004997,0.009625,0.015131,0.00083
31120,943,22506,21563,21555,8,0,0,200,43.474917,0.0,31523.33642,1145.369004,2091.156079,2059.772635,3833.4,31120,42,74,38837760.0,9656754.9042,22182.8173,27692.2272,816.9796,113.6297,11.4297,0.0643,82,0.057264,1.039242,0.489194,0.51579,1.092057,0.416083,0.570914,0.339948,0.516931,0.052362,0.204,0.309164,0.494154,0.44289,0.060313,0.045564,0.011054,0.0206,0.083882,0.01134,0.169931,0.014338,0.012357,0.000179,0.002575,0.004996,0.009599,0.01481,0.000833
31140,939,22530,21591,21583,8,0,0,206,48.705322,0.0,31596.115553,1140.332614,2090.962064,2057.086498,3836.77,31140,42,74,38862720.0,9667042.4384,22213.7194,27721.8116,817.8849,113.6297,11.8012,0.0643,82,0.055378,1.039703,0.488391,0.516455,1.090841,0.415841,0.567785,0.33928,0.516211,0.0523,0.204165,0.309345,0.49407,0.443211,0.060022,0.045384,0.010772,0.020992,0.083089,0.011191,0.16528,0.014194,0.012097,0.000182,0.002598,0.00497,0.009578,0.014592,0.000823
31160,952,22564,21612,21604,8,0,0,198,43.20444,0.0,31656.364163,1149.350652,2087.444907,2054.432286,3794.79,31160,42,74,38887680.0,9677329.873,22244.6216,27753.8988,819.3508,113.6297,11.8021,0.0643,82,0.056723,1.041173,0.48855,0.515943,1.095127,0.415098,0.568106,0.339449,0.516776,0.052271,0.204629,0.309453,0.494288,0.443532,0.059863,0.0452,0.010621,0.020984,0.083221,0.011078,0.165462,0.01405,0.011969,0.000183,0.00264,0.004994,0.00972,0.014607,0.000822
31180,946,22582,21636,21628,8,0,0,197,42.865833,0.0,31636.897941,1157.04776,2080.086406,2051.300073,3819.49,31180,42,74,38912640.0,9687617.781,22275.5238,27788.3765,821.4513,113.6297,11.8021,0.0643,82,0.057082,1.042884,0.490085,0.516284,1.097152,0.414371,0.567732,0.339699,0.516058,0.052308,0.204978,0.309272,0.494562,0.442844,0.059758,0.045318,0.010732,0.020914,0.084327,0.011247,0.167355,0.014223,0.01126,0.000182,0.002645,0.004957,0.009607,0.014343,0.000813
31200,947,22603,21656,21648,8,0,0,195,40.849722,0.0,31623.649239,1157.358858,2081.79142,2046.918237,3825.17,31200,42,74,38937600.0,9697905.5008,22306.426,27813.6276,822.7721,113.6297,11.8021,0.0643,82,0.055966,1.041009,0.491185,0.516664,1.102582,0.412574,0.569243,0.339087,0.515679,0.052416,0.204667,0.310696,0.493368,0.442371,0.06019,0.045968,0.010595,0.020943,0.088975,0.011168,0.170614,0.013958,0.011098,0.000187,0.002613,0.005545,0.009889,0.014473,0.000859
31220,956,22633,21677,21669,8,0,0,203,42.236264,0.0,31568.829317,1160.2597,2077.504036,2039.411586,3796.79,31220,42,74,38962560.0,9708192.2,22337.3281,27840.2813,823.8669,113.6297,11.8021,0.0643,73,0.056485,1.044599,0.490965,0.515725,1.099784,0.412324,0.566054,0.339074,0.515557,0.052521,0.204883,0.311654,0.492624,0.442597,0.060103,0.046641,0.010704,0.020346,0.087712,0.01111,0.164585,0.013879,0.011131,0.000194,0.002592,0.005534,0.009747,0.014612,0.000854
31240,965,22668,21703,21695,8,0,0,207,45.853444,0.0,31417.372854,1163.956694,2070.189861,2035.283736,3740.49,31240,42,74,38987520.0,9718479.9879,22359.2466,27875.7425,824.5966,113.6297,11.8021,0.0643,73,0.056995,1.043458,0.492294,0.514573,1.099943,0.412889,0.565917,0.338507,0.51622,0.052689,0.20479,0.3114,0.492348,0.442645,0.060061,0.04537,0.010891,0.020427,0.088437,0.011153,0.163163,0.013964,0.011539,0.000197,0.0026,0.005524,0.009685,0.01443,0.000831
31260,942,22685,21743,21735,8,0,0,215,49.120478,0.0,31317.35529,1151.938683,2078.94084,2033.865641,3825.74,31260,42,74,39012480.0,9728768.0979,22378.6924,27913.1621,826.0938,113.6297,11.8021,0.0643,73,0.056263,1.042773,0.491795,0.512417,1.095666,0.413123,0.566403,0.337689,0.515143,0.052684,0.20506,0.310903,0.492635,0.44347,0.059986,0.044189,0.01092,0.019972,0.083388,0.011246,0.164261,0.013793,0.011139,0.000203,0.002645,0.005338,0.009628,0.014495,0.000808
31280,947,22714,21767,21759,8,0,0,211,43.77803,0.0,31272.078245,1154.59321,2081.62876,2032.376976,3805.29,31280,42,74,39037440.0,9739055.4406,22399.4109,27944.5417,827.246,113.6297,11.8021,0.0643,73,0.055966,1.042698,0.493065,0.513654,1.099078,0.412433,0.566639,0.338106,0.515004,0.05275,0.205238,0.310632,0.491981,0.442857,0.05999,0.044905,0.010895,0.020497,0.082866,0.011342,0.164872,0.014401,0.011217,0.000202,0.002671,0.005291,0.009712,0.014545,0.0008
31300,936,22732,21796,21788,8,0,0,214,44.350012,0.0,31348.108756,1146.739487,2088.910501,2031.598004,3852.78,31300,42,74,39062400.0,9749343.3163,22420.2727,27972.0943,828.6048,113.6297,11.8021,0.0643,73,0.055556,1.042338,0.492426,0.513746,1.098435,0.412734,0.567666,0.338129,0.514156,0.052751,0.205266,0.31145,0.493321,0.443086,0.060222,0.04548,0.010844,0.020005,0.082767,0.011371,0.17061,0.01439,0.011234,0.000203,0.002623,0.005341,0.009804,0.014659,0.000824
31320,931,22757,21826,21818,8,0,0,217,48.69909,0.0,31451.97785,1135.977484,2095.323427,2031.21732,3866.15,31320,42,74,39087360.0,9759630.7836,22441.1344,27996.2786,829.2953,113.6297,11.8021,0.0643,82,0.055854,1.04295,0.491958,0.516837,1.098859,0.413333,0.573679,0.338178,0.514599,0.052649,0.205325,0.312851,0.492594,0.444092,0.060732,0.045718,0.010794,0.021211,0.087168,0.011236,0.17761,0.014044,0.011632,0.000208,0.0027,0.005445,0.009775,0.015152,0.000885
31340,934,22782,21848,21840,8,0,0,221,44.039956,0.0,31611.944411,1136.455505,2099.504538,2031.028026,3853.33,31340,42,74,39112320.0,9769918.6726,22461.9961,28024.9842,830.0757,113.6297,11.8692,0.071,82,0.055675,1.04307,0.493079,0.518022,1.098167,0.413852,0.575012,0.338472,0.514801,0.052764,0.205037,0.313109,0.493217,0.443235,0.0607,0.045729,0.010695,0.022081,0.087061,0.011261,0.17908,0.014165,0.011446,0.000219,0.002618,0.005516,0.009719,0.015088,0.000886
31360,923,22796,21873,21865,8,0,0,222,47.280926,0.0,31787.619024,1133.426425,2099.292649,2030.933084,3887.89,31360,42,74,39137280.0,9780206.4305,22482.8579,28053.4981,830.5073,113.6297,11.9218,0.071,82,0.056338,1.041648,0.492752,0.518698,1.097148,0.413707,0.575059,0.338025,0.516874,0.052731,0.205587,0.312992,0.492593,0.444622,0.060665,0.046014,0.010261,0.02191,0.084095,0.011329,0.178618,0.013305,0.011989,0.000218,0.002622,0.005454,0.009147,0.015166,0.000875
31380,918,22820,21902,21894,8,0,0,220,47.900596,0.0,32027.243855,1122.742379,2109.357025,2030.885256,3900.51,31380,42,74,39162240.0,9790506.2939,22503.7196,28077.7468,831.6645,113.6297,12.1163,0.071,82,0.058824,1.042335,0.492225,0.518398,1.098794,0.412975,0.580181,0.33868,0.518257,0.052852,0.2059,0.31311,0.492384,0.446388,0.060949,0.046636,0.0105,0.022228,0.086793,0.011412,0.18152,0.013574,0.012301,0.000225,0.002702,0.005285,0.009473,0.015486,0.000887
31400,917,22839,21922,21914,8,0,0,215,41.919326,0.0,32311.395433,1121.875174,2116.205499,2030.861106,3911.51,31400,42,74,39187200.0,9800809.9773,22524.5813,28101.8495,832.5905,113.6297,12.1933,0.071,82,0.058888,1.03941,0.491116,0.518362,1.098985,0.412731,0.58209,0.339428,0.519471,0.052803,0.206615,0.312835,0.493785,0.446715,0.061157,0.046186,0.010623,0.022409,0.088456,0.011279,0.1828,0.013808,0.012582,0.000224,0.002805,0.00533,0.009522,0.015528,0.000895
31420,922,22869,21947,21939,8,0,0,207,41.579432,0.0,32612.548952,1119.003376,2119.417193,2030.848897,3900.16,31420,42,74,39212160.0,9811120.0189,22545.4431,28129.4147,832.9768,113.6297,12.1933,0.071,82,0.056399,1.042313,0.490051,0.516188,1.097903,0.413615,0.57963,0.340489,0.520317,0.052742,0.206836,0.313384,0.493759,0.446576,0.061021,0.046889,0.01035,0.02188,0.089812,0.011124,0.182721,0.014567,0.012941,0.000224,0.002826,0.00528,0.009696,0.015273,0.000883
31440,939,22910,21971,21963,8,0,0,204,41.551621,0.0,32828.721382,1127.01647,2111.431909,2030.842719,3841.87,31440,42,74,39237120.0,9821433.9586,22566.3048,28165.345,834.23,113.6297,12.1933,0.071,73,0.055378,1.041996,0.4894,0.516517,1.09708,0.411668,0.580706,0.340309,0.519897,0.05273,0.206078,0.313566,0.494405,0.446198,0.061125,0.045853,0.010233,0.021822,0.090719,0.010243,0.184839,0.013877,0.013023,0.000224,0.00278,0.005525,0.009722,0.015192,0.000864
31460,942,22943,22001,21993,8,0,0,197,44.378131,0.0,32944.801248,1132.457634,2103.164235,2030.839593,3835.12,31460,42,74,39262080.0,9831748.4081,22587.1666,28206.4287,836.4631,113.6297,12.2117,0.071,73,0.057325,1.039855,0.489643,0.516474,1.101369,0.411558,0.584716,0.341857,0.520455,0.052745,0.205194,0.313116,0.494832,0.447911,0.061088,0.046445,0.010188,0.0226,0.091333,0.010209,0.186252,0.015378,0.013158,0.000227,0.002739,0.005552,0.009998,0.01543,0.000853
31480,945,22961,22016,22008,8,0,0,189,37.20068,0.0,33007.370162,1152.50375,2090.29557,2030.838009,3804.95,31480,42,74,39287040.0,9842063.2102,22608.0283,28243.51,837.8225,113.6297,12.2117,0.071,73,0.058201,1.041548,0.488993,0.515912,1.102619,0.411758,0.586716,0.342929,0.520648,0.052634,0.205415,0.313087,0.495604,0.448893,0.061164,0.047081,0.01024,0.022969,0.091528,0.010233,0.189027,0.015824,0.013484,0.000222,0.002738,0.005563,0.010138,0.015546,0.00086
31500,964,22989,22025,22017,8,0,0,181,36.026889,0.0,32904.709717,1173.039126,2070.933985,2030.837207,3743.69,31500,43,74,39312000.0,9852389.4073,22628.89,28276.0264,838.3324,113.6297,12.2117,0.071,73,0.060166,1.040819,0.487681,0.512928,1.09954,0.413849,0.58609,0.34417,0.522069,0.052644,0.205605,0.313487,0.495268,0.449745,0.061221,0.048054,0.010396,0.022658,0.089184,0.010694,0.187712,0.016441,0.014206,0.000219,0.002751,0.005752,0.010347,0.015855,0.000838
31520,956,23008,22052,22044,8,0,0,187,35.897823,0.0,32789.848024,1167.256918,2076.845259,2030.8368,3778.78,31520,43,74,39336960.0,9862724.5273,22649.7518,28304.702,838.7648,113.6297,12.2117,0.071,73,0.060669,1.039437,0.48762,0.511804,1.101493,0.411632,0.585142,0.342081,0.521813,0.052677,0.206291,0.313199,0.494913,0.447728,0.060949,0.047714,0.010345,0.022272,0.08931,0.01044,0.187066,0.016135,0.013991,0.000226,0.002832,0.005783,0.010261,0.015094,0.000809
31540,967,23041,22074,22066,8,0,0,188,36.134207,0.0,32631.832573,1171.672539,2072.193254,2030.836594,3743.43,31540,43,74,39361920.0,9873059.6473,22670.6135,28334.7187,839.3641,113.6297,12.2117,0.071,73,0.059979,1.041691,0.487407,0.511041,1.09904,0.412497,0.583227,0.341906,0.520076,0.052477,0.205773,0.313426,0.495486,0.446539,0.060911,0.047612,0.010809,0.022238,0.088765,0.010415,0.18423,0.016471,0.013857,0.00022,0.002854,0.005761,0.010282,0.014587,0.000815
31560,958,23063,22105,22097,8,0,0,194,40.889692,0.0,32454.754788,1168.942489,2070.167819,2030.83649,3783.85,31560,43,74,39386880.0,9883394.6029,22691.4752,28369.1094,841.1606,113.6297,12.2117,0.071,73,0.059499,1.042958,0.488118,0.511765,1.098762,0.412136,0.584675,0.341791,0.5203,0.05246,0.205744,0.313861,0.496116,0.446117,0.061008,0.047944,0.010642,0.022488,0.088463,0.010441,0.185738,0.01655,0.013901,0.00021,0.00283,0.005787,0.010393,0.014557,0.00082
31580,952,23086,22134,22126,8,0,0,199,41.940379,0.0,32323.325424,1164.920258,2073.139363,2030.836437,3815.93,31580,43,74,39411840.0,9893738.073,22712.337,28400.1588,842.2916,113.6297,12.2117,0.071,73,0.057773,1.045089,0.488738,0.512311,1.099196,0.411959,0.578254,0.340875,0.519931,0.052557,0.205743,0.314055,0.49601,0.445904,0.06049,0.047426,0.010789,0.022152,0.088789,0.009673,0.170721,0.015953,0.0138,0.000214,0.002855,0.005831,0.009905,0.014356,0.000799
31600,943,23106,22163,22155,8,0,0,198,42.216342,0.0,32307.605784,1154.442172,2083.341486,2030.83641,3841.26,31600,43,74,39436800.0,9904089.9076,22733.1987,28425.8308,842.9752,113.6297,12.2117,0.071,73,0.056204,1.045475,0.489674,0.512106,1.100177,0.411548,0.581048,0.340607,0.519025,0.052606,0.205532,0.313118,0.497054,0.444602,0.060686,0.047022,0.011139,0.022376,0.092917,0.009719,0.176191,0.01603,0.013831,0.000213,0.002873,0.005843,0.010023,0.014258,0.000823
31620,935,23128,22193,22185,8,0,0,200,39.990272,0.0,32419.02044,1142.773095,2097.236633,2030.836396,3876.92,31620,43,74,39461760.0,9914441.9936,22754.0604,28451.5459,844.1111,113.6297,12.2117,0.071,73,0.055615,1.042434,0.489409,0.511586,1.096566,0.412662,0.578205,0.339592,0.517968,0.052728,0.205444,0.313518,0.496152,0.443787,0.060614,0.045273,0.011045,0.022285,0.091553,0.009645,0.173499,0.015926,0.013874,0.000214,0.002838,0.005865,0.00978,0.014015,0.000823
31640,948,23162,22214,22206,8,0,0,200,37.196558,0.0,32520.009887,1145.555028,2097.248414,2030.836389,3830.36,31640,42,74,39486720.0,9924792.9723,22774.9222,28481.0382,844.9687,113.6297,12.2117,0.071,73,0.055907,1.038682,0.489456,0.512965,1.095162,0.412319,0.57953,0.340501,0.518175,0.052876,0.205235,0.313767,0.496273,0.44367,0.061196,0.045081,0.010864,0.022398,0.095178,0.010014,0.181032,0.015918,0.01351,0.000218,0.002855,0.006206,0.010191,0.014108,0.00091
31660,957,23188,22231,22223,8,0,0,197,38.069882,0.0,32558.823982,1157.681617,2084.248501,2030.836386,3806.08,31660,43,74,39511680.0,9935158.8048,22795.7839,28514.2171,845.3747,113.6297,12.5498,0.071,73,0.059561,1.038425,0.488101,0.512766,1.102526,0.411237,0.579639,0.341439,0.518878,0.05307,0.205859,0.312636,0.497378,0.444296,0.061264,0.045552,0.011055,0.022865,0.10016,0.00975,0.184556,0.016339,0.013816,0.000221,0.002888,0.006186,0.01022,0.014297,0.000912
31680,954,23209,22255,22247,8,0,0,198,39.28977,0.0,32541.972017,1162.44648,2078.26375,2030.836384,3818.05,31680,43,74,39536640.0,9945535.9227,22816.6457,28547.2464,846.197,113.6297,13.387,0.071,73,0.0587,1.040219,0.488469,0.51138,1.103618,0.411027,0.582049,0.341428,0.519256,0.053002,0.206185,0.312635,0.497439,0.443903,0.061105,0.045279,0.010964,0.022406,0.099571,0.009739,0.19221,0.016429,0.013521,0.000223,0.002918,0.006128,0.010193,0.014052,0.000907
31700,958,23233,22275,22266,9,0,0,185,35.773264,0.0,32500.264221,1167.094741,2077.131995,2030.836383,3811.02,31700,43,74,39561600.0,9955934.9367,22837.5074,28573.2049,847.429,137.3921,14.0683,0.071,73,0.057411,1.03955,0.487971,0.512006,1.107741,0.412127,0.58482,0.341449,0.519363,0.052848,0.20607,0.312241,0.496696,0.444386,0.061078,0.045613,0.010877,0.022303,0.101459,0.010188,0.210373,0.016611,0.013795,0.000221,0.002929,0.006141,0.010146,0.014301,0.000887
31720,951,23258,22307,22297,10,0,0,185,39.956945,0.0,32519.716459,1155.549552,2084.493503,2030.836382,3844.33,31720,43,74,39586560.0,9966339.0258,22858.3691,28600.2367,849.311,140.1187,14.2146,0.071,73,0.057834,1.040313,0.488973,0.513063,1.109149,0.41246,0.58664,0.341944,0.520742,0.053108,0.2052,0.311874,0.498427,0.445042,0.06117,0.046441,0.010896,0.022586,0.104488,0.010251,0.205829,0.017266,0.013953,0.000229,0.002885,0.006139,0.010618,0.014869,0.000894
31740,953,23284,22331,22321,10,0,0,189,38.690769,0.0,32580.451102,1156.861703,2084.447527,2030.836382,3835.28,31740,43,74,39611520.0,9976748.0594,22879.2309,28631.622,850.2004,140.1187,14.2146,0.071,73,0.057712,1.039747,0.48966,0.513071,1.11081,0.412321,0.58653,0.341588,0.519614,0.053404,0.20518,0.311438,0.499162,0.444986,0.060987,0.045871,0.01096,0.022551,0.102467,0.010271,0.205918,0.016919,0.013275,0.000239,0.002892,0.006129,0.010543,0.014633,0.000886
31760,949,23308,22359,22349,10,0,0,186,43.320955,0.0,32587.849503,1156.108913,2080.570133,2033.359757,3861.44,31760,43,74,39636480.0,9987153.2389,22896.6695,28664.1168,851.0881,140.1187,14.2228,0.071,73,0.060063,1.039951,0.489657,0.515792,1.115465,0.412483,0.594839,0.342731,0.519925,0.053296,0.205322,0.31281,0.499793,0.445957,0.061552,0.046741,0.011153,0.024671,0.105468,0.010167,0.222667,0.017024,0.013398,0.000239,0.003019,0.006738,0.011026,0.014622,0.000954
31780,949,23328,22379,22369,10,0,0,178,39.538732,0.0,32616.363885,1158.9245,2081.536769,2034.519434,3856.26,31780,43,74,39661440.0,9997538.5186,22914.0201,28692.3225,851.2234,140.1187,14.2228,0.071,73,0.059009,1.038633,0.489173,0.515626,1.112935,0.413142,0.594005,0.342229,0.520806,0.053199,0.205911,0.313104,0.50017,0.445614,0.061661,0.046798,0.011338,0.024765,0.1059,0.010189,0.222207,0.017059,0.01384,0.000241,0.003036,0.006822,0.011082,0.014753,0.000952
31800,943,23357,22414,22404,10,0,0,187,46.67925,0.0,32670.958845,1140.707668,2092.613081,2033.908656,3880.5,31800,43,74,39686400.0,10007921.9828,22932.7242,28718.6407,852.4744,140.1187,14.2228,0.071,73,0.059385,1.035872,0.488371,0.511565,1.109723,0.413023,0.591432,0.342777,0.521349,0.053201,0.206181,0.313724,0.497928,0.445787,0.061584,0.04619,0.011015,0.023072,0.10548,0.010221,0.221104,0.017319,0.013648,0.00024,0.003027,0.006832,0.011007,0.014988,0.000954
31820,952,23389,22437,22427,10,0,0,183,44.616662,0.0,32767.402189,1147.757551,2087.625788,2032.498174,3854.39,31820,43,74,39711360.0,10018305.6264,22952.6665,28753.7443,853.4184,140.1187,14.2228,0.071,73,0.055672,1.036911,0.487763,0.511922,1.107335,0.413733,0.589785,0.341058,0.521921,0.053035,0.205995,0.313077,0.497482,0.444419,0.061047,0.046465,0.010794,0.022742,0.099063,0.010161,0.21637,0.016411,0.013531,0.00023,0.00298,0.006631,0.011026,0.014844,0.000912
31840,967,23421,22454,22444,10,0,0,179,41.126442,0.0,32761.809077,1164.61402,2074.259538,2030.867817,3807.55,31840,43,74,39736320.0,10028689.822,22973.4643,28791.9375,853.6539,140.1187,14.226,0.0712,82,0.054809,1.036287,0.488556,0.515209,1.105674,0.413326,0.5916,0.340199,0.521594,0.053095,0.206023,0.314157,0.49799,0.445058,0.061267,0.046176,0.010913,0.02331,0.098161,0.010155,0.215965,0.015162,0.013569,0.000229,0.002947,0.007004,0.010961,0.015026,0.000918
31860,961,23439,22478,22468,10,0,0,184,43.635631,0.0,32712.616928,1167.755408,2068.608961,2029.669978,3827.7,31860,43,74,39761280.0,10039103.335,22994.3518,28824.4163,854.7089,140.1187,14.844,0.0712,73,0.052029,1.036961,0.488148,0.514197,1.101427,0.412735,0.586386,0.339797,0.521079,0.052905,0.205432,0.314986,0.498399,0.445667,0.061021,0.045382,0.01087,0.02287,0.095546,0.009934,0.211111,0.014976,0.013479,0.000221,0.002916,0.00692,0.010739,0.015153,0.000895
31880,964,23474,22510,22500,10,0,0,192,49.080547,0.0,32696.219718,1158.335511,2072.583942,2028.800709,3816.62,31880,43,74,39786240.0,10049509.5189,23015.2394,28853.4337,855.6464,140.1187,15.1554,0.0712,82,0.05083,1.037626,0.487694,0.512007,1.099221,0.411642,0.584218,0.338497,0.520874,0.052773,0.205558,0.314871,0.497456,0.442953,0.060543,0.044747,0.010412,0.022431,0.096347,0.009416,0.212534,0.014441,0.013639,0.000213,0.002892,0.006844,0.010578,0.014511,0.000873
31900,963,23496,22533,22523,10,0,0,193,46.523211,0.0,32710.017728,1164.62214,2068.854649,2028.149611,3823.44,31900,43,74,39811200.0,10059912.228,23036.1269,28887.337,856.8581,140.1187,15.1554,0.0712,73,0.05296,1.040071,0.488284,0.512618,1.102488,0.412357,0.5864,0.339744,0.521427,0.052899,0.205639,0.314526,0.498326,0.443958,0.060436,0.045288,0.010597,0.023098,0.096489,0.009484,0.213494,0.014776,0.014281,0.000215,0.002894,0.006935,0.010511,0.014461,0.000879
31920,954,23510,22556,22546,10,0,0,197,44.594541,0.0,32728.21389,1167.37261,2068.032848,2027.650178,3869.88,31920,43,74,39836160.0,10070315.963,23057.0145,28918.5087,857.5447,140.1187,15.1554,0.0712,73,0.053459,1.040184,0.488386,0.513437,1.100507,0.412236,0.586573,0.340297,0.523483,0.05282,0.205752,0.315598,0.497896,0.443936,0.060428,0.045361,0.010371,0.023242,0.097326,0.009416,0.213996,0.014841,0.014649,0.000216,0.002873,0.007142,0.010539,0.014467,0.000886
31940,960,23543,22583,22573,10,0,0,203,51.045266,0.0,32672.201394,1165.210012,2063.744722,2027.259873,3857.67,31940,43,74,39861120.0,10080719.7894,23077.902,28949.17,858.1714,140.1187,15.1554,0.0712,73,0.052083,1.040881,0.488646,0.513457,1.100518,0.412049,0.585637,0.340307,0.524077,0.052729,0.205954,0.314258,0.497892,0.443533,0.060479,0.045045,0.010495,0.022937,0.099946,0.009429,0.214836,0.015183,0.01458,0.000215,0.002893,0.006807,0.011151,0.014384,0.000878
31960,951,23566,22615,22605,10,0,0,209,51.359327,0.0,32714.411138,1154.723006,2073.917667,2026.950267,3860.87,31960,43,74,39886080.0,10091134.0485,23098.7895,28979.5758,859.302,140.1187,15.1554,0.0712,73,0.054679,1.038488,0.487827,0.511162,1.10363,0.411594,0.59056,0.341275,0.524349,0.052871,0.206405,0.313598,0.496684,0.444746,0.060694,0.044407,0.01069,0.023149,0.100931,0.009406,0.220416,0.015777,0.014685,0.000215,0.002868,0.006885,0.010929,0.014624,0.00089
31980,953,23589,22636,22626,10,0,0,208,48.291597,0.0,32773.73533,1159.486412,2072.221991,2026.701693,3858.2,31980,43,74,39911040.0,10101551.5913,23119.6771,29008.622,860.2243,140.1187,15.1554,0.0712,73,0.055614,1.04034,0.489715,0.511015,1.104963,0.412463,0.591325,0.342061,0.524335,0.052775,0.206188,0.313314,0.497005,0.444683,0.060633,0.044593,0.010942,0.023431,0.101427,0.009412,0.221636,0.016841,0.014926,0.00021,0.002847,0.006854,0.010919,0.014953,0.000894
32000,948,23609,22661,22651,10,0,0,212,49.022899,0.0,32785.824041,1159.303458,2071.673643,2026.500146,3868.71,32000,43,74,39936000.0,10111969.3079,23140.5646,29038.7958,860.9337,140.1187,15.1554,0.0712,73,0.059072,1.042386,0.489339,0.511713,1.107857,0.413517,0.600459,0.343501,0.524983,0.052893,0.205734,0.314706,0.498213,0.44646,0.061109,0.045166,0.010951,0.024082,0.103932,0.009632,0.236227,0.017551,0.015783,0.000217,0.002903,0.007192,0.011328,0.015355,0.000915
32020,958,23643,22685,22675,10,0,0,215,50.804888,0.0,32766.591914,1158.570344,2070.624767,2025.846106,3836.89,32020,43,74,39960960.0,10122386.4159,23162.0335,29068.7546,862.0419,140.1187,15.1782,0.0712,73,0.060543,1.041642,0.489231,0.512626,1.107785,0.413608,0.603543,0.343695,0.527116,0.052968,0.205859,0.31455,0.498453,0.447024,0.061119,0.046151,0.01096,0.024478,0.104745,0.009951,0.247506,0.017563,0.016204,0.000221,0.002882,0.007154,0.011572,0.015292,0.000923
32040,960,23672,22712,22702,10,0,0,212,43.178418,0.0,32784.862962,1159.817159,2077.004423,2024.223897,3843.34,32040,43,74,39985920.0,10132811.3039,23185.3906,29104.9531,863.347,140.1187,15.1836,0.0712,73,0.057292,1.039229,0.488418,0.513667,1.105346,0.414295,0.606418,0.343129,0.52597,0.052975,0.20607,0.316133,0.497874,0.446486,0.0613,0.046206,0.010825,0.024691,0.103016,0.010256,0.261985,0.017241,0.016012,0.000221,0.002883,0.007988,0.0118,0.015144,0.000999
32060,946,23691,22745,22734,11,0,0,223,54.51609,0.0,32818.082778,1148.991848,2076.492061,2022.950568,3890.1,32060,43,74,40010880.0,10143251.4549,23209.5375,29137.5507,864.2788,143.5196,16.378,0.0712,73,0.057082,1.035969,0.487371,0.513456,1.103535,0.412871,0.602663,0.342963,0.526575,0.052881,0.206067,0.315316,0.499223,0.446098,0.060976,0.046066,0.01081,0.02415,0.102094,0.010029,0.25233,0.017032,0.016019,0.000218,0.002874,0.007862,0.011694,0.014975,0.000968
32080,958,23722,22764,22753,11,0,0,218,47.171671,0.0,32921.804123,1154.947699,2077.880629,2022.310266,3854.77,32080,43,74,40035840.0,10153691.0358,23233.6849,29166.4736,865.0373,143.5196,16.378,0.0712,73,0.055324,1.036419,0.486834,0.513386,1.106273,0.412367,0.603853,0.341757,0.525485,0.052783,0.206114,0.314049,0.499875,0.445399,0.061156,0.046576,0.011318,0.024243,0.106035,0.010161,0.256482,0.016828,0.016108,0.000222,0.002974,0.007508,0.011639,0.015179,0.000987
32100,963,23748,22785,22774,11,0,0,216,47.648479,0.0,32932.806601,1162.547824,2069.803698,2024.650037,3848.56,32100,43,74,40060800.0,10164130.5915,23254.929,29201.2651,865.41,143.5196,16.378,0.0712,73,0.056075,1.035406,0.485834,0.514207,1.107522,0.411641,0.606043,0.341998,0.525015,0.052681,0.206532,0.314699,0.500109,0.445718,0.061042,0.046617,0.011515,0.024392,0.107418,0.01016,0.257948,0.016986,0.016182,0.00022,0.00307,0.007562,0.011568,0.014991,0.000979
32120,969,23775,22806,22795,11,0,0,211,47.637677,0.0,32861.473163,1170.781821,2061.580503,2026.26229,3826.51,32120,43,74,40085760.0,10174570.4264,23276.3106,29235.7764,866.3817,143.5196,16.4531,0.0712,73,0.055728,1.034482,0.486392,0.515532,1.106664,0.410824,0.606013,0.340369,0.523733,0.052973,0.206673,0.313915,0.499746,0.445455,0.060973,0.046177,0.011727,0.025066,0.105547,0.010118,0.256814,0.016091,0.015882,0.000239,0.003006,0.007129,0.01161,0.014956,0.000968
32140,972,23801,22829,22818,11,0,0,205,43.518308,0.0,32774.659702,1175.329826,2061.151866,2026.486065,3822.14,32140,43,74,40110720.0,10185029.9294,23298.8535,29267.5397,867.2651,143.5196,17.127,0.0712,73,0.058642,1.036082,0.486446,0.515898,1.110047,0.410598,0.606933,0.34169,0.523651,0.053111,0.207518,0.312611,0.500057,0.447909,0.061061,0.046934,0.012059,0.025296,0.108042,0.010131,0.248235,0.016758,0.015903,0.000242,0.003124,0.006522,0.011734,0.015362,0.000933
32160,974,23825,22851,22840,11,0,0,202,42.495657,0.0,32737.451733,1175.883009,2061.621335,2025.991429,3819.54,32160,43,74,40135680.0,10195503.8754,23322.1723,29295.4787,867.4757,143.5196,17.9289,0.0712,73,0.056468,1.034178,0.487975,0.516447,1.111815,0.40988,0.602113,0.340752,0.523784,0.053108,0.207687,0.312288,0.499681,0.446178,0.0609,0.0461,0.011894,0.025429,0.108525,0.010001,0.245838,0.016677,0.015649,0.000236,0.003176,0.00647,0.011616,0.014949,0.000939
32180,984,23856,22872,22860,12,0,0,197,39.587437,0.0,32639.214634,1182.688352,2057.724211,2024.853978,3794.43,32180,44,74,40160640.0,10205995.9686,23346.4268,29327.8008,868.0589,156.6047,18.6199,0.0712,73,0.057927,1.034596,0.48789,0.515786,1.111152,0.410663,0.601854,0.340758,0.52312,0.053225,0.206917,0.312859,0.498053,0.445272,0.0613,0.046102,0.011794,0.025403,0.108076,0.010232,0.240946,0.016775,0.015611,0.00024,0.003154,0.00692,0.01154,0.014918,0.000941
32200,984,23888,22904,22892,12,0,0,206,50.540132,0.0,32491.355524,1176.009855,2053.450013,2023.88034,3791.56,32200,44,74,40185600.0,10216492.2647,23370.86,29363.5796,869.3071,156.6047,18.7116,0.0712,73,0.057927,1.030173,0.489071,0.516715,1.114934,0.408092,0.604295,0.340783,0.523879,0.053142,0.206742,0.313145,0.496847,0.444922,0.061332,0.046045,0.011794,0.024862,0.111289,0.010047,0.243049,0.016517,0.015313,0.000239,0.003177,0.007155,0.011605,0.015112,0.000955
32220,978,23914,22936,22923,13,0,0,210,49.344771,0.0,32380.568024,1175.23241,2055.42282,2023.13737,3805.85,32220,44,74,40210560.0,10226988.733,23395.2931,29399.101,871.232,171.1211,19.998,0.0712,73,0.056237,1.032499,0.488754,0.515701,1.109117,0.409334,0.603916,0.33977,0.52414,0.053031,0.207018,0.313583,0.499502,0.443797,0.061216,0.045455,0.011458,0.024801,0.110441,0.010188,0.245533,0.016791,0.015359,0.000233,0.003176,0.007294,0.012104,0.014594,0.000947
32240,968,23938,22970,22956,14,0,0,215,51.656127,7.116182,32313.806425,1166.932905,2061.410968,2022.552282,3848.18,32240,44,74,40235520.0,10237484.3535,23419.7262,29431.031,872.4644,188.8176,19.998,0.0712,73,0.057851,1.031757,0.488099,0.516175,1.109088,0.40924,0.60813,0.340129,0.524946,0.052925,0.207061,0.313136,0.50115,0.444353,0.061475,0.046209,0.011436,0.024552,0.116666,0.010209,0.262867,0.01715,0.01547,0.000231,0.003146,0.007324,0.013476,0.014781,0.000999
32260,966,23966,23000,22986,14,0,0,218,50.977162,5.820375,32306.198166,1167.283607,2061.73923,2022.080009,3865.04,32260,44,74,40260480.0,10248000.648,23444.1593,29467.2703,873.2025,188.8176,19.998,0.0712,73,0.056936,1.03488,0.488375,0.517121,1.109393,0.409265,0.605447,0.339768,0.524254,0.052954,0.207035,0.312405,0.500361,0.445198,0.061285,0.046325,0.011525,0.024938,0.116856,0.010433,0.255637,0.016676,0.015443,0.000232,0.003084,0.007256,0.013382,0.014898,0.00098
32280,967,23984,23017,23003,14,0,0,217,47.374426,4.760525,32344.774233,1173.430333,2059.195241,2021.691177,3870.13,32280,44,74,40285440.0,10258541.5376,23468.5924,29495.3781,873.6152,188.8176,19.998,0.0712,73,0.054809,1.03473,0.488115,0.519586,1.107546,0.408969,0.602785,0.338666,0.523328,0.052918,0.207492,0.311892,0.499121,0.445674,0.061228,0.04654,0.011251,0.025751,0.113202,0.010408,0.251995,0.015688,0.015111,0.000229,0.003146,0.007167,0.012984,0.014802,0.000978
32300,951,23999,23048,23034,14,0,0,216,49.672475,3.893666,32480.382086,1158.769968,2071.557557,2021.36582,3924.69,32300,43,74,40310400.0,10269097.3331,23493.0255,29518.0709,874.9919,188.8176,19.998,0.0712,73,0.052576,1.035905,0.488256,0.521517,1.105341,0.409314,0.601754,0.337817,0.523063,0.052764,0.206903,0.311534,0.499851,0.446149,0.060924,0.045536,0.011221,0.026786,0.108122,0.010524,0.248893,0.015425,0.015041,0.000219,0.003117,0.007038,0.0128,0.014812,0.000966
32320,962,24034,23072,23058,14,0,0,217,48.71484,3.184657,32669.72384,1158.199265,2073.085895,2021.089886,3882.76,32320,43,74,40335360.0,10279653.4731,23517.4587,29546.5804,876.8695,188.8176,20.2737,0.0712,73,0.050936,1.038246,0.489143,0.519653,1.102871,0.409813,0.590785,0.335378,0.521393,0.05285,0.207791,0.311007,0.497567,0.445796,0.060319,0.046563,0.01105,0.02579,0.101141,0.010596,0.21985,0.014424,0.014641,0.00022,0.00321,0.006919,0.0118,0.014859,0.00088
32340,970,24068,23098,23084,14,0,0,210,45.798981,2.604753,32790.413338,1161.793708,2072.407311,2020.853195,3841.89,32340,43,74,40360320.0,10290210.7527,23541.8918,29583.1168,878.375,188.8176,20.2737,0.0712,73,0.051546,1.034526,0.488285,0.519614,1.10639,0.41181,0.604176,0.338114,0.522186,0.052835,0.207251,0.311842,0.498542,0.444057,0.061142,0.046632,0.011154,0.026257,0.110936,0.010838,0.257346,0.015324,0.014662,0.000223,0.003213,0.008139,0.012822,0.015081,0.000991
32360,974,24098,23124,23110,14,0,0,208,49.717128,2.130445,32798.721969,1170.155541,2060.127331,2020.64819,3834.01,32360,43,74,40385280.0,10300752.2112,23566.3249,29622.85,879.5538,188.8176,20.2737,0.0712,82,0.055441,1.030988,0.488774,0.523079,1.1095,0.413403,0.621777,0.339954,0.522278,0.052726,0.206766,0.312741,0.500137,0.443509,0.061765,0.047796,0.011088,0.031733,0.112531,0.011086,0.313531,0.015886,0.014896,0.000219,0.003195,0.00868,0.014025,0.015034,0.001084
32380,981,24130,23149,23135,14,0,0,202,47.70836,1.742506,32747.601754,1178.301221,2053.990419,2023.606464,3797.67,32380,43,74,40410240.0,10311293.159,23587.4148,29659.8333,880.6644,188.8176,20.677,0.0712,82,0.057085,1.032922,0.490645,0.520308,1.113198,0.413272,0.621017,0.341013,0.52384,0.052841,0.206357,0.311779,0.501787,0.444861,0.061729,0.048396,0.011683,0.032264,0.112956,0.01115,0.305218,0.016035,0.015119,0.00023,0.003146,0.008294,0.0149,0.01523,0.001085
32400,964,24143,23179,23165,14,0,0,202,49.06173,1.425208,32704.191145,1171.080517,2059.857753,2026.585174,3831.32,32400,43,74,40435200.0,10321820.2392,23607.6689,29691.3451,881.3552,188.8176,20.6903,0.0712,82,0.057054,1.030724,0.491118,0.519914,1.115476,0.41331,0.625545,0.341749,0.524466,0.052974,0.206093,0.312351,0.501871,0.446857,0.061925,0.047886,0.011906,0.032963,0.115014,0.010984,0.310447,0.01619,0.015547,0.000234,0.003173,0.008523,0.015214,0.015624,0.001113
32420,964,24172,23208,23194,14,0,0,208,48.541893,1.165687,32756.780552,1164.825032,2066.633075,2028.649613,3838.97,32420,44,74,40460160.0,10332353.4853,23627.9231,29718.5203,882.1812,188.8176,20.6903,0.0712,73,0.056017,1.033071,0.488914,0.518912,1.113452,0.413609,0.62049,0.3415,0.525035,0.05295,0.206285,0.311076,0.502614,0.446991,0.061651,0.047198,0.011807,0.030426,0.11383,0.011085,0.291868,0.016017,0.015803,0.000234,0.003159,0.00806,0.015165,0.015703,0.001058
32440,982,24215,23233,23219,14,0,0,212,49.718795,0.953424,32708.021736,1174.780106,2055.501098,2029.962135,3780.75,32440,44,74,40485120.0,10342904.8833,23648.1772,29758.1192,883.5864,188.8176,20.6903,0.0712,82,0.060081,1.0353,0.488732,0.521598,1.109836,0.413421,0.619867,0.341674,0.525964,0.052811,0.206205,0.3104,0.504226,0.44756,0.061645,0.047649,0.011817,0.030931,0.11157,0.011057,0.293287,0.015578,0.015635,0.000231,0.003121,0.00806,0.015918,0.016069,0.001079
32460,984,24242,23258,23244,14,0,0,213,50.248723,0.779812,32628.419355,1186.730475,2043.020802,2030.751151,3761.63,32460,44,74,40510080.0,10353464.0149,23668.4313,29801.3028,884.1358,188.8176,20.6903,0.0712,82,0.059959,1.033445,0.48771,0.521958,1.111542,0.414439,0.629499,0.343481,0.525506,0.052863,0.206342,0.31214,0.505857,0.445682,0.062333,0.048673,0.011626,0.030858,0.113301,0.011387,0.323782,0.016601,0.015569,0.000249,0.003131,0.00887,0.016632,0.015924,0.001194
32480,979,24260,23281,23267,14,0,0,210,50.478049,0.637814,32493.772188,1188.269832,2041.252119,2032.715065,3789.81,32480,44,74,40535040.0,10364023.5791,23686.8925,29832.0164,884.6232,188.8176,20.6903,0.0712,82,0.059244,1.032409,0.488002,0.519532,1.111643,0.414882,0.633928,0.344592,0.524604,0.052957,0.206422,0.312665,0.505994,0.446417,0.062496,0.049176,0.011377,0.030207,0.113136,0.011447,0.328097,0.017625,0.015828,0.000246,0.003146,0.008996,0.016561,0.016073,0.001202
32500,975,24280,23305,23291,14,0,0,216,52.330011,0.521672,32429.943625,1181.027146,2046.642843,2034.508758,3814.58,32500,44,74,40560000.0,10374603.0994,23703.8869,29855.7546,885.5978,188.8176,21.0625,0.0844,73,0.057436,1.030438,0.487429,0.516252,1.11102,0.414294,0.629064,0.344769,0.525179,0.053135,0.206251,0.313351,0.503886,0.447169,0.06214,0.048712,0.011524,0.029299,0.110906,0.01133,0.319128,0.01752,0.015855,0.000252,0.003115,0.00867,0.016299,0.016066,0.001173
32520,987,24309,23322,23307,15,0,0,207,45.680268,0.426679,32363.431357,1186.933775,2047.385957,2035.328752,3769.92,32520,44,74,40584960.0,10385183.9653,23720.8812,29882.2064,886.022,202.0036,21.9511,0.1064,73,0.057751,1.029799,0.487394,0.516925,1.11261,0.414554,0.634575,0.346054,0.52546,0.053204,0.206613,0.315144,0.504294,0.446926,0.062561,0.0502,0.011698,0.02915,0.115336,0.011438,0.333772,0.017734,0.015956,0.00026,0.00314,0.009578,0.016741,0.016277,0.00125
32540,990,24336,23346,23331,15,0,0,216,49.769369,0.0,32291.424478,1188.499317,2041.731314,2035.697198,3769.86,32540,44,74,40609920.0,10395819.258,23737.8755,29912.897,886.8674,202.0036,21.9511,0.1064,73,0.059596,1.030452,0.487369,0.51645,1.114985,0.414123,0.63954,0.347414,0.524103,0.053158,0.206369,0.315397,0.503871,0.446781,0.062865,0.050026,0.011948,0.028443,0.117204,0.011318,0.357683,0.018584,0.016082,0.000255,0.003087,0.009598,0.01667,0.016329,0.001296
32560,986,24364,23378,23363,15,0,0,219,49.976527,0.0,32328.934186,1178.512174,2051.511298,2035.863088,3783.9,32560,44,74,40634880.0,10406485.8373,23754.8698,29943.3279,887.4213,202.0036,21.9521,0.1064,73,0.058824,1.029021,0.486303,0.516784,1.114481,0.412862,0.64391,0.346522,0.521851,0.053238,0.206912,0.316031,0.502792,0.447658,0.06349,0.050386,0.011893,0.028149,0.118973,0.011201,0.374458,0.018457,0.015791,0.000289,0.003176,0.010417,0.016795,0.017025,0.001366
32580,989,24398,23409,23394,15,0,0,224,50.412697,0.0,32348.558003,1177.851577,2051.735726,2035.938647,3736.33,32580,44,74,40659840.0,10417157.608,23771.8641,29979.789,887.6819,202.0036,21.9521,0.1064,73,0.055612,1.029093,0.487753,0.517396,1.110856,0.412513,0.645757,0.346335,0.521717,0.053419,0.206882,0.316064,0.500783,0.447064,0.063417,0.050157,0.011889,0.027896,0.123397,0.011484,0.385929,0.018707,0.016036,0.000315,0.00316,0.010579,0.015776,0.017424,0.00134
32600,987,24425,23438,23423,15,0,0,219,49.246208,0.0,32369.425605,1180.55108,2050.202713,2035.973638,3751.27,32600,44,74,40684800.0,10427812.8832,23788.8584,30016.5098,888.9643,202.0036,23.1211,0.1114,73,0.054711,1.030728,0.488836,0.517035,1.108572,0.411318,0.649199,0.346318,0.521928,0.053627,0.206635,0.317794,0.499677,0.446147,0.06336,0.050919,0.012108,0.027419,0.123633,0.011262,0.400796,0.018831,0.015716,0.000333,0.003227,0.011393,0.015743,0.017134,0.001374
32620,977,24443,23466,23450,16,0,0,228,52.750553,0.0,32365.840196,1180.108029,2047.141418,2035.990156,3780.03,32620,44,74,40709760.0,10438481.8225,23805.8528,30049.6027,889.3777,219.8704,23.2793,0.1114,73,0.057318,1.029964,0.488145,0.517223,1.107523,0.411634,0.658036,0.347059,0.522041,0.053715,0.206873,0.317797,0.49918,0.446152,0.063707,0.051706,0.012037,0.027311,0.119727,0.011391,0.42624,0.01887,0.015403,0.000351,0.003276,0.011708,0.015865,0.017003,0.001405
32640,988,24476,23488,23472,16,0,0,230,53.009588,0.0,32363.547623,1182.10999,2044.880421,2035.998115,3734.38,32640,44,74,40734720.0,10449165.2873,23822.8471,30078.7528,889.8355,219.8704,23.2793,0.1114,73,0.058704,1.027153,0.488497,0.517139,1.107483,0.413623,0.676651,0.348758,0.522448,0.054287,0.206889,0.321847,0.498162,0.445132,0.064731,0.052813,0.012414,0.028159,0.129049,0.012783,0.483837,0.019838,0.016261,0.000417,0.003351,0.01438,0.016246,0.017014,0.001545
32660,985,24505,23520,23504,16,0,0,236,52.140053,0.0,32425.388438,1172.457853,2055.402094,2036.002029,3729.1,32660,44,74,40759680.0,10459864.2218,23839.8414,30109.0275,890.6976,219.8704,24.3073,0.1114,73,0.058883,1.021366,0.490786,0.515846,1.10564,0.417192,0.7057,0.351737,0.525508,0.055194,0.206352,0.325338,0.496353,0.443732,0.065703,0.054795,0.012883,0.028312,0.127694,0.015166,0.595659,0.021393,0.018306,0.000553,0.003313,0.017589,0.016932,0.017563,0.001737
32680,983,24527,23544,23528,16,0,0,234,52.971516,0.0,32518.902426,1171.251645,2055.776839,2036.003992,3737.5,32680,44,74,40784640.0,10470563.9436,23856.8357,30137.4486,891.2478,219.8704,24.3154,0.1114,73,0.061038,1.021345,0.490736,0.514826,1.108695,0.416166,0.700066,0.351316,0.525706,0.055007,0.206513,0.323307,0.498383,0.444497,0.065422,0.054712,0.01254,0.028476,0.128276,0.013742,0.575137,0.02119,0.018534,0.000513,0.003331,0.016769,0.017001,0.01755,0.001672
32700,980,24555,23575,23559,16,0,0,234,51.343684,0.0,32617.984672,1168.583829,2060.072488,2036.004995,3758.76,32700,44,74,40809600.0,10481256.4652,23873.83,30170.1075,892.5825,219.8704,24.4282,0.1114,73,0.058163,1.017851,0.49096,0.512127,1.104803,0.41664,0.707175,0.34954,0.529462,0.055327,0.206183,0.32478,0.497643,0.44285,0.065517,0.054894,0.012254,0.028411,0.126027,0.012408,0.616255,0.020666,0.028552,0.000539,0.003259,0.018448,0.017476,0.017659,0.001749
32720,975,24588,23613,23596,17,0,0,236,50.77679,0.0,32793.477197,1156.068056,2073.155154,2036.005515,3778.57,32720,44,74,40834560.0,10491944.7234,23890.8244,30200.341,894.315,220.3981,25.0751,0.1401,73,0.058462,1.017821,0.491645,0.513637,1.100554,0.417136,0.712222,0.349054,0.526575,0.055384,0.206548,0.325999,0.49623,0.441927,0.06571,0.056229,0.012364,0.028209,0.120403,0.012474,0.655589,0.020431,0.024156,0.000546,0.003262,0.018676,0.017506,0.01745,0.001796
32740,987,24624,23637,23619,18,0,0,235,47.925668,0.0,32936.534012,1163.770975,2068.303357,2036.005789,3739.16,32740,44,74,40859520.0,10502619.8999,23907.8187,30234.5281,894.8616,221.4862,25.8603,0.1644,73,0.058764,1.016323,0.490207,0.515219,1.105563,0.417173,0.718622,0.349603,0.528784,0.055268,0.206476,0.327951,0.496688,0.44118,0.066298,0.055778,0.012293,0.028693,0.122958,0.01239,0.673869,0.020757,0.024399,0.000555,0.003297,0.023573,0.018195,0.017293,0.001866
32760,992,24655,23663,23643,20,0,0,234,47.083743,0.0,32981.961413,1175.542576,2057.373681,2035.943044,3704.0,32760,44,74,40884480.0,10513303.2623,23924.8794,30274.0121,895.9148,229.7751,26.6904,0.1644,73,0.05746,1.017943,0.489237,0.51379,1.10117,0.416834,0.709733,0.348695,0.533255,0.05488,0.206433,0.325807,0.497861,0.439791,0.065848,0.054532,0.012196,0.028433,0.122531,0.012094,0.645874,0.020413,0.031423,0.000509,0.003279,0.022035,0.018622,0.016979,0.001752
32780,997,24685,23688,23668,20,0,0,224,45.064659,0.0,32927.809296,1186.947416,2047.987925,2034.864075,3684.7,32780,44,74,40909440.0,10523989.7682,23943.383,30310.9629,898.0244,229.7751,26.6904,0.1644,73,0.055165,1.018526,0.491578,0.514014,1.102022,0.418823,0.719403,0.348653,0.536585,0.055321,0.205853,0.324461,0.497741,0.43822,0.066012,0.055061,0.012307,0.028219,0.123819,0.012551,0.693989,0.019962,0.034936,0.000576,0.003238,0.018867,0.018816,0.017041,0.00181
32800,982,24702,23720,23700,20,0,0,220,47.789065,0.0,32945.092424,1179.047583,2053.163352,2033.466359,3748.72,32800,44,74,40934400.0,10534701.8907,23963.2485,30340.1585,899.2524,229.7751,26.6904,0.1644,73,0.053971,1.018891,0.492312,0.513343,1.106613,0.419056,0.70702,0.348743,0.536914,0.054864,0.20601,0.323534,0.49782,0.438985,0.065656,0.053207,0.013092,0.027927,0.130701,0.012811,0.650874,0.01916,0.03214,0.000509,0.003267,0.018197,0.018913,0.017165,0.001736
32820,985,24734,23749,23729,20,0,0,214,42.067002,0.0,33012.252679,1171.905468,2066.02753,2032.586944,3716.42,32820,44,74,40959360.0,10545411.7431,23983.5286,30366.8191,900.6389,229.7751,26.6904,0.1644,73,0.053807,1.019102,0.494853,0.512822,1.106625,0.418772,0.720835,0.348778,0.541074,0.055158,0.205661,0.325265,0.496593,0.438912,0.066679,0.055359,0.014679,0.028069,0.135166,0.01307,0.698893,0.019188,0.040707,0.000547,0.003275,0.019195,0.019257,0.017608,0.00184
32840,984,24764,23780,23760,20,0,0,208,40.895835,0.0,33137.412423,1170.113582,2068.990583,2032.167365,3729.57,32840,45,74,40984320.0,10556159.9283,24003.8086,30400.1422,902.3877,229.7751,26.6904,0.1644,73,0.051829,1.022147,0.494931,0.514047,1.108721,0.417469,0.704369,0.346937,0.54065,0.054552,0.205302,0.323351,0.496991,0.439874,0.066039,0.05527,0.01454,0.027879,0.133652,0.012112,0.65136,0.017643,0.040493,0.000472,0.003222,0.017911,0.018927,0.017416,0.001821
32860,987,24793,23806,23786,20,0,0,204,43.677759,0.0,33227.098558,1175.237501,2061.08474,2031.963256,3723.41,32860,45,74,41009280.0,10566894.2225,24024.0887,30436.0235,903.8433,229.7751,26.7566,0.1683,73,0.051672,1.021788,0.494402,0.512729,1.110163,0.417722,0.714569,0.347872,0.541839,0.054728,0.205108,0.324009,0.497225,0.441156,0.066501,0.057363,0.014317,0.027808,0.134355,0.012076,0.683138,0.017687,0.045473,0.000494,0.003198,0.017842,0.019534,0.017673,0.001886
32880,987,24818,23831,23811,20,0,0,196,37.759787,0.0,33308.95953,1179.641982,2062.598231,2031.500532,3720.54,32880,45,74,41034240.0,10577621.4715,24044.7626,30469.2944,904.7824,229.7751,26.7566,0.1683,73,0.051672,1.024086,0.494435,0.513352,1.112567,0.416349,0.708552,0.346837,0.538538,0.05441,0.205593,0.323001,0.498115,0.442303,0.066106,0.056059,0.01436,0.028258,0.132671,0.011739,0.651294,0.017376,0.039692,0.000465,0.00327,0.017556,0.019244,0.017467,0.001822
32900,998,24854,23856,23836,20,0,0,202,41.702848,0.0,33302.052345,1187.748728,2050.548424,2030.121123,3688.13,32900,45,74,41059200.0,10588355.0336,24067.0201,30505.6875,905.5234,229.7751,26.7566,0.1683,73,0.054108,1.024396,0.493726,0.512751,1.110188,0.414604,0.711286,0.348158,0.53931,0.054488,0.204663,0.322951,0.497116,0.442233,0.066014,0.056802,0.013842,0.028212,0.126572,0.011614,0.657627,0.018196,0.040677,0.000467,0.003245,0.017589,0.019495,0.017586,0.001826
32920,1006,24883,23877,23857,20,0,0,200,39.820904,0.0,33222.689012,1197.983241,2042.195854,2028.386421,3646.76,32920,45,74,41084160.0,10599110.2464,24090.617,30540.1228,907.745,229.7751,27.0108,0.1683,73,0.054672,1.019798,0.495301,0.512208,1.105172,0.41689,0.725302,0.350186,0.535713,0.055017,0.204339,0.325814,0.494975,0.43995,0.066723,0.058224,0.014525,0.028831,0.124155,0.012956,0.704191,0.019206,0.036773,0.000516,0.00326,0.018888,0.019379,0.017704,0.001992
32940,998,24902,23904,23883,21,0,0,201,39.449324,0.0,33112.475214,1198.429503,2042.121173,2027.257812,3672.18,32940,45,74,41109120.0,10609850.4431,24114.4449,30571.1116,908.7416,229.9774,27.3595,0.1683,73,0.054108,1.022141,0.494185,0.512544,1.100707,0.416085,0.717668,0.348529,0.535926,0.055029,0.204311,0.325607,0.493944,0.440035,0.066041,0.057646,0.014248,0.027727,0.113397,0.012384,0.677852,0.018384,0.036376,0.000507,0.003247,0.018359,0.019134,0.017597,0.001859
32960,990,24930,23940,23919,21,0,0,213,46.812435,0.0,33077.791543,1185.029099,2048.158466,2026.86543,3694.92,32960,45,74,41134080.0,10620583.2806,24137.9814,30598.9673,909.6346,229.9774,27.3595,0.1683,73,0.055556,1.02288,0.493868,0.511227,1.10016,0.417304,0.711143,0.347906,0.536659,0.05523,0.204372,0.325917,0.493839,0.440528,0.065693,0.058023,0.014378,0.027971,0.115753,0.013135,0.661502,0.018258,0.037136,0.000514,0.003304,0.017962,0.017656,0.017682,0.001724
32980,990,24953,23963,23942,21,0,0,210,42.369321,0.0,33084.809702,1186.258814,2051.371865,2026.881672,3708.68,32980,45,74,41159040.0,10631331.4198,24161.0239,30628.0162,910.9554,229.9774,27.3595,0.1683,73,0.057576,1.022923,0.494052,0.511794,1.101247,0.418021,0.717525,0.348552,0.537796,0.055329,0.204525,0.325883,0.494682,0.44226,0.065816,0.05842,0.014394,0.0287,0.115122,0.013403,0.670698,0.018593,0.037385,0.000513,0.00332,0.017999,0.018233,0.017881,0.001767
33000,992,24987,23995,23974,21,0,0,208,41.865748,0.0,33099.471731,1181.461048,2056.673203,2026.311834,3710.9,33000,45,74,41184000.0,10642105.7148,24184.8443,30663.2192,911.9681,229.9774,28.5048,0.1683,73,0.060484,1.02318,0.493325,0.510892,1.106578,0.416831,0.716163,0.349401,0.53869,0.055371,0.204377,0.324997,0.49445,0.441985,0.065829,0.057988,0.014713,0.029017,0.118078,0.01321,0.656513,0.018622,0.037669,0.000506,0.00333,0.017483,0.018257,0.018088,0.001746
33020,998,25024,24026,24003,23,0,0,214,43.824529,0.0,33060.425486,1182.130541,2054.044931,2028.065852,3690.66,33020,45,74,41208960.0,10652847.7315,24206.2079,30699.4782,912.7463,255.2701,29.8622,0.1683,73,0.057114,1.022871,0.493591,0.512419,1.108438,0.41705,0.715888,0.348647,0.536586,0.055258,0.203861,0.326065,0.495727,0.441183,0.065813,0.057608,0.014683,0.02939,0.119941,0.012767,0.66049,0.018548,0.034802,0.0005,0.003333,0.017514,0.018149,0.017859,0.001743
33040,1007,25049,24042,24019,23,0,0,192,38.625767,0.0,32964.8934,1200.302755,2041.071478,2029.621886,3667.89,33040,45,74,41233920.0,10663580.8217,24226.7499,30735.9023,914.4617,255.2701,29.8622,0.1683,73,0.05859,1.019689,0.493009,0.510304,1.109174,0.41831,0.734705,0.351213,0.544005,0.055633,0.203841,0.326725,0.493567,0.441075,0.066774,0.058889,0.014915,0.029265,0.126285,0.013349,0.729827,0.019644,0.047103,0.000537,0.003263,0.01791,0.018811,0.018581,0.00188
33060,1001,25077,24076,24053,23,0,0,192,41.756057,0.0,32860.913909,1194.720123,2043.523821,2030.473581,3659.12,33060,45,74,41258880.0,10674335.4826,24247.292,30768.1553,916.4707,255.2701,30.0819,0.1683,73,0.061938,1.019446,0.492148,0.509568,1.102753,0.417003,0.744481,0.35086,0.540832,0.055803,0.203898,0.328918,0.492077,0.440237,0.067185,0.059764,0.015518,0.028392,0.124863,0.013014,0.765994,0.019735,0.041331,0.000564,0.003274,0.018965,0.018985,0.018558,0.001947
33080,993,25097,24104,24081,23,0,0,204,46.056654,0.0,32789.278841,1187.46676,2046.476587,2030.920187,3698.33,33080,45,74,41283840.0,10685072.8429,24267.8341,30795.6601,917.1964,255.2701,30.2284,0.1683,73,0.058409,1.017565,0.493001,0.509639,1.104441,0.418275,0.748935,0.349285,0.539078,0.055843,0.203484,0.329161,0.491746,0.439943,0.067191,0.060386,0.015349,0.028513,0.122862,0.013188,0.778907,0.019526,0.038044,0.000552,0.00339,0.019132,0.019134,0.018662,0.001985
33100,993,25124,24131,24108,23,0,0,197,40.28974,0.0,32823.324612,1181.707517,2058.002744,2033.732341,3712.1,33100,45,74,41308800.0,10695821.2765,24284.8284,30820.0503,918.8992,255.2701,30.2284,0.1683,73,0.058409,1.018182,0.49164,0.508841,1.100647,0.417386,0.74537,0.348947,0.53956,0.055588,0.204262,0.329056,0.493538,0.439396,0.06685,0.060232,0.014725,0.028489,0.120804,0.012714,0.766755,0.019292,0.04031,0.000512,0.003511,0.019371,0.019117,0.018605,0.001967
33120,989,25150,24161,24138,23,0,0,201,43.511558,0.0,32855.627373,1176.667985,2059.820457,2035.032439,3722.88,33120,45,74,41333760.0,10706569.5379,24301.8227,30850.4095,919.6992,255.2701,30.2284,0.1683,73,0.058645,1.020041,0.490797,0.510243,1.103024,0.418317,0.743054,0.348725,0.539791,0.055384,0.204043,0.327716,0.494917,0.44011,0.066847,0.059374,0.016129,0.028645,0.126274,0.012667,0.755162,0.019278,0.039499,0.000507,0.003546,0.01907,0.019275,0.018558,0.001941
33140,992,25181,24189,24166,23,0,0,188,39.827468,0.0,32919.84424,1179.899317,2060.273215,2035.597446,3703.81,33140,45,74,41358720.0,10717330.6403,24318.8171,30884.5535,921.1299,255.2701,30.2284,0.1683,73,0.05746,1.021195,0.491753,0.510294,1.105479,0.417652,0.730977,0.34694,0.540835,0.054975,0.204187,0.326205,0.494943,0.43958,0.066528,0.056859,0.016193,0.0291,0.127138,0.012399,0.734058,0.01841,0.039463,0.000497,0.003534,0.01859,0.019197,0.018436,0.001889
33160,992,25208,24216,24193,23,0,0,192,42.145778,0.0,32953.722465,1184.827776,2053.026446,2035.836212,3695.93,33160,45,74,41383680.0,10728102.4879,24335.8114,30920.5221,921.6201,255.2701,30.2431,0.1683,73,0.058468,1.023944,0.491425,0.511419,1.106466,0.418016,0.726224,0.347793,0.541228,0.054937,0.204823,0.325407,0.496904,0.440484,0.06609,0.055753,0.016334,0.030197,0.126827,0.012393,0.71542,0.018477,0.038473,0.000494,0.003618,0.018253,0.019069,0.018273,0.001825
33180,994,25237,24243,24219,24,0,0,191,40.949847,0.0,32965.715207,1186.302967,2052.747186,2035.935843,3693.95,33180,45,74,41408640.0,10738873.8572,24352.8057,30953.5381,922.1301,255.627,30.7946,0.1683,73,0.057344,1.023573,0.49312,0.511964,1.103276,0.417181,0.735249,0.347617,0.541721,0.055137,0.203752,0.327336,0.495074,0.438925,0.066945,0.056297,0.016371,0.030437,0.129264,0.012159,0.742062,0.019268,0.03862,0.000526,0.003562,0.020541,0.019228,0.018349,0.001945
33200,980,25253,24273,24249,24,0,0,198,45.717538,0.0,33006.412659,1181.839815,2052.442647,2035.977158,3746.55,33200,45,74,41433600.0,10749638.3916,24369.8,30984.791,923.4867,255.627,30.7946,0.1683,73,0.057143,1.025399,0.492929,0.511588,1.10483,0.417132,0.730631,0.347269,0.541538,0.055182,0.204185,0.325385,0.494529,0.43898,0.066652,0.054644,0.016688,0.030909,0.129766,0.012271,0.726496,0.018478,0.038733,0.000509,0.003481,0.018517,0.018566,0.017872,0.001891
33220,976,25277,24301,24277,24,0,0,196,41.74037,0.0,33157.193996,1175.394724,2062.864906,2035.435099,3770.41,33220,45,74,41458560.0,10760421.1179,24387.4105,31011.5876,924.4714,255.627,30.7946,0.1683,73,0.056352,1.026305,0.49322,0.510141,1.106084,0.415936,0.727226,0.346303,0.541974,0.055082,0.203884,0.324615,0.493642,0.43764,0.066439,0.054858,0.016516,0.029993,0.129852,0.012148,0.72268,0.018088,0.038632,0.000509,0.003371,0.01842,0.018519,0.017337,0.00187
33240,996,25320,24324,24298,26,0,0,201,45.154254,1.534743,33210.146852,1183.650328,2051.195419,2034.14773,3706.13,33240,45,74,41483520.0,10771185.1979,24406.3526,31044.37,926.6748,257.1551,31.6213,0.1683,73,0.055221,1.027531,0.494688,0.511403,1.106439,0.41521,0.730389,0.346428,0.540916,0.055234,0.204095,0.324707,0.493682,0.438918,0.066553,0.055407,0.016625,0.030049,0.125956,0.012099,0.722394,0.018112,0.038791,0.000507,0.003829,0.018061,0.018384,0.017658,0.001856
33260,992,25345,24353,24327,26,0,0,197,47.049511,0.0,33204.774261,1186.243375,2046.707114,2032.762145,3728.72,33260,46,74,41508480.0,10781948.4539,24426.056,31081.5063,927.6502,258.2294,31.6213,0.1683,73,0.053427,1.02897,0.495928,0.511211,1.109934,0.415086,0.725153,0.345621,0.540104,0.055109,0.20389,0.324356,0.493591,0.439179,0.066357,0.054383,0.017011,0.029789,0.125467,0.011592,0.705067,0.017304,0.037225,0.000494,0.003764,0.017573,0.018258,0.017643,0.001847
33280,1001,25382,24381,24355,26,0,0,206,47.164587,0.0,33203.612461,1189.912643,2042.92277,2031.008656,3689.73,33280,47,74,41533440.0,10792731.0741,24446.8167,31119.267,928.4401,258.2294,31.6252,0.1683,73,0.051948,1.026826,0.495739,0.511127,1.110901,0.417295,0.726965,0.34574,0.539026,0.05527,0.204882,0.324216,0.493165,0.439507,0.066294,0.055848,0.015835,0.030233,0.124005,0.011838,0.725992,0.017827,0.037345,0.000523,0.003828,0.017844,0.018055,0.017833,0.001858
33300,998,25403,24405,24378,27,0,0,212,46.880464,28.635122,33172.853552,1196.819944,2036.299593,2029.35206,3677.12,33300,47,74,41558400.0,10803528.0207,24468.1696,31154.4288,929.2083,264.4595,31.6252,0.1683,73,0.052104,1.025543,0.497993,0.510291,1.106385,0.418633,0.741262,0.345768,0.541768,0.055388,0.204813,0.326506,0.492251,0.438916,0.066942,0.056882,0.0161,0.030075,0.12468,0.011931,0.781865,0.017958,0.03967,0.000523,0.003863,0.019388,0.019056,0.018271,0.001922
33320,1009,25433,24424,24397,27,0,0,206,45.770086,6.026908,33042.647008,1210.505814,2023.7241,2028.150791,3626.1,33320,47,74,41583360.0,10814323.9441,24489.5225,31189.9489,931.0974,277.2925,31.6252,0.1683,73,0.054509,1.027819,0.496471,0.509261,1.11086,0.418876,0.73984,0.34562,0.5397,0.055321,0.205047,0.325652,0.49236,0.441832,0.066833,0.058048,0.015899,0.029854,0.124555,0.012135,0.76257,0.017949,0.038224,0.000519,0.00389,0.018618,0.018841,0.018807,0.001894
33340,1006,25459,24453,24426,27,0,0,205,45.613522,4.92945,32865.167184,1210.201645,2024.184833,2027.23482,3596.71,33340,47,74,41608320.0,10825120.4391,24510.8754,31222.8666,932.5051,277.2925,31.6273,0.1683,73,0.05666,1.02941,0.494701,0.510094,1.113359,0.419988,0.731387,0.346332,0.538411,0.05538,0.204994,0.323893,0.493684,0.443352,0.06688,0.057084,0.016235,0.030045,0.127843,0.012114,0.724478,0.018087,0.037608,0.000512,0.003817,0.0174,0.018957,0.019138,0.001835
33360,997,25482,24485,24458,27,0,0,216,51.184806,4.031831,32778.151336,1196.121776,2032.693418,2026.509375,3620.91,33360,47,74,41633280.0,10835917.8284,24532.2283,31250.5609,932.9947,277.2925,31.6336,0.1683,73,0.055165,1.025102,0.49547,0.511193,1.118892,0.419948,0.740689,0.348283,0.538281,0.055372,0.204999,0.325438,0.493163,0.443263,0.067207,0.058198,0.016534,0.032867,0.143189,0.012225,0.757299,0.018576,0.037799,0.000511,0.003868,0.018382,0.019114,0.019552,0.001894
33380,1011,25520,24509,24482,27,0,0,217,50.816806,3.297663,32754.963054,1192.876868,2036.306327,2025.388793,3544.1,33380,47,74,41658240.0,10846717.6786,24554.2148,31280.5416,933.8392,277.2925,31.643,0.1683,73,0.052423,1.015991,0.49642,0.507433,1.119296,0.420716,0.762754,0.349937,0.5479,0.055778,0.2052,0.329833,0.4904,0.441306,0.068521,0.060209,0.016842,0.032095,0.148502,0.012983,0.849498,0.019441,0.058362,0.000548,0.003929,0.021971,0.019847,0.019997,0.002162
33400,995,25542,24547,24520,27,0,0,221,56.484649,2.697181,32766.968013,1184.180789,2039.334562,2023.373829,3596.19,33400,47,74,41683200.0,10857518.2745,24578.1099,31317.7424,935.132,277.2925,31.6548,0.1683,73,0.053266,1.014861,0.495913,0.510699,1.115014,0.41929,0.761808,0.348886,0.542352,0.055592,0.205334,0.328741,0.492191,0.441385,0.068192,0.060259,0.01619,0.034119,0.144333,0.012472,0.844951,0.018644,0.043103,0.000542,0.004006,0.021163,0.020168,0.019594,0.002103
33420,990,25571,24581,24554,27,0,0,226,56.139027,2.206043,32881.093662,1177.490993,2046.36998,2021.691484,3594.57,33420,47,74,41708160.0,10868341.4163,24602.9146,31347.3063,936.7261,277.2925,31.6548,0.1683,73,0.053535,1.019216,0.495713,0.511496,1.11313,0.417225,0.739604,0.346491,0.539353,0.055044,0.205883,0.326924,0.492808,0.44183,0.067298,0.057976,0.01606,0.033768,0.140416,0.01218,0.774117,0.018317,0.037465,0.000504,0.003926,0.020343,0.019387,0.019393,0.001981
33440,985,25592,24607,24580,27,0,0,224,49.852496,1.804338,33049.156787,1179.108704,2051.038799,2020.726297,3619.61,33440,47,74,41733120.0,10879158.8868,24627.7218,31378.2009,938.3006,277.2925,31.6548,0.1683,73,0.055838,1.018999,0.494903,0.512838,1.116026,0.416914,0.735103,0.347128,0.540218,0.055014,0.205821,0.326419,0.493778,0.442191,0.067154,0.057439,0.016261,0.035547,0.145394,0.012034,0.744896,0.018611,0.038079,0.000486,0.003954,0.019775,0.019487,0.019195,0.001957
33460,998,25626,24628,24601,27,0,0,218,50.865345,1.475781,33174.070422,1182.227401,2046.907253,2020.111621,3582.58,33460,47,74,41758080.0,10890000.0242,24652.529,31406.6949,939.1077,277.2925,31.6567,0.1683,73,0.056112,1.013496,0.493026,0.515895,1.108064,0.418596,0.748617,0.348245,0.542612,0.055185,0.205461,0.329625,0.49388,0.440133,0.067558,0.058408,0.015972,0.042966,0.129377,0.012264,0.792981,0.019611,0.042581,0.000496,0.003983,0.024984,0.019983,0.018544,0.002024
33480,1008,25655,24647,24620,27,0,0,225,48.53139,1.207051,33307.910118,1189.03527,2042.43334,2019.679314,3557.86,33480,47,74,41783040.0,10900887.9039,24677.3362,31438.8961,939.7016,277.2925,31.6567,0.1683,73,0.056548,1.009768,0.493225,0.515576,1.10599,0.419483,0.755289,0.34815,0.545958,0.055357,0.20536,0.329558,0.493149,0.43918,0.067755,0.05902,0.015785,0.043131,0.128791,0.012767,0.816098,0.019561,0.048193,0.000513,0.003965,0.024859,0.019945,0.018574,0.002058
33500,993,25674,24681,24654,27,0,0,236,53.050692,0.987256,33508.179414,1173.765148,2053.18416,2019.347446,3613.88,33500,47,74,41808000.0,10911812.0157,24702.1434,31465.6028,940.197,277.2925,31.6567,0.1683,73,0.059416,1.00917,0.492346,0.514716,1.103215,0.42031,0.761649,0.350014,0.545157,0.055326,0.205338,0.332887,0.4933,0.440363,0.068308,0.059424,0.015952,0.043949,0.128988,0.012505,0.828834,0.020661,0.043409,0.000506,0.003968,0.03173,0.020081,0.01877,0.002147
33520,994,25714,24720,24692,28,0,0,233,49.566709,0.0,33778.271226,1160.201812,2070.23148,2019.074268,3620.69,33520,47,74,41832960.0,10922704.4247,24726.9506,31495.2167,941.6894,279.5876,32.2905,0.1683,73,0.060362,1.007138,0.495063,0.514814,1.103449,0.422493,0.776255,0.352865,0.546252,0.055738,0.204674,0.333536,0.492953,0.439794,0.069163,0.060939,0.017861,0.042274,0.129639,0.013373,0.847338,0.021315,0.048301,0.000567,0.003982,0.028413,0.020693,0.019428,0.002214
33540,1012,25754,24742,24714,28,0,0,222,45.601575,0.0,34012.155166,1174.916988,2059.481436,2021.376964,3571.87,33540,47,74,41857920.0,10933618.0555,24749.1427,31533.5001,943.2244,279.5876,32.7161,0.1683,73,0.061265,1.009718,0.492108,0.514915,1.101396,0.420894,0.775234,0.35284,0.54407,0.055642,0.203952,0.333495,0.492085,0.438431,0.068968,0.060121,0.016371,0.040848,0.129283,0.012257,0.85097,0.020852,0.043391,0.000535,0.003898,0.027769,0.020127,0.01935,0.002167
33560,1012,25784,24772,24743,29,0,0,219,45.612003,0.0,34141.19368,1185.144905,2049.243092,2024.825739,3585.47,33560,47,74,41882880.0,10944521.9384,24769.5913,31575.5378,945.2515,279.6032,32.7455,0.1683,73,0.0583,1.012881,0.4914,0.518322,1.102757,0.419975,0.762575,0.350801,0.543017,0.055397,0.204138,0.329571,0.49312,0.439179,0.068583,0.058976,0.016159,0.042205,0.130027,0.012124,0.796285,0.019579,0.039349,0.000517,0.003736,0.023379,0.019654,0.019145,0.00209
33580,1006,25806,24800,24771,29,0,0,212,43.106247,0.0,34199.238853,1194.738393,2042.155359,2027.368109,3612.48,33580,47,74,41907840.0,10955420.9826,24790.0399,31614.3311,947.2339,279.6032,32.7455,0.1683,73,0.058648,1.015577,0.490514,0.518577,1.105108,0.419274,0.756404,0.350438,0.54305,0.055237,0.204282,0.330079,0.49313,0.440179,0.068194,0.058063,0.016203,0.042533,0.130016,0.012099,0.775716,0.019577,0.039556,0.000502,0.003781,0.025006,0.019462,0.018871,0.002018
33600,1021,25843,24822,24793,29,0,0,205,40.955881,0.0,34197.559339,1204.57398,2034.47014,2029.054799,3561.41,33600,47,74,41932800.0,10966343.8343,24810.4885,31650.951,948.135,279.6032,32.7455,0.1683,73,0.055828,1.015353,0.491932,0.519951,1.101454,0.419091,0.751484,0.349005,0.543538,0.055095,0.203852,0.329196,0.493544,0.440544,0.06797,0.057325,0.016192,0.0426,0.124355,0.012146,0.765994,0.019067,0.038975,0.000496,0.003706,0.024569,0.018929,0.018924,0.002002
33620,1032,25874,24842,24813,29,0,0,209,43.309471,0.0,34079.709654,1220.537203,2016.153326,2030.096584,3526.93,33620,47,74,41957760.0,10977275.048,24830.9372,31688.9861,949.105,279.6032,32.7618,0.1683,73,0.056202,1.016227,0.492548,0.521263,1.104589,0.418909,0.758718,0.350534,0.547188,0.055153,0.203603,0.329554,0.494371,0.439351,0.068373,0.058527,0.016429,0.043567,0.127758,0.012308,0.79034,0.019793,0.041994,0.000503,0.003689,0.024855,0.020296,0.018737,0.002074
33640,1028,25905,24877,24848,29,0,0,212,47.710577,0.0,33877.419612,1218.228242,2014.061182,2030.711775,3548.74,33640,47,74,41982720.0,10988222.9085,24851.3858,31727.2854,950.7222,279.6032,32.7821,0.1683,73,0.05642,1.017307,0.492785,0.52111,1.106604,0.4191,0.749868,0.350448,0.545325,0.054721,0.204701,0.327174,0.494813,0.440918,0.067867,0.056714,0.017866,0.043327,0.132639,0.012337,0.758394,0.019593,0.040187,0.000481,0.004236,0.024138,0.019671,0.018712,0.001985
33660,1028,25930,24902,24873,29,0,0,207,47.606838,0.0,33734.58129,1218.830342,2013.56282,2031.065435,3560.41,33660,47,74,42007680.0,10999172.1432,24871.8344,31758.8834,951.5673,279.6032,32.7821,0.1683,82,0.055447,1.016728,0.494509,0.519505,1.107864,0.418832,0.746024,0.349955,0.54411,0.054788,0.203985,0.327822,0.49413,0.440972,0.067788,0.056345,0.017672,0.04262,0.132718,0.012358,0.757307,0.01952,0.040262,0.00048,0.00413,0.024188,0.019585,0.018419,0.001991
33680,1028,25956,24928,24899,29,0,0,205,45.23371,0.0,33571.940023,1217.537494,2017.228796,2031.265612,3568.68,33680,47,74,42032640.0,11010115.8778,24892.283,31790.0796,952.9657,279.6032,32.7821,0.1683,82,0.055447,1.015857,0.495358,0.516584,1.105143,0.419372,0.754112,0.35,0.543887,0.054893,0.20331,0.32924,0.492757,0.441602,0.068298,0.056874,0.018045,0.042134,0.132465,0.012345,0.793539,0.019314,0.040458,0.000496,0.004144,0.025111,0.019729,0.018978,0.002066
33700,1030,25986,24956,24927,29,0,0,207,50.047016,0.0,33441.863138,1212.80533,2017.147655,2031.377918,3566.18,33700,47,74,42057600.0,11021059.7886,24912.7316,31820.7643,953.6954,279.6032,32.7821,0.1683,82,0.054369,1.011794,0.495741,0.514578,1.094887,0.421053,0.772478,0.348272,0.542616,0.055307,0.203527,0.333489,0.491382,0.438441,0.069252,0.057584,0.018102,0.041975,0.121102,0.012654,0.866837,0.018344,0.040424,0.000538,0.004192,0.028203,0.020057,0.019005,0.002216
33720,1038,26017,24979,24949,30,0,0,204,47.531746,0.0,33312.624868,1220.08525,2012.383004,2031.440614,3500.4,33720,47,74,42082560.0,11032015.6219,24933.1803,31853.5931,954.7585,279.6032,33.6353,0.1683,82,0.05395,1.009797,0.495125,0.515415,1.095983,0.420376,0.781411,0.34933,0.54642,0.055534,0.203664,0.335059,0.490227,0.439824,0.069545,0.057844,0.017509,0.042079,0.121115,0.012714,0.900052,0.018489,0.043821,0.000555,0.004216,0.03018,0.020291,0.01963,0.002262
33740,1024,26047,25023,24992,31,0,0,222,54.897288,0.0,33206.930924,1208.53837,2016.564342,2031.475518,3553.63,33740,46,74,42107520.0,11042994.7461,24953.6289,31890.0528,955.496,281.9422,34.0918,0.1683,82,0.054688,1.010554,0.494952,0.520386,1.094413,0.418636,0.767087,0.345272,0.54108,0.054834,0.20427,0.331574,0.492015,0.439474,0.068724,0.056468,0.01646,0.044979,0.111957,0.011744,0.855873,0.016558,0.037118,0.000485,0.004455,0.026124,0.019269,0.018764,0.002132
33760,1006,26066,25060,25029,31,0,0,231,57.742412,0.0,33254.734347,1192.212546,2030.045042,2033.42865,3626.86,33760,46,74,42132480.0,11053972.9847,24971.6595,31917.8625,956.5765,281.9422,34.0918,0.1683,82,0.055666,1.008942,0.49508,0.51968,1.096012,0.417481,0.769796,0.345466,0.538766,0.054869,0.204424,0.33164,0.493856,0.441013,0.068769,0.056324,0.016859,0.045918,0.110476,0.01142,0.852501,0.016772,0.03755,0.000484,0.004515,0.025729,0.019477,0.018931,0.002068
33780,1013,26094,25081,25050,31,0,0,227,52.191103,0.0,33426.129827,1192.448839,2035.360058,2034.892298,3615.22,33780,46,74,42157440.0,11064959.3978,24988.6538,31942.5075,957.7806,281.9422,34.0918,0.1683,82,0.054294,1.009952,0.495885,0.518721,1.096335,0.417082,0.772813,0.345741,0.539874,0.054948,0.204421,0.332755,0.493183,0.439979,0.068963,0.056895,0.016714,0.045435,0.11654,0.011173,0.866507,0.016868,0.038015,0.000507,0.004485,0.028341,0.019433,0.018695,0.002115
33800,1011,26118,25107,25076,31,0,0,227,50.646462,0.0,33544.423764,1198.812959,2030.540579,2035.534344,3634.77,33800,46,74,42182400.0,11075952.7321,25005.6481,31975.0549,959.4046,281.9422,34.0918,0.1683,82,0.054402,1.013479,0.492984,0.518056,1.097507,0.416292,0.76726,0.346506,0.540776,0.054909,0.204929,0.33215,0.49415,0.44111,0.068465,0.056471,0.016103,0.045545,0.116328,0.011145,0.839153,0.016849,0.037283,0.000508,0.004529,0.027991,0.020702,0.018624,0.002053
33820,1014,26148,25134,25103,31,0,0,224,53.517459,0.0,33592.79069,1199.826513,2026.656029,2035.807834,3628.65,33820,47,74,42207360.0,11086946.7067,25022.6425,32007.7472,960.5608,281.9422,34.0918,0.1683,82,0.056213,1.013414,0.491766,0.518468,1.103025,0.416238,0.775217,0.349395,0.541593,0.054615,0.204907,0.329007,0.498718,0.441855,0.068696,0.05721,0.016271,0.045836,0.120786,0.011241,0.853917,0.018281,0.036758,0.000481,0.004633,0.025241,0.023844,0.018844,0.002053
33840,1010,26169,25159,25128,31,0,0,212,47.965713,0.0,33661.484134,1201.283462,2030.750825,2035.922952,3646.82,33840,47,74,42232320.0,11097940.1782,25039.6368,32039.4414,962.1671,281.9422,34.0918,0.1683,82,0.056436,1.012248,0.493371,0.518394,1.102892,0.41738,0.780001,0.349759,0.54429,0.054727,0.204446,0.328753,0.499024,0.440928,0.068685,0.058446,0.016162,0.04434,0.121979,0.011749,0.867757,0.018225,0.041704,0.000493,0.004634,0.025602,0.024222,0.018913,0.002078
33860,1012,26193,25181,25150,31,0,0,210,45.922801,0.0,33721.198279,1202.29239,2031.784809,2035.971208,3642.64,33860,47,74,42257280.0,11108933.6538,25056.6311,32068.6562,962.7852,281.9422,34.0918,0.1683,82,0.057312,1.009455,0.492939,0.517771,1.105771,0.418407,0.785472,0.350926,0.54489,0.054993,0.203999,0.330237,0.498071,0.441557,0.068732,0.059082,0.015814,0.044153,0.123571,0.012293,0.871812,0.018817,0.041606,0.000507,0.004689,0.026257,0.02452,0.019379,0.002105
33880,1011,26222,25211,25180,31,0,0,209,45.525257,0.0,33840.370819,1192.287506,2042.187237,2035.991427,3652.87,33880,47,74,42282240.0,11119947.5011,25073.6254,32095.0725,963.1707,281.9422,34.0918,0.1683,82,0.058358,1.006241,0.495313,0.521466,1.107599,0.419915,0.801882,0.351942,0.546469,0.055219,0.205299,0.337502,0.496663,0.441877,0.069345,0.061018,0.016709,0.059097,0.122756,0.013655,0.930752,0.019221,0.042527,0.000553,0.00544,0.048203,0.023249,0.01979,0.002249
33900,1005,26250,25245,25214,31,0,0,219,46.259246,0.0,33961.781322,1189.406714,2044.334041,2035.999909,3668.81,33900,47,74,42307200.0,11130943.5816,25090.6197,32124.8629,964.8513,281.9422,34.0918,0.1683,82,0.057711,1.012926,0.493762,0.521687,1.106567,0.417536,0.793436,0.349282,0.54622,0.054996,0.20518,0.330839,0.498771,0.441968,0.069024,0.06097,0.015847,0.058182,0.12029,0.012048,0.920966,0.01837,0.043187,0.000538,0.005336,0.026099,0.025052,0.019843,0.002197
33920,1003,26274,25271,25240,31,0,0,217,46.372204,0.0,34122.033278,1190.004722,2043.623073,2036.003477,3675.36,33920,47,74,42332160.0,11141936.812,25107.614,32154.6049,965.5805,281.9422,34.0918,0.1683,82,0.05683,1.013447,0.491591,0.522409,1.10829,0.417736,0.787225,0.34823,0.543889,0.054755,0.205533,0.330417,0.498026,0.443364,0.068425,0.060319,0.015561,0.057876,0.116746,0.011991,0.890518,0.018108,0.040062,0.00052,0.005344,0.025863,0.02396,0.01984,0.002101
33940,1019,26313,25294,25263,31,0,0,218,48.289301,0.0,34211.248821,1196.475647,2035.235052,2036.004984,3617.16,33940,47,74,42357120.0,11152930.4999,25124.6084,32188.5398,965.9732,281.9422,34.0918,0.1683,73,0.055937,1.013438,0.492155,0.517712,1.107418,0.418706,0.78099,0.347305,0.542845,0.054969,0.205937,0.330202,0.4975,0.443549,0.068374,0.05936,0.015663,0.050992,0.118244,0.011948,0.881831,0.017799,0.041347,0.000533,0.005307,0.025846,0.023882,0.019728,0.002078
33960,1020,26342,25322,25291,31,0,0,222,51.164024,0.0,34286.229849,1199.935803,2028.900172,2036.005623,3612.72,33960,47,74,42382080.0,11163923.8642,25141.6027,32226.4764,966.6672,281.9422,34.0918,0.1683,73,0.057843,1.013889,0.49107,0.517054,1.109721,0.418763,0.778463,0.347312,0.544745,0.054937,0.206583,0.330653,0.497399,0.443213,0.068393,0.059718,0.015901,0.051131,0.119813,0.011915,0.880971,0.017837,0.042544,0.000528,0.005409,0.02591,0.02366,0.019672,0.002076
33980,1021,26369,25348,25317,31,0,0,227,54.535723,0.0,34281.244408,1207.070507,2018.39377,2036.005896,3614.36,33980,47,74,42407040.0,11174917.8841,25158.597,32264.6253,967.19,281.9422,34.0918,0.1683,82,0.056807,1.012231,0.491606,0.517761,1.109852,0.417555,0.776164,0.347337,0.543791,0.054622,0.206726,0.331597,0.498808,0.444051,0.068376,0.059434,0.015856,0.050667,0.121769,0.011834,0.867552,0.01816,0.041634,0.000508,0.005457,0.027418,0.024221,0.019576,0.002069
34000,1033,26404,25371,25340,31,0,0,228,51.204934,0.0,34217.401159,1214.118652,2014.676414,2036.114829,3577.55,34000,47,74,42432000.0,11185920.3946,25175.48,32298.8066,968.326,281.9422,34.3334,0.1683,82,0.058083,1.010498,0.491617,0.517037,1.104413,0.41953,0.786162,0.34875,0.54597,0.055113,0.205557,0.334992,0.496949,0.44379,0.069348,0.059833,0.016262,0.05138,0.12286,0.012771,0.899753,0.01894,0.042342,0.000564,0.005029,0.029906,0.02392,0.019754,0.002216
34020,1037,26430,25393,25362,31,0,0,225,47.154125,0.0,34122.373218,1221.025058,2011.820817,2036.26107,3565.88,34020,47,74,42456960.0,11196917.0495,25192.0776,32333.4338,968.9795,281.9422,35.0378,0.1683,73,0.057859,1.007204,0.491546,0.516685,1.101607,0.420656,0.792158,0.350309,0.54825,0.055373,0.205255,0.336397,0.494608,0.443422,0.069562,0.061007,0.01622,0.051561,0.122705,0.01284,0.919017,0.0194,0.044914,0.000575,0.005029,0.032286,0.023262,0.019735,0.002248
34040,1020,26446,25426,25395,31,0,0,228,51.403356,0.0,34062.426314,1210.977266,2017.619378,2035.663529,3633.81,34040,48,74,42481920.0,11207911.8238,25209.5527,32360.4938,969.9501,281.9422,35.3777,0.1683,73,0.057843,1.009384,0.490352,0.518351,1.102634,0.420147,0.780102,0.350048,0.546401,0.055039,0.205489,0.332979,0.496577,0.445439,0.068989,0.06006,0.015968,0.052074,0.123324,0.01258,0.869378,0.018885,0.042196,0.000533,0.005047,0.029405,0.023023,0.019612,0.002129
34060,1009,26464,25455,25424,31,0,0,234,52.014525,0.0,34102.600861,1200.866949,2027.118526,2034.260746,3675.68,34060,48,74,42506880.0,11218925.2559,25228.4979,32384.968,970.938,281.9422,35.3777,0.1683,73,0.061447,1.00971,0.489691,0.517464,1.100695,0.420768,0.780867,0.351675,0.548841,0.054938,0.205221,0.331117,0.497184,0.446617,0.068838,0.060757,0.015847,0.049503,0.124906,0.012858,0.85461,0.018966,0.042453,0.000519,0.005052,0.028342,0.0235,0.019569,0.002074
34080,1014,26493,25479,25448,31,0,0,237,49.215116,0.0,34206.373942,1196.050397,2034.734487,2032.892105,3663.03,34080,48,74,42531840.0,11229939.1364,25248.1184,32410.7543,972.1286,281.9422,35.3777,0.1683,73,0.061144,1.009021,0.490711,0.516347,1.102162,0.419709,0.777288,0.350623,0.54753,0.054939,0.205465,0.330883,0.49704,0.4461,0.068693,0.059773,0.016134,0.049258,0.126665,0.012732,0.847115,0.018958,0.043583,0.000508,0.005075,0.028162,0.023053,0.019442,0.002038
34100,1023,26531,25508,25477,31,0,0,236,48.427608,0.0,34268.149971,1199.056356,2032.516036,2031.284951,3628.77,34100,48,74,42556800.0,11240952.8703,25268.6481,32444.8383,974.3748,281.9422,35.5777,0.1683,73,0.061584,1.01167,0.491632,0.516276,1.104313,0.41859,0.778371,0.350056,0.54443,0.055274,0.204878,0.332037,0.496699,0.444534,0.068557,0.06135,0.015712,0.048477,0.123342,0.012815,0.862686,0.018933,0.042635,0.000539,0.005031,0.027919,0.023584,0.019227,0.00203
34120,1017,26559,25542,25511,31,0,0,238,51.708638,0.0,34358.595162,1196.556533,2031.73483,2029.55167,3651.04,34120,49,74,42581760.0,11251993.8799,25289.9863,32482.8492,975.4867,281.9422,35.9202,0.1683,73,0.060964,1.010166,0.491508,0.514799,1.105646,0.418597,0.786933,0.349725,0.546823,0.055347,0.20528,0.333641,0.494612,0.443285,0.069219,0.062147,0.015343,0.047699,0.127456,0.012745,0.894996,0.019694,0.042803,0.00055,0.005155,0.028573,0.023729,0.01981,0.002092
34140,1016,26587,25571,25539,32,0,0,237,52.296094,0.0,34465.658305,1198.323439,2029.380467,2028.484085,3652.73,34140,49,74,42606720.0,11263036.4394,25311.0737,32516.798,976.8288,283.3526,36.3902,0.1683,73,0.061024,1.013768,0.49217,0.51681,1.105726,0.418692,0.784734,0.350015,0.547194,0.055366,0.205884,0.331833,0.49434,0.442804,0.068992,0.061944,0.015744,0.048614,0.127319,0.012802,0.875229,0.019686,0.042634,0.000544,0.005467,0.028085,0.023708,0.019793,0.002048
34160,1016,26620,25604,25572,32,0,0,241,52.702955,0.0,34595.764492,1194.04805,2033.248995,2027.402783,3644.58,34160,49,74,42631680.0,11274109.1894,25332.4457,32549.6858,978.2251,283.3526,36.3902,0.1683,73,0.056102,1.016418,0.493074,0.517561,1.10625,0.418764,0.774543,0.348074,0.544245,0.055217,0.205945,0.330595,0.494748,0.44147,0.068271,0.06027,0.015997,0.048407,0.125242,0.012494,0.844004,0.019359,0.038193,0.000513,0.005412,0.027819,0.023471,0.019761,0.001999
34180,1022,26651,25629,25597,32,0,0,240,50.302274,0.0,34687.838424,1205.137382,2024.560344,2026.594295,3634.72,34180,49,74,42656640.0,11285184.7037,25353.8176,32588.8737,978.9891,283.3526,36.3902,0.1683,82,0.055773,1.017746,0.492486,0.517803,1.108315,0.41819,0.774985,0.347839,0.543098,0.055236,0.205493,0.330633,0.495483,0.442089,0.068145,0.05946,0.015755,0.048417,0.126876,0.0125,0.851571,0.019179,0.038057,0.000502,0.005369,0.027702,0.025758,0.019727,0.001979
34200,1028,26681,25653,25621,32,0,0,231,46.068635,0.0,34733.557679,1212.207748,2021.723617,2025.955713,3619.01,34200,49,74,42681600.0,11296260.4002,25375.1896,32625.3135,979.9736,283.3526,36.3902,0.1683,73,0.057393,1.016446,0.492373,0.517331,1.102925,0.421295,0.787783,0.350355,0.544645,0.055514,0.205269,0.331872,0.49548,0.439317,0.068754,0.060318,0.015882,0.048286,0.125624,0.01367,0.902824,0.020293,0.039572,0.000548,0.005319,0.028503,0.026412,0.019845,0.00213
34220,1030,26707,25677,25645,32,0,0,220,41.699606,0.0,34772.756471,1218.471469,2019.828925,2025.430994,3617.0,34220,49,74,42706560.0,11307370.0982,25396.5615,32660.6724,981.8561,283.3526,36.4334,0.1683,73,0.058252,1.013038,0.492659,0.52368,1.103744,0.42399,0.803992,0.351813,0.547531,0.055854,0.205265,0.333675,0.496845,0.43785,0.069502,0.062099,0.016529,0.077069,0.127475,0.01478,0.962041,0.020792,0.041958,0.000606,0.005862,0.03075,0.026974,0.019961,0.002252
34240,1026,26736,25710,25678,32,0,0,226,45.461591,0.0,34749.810252,1218.261444,2016.276965,2024.987143,3637.95,34240,49,74,42731520.0,11318460.6768,25417.9334,32695.554,982.7294,283.3526,36.4334,0.1683,73,0.059454,1.016583,0.492882,0.524142,1.102008,0.422041,0.786276,0.351452,0.545133,0.055441,0.204679,0.331001,0.4964,0.439446,0.068707,0.061846,0.016221,0.076471,0.122447,0.013325,0.892797,0.020482,0.038757,0.000549,0.005193,0.028269,0.025941,0.01978,0.002152
34260,1019,26762,25743,25711,32,0,0,232,47.780008,0.0,34783.796224,1207.114287,2025.105705,2023.183672,3657.54,34260,49,74,42756480.0,11329536.3658,25440.7856,32726.6382,983.9372,283.3526,36.4334,0.1683,73,0.058881,1.013977,0.493538,0.524292,1.103009,0.420782,0.782838,0.3514,0.544901,0.055193,0.204172,0.332147,0.495809,0.439347,0.068817,0.061159,0.016163,0.077076,0.123007,0.013123,0.892207,0.020523,0.039061,0.000535,0.005166,0.028622,0.025796,0.019683,0.002162
34280,1019,26788,25769,25737,32,0,0,234,49.696764,0.0,34860.939305,1208.883299,2021.419937,2019.809925,3654.84,34280,49,74,42781440.0,11340621.9061,25465.5737,32759.797,984.9021,283.3526,36.4334,0.1683,82,0.059863,1.01558,0.493639,0.525894,1.107068,0.421016,0.778269,0.352243,0.545066,0.055146,0.204117,0.330118,0.496127,0.440164,0.068627,0.061555,0.016931,0.077322,0.133015,0.013332,0.870571,0.020966,0.038729,0.000527,0.005149,0.026392,0.025879,0.019659,0.002122
34300,1021,26817,25796,25764,32,0,0,230,50.908654,0.0,34915.995747,1210.672932,2018.418414,2015.753006,3644.73,34300,49,74,42806400.0,11351708.0298,25491.9352,32793.2126,986.1124,283.3526,36.4334,0.1683,82,0.058766,1.015236,0.4927,0.520701,1.104458,0.421109,0.777344,0.352718,0.54521,0.055122,0.20437,0.33429,0.492431,0.440761,0.06877,0.061434,0.016646,0.065225,0.13202,0.013371,0.873485,0.021403,0.038686,0.00052,0.005105,0.031128,0.024623,0.019738,0.002185
34320,1030,26861,25831,25799,32,0,0,238,56.097569,0.0,34912.173011,1206.315245,2017.587186,2014.073078,3610.27,34320,49,74,42831360.0,11362808.8631,25516.7321,32830.0295,987.2751,283.3526,36.4334,0.1683,82,0.061165,1.015404,0.49092,0.52186,1.107839,0.419536,0.776977,0.353285,0.542752,0.054858,0.204189,0.332751,0.49483,0.443148,0.068855,0.060392,0.01643,0.065367,0.132933,0.012215,0.864265,0.021647,0.038141,0.000488,0.005125,0.030418,0.025392,0.019729,0.002189
34340,1035,26883,25848,25816,32,0,0,227,46.268284,0.0,34921.659128,1226.673988,2007.057729,2012.261934,3604.85,34340,49,74,42856320.0,11373920.3353,25541.9408,32870.9952,988.5975,283.3526,36.4334,0.1683,73,0.058937,1.013494,0.490266,0.519353,1.107506,0.418918,0.778903,0.353133,0.543726,0.054879,0.204832,0.333116,0.49391,0.444039,0.068975,0.059677,0.016744,0.063863,0.13443,0.011971,0.873317,0.021344,0.039163,0.000489,0.00573,0.030741,0.025217,0.020082,0.002159
34360,1027,26910,25883,25851,32,0,0,229,52.430001,0.0,34906.148642,1216.842472,2010.727526,2013.297238,3626.54,34360,49,74,42881280.0,11385028.5254,25564.5413,32904.5531,989.3135,283.3526,36.6775,0.1683,82,0.058423,1.012942,0.488504,0.520848,1.104931,0.418957,0.77869,0.35224,0.542481,0.05491,0.204388,0.332875,0.495143,0.442982,0.068999,0.060198,0.015236,0.063969,0.130173,0.011826,0.888615,0.021918,0.038275,0.000511,0.005373,0.030201,0.024222,0.019614,0.002221
34380,1026,26938,25912,25880,32,0,0,240,56.638676,0.0,34890.383738,1217.098956,2006.262368,2013.82406,3636.92,34380,49,74,42906240.0,11396136.8648,25587.9209,32937.5043,989.8369,283.3526,36.6833,0.1683,82,0.060429,1.014849,0.490784,0.523721,1.10513,0.418148,0.771758,0.35159,0.539341,0.054615,0.204035,0.33247,0.495396,0.443467,0.068465,0.060521,0.01543,0.064904,0.127477,0.011788,0.853414,0.020897,0.034078,0.000487,0.005328,0.03008,0.023756,0.0195,0.002163
34400,1026,26967,25941,25909,32,0,0,239,54.428858,0.0,34868.491247,1218.811569,2006.759573,2014.487196,3639.51,34400,49,74,42931200.0,11407244.427,25611.316,32971.5486,991.4358,283.3526,36.6833,0.1683,82,0.05848,1.016198,0.491923,0.522691,1.107836,0.418093,0.775622,0.351741,0.537706,0.054586,0.204643,0.333357,0.494618,0.445044,0.068327,0.060207,0.015564,0.064871,0.127133,0.011669,0.866971,0.020646,0.033545,0.000478,0.005894,0.030253,0.021991,0.019717,0.002165
34420,1035,27002,25967,25934,33,0,0,238,49.59837,0.0,34875.253299,1221.290112,2009.111518,2015.267759,3610.55,34420,49,74,42956160.0,11418366.1725,25634.711,33005.9364,992.3921,284.8423,36.9873,0.1683,73,0.057005,1.013975,0.491887,0.522291,1.108055,0.419551,0.778884,0.352849,0.537316,0.054931,0.204284,0.332516,0.494365,0.445347,0.068565,0.059954,0.016068,0.0642,0.127285,0.01182,0.871161,0.020906,0.033619,0.000506,0.005883,0.028174,0.022165,0.020154,0.002114
34440,1033,27029,25996,25963,33,0,0,244,53.256667,0.0,34849.356069,1222.685284,2004.058049,2014.829729,3613.94,34440,49,74,42981120.0,11429484.1319,25659.3715,33040.8252,993.0931,284.8423,36.9873,0.1683,73,0.057115,1.015958,0.492247,0.522426,1.109425,0.419435,0.775195,0.351443,0.536741,0.055021,0.20461,0.332694,0.492912,0.444827,0.068046,0.060221,0.016104,0.064749,0.125383,0.011819,0.860345,0.02073,0.033241,0.000504,0.005917,0.028241,0.020832,0.020078,0.002067
34460,1054,27079,26025,25991,34,0,0,249,53.770827,13.490525,34662.838058,1232.846196,1993.382977,2013.253015,3536.14,34460,49,74,43006080.0,11440599.4624,25685.0652,33084.7406,995.1456,303.1063,36.9873,0.1683,73,0.05408,1.015394,0.49267,0.523486,1.107266,0.419995,0.774729,0.34949,0.537366,0.055214,0.20441,0.332387,0.490741,0.445256,0.067868,0.061493,0.01606,0.06369,0.122472,0.012187,0.868602,0.019363,0.033386,0.000534,0.005816,0.027749,0.020468,0.020223,0.00207
34480,1056,27102,26046,26011,35,0,0,241,51.163025,11.033994,34387.052945,1254.384964,1974.452012,2014.11788,3538.06,34480,49,74,43031040.0,11451706.3575,25708.2069,33130.5755,995.9422,303.4915,37.3214,0.1683,73,0.055871,1.016157,0.492482,0.524155,1.1067,0.42079,0.774798,0.349408,0.539145,0.055191,0.204194,0.331622,0.48983,0.445407,0.068274,0.06129,0.015895,0.06388,0.124214,0.012278,0.862387,0.018967,0.035438,0.000535,0.005765,0.027858,0.019767,0.020392,0.002067
34500,1062,27137,26075,26039,36,0,0,237,50.310652,33.913539,34008.034838,1256.941176,1972.748171,2015.739357,3521.91,34500,50,74,43056000.0,11462819.728,25730.787,33168.3902,996.8342,303.4915,37.3214,0.1683,73,0.056497,1.015407,0.492907,0.524443,1.103749,0.421632,0.785655,0.351261,0.54183,0.05573,0.204581,0.334694,0.489018,0.444163,0.068568,0.062117,0.016357,0.064119,0.126051,0.012488,0.896585,0.019538,0.037248,0.000611,0.005858,0.031344,0.020091,0.02047,0.002145
34520,1051,27156,26105,26069,36,0,0,236,48.651128,27.738119,33720.185265,1255.373901,1975.974971,2017.47918,3563.41,34520,50,74,43080960.0,11473967.9518,25753.3672,33201.2446,997.5252,303.4915,37.3214,0.1683,73,0.05804,1.017206,0.492171,0.523806,1.104067,0.421238,0.788668,0.351148,0.541195,0.055799,0.205078,0.334236,0.488316,0.444855,0.068653,0.062425,0.016176,0.064302,0.12623,0.012391,0.908674,0.019645,0.036142,0.000617,0.006376,0.030576,0.020172,0.020296,0.002108
34540,1040,27176,26136,26100,36,0,0,237,55.884324,22.6872,33462.757649,1243.439149,1980.676526,2019.221634,3604.95,34540,50,74,43105920.0,11485109.034,25775.9473,33227.5776,998.137,303.4915,37.3264,0.1683,73,0.057692,1.016079,0.492337,0.524163,1.102059,0.421202,0.791143,0.351212,0.540666,0.056041,0.205742,0.33402,0.488075,0.446155,0.068631,0.062614,0.016357,0.064741,0.124852,0.012746,0.907283,0.019657,0.035563,0.000656,0.006499,0.029452,0.02032,0.020066,0.002091
34560,1025,27198,26173,26137,36,0,0,239,53.732127,14.574015,33414.50278,1222.106353,2004.16152,2020.850029,3662.97,34560,50,74,43130880.0,11496256.8863,25798.5275,33249.2644,999.3526,306.5123,37.3992,0.1683,73,0.05561,1.01565,0.494224,0.524493,1.095772,0.421511,0.799856,0.351701,0.540648,0.056216,0.205118,0.334116,0.487745,0.445502,0.068642,0.063126,0.017626,0.065476,0.123055,0.012687,0.945005,0.019417,0.035672,0.000684,0.006526,0.029843,0.020651,0.02002,0.002114
34580,1018,27229,26211,26174,37,0,0,233,51.606427,14.93424,33499.42558,1204.27914,2024.114433,2022.275948,3687.41,34580,51,74,43155840.0,11507389.236,25821.1076,33274.967,1000.5486,306.5123,37.7033,0.1683,73,0.055992,1.015743,0.495503,0.522842,1.09652,0.420774,0.803138,0.350989,0.541944,0.056405,0.205141,0.335655,0.485564,0.444632,0.068949,0.063221,0.018878,0.065415,0.121736,0.012362,0.953611,0.019532,0.035935,0.000697,0.006694,0.031231,0.020682,0.0203,0.002142
34600,1021,27255,26234,26197,37,0,0,243,53.847498,9.749604,33598.631643,1209.561216,2016.591287,2023.454855,3672.3,34600,52,74,43180800.0,11518520.5638,25843.6878,33309.2915,1001.1344,308.362,37.7322,0.1683,73,0.056807,1.013541,0.496396,0.520895,1.094646,0.422429,0.81768,0.352536,0.545834,0.056648,0.204813,0.339524,0.483633,0.442304,0.069452,0.063865,0.019175,0.064938,0.12315,0.01245,1.014804,0.019938,0.039428,0.00072,0.006725,0.034087,0.020918,0.020422,0.002255
34620,1014,27281,26267,26230,37,0,0,251,55.212006,7.974269,33682.003967,1208.109209,2016.678785,2024.383943,3705.4,34620,52,74,43205760.0,11529651.4127,25866.2679,33343.4746,1002.342,308.362,37.7322,0.1683,73,0.056213,1.01664,0.495107,0.516918,1.093596,0.421539,0.807229,0.351178,0.543075,0.056752,0.20598,0.338034,0.482911,0.442963,0.069176,0.062436,0.018738,0.047788,0.116465,0.01224,0.979192,0.019727,0.034275,0.000721,0.007085,0.032935,0.019737,0.020742,0.002196
34640,1006,27311,26305,26268,37,0,0,258,59.836151,6.52221,33819.56431,1194.507981,2025.655868,2025.088803,3740.71,34640,52,74,43230720.0,11540789.3894,25888.848,33373.9839,1002.871,308.362,37.7322,0.1683,73,0.054672,1.016442,0.492783,0.51745,1.090789,0.421441,0.793463,0.348716,0.545805,0.056245,0.206314,0.334812,0.482431,0.444886,0.068614,0.061232,0.016271,0.048161,0.11733,0.012437,0.931436,0.017542,0.036953,0.00066,0.007069,0.028388,0.01904,0.020835,0.002097
34660,1016,27342,26326,26289,37,0,0,250,51.493756,5.334561,33977.807215,1206.076347,2022.429897,2025.608222,3711.93,34660,52,74,43255680.0,11551913.5625,25911.4282,33408.1826,1003.7397,308.362,37.785,0.1683,73,0.056102,1.018455,0.491334,0.519043,1.091995,0.421414,0.791195,0.349162,0.54342,0.05587,0.206365,0.333207,0.484192,0.445104,0.068633,0.06101,0.016343,0.048034,0.118037,0.012569,0.913263,0.01751,0.03508,0.000644,0.007405,0.027993,0.018853,0.02091,0.002099
34680,1006,27362,26356,26319,37,0,0,258,55.572877,4.363174,34121.813344,1202.306841,2022.120282,2027.237251,3749.0,34680,52,74,43280640.0,11563037.9294,25932.6971,33439.2612,1004.1736,308.362,38.1528,0.1683,73,0.057654,1.018864,0.489332,0.527441,1.094132,0.421037,0.798585,0.349451,0.542478,0.055793,0.205171,0.331293,0.487889,0.444998,0.068588,0.060711,0.016303,0.079417,0.118203,0.012175,0.946302,0.017277,0.032758,0.000642,0.006751,0.022977,0.021709,0.020711,0.002091
34700,1004,27389,26385,26348,37,0,0,246,50.474434,3.56867,34312.16489,1198.400672,2031.124893,2030.68617,3766.05,34700,52,74,43305600.0,11574161.7842,25950.9066,33470.0259,1005.191,308.362,38.3397,0.1683,73,0.059761,1.020121,0.489413,0.527857,1.099788,0.420967,0.809275,0.351064,0.542527,0.055852,0.20526,0.332003,0.490606,0.446035,0.069042,0.060796,0.016807,0.079797,0.12642,0.012247,0.976587,0.017961,0.03321,0.000645,0.006842,0.023284,0.027869,0.021047,0.002155
34720,1012,27426,26414,26377,37,0,0,244,51.488809,2.91884,34499.607449,1197.107127,2031.404065,2032.729764,3748.11,34720,52,74,43330560.0,11585293.2639,25969.116,33502.9472,1006.4533,308.362,38.6333,0.1683,82,0.061265,1.021078,0.491483,0.532776,1.100121,0.420882,0.807869,0.351624,0.541415,0.055489,0.204959,0.334206,0.489869,0.445581,0.069135,0.063304,0.017148,0.085779,0.130649,0.012398,0.973584,0.018544,0.031905,0.000622,0.006748,0.024875,0.026768,0.021238,0.002193
34740,1009,27450,26441,26404,37,0,0,249,54.157479,2.38734,34660.564206,1204.087456,2021.755064,2033.837998,3747.96,34740,52,73,43355520.0,11596456.3783,25987.3255,33541.6383,1007.6878,308.362,39.4438,0.1683,82,0.059465,1.0216,0.492152,0.526862,1.09777,0.42241,0.806141,0.353029,0.543592,0.055954,0.205658,0.336931,0.48726,0.44601,0.069179,0.06367,0.01726,0.066259,0.130094,0.012399,0.959611,0.019548,0.035889,0.00065,0.006968,0.028017,0.024404,0.021471,0.002213
34760,1016,27481,26465,26426,39,0,0,237,48.991722,5.286553,34734.370862,1212.961768,2018.04651,2036.505242,3735.69,34760,52,73,43380480.0,11607600.8497,26002.7148,33575.7725,1009.1041,311.6032,40.6148,0.1683,73,0.058071,1.021776,0.490753,0.522764,1.095964,0.422488,0.806232,0.35097,0.542238,0.055999,0.206852,0.335167,0.486069,0.446525,0.068786,0.062867,0.016903,0.05393,0.124765,0.012604,0.95653,0.018377,0.034325,0.00067,0.007456,0.027229,0.024142,0.021693,0.002161
34780,1027,27515,26488,26449,39,0,0,239,50.712365,1.597063,34762.452814,1218.120456,2011.167179,2037.896796,3707.11,34780,52,73,43405440.0,11618742.2798,26017.7909,33607.2039,1010.2193,313.1625,40.9907,0.1744,73,0.059396,1.02116,0.488348,0.520746,1.101522,0.420577,0.814324,0.350848,0.541852,0.056042,0.208354,0.332576,0.485872,0.44836,0.069169,0.06134,0.017027,0.049046,0.130667,0.012229,0.978088,0.018432,0.031986,0.000698,0.008084,0.023528,0.024004,0.022734,0.002185
34800,1019,27537,26518,26479,39,0,0,244,53.797842,1.306249,34761.321659,1217.282771,2008.919387,2038.516602,3747.13,34800,52,73,43430400.0,11629885.764,26032.8669,33641.4391,1010.4247,313.1625,41.6048,0.2358,73,0.0579,1.021931,0.488771,0.520605,1.101555,0.419391,0.789269,0.349937,0.539686,0.055429,0.207404,0.331607,0.483811,0.448863,0.068346,0.060403,0.016946,0.048542,0.126216,0.011948,0.89524,0.018057,0.030026,0.000618,0.007663,0.022415,0.01758,0.02204,0.002052
34820,1025,27565,26540,26501,39,0,0,238,48.370451,1.06839,34807.408199,1221.221336,2010.408213,2038.788511,3736.17,34820,52,73,43455360.0,11641029.474,26047.9429,33672.4387,1012.0896,313.1625,41.6048,0.2358,73,0.054634,1.020119,0.489487,0.52028,1.097531,0.420231,0.783344,0.348931,0.539221,0.055383,0.207077,0.33201,0.483951,0.448117,0.067957,0.060148,0.016376,0.047277,0.122254,0.011986,0.892875,0.017873,0.029373,0.000607,0.007623,0.022978,0.017417,0.021687,0.002042
34840,1022,27596,26574,26535,39,0,0,244,55.027768,0.577768,34830.160518,1213.341904,2011.630329,2038.907418,3742.57,34840,52,73,43480320.0,11652173.184,26063.0189,33704.4046,1012.79,313.1625,41.6048,0.2358,73,0.054795,1.022756,0.491423,0.520156,1.097157,0.420954,0.790978,0.349976,0.538575,0.055602,0.207536,0.332889,0.482053,0.448386,0.067985,0.06143,0.016526,0.048917,0.120933,0.012304,0.912764,0.01809,0.029426,0.000627,0.007687,0.023524,0.017408,0.021815,0.002037
34860,1036,27628,26592,26553,39,0,0,239,49.444922,0.47256,34814.955344,1229.160545,2001.394533,2038.959528,3702.8,34860,52,73,43505280.0,11663315.6637,26078.095,33741.6438,1013.5638,313.1625,41.6048,0.2358,73,0.054054,1.022153,0.490771,0.518736,1.091629,0.420623,0.793351,0.348885,0.54049,0.055569,0.208003,0.33397,0.481599,0.446122,0.067952,0.061523,0.016479,0.048412,0.116198,0.012343,0.930002,0.017469,0.03338,0.000625,0.007783,0.023489,0.017522,0.021651,0.002032
34880,1019,27651,26632,26593,39,0,0,252,58.579449,0.38651,34774.995289,1216.792857,2004.627693,2038.98247,3769.03,34880,52,73,43530240.0,11674458.9836,26093.171,33779.6227,1014.2415,313.1625,41.6048,0.2358,82,0.054956,1.018855,0.491064,0.528117,1.090812,0.423786,0.80947,0.350009,0.539482,0.055774,0.206854,0.335779,0.483064,0.44505,0.069055,0.063725,0.016403,0.073436,0.115369,0.014769,0.987369,0.01799,0.033533,0.000645,0.007462,0.024758,0.019264,0.021459,0.002235
34900,1013,27679,26666,26627,39,0,0,258,56.073492,0.31613,34876.087355,1206.701226,2017.225282,2038.992627,3794.17,34900,52,73,43555200.0,11685601.8572,26108.247,33809.9355,1015.4402,313.1625,41.6407,0.2358,82,0.05923,1.019415,0.491556,0.531747,1.093207,0.423611,0.82034,0.350875,0.539656,0.055884,0.206695,0.336322,0.483856,0.445801,0.069516,0.064586,0.016466,0.083493,0.115516,0.014615,1.027545,0.018486,0.033875,0.00064,0.007507,0.025015,0.019964,0.021579,0.002316
34920,1027,27716,26689,26650,39,0,0,256,54.414375,0.258565,34939.67212,1213.59,2011.995625,2038.997154,3755.84,34920,52,73,43580160.0,11696744.391,26123.323,33843.5547,1015.904,313.1625,41.6407,0.2358,82,0.06037,1.019803,0.49378,0.532848,1.094797,0.422279,0.825535,0.350695,0.536516,0.055775,0.205383,0.33636,0.48611,0.445634,0.069717,0.065285,0.017979,0.083319,0.118874,0.014608,1.024927,0.018557,0.029269,0.000637,0.006916,0.024747,0.020925,0.021439,0.002342
34940,1034,27747,26713,26674,39,0,0,251,52.700333,0.211482,34911.819425,1227.478709,1999.820958,2038.999184,3744.94,34940,52,73,43605120.0,11707904.936,26138.399,33884.5598,1016.9025,313.1625,42.0111,0.2358,82,0.059961,1.020406,0.493481,0.527993,1.098987,0.421823,0.818358,0.351324,0.536737,0.05549,0.205158,0.333767,0.484725,0.446645,0.069276,0.063882,0.017835,0.063693,0.122614,0.013578,1.00268,0.018702,0.029076,0.000611,0.006855,0.023324,0.019876,0.021726,0.002229
34960,1030,27770,26740,26701,39,0,0,244,54.825286,0.172972,34848.488965,1230.119518,1995.055197,2039.000101,3771.26,34960,53,73,43630080.0,11719075.3778,26153.4751,33919.3965,1019.1895,313.1625,42.5256,0.2358,73,0.060194,1.019274,0.492247,0.52516,1.10123,0.421729,0.814144,0.352626,0.538133,0.055546,0.205813,0.332562,0.485811,0.447775,0.069015,0.062611,0.017682,0.056674,0.126424,0.013722,0.982766,0.019298,0.031411,0.000599,0.00665,0.023509,0.019991,0.021503,0.002205
34980,1026,27796,26770,26730,40,0,0,243,51.775364,3.650183,34820.82444,1222.138475,2006.086161,2038.97874,3787.07,34980,53,73,43655040.0,11730246.6279,26168.5734,33947.2657,1020.1281,321.0464,43.0167,0.2358,73,0.060429,1.01573,0.493453,0.524471,1.098657,0.421441,0.828546,0.353605,0.538498,0.056269,0.205528,0.334949,0.484277,0.447935,0.069599,0.064125,0.017646,0.055856,0.122168,0.01387,1.042796,0.02,0.030717,0.000718,0.006662,0.025717,0.020318,0.022161,0.00232
35000,1023,27825,26802,26762,40,0,0,251,53.219853,0.0,34885.982252,1211.574301,2015.205846,2038.03896,3801.35,35000,53,73,43680000.0,11741420.7395,26184.8396,33975.5503,1020.4253,323.6015,43.0167,0.2358,73,0.059629,1.014393,0.492256,0.524387,1.100041,0.421102,0.821766,0.351732,0.537522,0.056087,0.205777,0.333948,0.483482,0.446871,0.069545,0.062783,0.016861,0.055694,0.126072,0.01379,1.009841,0.0199,0.030313,0.000696,0.006634,0.025028,0.019054,0.021888,0.002227
35020,1033,27861,26828,26788,40,0,0,244,49.009569,0.0,34958.303197,1219.014958,2011.975472,2035.617812,3753.0,35020,53,73,43704960.0,11752615.2543,26203.7506,34012.0434,1022.518,323.6015,43.0167,0.2358,73,0.059051,1.016283,0.49284,0.522144,1.100084,0.421118,0.814497,0.349139,0.536739,0.056186,0.205869,0.333562,0.483611,0.446163,0.068584,0.062635,0.016665,0.050479,0.124702,0.013595,0.990611,0.017996,0.029721,0.000718,0.006549,0.024505,0.01905,0.021139,0.002132
35040,1036,27893,26857,26817,40,0,0,234,47.59801,0.0,34928.698593,1231.802401,2000.599589,2033.041352,3746.28,35040,53,73,43729920.0,11763812.112,26224.7187,34056.2451,1024.1468,323.6015,43.0901,0.2358,73,0.05695,1.020117,0.493602,0.524043,1.100769,0.421016,0.804472,0.348089,0.538127,0.055636,0.205205,0.331537,0.486926,0.445531,0.067969,0.062511,0.016963,0.050877,0.125556,0.013432,0.963612,0.017908,0.029944,0.000652,0.00609,0.022899,0.020726,0.020797,0.002046
35060,1046,27924,26878,26838,40,0,0,230,46.196865,0.0,34781.972895,1246.973254,1986.829881,2031.543151,3716.81,35060,53,73,43754880.0,11775022.5568,26246.0606,34097.1688,1024.9141,323.6015,43.0901,0.2358,73,0.056405,1.02093,0.493396,0.524345,1.098694,0.420989,0.809039,0.347994,0.537016,0.055867,0.206512,0.332475,0.486536,0.446639,0.067976,0.063672,0.017024,0.050615,0.126886,0.013427,0.967932,0.01796,0.029866,0.000663,0.006793,0.023118,0.020386,0.020657,0.002036
35080,1047,27950,26903,26863,40,0,0,233,46.283343,0.0,34605.899904,1250.963229,1982.753429,2030.769769,3712.79,35080,53,73,43779840.0,11786238.5422,26267.4025,34130.5278,1025.5007,323.6015,43.0901,0.2358,82,0.055396,1.020917,0.49401,0.525305,1.096603,0.420893,0.811006,0.347648,0.540575,0.056235,0.206102,0.333897,0.484874,0.445413,0.068095,0.064493,0.017073,0.050294,0.126731,0.013642,0.981035,0.017991,0.033517,0.000708,0.006751,0.024467,0.019379,0.020759,0.002072
35100,1036,27978,26942,26902,40,0,0,246,57.887601,0.0,34435.526009,1235.047671,1987.064729,2030.360174,3759.18,35100,53,73,43804800.0,11797432.7241,26288.7444,34161.451,1026.6429,323.6015,43.0901,0.2358,73,0.055019,1.021021,0.494365,0.523817,1.099514,0.420261,0.807298,0.348109,0.538805,0.055925,0.20626,0.333732,0.482807,0.444854,0.06807,0.065192,0.017145,0.049973,0.128063,0.013194,0.961088,0.01809,0.03073,0.000697,0.006793,0.024339,0.018721,0.020704,0.002039
35120,1040,28004,26964,26924,40,0,0,229,47.75886,0.0,34348.327559,1241.951191,1990.289949,2030.139574,3752.73,35120,53,73,43829760.0,11808627.04,26310.0862,34193.2724,1028.1873,323.6015,43.0901,0.2358,73,0.056731,1.024749,0.494135,0.522557,1.098003,0.420792,0.79938,0.346564,0.537818,0.055891,0.205323,0.33152,0.483215,0.444548,0.067882,0.065354,0.017294,0.049752,0.125955,0.013181,0.937731,0.018099,0.029778,0.000668,0.00625,0.023204,0.018708,0.020702,0.002021
35140,1037,28031,26994,26954,40,0,0,240,52.381063,0.0,34235.437709,1239.117737,1988.5012,2030.019276,3762.58,35140,53,73,43854720.0,11819832.3058,26331.4281,34226.0506,1028.7479,323.6015,43.0913,0.2358,73,0.056895,1.023764,0.494381,0.523684,1.093038,0.420512,0.804015,0.345244,0.537813,0.055671,0.205541,0.332624,0.483832,0.442592,0.068386,0.065678,0.017376,0.049805,0.123408,0.013259,0.956745,0.016663,0.031791,0.000614,0.006234,0.023245,0.018775,0.020634,0.002088
35160,1030,28057,27027,26987,40,0,0,237,50.585486,0.0,34161.369887,1236.655356,1992.759158,2029.953007,3788.54,35160,54,73,43879680.0,11831045.9892,26352.77,34261.7737,1029.9779,323.6015,43.0979,0.2365,73,0.061165,1.025975,0.493209,0.522826,1.096907,0.420702,0.804358,0.347105,0.537845,0.055672,0.204847,0.332229,0.483951,0.444165,0.068477,0.065949,0.017621,0.04957,0.126064,0.013199,0.943289,0.017436,0.031826,0.000624,0.00565,0.02349,0.019023,0.021488,0.002063
35180,1028,28086,27058,27018,40,0,0,233,53.057263,0.0,34169.835735,1227.291414,1999.651323,2029.916178,3769.73,35180,54,73,43904640.0,11842260.6799,26374.1119,34291.8771,1031.5782,323.6015,43.0979,0.2365,73,0.060311,1.025272,0.491984,0.523553,1.100294,0.419625,0.798598,0.348085,0.539076,0.05557,0.20429,0.331412,0.483865,0.44498,0.068026,0.063465,0.017459,0.049515,0.125444,0.013228,0.917002,0.017364,0.030253,0.000613,0.005293,0.023375,0.018789,0.021167,0.002016
35200,1030,28114,27084,27044,40,0,0,227,50.008024,0.0,34187.073963,1232.603044,1997.388932,2029.895548,3771.89,35200,54,73,43929600.0,11853494.6934,26395.4538,34327.9883,1031.9498,323.6015,43.0979,0.2365,73,0.059223,1.024715,0.491184,0.523424,1.096974,0.420337,0.801251,0.349259,0.540592,0.055647,0.204836,0.330786,0.482609,0.445806,0.068087,0.063436,0.017766,0.050947,0.12539,0.013153,0.922787,0.017321,0.030233,0.000609,0.00554,0.023329,0.018727,0.021595,0.002017
35220,1036,28145,27109,27069,40,0,0,225,47.740295,0.0,34181.35117,1233.443668,1998.816037,2029.883909,3758.02,35220,54,73,43954560.0,11864739.0688,26416.7956,34359.1874,1033.1226,323.6015,43.4011,0.237,73,0.057915,1.017935,0.492666,0.531705,1.099027,0.423024,0.835209,0.352032,0.544988,0.056009,0.203942,0.33654,0.482346,0.4429,0.06986,0.066172,0.0183,0.089448,0.130677,0.013955,1.035071,0.01819,0.033594,0.000656,0.005586,0.027009,0.019814,0.022248,0.002333
35240,1025,28170,27145,27104,41,0,0,230,48.578674,1.468306,34266.24698,1216.006239,2015.415087,2029.877299,3807.03,35240,54,73,43979520.0,11875998.3045,26438.1375,34385.4626,1034.3428,323.6015,43.53,0.237,73,0.059512,1.015965,0.492632,0.532518,1.099787,0.422551,0.832609,0.353221,0.543238,0.056006,0.204034,0.335392,0.483447,0.444419,0.069785,0.063908,0.017526,0.090481,0.126643,0.013802,1.034657,0.01941,0.032066,0.000655,0.005588,0.025916,0.019914,0.02192,0.002329
35260,1016,28195,27179,27138,41,0,0,227,49.475388,1.200938,34459.978906,1205.011219,2025.513393,2029.873523,3841.26,35260,54,73,44004480.0,11887242.6478,26459.4794,34414.2637,1036.0739,323.6015,43.5838,0.237,73,0.059055,1.014572,0.492999,0.526808,1.101641,0.424476,0.851386,0.354483,0.543187,0.056208,0.203652,0.335225,0.484891,0.444124,0.070456,0.064289,0.01779,0.071795,0.129325,0.013893,1.11394,0.020018,0.037181,0.000686,0.005613,0.025179,0.022351,0.022341,0.00238
35280,1023,28230,27207,27166,41,0,0,235,52.980212,0.982255,34713.159074,1202.674443,2024.345345,2028.81692,3814.24,35280,54,73,44029440.0,11898481.7244,26482.0492,34443.2759,1036.9282,323.6015,43.5838,0.237,73,0.058651,1.017326,0.492472,0.524352,1.103148,0.424774,0.840205,0.353036,0.540461,0.055984,0.204499,0.333423,0.487904,0.443953,0.069595,0.062674,0.017557,0.071816,0.129474,0.013909,1.083837,0.019628,0.033929,0.000666,0.006029,0.024461,0.025498,0.022206,0.002259
35300,1034,28263,27229,27187,42,0,0,228,48.493876,3.709216,34851.9085,1218.439672,2013.066453,2027.348393,3786.3,35300,54,73,44054400.0,11909734.0691,26505.6877,34482.4636,1038.2633,323.6015,44.0755,0.237,73,0.058027,1.018985,0.491611,0.519398,1.100439,0.426261,0.835908,0.352986,0.537579,0.05603,0.205007,0.334068,0.487744,0.444016,0.069412,0.062819,0.017499,0.051755,0.129369,0.013915,1.08291,0.019927,0.031121,0.000651,0.00651,0.024448,0.025718,0.021932,0.002244
35320,1019,28282,27263,27220,43,0,0,231,51.657299,0.0,34984.71962,1218.632756,2009.709945,2025.666572,3851.72,35320,54,73,44079360.0,11921022.5487,26530.1747,34518.9107,1039.357,325.9173,44.41,0.237,73,0.056919,1.023767,0.492655,0.519128,1.099452,0.424946,0.819355,0.351733,0.537984,0.055624,0.205158,0.332452,0.487395,0.445699,0.068768,0.061791,0.017546,0.05215,0.127502,0.013713,1.028192,0.019848,0.031388,0.000625,0.006514,0.023918,0.024291,0.022079,0.002164
35340,1014,28313,27299,27256,43,0,0,234,52.429862,0.0,35167.839351,1207.305781,2020.264357,2023.472379,3878.21,35340,54,73,44104320.0,11932311.8243,26555.8211,34552.3474,1040.7735,325.9173,44.41,0.237,73,0.057199,1.022851,0.4942,0.520639,1.097813,0.424312,0.814714,0.351822,0.53848,0.055558,0.204592,0.332929,0.487511,0.446715,0.068904,0.062963,0.018031,0.05456,0.12689,0.013731,1.011862,0.020117,0.031745,0.000627,0.005913,0.023937,0.023625,0.022009,0.002174
35360,1029,28350,27321,27278,43,0,0,234,51.227364,0.0,35335.595121,1221.46131,2007.311326,2021.251557,3827.4,35360,54,73,44129280.0,11943603.5446,26582.0889,34591.7262,1042.4609,325.9173,44.9574,0.237,73,0.058309,1.02411,0.492936,0.521515,1.098323,0.422781,0.819629,0.351845,0.539216,0.05592,0.2052,0.334101,0.484128,0.446006,0.068968,0.062752,0.017838,0.054763,0.124304,0.013487,1.013617,0.019879,0.031794,0.000715,0.00593,0.023864,0.023083,0.022006,0.002138
35380,1039,28385,27346,27302,44,0,0,234,52.51561,1.092327,35407.318069,1232.064179,1995.420211,2019.38263,3799.51,35380,54,73,44154240.0,11954908.5175,26608.3567,34633.4987,1043.3011,325.9173,45.923,0.237,73,0.056785,1.022314,0.492647,0.522003,1.094421,0.422791,0.824738,0.351705,0.538428,0.055852,0.20618,0.334525,0.484355,0.446364,0.06906,0.062752,0.017683,0.054828,0.122125,0.013455,1.01899,0.019857,0.031208,0.000702,0.006632,0.023643,0.022683,0.022464,0.002128
35400,1046,28422,27376,27332,44,0,0,234,53.140534,0.0,35361.907199,1239.930174,1986.929293,2019.486639,3780.73,35400,54,73,44179200.0,11966214.4055,26632.4076,34676.0509,1044.5249,326.682,45.9548,0.237,73,0.058317,1.023666,0.492559,0.521171,1.100648,0.42202,0.813999,0.352971,0.538995,0.055361,0.206726,0.332994,0.484686,0.446369,0.068608,0.062888,0.017434,0.053248,0.12982,0.013595,0.981457,0.020571,0.03112,0.000612,0.006637,0.023288,0.022412,0.022246,0.002082
35420,1041,28451,27410,27366,44,0,0,247,56.99757,0.0,35288.305709,1237.795664,1985.206766,2021.350108,3797.08,35420,54,73,44204160.0,11977516.9295,26653.2411,34715.3737,1045.5992,326.682,45.9548,0.237,73,0.057637,1.024466,0.492704,0.52155,1.100609,0.421323,0.816366,0.352675,0.539885,0.055657,0.207216,0.336321,0.483229,0.445706,0.06847,0.064831,0.017037,0.053209,0.130326,0.013533,0.986605,0.020097,0.031236,0.000668,0.006684,0.02636,0.01977,0.022132,0.002108
35440,1048,28484,27436,27392,44,0,0,235,50.046688,0.0,35220.116143,1245.607939,1984.345372,2027.789019,3770.48,35440,55,73,44229120.0,11988824.9091,26668.3171,34755.6856,1046.7458,326.682,45.9548,0.237,73,0.056298,1.023276,0.493357,0.521219,1.100386,0.421656,0.818469,0.35123,0.540484,0.055772,0.207569,0.335567,0.482721,0.446706,0.068843,0.064635,0.017478,0.053345,0.130667,0.013521,0.983687,0.019576,0.031216,0.000676,0.006695,0.026339,0.01962,0.022714,0.002099
35460,1043,28512,27469,27425,44,0,0,236,56.658153,0.0,35127.064923,1241.402038,1981.939809,2032.533653,3784.95,35460,55,73,44254080.0,12000152.1484,26683.3931,34793.6562,1048.4837,326.682,45.9688,0.237,73,0.056568,1.022802,0.49334,0.520567,1.095625,0.421754,0.822633,0.35056,0.541733,0.055815,0.206708,0.337132,0.482661,0.446809,0.069196,0.065401,0.01742,0.051137,0.13039,0.013727,0.997398,0.019052,0.035927,0.000683,0.006459,0.02879,0.019931,0.022962,0.002129
35480,1037,28537,27500,27456,44,0,0,228,53.478339,0.0,35097.586546,1241.016634,1985.505027,2035.526527,3803.03,35480,55,73,44279040.0,12011491.8268,26698.4691,34828.6375,1049.7122,326.682,45.9734,0.237,82,0.055931,1.024046,0.493225,0.524844,1.0937,0.421491,0.822649,0.35048,0.540385,0.055889,0.206274,0.337857,0.483702,0.444865,0.069458,0.067004,0.017548,0.055107,0.129519,0.013757,0.993392,0.018964,0.031926,0.000695,0.006439,0.028957,0.020048,0.022216,0.00222
35500,1050,28570,27520,27476,44,0,0,213,50.053821,0.0,35042.04697,1250.937411,1979.008769,2037.214665,3755.55,35500,55,73,44304000.0,12022823.4298,26713.5452,34863.0086,1050.91,326.682,45.9757,0.237,73,0.057143,1.024978,0.492314,0.522622,1.100836,0.421131,0.829656,0.351221,0.541271,0.056175,0.207266,0.337217,0.48595,0.445809,0.06955,0.065794,0.017437,0.052326,0.133573,0.013832,1.009463,0.018713,0.032203,0.000696,0.006939,0.028805,0.02272,0.022255,0.002186
35520,1037,28596,27559,27515,44,0,0,227,56.008183,0.0,34967.367902,1238.857618,1985.134199,2036.854454,3807.85,35520,55,73,44328960.0,12034138.5816,26730.2441,34898.3733,1052.5566,326.682,45.9757,0.237,73,0.056895,1.02472,0.492047,0.520137,1.096816,0.422036,0.821074,0.349228,0.540348,0.056238,0.207884,0.335266,0.486172,0.44544,0.068683,0.065211,0.016825,0.051699,0.118611,0.013613,0.987332,0.01842,0.031636,0.000696,0.007004,0.026863,0.022536,0.022117,0.002068
35540,1033,28618,27585,27541,44,0,0,231,53.089096,0.0,34956.235409,1243.246663,1983.664241,2036.121067,3827.61,35540,55,73,44353920.0,12045470.3942,26747.662,34932.9123,1054.1285,326.682,45.9757,0.237,73,0.059051,1.0255,0.492241,0.521377,1.098103,0.421997,0.82189,0.348223,0.539738,0.05624,0.207393,0.333234,0.485488,0.445982,0.068399,0.064553,0.016769,0.052571,0.118733,0.013672,0.984129,0.018111,0.031721,0.000683,0.006981,0.024388,0.022428,0.021961,0.002016
35560,1037,28647,27610,27566,44,0,0,225,50.169462,0.0,34975.216605,1241.246715,1988.583823,2035.0176,3818.21,35560,55,73,44378880.0,12056802.3162,26765.9732,34961.5257,1055.2584,326.682,45.9757,0.237,73,0.056895,1.022004,0.491691,0.519307,1.09616,0.421477,0.817791,0.347502,0.538736,0.055836,0.207472,0.332744,0.485524,0.445732,0.068147,0.063767,0.016631,0.051904,0.116184,0.013691,0.967605,0.018045,0.03156,0.000614,0.006965,0.024067,0.02136,0.02204,0.00201
35580,1035,28673,27638,27594,44,0,0,231,53.476976,0.0,35020.647878,1235.816037,1990.706988,2033.696538,3831.22,35580,55,73,44403840.0,12068140.6775,26785.188,34991.1372,1055.8228,326.682,45.9757,0.237,73,0.058937,1.021642,0.492862,0.518513,1.092887,0.422772,0.834785,0.349823,0.540475,0.056285,0.20701,0.334368,0.483663,0.445056,0.068806,0.064877,0.017205,0.05313,0.117553,0.014208,1.029009,0.020465,0.034816,0.000636,0.006926,0.024796,0.021904,0.022042,0.002142
35600,1035,28703,27668,27624,44,0,0,230,49.650924,0.0,35126.123062,1230.818869,1999.530207,2032.848371,3830.67,35600,55,73,44428800.0,12079492.3687,26804.4731,35022.1931,1057.838,326.682,46.2884,0.2407,73,0.058937,1.016369,0.493386,0.517113,1.090307,0.421932,0.841188,0.35068,0.54402,0.056305,0.206917,0.338604,0.483263,0.445757,0.069448,0.06581,0.017195,0.049412,0.11636,0.013602,1.038477,0.020796,0.039514,0.000635,0.006887,0.031826,0.022294,0.023213,0.002232
35620,1032,28739,27707,27663,44,0,0,237,53.746116,0.0,35242.1492,1224.647523,2001.606361,2031.177091,3852.14,35620,55,73,44453760.0,12090845.0017,26825.0649,35057.6202,1059.9887,326.682,46.2884,0.2407,73,0.05814,1.019071,0.4937,0.519291,1.093813,0.420454,0.818877,0.34967,0.540052,0.055649,0.206509,0.333455,0.484615,0.44726,0.068419,0.063544,0.017416,0.049281,0.118392,0.013361,0.961014,0.021028,0.032598,0.000606,0.006413,0.027189,0.020006,0.02301,0.002056
35640,1037,28773,27736,27692,44,0,0,236,51.424416,0.0,35383.118836,1226.286484,2002.2891,2028.912552,3844.2,35640,55,73,44478720.0,12102198.1073,26847.0435,35093.979,1061.5786,326.682,46.2884,0.2407,73,0.056895,1.018562,0.493954,0.518169,1.098073,0.420246,0.811773,0.350415,0.537272,0.055485,0.206602,0.33133,0.485327,0.447,0.067988,0.062648,0.017311,0.048507,0.119682,0.013541,0.942301,0.0224,0.031277,0.000602,0.006386,0.023832,0.019696,0.022788,0.001969
35660,1047,28809,27762,27718,44,0,0,240,50.284621,0.0,35483.965178,1233.184549,1996.53083,2025.387792,3820.49,35660,55,73,44503680.0,12113562.4451,26871.6678,35132.7763,1063.1548,326.682,46.2884,0.2407,82,0.058262,1.016176,0.494882,0.517825,1.096369,0.420381,0.821377,0.350797,0.536437,0.055456,0.206367,0.333481,0.483311,0.446568,0.068645,0.064774,0.017174,0.04835,0.117551,0.013515,0.973251,0.021869,0.030715,0.000603,0.006342,0.024514,0.019728,0.022762,0.00209
35680,1048,28839,27791,27747,44,0,0,233,45.507397,0.0,35547.449854,1239.659187,1994.833416,2024.717333,3820.53,35680,56,73,44528640.0,12124934.7688,26894.8117,35172.0442,1065.3817,326.682,46.2894,0.2407,73,0.057252,1.016853,0.494771,0.518119,1.097042,0.420878,0.823459,0.352062,0.536204,0.05542,0.205112,0.334799,0.482536,0.446022,0.069327,0.065451,0.017164,0.048615,0.120556,0.013539,0.986628,0.022481,0.030257,0.000606,0.00624,0.024907,0.019958,0.023014,0.002191
35700,1046,28861,27815,27771,44,0,0,229,49.31097,0.0,35549.999705,1246.539815,1984.149215,2024.765692,3838.46,35700,56,73,44553600.0,12136309.7472,26917.731,35207.7696,1066.9389,326.682,46.2969,0.241,82,0.058317,1.016695,0.494953,0.518867,1.096249,0.419914,0.822386,0.352401,0.535953,0.055371,0.204983,0.334207,0.48279,0.446478,0.069181,0.064195,0.017159,0.048646,0.120863,0.013496,0.983194,0.022477,0.030497,0.000602,0.006198,0.024628,0.019948,0.02307,0.002167
35720,1050,28891,27841,27797,44,0,0,229,48.326367,0.0,35552.939539,1242.787071,1988.886562,2024.971812,3824.8,35720,56,73,44578560.0,12147693.418,26940.6502,35235.1732,1067.474,326.682,46.2969,0.241,82,0.06,1.013701,0.495927,0.52561,1.090573,0.421294,0.841102,0.354153,0.538119,0.055588,0.204941,0.337536,0.48207,0.444606,0.069988,0.065958,0.017269,0.063951,0.120383,0.013484,1.039503,0.023243,0.032344,0.00062,0.006678,0.028298,0.020135,0.023318,0.002257
35740,1053,28926,27873,27829,44,0,0,231,45.610807,0.0,35585.297818,1243.744387,1990.644806,2025.200364,3823.18,35740,56,73,44603520.0,12159084.3872,26963.5695,35268.8029,1069.0121,326.682,46.5451,0.241,82,0.058879,1.015299,0.494468,0.526164,1.092407,0.420935,0.824512,0.35456,0.537588,0.055803,0.20485,0.334193,0.482778,0.444954,0.069242,0.064135,0.01706,0.064161,0.118254,0.013472,0.987579,0.024402,0.03071,0.000645,0.006226,0.024266,0.020079,0.022586,0.002156
35760,1050,28956,27906,27861,45,0,0,243,50.016466,28.365323,35549.660565,1244.707371,1985.276163,2025.402506,3837.55,35760,56,73,44628480.0,12170470.8829,26986.4887,35307.7851,1070.3933,326.682,46.5603,0.241,82,0.057143,1.018311,0.493857,0.523612,1.091484,0.421024,0.822113,0.353922,0.537544,0.055868,0.205851,0.334602,0.482211,0.445845,0.068894,0.063707,0.016335,0.055176,0.110436,0.01312,0.980197,0.023697,0.03079,0.000645,0.006714,0.024192,0.019824,0.022411,0.002073
35780,1060,28994,27934,27889,45,0,0,242,49.954345,23.200194,35483.659724,1250.309559,1979.736096,2025.565352,3805.65,35780,56,73,44653440.0,12181854.9762,27009.4079,35346.4088,1072.1913,326.682,46.5603,0.241,82,0.059434,1.016647,0.492996,0.524272,1.09261,0.422812,0.836641,0.355187,0.541305,0.056118,0.205504,0.333726,0.483666,0.446309,0.069392,0.063334,0.016302,0.055934,0.110692,0.01328,1.03424,0.023962,0.035455,0.000666,0.006702,0.024079,0.023042,0.022156,0.002111
35800,1056,29025,27969,27924,45,0,0,241,49.761235,18.9756,35406.541375,1249.248884,1980.989881,2029.563584,3825.41,35800,56,73,44678400.0,12193239.3886,27027.6975,35384.2488,1073.2875,326.682,46.8894,0.2432,73,0.057765,1.01629,0.492426,0.519716,1.091599,0.424327,0.839069,0.355722,0.538101,0.056453,0.206225,0.334623,0.485688,0.444433,0.069813,0.063189,0.015901,0.048773,0.110093,0.013492,1.050205,0.025034,0.031042,0.000754,0.006747,0.024808,0.025943,0.021902,0.002178
35820,1064,29059,27995,27947,48,0,0,242,48.513477,15.520275,35267.159788,1259.557731,1971.928791,2032.039886,3794.41,35820,56,73,44703360.0,12204623.8653,27045.987,35420.7386,1074.211,330.4671,47.8954,0.2432,73,0.058271,1.019427,0.491341,0.521865,1.091413,0.423895,0.829388,0.35494,0.539697,0.055986,0.206408,0.332788,0.488597,0.445551,0.069554,0.061622,0.015873,0.053012,0.110708,0.013304,1.002682,0.024985,0.031429,0.000679,0.006705,0.02414,0.025617,0.022208,0.002112
35840,1073,29098,28025,27977,48,0,0,245,51.556408,12.69414,35059.118901,1262.04697,1966.396622,2033.418063,3774.77,35840,56,73,44728320.0,12216032.212,27064.2766,35461.0771,1075.3734,330.4671,48.0468,0.2432,82,0.058714,1.014883,0.493963,0.524141,1.088003,0.424179,0.842102,0.356356,0.540042,0.056433,0.205714,0.33396,0.484817,0.443132,0.070179,0.062733,0.01611,0.056014,0.110243,0.013325,1.054804,0.025851,0.031304,0.00073,0.006652,0.025432,0.022903,0.022297,0.002238
35860,1076,29127,28051,28003,48,0,0,235,47.099772,10.382626,34819.991556,1267.832258,1965.06797,2034.139538,3768.95,35860,56,73,44753280.0,12227434.6309,27082.5661,35499.4211,1076.2868,330.4671,48.0561,0.2432,82,0.05855,1.014284,0.493999,0.523449,1.08788,0.422791,0.834684,0.352722,0.539911,0.056245,0.206672,0.332953,0.484321,0.441743,0.069891,0.062517,0.016641,0.05503,0.108641,0.013006,1.038363,0.023685,0.03105,0.000718,0.007895,0.024735,0.022998,0.021972,0.002186
35880,1076,29163,28087,28039,48,0,0,245,53.92079,8.492021,34527.562367,1267.869591,1958.20962,2034.505111,3778.67,35880,56,73,44778240.0,12238836.3762,27100.8557,35541.289,1077.773,330.4671,48.0561,0.2432,82,0.062268,1.015247,0.494135,0.523243,1.088092,0.422888,0.827912,0.350829,0.538879,0.055531,0.206821,0.331712,0.484388,0.442683,0.069519,0.062841,0.016827,0.055357,0.106012,0.012942,1.018391,0.021151,0.030517,0.000617,0.007494,0.023925,0.022208,0.021765,0.002171
35900,1067,29188,28121,28073,48,0,0,240,48.964813,6.945683,34338.744041,1265.168636,1965.866552,2034.687283,3817.95,35900,56,73,44803200.0,12250247.7036,27119.1452,35578.3351,1078.9255,330.4671,48.0561,0.2432,82,0.059981,1.016089,0.492066,0.522371,1.090964,0.424406,0.827266,0.350369,0.53963,0.055569,0.20819,0.333014,0.481455,0.444054,0.069634,0.062931,0.01713,0.058594,0.106845,0.013218,1.008612,0.020955,0.030945,0.00062,0.007926,0.026603,0.019883,0.021998,0.002166
35920,1054,29213,28159,28111,48,0,0,246,54.137942,5.680923,34249.168206,1254.776331,1971.085726,2034.777308,3870.91,35920,56,73,44828160.0,12261681.7451,27137.4348,35611.5178,1080.4348,330.4671,48.0933,0.2432,82,0.058824,1.019728,0.491744,0.522892,1.093519,0.425013,0.823733,0.348747,0.537438,0.055471,0.207833,0.331696,0.484618,0.445599,0.069259,0.063868,0.017356,0.058452,0.105504,0.013224,0.996288,0.020454,0.030552,0.000601,0.007544,0.02648,0.020427,0.022288,0.002144
35940,1053,29238,28185,28137,48,0,0,248,50.222884,4.646466,34207.742247,1256.709877,1973.067239,2034.821611,3887.94,35940,56,73,44853120.0,12273125.0917,27155.7243,35644.4217,1081.0481,330.4671,48.0933,0.2432,82,0.05698,1.021012,0.492669,0.519579,1.094656,0.424017,0.817213,0.349232,0.537543,0.055633,0.207802,0.332601,0.484725,0.447385,0.068783,0.063458,0.017422,0.056132,0.104303,0.013222,0.972803,0.020322,0.030549,0.000602,0.007534,0.026703,0.020914,0.02291,0.002078
35960,1054,29264,28210,28162,48,0,0,241,47.93411,3.800377,34153.101297,1259.301717,1972.764173,2034.84337,3880.69,35960,56,73,44878080.0,12284574.2732,27174.0139,35676.4643,1081.9727,330.4671,48.0933,0.2432,82,0.057875,1.021918,0.492393,0.518521,1.092637,0.42375,0.82004,0.348719,0.538256,0.055678,0.207894,0.333478,0.485728,0.449295,0.06887,0.063384,0.017463,0.05418,0.104378,0.013402,0.96347,0.019736,0.031202,0.000606,0.007543,0.027031,0.025028,0.023231,0.002056
35980,1052,29295,28243,28195,48,0,0,243,54.629866,3.108354,34084.956561,1252.475383,1972.894751,2034.854045,3890.3,35980,56,73,44903040.0,12296035.9497,27192.3034,35710.2265,1083.4864,330.4671,48.4343,0.2432,73,0.057985,1.018556,0.491401,0.517026,1.094717,0.422972,0.830955,0.34902,0.54064,0.056001,0.208134,0.335115,0.484986,0.451297,0.06932,0.064723,0.01721,0.053555,0.109585,0.013603,0.989993,0.019647,0.036633,0.000652,0.007653,0.027182,0.025737,0.023972,0.002068
36000,1045,29324,28279,28231,48,0,0,241,49.137047,2.542345,34132.60637,1244.350519,1986.512434,2034.859281,3924.86,36000,57,73,44928000.0,12307492.8766,27210.5929,35742.085,1086.4467,330.4671,48.4343,0.2432,73,0.058373,1.020891,0.49187,0.516289,1.098158,0.422835,0.828299,0.349336,0.538748,0.055797,0.20736,0.333062,0.48539,0.45124,0.069059,0.065699,0.017127,0.053856,0.112847,0.013535,0.987921,0.020586,0.033876,0.00065,0.007095,0.024565,0.025891,0.023837,0.002083
36020,1035,29348,28313,28265,48,0,0,254,51.195236,2.079401,34285.270776,1232.709093,1996.095671,2035.874048,3955.32,36020,57,73,44952960.0,12318950.7863,27227.7578,35772.8964,1087.4452,330.4671,48.4456,0.2437,73,0.057971,1.01954,0.492898,0.517601,1.100325,0.422424,0.833962,0.350232,0.537492,0.055843,0.2072,0.333687,0.484061,0.450006,0.069353,0.066894,0.017815,0.053706,0.114572,0.013673,1.010663,0.021108,0.031684,0.000663,0.007027,0.02492,0.026034,0.024212,0.002141
36040,1041,29381,28340,28292,48,0,0,252,51.317775,1.700757,34459.684121,1234.187026,1994.495199,2037.928839,3940.5,36040,57,73,44977920.0,12330417.7047,27242.5185,35804.6112,1089.0474,330.4671,48.4456,0.2437,73,0.057637,1.017468,0.493874,0.518673,1.096908,0.422343,0.846124,0.352888,0.539343,0.055837,0.205977,0.338679,0.48334,0.448278,0.069962,0.06872,0.018378,0.05443,0.115694,0.01381,1.054604,0.022567,0.0336,0.000671,0.006302,0.03295,0.02593,0.024019,0.002264
36060,1037,29408,28371,28322,49,0,0,252,51.494005,28.42857,34594.828176,1228.8584,1999.647595,2038.709677,3962.98,36060,57,73,45002880.0,12341861.6324,27257.3411,35836.3894,1090.0816,348.3445,48.4835,0.2437,82,0.059788,1.016767,0.493018,0.521817,1.096679,0.421636,0.848858,0.352176,0.539683,0.055748,0.205779,0.335913,0.486759,0.448384,0.06976,0.066708,0.017827,0.056258,0.116012,0.013716,1.060076,0.021557,0.033154,0.000659,0.006336,0.031415,0.028427,0.024092,0.002199
36080,1044,29442,28398,28348,50,0,0,252,53.029465,44.346062,34714.316152,1233.082592,1993.887943,2038.898599,3939.42,36080,57,73,45027840.0,12353311.6314,27272.4171,35873.574,1092.0421,371.8314,48.4835,0.2437,82,0.060345,1.016943,0.493801,0.522036,1.098501,0.42282,0.849073,0.35176,0.540967,0.055911,0.205472,0.335035,0.484941,0.446918,0.069844,0.066484,0.017958,0.058374,0.117848,0.013873,1.052314,0.021655,0.034309,0.000658,0.006324,0.03124,0.024151,0.023856,0.00218
36100,1034,29463,28429,28379,50,0,0,246,50.025203,36.270952,34859.711223,1234.829857,1995.14494,2038.968274,3979.95,36100,57,73,45052800.0,12364763.6451,27287.4931,35909.4483,1093.6306,371.8314,48.4835,0.2437,73,0.058994,1.018519,0.495267,0.521487,1.097109,0.421984,0.851054,0.350722,0.540419,0.056,0.205326,0.335598,0.48468,0.447276,0.069909,0.066256,0.018015,0.058607,0.116135,0.01392,1.068278,0.020886,0.03441,0.000662,0.006332,0.031969,0.024228,0.024099,0.002209
36120,1034,29493,28459,28409,50,0,0,240,50.216419,29.666263,35003.099567,1229.798144,1999.985438,2038.99231,3981.5,36120,57,73,45077760.0,12376200.715,27302.5691,35941.6663,1095.3092,371.8314,48.4835,0.2437,73,0.059961,1.018983,0.494206,0.520444,1.097157,0.421348,0.845105,0.351184,0.540389,0.05593,0.20663,0.333881,0.483716,0.448339,0.069543,0.065414,0.017361,0.057843,0.117033,0.014028,1.051796,0.021199,0.032882,0.000653,0.007301,0.029465,0.022945,0.023903,0.002177
36140,1032,29516,28484,28434,50,0,0,232,48.128388,24.264242,35165.36608,1233.903696,1997.967916,2038.999781,3973.92,36140,57,73,45102720.0,12387637.6816,27317.6451,35974.2496,1096.5331,371.8314,48.6192,0.2437,73,0.060078,1.021062,0.49324,0.519704,1.097902,0.421541,0.835225,0.351003,0.539289,0.055785,0.207557,0.3329,0.483304,0.449373,0.069167,0.065576,0.017109,0.055357,0.118329,0.014078,1.003956,0.021397,0.032813,0.000657,0.007365,0.028998,0.021529,0.023652,0.002085
36160,1034,29542,28508,28458,50,0,0,227,48.460332,19.845892,35335.779754,1233.61826,1997.921408,2039.001632,3975.34,36160,57,73,45127680.0,12399087.4966,27332.7212,36003.3517,1097.8171,371.8314,50.0384,0.2437,73,0.05706,1.021069,0.492551,0.522241,1.095379,0.419981,0.837325,0.349563,0.538706,0.055571,0.207271,0.333211,0.482496,0.450475,0.069296,0.065108,0.017262,0.057002,0.114882,0.013691,1.010949,0.020255,0.032479,0.000653,0.007295,0.028844,0.020796,0.023753,0.002097
36180,1038,29583,28545,28493,52,0,0,231,53.421334,16.232093,35441.819916,1226.484192,2000.094474,2039.001784,3955.36,36180,57,73,45152640.0,12410539.0579,27347.7972,36037.6458,1099.3357,391.1152,51.1139,0.2437,73,0.05684,1.021039,0.491704,0.520789,1.087109,0.421555,0.85602,0.349882,0.538431,0.05573,0.20723,0.335383,0.482319,0.449468,0.07011,0.065289,0.017577,0.056752,0.113558,0.013776,1.085482,0.020345,0.033944,0.00067,0.007392,0.03006,0.021268,0.023417,0.002236
36200,1049,29619,28570,28518,52,0,0,223,44.971264,13.276341,35590.405536,1238.961944,1996.066792,2039.001544,3919.36,36200,57,73,45177600.0,12421991.0598,27362.8732,36078.4353,1100.6327,391.1152,51.2735,0.2437,73,0.058151,1.019873,0.491795,0.521671,1.09174,0.423311,0.858348,0.352042,0.536821,0.055896,0.20561,0.335548,0.484305,0.447759,0.070298,0.065496,0.017358,0.056582,0.116514,0.014811,1.08567,0.022737,0.032398,0.000691,0.007067,0.026792,0.021945,0.02331,0.002277
36220,1057,29643,28586,28533,53,0,0,220,41.280745,10.858812,35600.982986,1256.880864,1981.838391,2039.001295,3899.88,36220,57,73,45202560.0,12433443.8775,27377.9492,36114.2381,1101.503,392.4207,51.8608,0.2437,82,0.057711,1.018565,0.492902,0.522319,1.094588,0.423338,0.853525,0.351406,0.53493,0.055837,0.20587,0.334877,0.484136,0.446608,0.070212,0.06559,0.017421,0.055556,0.117736,0.014926,1.079111,0.022812,0.031428,0.000686,0.007033,0.026449,0.021611,0.02329,0.002266
36240,1066,29679,28613,28560,53,0,0,217,44.358023,8.881497,35572.3714,1255.547626,1980.094351,2039.001119,3864.27,36240,57,73,45227520.0,12444896.2389,27393.0253,36147.3391,1102.6012,392.4207,51.8619,0.2437,82,0.058161,1.015333,0.492263,0.530353,1.094193,0.42484,0.862909,0.35156,0.536658,0.056089,0.204659,0.336192,0.484105,0.445067,0.07082,0.067936,0.017373,0.07919,0.117293,0.015116,1.105924,0.022264,0.032318,0.000778,0.006026,0.026613,0.02191,0.023608,0.002395
36260,1084,29719,28635,28582,53,0,0,219,47.940824,7.264238,35361.722969,1276.850985,1955.208191,2039.00101,3814.12,36260,57,73,45252480.0,12456355.5414,27408.1013,36189.7909,1103.4884,392.4207,51.8987,0.2437,82,0.059041,1.019075,0.491942,0.529958,1.088127,0.423891,0.8423,0.35017,0.536579,0.055765,0.205666,0.335686,0.484103,0.445647,0.069932,0.065784,0.017152,0.077201,0.112976,0.01445,1.02666,0.022009,0.031695,0.000679,0.007761,0.025945,0.021059,0.02305,0.002247
36280,1080,29750,28670,28616,54,0,0,219,48.962623,5.941471,35037.131455,1283.597257,1947.44012,2039.33348,3834.19,36280,57,73,45277440.0,12467822.6527,27422.6693,36233.1187,1104.7561,393.1757,52.759,0.2437,82,0.060185,1.022311,0.489783,0.524822,1.093395,0.422362,0.828926,0.348958,0.537145,0.055399,0.206059,0.333016,0.48589,0.446308,0.069103,0.063459,0.016767,0.054259,0.12053,0.013566,0.991397,0.021882,0.030746,0.000614,0.007717,0.024068,0.021055,0.022787,0.002075
36300,1066,29769,28703,28649,54,0,0,216,45.8378,4.85957,34774.033491,1281.221629,1952.940571,2039.138383,3892.85,36300,57,73,45302400.0,12479289.1419,27437.7453,36270.3233,1105.8232,393.1757,52.759,0.2437,82,0.060038,1.022523,0.489474,0.524449,1.093685,0.424077,0.83309,0.349279,0.538691,0.055734,0.205934,0.332395,0.485083,0.446032,0.069094,0.063094,0.016894,0.055285,0.121628,0.013764,1.006853,0.022021,0.030988,0.000619,0.008335,0.02432,0.021221,0.022762,0.002076
36320,1057,29805,28748,28693,55,0,0,216,52.13648,17.022008,34550.171186,1262.149313,1965.714207,2039.057882,3929.37,36320,57,73,45327360.0,12490755.603,27452.8213,36304.1315,1107.8195,403.7028,52.7764,0.2437,73,0.057711,1.021513,0.489264,0.524455,1.098578,0.424657,0.837374,0.34966,0.542715,0.055783,0.205787,0.332599,0.484802,0.445664,0.069315,0.063681,0.016974,0.056499,0.124618,0.013876,1.02329,0.02178,0.036555,0.000626,0.008407,0.024283,0.02125,0.02262,0.002102
36340,1056,29832,28776,28721,55,0,0,217,48.188767,13.922419,34453.938497,1263.066209,1968.745025,2039.024535,3935.25,36340,57,73,45352320.0,12502234.5526,27467.8974,36336.6183,1109.1475,403.7028,52.7764,0.2437,73,0.057765,1.020733,0.48988,0.523378,1.095938,0.424354,0.847739,0.349511,0.540651,0.055886,0.206163,0.333942,0.486763,0.44545,0.069546,0.065579,0.016993,0.056677,0.11725,0.013828,1.063833,0.021477,0.035916,0.000632,0.008569,0.024462,0.023705,0.022394,0.002156
36360,1049,29857,28808,28753,55,0,0,215,48.166851,11.387243,34449.783494,1251.404476,1980.428673,2039.010699,3961.38,36360,57,73,45377280.0,12513701.2088,27482.9734,36363.5014,1110.1415,403.7028,52.8507,0.2437,82,0.057197,1.018912,0.491699,0.522384,1.095138,0.423103,0.850681,0.348385,0.537735,0.055837,0.20627,0.335585,0.485603,0.446297,0.069912,0.066429,0.017436,0.055755,0.115739,0.013476,1.079788,0.021088,0.032536,0.000636,0.0086,0.02534,0.023801,0.023219,0.002204
36380,1050,29887,28837,28782,55,0,0,219,52.585744,9.313705,34481.979333,1246.37695,1981.037306,2039.004955,3945.52,36380,58,73,45402240.0,12525167.7656,27498.0494,36392.4081,1111.6814,403.7028,52.8715,0.2437,82,0.057143,1.018555,0.492202,0.523233,1.094086,0.424486,0.846144,0.348324,0.536492,0.055701,0.207153,0.33273,0.488581,0.445222,0.069981,0.064984,0.017439,0.056646,0.117587,0.013638,1.058679,0.021342,0.032153,0.000633,0.008587,0.02472,0.02779,0.022778,0.002199
36400,1042,29911,28869,28814,55,0,0,230,56.979967,7.617744,34584.767824,1239.569386,1983.450646,2037.921386,3973.55,36400,58,73,45427200.0,12536650.8776,27514.4585,36424.9155,1112.7455,403.7028,52.8715,0.2437,82,0.058541,1.017761,0.493295,0.526,1.09489,0.423952,0.844859,0.34669,0.535883,0.055492,0.207596,0.331318,0.487511,0.445868,0.069848,0.064633,0.017573,0.057421,0.116222,0.013699,1.050527,0.020917,0.031217,0.000634,0.008622,0.024235,0.027084,0.022584,0.002206
36420,1033,29937,28904,28849,55,0,0,228,56.29784,6.230605,34764.404225,1230.869298,1992.832862,2035.418684,4002.96,36420,58,73,45452160.0,12548123.6903,27533.6523,36456.2658,1113.3495,403.7028,52.8761,0.2437,82,0.059051,1.018496,0.493574,0.526288,1.097901,0.424494,0.854038,0.348446,0.536721,0.055856,0.206463,0.33174,0.48803,0.445561,0.07036,0.065251,0.017573,0.058292,0.116476,0.013919,1.079431,0.02238,0.031729,0.000664,0.007339,0.024989,0.029634,0.022779,0.002289
36440,1038,29971,28933,28878,55,0,0,231,56.209569,5.096055,34943.503619,1229.711232,1994.0792,2032.482289,3986.23,36440,58,73,45477120.0,12559612.4039,27555.2692,36488.3956,1114.7228,403.7028,52.8761,0.2437,82,0.057803,1.02077,0.492371,0.526034,1.095314,0.42564,0.84354,0.348453,0.536707,0.055595,0.206483,0.330957,0.488202,0.444242,0.070023,0.064329,0.017065,0.058319,0.11192,0.014195,1.060311,0.024243,0.031365,0.000646,0.007291,0.024327,0.029608,0.022898,0.002251
36460,1027,29992,28965,28910,55,0,0,241,58.903548,4.168099,35185.286812,1223.75681,1997.339642,2030.726833,4039.77,36460,58,73,45502080.0,12571111.4866,27577.3249,36524.4212,1115.8714,403.7028,52.8761,0.2437,82,0.057449,1.017925,0.492159,0.524006,1.095639,0.426032,0.853767,0.3497,0.540909,0.055851,0.206024,0.330921,0.488648,0.443598,0.07045,0.064855,0.017113,0.058383,0.112582,0.014398,1.10016,0.02442,0.038517,0.000671,0.006878,0.024527,0.029935,0.023353,0.002305
36480,1035,30025,28990,28935,55,0,0,239,60.903881,3.388694,35417.665232,1228.361714,1990.734405,2029.331062,4021.13,36480,58,73,45527040.0,12582636.7025,27599.9028,36558.9281,1116.5958,403.7028,52.8872,0.2437,82,0.058937,1.016602,0.492284,0.52469,1.093757,0.424934,0.846983,0.348815,0.534697,0.055796,0.20633,0.331087,0.487631,0.443118,0.070152,0.064808,0.016764,0.05751,0.107014,0.014324,1.084441,0.024027,0.030442,0.000682,0.006831,0.024193,0.029049,0.023028,0.002284
36500,1046,30065,29019,28963,56,0,0,229,50.259133,2.461935,35638.498424,1230.500532,1999.240335,2027.754394,3987.05,36500,58,73,45552000.0,12594143.7002,27623.6433,36595.3252,1117.8104,405.0095,53.5296,0.2437,82,0.059273,1.015079,0.491143,0.524664,1.095844,0.425489,0.853665,0.349778,0.535091,0.055922,0.206851,0.331888,0.488749,0.443333,0.070482,0.065844,0.016903,0.054363,0.110538,0.015099,1.086363,0.024452,0.030484,0.000714,0.006912,0.024295,0.029629,0.023138,0.00231
36520,1054,30097,29043,28987,56,0,0,225,53.411409,2.013633,35805.634631,1242.282239,1984.306351,2026.120139,3961.6,36520,58,73,45576960.0,12605707.2376,27648.3898,36636.8486,1118.8798,405.0095,54.0349,0.2437,82,0.060721,1.012778,0.488836,0.525326,1.095977,0.425961,0.863983,0.350434,0.537587,0.056439,0.206429,0.3327,0.490038,0.443677,0.070771,0.067021,0.017005,0.056721,0.110485,0.015178,1.109047,0.023549,0.031424,0.000773,0.006906,0.024605,0.0298,0.023382,0.002337
36540,1058,30125,29067,29010,57,0,0,224,47.882736,1.646965,35840.488881,1253.852009,1978.265255,2024.99445,3957.12,36540,58,73,45601920.0,12617243.8704,27673.4262,36675.4766,1119.7573,411.5089,54.7552,0.2437,82,0.060491,1.012926,0.486963,0.524754,1.09583,0.427372,0.868933,0.351899,0.541821,0.056425,0.206236,0.333319,0.490313,0.445402,0.071328,0.068531,0.016967,0.05716,0.116472,0.015401,1.126106,0.024111,0.033112,0.000759,0.006885,0.024884,0.031092,0.023732,0.002394
36560,1060,30158,29098,29041,57,0,0,228,50.173545,1.169414,35831.319408,1252.314586,1977.51187,2024.325441,3951.83,36560,58,73,45626880.0,12628756.6343,27698.4627,36708.9207,1120.4223,411.5089,54.7552,0.2437,82,0.063208,1.013754,0.486288,0.525724,1.09666,0.425464,0.876302,0.350797,0.541163,0.056093,0.206498,0.332906,0.49443,0.445035,0.071109,0.069412,0.017441,0.060935,0.113897,0.01523,1.145772,0.021576,0.03225,0.000689,0.00684,0.024621,0.033786,0.023425,0.002354
36580,1064,30186,29122,29065,57,0,0,224,47.028357,0.956472,35776.718392,1261.041745,1971.929898,2023.918144,3945.64,36580,58,73,45651840.0,12640267.5317,27723.4991,36745.3096,1120.8351,411.5089,54.7645,0.2437,82,0.06297,1.015935,0.486177,0.527938,1.095908,0.424349,0.870153,0.351026,0.542437,0.055781,0.206426,0.332389,0.49418,0.446051,0.070727,0.069873,0.017398,0.067111,0.113239,0.014703,1.117048,0.021636,0.032718,0.000664,0.006852,0.024422,0.031178,0.023657,0.002343
36600,1069,30216,29147,29090,57,0,0,218,46.428032,0.782305,35662.379358,1266.566512,1967.005456,2023.666548,3937.86,36600,58,73,45676800.0,12651778.9563,27748.5356,36780.2955,1121.9804,411.5089,54.7645,0.2437,82,0.062675,1.018409,0.486033,0.527421,1.097156,0.42474,0.875566,0.351957,0.542127,0.055573,0.206586,0.33267,0.494279,0.447685,0.070976,0.071001,0.017492,0.066988,0.115106,0.014714,1.126687,0.022165,0.032574,0.000641,0.007461,0.024521,0.03168,0.023869,0.00233
36620,1073,30251,29178,29121,57,0,0,224,48.820446,0.639853,35516.222923,1271.455523,1959.724031,2025.189876,3932.3,36620,58,73,45701760.0,12663297.1524,27771.6345,36818.0847,1123.1065,411.5089,54.7645,0.2437,73,0.06151,1.019903,0.486904,0.525195,1.097942,0.425012,0.867254,0.350906,0.542756,0.055679,0.209543,0.332928,0.490248,0.448285,0.070943,0.070973,0.017681,0.061782,0.116009,0.014784,1.088115,0.021495,0.032492,0.000643,0.01123,0.024718,0.026858,0.024142,0.002254
36640,1069,30277,29208,29151,57,0,0,233,52.607338,0.52334,35371.099065,1269.426879,1957.965784,2026.768999,3951.43,36640,58,73,45726720.0,12674823.3348,27793.6901,36852.8068,1124.0712,411.5089,54.7725,0.2437,73,0.060804,1.017755,0.488892,0.521354,1.100788,0.425327,0.873663,0.352614,0.542793,0.056316,0.208985,0.334711,0.486932,0.447055,0.071092,0.07105,0.018267,0.058186,0.118458,0.014712,1.116747,0.022361,0.032537,0.000754,0.011182,0.026177,0.026968,0.024062,0.002273
36660,1080,30320,29240,29183,57,0,0,231,53.74235,0.428043,35162.318741,1268.745069,1957.512582,2027.641407,3908.95,36660,58,73,45751680.0,12686348.1752,27815.7458,36891.4336,1125.5441,411.5089,54.7725,0.2437,73,0.059259,1.0169,0.490966,0.523211,1.094287,0.425179,0.875847,0.353096,0.542025,0.056533,0.208708,0.335345,0.483805,0.447208,0.071063,0.070651,0.018641,0.059143,0.114884,0.014125,1.128896,0.022866,0.032609,0.000752,0.011063,0.026541,0.025061,0.024546,0.002312
36680,1077,30341,29264,29207,57,0,0,226,44.22858,0.3501,34977.585384,1279.970881,1955.800539,2028.978239,3932.38,36680,58,73,45776640.0,12697887.3799,27836.8691,36932.7098,1126.77,411.5089,54.7725,0.2437,82,0.059424,1.01812,0.492871,0.522648,1.095714,0.424951,0.874763,0.352556,0.541539,0.056551,0.20866,0.335256,0.481644,0.446959,0.07101,0.069876,0.018748,0.05903,0.115273,0.014173,1.134221,0.022658,0.032746,0.00075,0.011126,0.026429,0.023677,0.024356,0.002301
36700,1063,30362,29299,29242,57,0,0,227,47.90434,0.286349,34812.937766,1272.179761,1959.915899,2031.491456,3991.18,36700,58,73,45801600.0,12709435.5653,27855.1954,36964.837,1128.3448,411.5089,54.7725,0.2437,73,0.058325,1.02012,0.493107,0.52346,1.094756,0.423339,0.848403,0.350459,0.542448,0.055911,0.206547,0.33186,0.482843,0.445967,0.069962,0.068526,0.018162,0.059395,0.11175,0.014024,1.057437,0.021942,0.032873,0.000688,0.008532,0.024374,0.023314,0.024076,0.002183
36720,1059,30386,29327,29270,57,0,0,227,49.401331,0.234207,34803.096211,1262.846393,1967.752277,2032.639032,4015.65,36720,58,73,45826560.0,12720988.1738,27873.5217,36990.1532,1128.953,411.5089,54.7725,0.2437,73,0.05949,1.019177,0.492398,0.522288,1.094961,0.423731,0.845152,0.349941,0.541665,0.055941,0.206202,0.33249,0.481172,0.447825,0.070191,0.06932,0.01826,0.058367,0.111535,0.014273,1.04594,0.021777,0.032689,0.000694,0.00864,0.024824,0.020176,0.024695,0.002158
36740,1053,30420,29367,29310,57,0,0,242,52.192147,0.0,34881.793736,1245.55938,1982.248473,2033.135468,4045.3,36740,58,73,45851520.0,12732543.1473,27891.848,37023.1788,1130.9513,411.5089,54.7725,0.2437,73,0.058879,1.015276,0.492519,0.520548,1.095225,0.424193,0.856803,0.351327,0.540541,0.055957,0.20673,0.334076,0.481689,0.447813,0.071084,0.069156,0.018634,0.058502,0.112167,0.014035,1.090673,0.022576,0.033675,0.000704,0.010115,0.025389,0.020527,0.024691,0.002261
36760,1051,30444,29393,29335,58,0,0,239,51.884847,0.0,35017.37095,1248.426885,1979.688267,2033.345132,4058.04,36760,58,73,45876480.0,12744112.676,27910.1743,37054.9786,1131.3575,412.8921,55.0534,0.2437,73,0.058991,1.016837,0.491733,0.522265,1.091496,0.424653,0.8647,0.352044,0.538852,0.055998,0.207015,0.33453,0.48164,0.448741,0.071436,0.069091,0.01885,0.059299,0.111206,0.014221,1.110448,0.022602,0.033531,0.000705,0.010555,0.025495,0.020567,0.024899,0.002284
36780,1052,30477,29425,29367,58,0,0,234,53.881052,0.0,35164.259659,1242.417689,1983.701258,2033.432757,4062.81,36780,58,73,45901440.0,12755702.8809,27928.5006,37087.552,1132.9142,412.8921,55.0534,0.2437,82,0.058935,1.015611,0.49126,0.522625,1.092459,0.425176,0.868114,0.349094,0.54092,0.055577,0.207646,0.333681,0.48367,0.44923,0.071624,0.06866,0.018499,0.060164,0.111688,0.01461,1.132458,0.019813,0.033903,0.000652,0.01065,0.02571,0.02296,0.024979,0.002331
36800,1056,30507,29451,29393,58,0,0,225,46.323416,0.0,35375.80402,1249.099103,1984.577481,2033.469204,4044.25,36800,58,73,45926400.0,12767334.6689,27946.8269,37123.0531,1133.8471,412.8921,55.0534,0.2437,82,0.056818,1.012623,0.495314,0.52153,1.093274,0.426345,0.883493,0.34865,0.539873,0.055896,0.208475,0.338362,0.481673,0.448822,0.072555,0.06918,0.021772,0.059862,0.110054,0.015063,1.180315,0.01966,0.034282,0.00067,0.012264,0.029897,0.023423,0.025462,0.002432
36820,1057,30541,29484,29426,58,0,0,236,53.505848,0.0,35571.901803,1243.762964,1982.731188,2033.484324,4045.9,36820,58,73,45951360.0,12778985.4713,27965.1532,37157.2618,1134.9138,412.8921,55.0534,0.2437,82,0.053926,1.013433,0.493707,0.520359,1.092477,0.425953,0.877132,0.34661,0.539225,0.055905,0.207048,0.337457,0.484204,0.447614,0.072191,0.067678,0.021153,0.058441,0.109292,0.014679,1.16418,0.019284,0.033212,0.000671,0.010372,0.028466,0.024238,0.024777,0.002412
36840,1060,30568,29508,29450,58,0,0,226,52.447197,0.0,35777.822151,1253.006676,1974.546127,2033.490584,4039.38,36840,59,73,45976320.0,12790659.9067,27983.4795,37194.4902,1135.7284,412.8921,55.0534,0.2437,73,0.05283,1.014976,0.491088,0.519118,1.094267,0.426231,0.872508,0.346664,0.541061,0.055814,0.206888,0.335711,0.485392,0.448907,0.071918,0.067228,0.018631,0.0578,0.116532,0.014599,1.154254,0.019548,0.033963,0.000655,0.010365,0.026562,0.024623,0.024647,0.002374
36860,1060,30591,29531,29473,58,0,0,228,49.729168,0.0,35902.241268,1261.851359,1968.419473,2033.493171,4046.76,36860,59,73,46001280.0,12802336.5359,28001.8058,37229.9801,1136.3235,412.8921,55.0534,0.2437,73,0.05283,1.014414,0.490014,0.520732,1.093936,0.425509,0.860025,0.34572,0.540982,0.055453,0.207009,0.333579,0.487632,0.448579,0.071666,0.066383,0.018215,0.058445,0.11433,0.014493,1.112027,0.019085,0.032956,0.000634,0.009932,0.025715,0.024975,0.024398,0.002326
36880,1073,30629,29556,29498,58,0,0,222,47.415985,0.0,35954.310701,1266.638198,1965.945816,2033.494237,3997.54,36880,59,73,46026240.0,12814006.109,28020.1321,37263.8487,1137.5695,412.8921,55.4253,0.2437,73,0.053122,1.012905,0.488304,0.518714,1.099074,0.428016,0.852462,0.345868,0.544553,0.05538,0.208429,0.334497,0.484312,0.449304,0.0716,0.067115,0.018126,0.058865,0.118886,0.01619,1.094557,0.018894,0.036409,0.000651,0.010268,0.028581,0.021497,0.024401,0.002309
36900,1066,30657,29591,29531,60,0,0,231,53.788247,0.0,36047.69981,1260.823843,1965.38791,2033.494674,4019.06,36900,59,73,46051200.0,12825720.9503,28038.4584,37298.5209,1138.5117,420.7546,56.5926,0.2437,82,0.055347,1.01092,0.49005,0.522448,1.099615,0.427794,0.868205,0.34801,0.545662,0.055881,0.207638,0.336736,0.48483,0.449484,0.072347,0.067701,0.018395,0.06239,0.121497,0.015686,1.131519,0.019865,0.03714,0.000708,0.009961,0.029504,0.022284,0.024673,0.002432
36920,1066,30694,29628,29567,61,0,0,236,53.943849,22.103105,36158.06548,1252.588366,1973.467785,2033.494853,4024.33,36920,59,73,46076160.0,12837437.9052,28056.7847,37332.0892,1140.654,444.6753,56.6475,0.2437,82,0.055347,1.011889,0.489434,0.521766,1.09619,0.428364,0.857501,0.345497,0.542051,0.055495,0.207962,0.335586,0.483485,0.450273,0.071925,0.066939,0.018372,0.061173,0.11837,0.01569,1.09936,0.018941,0.033895,0.000677,0.009903,0.028027,0.020782,0.02439,0.002416
36940,1064,30721,29657,29596,61,0,0,217,47.965463,11.391847,36373.562905,1255.522647,1976.51189,2033.494925,4030.86,36940,59,73,46101120.0,12849156.0866,28075.111,37368.6702,1142.55,449.4031,56.6637,0.2437,82,0.055451,1.011936,0.487706,0.522084,1.095462,0.429314,0.847186,0.343923,0.539933,0.055036,0.208592,0.333221,0.484021,0.450329,0.071426,0.066049,0.017929,0.061161,0.117357,0.015962,1.070369,0.017922,0.033489,0.000627,0.009886,0.026341,0.020607,0.023993,0.002273
36960,1068,30756,29688,29627,61,0,0,213,48.952698,0.0,36512.030158,1262.08263,1968.964672,2033.838283,4027.68,36960,59,73,46126080.0,12860883.1565,28093.0097,37408.4414,1144.2066,457.3447,56.6637,0.2437,82,0.05618,1.015832,0.487678,0.52303,1.098608,0.429847,0.843982,0.344295,0.541312,0.054983,0.209292,0.331951,0.483789,0.451389,0.071293,0.066655,0.017808,0.063283,0.11666,0.015945,1.064206,0.017908,0.0334,0.000631,0.009975,0.026376,0.020781,0.024305,0.002252
36980,1086,30794,29708,29647,61,0,0,212,49.889988,0.0,36556.060514,1279.279365,1950.830647,2033.674075,3965.95,36980,59,73,46151040.0,12872640.7993,28111.2556,37450.2062,1145.2471,457.3447,56.6637,0.2437,82,0.05709,1.01295,0.488871,0.524215,1.098119,0.429333,0.841243,0.342926,0.540743,0.054743,0.209711,0.331826,0.483807,0.450831,0.071188,0.066619,0.018115,0.064186,0.114089,0.016136,1.06315,0.017166,0.032975,0.000622,0.009882,0.0264,0.020612,0.024391,0.002251
37000,1086,30820,29734,29672,62,0,0,209,49.665672,0.0,36541.868126,1284.456156,1945.878173,2033.569175,3971.59,37000,59,73,46176000.0,12884420.476,28129.5819,37485.4614,1145.6689,458.4261,57.0037,0.2437,82,0.056169,1.007149,0.489679,0.521095,1.096405,0.431718,0.862615,0.345177,0.543464,0.055354,0.210391,0.334083,0.482984,0.451185,0.072197,0.068923,0.018567,0.061258,0.113213,0.017403,1.127562,0.018515,0.035994,0.000685,0.010046,0.02742,0.02204,0.025291,0.002341
37020,1087,30856,29769,29707,62,0,0,209,50.760253,0.0,36560.498995,1276.428802,1952.810946,2033.52576,3965.28,37020,59,73,46200960.0,12896209.3067,28147.9082,37518.4297,1146.8527,458.4261,57.0037,0.2437,82,0.055198,1.010197,0.489238,0.520339,1.099322,0.431267,0.853435,0.34487,0.541475,0.055104,0.210247,0.331922,0.483186,0.451135,0.071669,0.068896,0.018466,0.060399,0.11356,0.016878,1.081068,0.018547,0.033776,0.000666,0.010047,0.025218,0.021332,0.024946,0.00223
37040,1079,30877,29798,29736,62,0,0,207,46.422066,0.0,36598.307823,1275.940042,1957.637892,2033.983555,3995.96,37040,59,73,46225920.0,12907949.2412,28165.747,37553.278,1148.0446,458.4261,57.1525,0.2437,82,0.053753,1.009757,0.491003,0.516438,1.100093,0.430597,0.855445,0.344375,0.541067,0.055323,0.211909,0.331169,0.484449,0.451926,0.071528,0.069144,0.018746,0.054433,0.114558,0.016931,1.092723,0.018523,0.034013,0.000672,0.011898,0.02504,0.023802,0.025077,0.002238
37060,1083,30908,29825,29763,62,0,0,207,45.697703,0.0,36632.865428,1278.751924,1955.550374,2036.339011,3991.68,37060,60,73,46250880.0,12919713.6393,28180.823,37585.8648,1149.2972,458.4261,57.1525,0.2437,82,0.056325,1.015714,0.491911,0.517572,1.100273,0.430403,0.855693,0.345277,0.537911,0.055328,0.210103,0.329806,0.487657,0.450337,0.070935,0.069145,0.018686,0.05505,0.112032,0.016697,1.096341,0.019664,0.033157,0.000656,0.010044,0.021993,0.026428,0.024432,0.00216
37080,1082,30948,29866,29804,62,0,0,227,54.293125,0.0,36648.873609,1270.290918,1955.415957,2037.641026,3984.28,37080,60,73,46275840.0,12931489.236,28195.899,37623.9621,1150.4943,458.4261,57.1703,0.2437,82,0.062847,1.015992,0.490141,0.519496,1.102648,0.429014,0.882842,0.348491,0.539879,0.055552,0.209623,0.332244,0.488104,0.451751,0.071813,0.070695,0.018502,0.055716,0.116929,0.016978,1.181694,0.02088,0.036041,0.000691,0.010066,0.022991,0.028504,0.024977,0.002325
37100,1085,30984,29899,29837,62,0,0,225,49.382748,0.0,36676.86849,1276.699493,1953.917759,2037.307128,3978.66,37100,60,73,46300800.0,12943266.5447,28212.3148,37667.2964,1152.1249,458.4261,57.2092,0.2437,82,0.060829,1.01726,0.488916,0.518609,1.10695,0.427641,0.871338,0.34869,0.539795,0.055169,0.210093,0.331447,0.488095,0.451344,0.071395,0.069491,0.018496,0.055005,0.12319,0.016161,1.138101,0.021181,0.035044,0.000637,0.010023,0.023401,0.027968,0.025128,0.00223
37120,1083,31010,29927,29865,62,0,0,229,50.09264,0.0,36727.578561,1287.493728,1942.413632,2036.208056,3998.87,37120,60,73,46325760.0,12955085.9291,28230.2092,37709.4019,1153.2098,458.4261,57.2092,0.2437,82,0.059095,1.019107,0.487448,0.520593,1.106993,0.425991,0.863715,0.348327,0.539053,0.055333,0.210634,0.330801,0.48503,0.451884,0.071208,0.070213,0.018572,0.054476,0.123835,0.016119,1.103644,0.020955,0.032336,0.000643,0.010022,0.021846,0.02391,0.024501,0.002211
37140,1084,31040,29956,29894,62,0,0,230,54.043325,0.0,36733.975033,1289.460282,1936.496394,2035.375849,4002.4,37140,61,73,46350720.0,12966923.5639,28248.6815,37744.282,1153.4482,458.4261,57.7439,0.2437,82,0.058118,1.017711,0.489116,0.524639,1.104974,0.426659,0.872169,0.348349,0.540471,0.055599,0.209265,0.332719,0.484682,0.450304,0.071921,0.072353,0.018842,0.079272,0.125343,0.016118,1.150594,0.020508,0.033162,0.000676,0.00857,0.023452,0.024158,0.024824,0.002352
37160,1091,31070,29979,29916,63,0,0,233,52.607277,0.0,36763.312467,1291.452143,1935.94058,2034.981137,3989.77,37160,61,73,46375680.0,12978770.4316,28267.1537,37775.0128,1154.0427,459.6403,57.9931,0.2437,82,0.058662,1.015955,0.488442,0.524307,1.102695,0.427171,0.872268,0.347554,0.540749,0.055535,0.210414,0.332403,0.482902,0.450118,0.072039,0.07296,0.018809,0.078751,0.124245,0.01629,1.15453,0.020429,0.033015,0.000673,0.009622,0.023597,0.024139,0.024967,0.002355
37180,1097,31109,30012,29949,63,0,0,236,56.494698,0.0,36761.895122,1291.116366,1932.388936,2034.78869,3964.69,37180,61,73,46400640.0,12990665.7553,28285.626,37812.6416,1155.0795,459.6403,58.0143,0.2437,73,0.058341,1.017419,0.487765,0.522052,1.107681,0.427825,0.869657,0.348504,0.542494,0.055235,0.210091,0.331033,0.48366,0.4522,0.072137,0.073604,0.019337,0.078579,0.137223,0.016259,1.123946,0.020998,0.033455,0.000655,0.009722,0.023032,0.025159,0.025145,0.002309
37200,1106,31145,30039,29976,63,0,0,233,50.865791,0.0,36724.285322,1308.318412,1920.815797,2034.693586,3941.0,37200,61,73,46425600.0,13002601.6258,28304.0983,37860.6434,1156.0487,459.6403,58.0143,0.2437,82,0.057866,1.019293,0.486272,0.519046,1.108943,0.43039,0.8592,0.348479,0.542571,0.05514,0.210304,0.330098,0.481846,0.45266,0.072002,0.073566,0.019154,0.067652,0.138739,0.017043,1.080365,0.022692,0.033392,0.000645,0.009816,0.023001,0.024893,0.024947,0.00225
37220,1106,31174,30068,30005,63,0,0,233,49.295785,0.0,36612.754039,1312.927334,1917.776881,2034.646276,3944.92,37220,61,73,46450560.0,13014518.5841,28322.5706,37899.8539,1156.5416,459.6403,58.0502,0.2437,82,0.05877,1.019514,0.48569,0.518282,1.108063,0.433293,0.856053,0.347668,0.544777,0.055107,0.211343,0.328598,0.480837,0.451898,0.072267,0.07448,0.019555,0.06829,0.138082,0.017649,1.061005,0.021082,0.034681,0.000645,0.010296,0.022814,0.025143,0.024991,0.002233
37240,1117,31207,30090,30027,63,0,0,232,48.000242,0.0,36399.138713,1325.883848,1906.11591,2034.622666,3916.85,37240,61,73,46475520.0,13026448.5066,28341.0428,37937.5383,1156.9608,459.6403,58.1511,0.2437,82,0.059982,1.022406,0.48608,0.519215,1.108499,0.432278,0.8551,0.347802,0.544341,0.055173,0.211047,0.328472,0.480655,0.453795,0.072273,0.074754,0.019866,0.055587,0.138975,0.017066,1.044772,0.020858,0.034907,0.000636,0.010247,0.022774,0.024366,0.025164,0.002185
37260,1118,31240,30122,30058,64,0,0,222,49.535639,31.192661,36117.885088,1322.642212,1907.822149,2034.610864,3923.22,37260,61,73,46500480.0,13038389.744,28359.5151,37974.9896,1159.6818,465.2937,58.3568,0.2437,82,0.059034,1.018458,0.486826,0.517607,1.111959,0.433415,0.855243,0.347063,0.545496,0.054957,0.21118,0.329759,0.479868,0.453614,0.072634,0.074803,0.019916,0.054343,0.138845,0.017297,1.049984,0.020903,0.034764,0.000629,0.010517,0.024423,0.024572,0.025207,0.002227
37280,1107,31268,30161,30096,65,0,0,236,53.143869,21.780147,35945.278778,1313.889443,1912.966688,2034.604961,3939.33,37280,61,73,46525440.0,13050338.5678,28377.9874,38012.6907,1160.6468,470.2337,59.0132,0.2437,82,0.060524,1.015924,0.485986,0.518578,1.119728,0.432761,0.853797,0.346914,0.546418,0.054886,0.212147,0.328065,0.480135,0.45394,0.072807,0.074716,0.019624,0.056802,0.147973,0.017361,1.044114,0.020779,0.035281,0.00062,0.010725,0.024208,0.024376,0.025089,0.002265
37300,1089,31293,30204,30139,65,0,0,238,52.255751,17.814133,35914.186059,1296.515112,1931.229136,2034.602007,3996.65,37300,61,73,46550400.0,13062300.7409,28396.4596,38044.8663,1163.4184,470.2337,59.1951,0.2437,82,0.063361,1.01632,0.485316,0.517842,1.120085,0.432431,0.863067,0.348449,0.547463,0.054937,0.212274,0.329141,0.480514,0.454282,0.073074,0.076522,0.020087,0.058261,0.148348,0.017335,1.064727,0.020995,0.036245,0.000632,0.010904,0.024507,0.02467,0.025134,0.002298
37320,1080,31321,30241,30176,65,0,0,245,53.217114,14.570303,36056.269616,1284.536797,1942.246089,2034.600529,4030.08,37320,61,73,46575360.0,13074304.0227,28414.9319,38074.2278,1165.9349,470.2337,59.1977,0.2437,82,0.060185,1.014871,0.483971,0.518053,1.120758,0.429595,0.868556,0.348376,0.546248,0.055335,0.210771,0.331112,0.481958,0.453122,0.073304,0.076178,0.01959,0.058273,0.15056,0.01661,1.080235,0.020826,0.035527,0.000648,0.008958,0.024754,0.025122,0.025033,0.002318
37340,1089,31359,30270,30205,65,0,0,244,55.38645,11.917152,36240.03642,1278.899781,1945.713769,2034.599789,3997.68,37340,61,73,46600320.0,13086279.4378,28433.4042,38105.8601,1167.211,470.2337,59.3453,0.2437,73,0.060606,1.01028,0.483243,0.516685,1.118461,0.430205,0.872511,0.346317,0.545413,0.05555,0.21254,0.32998,0.482959,0.452168,0.07348,0.077253,0.01966,0.055976,0.151392,0.016897,1.117949,0.019405,0.035185,0.000686,0.009549,0.024553,0.027709,0.024761,0.002349
37360,1090,31400,30310,30245,65,0,0,260,63.316229,9.747121,36425.405341,1271.551957,1945.131814,2034.599419,3997.09,37360,61,73,46625280.0,13098272.2518,28451.8764,38147.3778,1168.438,470.2337,59.6023,0.2437,73,0.059633,1.008782,0.482786,0.518081,1.122957,0.43215,0.859558,0.346196,0.54922,0.055516,0.215819,0.329343,0.477762,0.452176,0.073299,0.077851,0.019419,0.055922,0.154018,0.017256,1.087726,0.020167,0.035434,0.000684,0.01233,0.025267,0.02304,0.024554,0.002271
37380,1090,31440,30350,30285,65,0,0,263,57.042094,7.972238,36690.919861,1270.352697,1952.60521,2035.402032,4001.06,37380,61,73,46650240.0,13110242.6552,28469.4541,38191.3142,1170.6862,470.2337,59.878,0.2437,73,0.057798,1.006564,0.486289,0.514764,1.118778,0.436061,0.852152,0.345372,0.547309,0.055744,0.218154,0.328197,0.475946,0.452454,0.073649,0.078865,0.021857,0.054764,0.14814,0.018476,1.063016,0.020691,0.035399,0.000718,0.015399,0.024779,0.021034,0.02446,0.002314
37400,1094,31466,30372,30305,67,0,0,249,52.117749,6.520549,36897.379329,1285.075953,1942.806298,2036.504251,3985.2,37400,61,73,46675200.0,13122198.6723,28485.8307,38230.3304,1172.2597,486.5752,60.8724,0.2568,73,0.058501,1.007097,0.486536,0.515975,1.121699,0.434519,0.848181,0.345432,0.547256,0.055576,0.217669,0.327639,0.475563,0.453412,0.073431,0.077921,0.021366,0.055821,0.151202,0.017807,1.043193,0.02088,0.034617,0.000718,0.015146,0.024662,0.02034,0.024879,0.00231
37420,1112,31508,30396,30329,67,0,0,248,53.362937,5.333202,37002.333182,1296.098795,1930.538268,2035.932258,3921.96,37420,61,73,46700160.0,13134199.3601,28503.8167,38266.6013,1172.7684,486.5752,60.8724,0.2568,73,0.057554,1.010302,0.486007,0.516114,1.118084,0.434893,0.850688,0.34542,0.547394,0.05542,0.217389,0.329783,0.477927,0.453725,0.07294,0.077997,0.021169,0.05559,0.147491,0.017585,1.0585,0.020708,0.035854,0.000717,0.015354,0.025528,0.021821,0.024826,0.002241
37440,1106,31537,30431,30364,67,0,0,242,51.168231,4.362063,37104.136805,1300.518761,1928.313008,2034.4643,3929.27,37440,61,73,46725120.0,13146253.8797,28523.8549,38307.9189,1174.041,486.5752,61.3133,0.2568,73,0.057866,1.011973,0.48564,0.516356,1.111006,0.434164,0.847653,0.345868,0.545075,0.055093,0.218143,0.328563,0.478011,0.454116,0.072174,0.076606,0.020011,0.054806,0.141247,0.017473,1.044076,0.020434,0.033398,0.000649,0.016605,0.023967,0.021126,0.024751,0.00212
37460,1115,31573,30458,30391,67,0,0,241,51.668548,3.567762,37199.347734,1311.103658,1917.227794,2032.604036,3908.29,37460,61,73,46750080.0,13158378.2872,28546.1463,38348.5053,1174.9517,486.5752,61.5245,0.2568,73,0.057399,1.009965,0.484326,0.51526,1.105289,0.436244,0.841366,0.344481,0.54454,0.054862,0.22036,0.328711,0.475851,0.454469,0.072268,0.077581,0.01954,0.05298,0.138611,0.018346,1.037228,0.02041,0.032872,0.000644,0.017407,0.028955,0.021371,0.024556,0.002167
37480,1118,31608,30490,30423,67,0,0,239,53.079157,2.918097,37365.607268,1308.297648,1918.623196,2031.285608,3903.29,37480,61,73,46775040.0,13170598.8762,28569.2202,38387.1573,1176.036,486.5752,61.656,0.2568,72,0.059034,1.003164,0.481459,0.516969,1.108182,0.436675,0.847711,0.344598,0.548348,0.054761,0.222143,0.32757,0.476383,0.454068,0.072726,0.076878,0.018628,0.054555,0.141596,0.018918,1.070548,0.020097,0.034504,0.000643,0.018189,0.028921,0.022164,0.024642,0.002227
37500,1140,31659,30519,30452,67,0,0,241,53.67041,2.386732,37452.522668,1315.669358,1910.660232,2028.929502,3835.63,37500,61,73,46800000.0,13182848.4359,28595.1163,38428.7277,1176.849,486.5752,61.7245,0.2568,72,0.072807,0.994565,0.479296,0.523075,1.112812,0.441491,0.855751,0.34369,0.55028,0.054354,0.227339,0.326305,0.47393,0.455891,0.073821,0.080534,0.018708,0.082454,0.141096,0.021422,1.113735,0.020475,0.034407,0.00065,0.02042,0.030279,0.023821,0.025103,0.002356
37520,1145,31700,30555,30488,67,0,0,241,51.273164,1.952124,37597.396293,1318.068318,1910.658518,2023.828472,3808.49,37520,62,73,46824960.0,13195188.2265,28627.3268,38471.6942,1178.2978,486.5752,62.3567,0.2568,72,0.081223,0.990611,0.479253,0.519985,1.109068,0.445479,0.833762,0.339968,0.547434,0.054059,0.230905,0.323608,0.468584,0.45749,0.073505,0.082254,0.018763,0.07995,0.134274,0.023104,1.056415,0.019284,0.032482,0.000652,0.021815,0.028629,0.02319,0.024854,0.00227
37540,1155,31742,30587,30520,67,0,0,244,51.169815,1.596656,37898.684382,1316.76428,1912.065905,2016.616973,3770.27,37540,62,73,46849920.0,13207639.7953,28667.4632,38510.6031,1178.7509,486.5752,62.6065,0.2569,72,0.090043,0.984818,0.478969,0.51894,1.105717,0.450685,0.837217,0.340029,0.54723,0.054077,0.233908,0.323835,0.465918,0.459514,0.074497,0.087191,0.018991,0.078602,0.135305,0.025865,1.054817,0.021088,0.032486,0.000663,0.023314,0.029448,0.024536,0.025306,0.002288
37560,1189,31803,30614,30547,67,0,0,249,51.038276,1.305916,38189.617638,1330.156813,1898.804912,2008.004786,3668.37,37560,62,73,46874880.0,13220205.7741,28716.2466,38553.1264,1180.2982,486.5752,62.7094,0.2569,72,0.095038,0.978477,0.476402,0.509985,1.107515,0.455577,0.840045,0.339469,0.546986,0.054277,0.236247,0.321671,0.464843,0.459692,0.075676,0.089175,0.019486,0.050641,0.138016,0.02853,1.048075,0.021193,0.033566,0.000699,0.023678,0.030001,0.026335,0.026075,0.002421
37580,1217,31865,30648,30581,67,0,0,243,53.008629,1.068118,38436.703335,1341.295465,1885.695907,1998.286552,3590.58,37580,62,73,46899840.0,13232922.2326,28774.7008,38604.2517,1183.03,486.5752,62.8166,0.2569,72,0.109285,0.967022,0.475397,0.506547,1.109066,0.465591,0.830573,0.336345,0.547444,0.054165,0.240985,0.317459,0.461285,0.459855,0.07624,0.092959,0.019557,0.049839,0.139926,0.034608,1.041533,0.020912,0.033292,0.000718,0.0249,0.026715,0.028013,0.026323,0.002396
37600,1221,31908,30687,30620,67,0,0,240,56.532947,0.873621,38636.775873,1351.06754,1872.399513,1988.365518,3586.84,37600,62,73,46924800.0,13245689.5938,28841.4568,38657.2326,1185.2743,486.5752,63.8794,0.2569,72,0.122031,0.959932,0.471831,0.508214,1.114614,0.469665,0.820378,0.334132,0.549087,0.053567,0.246173,0.311939,0.459425,0.462683,0.076274,0.094693,0.019804,0.051592,0.14693,0.037097,1.040682,0.020544,0.033161,0.000666,0.026208,0.026201,0.028901,0.026571,0.002276
37620,1240,31954,30714,30646,68,0,0,234,50.557396,0.714541,38916.15551,1365.567125,1863.875479,1979.069225,3538.14,37620,62,73,46949760.0,13258615.3487,28915.8148,38701.5921,1186.6163,489.4359,64.9778,0.258,72,0.134677,0.950361,0.471055,0.507964,1.114126,0.476714,0.817672,0.332533,0.554088,0.053193,0.251673,0.309461,0.456632,0.463447,0.077253,0.099151,0.019715,0.051359,0.149665,0.040823,1.060816,0.020769,0.036929,0.000666,0.028137,0.026285,0.030745,0.026898,0.00234
37640,1248,32000,30752,30683,69,0,0,237,48.955788,0.584428,39329.668506,1364.02376,1867.020452,1972.285584,3507.33,37640,62,73,46974720.0,13271733.3987,28993.6678,38742.1181,1187.9915,495.1173,65.0805,0.258,72,0.151442,0.938066,0.470092,0.505499,1.114784,0.485855,0.804747,0.32912,0.554466,0.05265,0.261242,0.305788,0.450092,0.469987,0.078222,0.104892,0.019775,0.050645,0.147514,0.044609,1.044643,0.020871,0.034712,0.000666,0.033441,0.025679,0.031032,0.027505,0.002333
37660,1294,32074,30780,30711,69,0,0,236,48.427664,0.478008,39596.104916,1375.020896,1856.551439,1966.308497,3397.46,37660,62,73,46999680.0,13284859.9297,29075.4989,38783.913,1188.969,495.1173,65.8044,0.258,72,0.175425,0.924986,0.468273,0.504529,1.114764,0.500201,0.771027,0.322692,0.557159,0.051814,0.272017,0.299682,0.444329,0.47553,0.079155,0.111021,0.019626,0.049757,0.13646,0.050836,0.952957,0.019984,0.037807,0.000675,0.036317,0.026385,0.032832,0.028598,0.002234
37680,1340,32153,30813,30744,69,0,0,229,49.42677,0.390966,39771.948433,1391.562848,1839.010382,1959.088916,3282.67,37680,62,73,47024640.0,13298099.9926,29163.5748,38837.3662,1190.3739,495.1173,66.5585,0.258,72,0.191791,0.910671,0.468235,0.503951,1.118356,0.512052,0.773112,0.320447,0.554855,0.05129,0.279772,0.296792,0.440276,0.48007,0.080895,0.11527,0.019415,0.049424,0.139529,0.057479,0.991184,0.020192,0.032514,0.000676,0.038866,0.026891,0.034468,0.0295,0.002363
37700,1369,32226,30857,30786,71,0,0,220,44.92374,0.319774,39898.999106,1408.408479,1826.667781,1948.800621,3209.52,37700,63,73,47049600.0,13311492.6895,29261.8305,38896.9987,1192.2555,511.9505,68.4655,0.258,72,0.207451,0.900737,0.467381,0.503982,1.120943,0.520783,0.763318,0.318358,0.556804,0.051003,0.28605,0.29228,0.436738,0.48329,0.082087,0.118927,0.019892,0.051752,0.144842,0.061495,0.977009,0.020473,0.032622,0.000678,0.040363,0.027051,0.037938,0.029607,0.002381
37720,1409,32310,30901,30829,72,0,0,215,45.797813,0.261545,39981.650886,1423.44604,1810.756147,1936.882478,3124.57,37720,63,73,47074560.0,13325075.4608,29369.9429,38954.757,1194.3696,523.3125,69.9843,0.258,72,0.222853,0.889925,0.465987,0.501995,1.120149,0.528567,0.761645,0.317106,0.557131,0.051037,0.293033,0.289922,0.432215,0.486213,0.083861,0.122368,0.020151,0.051769,0.144118,0.065255,0.983999,0.021039,0.032383,0.000758,0.044107,0.028266,0.038004,0.030212,0.002481
37740,1415,32376,30961,30887,74,0,0,211,47.613876,7.7036,39940.158571,1426.884813,1805.501311,1928.243924,3112.94,37740,63,73,47099520.0,13338621.3533,29481.2333,39011.7346,1196.7599,528.2275,70.983,0.2608,72,0.233922,0.882771,0.465484,0.497363,1.122852,0.532341,0.757799,0.316476,0.558247,0.050707,0.295242,0.287485,0.427487,0.487389,0.085102,0.125055,0.020053,0.050583,0.14728,0.0653,0.979105,0.023567,0.033516,0.000755,0.04327,0.028185,0.037874,0.030201,0.002512
37760,1417,32443,31026,30949,77,0,0,220,50.557967,15.801754,39884.694288,1424.220522,1805.221511,1923.278492,3116.21,37760,63,73,47124480.0,13352153.8053,29590.4624,39063.7248,1199.0565,541.3476,71.9521,0.2608,72,0.244178,0.876909,0.464704,0.49341,1.115437,0.535397,0.737115,0.31447,0.554988,0.0501,0.302016,0.283463,0.423494,0.489713,0.085649,0.127739,0.019824,0.050429,0.141742,0.064985,0.924807,0.023865,0.033299,0.000621,0.046356,0.027071,0.036285,0.030053,0.0025
37780,1443,32518,31075,30996,79,0,0,217,44.211966,25.687183,40041.52457,1430.988126,1804.799907,1922.231255,3063.27,37780,63,73,47149440.0,13365904.4041,29694.0105,39116.2189,1201.4774,546.9493,72.5904,0.2608,72,0.254331,0.86776,0.464227,0.490623,1.117628,0.539594,0.72899,0.315081,0.555823,0.049994,0.306965,0.281943,0.419371,0.49044,0.086826,0.130463,0.019547,0.050412,0.14332,0.065854,0.913591,0.026955,0.034566,0.000618,0.04864,0.028262,0.035552,0.03032,0.002589
37800,1462,32602,31140,31059,81,0,0,212,46.306564,18.45299,40293.847953,1431.221502,1802.471934,1928.632158,3031.3,37800,63,73,47174400.0,13379795.1581,29787.0747,39168.0688,1203.6481,552.8902,74.5207,0.2673,72,0.26539,0.859814,0.463496,0.485185,1.115046,0.539179,0.72164,0.314625,0.556048,0.049994,0.315822,0.27925,0.411846,0.48965,0.087911,0.133656,0.019744,0.049308,0.144219,0.063695,0.918508,0.026602,0.035795,0.000621,0.053653,0.027799,0.033869,0.030232,0.002704
37820,1480,32683,31203,31118,85,0,0,209,47.12566,15.562704,40472.779809,1436.831291,1796.043049,1933.874373,3002.5,37820,63,73,47199360.0,13393731.1195,29878.7,39223.5163,1206.5393,577.525,76.6528,0.2673,72,0.271622,0.85478,0.462154,0.484168,1.115448,0.54296,0.719691,0.313818,0.555244,0.050039,0.32166,0.277682,0.410365,0.490333,0.088583,0.13289,0.02003,0.051681,0.149262,0.063419,0.917537,0.024739,0.035818,0.000646,0.057695,0.027725,0.035497,0.030784,0.002707
37840,1493,32761,31268,31179,89,0,0,222,44.203194,16.039005,40786.706724,1443.765008,1792.031798,1937.879253,2983.0,37840,63,73,47224320.0,13407803.9061,29971.6883,39281.4819,1207.8769,588.5987,79.2033,0.2673,72,0.281983,0.84838,0.461388,0.483869,1.114732,0.545051,0.714395,0.313397,0.553567,0.049785,0.328156,0.276149,0.406678,0.494702,0.089126,0.134209,0.019782,0.050585,0.148811,0.064305,0.908092,0.0241,0.035454,0.000629,0.059903,0.02808,0.036264,0.031229,0.002695
37860,1519,32843,31324,31231,93,0,0,214,42.871956,18.509049,40915.060193,1460.697354,1776.43069,1938.553622,2919.48,37860,64,73,47249280.0,13421856.9469,30069.6047,39340.2145,1209.6148,593.4362,81.6941,0.2673,72,0.294273,0.842328,0.459599,0.48485,1.112815,0.552922,0.699972,0.310868,0.557079,0.049597,0.331834,0.272769,0.403331,0.497705,0.089317,0.137916,0.020431,0.051564,0.148649,0.067831,0.865459,0.020472,0.035795,0.000624,0.060162,0.028085,0.036894,0.031438,0.002654
37880,1529,32923,31394,31295,99,0,0,211,47.892562,14.11317,41178.162145,1461.957274,1770.150164,1937.534558,2905.06,37880,64,73,47274240.0,13436157.0882,30170.9121,39397.4739,1212.1894,630.1935,85.4719,0.2673,72,0.30412,0.833842,0.459221,0.483049,1.115187,0.557264,0.698997,0.309195,0.556587,0.049574,0.338714,0.270426,0.401028,0.497552,0.090392,0.139494,0.021407,0.05128,0.152551,0.069118,0.867797,0.020727,0.036454,0.000632,0.064051,0.028203,0.03758,0.031229,0.002688
37900,1530,33007,31477,31375,102,0,0,232,56.818725,16.706634,41484.347823,1449.275735,1773.90554,1932.651684,2886.24,37900,64,73,47299200.0,13450447.7499,30279.2463,39451.1395,1215.0758,636.5409,87.7286,0.2673,72,0.313072,0.82798,0.456022,0.483092,1.118682,0.557865,0.698687,0.307623,0.555418,0.049527,0.339788,0.268857,0.398955,0.501215,0.091282,0.142626,0.021222,0.052249,0.155898,0.069211,0.879487,0.021003,0.036818,0.000646,0.06174,0.029065,0.038559,0.032051,0.002736
37920,1542,33086,31544,31430,114,0,0,225,52.145025,43.868257,41684.05261,1455.254641,1772.600334,1929.913854,2873.02,37920,64,73,47324160.0,13464628.9814,30388.3208,39503.4251,1216.3536,674.454,91.2302,0.2677,72,0.320363,0.82363,0.456288,0.483615,1.120998,0.556021,0.703457,0.308811,0.558654,0.049735,0.340834,0.268064,0.39869,0.502976,0.092113,0.143477,0.021433,0.054257,0.157828,0.064893,0.909466,0.022115,0.038266,0.000688,0.062045,0.02985,0.041183,0.032577,0.0028
37940,1563,33165,31602,31481,121,0,0,218,45.330728,84.270753,41861.813381,1468.348826,1766.320446,1929.497699,2840.74,37940,64,73,47349120.0,13478911.101,30495.5062,39556.8132,1217.777,711.4255,95.5318,0.2677,72,0.323736,0.820274,0.456764,0.48238,1.124437,0.555443,0.713428,0.309143,0.559642,0.049986,0.342289,0.269762,0.397208,0.505131,0.092367,0.145806,0.021204,0.054026,0.161991,0.064633,0.948135,0.022339,0.039044,0.00071,0.063521,0.031529,0.040815,0.033197,0.002885
37960,1583,33260,31677,31547,130,0,0,226,48.227328,86.842973,42108.976643,1469.960935,1761.811737,1932.504944,2811.56,37960,64,73,47374080.0,13493265.5452,30597.2231,39612.1855,1218.7924,744.8212,99.6045,0.2677,72,0.327227,0.820993,0.455651,0.481617,1.127461,0.553515,0.703621,0.308104,0.559473,0.050025,0.34265,0.267219,0.396094,0.506581,0.092404,0.148536,0.021195,0.053115,0.170092,0.061515,0.904991,0.022671,0.039469,0.000694,0.063951,0.030142,0.039249,0.033278,0.002877
37980,1610,33346,31736,31601,135,0,0,222,46.627143,74.889658,42396.05823,1489.686304,1743.686553,1936.748926,2775.9,37980,64,73,47399040.0,13507800.8523,30694.2722,39674.3392,1219.5932,761.9227,104.2374,0.2776,72,0.33913,0.814041,0.453556,0.480602,1.137401,0.555833,0.689307,0.305134,0.55808,0.049687,0.348545,0.262908,0.391315,0.509879,0.092201,0.150879,0.021086,0.051307,0.177945,0.061357,0.858751,0.023486,0.038115,0.000635,0.065397,0.029284,0.03743,0.033547,0.002778
38000,1613,33411,31798,31656,142,0,0,220,46.093227,69.390867,42785.982226,1495.581216,1738.325557,1941.500934,2779.45,38000,64,73,47424000.0,13522478.0294,30786.9455,39726.0912,1222.2021,774.5757,107.5282,0.2785,72,0.349039,0.806961,0.452398,0.480347,1.133483,0.555231,0.678011,0.302858,0.559827,0.049457,0.353746,0.259084,0.388816,0.510736,0.09225,0.151571,0.021206,0.050368,0.172276,0.05887,0.834075,0.023505,0.038083,0.000625,0.065991,0.028215,0.037212,0.033742,0.0027
38020,1632,33496,31864,31712,152,0,0,224,48.725218,93.864979,43061.516898,1496.034805,1735.239978,1944.918512,2740.27,38020,64,73,47448960.0,13537153.292,30876.9693,39773.6543,1223.5943,808.3155,109.7593,0.2785,72,0.349265,0.804584,0.452754,0.47995,1.132315,0.552876,0.667814,0.301201,0.557372,0.049374,0.354614,0.257519,0.389125,0.509392,0.091658,0.150516,0.021163,0.049202,0.170018,0.056494,0.809644,0.022258,0.038014,0.000607,0.065958,0.027373,0.036552,0.033019,0.002652
38040,1663,33583,31920,31764,156,0,0,225,49.422015,84.786965,43322.383173,1502.710649,1727.867336,1945.440719,2675.33,38040,64,73,47473920.0,13551839.4075,30967.9011,39825.4485,1226.2078,855.5099,111.6653,0.2785,72,0.365003,0.793643,0.451503,0.478179,1.135259,0.559331,0.655426,0.297868,0.557373,0.048837,0.361807,0.253999,0.385544,0.511769,0.092593,0.152679,0.020907,0.048037,0.1659,0.058825,0.785994,0.021939,0.037566,0.000567,0.066427,0.027199,0.036653,0.033228,0.002701
38060,1662,33651,31989,31830,159,0,0,232,52.308949,64.451327,43734.686789,1498.377918,1729.313133,1945.982782,2687.24,38060,64,73,47498880.0,13566626.6602,31058.3129,39876.1441,1227.6057,870.1956,115.1453,0.2907,72,0.374248,0.787131,0.451621,0.475182,1.136512,0.562359,0.653405,0.297437,0.556778,0.048781,0.36505,0.252002,0.384057,0.51306,0.093881,0.154235,0.020906,0.048142,0.168473,0.058744,0.786646,0.022007,0.039219,0.000569,0.066611,0.027421,0.037377,0.033384,0.002751
38080,1686,33732,32046,31884,162,0,0,237,49.625718,54.264922,44107.498996,1507.446052,1722.928229,1943.511384,2646.93,38080,64,73,47523840.0,13581411.2437,31154.3874,39922.823,1228.3295,886.6157,117.2593,0.2907,72,0.376038,0.784763,0.45141,0.475698,1.14023,0.562023,0.663762,0.296936,0.55817,0.048916,0.367055,0.252171,0.38396,0.515023,0.094975,0.155003,0.0211,0.049514,0.166821,0.057237,0.817975,0.021835,0.039584,0.000592,0.067221,0.027717,0.038608,0.03447,0.002864
38100,1694,33806,32112,31944,168,0,0,224,44.212235,56.312644,44526.92377,1508.978155,1726.80961,1939.410907,2639.31,38100,64,73,47548800.0,13596303.9695,31256.2105,39978.0158,1230.8758,937.6223,119.0704,0.294,72,0.382527,0.778957,0.453459,0.475629,1.137839,0.565441,0.661841,0.295349,0.556266,0.049026,0.369745,0.252415,0.382449,0.515118,0.095562,0.155641,0.021652,0.051404,0.163443,0.057956,0.839358,0.020394,0.039646,0.000607,0.068075,0.028438,0.038604,0.034582,0.002902
38120,1739,33898,32159,31986,173,0,0,222,44.632601,54.697467,44689.433589,1529.33216,1706.035239,1932.69168,2582.34,38120,64,73,47573760.0,13611108.5106,31365.5331,40035.3936,1233.1378,945.7991,122.0767,0.294,72,0.391029,0.770708,0.453435,0.47582,1.138801,0.566689,0.661048,0.293766,0.55867,0.048942,0.374534,0.252296,0.378994,0.517858,0.096255,0.156429,0.021401,0.050674,0.159051,0.058102,0.835153,0.02035,0.041849,0.000596,0.070627,0.030719,0.038556,0.03503,0.002919
38140,1755,33982,32227,32049,178,0,0,234,49.217018,60.017211,44837.188942,1534.820295,1695.962687,1927.582348,2526.22,38140,65,73,47598720.0,13626010.3093,31477.4325,40089.9069,1235.8613,956.3295,125.6952,0.2962,72,0.39943,0.763834,0.452193,0.473815,1.142163,0.568613,0.661133,0.293079,0.563056,0.048834,0.378854,0.249521,0.377925,0.519941,0.097585,0.156548,0.02166,0.051007,0.159866,0.058319,0.83916,0.020017,0.042273,0.000585,0.072772,0.030021,0.039314,0.035084,0.002968
38160,1781,34070,32289,32104,185,0,0,235,44.008266,54.338308,44885.608555,1547.740856,1688.250878,1928.002721,2494.09,38160,65,73,47623680.0,13640897.3253,31585.8255,40146.3786,1237.6364,982.1808,129.5021,0.2962,72,0.399775,0.766006,0.451884,0.473987,1.144539,0.564293,0.655502,0.292223,0.563505,0.048867,0.377646,0.249183,0.37802,0.520344,0.097721,0.157747,0.022569,0.050967,0.162825,0.054868,0.807703,0.020005,0.042016,0.00057,0.070935,0.029746,0.039342,0.035248,0.002989
38180,1784,34137,32353,32166,187,0,0,239,44.667346,38.472573,44905.735951,1564.661293,1670.671361,1929.156726,2499.93,38180,65,73,47648640.0,13655809.1578,31694.2146,40204.7017,1240.3055,997.4215,131.9224,0.2984,72,0.397422,0.768256,0.452964,0.474788,1.144939,0.56216,0.656535,0.292417,0.563951,0.049225,0.375631,0.249616,0.378257,0.521745,0.097799,0.158829,0.022503,0.053094,0.165111,0.0542,0.802294,0.019884,0.042073,0.000585,0.07003,0.030013,0.039325,0.035668,0.00298
38200,1777,34199,32422,32229,193,0,0,238,46.896559,55.45424,44974.002175,1563.751182,1669.352258,1929.695497,2509.8,38200,65,73,47673600.0,13670891.888,31803.4064,40261.637,1242.4769,1015.6611,135.2842,0.2984,72,0.405177,0.760745,0.45464,0.472452,1.152931,0.561858,0.653824,0.29136,0.564572,0.049198,0.378883,0.248372,0.376271,0.523332,0.098543,0.160248,0.023087,0.053356,0.170902,0.052441,0.800804,0.01962,0.042615,0.000586,0.070638,0.030178,0.039416,0.035784,0.003032
38220,1784,34277,32493,32297,196,0,0,239,48.831591,39.474685,45250.55077,1556.679588,1674.488821,1932.736026,2506.51,38220,65,73,47698560.0,13686088.8556,31909.4184,40305.7612,1244.2475,1039.6553,137.6172,0.299,72,0.402466,0.760337,0.453489,0.474446,1.158116,0.560411,0.660726,0.293748,0.566836,0.049297,0.374062,0.247633,0.376854,0.525571,0.098685,0.160934,0.02375,0.052478,0.174949,0.051579,0.816233,0.020413,0.044822,0.000574,0.067043,0.029517,0.039272,0.036054,0.003044
38240,1816,34380,32564,32361,203,0,0,228,47.494525,38.230122,45533.410104,1562.256558,1670.248918,1935.573655,2459.86,38240,65,73,47723520.0,13701424.4079,32013.1589,40363.0888,1246.1823,1061.1791,140.4784,0.3185,72,0.411894,0.752493,0.451179,0.475761,1.16318,0.564887,0.650566,0.292819,0.569373,0.04918,0.377538,0.245305,0.374403,0.529793,0.099499,0.161561,0.023547,0.053172,0.17878,0.052967,0.788353,0.019672,0.044542,0.000567,0.06791,0.029467,0.039147,0.036381,0.003053
38260,1844,34474,32630,32422,208,0,0,220,44.571544,39.404021,45850.413911,1571.286864,1664.141593,1934.566514,2428.8,38260,65,73,47748480.0,13716895.343,32120.1601,40424.711,1249.4379,1075.1274,144.8777,0.3679,72,0.420282,0.745761,0.449655,0.47629,1.174178,0.570169,0.64759,0.293418,0.574427,0.049216,0.381618,0.242484,0.37165,0.532231,0.100479,0.161783,0.02384,0.051688,0.184636,0.056578,0.771921,0.01987,0.046093,0.000562,0.06923,0.02908,0.039355,0.036817,0.003112
38280,1877,34572,32695,32479,216,0,0,212,43.791737,58.971733,46081.803638,1590.225663,1645.9826,1932.889098,2390.59,38280,67,73,47773440.0,13732493.6973,32228.8883,40486.3508,1251.3966,1092.5392,149.6048,0.3679,72,0.425679,0.741372,0.448637,0.474194,1.184225,0.572377,0.637777,0.292874,0.575919,0.049293,0.382476,0.239715,0.369938,0.534286,0.100996,0.162321,0.02416,0.051341,0.196825,0.05683,0.749966,0.019838,0.04694,0.000565,0.068299,0.02804,0.03895,0.037049,0.00315
38300,1902,34672,32770,32547,223,0,0,222,45.318512,50.719261,46230.875586,1602.516324,1632.165165,1932.046377,2361.94,38300,67,73,47798400.0,13748180.3429,32338.1594,40546.866,1253.3942,1125.4417,153.6781,0.3682,72,0.431125,0.737742,0.449387,0.473731,1.188592,0.574794,0.63696,0.292596,0.578779,0.04964,0.385503,0.237009,0.369436,0.536102,0.101816,0.165923,0.025368,0.052094,0.200856,0.058562,0.741044,0.019868,0.049193,0.000565,0.070769,0.027858,0.039569,0.037746,0.003162
38320,1917,34762,32845,32613,232,0,0,229,47.180899,42.128157,46292.420946,1610.992813,1621.826288,1933.729597,2352.22,38320,67,73,47823360.0,13763892.2004,32445.0384,40607.5925,1254.9705,1154.4131,159.426,0.3682,72,0.435576,0.73379,0.448368,0.476554,1.190963,0.575103,0.642774,0.291848,0.58033,0.049879,0.386624,0.236319,0.368332,0.537038,0.102125,0.166434,0.025277,0.059747,0.20387,0.057896,0.758772,0.020012,0.050425,0.000572,0.070494,0.028106,0.039473,0.037898,0.003165
38340,1942,34866,32924,32684,240,0,0,243,53.055385,48.519198,46423.444531,1609.540607,1617.404007,1936.572306,2327.31,38340,67,73,47848320.0,13779701.2178,32548.9206,40665.196,1257.4874,1173.7864,164.1768,0.3715,72,0.449022,0.723175,0.448599,0.475288,1.197142,0.578227,0.635447,0.289514,0.581605,0.049845,0.391116,0.233516,0.36522,0.54051,0.103318,0.16644,0.026592,0.060348,0.208558,0.056542,0.746011,0.019326,0.05291,0.000573,0.070556,0.02782,0.039495,0.038213,0.003212
38360,1971,34973,33002,32754,248,0,0,240,47.308635,52.737244,46656.395039,1623.798427,1608.892938,1937.171172,2303.03,38360,67,73,47873280.0,13795717.3769,32654.042,40726.6654,1260.3335,1196.3438,167.431,0.3719,72,0.45104,0.718436,0.448771,0.472403,1.202262,0.57739,0.633332,0.288512,0.585983,0.050076,0.39214,0.235292,0.364839,0.541448,0.104153,0.16543,0.027211,0.055018,0.21815,0.057017,0.744589,0.019114,0.058467,0.000587,0.07168,0.030136,0.039223,0.038674,0.003329
38380,2004,35081,33077,32821,256,0,0,257,52.831893,67.613772,46820.967503,1633.688075,1593.480032,1936.463575,2271.84,38380,67,73,47898240.0,13811825.9003,32760.8195,40787.8492,1261.919,1219.9348,170.3399,0.3815,72,0.459581,0.712495,0.446974,0.470355,1.206639,0.580621,0.628227,0.288591,0.587455,0.05012,0.393454,0.232429,0.363402,0.544801,0.10491,0.165937,0.027197,0.053959,0.221142,0.058631,0.742865,0.02046,0.059379,0.00058,0.070318,0.02938,0.039441,0.039159,0.00332
38400,2019,35196,33177,32915,262,0,0,256,52.403748,49.454011,47061.1292,1627.313091,1600.283161,1934.740208,2259.97,38400,67,73,47923200.0,13828024.8162,32869.5079,40845.0169,1265.841,1234.0166,174.386,0.3824,72,0.470035,0.7037,0.444371,0.471009,1.220636,0.584959,0.630059,0.288852,0.59148,0.050326,0.397865,0.229221,0.362345,0.548914,0.105901,0.166306,0.027486,0.054999,0.233992,0.060077,0.754731,0.022614,0.060453,0.000601,0.071612,0.028954,0.040691,0.039264,0.003325
38420,2048,35295,33247,32972,275,0,0,248,46.525043,101.004714,47412.079537,1643.621903,1589.853055,1933.601602,2235.62,38420,67,73,47948160.0,13844445.1304,32978.0449,40903.906,1267.8651,1258.0486,178.225,0.397,72,0.476562,0.698353,0.443175,0.473475,1.230337,0.588077,0.627043,0.287258,0.593845,0.050156,0.399251,0.227737,0.360752,0.551789,0.106225,0.165208,0.027693,0.055343,0.24319,0.062233,0.751572,0.022309,0.059589,0.000608,0.070596,0.029741,0.040834,0.039561,0.003323
38440,2074,35409,33335,33051,284,0,0,256,56.149102,75.802038,47787.515851,1638.031034,1585.819864,1929.545738,2203.07,38440,67,73,47973120.0,13860965.8089,33091.3883,40963.8769,1270.1367,1291.6766,181.3469,0.42,72,0.487464,0.689133,0.441327,0.474974,1.240295,0.593559,0.62752,0.283854,0.598777,0.050169,0.401136,0.226105,0.357648,0.555399,0.106785,0.164148,0.028236,0.055404,0.250459,0.065742,0.758507,0.022042,0.063258,0.000619,0.069431,0.030333,0.04123,0.03983,0.003321
38460,2125,35535,33410,33121,289,0,0,241,51.736907,75.447149,48237.177314,1645.873381,1582.389712,1925.321049,2156.34,38460,67,73,47998080.0,13877629.4168,33208.1451,41030.0367,1273.4396,1301.1095,184.699,0.452,72,0.501176,0.67955,0.437877,0.476488,1.242198,0.598746,0.613107,0.280358,0.605418,0.05006,0.405583,0.221318,0.352198,0.557366,0.107132,0.165594,0.028668,0.055321,0.249607,0.066701,0.71447,0.021458,0.065003,0.000604,0.068915,0.02902,0.039992,0.039828,0.003322
38480,2151,35647,33496,33196,300,0,0,249,54.816975,66.445682,48679.784543,1654.22238,1570.960644,1923.104751,2136.57,38480,67,73,48023040.0,13894417.6149,33325.518,41095.8264,1275.4233,1313.7638,189.832,0.4665,72,0.51232,0.670526,0.434506,0.478078,1.256133,0.605598,0.611452,0.278818,0.614156,0.050303,0.407452,0.218556,0.348555,0.560057,0.107307,0.165193,0.028764,0.055941,0.261943,0.069662,0.72155,0.020858,0.070246,0.000609,0.066554,0.028957,0.04019,0.040094,0.003261
38500,2193,35764,33571,33268,303,0,0,246,55.122563,42.296627,49133.511156,1669.698356,1555.179082,1919.500625,2099.17,38500,67,73,48048000.0,13911311.21,33447.0499,41158.9612,1276.8866,1329.2316,193.1085,0.4898,72,0.515276,0.667277,0.433813,0.480951,1.267179,0.607574,0.60927,0.277697,0.617967,0.050433,0.408353,0.218161,0.34718,0.562026,0.107453,0.166621,0.029471,0.057053,0.276495,0.072863,0.705813,0.020638,0.072081,0.000597,0.066436,0.029066,0.039313,0.040595,0.003281
38520,2217,35890,33673,33360,313,0,0,258,58.018194,70.067301,49469.927719,1672.968636,1549.01317,1917.461536,2084.97,38520,68,73,48072960.0,13928301.5631,33569.5035,41225.3157,1279.1283,1353.0252,198.446,0.492,72,0.521876,0.661021,0.430328,0.484004,1.278292,0.612292,0.616415,0.277916,0.624725,0.051315,0.41213,0.217603,0.343455,0.564501,0.108152,0.167066,0.029853,0.059437,0.287301,0.07595,0.736546,0.021046,0.076103,0.000675,0.06788,0.030181,0.039346,0.041018,0.003335
38540,2242,36018,33776,33453,323,0,0,261,56.881749,70.349639,49854.922466,1674.572755,1548.545496,1916.445943,2055.51,38540,68,73,48097920.0,13945353.8978,33692.587,41292.7492,1282.9114,1379.4942,206.7798,0.4966,72,0.5281,0.658039,0.428411,0.481838,1.285033,0.61187,0.603958,0.276522,0.624967,0.051392,0.414404,0.213589,0.3423,0.566304,0.107824,0.166679,0.029725,0.057237,0.296614,0.07433,0.695104,0.020036,0.073417,0.000663,0.068055,0.027189,0.039278,0.041169,0.003224
38560,2263,36135,33872,33530,342,0,0,268,55.801856,113.594863,50235.432232,1697.57202,1526.626124,1916.471037,2044.88,38560,69,73,48122880.0,13962601.2549,33815.283,41361.6698,1285.1544,1421.9412,212.5614,0.4991,72,0.528944,0.656337,0.426521,0.484654,1.290303,0.609958,0.609353,0.276027,0.626651,0.051872,0.414216,0.21293,0.341707,0.56792,0.107785,0.166617,0.029979,0.058021,0.30175,0.073795,0.700694,0.020232,0.07328,0.000682,0.06792,0.027233,0.039038,0.041331,0.003194
38580,2275,36253,33978,33623,355,0,0,279,60.100971,119.899666,50438.999489,1704.623538,1515.275491,1918.439897,2034.79,38580,70,73,48147840.0,13979788.8379,33935.6657,41424.7557,1287.9193,1451.9312,217.8807,0.5049,72,0.52967,0.655364,0.425555,0.484336,1.296316,0.610102,0.610631,0.275326,0.62554,0.051712,0.415571,0.212351,0.341499,0.568847,0.107894,0.166958,0.030539,0.057988,0.309107,0.075234,0.700462,0.019213,0.071044,0.000666,0.069596,0.027132,0.039109,0.041437,0.003167
38600,2281,36367,34086,33725,361,0,0,293,62.681837,83.749371,50848.701243,1705.839497,1511.478666,1921.131244,2032.29,38600,70,73,48172800.0,13997125.9727,34053.4154,41488.5873,1290.894,1478.6309,222.9565,0.5161,72,0.532223,0.654212,0.42209,0.486226,1.308096,0.609615,0.606746,0.27456,0.625576,0.051626,0.416073,0.212138,0.340675,0.570498,0.107749,0.167171,0.030251,0.058441,0.322705,0.073309,0.679085,0.019182,0.069682,0.000625,0.069003,0.027394,0.039159,0.041029,0.003145
38620,2315,36505,34190,33816,374,0,0,306,66.150612,94.953071,51199.085425,1712.550168,1501.29922,1918.985841,2008.57,38620,70,73,48197760.0,14014575.8599,34175.8169,41556.6724,1292.4989,1491.6241,228.9097,0.5291,72,0.534773,0.650241,0.421657,0.488129,1.317718,0.609037,0.606245,0.274082,0.625309,0.051791,0.41868,0.211075,0.339424,0.570344,0.107787,0.166331,0.030267,0.057695,0.334479,0.071408,0.669652,0.019348,0.069712,0.00061,0.071274,0.027257,0.038894,0.040884,0.003145
38640,2346,36650,34304,33912,392,0,0,323,69.382937,101.870515,51359.600611,1722.837,1487.780063,1916.759216,1986.64,38640,70,73,48222720.0,14032029.2332,34300.0422,41632.6708,1296.4245,1531.9689,236.7563,0.5307,72,0.537511,0.646843,0.420874,0.486304,1.317546,0.608887,0.605879,0.274113,0.625882,0.051961,0.419711,0.210816,0.339132,0.571353,0.108028,0.166416,0.030079,0.057219,0.336308,0.071148,0.67448,0.019651,0.070053,0.000614,0.072293,0.027063,0.039958,0.040446,0.003175
38660,2346,36774,34428,34013,415,0,0,336,65.770591,112.839878,51584.47763,1730.694571,1483.534837,1915.287096,1986.56,38660,70,73,48247680.0,14049519.6757,34424.7594,41706.9136,1300.3908,1577.8982,243.9655,0.5349,72,0.540068,0.641855,0.419963,0.487869,1.322175,0.605673,0.606267,0.273655,0.628679,0.052093,0.419511,0.211226,0.338181,0.573161,0.107883,0.16583,0.030636,0.057864,0.342164,0.068648,0.676286,0.019602,0.070498,0.000606,0.071773,0.028615,0.039457,0.040494,0.003173
38680,2394,36910,34516,34090,426,0,0,338,63.647236,112.352664,51771.605405,1743.635286,1472.717479,1912.396277,1956.05,38680,71,73,48272640.0,14067031.6445,34553.5952,41770.6031,1302.6803,1599.4994,250.0799,0.5507,72,0.547619,0.636439,0.41911,0.489212,1.334227,0.608026,0.599325,0.272008,0.63023,0.052016,0.422293,0.208715,0.337085,0.575219,0.108342,0.166867,0.031021,0.057975,0.366662,0.070302,0.648271,0.019666,0.072563,0.000596,0.07097,0.028086,0.039786,0.040752,0.003234
38700,2405,37035,34630,34188,442,0,0,339,63.632897,107.365853,51844.142248,1750.731857,1465.635247,1908.903669,1949.59,38700,71,73,48297600.0,14084569.2337,34686.5689,41836.5608,1305.0918,1642.6904,257.4324,0.5563,72,0.548025,0.637302,0.418698,0.488392,1.342462,0.60304,0.603209,0.272551,0.628337,0.0521,0.421061,0.208577,0.336217,0.576923,0.108147,0.168063,0.031568,0.056367,0.383643,0.065727,0.649644,0.020274,0.071234,0.0006,0.069832,0.028255,0.039266,0.04072,0.003216
38720,2404,37149,34745,34289,456,0,0,348,70.986233,108.290234,51970.626826,1755.306413,1453.707353,1911.475168,1953.61,38720,71,73,48322560.0,14102220.1441,34813.9975,41901.5936,1307.5222,1671.7438,265.4924,0.5638,72,0.548669,0.635123,0.418019,0.49176,1.362326,0.599441,0.606313,0.272515,0.629253,0.052386,0.421073,0.207276,0.335448,0.57823,0.107679,0.168068,0.032532,0.056202,0.410592,0.0639,0.645021,0.020262,0.071485,0.0006,0.070327,0.027422,0.038934,0.040279,0.003188
38740,2441,37283,34842,34375,467,0,0,335,64.919797,97.82761,52150.753208,1761.894469,1453.185734,1915.747202,1930.6,38740,72,73,48347520.0,14119932.8176,34936.6252,41964.0507,1310.7061,1700.1702,274.8704,0.5827,72,0.553871,0.630974,0.415604,0.490032,1.372272,0.601668,0.603562,0.272116,0.631711,0.05254,0.421983,0.205565,0.333157,0.580332,0.107666,0.168191,0.032246,0.055325,0.414408,0.063377,0.644354,0.020748,0.071595,0.000608,0.070165,0.026467,0.038487,0.040205,0.003175
38760,2472,37423,34951,34466,485,0,0,337,67.724042,203.708581,52259.510742,1775.414082,1436.861877,1917.832354,1909.0,38760,72,73,48372480.0,14137821.2106,35058.2209,42031.4825,1313.2879,1723.223,282.5247,0.604,72,0.555825,0.628956,0.412567,0.491015,1.375454,0.595782,0.607324,0.271557,0.633158,0.052789,0.421294,0.206507,0.332747,0.581468,0.107495,0.168172,0.032303,0.053812,0.422109,0.058697,0.648468,0.020783,0.074586,0.000617,0.070314,0.029659,0.038588,0.040081,0.003181
38780,2502,37573,35071,34574,497,0,0,357,70.346827,137.726396,52461.185289,1776.269255,1433.383918,1919.579499,1874.1,38780,73,73,48397440.0,14155768.3592,35178.373,42103.6989,1316.2239,1787.3379,289.8819,0.6231,72,0.561151,0.625139,0.411189,0.489911,1.388714,0.599131,0.605585,0.270418,0.637295,0.052993,0.423534,0.204754,0.330054,0.582715,0.107745,0.168574,0.032457,0.053157,0.44036,0.060094,0.644187,0.020827,0.078282,0.00062,0.071891,0.029359,0.03807,0.040141,0.003162
38800,2535,37714,35179,34666,513,0,0,361,72.550836,112.692983,52498.615157,1794.958435,1412.490729,1917.602075,1857.4,38800,73,73,48422400.0,14173707.4305,35302.2993,42180.4707,1319.9227,1842.768,297.9178,0.6509,72,0.56568,0.622257,0.408308,0.489573,1.405197,0.601393,0.603116,0.270637,0.642467,0.053003,0.425531,0.202558,0.330231,0.585764,0.107893,0.168608,0.03248,0.053143,0.458075,0.061794,0.624698,0.022257,0.082425,0.00061,0.073927,0.028575,0.03939,0.040743,0.003088
38820,2531,37842,35311,34780,531,0,0,366,68.695548,117.89263,52485.968555,1802.19705,1409.107403,1915.296323,1854.63,38820,73,73,48447360.0,14191706.663,35428.927,42256.8229,1323.1581,1872.9128,305.7605,0.6654,72,0.567365,0.621758,0.407132,0.490419,1.41656,0.598207,0.602403,0.270909,0.643472,0.052911,0.422828,0.201594,0.330929,0.587084,0.107769,0.169457,0.032685,0.053112,0.473993,0.059991,0.610503,0.02223,0.082473,0.000607,0.072022,0.028056,0.039264,0.040956,0.003071
38840,2536,37962,35426,34880,546,0,0,353,62.563184,93.998805,52493.216026,1814.13149,1403.305326,1917.111453,1842.25,38840,73,73,48472320.0,14209725.0475,35552.4671,42327.026,1325.9743,1918.8972,313.8163,0.6778,72,0.570189,0.620464,0.407405,0.486127,1.415529,0.593353,0.597681,0.271306,0.642614,0.052729,0.425454,0.201592,0.331629,0.586903,0.10749,0.168908,0.033549,0.052859,0.470505,0.056057,0.601625,0.021676,0.080423,0.000612,0.073087,0.028202,0.03925,0.040814,0.003053
38860,2572,38094,35522,34964,558,0,0,341,67.727793,110.484906,52543.641835,1824.688415,1387.583793,1919.005897,1824.61,38860,73,73,48497280.0,14227924.8079,35674.7815,42392.2434,1327.7213,1945.7014,321.7762,0.6811,72,0.570373,0.616505,0.405252,0.483638,1.421614,0.595208,0.596505,0.270204,0.645179,0.052957,0.428035,0.201257,0.330432,0.585263,0.107578,0.167073,0.033903,0.051785,0.477642,0.057615,0.595357,0.020762,0.082058,0.000625,0.074805,0.028734,0.039003,0.040914,0.003081
38880,2568,38222,35654,35085,569,0,0,349,66.785381,65.774521,52597.132457,1815.991781,1397.222838,1919.804954,1828.44,38880,73,73,48522240.0,14246112.6769,35797.512,42460.4895,1330.1,1990.6714,328.7867,0.6908,72,0.575935,0.613088,0.405161,0.481532,1.429692,0.593072,0.596949,0.26956,0.64501,0.052808,0.431449,0.200937,0.329905,0.585936,0.108086,0.167038,0.035751,0.051811,0.486427,0.055237,0.595244,0.020589,0.081559,0.000632,0.076773,0.028948,0.039476,0.041125,0.003144
38900,2575,38339,35764,35179,585,0,0,342,62.442432,113.107462,52591.663629,1819.796016,1397.761552,1917.68644,1827.58,38900,73,73,48547200.0,14264249.308,35923.1982,42524.8904,1333.1054,2020.014,337.1659,0.7098,72,0.573981,0.614126,0.405895,0.48061,1.427945,0.589777,0.601945,0.270788,0.644977,0.05315,0.428793,0.200791,0.331475,0.585782,0.108076,0.167331,0.036575,0.053447,0.487266,0.052634,0.598687,0.021113,0.080697,0.000642,0.076971,0.028719,0.041401,0.041637,0.003179
38920,2566,38456,35890,35284,606,0,0,348,66.865538,70.531745,52768.091729,1818.060003,1395.074459,1915.469872,1839.25,38920,74,73,48572160.0,14282476.0376,36051.2863,42588.6086,1335.2864,2097.4512,345.1859,0.7146,72,0.572097,0.613554,0.404358,0.479704,1.437339,0.58521,0.605573,0.271611,0.646107,0.053551,0.426847,0.200415,0.33221,0.587123,0.107302,0.166661,0.036635,0.053611,0.495466,0.049027,0.604601,0.021141,0.079995,0.000651,0.076072,0.028418,0.041711,0.042306,0.003116
38940,2598,38594,35996,35380,616,0,0,343,66.039378,51.625916,53049.522039,1824.66921,1389.291412,1915.504647,1820.46,38940,74,73,48597120.0,14300837.5401,36177.6734,42653.9563,1337.5982,2125.8682,352.1504,0.7237,72,0.574673,0.61119,0.40265,0.476435,1.449032,0.585997,0.604754,0.272381,0.649774,0.053672,0.427218,0.198403,0.333423,0.588738,0.107654,0.166315,0.038247,0.052652,0.501464,0.0491,0.59845,0.02162,0.082682,0.000679,0.076512,0.025299,0.044618,0.04257,0.003165
38960,2601,38717,36116,35488,628,0,0,352,68.775228,49.905719,53216.855146,1829.099634,1382.125137,1914.51244,1818.29,38960,75,73,48622080.0,14319196.6782,36305.814,42720.0887,1340.6448,2155.5818,361.9111,0.7378,72,0.575932,0.611031,0.400744,0.474743,1.451787,0.585465,0.607488,0.273541,0.64875,0.053913,0.427139,0.197804,0.332281,0.590139,0.107608,0.167646,0.037312,0.05246,0.510452,0.048318,0.59749,0.022135,0.082728,0.000682,0.076748,0.025372,0.044112,0.042501,0.003207
38980,2618,38851,36233,35593,640,0,0,346,64.611172,36.719448,53266.351594,1833.547238,1381.84159,1914.501894,1811.91,38980,75,73,48647040.0,14337514.5685,36433.6884,42782.5632,1343.5929,2195.2942,371.8271,0.7709,72,0.57754,0.610951,0.399374,0.47261,1.452156,0.583967,0.608789,0.275575,0.651563,0.054232,0.424803,0.197208,0.331904,0.589397,0.107708,0.167456,0.037499,0.0526,0.518534,0.046902,0.605965,0.023958,0.085376,0.000688,0.075475,0.025112,0.043939,0.042589,0.003203
39000,2629,38978,36349,35691,658,0,0,353,66.555479,74.941228,53230.844024,1836.734159,1376.710362,1911.314737,1807.25,39000,75,73,48672000.0,14355827.7035,36566.2215,42854.1181,1346.8937,2227.8251,382.3199,0.7953,72,0.58159,0.608131,0.396256,0.473464,1.465217,0.584248,0.606504,0.2753,0.655678,0.054259,0.424187,0.195085,0.330364,0.590404,0.10784,0.168271,0.037681,0.053097,0.539494,0.046948,0.587507,0.023897,0.086024,0.000682,0.073881,0.024845,0.04359,0.042599,0.003203
39020,2643,39096,36453,35781,672,0,0,363,65.220617,69.955753,53325.157946,1841.794434,1372.984949,1908.077362,1806.27,39020,76,73,48696960.0,14374208.8472,36701.6512,42918.8037,1348.6625,2257.3375,389.9876,0.7972,72,0.587968,0.603645,0.395489,0.472226,1.473764,0.583595,0.606273,0.274151,0.657207,0.054246,0.426664,0.193584,0.327802,0.592351,0.107994,0.167192,0.038293,0.053643,0.550367,0.04477,0.584942,0.023746,0.087447,0.000679,0.074304,0.024743,0.041928,0.042379,0.003195
39040,2660,39218,36558,35874,684,0,0,357,63.365369,57.049042,53466.946912,1842.188651,1374.44598,1905.195003,1799.52,39040,76,73,48721920.0,14392622.0412,36840.1524,42979.2377,1350.8181,2285.6612,397.5879,0.8062,72,0.592857,0.600279,0.393742,0.468911,1.475781,0.583185,0.605913,0.275611,0.658351,0.054501,0.426738,0.193036,0.327171,0.592936,0.108205,0.165728,0.03815,0.053315,0.554876,0.044524,0.583391,0.024049,0.086686,0.000703,0.07391,0.025032,0.044099,0.042205,0.003216
39060,2665,39334,36669,35977,692,0,0,363,68.966652,49.226899,53691.112173,1845.28216,1365.751188,1902.886793,1798.81,39060,77,73,48746880.0,14411135.1546,36980.3948,43041.7668,1353.3973,2296.1357,404.7089,0.8152,72,0.594371,0.599935,0.394964,0.46927,1.477,0.579578,0.600843,0.27552,0.65527,0.054522,0.426647,0.19236,0.326472,0.593132,0.108165,0.165446,0.037777,0.053945,0.564866,0.043387,0.560385,0.023967,0.08526,0.000709,0.073888,0.024552,0.041853,0.041827,0.003239
39080,2681,39463,36782,36082,700,0,0,364,68.677553,42.74168,53895.892397,1848.320739,1363.001709,1900.346971,1793.89,39080,77,73,48771840.0,14429648.7817,37122.5463,43106.1305,1356.5783,2326.1914,411.3532,0.8414,72,0.5953,0.598413,0.396974,0.467167,1.472949,0.577995,0.600069,0.275714,0.655972,0.054402,0.426975,0.192615,0.325672,0.592866,0.108513,0.164572,0.039233,0.052861,0.569319,0.042641,0.554848,0.023778,0.088405,0.000728,0.075521,0.024505,0.040967,0.041703,0.003283
39100,2681,39585,36904,36198,706,0,0,379,72.451335,40.898542,54195.264275,1839.79813,1367.750536,1897.637911,1793.89,39100,77,73,48796800.0,14448244.1745,37266.4992,43169.1066,1359.6599,2343.5813,417.9707,0.8581,72,0.594554,0.598818,0.397339,0.464093,1.476544,0.576747,0.607978,0.278223,0.654261,0.054209,0.423722,0.193154,0.3267,0.59123,0.109008,0.16535,0.0395,0.052655,0.581306,0.041717,0.586136,0.025016,0.087619,0.000724,0.073112,0.025195,0.042033,0.041861,0.003323
39120,2726,39725,36999,36279,720,0,0,360,68.523218,81.608052,54327.98951,1863.650278,1347.826504,1894.963417,1769.22,39120,77,73,48821760.0,14466872.4228,37412.3808,43239.9378,1361.2613,2387.6613,424.8172,0.9424,72,0.594644,0.597961,0.397389,0.463102,1.48416,0.57651,0.609522,0.279097,0.652831,0.054418,0.420948,0.193019,0.327601,0.588963,0.109269,0.165391,0.040229,0.053212,0.596484,0.042477,0.591796,0.025865,0.088059,0.000744,0.072778,0.024972,0.04302,0.041904,0.003335
39140,2730,39851,37121,36392,729,0,0,374,72.158283,71.659012,54415.246947,1869.524882,1338.316835,1897.188023,1766.99,39140,77,73,48846720.0,14485529.4257,37553.5041,43313.417,1363.9239,2398.6971,429.1485,0.9513,72,0.59707,0.596195,0.398122,0.461018,1.481674,0.574545,0.611704,0.279137,0.653238,0.054212,0.419948,0.192604,0.327607,0.587752,0.109541,0.164024,0.040471,0.051136,0.593545,0.040929,0.592329,0.026763,0.091106,0.00076,0.073347,0.02491,0.042389,0.042105,0.003338
39160,2738,39974,37236,36503,733,0,0,362,73.868154,62.325221,54557.202105,1881.58412,1324.547726,1898.326303,1765.9,39160,78,73,48871680.0,14504373.3945,37693.1452,43384.8101,1367.4024,2413.1969,432.371,0.9563,72,0.595325,0.598351,0.396797,0.460013,1.479194,0.571893,0.607198,0.279814,0.652787,0.054111,0.416423,0.193151,0.328128,0.589524,0.108721,0.165033,0.040019,0.05063,0.576739,0.040043,0.57263,0.026612,0.09094,0.000739,0.072215,0.024929,0.042509,0.041792,0.003317
39180,2763,40111,37348,36610,738,0,0,366,69.69813,57.266343,54801.723609,1883.066086,1327.235784,1899.324383,1748.23,39180,78,73,48896640.0,14523351.8512,37831.2173,43453.0687,1370.1813,2420.9426,435.509,0.9598,72,0.60152,0.594489,0.395602,0.457319,1.478585,0.572034,0.604934,0.278143,0.650536,0.054045,0.417562,0.191832,0.328181,0.590905,0.109024,0.164223,0.040633,0.049397,0.578863,0.039878,0.567585,0.025966,0.091703,0.000742,0.072504,0.024557,0.043079,0.041608,0.00331
39200,2769,40239,37470,36729,741,0,0,381,78.019302,41.960223,55146.299239,1877.957797,1324.022901,1900.519614,1744.62,39200,78,73,48921600.0,14542428.2421,37968.2726,43522.8043,1372.5282,2428.3466,440.3098,0.9624,72,0.603106,0.591794,0.393408,0.457906,1.488333,0.572088,0.618485,0.277899,0.649958,0.054095,0.417787,0.192649,0.328291,0.589265,0.109978,0.163559,0.040722,0.058713,0.586647,0.039221,0.616069,0.026273,0.093801,0.000752,0.075046,0.025215,0.043857,0.041782,0.003381
39220,2788,40357,37569,36822,747,0,0,367,77.052382,39.468959,55545.397534,1878.883111,1324.064507,1901.06657,1730.66,39220,78,73,48946560.0,14561558.3617,38104.9797,43592.2466,1375.1548,2439.4548,445.6715,0.9693,72,0.612626,0.584566,0.390752,0.453733,1.496208,0.574887,0.61311,0.276807,0.649228,0.053982,0.420358,0.190779,0.326194,0.592757,0.111191,0.161698,0.041053,0.059051,0.599411,0.040362,0.599318,0.026579,0.095525,0.000758,0.075249,0.02427,0.045208,0.041981,0.003404
39240,2843,40505,37662,36912,750,0,0,362,71.773829,33.688576,55885.605246,1893.818241,1314.40793,1900.401718,1703.99,39240,78,73,48971520.0,14580740.2252,38243.2475,43657.0792,1376.9055,2445.0419,451.4306,0.9756,72,0.61625,0.58156,0.389119,0.449549,1.505042,0.577857,0.607565,0.274808,0.647882,0.054157,0.418275,0.189518,0.324322,0.592995,0.111072,0.161148,0.042064,0.050787,0.604106,0.041239,0.580879,0.026114,0.093459,0.000752,0.073735,0.023851,0.044127,0.041839,0.003363
39260,2862,40639,37777,37015,762,0,0,371,74.157986,51.595385,56144.03922,1900.2437,1305.598314,1899.218479,1668.28,39260,78,73,48996480.0,14599990.1811,38382.6981,43728.2524,1379.859,2487.5229,459.3878,0.9846,72,0.616003,0.581368,0.389804,0.450079,1.505603,0.577574,0.615222,0.275901,0.646776,0.054737,0.418971,0.190683,0.323183,0.592265,0.111144,0.161542,0.042866,0.05217,0.604497,0.041364,0.600981,0.028321,0.094861,0.000859,0.073929,0.025731,0.043733,0.042124,0.003342
39280,2880,40774,37894,37121,773,0,0,374,70.605991,45.175465,56390.388925,1912.206162,1297.187847,1895.27069,1651.78,39280,78,73,49021440.0,14619285.6422,38526.5587,43799.5557,1381.8628,2515.9047,467.484,1.006,72,0.616667,0.581065,0.388312,0.451771,1.51271,0.5798,0.612969,0.276522,0.643054,0.05487,0.41815,0.18993,0.322284,0.5935,0.110792,0.161121,0.042757,0.05265,0.601884,0.043431,0.580897,0.028677,0.092063,0.000846,0.074429,0.024194,0.042803,0.042048,0.003299
39300,2889,40909,38020,37229,791,0,0,378,75.575926,59.408811,56715.147284,1914.447658,1289.976416,1892.793043,1650.58,39300,78,73,49046400.0,14638782.0606,38671.2518,43869.8448,1384.1718,2564.8824,478.1158,1.0702,72,0.619938,0.579168,0.389094,0.451949,1.508515,0.5784,0.609129,0.276106,0.639401,0.054594,0.417424,0.188887,0.321483,0.594131,0.11108,0.159697,0.042833,0.053214,0.598826,0.042784,0.556885,0.0283,0.091172,0.000798,0.072047,0.023479,0.042567,0.042274,0.003299
39320,2924,41066,38142,37337,805,0,0,374,74.149534,50.686992,56918.000358,1929.209393,1276.641073,1896.285543,1634.21,39320,79,73,49071360.0,14658253.1384,38810.1829,43945.8697,1386.7693,2613.8553,485.1226,1.0941,72,0.620383,0.580272,0.387678,0.451951,1.508835,0.577156,0.610669,0.277151,0.638606,0.05471,0.417636,0.188407,0.321636,0.594882,0.110984,0.160132,0.041574,0.053093,0.607077,0.043569,0.555267,0.030225,0.092689,0.000806,0.07301,0.023372,0.042482,0.042354,0.003312
39340,2944,41206,38262,37442,820,0,0,390,77.517388,58.653573,56967.672525,1941.228665,1261.253947,1895.549696,1623.18,39340,80,73,49096320.0,14677780.3977,38952.0896,44022.8349,1389.2521,2647.4682,491.1165,1.1432,72,0.626019,0.576145,0.38672,0.450728,1.515766,0.576387,0.613009,0.275697,0.6399,0.054773,0.418657,0.18857,0.320107,0.596286,0.111294,0.159485,0.0429,0.053727,0.620506,0.043106,0.562064,0.029739,0.094916,0.000822,0.074109,0.023804,0.042231,0.042328,0.003323
39360,2956,41341,38385,37556,829,0,0,407,82.559316,48.361593,56971.902057,1945.985999,1251.454684,1893.080371,1622.32,39360,81,73,49121280.0,14697274.5518,39097.214,44098.6569,1392.8008,2669.978,497.2463,1.1738,72,0.628552,0.573698,0.385819,0.449056,1.513602,0.575365,0.617306,0.274319,0.63964,0.054589,0.41985,0.189618,0.318772,0.594506,0.111475,0.159212,0.042793,0.052742,0.615342,0.040206,0.577999,0.028453,0.093228,0.000805,0.074396,0.025016,0.042046,0.042589,0.003359
39380,2955,41470,38515,37669,846,0,0,407,78.17298,74.870751,56970.523309,1948.668921,1253.158099,1892.175813,1626.65,39380,81,73,49146240.0,14716791.5485,39242.1819,44170.3539,1395.5122,2717.4093,504.7776,1.2328,72,0.62775,0.57413,0.386081,0.448671,1.50748,0.574575,0.620589,0.274664,0.638263,0.0547,0.418181,0.189634,0.320241,0.594139,0.111196,0.159016,0.043143,0.053056,0.60969,0.039638,0.583624,0.029239,0.0937,0.000809,0.07405,0.024932,0.043084,0.042815,0.003383
39400,2965,41593,38628,37767,861,0,0,400,72.738402,70.408042,56965.259109,1961.183997,1246.077601,1893.189519,1627.63,39400,81,73,49171200.0,14736333.6972,39384.9351,44236.1571,1398.9388,2773.4996,511.8478,1.2621,72,0.627993,0.574629,0.387389,0.448763,1.509358,0.572573,0.620042,0.273338,0.639162,0.054378,0.419858,0.189659,0.321013,0.593487,0.11076,0.158619,0.043533,0.053323,0.615404,0.038801,0.574269,0.027777,0.093609,0.000776,0.075095,0.024649,0.042647,0.042681,0.003371
39420,2956,41713,38757,37886,871,0,0,405,81.351741,41.16177,56972.080885,1953.442309,1245.20595,1894.623736,1633.02,39420,82,73,49196160.0,14755911.6975,39525.2918,44301.9058,1400.5932,2822.769,519.5121,1.3085,72,0.629229,0.574483,0.386148,0.448406,1.510747,0.572459,0.617427,0.273676,0.637659,0.054328,0.419773,0.188758,0.323883,0.594068,0.110675,0.158105,0.043846,0.053664,0.616524,0.038611,0.557761,0.028037,0.09278,0.000765,0.076029,0.023525,0.046168,0.042524,0.003371
39440,2958,41830,38872,37991,881,0,0,397,75.64288,63.157965,57155.62372,1942.38527,1261.971849,1897.552772,1632.09,39440,82,73,49221120.0,14775575.433,39661.8656,44365.3998,1402.4994,2848.5402,526.9398,1.3461,72,0.634212,0.570925,0.384879,0.448104,1.514007,0.571945,0.61545,0.273045,0.63681,0.054171,0.423824,0.187915,0.322113,0.5956,0.111136,0.157445,0.043499,0.053032,0.620988,0.037776,0.561449,0.028032,0.093347,0.000755,0.078517,0.023481,0.045846,0.042704,0.003364
39460,2966,41944,38978,38089,889,0,0,392,69.242288,28.823961,57481.115239,1948.06195,1262.695762,1897.894723,1631.85,39460,83,73,49246080.0,14795251.3512,39798.9915,44426.2814,1404.2591,2875.826,532.7401,1.3807,72,0.633513,0.570795,0.382404,0.44862,1.51219,0.570994,0.615868,0.273868,0.636337,0.054189,0.423666,0.188797,0.32188,0.595576,0.11082,0.157351,0.042495,0.054698,0.621164,0.037854,0.562997,0.028904,0.093038,0.000759,0.079696,0.024406,0.045856,0.042767,0.003357
39480,2998,42090,39092,38190,902,0,0,395,67.144867,52.013152,57623.710289,1964.371909,1248.483225,1896.057367,1620.36,39480,83,73,49271040.0,14814962.0243,39938.2575,44499.6839,1407.3241,2888.931,539.224,1.4067,72,0.632755,0.572121,0.381084,0.448897,1.514093,0.569552,0.615168,0.273735,0.639995,0.053871,0.422822,0.188421,0.321323,0.595081,0.110631,0.159566,0.042483,0.055287,0.618786,0.037321,0.560652,0.027878,0.092768,0.000747,0.079219,0.024185,0.045912,0.042533,0.003379
39500,3025,42231,39206,38300,906,0,0,391,75.593137,25.206759,57814.357441,1974.71379,1229.693073,1892.408828,1608.19,39500,83,73,49296000.0,14834859.2492,40081.0604,44577.1042,1409.8026,2906.6495,545.2304,1.4356,72,0.633719,0.571622,0.379662,0.44933,1.511793,0.569817,0.615327,0.272182,0.638518,0.05386,0.422832,0.188939,0.320553,0.595316,0.110127,0.159502,0.042211,0.055417,0.615222,0.036177,0.55402,0.026603,0.09213,0.000762,0.078862,0.025194,0.044012,0.042513,0.003316
39520,3024,42360,39336,38420,916,0,0,393,76.419339,36.151497,58082.728597,1979.242756,1224.337905,1893.417341,1604.36,39520,83,73,49320960.0,14854918.8198,40221.2816,44656.6558,1412.4832,2933.9465,550.2996,1.4909,72,0.632937,0.572285,0.378458,0.448368,1.518372,0.571936,0.624029,0.274458,0.638249,0.053899,0.421029,0.188481,0.322917,0.595228,0.110497,0.158585,0.042716,0.055223,0.628784,0.03713,0.56594,0.029754,0.092331,0.000758,0.079044,0.024753,0.049678,0.042736,0.003378
39540,3049,42513,39464,38536,928,0,0,395,71.913071,33.975644,58175.022924,1995.320365,1212.766564,1895.186198,1593.63,39540,83,73,49345920.0,14874981.0236,40360.6571,44745.1073,1416.8122,2967.3027,557.0772,1.5564,72,0.630699,0.572573,0.377979,0.449375,1.523804,0.572165,0.631695,0.273737,0.638821,0.053899,0.420009,0.189093,0.324261,0.595312,0.10997,0.159577,0.042686,0.055447,0.628681,0.037689,0.578678,0.028488,0.092812,0.00074,0.078339,0.024849,0.050438,0.042805,0.003344
39560,3069,42650,39581,38640,941,0,0,389,70.819284,38.56809,58056.442441,2009.545433,1199.635283,1895.627682,1586.86,39560,83,73,49370880.0,14894982.1748,40501.2986,44826.6183,1419.2037,3000.6524,564.8334,1.5827,72,0.632779,0.569927,0.377685,0.448037,1.526805,0.572017,0.637653,0.274037,0.640468,0.054084,0.419942,0.189438,0.324066,0.595369,0.110771,0.158658,0.043429,0.056724,0.637063,0.037988,0.601661,0.029173,0.094807,0.00076,0.077364,0.025486,0.050467,0.043074,0.003387
39580,3086,42778,39692,38744,948,0,0,417,79.228362,33.974435,57890.757522,2020.314783,1180.456855,1896.385517,1581.41,39580,83,73,49395840.0,14915068.809,40642.0184,44901.0122,1420.8874,3023.9699,574.5383,1.6382,72,0.632858,0.56816,0.378878,0.447427,1.518179,0.572094,0.640833,0.274501,0.639557,0.054117,0.420563,0.190765,0.323992,0.59367,0.111021,0.157076,0.04349,0.057168,0.626036,0.039332,0.616563,0.029098,0.095703,0.000776,0.077539,0.026336,0.050377,0.043224,0.003434
39600,3107,42915,39808,38849,959,0,0,408,76.792658,38.672554,57688.353648,2019.307244,1183.900098,1894.638537,1574.53,39600,83,73,49420800.0,14935103.516,40785.0318,44968.2222,1423.9181,3049.6739,583.0317,1.6934,72,0.636305,0.565169,0.377161,0.446192,1.51478,0.571106,0.640687,0.275579,0.640363,0.054196,0.422756,0.19114,0.324958,0.59432,0.111373,0.156799,0.042728,0.057253,0.619194,0.039041,0.615971,0.029289,0.09761,0.000789,0.078908,0.027077,0.054538,0.043563,0.003478
39620,3093,43034,39941,38967,974,0,0,396,74.564912,34.136833,57551.885906,2016.576643,1188.858444,1894.395656,1584.53,39620,83,73,49445760.0,14955156.2806,40926.72,45034.4393,1426.7631,3093.7732,590.8006,1.7461,72,0.638215,0.565568,0.378355,0.448285,1.515575,0.569576,0.639807,0.275107,0.640031,0.053863,0.424024,0.189447,0.326314,0.593968,0.111531,0.156556,0.042881,0.058161,0.621369,0.037828,0.603347,0.029244,0.097284,0.00077,0.079517,0.024937,0.054904,0.04325,0.003479
39640,3092,43158,40066,39086,980,0,0,390,81.300401,19.14475,57453.058041,2006.775582,1191.924017,1895.110715,1580.09,39640,84,73,49470720.0,14975232.3898,41066.7144,45103.296,1430.021,3111.9834,597.1732,1.7782,72,0.640039,0.562106,0.378142,0.448137,1.521196,0.569739,0.640951,0.277308,0.641083,0.054179,0.42554,0.190238,0.325256,0.595758,0.111581,0.155529,0.042919,0.058134,0.631522,0.037533,0.59399,0.031896,0.096777,0.000781,0.079814,0.025418,0.055113,0.043519,0.003489
39660,3085,43293,40208,39216,992,0,0,407,84.776284,26.239684,57605.02621,1987.443314,1207.780402,1895.138149,1583.17,39660,85,73,49495680.0,14995421.1413,41206.211,45169.1682,1432.2078,3137.2864,606.1926,1.8222,72,0.644084,0.55856,0.377053,0.446761,1.520269,0.569301,0.647,0.277595,0.642345,0.054321,0.427698,0.188838,0.323284,0.597954,0.112008,0.153569,0.043172,0.05721,0.631077,0.036469,0.606234,0.032862,0.097298,0.000785,0.080388,0.025077,0.052085,0.043756,0.003491
39680,3065,43395,40330,39328,1002,0,0,411,85.850284,33.433734,57838.60047,1990.528491,1203.621225,1893.323779,1590.16,39680,85,73,49520640.0,15015589.4465,41346.5821,45236.247,1434.9674,3156.6312,614.3392,1.8731,72,0.642414,0.562446,0.378021,0.447456,1.521299,0.568405,0.645868,0.277072,0.640972,0.054182,0.425739,0.18854,0.323365,0.597566,0.111679,0.154953,0.043409,0.057437,0.635354,0.036482,0.593004,0.032428,0.094571,0.000771,0.078507,0.024357,0.051894,0.043595,0.003463
39700,3057,43524,40467,39455,1012,0,0,423,83.769483,36.529479,58052.707316,1990.989382,1205.241135,1888.705773,1596.5,39700,85,73,49545600.0,15035766.0024,41489.1801,45304.7089,1438.5122,3167.3926,619.896,1.9002,72,0.64017,0.565255,0.380136,0.44736,1.520477,0.567512,0.648314,0.275416,0.639482,0.054109,0.423951,0.190471,0.324322,0.596577,0.111685,0.155447,0.045055,0.058253,0.64341,0.036033,0.598428,0.031348,0.094371,0.000775,0.079356,0.024601,0.052499,0.043328,0.003453
39720,3061,43638,40577,39559,1018,0,0,421,85.951866,26.314498,58377.438072,1992.677979,1201.370155,1880.413474,1599.02,39720,85,73,49570560.0,15056013.3468,41634.1355,45372.89,1440.6384,3185.1772,623.611,1.9299,72,0.646194,0.561116,0.378609,0.445709,1.529063,0.568306,0.636705,0.273873,0.639989,0.054431,0.425656,0.189401,0.321522,0.598551,0.111538,0.154499,0.045405,0.057686,0.658724,0.035745,0.547718,0.032546,0.094631,0.00079,0.079564,0.024238,0.048692,0.043004,0.003418
39740,3063,43764,40701,39677,1024,0,0,415,85.169426,18.067316,58666.49258,1985.07539,1209.755184,1865.783431,1591.16,39740,85,73,49595520.0,15076212.9844,41781.3077,45434.706,1443.445,3193.9373,630.7494,1.9652,72,0.648057,0.561215,0.378195,0.446669,1.534883,0.566597,0.634511,0.273212,0.642358,0.054483,0.427502,0.189548,0.319783,0.600005,0.11151,0.155072,0.045952,0.058196,0.668622,0.034503,0.533959,0.032154,0.096261,0.000789,0.080027,0.024452,0.042932,0.042907,0.003458
39760,3113,43911,40798,39765,1033,0,0,405,78.157353,21.878369,58823.848098,2009.018533,1192.824114,1863.990842,1555.04,39760,85,73,49620480.0,15096413.0854,41911.9915,45507.0152,1446.6357,3212.6742,638.011,1.9981,72,0.645037,0.562415,0.377583,0.446195,1.539473,0.566787,0.637623,0.273757,0.642241,0.054607,0.425627,0.189885,0.320045,0.599066,0.111244,0.154945,0.045908,0.058335,0.677079,0.034616,0.539657,0.032799,0.095713,0.000827,0.078702,0.02426,0.042889,0.043321,0.00342
39780,3125,44047,40922,39877,1045,0,0,406,81.770766,22.850428,58877.85464,2016.151817,1182.077417,1863.922589,1545.0,39780,85,73,49645440.0,15116703.574,42041.5161,45586.4011,1449.8413,3248.2178,644.5658,2.0254,72,0.64512,0.561742,0.378355,0.448059,1.539517,0.565925,0.645959,0.274421,0.644789,0.054787,0.425477,0.190896,0.32015,0.599086,0.111792,0.154144,0.045983,0.058979,0.681432,0.034329,0.56382,0.033313,0.095689,0.000852,0.078524,0.02484,0.043018,0.043729,0.003475
39800,3134,44171,41037,39984,1053,0,0,399,77.135899,57.298211,58862.502019,2027.657765,1175.206336,1863.854578,1545.82,39800,85,73,49670400.0,15137012.4547,42170.8629,45659.6749,1452.1183,3267.6828,650.6741,2.0616,72,0.646777,0.560592,0.379215,0.448121,1.5373,0.565273,0.649843,0.27639,0.644043,0.054992,0.425239,0.190257,0.320697,0.598684,0.111862,0.153674,0.046031,0.058829,0.686301,0.034525,0.575772,0.036029,0.095617,0.000847,0.079156,0.025024,0.044264,0.043563,0.003445
39820,3118,44290,41172,40114,1058,0,0,400,81.154399,21.171424,58857.893542,2026.717372,1172.128229,1864.652285,1547.84,39820,85,73,49695360.0,15157339.8314,42298.7512,45732.5701,1454.6928,3296.5451,657.113,2.1088,72,0.643361,0.563253,0.380801,0.448065,1.531888,0.564483,0.658247,0.276738,0.642946,0.055044,0.424795,0.191778,0.321726,0.596927,0.112209,0.153606,0.047205,0.058843,0.678764,0.034423,0.593605,0.035737,0.09463,0.000857,0.08024,0.025439,0.04429,0.04383,0.003489
39840,3117,44425,41308,40238,1070,0,0,417,81.828101,42.956213,58953.535225,2020.505639,1177.66626,1865.537136,1544.37,39840,85,73,49720320.0,15177769.35,42425.6771,45799.3592,1456.1034,3323.6997,664.1411,2.1375,72,0.642605,0.563265,0.382367,0.448865,1.531089,0.561776,0.66555,0.278614,0.642148,0.055146,0.425217,0.192597,0.321783,0.597247,0.113018,0.152479,0.048123,0.05902,0.697672,0.033807,0.599696,0.036409,0.097996,0.000901,0.08024,0.025736,0.044045,0.043923,0.003588
39860,3130,44558,41428,40352,1076,0,0,401,73.829081,36.010265,59042.83582,2021.821135,1184.349785,1865.403593,1543.58,39860,85,73,49745280.0,15198212.9276,42552.9438,45869.9844,1458.8948,3332.5388,669.8177,2.1664,72,0.645367,0.561006,0.380943,0.448146,1.530579,0.56277,0.669813,0.281277,0.643406,0.055458,0.422251,0.192117,0.320122,0.598121,0.11336,0.151945,0.049049,0.060065,0.68503,0.034892,0.606078,0.039555,0.100028,0.000902,0.078015,0.025711,0.043795,0.043661,0.0036
39880,3112,44675,41563,40480,1083,0,0,406,79.743727,46.862469,59227.61528,2008.086419,1192.169854,1864.418473,1551.59,39880,85,73,49770240.0,15218676.3898,42681.8408,45942.8207,1462.1268,3338.9609,675.399,2.2073,72,0.648458,0.557883,0.380403,0.447004,1.532527,0.562087,0.672802,0.281177,0.644804,0.05557,0.424644,0.190651,0.319161,0.600512,0.113579,0.150891,0.048813,0.06027,0.686583,0.034626,0.608399,0.039474,0.10171,0.000915,0.078421,0.025589,0.043918,0.043164,0.003611
39900,3148,44821,41673,40577,1096,0,0,404,75.475702,68.202258,59387.79988,2014.24392,1190.280378,1864.669518,1538.64,39900,85,73,49795200.0,15239196.8233,42810.3066,46009.702,1464.724,3359.6935,680.8416,2.2795,72,0.651842,0.55594,0.379892,0.446651,1.535011,0.562087,0.675647,0.28091,0.644738,0.055698,0.424926,0.190267,0.320187,0.602371,0.113842,0.151216,0.049178,0.060697,0.693901,0.035162,0.615398,0.040873,0.102435,0.00092,0.077445,0.0257,0.051534,0.043392,0.003624
39920,3163,44969,41806,40704,1102,0,0,416,74.851626,52.023801,59592.42072,2014.700628,1190.447745,1865.820648,1533.75,39920,86,73,49820160.0,15259753.7742,42937.3127,46085.4059,1467.223,3386.9174,686.5214,2.3179,72,0.650964,0.555618,0.377997,0.445323,1.537877,0.559896,0.683155,0.283532,0.648438,0.056279,0.425889,0.190663,0.320364,0.601055,0.114114,0.150527,0.047814,0.05964,0.700355,0.035106,0.63876,0.042882,0.105817,0.000984,0.079579,0.026045,0.050924,0.04364,0.003635
39940,3176,45094,41918,40809,1109,0,0,429,77.800364,54.197,59732.41756,2027.555068,1174.644568,1864.87576,1532.83,39940,86,73,49845120.0,15280333.0113,43066.1557,46164.8932,1470.6179,3400.2044,691.0431,2.3652,72,0.651448,0.555859,0.376139,0.446635,1.540004,0.559749,0.688174,0.283455,0.647661,0.056624,0.424496,0.18989,0.32042,0.599295,0.114279,0.152006,0.047716,0.059633,0.695792,0.03513,0.654569,0.041863,0.106514,0.001014,0.078372,0.025765,0.051548,0.043459,0.00363
39960,3197,45218,42021,40904,1117,0,0,425,81.244004,49.834523,59761.246266,2037.790947,1160.965048,1862.116709,1527.4,39960,86,73,49870080.0,15300936.4397,43198.2495,46237.3188,1473.2542,3435.3743,695.5408,2.4093,72,0.654676,0.554417,0.37748,0.449204,1.541768,0.558126,0.69206,0.28213,0.647876,0.056713,0.426978,0.189572,0.321071,0.600888,0.114774,0.151466,0.0511,0.062717,0.700853,0.03491,0.659638,0.041116,0.110627,0.001024,0.080382,0.025524,0.052936,0.043155,0.003706
39980,3197,45348,42151,41023,1128,0,0,437,80.38523,59.165598,59720.845559,2045.917108,1153.697662,1859.399326,1518.51,39980,86,73,49895040.0,15321616.558,43332.6361,46312.0545,1475.3844,3467.4066,700.2228,2.4647,72,0.651236,0.55684,0.377215,0.448987,1.540656,0.558304,0.690156,0.282629,0.648321,0.056884,0.426467,0.190323,0.322735,0.599984,0.114355,0.152663,0.050256,0.062594,0.690143,0.03499,0.639436,0.041415,0.112438,0.001054,0.080767,0.02572,0.053268,0.042893,0.003692
40000,3212,45483,42271,41135,1136,0,0,427,73.735413,42.989896,59584.961621,2063.693033,1142.571554,1856.259564,1515.14,40000,86,73,49920000.0,15342274.0731,43468.9924,46387.8782,1478.7764,3497.3434,706.8878,2.5384,72,0.648194,0.55855,0.377349,0.448655,1.547576,0.557452,0.701662,0.284107,0.649641,0.056782,0.426544,0.193434,0.321613,0.59815,0.114538,0.152513,0.04996,0.062438,0.700811,0.035049,0.673507,0.04153,0.113573,0.001065,0.08146,0.027838,0.052879,0.043678,0.00373
